"year","assimilated_weight","ingested_weight","Weight","Length","Energy","JulianDay","feeding_hours","Metabolism","percentage_partic","percentage_filters"
2008,9.5477534823459,1.87110238609038,54.5,19.9420239553624,272.5,141,16,0.923588304958977,98.7209470243915,1.27905297560852
2008,9.53723786229182,1.86964050641177,56.2248064501115,20.1312006766815,281.124032250558,142,16,0.923932051984275,98.6886461173365,1.31135388266347
2008,9.51703286501883,1.86522393628414,57.9474355671918,20.3161434031554,289.737177835959,143,16,0.964069832249449,98.6568982400588,1.34310175994123
2008,9.47868585725169,1.85777155066149,59.657989775011,20.4960359402276,298.289948875055,144,16,0.984105690378768,98.6256984198411,1.3743015801589
2008,9.43023428647461,1.8471869394058,61.3568600960753,20.6711757964347,306.784300480377,145,16,1.05244570840135,98.5947627434995,1.40523725650046
2008,9.36131356458752,1.83311329360781,63.0323637238131,20.8406267911784,315.161818619066,146,16,1.10121000302119,98.5639851039334,1.43601489606661
2008,9.27829550673719,1.81552414329531,64.68432087489,21.0046501290393,323.42160437445,147,16,1.18876148398633,98.5327682619123,1.46723173808768
2008,9.16934975612927,1.79390376587218,66.3021534657584,21.1624793023131,331.510767328792,148,16,1.2281820281621,98.500714501982,1.49928549801798
2008,9.03550539809991,1.76780663540351,67.8903009665478,21.3148228765606,339.451504832739,149,16,1.24698557743005,98.4669276289837,1.5330723710163
2008,8.87756904005002,1.73665426926949,69.4479057873194,21.461842670655,347.239528936597,150,16,1.28402736527984,98.4303677181478,1.56963228185217
2008,9.18518665468582,1.79758736066555,70.9665005637205,21.6029840561253,354.832502818603,151,17,1.29534567603304,98.4325823855901,1.5674176144099
2008,8.95683121413374,1.75157849584639,72.5443395116773,21.7474192607502,362.721697558386,152,17,1.39640781675279,98.3851504412491,1.6148495587509
2008,8.68179262597987,1.69722885793729,74.0562767766884,21.883781834126,370.281383883442,153,17,1.45640429489928,98.3300846801953,1.66991531980473
2008,8.35680956807668,1.63324580439763,75.5011876803871,22.0122977873307,377.505938401935,154,17,1.51097670936342,98.2643028378922,1.73569716210775
2008,7.97524129926033,1.55808487024473,76.8701670755344,22.1324881569774,384.350835377672,155,17,1.57799943967502,98.1833034641037,1.81669653589633
2008,7.52789476005158,1.46999904803749,78.1494070591136,22.2434588077091,390.747035295568,156,17,1.65768674792102,98.0805420695044,1.91945793049561
2008,7.00612805698895,1.36715721188931,79.3232186878919,22.3441754256253,396.616093439459,157,17,1.76982885968281,97.9463337168903,2.05366628310965
2008,6.39949401214258,1.24783886091159,80.3702271488409,22.4331391292699,401.851135744204,158,17,1.89502586112519,97.7655971324348,2.23440286756516
2008,5.69568701694436,1.11093571707808,81.2708489405997,22.5090204352845,406.354244702999,159,17,1.8694017731624,97.5137231051144,2.4862768948856
2008,4.90256658099789,0.956965147940896,82.0358154665868,22.5730132137268,410.179077332934,160,17,1.77803828212238,97.1485835954112,2.85141640458877
2008,4.04071231012191,0.789145266491048,82.6604139105859,22.6249558650097,413.302069552929,161,17,1.71982703033633,96.5972228177545,3.40277718224552
2008,3.14867169612712,0.615576706189646,83.1242695396135,22.6633541326044,415.621347698067,162,17,1.59560517654808,95.7336670210426,4.26633297895736
2008,2.31283294856219,0.452229729892128,83.4345505146888,22.688956106078,417.172752573444,163,17,1.58475163980316,94.3727324359214,5.62726756407863
2008,1.65826750843166,0.324304820951398,83.5798269859096,22.7009203865027,417.899134929548,164,17,1.5653282225763,92.4710963839968,7.52890361600323
2008,1.33089280317639,0.260370629815883,83.5980715116269,22.7024218943345,417.990357558135,165,17,1.52627524961469,90.9309198270495,9.06908017295049
2008,1.35637161735123,0.265307449149774,83.5586512440518,22.6991773557863,417.793256220259,166,17,1.54668427558612,91.0944542321217,8.90554576787825
2008,1.44992611405774,0.283629119856362,83.5202458989722,22.6960153256651,417.601229494861,167,17,1.5364831104114,91.5878569892585,8.41214301074152
2008,1.44090222178452,0.281781977111782,83.5025926241288,22.6945615373081,417.512963120644,168,17,1.57065057948018,91.5228591423021,8.47714085769789
2008,1.43283887813578,0.280130817071985,83.4763015073987,22.692396005398,417.381507536993,169,17,1.60233398633246,91.4632539540641,8.53674604593591
2008,1.42555761933844,0.278705601497484,83.442061680708,22.6895750458369,417.21030840354,170,17,1.60258685869263,91.409962107257,8.59003789274296
2008,1.41960585308575,0.277535033925317,83.4063158599744,22.6866291491306,417.031579299872,171,17,1.60513883934272,91.3633582667303,8.63664173326967
2008,1.41517083451802,0.276644398572821,83.3688701568589,22.6835422172758,416.844350784294,172,17,1.61504403465658,91.3243195435948,8.67568045640519
2008,1.41190511416921,0.276056972422466,83.3285573172348,22.6802178453534,416.642786586174,173,17,1.59190055767179,91.2937423836707,8.70625761632932
2008,1.41120985764819,0.27579239863066,83.2922210023581,22.6772204342886,416.461105011791,174,17,1.64888962618668,91.2716699376126,8.72833006238736
2008,1.41182390800671,0.275870112837423,83.2443486978891,22.6732700187733,416.221743489446,175,17,1.667488690548,91.2601360197228,8.73986398027725
2008,1.41400999458014,0.276304242241367,83.1928805410913,22.6690211074051,415.964402705457,176,17,1.66345071152741,91.2588147333446,8.74118526665537
2008,1.41849587244817,0.277103920218468,83.1426584306696,22.6648732959219,415.713292153348,177,17,1.69814007220706,91.2674630003259,8.7325369996741
2008,1.42457992140752,0.27827702879217,83.0863968234677,22.6602246119402,415.431984117339,178,17,1.70436164373024,91.2868363248707,8.71316367512933
2008,1.43274048683624,0.279822796916085,83.0301090515822,22.6555715700731,415.150545257911,179,17,1.72595331557136,91.3161653231211,8.68383467687887
2008,1.44225889906749,0.281736887529371,82.9711363944009,22.6506942226159,414.855681972005,180,17,1.69939866692858,91.3553243748796,8.64467562512044
2008,1.45444984020924,0.284004318696908,82.919379744328,22.6464116855666,414.59689872164,181,17,1.75124908026851,91.4027062784994,8.59729372150063
2008,1.46862646121827,0.286612409476167,82.8596924200436,22.6414706213736,414.298462100218,182,17,1.82632047110323,91.459021301326,8.54097869867397
2008,1.48397051783215,0.289537676528454,82.7878275443458,22.6355181767837,413.939137721729,183,17,1.85855745137293,91.5236729352096,8.47632706479045
2008,1.50074851711547,0.292743619333471,82.7125857660274,22.6292821687623,413.562928830137,184,17,1.89012826790685,91.5945679978984,8.40543200210155
2008,1.51977954729272,0.296188828893269,82.6343871777169,22.622796910266,413.171935888585,185,17,2.02313985849744,91.6703049056747,8.3296950943253
2008,1.53765278375486,0.299831329965542,82.5333942913764,22.6144149154522,412.666971456882,186,17,1.94070949505176,91.7513288932138,8.24867110678622
2008,1.55720101113767,0.303597510278212,82.452464455366,22.607692910444,412.26232227683,187,17,1.96143166659827,91.8318751112583,8.16812488874173
2008,1.57777162741143,0.307430348671354,82.3713016878112,22.6009469382428,411.856508439056,188,17,2.04819912654488,91.912316536619,8.08768346338102
2008,1.59788012372278,0.311262090072263,82.2769014051523,22.5930948786717,411.384507025762,189,17,2.09006732218537,91.9922165969348,8.0077834030652
2008,1.61714893164186,0.315013658473374,82.1781513272849,22.58487428774,410.890756636425,190,17,2.08890719973143,92.0699104044535,7.9300895955465
2008,1.63564884900834,0.318599053409272,82.0834892660256,22.5769875437706,410.417446330128,191,17,2.09603239563811,92.1426369277497,7.85736307225032
2008,1.65280292229717,0.321932212858295,81.9911042748819,22.5692843986527,409.955521374409,192,17,2.09808537297735,92.2085886446746,7.79141135532539
2008,1.66826136068921,0.324927971183896,81.9017415659919,22.5618274962083,409.50870782996,193,17,2.10365208719702,92.266234730564,7.73376526943601
2008,1.68228303350537,0.327502688786618,81.8143591866313,22.5545303574619,409.071795933157,194,17,2.17981717587865,92.3142988915893,7.68570110841069
2008,1.69335786777709,0.329578693726559,81.7145500545104,22.5461888351508,408.572750272552,195,17,2.21838161578039,92.3527678574107,7.64723214258927
2008,1.60100089501637,0.31163320937079,81.6092451937961,22.5373803067262,408.04622596898,196,16,2.14715687383242,92.1477244508119,7.85227554918808
2008,1.60489948858605,0.312460538322117,81.4997161859012,22.5282100284346,407.498580929506,197,16,2.10915188286133,92.1615000672411,7.83849993275888
2008,1.60476031816396,0.312633553397474,81.3985702706405,22.5197339899847,406.992851353203,198,16,2.00638340190311,92.1602079586452,7.83979204135483
2008,1.60387456063017,0.312456835536996,81.3179523974355,22.5129729449625,406.589761987177,199,16,2.00681937187776,92.1488939933913,7.85110600660868
2008,1.60320960297248,0.312260760960643,81.2370719067009,22.5061851792738,406.185359533505,200,16,2.03811937104766,92.1379540499715,7.86204595002854
2008,1.60229142770995,0.312048418394972,81.1498001497284,22.4988557516258,405.749000748642,201,16,2.05312907472488,92.1273198349207,7.8726801650793
2008,1.6015785779014,0.31182098270357,81.0593446689347,22.4912531418974,405.296723344673,202,16,2.09632091966858,92.1167419761681,7.88325802383193
2008,1.60013350332892,0.311580618062943,80.9601101583728,22.4829058668111,404.800550791864,203,16,2.07328554007925,92.1067556467335,7.89324435326654
2008,1.5990981606889,0.31132736386628,80.8651957912296,22.4749153130006,404.325978956148,204,16,2.09775769189624,92.0962253801674,7.9037746198326
2008,1.59798401156516,0.311063803860051,80.7651819052003,22.4664883699758,403.825909526001,205,16,2.11982608847894,92.0860277298243,7.91397227017576
2008,1.59711168705105,0.310791397391515,80.6605335840401,22.4576631499011,403.3026679202,206,16,2.17174559295964,92.0761572794512,7.92384272054881
2008,1.59550925639822,0.310512350757247,80.5453290536659,22.4479384687127,402.726645268329,207,16,2.15178614839323,92.0671855160507,7.93281448394931
2008,1.59398425233156,0.310226454234165,80.4337982842811,22.4385146582672,402.168991421406,208,16,2.14360798716305,92.0578631039818,7.94213689601822
2008,1.59224116383678,0.309935419489379,80.3236004135245,22.4291945222324,401.618002067623,209,16,2.11590453960962,92.0484325098507,7.95156749014933
2008,1.5913180149408,0.309640179918288,80.2185968394858,22.4203054056868,401.092984197429,210,16,2.17485584100499,92.0385729326507,7.96142706734933
2008,1.58993282953104,0.309350915395615,80.1016204814435,22.410393174118,400.508102407218,211,16,2.18288166536851,92.0324621164039,7.9675378835961
2008,1.48912749300948,0.289767286487496,79.9827642516624,22.4003113089962,399.913821258312,212,15,2.1103118819914,91.7641682619528,8.23583173804716
2009,9.54641941162737,1.87090523272575,54.5,19.9420239553624,272.5,141,16,0.921180119161814,98.7210306714256,1.27896932857445
2009,9.53987378779697,1.8694517087743,56.2250212731273,20.1312239848419,281.125106365636,142,16,0.950797113681536,98.6887262986313,1.31127370136872
2009,9.51998551869223,1.86501364910808,57.9428045622352,20.3156513857689,289.714022811176,143,16,0.995487732034359,98.6570694139275,1.34293058607247
2009,9.48185958859193,1.85753534333761,59.6476657392204,20.4949610527269,298.238328696102,144,16,1.01911390020443,98.6259739144118,1.37402608558822
2009,9.42992352806816,1.84692108246664,61.3401692119707,20.6694716432516,306.700846059854,145,16,1.06112978249132,98.595151919139,1.40484808086101
2009,9.36138158407972,1.83295820430964,63.0138739613008,20.8387740746486,315.069369806504,146,16,1.10866862644208,98.5643487713217,1.43565122867824
2009,9.26881999648005,1.81524406162244,64.6643531031918,21.0026850554579,323.321765515959,147,16,1.11259376946519,98.5332029996005,1.4667970003995
2009,9.15789260676772,1.79369516063305,66.2955242720014,21.1618380915294,331.477621360007,148,16,1.1266116679188,98.5009011268118,1.49909887318821
2009,9.02598906258259,1.76769864918241,67.9016944664616,21.3159067830345,339.508472332308,149,16,1.15646575458029,98.4667870101741,1.53321298982589
2009,8.8657889946732,1.73663910234677,69.4754998850704,21.4644264176588,347.377499425352,150,16,1.16183865396989,98.4299392114034,1.57006078859662
2009,9.17523358491347,1.79769459095088,71.0161761244043,21.6075652986386,355.080880622022,151,17,1.18813446189246,98.4319025257183,1.56809747428171
2009,8.93809477251377,1.75181414022818,72.613466159111,21.7536968311202,363.067330795555,152,17,1.17964540804268,98.3841496322166,1.61585036778334
2009,8.66384105173959,1.69772658039244,74.165007775589,21.8935132909524,370.825038877945,153,17,1.21826251789849,98.3284429654211,1.67155703457891
2009,8.33323420947943,1.6340446589252,75.6539552509497,22.025785019765,378.269776254749,154,17,1.17630870064816,98.2618379430139,1.73816205698612
2009,7.95471589369131,1.55931953705859,77.0851509017607,22.1512269432392,385.425754508804,155,17,1.22402279167085,98.1798659168952,1.82013408310483
2009,7.51257041448828,1.47171215533622,78.431077628627,22.2677226428317,392.155388143135,156,17,1.30292002524407,98.0760720689763,1.92392793102372
2009,6.99442982760528,1.36935767454143,79.6727727395961,22.3739673542732,398.36386369798,157,17,1.38362501819113,97.9408115237411,2.0591884762589
2009,6.38738005230684,1.25054998698321,80.7946756391633,22.468974200853,403.973378195817,158,17,1.39628507431296,97.7588915066573,2.24110849334268
2009,5.6903632698622,1.11423634214195,81.7926141186833,22.5527136235876,408.963070593416,159,17,1.39603462147046,97.5054205931029,2.49457940689707
2009,4.90589865908362,0.96067603102635,82.6511780235201,22.6241897891981,413.2558901176,160,17,1.40306851336877,97.1385797685125,2.86142023148748
2009,4.04877526183705,0.792900736377306,83.3514228397618,22.6821035732437,416.757114198809,161,17,1.40408275447389,96.5854004103402,3.41459958965984
2009,3.16090426606141,0.618970936721493,83.8800235632171,22.72559730721,419.400117816085,162,17,1.42091599438762,95.7190769151416,4.2809230848584
2009,2.32325008042721,0.454780092829896,84.2276704725309,22.7540979693844,421.138352362655,163,17,1.46549875646528,94.3524004202769,5.64759957972311
2009,1.66438760930126,0.325775637616092,84.3988612421181,22.7681023491043,421.99430621059,164,17,1.48001904637943,92.4354753224507,7.56452467754934
2009,1.33252443546296,0.260927383045041,84.4353710848611,22.7710865002199,422.176855424306,165,17,1.43575825228242,90.8687163945174,9.13128360548257
2009,1.35656719883071,0.265548769188545,84.4143595130116,22.7693692182705,422.071797565058,166,17,1.47143972335572,91.0219888630577,8.97801113694227
2009,1.45109980536763,0.283917116836968,84.3910207400589,22.7674613842132,421.955103700294,167,17,1.52549789212766,91.5182203702798,8.48177962972022
2009,1.4416388974636,0.282011895204266,84.3757774541793,22.7662151193166,421.878887270897,168,17,1.54777788646413,91.4510134273358,8.54898657266417
2009,1.43350056178715,0.280303173751395,84.3541863789769,22.7644496014791,421.770931894885,169,17,1.59733482228646,91.3889934169437,8.61100658305625
2009,1.42630808012268,0.278820145033934,84.3210568028822,22.7617399595651,421.605284014411,170,17,1.63064467503794,91.3336004913818,8.66639950861818
2009,1.42006847788424,0.277592556510981,84.2798276077044,22.7583668197035,421.399138038522,171,17,1.63355900901003,91.2855303787419,8.71446962125811
2009,1.41522656210957,0.276647465603333,84.2367686780702,22.754842753303,421.183843390351,172,17,1.63229467326796,91.2451413364898,8.75485866351016
2009,1.41276881686726,0.276008478371426,84.1929953292349,22.7512589296215,420.964976646175,173,17,1.70460295458568,91.2131441437134,8.78685585628658
2009,1.41175783363306,0.275697727602246,84.1342698872659,22.7464489036642,420.67134943633,174,17,1.75782427196237,91.1915962999514,8.80840370004854
2009,1.41254452835884,0.27573458027992,84.0646994727872,22.7407475692735,420.323497363936,175,17,1.81429196902441,91.1807518715862,8.81924812841378
2009,1.41474690063332,0.276135175677352,83.9839946135733,22.7341296392938,419.919973067866,176,17,1.82761111949273,91.1810999359429,8.81890006405716
2009,1.41849326490995,0.276908636211173,83.9010684265084,22.7273249381151,419.505342132542,177,17,1.80500824953272,91.1920267168948,8.80797328310519
2009,1.42257836320764,0.278058797084315,83.8234141599231,22.7209485852929,419.117070799615,178,17,1.63733257274494,91.2128131030375,8.78718689696252
2009,1.43191693516394,0.279576177396357,83.7801139810316,22.7173913297965,418.900569905158,179,17,1.77983849372009,91.2403371924895,8.75966280751048
2009,1.44112160507294,0.281474029865583,83.7101814061795,22.7116434263698,418.550907030897,180,17,1.7307381050256,91.2803055966866,8.71969440331335
2009,1.45223268211851,0.283728786033885,83.6519115716124,22.7068515511361,418.259557858062,181,17,1.69084992964636,91.3282635982047,8.67173640179532
2009,1.46572749820031,0.28632224993864,83.6038430223994,22.702896836856,418.019215111997,182,17,1.70949128910541,91.3835329441684,8.61646705583156
2009,1.48116060308236,0.289233234196226,83.5547463444787,22.6988558996659,417.773731722393,183,17,1.75598656626217,91.4462273827501,8.5537726172499
2009,1.4976040321158,0.292430896444661,83.4994384338648,22.6943017598275,417.497192169324,184,17,1.7610805072898,91.51565977285,8.48434022714997
2009,1.51521615500221,0.295870974033106,83.4464017704901,22.6899326629047,417.232008852451,185,17,1.75963158880916,91.5896201329761,8.41037986702386
2009,1.53356429317448,0.299503802831942,83.3971786054745,22.6858759854038,416.985893027372,186,17,1.73644861180799,91.6664757645404,8.33352423545959
2009,1.55283938428544,0.303270753101345,83.3562628572101,22.6825026849909,416.78131428605,187,17,1.73457405995111,91.7442233846325,8.25577661536749
2009,1.5731829221952,0.307108757957047,83.3195780271539,22.6794772214407,416.59789013577,188,17,1.79300875648543,91.8216321337595,8.1783678662405
2009,1.59389427684306,0.310949729894277,83.2752758506238,22.6758223038415,416.376379253119,189,17,1.88326630884892,91.8981420265856,8.10185797341434
2009,1.6132896618708,0.314716962249738,83.2170655010615,22.6710179050027,416.085327505307,190,17,1.88969581386546,91.9727916850895,8.02720831491047
2009,1.63252191623699,0.318324131147714,83.1614497245889,22.6664254610842,415.807248622944,191,17,1.95520292973941,92.0433219928357,7.95667800716434
2009,1.64967093913132,0.321684095390533,83.0965803061411,22.6610661972093,415.482901530706,192,17,1.94642139098967,92.1081120038023,7.89188799619773
2009,1.66527621168496,0.324706518114846,83.0368985461674,22.6561329418132,415.184492730837,193,17,1.95463658382156,92.1643252602482,7.83567473975176
2009,1.67749815043288,0.327306616089773,82.9786962193941,22.6513195947012,414.893481096971,194,17,1.85703308601994,92.2108668706175,7.78913312938249
2009,1.68853787772381,0.329399711907011,82.9424603572294,22.6483216911125,414.712301786147,195,17,1.8826961309181,92.2446479056176,7.75535209438237
2009,1.59702420424777,0.311474075542992,82.903300686627,22.6450808654504,414.516503433135,196,16,1.86997497967834,92.0319795900985,7.96802040990146
2009,1.60065426486514,0.312308478672131,82.848383433589,22.6405341560158,414.241917167945,197,16,1.81208894440612,92.0412167321753,7.95878326782466
2009,1.60178655072288,0.312479414958467,82.8057706891416,22.6370047139685,414.028853445708,198,16,1.83357189488749,92.0346951920346,7.96530480796543
2009,1.60123384748899,0.312298178893275,82.7590888093845,22.6331367885332,413.795444046922,199,16,1.86591393350374,92.0200301880824,7.97996981191759
2009,1.60075868406765,0.312098053774483,82.7058290712353,22.6287219832081,413.529145356177,200,16,1.91460092421263,92.0062810806447,7.99371891935525
2009,1.60052727697091,0.311881758555174,82.6427381421301,22.6234896863475,413.21369071065,201,16,1.99531006863537,91.9931191407853,8.00688085921466
2009,1.59937749711189,0.311651583269259,82.5634605663749,22.6169110397581,412.817302831874,202,16,1.99675652224514,91.9811495782448,8.01885042175515
2009,1.59827882846422,0.311407289466078,82.4836655753044,22.6102850094463,412.418327876522,203,16,2.01003541867293,91.9690179947491,8.03098200525093
2009,1.59680978497661,0.311150688428579,82.4009969058179,22.6034156406008,412.00498452909,204,16,1.99384540614705,91.956969205579,8.04303079442103
2009,1.59493277596194,0.310882621692429,82.3212743216032,22.5967865261922,411.606371608016,205,16,1.94502679479726,91.9445166103111,8.05548338968894
2009,1.59340779087617,0.310603810157298,82.2509418730737,22.5909345069887,411.254709365368,206,16,1.93488920734604,91.9311118160198,8.0688881839802
2009,1.59281977788984,0.310316644140654,82.1823335392501,22.5852225815119,410.911667696251,207,16,2.01745749739058,91.9174731551138,8.08252684488615
2009,1.59109995411095,0.310024871259971,82.0970954935098,22.5781215328867,410.485477467549,208,16,1.99436996644903,91.9052934158736,8.09470658412638
2009,1.58996677515226,0.309727409143378,82.0161329044128,22.5713719058886,410.080664522064,209,16,2.0308197306219,91.892721657174,8.10727834282599
2009,1.58848754877849,0.309427182183702,81.9276555367778,22.5639904800866,409.638277683889,210,16,2.03510260177664,91.8808606383701,8.11913936162988
2009,1.58821848635814,0.309127325858007,81.8380277176831,22.5565074083226,409.190138588415,211,16,2.16155409216277,91.8701445393717,8.12985546062827
2009,1.48776366778881,0.289551422523641,81.7230577710045,22.5469001421124,408.615288855023,212,15,2.11927309571999,91.597263692107,8.402736307893
2010,9.51477446910896,1.87110238609038,54.5,19.9420239553624,272.5,141,16,0.710435882179641,98.7209470243915,1.27905297560852
2010,9.51004495134077,1.86985100642994,56.26084113202,20.1351095490357,281.3042056601,142,16,0.738115990246273,98.6879615021322,1.31203849786776
2010,9.490394508417,1.8656081803252,58.0151947559513,20.3233392915047,290.075973779756,143,16,0.768072543364984,98.6556191401403,1.34438085985974
2010,9.45752943324471,1.85833494809671,59.7596204803357,20.5066103127344,298.798102401679,144,16,0.812877363207218,98.6237950684817,1.37620493151829
2010,9.40318388791549,1.84790526162863,61.4885047134026,20.6846055107198,307.442523567013,145,16,0.823134103433932,98.592320087492,1.40767991250802
2010,9.33221957370701,1.83404401599318,63.2044598834255,20.8578530769737,316.022299417128,146,16,0.838495741370796,98.5608255575004,1.43917444249963
2010,9.24203840115913,1.81670423535187,64.903140042071,21.0261569660996,324.515700210355,147,16,0.842897016937653,98.5287971380655,1.47120286193448
2010,9.12911113852884,1.79542269693095,66.5828925890608,21.1895929619521,332.914462945304,148,16,0.82771003655104,98.4956827425914,1.50431725740856
2010,9.00009163354305,1.76973202249435,68.2430845602663,21.3483258677484,341.215422801332,149,16,0.855740838308674,98.4606873035413,1.53931269645866
2010,8.84218953161232,1.73899984021387,69.871852452239,21.5014598403655,349.359262261195,150,16,0.860177219029179,98.4229703695057,1.57702963049424
2010,9.15748663655512,1.80062002822706,71.4681371447789,21.6491443705787,357.340685723895,151,17,0.911523942243783,98.4242270375169,1.57577296248313
2010,8.93036323590238,1.75510508627089,73.1171948740472,21.799316445738,365.585974370236,152,17,0.963513063720368,98.3757381335602,1.62426186643978
2010,8.65821001731657,1.70134054681172,74.7104103954031,21.9421775264461,373.552051977015,153,17,0.992766733153782,98.3194787383216,1.68052126167842
2010,8.33457352365373,1.63801404245782,76.2433232898176,22.0776407736246,381.216616449088,154,17,0.996906024192204,98.2524203636294,1.74757963637063
2010,7.95704463871398,1.56359966823181,77.7106583485152,22.2055421450197,388.553291742576,155,17,1.02328849465197,98.1699972445285,1.83000275547151
2010,7.51038976313438,1.47632725859148,79.0971872061811,22.3248623813675,395.485936030905,156,17,1.01203992201027,98.0656752540463,1.93432474595366
2010,6.99255368533902,1.37439661624519,80.3966100410212,22.4353704070552,401.983050205106,157,17,1.03354550102325,97.9295999831578,2.07040001684218
2010,6.39583415697102,1.25603097089643,81.5881393066128,22.5356138911336,407.940696533064,158,17,1.11650736078627,97.7466383518615,2.25336164813851
2010,5.70506520366146,1.11995614802908,82.6437073127378,22.6235700832688,413.218536563689,159,17,1.16096528057487,97.4922209838229,2.50777901617706
2010,4.92520027033726,0.966379203232627,83.5522062574906,22.69864679097,417.761031287453,160,17,1.21679630074544,97.1243557481936,2.87564425180645
2010,4.0689227779598,0.79823289837608,84.2935443955114,22.7594891774403,421.467721977557,161,17,1.24178332274593,96.5698190586569,3.43018094134305
2010,3.17951673903043,0.62352323685311,84.8586111131688,22.8056147833963,424.293055565844,162,17,1.28420562336866,95.7008793519663,4.29912064803367
2010,2.33781262582108,0.458133677184422,85.2372974998003,22.8364067487043,426.186487499002,163,17,1.36132106269986,94.3274198846173,5.67258011538268
2010,1.67196035529468,0.327693073008673,85.4322098767965,22.8522184209799,427.161049383983,164,17,1.35119864565317,92.3915619391753,7.60843806082473
2010,1.33531548037029,0.261662794427566,85.495970998304,22.8573853894594,427.47985499152,165,17,1.37302483401344,90.7906249812816,9.20937501871841
2010,1.35642556945144,0.265870447059999,85.488036165442,22.8567425259246,427.44018082721,166,17,1.34532581142263,90.9313981528323,9.06860184716772
2010,1.45064916812192,0.284298895551761,85.4898633720121,22.8568905660585,427.44931686006,167,17,1.35952249676984,91.4307291108329,8.56927088916708
2010,1.44027966125453,0.282325969544888,85.507695911263,22.8583352412263,427.538479556315,168,17,1.33829086500187,91.3582973753675,8.6417026246325
2010,1.43175875280655,0.280547813223249,85.5277003874041,22.859955622565,427.638501937021,169,17,1.3782667915775,91.2901955736258,8.70980442637422
2010,1.42389153090341,0.278991584120539,85.538004948407,22.8607901985986,427.690024742035,170,17,1.38397418523915,91.2284116972103,8.77158830278966
2010,1.41786389931716,0.277687819064567,85.5455943037004,22.8614048227738,427.727971518502,171,17,1.43139165596604,91.173360828405,8.82663917159499
2010,1.41274957794864,0.276663303669048,85.5424944302905,22.8611537840204,427.712472151453,172,17,1.44041734161368,91.1267084159726,8.87329158402734
2010,1.40940914940943,0.275944025449199,85.5365666405444,22.8606737129075,427.682833202722,173,17,1.46644089308644,91.0886536108761,8.91134638912396
2010,1.40799315569249,0.2755523884467,85.5247662174243,22.8597179685753,427.623831087122,174,17,1.51333102426888,91.0602625819899,8.93973741801005
2010,1.40851508928715,0.275508450476677,85.5033048929034,22.857979529257,427.516524464517,175,17,1.57531043839194,91.0425669179468,8.95743308205323
2010,1.41089130283925,0.275830082071674,85.4695526602049,22.8552448697689,427.347763301025,176,17,1.63826054489143,91.0363483164861,8.96365168351386
2010,1.41471322620066,0.276530068235857,85.4236865720852,22.8515275198533,427.118432860426,177,17,1.65895930770267,91.0419323989543,8.95806760104575
2010,1.42040930610084,0.277614354298271,85.3744463677047,22.8475351562153,426.872231838524,178,17,1.67145611380197,91.058571493908,8.94142850609204
2010,1.42773662998707,0.279084377403774,85.3238473581168,22.84343094929,426.619236790584,179,17,1.65341944996409,91.0859297514639,8.91407024853615
2010,1.43872201860668,0.280933620092563,85.2783225191321,22.8397368705441,426.391612595661,180,17,1.79176795060185,91.1229893283889,8.87701067161107
2010,1.45054758269829,0.28316211402398,85.2073262896926,22.8339731909372,426.036631448463,181,17,1.82980191991327,91.1722169129314,8.82778308706863
2010,1.46406748420708,0.285745664679416,85.131090293997,22.8277804039255,425.655451469985,182,17,1.85578064414337,91.2307379343932,8.76926206560677
2010,1.47866713805669,0.288657763383786,85.0523645811467,22.8213813147729,425.261822905734,183,17,1.82387176800702,91.297208700309,8.70279129969104
2010,1.49520743433836,0.29186028521392,84.9829426791054,22.8157350443418,424.914713395527,184,17,1.83519928440176,91.3691969729747,8.63080302702534
2010,1.5131975338679,0.295314713061221,84.9145651811736,22.8101705747204,424.572825905868,185,17,1.86120794965473,91.4461174112776,8.55388258872243
2010,1.53274424280361,0.298972058655136,84.8445857831813,22.8044725100875,424.222928915907,186,17,1.93608017889291,91.5266792297664,8.47332077023361
2010,1.55224465642067,0.302777306836939,84.763543129268,22.7978695263272,423.81771564634,187,17,1.9337269566691,91.6101317966679,8.38986820333212
2010,1.57257579419325,0.306658299927231,84.6868733334908,22.7916187714189,423.434366667454,188,17,1.97340608693535,91.6932517730211,8.30674822697886
2010,1.59323668305537,0.310544124018406,84.6063359459961,22.785048449421,423.031679729981,189,17,2.04240482625322,91.7750722654306,8.22492773456939
2010,1.61303787823938,0.31435824917581,84.5161330868195,22.7776844311678,422.580665434097,190,17,2.0631680641702,91.8552262215,8.14477377849998
2010,1.63136112786722,0.318011426519464,84.4257401577014,22.7702993986862,422.128700788507,191,17,2.02095234783688,91.9307238336289,8.06927616637107
2010,1.64926377617192,0.321410587566266,84.3474573530207,22.763899299784,421.737286765104,192,17,2.06332399799895,91.9983703083586,8.00162969164142
2010,1.66434026205639,0.324471796110935,84.2642827569918,22.7570947292694,421.321413784959,193,17,2.00268996606779,92.0581312417497,7.94186875825029
2010,1.67798159633457,0.327103919688705,84.1962523890602,22.7515256372351,420.981261945301,194,17,2.01409863623934,92.1067752456105,7.89322475438949
2010,1.68901109567105,0.329226996436388,84.1286702839976,22.745990134661,420.643351419988,195,17,2.0253568663866,92.1442545497274,7.85574545027262
2010,1.59745364475064,0.311327575876049,84.0610441446222,22.7404479221683,420.305220723111,196,16,2.00098192198134,91.9310011201095,8.06899887989049
2010,1.60228835245994,0.312175777072471,83.9799832101463,22.7338005820658,419.899916050732,197,16,2.04593164110205,91.9428843813237,8.05711561867632
2010,1.60377174672687,0.312355265717115,83.8909013096653,22.72649032915,419.454506548327,198,16,2.0996701925539,91.9404161305735,8.05958386942653
2010,1.60333449963172,0.312179354155394,83.7913706043822,22.7183162225435,418.956853021911,199,16,2.14478604020889,91.930251091983,8.06974890801703
2010,1.60186404912088,0.311984766892276,83.6827317542246,22.7093863678739,418.413658771123,200,16,2.0949084934593,91.9212471614501,8.07875283854992
2010,1.60080998907061,0.311771686259865,83.583777007329,22.7012454890378,417.918885036645,201,16,2.09689908121434,91.9111157342271,8.0888842657729
2010,1.60086593871249,0.311542853994068,83.4842157607457,22.6930479321687,417.421078803729,202,16,2.22178481038379,91.9007998301067,8.09920016989329
2010,1.60098112091628,0.311302704173593,83.3596909887673,22.6827853617161,416.798454943836,203,16,2.36699213016824,91.8925057680421,8.10749423195785
2010,1.60013813045704,0.311053365525373,83.2061508091707,22.6701167987259,416.030754045853,204,16,2.41367341337615,91.8866482263782,8.1133517736218
2010,1.59900288528158,0.310794156213372,83.0431094679377,22.6566464477441,415.215547339688,205,16,2.43282192278009,91.8815342598553,8.11846574014473
2010,1.59711221926919,0.310525999438796,82.8760152608357,22.6428221128412,414.380076304179,206,16,2.37006820873539,91.876716348678,8.123283651322
2010,1.59492474844531,0.310248444756538,82.7210976061567,22.6299878249009,413.605488030783,207,16,2.28173552719117,91.8707693969651,8.12923060303488
2010,1.59302268342468,0.309962314762765,82.5834126142867,22.6185671237954,412.917063071433,208,16,2.23195745896129,91.8632615135782,8.13673848642185
2010,1.59191152785187,0.309669976290844,82.4553060130421,22.607929007148,412.27653006521,209,16,2.2714776419672,91.8549075484879,8.14509245151207
2010,1.59034656851462,0.309375103629721,82.3190760886965,22.5966036747439,411.595380443483,210,16,2.26307846212359,91.8473433466445,8.15265665335554
2010,1.59006229364933,0.309084646438348,82.1842161151416,22.5853793580218,410.921080575708,211,16,2.39552512088338,91.8423668979991,8.15763310200094
2010,1.48965767480251,0.289513171538877,82.0228130054444,22.5719289831513,410.114065027222,212,15,2.366728163901,91.5715269109553,8.42847308904468
2011,9.52300170081885,1.87110238609038,54.5,19.9420239553624,272.5,141,16,0.758495012668469,98.7209470243915,1.27905297560852
2011,9.52428451622172,1.86980449190904,56.2528747522642,20.1342455440021,281.264373761321,142,16,0.828190846187563,98.6881128557721,1.31188714422792
2011,9.50477040115794,1.86547709182026,57.9920613452774,20.3208832290918,289.960306726387,143,16,0.865762884521393,98.6560558421557,1.34394415784433
2011,9.46673505457901,1.85811454837327,59.7198242722982,20.5024711298723,298.599121361491,144,16,0.882527474138609,98.6245403976362,1.37545960236376
2011,9.4139487621609,1.84762249115756,61.4366197914242,20.6793148697805,307.183098957121,145,16,0.907573943526645,98.593282842511,1.40671715748904
2011,9.34567010294432,1.83368427897467,63.137840244664,20.851188542761,315.68920122332,146,16,0.948447146047583,98.5620486955548,1.43795130444524
2011,9.25774271919346,1.81624173132615,64.8172206350492,21.0177183354112,324.086103175246,147,16,0.976319940019782,98.5303564863434,1.46964351365666
2011,9.14622932454829,1.79483180974345,66.4734300593962,21.1790306140432,332.367150296981,148,16,0.976765459327621,98.4976448002814,1.50235519971859
2011,9.01427612889602,1.76899265529458,68.1072354482747,21.3354389353252,340.536177241373,149,16,0.99364389325925,98.4630905103448,1.53690948965521
2011,8.85828871680284,1.7381141870124,69.7112608407392,21.4864725622356,348.556304203696,150,16,1.02428100523659,98.425772759448,1.57422724055204
2011,9.17433505116299,1.79947433957829,71.2779462233695,21.6316697684424,356.389731116847,151,17,1.09723020053489,98.4273952149359,1.57260478506414
2011,8.93899618415204,1.75373158781852,72.8932345155371,21.7790608649554,364.466172577685,152,17,1.09740106269636,98.3794183068554,1.62058169314461
2011,8.66541193197133,1.69978186077815,74.4614018350033,21.9199902481957,372.307009175016,153,17,1.13039840592174,98.3235165449458,1.67648345505423
2011,8.34148730299363,1.63625451975932,75.968232250097,22.0534716899445,379.841161250485,154,17,1.1483345396793,98.2568253977073,1.74317460229266
2011,7.96236879925662,1.56161466238883,77.4066686008301,22.1791837639694,387.03334300415,155,17,1.18160919621365,98.1748103749638,1.82518962503623
2011,7.51716810434972,1.47410462331005,78.7626032946385,22.2962034414236,393.813016473193,156,17,1.21063950265056,98.0709240022039,1.92907599779612
2011,6.99434984056988,1.3718946524203,80.0236680563566,22.4037821124993,400.118340281783,157,17,1.20540386409494,97.9354143295282,2.0645856704718
2011,6.39023179066102,1.2533087678389,81.1811923325771,22.5014928237886,405.905961662886,158,17,1.22656739126049,97.7529730301788,2.24702696982119
2011,5.69744644592447,1.11714620552112,82.2136365960338,22.587829101604,411.068182980169,159,17,1.26389484091834,97.498955651497,2.501044348503
2011,4.91699676104367,0.963587056616694,83.1000357093843,22.6613517429532,415.500178546921,160,17,1.32961282451425,97.1315762472463,2.86842375275366
2011,4.05771202626602,0.795594330369522,83.8171807448794,22.7204365681842,419.085903724397,161,17,1.28891931963729,96.5778013390818,3.42219866091822
2011,3.17020032200537,0.621294742746138,84.370590103978,22.7657909746786,421.85295051989,162,17,1.3424184958437,95.7100746744143,4.28992532558572
2011,2.33039572795982,0.456493487817469,84.7357833248302,22.7956067730861,423.678916624151,163,17,1.39752190018743,94.3399392031713,5.6600607968287
2011,1.66881882227175,0.326757771498021,84.9219854822836,22.8107745799614,424.609927411418,164,17,1.44829022399456,92.4132590000038,7.58674099999617
2011,1.33450748975702,0.261297762342197,84.965713690696,22.8143332663929,424.82856845348,165,17,1.45067310972889,90.8295158920567,9.17048410794328
2011,1.3567452723288,0.265707138331356,84.9421018962996,22.8124118513449,424.710509481498,166,17,1.42759004656143,90.9772789548219,9.02272104517814
2011,1.45151894618247,0.284103733667265,84.9275548973233,22.8112279007247,424.637774486616,167,17,1.49106382328637,91.4753451149683,8.52465488503172
2011,1.44211053221589,0.282162308420395,84.919268263187,22.8105534052577,424.596341315935,168,17,1.53171644769125,91.40634571551,8.59365428449
2011,1.43357351584202,0.280416271982643,84.9009696407808,22.8090638155971,424.504848203904,169,17,1.56328513424484,91.3428181360938,8.65718186390619
2011,1.42613360826437,0.278896846548917,84.8746503619071,22.8069209162203,424.373251809536,170,17,1.59053887252661,91.2856215458868,8.7143784541132
2011,1.41954230943001,0.277633241630116,84.8413930492789,22.8042124639686,424.206965246395,171,17,1.57904641547784,91.2356556494034,8.76434435059661
2011,1.4147707525657,0.276652680903148,84.8091168455146,22.8015832048953,424.045584227573,172,17,1.59929734164123,91.1931427999631,8.80685720003686
2011,1.41148570450973,0.27597896762518,84.7718369948712,22.7985454745141,423.859184974356,173,17,1.61264061496873,91.1594565336832,8.84054346631684
2011,1.40999218995187,0.275633683105675,84.7312324594296,22.795235774301,423.656162297148,174,17,1.63593296530728,91.1351922358654,8.86480776413456
2011,1.40984563161934,0.275635488800929,84.6856718154307,22.7915207823606,423.428359077153,175,17,1.62152831091373,91.1211213253195,8.87887867468044
2011,1.41131998399548,0.275998632433664,84.6429639820035,22.7880371420458,423.214819910017,176,17,1.58771694837246,91.1169453083723,8.88305469162766
2011,1.41539607285518,0.276732180275795,84.6073144054618,22.7851282992918,423.036572027309,177,17,1.61516483222611,91.1224999661564,8.87750003384361
2011,1.42095381662966,0.277845290391641,84.5669913976156,22.7818370961277,422.834956988078,178,17,1.60284374967891,91.1390003792122,8.86099962078777
2011,1.4288996571044,0.279337299958298,84.5302452020274,22.7788368831988,422.651226010137,179,17,1.6294111153266,91.1654839981667,8.83451600183334
2011,1.43829819241954,0.281205938845123,84.489775653389,22.7755316180226,422.448878266945,180,17,1.61499005104569,91.2023112022462,8.79768879775375
2011,1.449638701407,0.28343758899807,84.4540710707616,22.7726146050913,422.270355353808,181,17,1.60814473215323,91.2480345527234,8.75196544727659
2011,1.46319005922189,0.286014841708656,84.4220045745882,22.7699940858775,422.110022872941,182,17,1.63886103940928,91.301953786785,8.69804621321502
2011,1.47896674468875,0.288915444856668,84.3865059139412,22.7670922761312,421.932529569706,183,17,1.7193536478665,91.3637602357074,8.6362397642926
2011,1.49604586097875,0.292110446193872,84.3380649806596,22.763131137684,421.690324903298,184,17,1.78305995822455,91.4331827444339,8.56681725556613
2011,1.51444732660721,0.295557391067686,84.2802998499738,22.7584054624088,421.401499249869,185,17,1.85040410000797,91.5084546738083,8.49154532619164
2011,1.53424960074935,0.299206745560528,84.2127476598403,22.7528762586262,421.063738299202,186,17,1.95341652487056,91.5880731887348,8.41192681126522
2011,1.5540739670829,0.303002675392081,84.1285551590826,22.7459807023869,420.642775795413,187,17,1.9865564779216,91.671037216529,8.32896278347102
2011,1.5745638159851,0.306873632992714,84.0417016745929,22.7388621636427,420.208508372964,188,17,2.04699485203282,91.7542666725942,8.24573332740574
2011,1.59514207812172,0.310747800038573,83.9468606751215,22.7310831068496,419.734303375608,189,17,2.1147624818943,91.836522400085,8.163477599915
2011,1.61450091253043,0.31454765295131,83.8425841808833,22.722523058056,419.212920904416,190,17,2.09790328890057,91.9170458325147,8.0829541674853
2011,1.63337436414031,0.318182798815186,83.7455538923363,22.7145511825124,418.727769461682,191,17,2.11701985429016,91.9922295831956,8.00777041680437
2011,1.65144959726553,0.321566175333789,83.6484773862957,22.7065690650565,418.242386931479,192,17,2.18526910077808,92.0606893080777,7.93931069192225
2011,1.66730233045414,0.324612342779971,83.5413684702976,22.6977545372726,417.706842351488,193,17,2.20388087356521,92.1217633226689,7.87823667733108
2011,1.6815664688063,0.327232650037529,83.4337103705515,22.6888868735851,417.168551852757,194,17,2.28364286132939,92.1731595619837,7.82684043801634
2011,1.69245294119104,0.329347009079445,83.3129553219052,22.6789309361653,416.564776609526,195,17,2.28306472408835,92.2146496221345,7.78535037786548
2011,1.59970610910547,0.311436759826129,83.1944961152634,22.6691545076502,415.972480576317,196,16,2.15138179030298,92.0075267120729,7.99247328792708
2011,1.60354723653118,0.312279884858844,83.083826973337,22.6600122225476,415.419134866685,197,16,2.09945713316095,92.021796446023,7.97820355397696
2011,1.60471666139256,0.312457733165138,82.9843136276826,22.6517842583586,414.921568138413,198,16,2.12316725473874,92.0202864288052,7.97971357119484
2011,1.60396290212179,0.312282789775558,82.8802945012432,22.6431763928318,414.401472506216,199,16,2.1356970342351,92.0107087314197,7.98929126858032
2011,1.6023046933796,0.312088562950973,82.7736211175478,22.6343410564951,413.868105587739,200,16,2.06728778856369,92.0017246538132,7.99827534618676
2011,1.60042125753819,0.311875596345557,82.6803004385738,22.6266051616855,413.401502192869,201,16,1.98896080733567,91.9912921365804,8.00870786341962
2011,1.59946501961504,0.311645179945291,82.602270640443,22.620132144188,413.011353202215,202,16,2.00902823806856,91.9792635491768,8.02073645082317
2011,1.59833067382024,0.311401074330724,82.5200379152457,22.6133058559572,412.600189576228,203,16,2.01881049279015,91.9674018391459,8.03259816085408
2011,1.59728234128069,0.311144589595244,82.4356237648401,22.6062935503854,412.178118824201,204,16,2.0431811746254,91.9555626455194,8.04443735448062
2011,1.59608974386854,0.310877605073375,82.3461277470637,22.5988536249499,411.730638735319,205,16,2.0588569687726,91.9440414336399,8.05595856636008
2011,1.59512699755829,0.310601450629004,82.2532600923574,22.5911274502546,411.266300461787,206,16,2.10233292713895,91.932721741718,8.06727825828199
2011,1.59371614944903,0.310318316029937,82.1515068034713,22.5826550470322,410.757534017357,207,16,2.10458391273092,91.9221371924035,8.07786280759648
2011,1.59240185533953,0.310028718368183,82.0490234427511,22.5741144588737,410.245117213755,208,16,2.11999428390003,91.9115902568918,8.08840974310823
2011,1.59093881016322,0.309734454662598,81.9431974462231,22.5652875013816,409.715987231115,209,16,2.1227081340654,91.9013519841487,8.09864801585131
2011,1.58948857470723,0.309436666759714,81.8365384279993,22.5563830185435,409.182692139997,210,16,2.12857755497522,91.8912298900598,8.1087701099402
2011,1.58919974931755,0.309143556700983,81.7284178392876,22.5473482562954,408.642089196438,211,16,2.25457488322248,91.8839294048502,8.11607059514985
2011,1.48877215829105,0.289566992116432,81.595042397545,22.5361916667559,407.975211987725,212,15,2.2200676172835,91.6118795599459,8.38812044005412
2012,9.53267470858326,1.87110238609038,54.5,19.9420239553624,272.5,141,16,0.819174097209601,98.7209470243915,1.27905297560852
2012,9.52783189510112,1.86974491041145,56.2426735369089,20.1331390321685,281.213367684544,142,16,0.853854009433941,98.6883066674252,1.3116933325748
2012,9.50215287175575,1.86539417040326,57.9774370079713,20.3193302183512,289.887185039856,143,16,0.850558263994485,98.6563319087733,1.34366809122671
2012,9.46589370481668,1.8580474435538,59.7077174114844,20.5012115202144,298.538587057422,144,16,0.878860918136217,98.6247671373369,1.37523286266312
2012,9.41453811600213,1.84755952881365,61.4250780277075,20.6781375471104,307.125390138537,145,16,0.914117197595674,98.5934970006305,1.40650299936952
2012,9.34390991641889,1.83361544599353,63.1251077622257,20.8499142454629,315.625538811128,146,16,0.937505276058615,98.5622824562659,1.43771754373406
2012,9.25450460857803,1.81618299852923,64.8063245668142,21.0166476140157,324.031622834071,147,16,0.952954841094992,98.5305542308154,1.46944576918463
2012,9.14345206441365,1.7947946640153,66.4665594644247,21.1783672467736,332.332797322124,148,16,0.955942560341175,98.4977679463942,1.50223205360583
2012,9.01044597693085,1.76897487326916,68.1039740351323,21.3351293306896,340.519870175661,149,16,0.962823578706975,98.4631482025878,1.53685179741217
2012,8.85777442734368,1.738125993269,69.7133974890739,21.4866721236877,348.56698744537,150,16,1.01927885372284,98.4257354761598,1.57426452384017
2012,9.1714545190601,1.79949265661654,71.2809804228111,21.6319488033957,356.404902114055,151,17,1.0706017405376,98.4273446747071,1.57265532529292
2012,8.93552594462794,1.75377943620301,72.9010182667716,21.779765575507,364.505091333858,152,17,1.06343504518183,98.3792904106668,1.62070958933319
2012,8.65972216944838,1.6998689709019,74.4752846449505,21.9212286009423,372.376423224753,153,17,1.07144018498674,98.323291442342,1.67670855765799
2012,8.33574508886376,1.63641183601365,75.9927685596474,22.055629888376,379.963842798237,154,17,1.08224919142644,98.2564325215325,1.74356747846751
2012,7.95762352339685,1.5618542573497,77.4432731621672,22.1823614932334,387.216365810836,155,17,1.11671230670457,98.1742308390125,1.82576916098751
2012,7.51132441053846,1.47442846462492,78.8112375645285,22.3003744961404,394.056187822642,156,17,1.12296984286098,98.0701610905351,1.92983890946492
2012,6.99229096529198,1.37233172426957,80.0886666299157,22.4092948826097,400.443333149578,157,17,1.15139157934254,97.9344009959238,2.06559900407615
2012,6.3898062923835,1.25381419747282,81.2565803015061,22.5078228209494,406.282901507531,158,17,1.18450982237179,97.7517995068719,2.2482004931281
2012,5.69832658337467,1.11769428492888,82.2973493768247,22.5947962397133,411.486746884123,159,17,1.23309078640692,97.4976446696972,2.50235533030277
2012,4.91743899693524,0.964144112041955,83.1900834345191,22.6687901420889,415.950417172596,160,17,1.28237352247354,97.1301380526698,2.86986194733018
2012,4.05985941649355,0.796146737945224,83.9167626292946,22.7286131219409,419.583813146473,161,17,1.27411036740683,96.576131935435,3.42386806456504
2012,3.17161757089586,0.621765438610459,84.4735607777791,22.774206992572,422.367803888896,162,17,1.31245494627861,95.7081325265089,4.29186747349112
2012,2.3316656038957,0.456850917869468,84.8450275102453,22.8045084879351,424.225137551226,163,17,1.37393089882005,94.3372065517093,5.66279344829067
2012,1.6690083549492,0.326967006844521,85.0361989729225,22.8200668092575,425.180994864613,164,17,1.39299720646524,92.4083884104356,7.59161158956435
2012,1.33474960385787,0.261383746550134,85.0910206575878,22.8245239255333,425.455103287939,165,17,1.43621428369275,90.820304121947,9.179695878053
2012,1.35772525875153,0.265745218795013,85.0703457132569,22.8228432449598,425.351728566284,166,17,1.49365666987606,90.9664830062085,9.03351699379148
2012,1.45276954381222,0.284143469078273,85.0427779750805,22.8206018014601,425.213889875402,167,17,1.57693687542585,91.4661870280195,8.53381297198046
2012,1.44312073334534,0.282189416741678,85.0175637883605,22.8185512741552,425.087818941803,168,17,1.60531412058915,91.3983051994764,8.60169480052364
2012,1.43422097882916,0.280433645240591,84.9847450622461,22.8158816776613,424.92372531123,169,17,1.61163998080168,91.3357713484393,8.6642286515607
2012,1.42690890869342,0.27890725453891,84.9488820860437,22.8129636288968,424.744410430218,170,17,1.65422025017929,91.2792080470984,8.72079195290157
2012,1.42025541042224,0.277637852397749,84.9030415938686,22.8092324930735,424.515207969343,171,17,1.63949418185443,91.230192375883,8.76980762411701
2012,1.41482173422398,0.276653264822732,84.8588168295981,22.8056315367029,424.294084147991,172,17,1.60420210327342,91.1886329131204,8.81136708687962
2012,1.4114085161006,0.275976609605335,84.8205649138611,22.8025158583588,424.102824569305,173,17,1.60774102137073,91.1549377909126,8.84506220908746
2012,1.4096144377089,0.275628464730087,84.7809235787707,22.7992859761549,423.904617893854,174,17,1.60597700225423,91.1304932192719,8.86950678072811
2012,1.40971612423327,0.275626710535076,84.7412772739692,22.7960546360918,423.706386369846,175,17,1.61500277586326,91.1157719566151,8.88422804338485
2012,1.41076984094719,0.275986902390415,84.6998471916304,22.7926767846376,423.499235958152,176,17,1.54713914339115,91.1113924957115,8.88860750428852
2012,1.41488928869861,0.27671598278887,84.672201663241,22.7904221661453,423.361008316205,177,17,1.57973543758691,91.116090132995,8.88390986700495
2012,1.42068532933618,0.277824605941499,84.6388614875208,22.7877024407011,423.194307437604,178,17,1.59003596720643,91.1318359287566,8.86816407124343
2012,1.42809400689413,0.27931348093678,84.604621283136,22.7849085180989,423.02310641568,179,17,1.57222694038002,91.1580234773141,8.84197652268593
2012,1.43782335931052,0.281176248306327,84.5754255104707,22.7825255870785,422.877127552353,180,17,1.58892631457754,91.1936911312315,8.80630886876849
2012,1.44956556620991,0.283404300690039,84.5448364916488,22.7800283255431,422.724182458244,181,17,1.61779170385026,91.2388952376885,8.76110476231147
2012,1.46266052944479,0.285981054576989,84.5108236293536,22.7772508048151,422.554118146768,182,17,1.61009823054362,91.2930308773547,8.70696912264528
2012,1.47783918169389,0.288878834581801,84.4809693344731,22.774812234294,422.404846672366,183,17,1.63953919133631,91.3543168293367,8.64568317066331
2012,1.49420788337857,0.292067655324959,84.4482633489494,22.77214004132,422.241316744747,184,17,1.64359773486451,91.4222470153887,8.5777529846113
2012,1.51227849959273,0.295504665453331,84.4180202382374,22.7696684318494,422.090101191187,185,17,1.68386300990714,91.4949175562211,8.50508244377889
2012,1.53133441592098,0.299143363856356,84.383338974017,22.7668333558156,421.916694870085,186,17,1.72002066196302,91.5714956947738,8.42850430522622
2012,1.55125697032671,0.302925769613462,84.3452382534298,22.7637178144665,421.726191267149,187,17,1.76730448631508,91.650252099609,8.34974790039102
2012,1.57079403549984,0.306786885271968,84.3016662553853,22.760153677716,421.508331276926,188,17,1.74642467143879,91.7296793755951,8.27032062440496
2012,1.59127836119843,0.31064921832174,84.2661787474551,22.7572498936714,421.330893737276,189,17,1.80605436995239,91.8067657808788,8.19323421912118
2012,1.61149759165834,0.314440772871142,84.2228630702604,22.7537044102497,421.114315351302,190,17,1.87465741452332,91.8821402273856,8.11785977261435
2012,1.63111770547223,0.318075959009175,84.1698717327011,22.7493652239186,420.849358663506,191,17,1.96245692666512,91.9538574683374,8.04614253166258
2012,1.64873836984599,0.321465025940773,84.103245860406,22.743906873387,420.51622930203,192,17,1.98313165006718,92.0201397001208,7.97986029987916
2012,1.66469363670669,0.324516264227529,84.0360108613782,22.7383955638606,420.180054306891,193,17,2.00976520240815,92.0782197583789,7.92178024162111
2012,1.67878997704982,0.327142784038209,83.9666418990848,22.7327061095061,419.833209495424,194,17,2.06607409591255,92.1267591447238,7.87324085527621
2012,1.68992586361184,0.329262403138714,83.8888321667717,22.7263204665416,419.444160833859,195,17,2.08872936031553,92.1649458732016,7.83505412679839
2012,1.59863991337664,0.31135949500409,83.8087205028941,22.7197415954836,419.04360251447,196,16,2.09610990984746,91.9532759471159,8.04672405288405
2012,1.6031357009301,0.312207412391312,83.7088775313244,22.7115362264142,418.544387656622,197,16,2.10831224263364,91.966747723289,8.03325227671104
2012,1.60421301543708,0.312387444882048,83.6074957205684,22.7031974086817,418.037478602842,198,16,2.12163346949173,91.9653744167394,8.03462558326058
2012,1.60332238989594,0.312212166690787,83.50366762047,22.6946500718888,417.51833810235,199,16,2.12045994071213,91.9556483782508,8.04435162174914
2012,1.60262007402772,0.312017206185942,83.3998986389205,22.6861001977708,416.999493194602,200,16,2.14874632016394,91.9462746434996,8.05372535650035
2012,1.60171770836206,0.311805584257888,83.2903344392822,22.677064785338,416.451672196411,201,16,2.1654575182044,91.9371464567852,8.06285354321484
2012,1.60083275877251,0.311578615576784,83.1772501719522,22.6677303924659,415.886250859761,202,16,2.19230655059648,91.9280996602403,8.07190033975965
2012,1.59987831025414,0.311338110642004,83.0586218203398,22.6579288594644,415.293109101699,203,16,2.21941477469485,91.9193516892997,8.08064831070031
2012,1.59868883152105,0.31108565291212,82.9343837598261,22.6476533651321,414.671918799131,204,16,2.2281902806185,91.9109469156677,8.08905308433227
2012,1.59732023242442,0.310822376994739,82.8081556403817,22.6372022833149,414.040778201908,205,16,2.22377662189077,91.9025994312677,8.09740056873233
2012,1.59584964415471,0.310549509268454,82.6825394957964,22.6267908414201,413.412697478982,206,16,2.21377869987382,91.8941112586433,8.10588874135675
2012,1.59336157156753,0.310268429166332,82.558631744515,22.6165101901178,412.793158722575,207,16,2.10309329154227,91.885417433641,8.11458256635897
2012,1.59244304235086,0.309978144512114,82.4563663257464,22.608017103972,412.281831628732,208,16,2.15951757855633,91.8747483213688,8.12525167863119
2012,1.59091698581308,0.309684199736195,82.3426346927032,22.598563128351,411.713173463516,209,16,2.15544539671775,91.8651234560414,8.13487654395864
2012,1.58997616267918,0.309386571943317,82.2294148802509,22.5891426540743,411.147074401254,210,16,2.21484454244695,91.8554959952041,8.14450400479593
2012,1.58883321732652,0.309095022234411,82.1041296403807,22.5787077311657,410.520648201903,211,16,2.25025832389098,91.8496679801566,8.15033201984344
2012,1.48793384847406,0.289519637560092,81.9715358747592,22.5676519912417,409.857679373796,212,15,2.16118476323745,91.5763628431564,8.42363715684357
2013,9.52740173786425,1.87110238609038,54.5,19.9420239553624,272.5,141,16,0.785518343611629,98.7209470243915,1.27905297560852
2013,9.51951426267451,1.86977806757201,56.2483500934847,20.1337547777325,281.241750467423,142,16,0.798129960963101,98.6881988194562,1.31180118054375
2013,9.49888790238444,1.86548011597852,57.9925948283268,20.3209398764064,289.962974141634,143,16,0.825964679119104,98.6560457714137,1.34395422858627
2013,9.46085072708803,1.85815508995979,59.7271408945465,20.5032322721404,298.635704472732,144,16,0.840577856459308,98.6244033692496,1.37559663075037
2013,9.41375892173843,1.84770172173069,61.4511494379311,20.680796753586,307.255747189655,145,16,0.903414674944346,98.5930132409183,1.40698675908168
2013,9.34567320596728,1.83376708522704,63.1531636995219,20.8527219133152,315.76581849761,146,16,0.94541035419449,98.5617673627662,1.43823263723377
2013,9.25617630463414,1.81632757347354,64.8331519754954,21.0192836309458,324.165759877477,147,16,0.960604053555677,98.5300673573424,1.46993264265764
2013,9.14972115563163,1.79493320660123,66.492191183571,21.1808417881341,332.460955917855,148,16,1.00139374594787,98.4973085291296,1.50269147087044
2013,9.02150815982332,1.76907187848762,68.1217691335853,21.3368184866069,340.608845667927,149,16,1.05259221962033,98.4628334173345,1.53716658266549
2013,8.86557864518736,1.73813734032372,69.7154511378278,21.4868639290197,348.577255689139,150,16,1.08922417470185,98.4256996411132,1.57430035888681
2013,9.17753448769101,1.79943002136182,71.2706058304583,21.6309946875427,356.353029152291,151,17,1.12867458799031,98.4275174824012,1.57248251759876
2013,8.94249228803839,1.75365172173793,72.8802452141464,21.7778847473478,364.401226070732,152,17,1.13420772696503,98.3796317350112,1.62036826498884
2013,8.66868340408494,1.69965851310577,74.4417505831014,21.9182370727591,372.208752915507,153,17,1.16943068637605,98.3238351769187,1.67616482308131
2013,8.34357648145396,1.63608258462005,75.9414291081137,22.0511135470516,379.707145540568,154,17,1.17940521591275,98.2572545651314,1.74274543486857
2013,7.96424193069465,1.56140115317955,77.3740695682935,22.176352882394,386.870347841467,155,17,1.21503403657482,98.1753264867748,1.82467351322517
2013,7.51941265901598,1.4738453530109,78.7236944660782,22.2928651837879,393.618472330391,156,17,1.25454305709612,98.0715343456026,1.92846565439744
2013,7.0009907094964,1.37157672605961,79.9764281375349,22.3997735611426,399.882140687675,157,17,1.31785287190853,97.9361507973326,2.0638492026674
2013,6.39987244111876,1.25284973627656,81.1127917177704,22.4957459781526,405.563958588852,158,17,1.41325343090471,97.7540377884014,2.24596221159861
2013,5.70614812602161,1.1164657991239,82.1098283508046,22.5791826137309,410.549141754023,159,17,1.4850689344737,97.500581396291,2.49941860370904
2013,4.91951074337636,0.962680933336279,82.953735317013,22.6492546007947,414.768676585065,160,17,1.48263807902296,97.1339131627092,2.86608683729078
2013,4.06000773331874,0.794614722757448,83.640781564054,22.7059359997844,418.20390782027,161,17,1.47504878542589,96.5807594865858,3.41924051341416
2013,3.16984892232558,0.620319509779485,84.1574285274373,22.7483460382259,420.787142637187,162,17,1.49689232057593,95.7140985259513,4.2859014740487
2013,2.32818870053267,0.455694461371105,84.4916621349379,22.7756857169475,422.458310674689,163,17,1.48215351751869,94.3460570236067,5.65394297639325
2013,1.6671237838437,0.326279032863958,84.6605029119299,22.7894679253084,423.30251455965,164,17,1.49493438638967,92.4244397914066,7.57556020859339
2013,1.33468665245692,0.261112298555551,84.6945701506401,22.7922464575717,423.4728507532,165,17,1.54285337077294,90.8494939330676,9.15050606693238
2013,1.35782056182686,0.265621803093663,84.6525652769748,22.7888204179407,423.262826384874,166,17,1.54942078859662,91.0016941877812,8.99830581221885
2013,1.45155631188584,0.283996228363662,84.6138747977752,22.7856636614928,423.069373988876,167,17,1.53297927410508,91.5003180770189,8.49968192298107
2013,1.4427080309286,0.282074143964053,84.5972207787853,22.7843045502496,422.986103893926,168,17,1.61380624495536,91.4327287623034,8.56727123769661
2013,1.43462250608566,0.280346769320306,84.5626321423211,22.781481223957,422.813160711605,169,17,1.67882416696863,91.3713173338009,8.62868266619907
2013,1.4270740485564,0.278846897474584,84.5134237142079,22.7774631575677,422.567118571039,170,17,1.68948976038763,91.3168723119222,8.68312768807779
2013,1.42075098671307,0.277605473116112,84.4605737499633,22.7731459286146,422.302868749817,171,17,1.69142355010235,91.2694450991466,8.73055490085343
2013,1.41662239930981,0.276648678107619,84.4060737796895,22.7686919409434,422.030368898448,172,17,1.76192625834925,91.2297571953118,8.7702428046882
2013,1.41368696140683,0.276000823347389,84.336648952769,22.7630153216266,421.683244763845,173,17,1.79743904299241,91.1998569139697,8.80014308603027
2013,1.41211805893003,0.275684089190342,84.2595362614515,22.7567062740587,421.297681307257,174,17,1.80131527794914,91.1798438172216,8.82015618277843
2013,1.41236008185362,0.275716032859714,84.1813365114474,22.7503041766769,420.906682557237,175,17,1.80760103970592,91.1696862867189,8.83031371328109
2013,1.41423284549362,0.276111174715414,84.1019300011954,22.7437990407653,420.509650005977,176,17,1.79153223517586,91.1698067350906,8.83019326490942
2013,1.41850551037742,0.276878288713334,84.0261138134894,22.7375840350444,420.130569067447,177,17,1.8235768454866,91.1799602234022,8.82003977659779
2013,1.42480992365526,0.278025430786552,83.944745146085,22.7309095169168,419.723725730425,178,17,1.86429005726266,91.2010752501395,8.79892474986051
2013,1.43239791779887,0.27955415290313,83.8564967587903,22.7236655692255,419.282483793952,179,17,1.83838516294555,91.2331105181419,8.7668894818581
2013,1.44228294059975,0.281454795061194,83.7749491504871,22.7169669360461,418.874745752435,180,17,1.85116356849126,91.2742943700814,8.72570562991865
2013,1.4540411693914,0.283717788324895,83.6928248896732,22.7102163399075,418.464124448366,181,17,1.86540110286742,91.3247226165414,8.67527738345856
2013,1.46744538866088,0.286324579997611,83.6102067963126,22.7034204907253,418.051033981563,182,17,1.86816100665197,91.3835411970724,8.61645880292763
2013,1.48249007352241,0.289248303281405,83.5297195969511,22.6967954184855,417.648597984755,183,17,1.87242928184838,91.4494409542846,8.55055904571536
2013,1.4985958351605,0.292455377633368,83.4513896485624,22.690343640773,417.256948242812,184,17,1.83961903679097,91.5211981864826,8.47880181351744
2013,1.51646060055807,0.295901398608418,83.3828448088267,22.6846943662878,416.914224044134,185,17,1.85753145603758,91.5966905762126,8.40330942378743
2013,1.53543598700941,0.299540763682765,83.3142921001518,22.6790412050647,416.571460500759,186,17,1.88634637090448,91.6754013760293,8.32459862397066
2013,1.55484048107237,0.303316699213245,83.2437731410987,22.6732225142801,416.218865705493,187,17,1.88951950010563,91.7559278213874,8.24407217861258
2013,1.57502577921669,0.307162146145219,83.1765021508145,22.6676686186013,415.882510754072,188,17,1.93198412648478,91.8361163065516,8.16388369344842
2013,1.59649109107676,0.311007409865924,83.1047769059928,22.6617435299266,415.523884529964,189,17,2.09903315742763,91.9150164039496,8.08498359605044
2013,1.61575417910632,0.314782832971507,83.0039366280847,22.6534072717327,415.019683140424,190,17,2.08526384105375,91.9940511116635,8.00594888833652
2013,1.63483018471337,0.318392590423359,82.9097052239437,22.6456109732367,414.548526119719,191,17,2.13724395889481,92.067848708455,7.93215129154496
2013,1.65271887344829,0.32175212183587,82.8088952205079,22.6372635493226,414.04447610254,192,17,2.19905928705276,92.1355879644681,7.86441203553186
2013,1.66918124354614,0.324775000427791,82.6993022537997,22.6281808260888,413.496511268998,193,17,2.29277439493368,92.1959339982353,7.80406600176468
2013,1.68289579162587,0.327376549566856,82.5742612941177,22.6178075694626,412.871306470589,194,17,2.32594431769314,92.2480396048053,7.75196039519472
2013,1.69392162445306,0.329473356359676,82.4453321538641,22.6071002834217,412.226660769321,195,17,2.3489812552638,92.289591701009,7.710408298991
2013,1.60137915975719,0.311546413261714,82.3140037544908,22.5961817393792,411.570018772454,196,16,2.24904022338711,92.0853640290768,7.91463597092319
2013,1.60558047144381,0.312383027876497,82.1841580621166,22.5853745235393,410.920790310583,197,16,2.23556994106178,92.1011053697374,7.89889463026261
2013,1.60638536889219,0.312560997497001,82.0578496252504,22.5748502931088,410.289248126252,198,16,2.22112784969547,92.1020013491006,7.89799865089939
2013,1.60473225426545,0.312388658505452,81.9345934209839,22.5645694895634,409.672967104919,199,16,2.13876693850833,92.094321330792,7.90567866920795
2013,1.60370419142742,0.312195089924354,81.8274815216958,22.5556265255768,409.137407608479,200,16,2.13307101560129,92.0855776643272,7.91442233567275
2013,1.60309118457836,0.311984369960021,81.7213055639701,22.5467536490837,408.606527819851,201,16,2.17909800907921,92.0764950159728,7.92350498402719
2013,1.60227590308281,0.311759200037261,81.6058039399726,22.5370923195024,408.029019699863,202,16,2.21241190812909,92.0680206404945,7.93197935950546
2013,1.60156159922762,0.311520858958672,81.4834790017134,22.5268498448724,407.417395008567,203,16,2.26431140420387,92.0599708157769,7.94002918422308
2013,1.60059337296393,0.311271331122507,81.3506339551651,22.5157143575832,406.753169775825,204,16,2.29560451366087,92.0527152045357,7.94728479546425
2013,1.60010793269851,0.31101170353313,81.2113394990588,22.504024640549,406.056697495294,205,16,2.38756678217508,92.045929346499,7.95407065350101
2013,1.59969134056851,0.310744941605316,81.0535584728869,22.4907666220371,405.267792364434,206,16,2.4955065806437,92.0407361876,7.95926381240002
2013,1.59871353856518,0.310473002963095,80.8741095044314,22.4756660096134,404.370547522157,207,16,2.54196252000218,92.0374707772894,7.96252922271059
2013,1.59645151691633,0.310195983079729,80.6851775428949,22.4597421464744,403.425887714475,208,16,2.43742341206,92.035079124736,7.964920875264
2013,1.59394400045989,0.309911701716582,80.5167049080548,22.4455207348784,402.583524540274,209,16,2.31423286707374,92.0308805299391,7.96911947006092
2013,1.59243435741511,0.309621036015482,80.3723723270977,22.4333205722879,401.861861635489,210,16,2.30924189359481,92.0245561419803,7.97544385801971
2013,1.5908274076729,0.309334880720601,80.2287389381255,22.4211643425058,401.143694690628,211,16,2.29090856181676,92.0208449579963,7.97915504200373
2013,1.48990263703081,0.289754284426756,80.0884537116406,22.4092768293126,400.442268558203,212,15,2.20594337923193,91.7541756854934,8.24582431450663
2014,9.53641489196187,1.87110238609038,54.5,19.9420239553624,272.5,141,16,0.843917120510772,98.7209470243915,1.27905297560852
2014,9.53029617496786,1.86972037054901,56.2384729689244,20.1326833616641,281.192364844622,142,16,0.87158850296244,98.6883864729395,1.31161352706053
2014,9.51044741259686,1.86535302155479,57.9701824116254,20.3185597254764,289.850912058127,143,16,0.910198487313053,98.6564688538469,1.3435311461531
2014,9.47101548962464,1.857950269673,59.69019370752,20.499388021551,298.4509685376,144,16,0.91910273150677,98.6250953202678,1.37490467973216
2014,9.42157701461199,1.84742554419135,61.4005303987677,20.6756330426741,307.002651993839,145,16,0.972492250525642,98.5939524760432,1.40604752395682
2014,9.35645194300316,1.83342710421798,63.0902930326581,20.8464289892144,315.45146516329,146,16,1.04566872992476,98.5629216207059,1.43707837929409
2014,9.26910314783868,1.81589199027037,64.7523857633323,21.0113453734736,323.761928816662,147,16,1.0865228107493,98.5315330990634,1.46846690093659
2014,9.1588924993297,1.79437392980557,66.3888271481839,21.1708587322779,331.94413574092,148,16,1.10504599172999,98.4991611463804,1.50083885361963
2014,9.02693182130154,1.76840452264991,67.9995097292715,21.3252071051464,339.997548646357,149,16,1.13215189643823,98.4649960321389,1.53500396786108
2014,8.86846482676955,1.73737865090595,69.5783656124887,21.4740518537891,347.891828062444,150,16,1.15231343797043,98.4280915931317,1.57190840686834
2014,9.1829434390285,1.79852804499446,71.1214810492729,21.6172694822254,355.607405246365,151,17,1.22408515619948,98.4300012967394,1.56999870326055
2014,8.9510731087981,1.75262212657252,72.713121760473,21.7627394886186,363.565608802365,152,17,1.27322260042612,98.3823776025061,1.61762239749386
2014,8.67977992832043,1.69844312219477,74.2485423849215,21.9009829112946,371.242711924607,153,17,1.35797734416981,98.326967735557,1.67303226444298
2014,8.3548512902714,1.63461194688009,75.7127335345658,22.0309692605972,378.563667672829,154,17,1.39590015225597,98.2609161733265,1.73908382667349
2014,7.97539283209986,1.55962970068769,77.1043334300577,22.1528971925797,385.521667150288,155,17,1.46903722522126,98.1795967201419,1.82040327985809
2014,7.52791593508414,1.47171804573976,78.4053923427746,22.2655125645606,392.026961713873,156,17,1.52083776800885,98.0765271222151,1.92347287778489
2014,7.00141843090612,1.36907972046406,79.6065734683266,22.3683322996627,398.032867341633,157,17,1.51506346702021,97.9419166154993,2.05808338450074
2014,6.3891267708166,1.25009466683982,80.7035876757471,22.4612949605529,403.517938378735,158,17,1.46431713476897,97.7604077305639,2.23959226943608
2014,5.69029993262373,1.11369405320543,81.6882709681796,22.5439913864451,408.441354840898,159,17,1.44594730369553,97.5071840949957,2.49281590500435
2014,4.90633816304657,0.960091539750526,82.5368419579381,22.6147011754374,412.684209789691,160,17,1.47790514047533,97.1405743089626,2.85942569103745
2014,4.04952996499907,0.792284738989022,83.2222099893799,22.6714426003591,416.1110499469,161,17,1.50892581535083,96.5877837736318,3.41221622636822
2014,3.16051231182624,0.618360567242366,83.7299961499586,22.713272380961,418.649980749793,162,17,1.51503971200323,95.7221810023036,4.27781899769639
2014,2.32185713409043,0.454276475243714,84.0587436462955,22.740259333168,420.293718231477,163,17,1.52077053149684,94.3569450611288,5.64305493887115
2014,1.66341100301237,0.325470904817722,84.2186057457071,22.7533558702863,421.093028728536,164,17,1.51717589630323,92.4434304216326,7.5565695783674
2014,1.33289204710212,0.260808273737073,84.2474935022683,22.7557206210915,421.237467511342,165,17,1.51524573338577,90.8825705386803,9.11742946131966
2014,1.35687457032885,0.265493276105449,84.2106627654811,22.7527055590948,421.053313827405,166,17,1.51800630039522,91.0390677746721,8.96093222532791
2014,1.45035993276384,0.283848501099287,84.1780773564967,22.7500372645417,420.890386782484,167,17,1.49159244132121,91.5351132976385,8.46488670236154
2014,1.44119460849962,0.281958590106746,84.1694726187411,22.7493325353191,420.847363093705,168,17,1.53073533391525,91.4678652867257,8.53213471327434
2014,1.43264582605232,0.280263685436288,84.1512064557152,22.7478363675677,420.756032278576,169,17,1.53986080599947,91.4060590440986,8.59394095590136
2014,1.42553406660122,0.27879507090545,84.1294059044058,22.7460504044024,420.647029522029,170,17,1.57244769211981,91.3501700321578,8.64982996784217
2014,1.41957220422263,0.277580292705587,84.099666175473,22.7436135210063,420.498330877365,171,17,1.59322425427415,91.3015334646611,8.69846653533892
2014,1.41580678207398,0.276646309485575,84.0645795128291,22.7407377356483,420.322897564146,172,17,1.68178190812012,91.2608377580164,8.73916224198363
2014,1.41336427901477,0.276018114982139,84.0110291195602,22.7363470063495,420.055145597801,173,17,1.75245475749423,91.2301367708081,8.76986322919191
2014,1.41203406354712,0.275718814973604,83.9428570023709,22.7307545825328,419.714285011854,174,17,1.77056237918775,91.2098676614244,8.79013233857559
2014,1.41238675529068,0.275766457833141,83.8707990258875,22.7248399442518,419.353995129438,175,17,1.77974938963332,91.1996312783827,8.80036872161728
2014,1.41513323129596,0.276175386915672,83.7969759837579,22.7187767524021,418.98487991879,176,17,1.84209690184239,91.1996393485039,8.80036065149605
2014,1.41951410074543,0.276958217925593,83.7112345686553,22.7117300127952,418.556172843277,177,17,1.87747922809463,91.2111257134575,8.78887428654248
2014,1.42549195243356,0.278120402549135,83.61929498263,22.7041682793031,418.09647491315,178,17,1.87790512360145,91.2335742780057,8.76642572199427
2014,1.43364062761253,0.27966043849775,83.5284680497123,22.6966923658522,417.642340248562,179,17,1.90187965152607,91.2660644741421,8.73393552585787
2014,1.44401221241181,0.281573989951705,83.4344781687503,22.6889501443943,417.172390843752,180,17,1.95739818030149,91.308605242367,8.69139475763301
2014,1.45622364667579,0.283851429054808,83.3314611863972,22.6804573484813,416.657305931986,181,17,2.01068918930203,91.3611493268658,8.63885067313424
2014,1.47079924979522,0.28647396402349,83.2202307816545,22.6712792120614,416.101153908273,182,17,2.12895303862834,91.4227554047478,8.57724459525216
2014,1.48632345079373,0.28942036419078,83.0882654019691,22.6603790407375,415.441327009845,183,17,2.16997984259278,91.4936073159368,8.50639268406324
2014,1.50275383266838,0.292650442422478,82.9512026517612,22.6490450513859,414.756013258806,184,17,2.14965644477167,91.5708680161223,8.42913198387765
2014,1.52068349764183,0.296116930222821,82.8214939032472,22.6383071518247,414.107469516236,185,17,2.1608294237353,91.651899776521,8.34810022347903
2014,1.53997501642298,0.299771872565776,82.6931395392996,22.627669830463,413.465697696498,186,17,2.21466473804788,91.7357947855097,8.26420521449031
2014,1.55896731530583,0.303560105194533,82.5578794087267,22.6164477358291,412.789397043634,187,17,2.16138540556087,91.8217563791777,8.17824362082236
2014,1.57852181710009,0.307408451763796,82.4370767332351,22.6064142911702,412.185383666176,188,17,2.13696181203947,91.9060909578346,8.0939090421654
2014,1.59881047747422,0.311247286901668,82.3250724499077,22.5971024506925,411.625362249539,189,17,2.19417926402322,91.987723776514,8.01227622348602
2014,1.61901892145338,0.315005974657,82.2056849615516,22.5871670562515,411.028424807758,190,17,2.28679877393131,92.0673805193254,7.93261948067463
2014,1.63756812279609,0.318601963231092,82.0718179628216,22.576014713409,410.359089814108,191,17,2.29082313501977,92.1436936899271,7.85630631007293
2014,1.65450702326591,0.321943243513092,81.9408589398255,22.565092356616,409.704294699127,192,17,2.26302918729997,92.213075306838,7.78692469316205
2014,1.66952586502437,0.324943807085519,81.8188494054984,22.5549054595827,409.094247027492,193,17,2.21899429274826,92.2735440310607,7.72645596893933
2014,1.68281130735257,0.32752015172907,81.708653317359,22.5456957947614,408.543266586795,194,17,2.22135881739659,92.3235197521287,7.67648024787133
2014,1.6939158627299,0.329595020926217,81.600643833359,22.5366604712753,408.003219166795,195,17,2.26381679158738,92.3626194969124,7.63738050308761
2014,1.60178780102116,0.311648251927434,81.4863660225926,22.5270917034663,407.431830112963,196,16,2.21847464217915,92.1586027008366,7.84139729916344
2014,1.60553132701144,0.312475948988136,81.3627335064505,22.5167291041831,406.813667532252,197,16,2.16247276683501,92.1735934305177,7.82640656948224
2014,1.60588780365675,0.312649679675005,81.2510527312008,22.5073588342004,406.255263656004,198,16,2.10561321775773,92.1732385821782,7.82676141782178
2014,1.60498430006628,0.312475194946617,81.1508175474266,22.498941228354,405.754087737133,199,16,2.10278533651881,92.1636926683449,7.83630733165514
2014,1.60385396570331,0.312281329515872,81.050969367212,22.4905489148111,405.25484683606,200,16,2.08725800033141,92.1544716107611,7.84552838923885
2014,1.60372389051944,0.312070224695404,80.9540026943187,22.4823918944695,404.770013471594,201,16,2.18234210250643,92.1447407828581,7.8552592171419
2014,1.60285491913191,0.311845853932468,80.8379952198811,22.4726241740812,404.189976099405,202,16,2.20957166904193,92.1364866211354,7.86351337886462
2014,1.60163763772072,0.311608278676576,80.7163704554304,22.4623729868197,403.581852277152,203,16,2.2072843189236,92.1285544558075,7.87144554419246
2014,1.60013894494929,0.311358370533539,80.5949622210329,22.4521293071225,402.974811105165,204,16,2.18213488683677,92.1204581057842,7.8795418942158
2014,1.59875845116279,0.311097115077392,80.4782866277317,22.4422747992671,402.391433138659,205,16,2.1756342956663,92.1118242803151,7.88817571968493
2014,1.59620543980057,0.310826421781297,80.3626374325418,22.4324971503772,401.813187162709,206,16,2.05547760204451,92.1030165793047,7.89698342069536
2014,1.59503990575453,0.310545089541607,80.2705113147699,22.424701257786,401.352556573849,207,16,2.08124209705096,92.0920325492875,7.90796745071246
2014,1.59342621409892,0.310257945455053,80.1730010441339,22.4164429513179,400.86500522067,208,16,2.06539038132277,92.0815082421359,7.91849175786409
2014,1.59204411934575,0.30996544535339,80.0783403281439,22.4084192790557,400.391701640719,209,16,2.07535640833875,92.0707311846682,7.92926881533184
2014,1.59049135689528,0.309669623316099,79.9814118694805,22.4001965344184,399.907059347402,210,16,2.07000084171757,92.0601978273801,7.93980217261987
2014,1.58866015000832,0.309378141159715,79.8852458870596,22.3920316065696,399.426229435298,211,16,2.03497191026324,92.0522404531614,7.94775954683862
2014,1.48800168417719,0.289790251485588,79.7957213385961,22.3844244071198,398.97860669298,212,15,1.97596519369715,91.7818558358468,8.21814416415317
2015,9.5383460651399,1.87110238609038,54.5,19.9420239553624,272.5,141,16,0.856983869711091,98.7209470243915,1.27905297560852
2015,9.53037620523997,1.86970735826664,56.2362458537199,20.1324417583542,281.1812292686,142,16,0.87257733782149,98.688428785196,1.31157121480397
2015,9.51381394182876,1.8653393560552,57.9677735431208,20.3183038706019,289.838867715604,143,16,0.935473894409114,98.6565143258672,1.34348567413283
2015,9.4759351605505,1.85791259935071,59.6834030730271,20.4986812947822,298.417015365136,144,16,0.957442534563148,98.6252224934573,1.37477750654273
2015,9.42516436333095,1.84735195540429,61.3870557691035,20.6742579790067,306.935278845518,145,16,1.00387206867737,98.5942024903567,1.40579750964326
2015,9.35363079103903,1.83332405800733,63.0712599804861,20.8445230489393,315.35629990243,146,16,1.0261125260406,98.5632710408877,1.43672895911233
2015,9.26752712554347,1.81580727993797,64.7366998369478,21.0098028528269,323.683499184739,147,16,1.07617443532793,98.5318177552581,1.4681822447419
2015,9.15888730378393,1.79429843239365,66.3748958006995,21.1695123932839,331.874479003497,148,16,1.10835038469618,98.4994108295404,1.50058917045958
2015,9.02929494876426,1.76832472598341,67.984916572977,21.3238201728783,339.924582864885,149,16,1.15866817100013,98.4652541533733,1.53474584662667
2015,8.87430594618814,1.73727094671426,69.5589419552847,21.4722350873697,347.794709776423,150,16,1.21690574970051,98.428430490016,1.57156950998395
2015,9.18994357274553,1.79833910003161,71.0903073453,21.6143977703763,355.4515367265,151,17,1.30704922425532,98.4305204935467,1.56947950645331
2015,8.95628637844375,1.75233581379861,72.6667556125751,21.7585333422665,363.333778062876,152,17,1.34681781228672,98.3831393570026,1.61686064299737
2015,8.67926369465758,1.69806443948418,74.1885004176128,21.895614582915,370.942502088064,153,17,1.37407194081536,98.3279411510313,1.67205884896873
2015,8.36013089006123,1.63420333771676,75.6493702181966,22.0253805021548,378.246851090983,154,17,1.49179122959606,98.2619306012799,1.73806939872013
2015,7.97488095961707,1.55909287203706,77.022848767927,22.1458002109109,385.114243839635,155,17,1.49940639174593,98.1808866242174,1.8191133757826
2015,7.52523397886745,1.4711302154933,78.3177328087578,22.2579661394764,391.588664043789,156,17,1.52445235612065,98.0779020347341,1.92209796526593
2015,6.99859187005668,1.3684773230154,79.5176561864015,22.3607582868786,397.588280932007,157,17,1.51787020462718,97.9433027322881,2.05669726771187
2015,6.3879128209478,1.24948637292325,80.6135454410749,22.4536979416673,403.067727205374,158,17,1.4963874961232,97.7618094039564,2.23819059604364
2015,5.6902880850606,1.11305629913999,81.5915737206922,22.5359013493388,407.957868603461,159,17,1.50865624281856,97.5086987824654,2.49130121753457
2015,4.90426115724655,0.959411236065565,82.4276026613754,22.6056269748971,412.138013306877,160,17,1.50871435587252,97.1423202200404,2.85767977995961
2015,4.0469670642789,0.791638686885847,83.1063959539484,22.6618773157686,415.531979769742,161,17,1.52830461544384,96.5897285687423,3.41027143125769
2015,3.15935174810852,0.617808868195177,83.6097965405416,22.7033867329749,418.048982702708,162,17,1.57498777617437,95.7244572582424,4.27554274175761
2015,2.32176517966114,0.453842493633324,83.9263252692253,22.7293979433344,419.631626346126,163,17,1.62851838833394,94.3602854360005,5.63971456399947
2015,1.66375843290664,0.325189581883559,84.0646227273312,22.740741278125,420.323113636656,164,17,1.64391586914444,92.4500762495842,7.54992375041582
2015,1.33377779458091,0.260686999150492,84.0682358709357,22.7410374583967,420.341179354678,165,17,1.6484134570181,90.8958803618686,9.10411963813138
2015,1.358071081303,0.265434155776225,84.0049532782925,22.7358487098807,420.024766391463,166,17,1.64781608668834,91.0565108943522,8.94348910564775
2015,1.45220716702888,0.283770825475486,83.9466504082371,22.7310658535172,419.733252041185,167,17,1.67417777711008,91.5536383993159,8.44636160068411
2015,1.44245932750467,0.281887208967362,83.9019038779963,22.7273935164001,419.509519389982,168,17,1.66396752020501,91.4898988153781,8.51010118462194
2015,1.4337778942649,0.280205290378402,83.8572509489547,22.7237275001035,419.286254744773,169,17,1.65671124796934,91.4309391330024,8.56906086699763
2015,1.4265553808928,0.278753269738248,83.8123141001753,22.7200368001063,419.061570500877,170,17,1.67448128357089,91.3777230546971,8.62227694530286
2015,1.42053568502651,0.277557763136906,83.7623798581973,22.715934042016,418.811899290987,171,17,1.68258189814636,91.3315793203844,8.66842067961555
2015,1.41577471298145,0.27664484505813,83.7096227914499,22.711597499195,418.54811395725,172,17,1.67375683093524,91.2931994290975,8.70680057090252
2015,1.41294798349038,0.276037790543342,83.6576798470617,22.7073260144809,418.288399235308,173,17,1.69839815161745,91.2630446399095,8.73695536009049
2015,1.4114584525636,0.275757187036175,83.6002445719069,22.7026007199922,418.001222859534,174,17,1.69260411466168,91.2423920533699,8.75760794663009
2015,1.41230178195684,0.275820263015828,83.5436716079466,22.6979441568143,417.718358039733,175,17,1.73987968408631,91.2312103320824,8.76878966791758
2015,1.41444167533994,0.276243192115976,83.4778135801439,22.6925205638376,417.38906790072,176,17,1.73636016383568,91.2308905336864,8.76910946631361
2015,1.41852872974849,0.277034399481009,83.4130890406042,22.687187410352,417.065445203021,177,17,1.73859767372556,91.2406575186125,8.75934248138754
2015,1.42474799075046,0.278199750221594,83.3487359818047,22.6818820057944,416.743679909024,178,17,1.76108915262681,91.2606087301137,8.73939126988634
2015,1.43323525972969,0.279740884657605,83.2811300362959,22.6763053502734,416.40565018148,179,17,1.81647545750583,91.2909244539341,8.70907554606593
2015,1.44297134831375,0.281654869234437,83.2041459128086,22.6699512674888,416.020729564043,180,17,1.80835341869386,91.3318261055586,8.66817389444142
2015,1.45391440095464,0.28392583659627,83.1307352620856,22.6638883126869,415.653676310428,181,17,1.74265697328756,91.3813894782346,8.61861052176539
2015,1.46678141556192,0.286530593769537,83.0726542646837,22.6590887828627,415.363271323418,182,17,1.6994821904455,91.4375984943333,8.56240150566669
2015,1.4820590138489,0.289444747565014,83.0257830088765,22.6552138657713,415.128915044383,183,17,1.73036332046911,91.4998595933648,8.50014040663519
2015,1.49872710974494,0.292640844910723,82.9757921586121,22.6510793665164,414.87896079306,184,17,1.75630990826302,91.5684259016709,8.43157409832908
2015,1.51628408141765,0.296077573401249,82.9239467924582,22.6467896549883,414.619733962291,185,17,1.75148082888284,91.6418224383569,8.3581775616431
2015,1.53518081106398,0.299703606531581,82.8765798591696,22.6428688568887,414.382899295848,186,17,1.77925587824847,91.7179577020575,8.28204229794247
2015,1.55477255501472,0.303464450482394,82.8274383756901,22.6387995193536,414.137191878451,187,17,1.80711949903663,91.7958834051421,8.20411659485793
2015,1.57552026672523,0.307295373314588,82.7766436690113,22.6345915117444,413.883218345057,188,17,1.90687624852022,91.8739537795381,8.12604622046189
2015,1.59487671244604,0.311128911375415,82.710048342172,22.629071799201,413.55024171086,189,17,1.87854067971853,91.9518214669954,8.04817853300465
2015,1.61419153511561,0.314881022953553,82.6529929695614,22.6243403356214,413.264964847807,190,17,1.8846155598326,92.0262856948093,7.97371430519069
2015,1.63271771245067,0.318470444620346,82.5985869096673,22.6198264523494,412.992934548337,191,17,1.89460207331369,92.096006096569,7.90399390343097
2015,1.65031664557536,0.321810153011397,82.5458900410717,22.6154523987512,412.729450205359,192,17,1.93578414655748,92.1590603597977,7.84093964020234
2015,1.66584939296748,0.324815541194289,82.4884777595536,22.6106847309956,412.442388797768,193,17,1.94531012850954,92.2145123124861,7.78548768751394
2015,1.67939111874029,0.327400198797466,82.4322681506091,22.6060146952269,412.161340753046,194,17,1.96960678841317,92.2604168958075,7.73958310419251
2015,1.69050867634226,0.329483695850153,82.3739088423052,22.6011637080262,411.869544211526,195,17,2.00705030317846,92.2957640774333,7.70423592256668
2015,1.59882723452592,0.311546873469697,82.3102856747023,22.5958724443541,411.551428373511,196,16,1.99055476057014,92.0856928865287,7.91430711347134
2015,1.60380110982929,0.31237762112517,82.2316267742547,22.5893267816557,411.158133871274,197,16,2.05749809489783,92.0969186459307,7.90308135406933
2015,1.60470506602186,0.312551838011584,82.1405757633539,22.5817444480629,410.70287881677,198,16,2.05657488825914,92.094700987426,7.90529901257403
2015,1.60353600851805,0.312375835035283,82.0498922365449,22.5741868922074,410.249461182724,199,16,2.02891334770039,92.0841220738755,7.9158779261245
2015,1.60302252197234,0.312179758932824,81.9645092384771,22.5670657588497,409.822546192386,200,16,2.0754312882446,92.0734272151582,7.92657278484179
2015,1.60195679078373,0.311967641192912,81.8697218582453,22.5591542205788,409.348609291227,201,16,2.07581196396015,92.0633021029463,7.93669789705367
2015,1.60108976458578,0.31174000241353,81.7746472980962,22.551212296724,408.873236490481,202,16,2.10397513258057,92.052973632516,7.94702636748401
2015,1.6000288202764,0.311499009763509,81.6737687947937,22.5427785084143,408.368843973969,203,16,2.11970672479137,92.0429681139455,7.95703188605449
2015,1.59882420552094,0.311245926124497,81.5695339948359,22.5340564921306,407.847669974179,204,16,2.12719582780532,92.0331037111345,7.96689628886553
2015,1.59791301794187,0.310982092407107,81.4635627214177,22.5251812066544,407.317813607089,205,16,2.17061476296156,92.0232707303906,7.97672926960939
2015,1.59727234415397,0.310709870637091,81.3487277167403,22.5155544785127,406.743638583701,206,16,2.24833338955181,92.0141457312991,7.98585426870088
2015,1.5960815485116,0.310431612701519,81.218223320531,22.5046026651884,406.091116602655,207,16,2.27136544928415,92.0063833098192,7.99361669018078
2015,1.59494108095112,0.310147544115389,81.082877137831,22.4932315696091,405.414385689155,208,16,2.30341589597764,91.999047865379,8.00095213462095
2015,1.5935498866028,0.309859366128736,80.9408956369444,22.4812887815958,404.704478184722,209,16,2.31020047234795,91.9923390771865,8.00766092281349
2015,1.59213473593507,0.309567917170732,80.7972819617616,22.4691938400521,403.986409808808,210,16,2.316185544764,91.9858391082483,8.01416089175166
2015,1.59068656452767,0.309281257043004,80.6521912299326,22.4569592777106,403.260956149663,211,16,2.31569193221837,91.9821594787508,8.01784052124925
2015,1.48981678249108,0.289702625811361,80.5069125785271,22.4446934898244,402.534562892636,212,15,2.23576436750056,91.714625079132,8.285374920868
2016,9.54580473332209,1.87110238609038,54.5,19.9420239553624,272.5,141,16,0.909378839671209,98.7209470243915,1.27905297560852
2016,9.53884734531279,1.86965483888713,56.2272585933643,20.1314667289745,281.136292966822,142,16,0.935336439328142,98.6885995303644,1.31140046963561
2016,9.51633788749712,1.86522673587575,57.9479287212016,20.3161957962909,289.739643606008,143,16,0.958634321873633,98.656888931019,1.34311106898106
2016,9.47014158804876,1.85777955292767,59.659431033633,20.4961859866279,298.297155168165,144,16,0.91869843394159,98.6256714290345,1.37432857096553
2016,9.41549875969667,1.84725698405993,61.3696739455261,20.6724838819194,306.848369727631,145,16,0.932066898836291,98.5945249960637,1.40547500393631
2016,9.34438711610982,1.83329722834967,63.066306162111,20.8440269155191,315.331530810555,146,16,0.952909859186722,98.5633619851191,1.4366380148809
2016,9.2623740712524,1.81584961299469,64.7445378469658,21.0105736586239,323.722689234829,147,16,1.02993110730852,98.5316755175075,1.46832448249249
2016,9.15281470864974,1.79438544140538,66.3909518113763,21.1710640444931,331.954759056881,148,16,1.05022202544987,98.4991230670786,1.50087693292144
2016,9.02226770558026,1.76846942809078,68.0113836109667,21.3263354447408,340.056918054833,149,16,1.08568285654142,98.4647860068695,1.53521399313049
2016,8.86357243903813,1.7374907983732,69.598600374354,21.4759441099295,347.99300187177,150,16,1.09985958540343,98.427738539383,1.57226146061705
2016,9.17583575165656,1.79870821527879,71.151227904124,21.6200089353199,355.75613952062,151,17,1.14578863787562,98.4295058541361,1.57049414586394
2016,8.93937290967511,1.75289346380115,72.7571060535717,21.7667278354897,363.785530267859,152,17,1.13986129389847,98.3816549599218,1.61834504007825
2016,8.66044345833734,1.69887342057636,74.3168583580336,21.9070873366975,371.584291790168,153,17,1.125281982641,98.3258601406068,1.67413985939316
2016,8.33142488430706,1.63532646228454,75.8237203524075,22.0407506468641,379.118601762038,154,17,1.09223866633866,98.2591392319439,1.74086076805608
2016,7.95064704099729,1.56072767083641,77.2713655907996,22.1674286883951,386.356827953998,155,17,1.10161986083116,98.1769524639396,1.8230475360604
2016,7.50677362031122,1.47329346703117,78.6409560578022,22.2857626587556,393.204780289011,156,17,1.13502276734532,98.0728321978518,1.92716780214824
2016,6.98361650636385,1.37116342741917,79.9150674828577,22.3945643276908,399.575337414288,157,17,1.11588434437816,97.9371073981491,2.06289260185092
2016,6.38151610588095,1.25268561386578,81.08835113424,22.4936917234535,405.4417556712,158,17,1.14736176587342,97.7544182435204,2.24558175647959
2016,5.68642555755129,1.11663017666372,82.1348953489576,22.5812712136791,410.674476744788,159,17,1.12926851631276,97.5001888151505,2.49981118484955
2016,4.90621627512783,0.963252644644162,83.0460173224615,22.656886853832,415.230086612308,160,17,1.15502019505855,97.1324390639431,2.86756093605692
2016,4.05265237531706,0.795476368336468,83.7959260699114,22.7186904946338,418.979630349557,161,17,1.18550313853246,96.5781577062185,3.42184229378151
2016,3.16784839475425,0.621287505263409,84.3690072623047,22.7656615497206,421.845036311524,162,17,1.26996212366591,95.710104536932,4.28989546306806
2016,2.32864286856915,0.456534187505982,84.748221412724,22.7966206886171,423.74110706362,163,17,1.31112760683435,94.3396279171027,5.6603720828973
2016,1.66714369787075,0.326811561836991,84.9513515310938,22.8131645867893,424.756757655469,164,17,1.3255763287292,92.4120059380118,7.58799406198822
2016,1.33320188639583,0.261334502429718,85.0192867155597,22.8186914035778,425.096433577799,165,17,1.33306461186112,90.8255759269767,9.17442407302332
2016,1.35598356244865,0.265729931889925,85.0189340759316,22.8186627227897,425.094670379658,166,17,1.36006704110478,90.9708096475777,9.02919035242232
2016,1.45035410660854,0.284134822424935,85.017737295054,22.8185653859222,425.08868647527,167,17,1.39236804605062,91.468176603198,8.53182339680196
2016,1.4415468864356,0.282192564102587,85.0289544538808,22.8194776650873,425.144772269404,168,17,1.4763203968455,91.3973738166494,8.60262618335062
2016,1.43326408017336,0.280441312771245,85.0216193997956,22.8188811227146,425.108096998978,169,17,1.5291773120974,91.332670897711,8.66732910228901
2016,1.42543864176766,0.278914740135422,85.0020565967655,22.8172899513958,425.010282983828,170,17,1.52702798860698,91.2746156398199,8.72538436018007
2016,1.4182904958368,0.277643756192915,84.981359091373,22.8156062093872,424.906795456865,171,17,1.47427602115643,91.2232545985819,8.77674540141806
2016,1.41446619982008,0.27665464000796,84.9697829004613,22.8146643616516,424.848914502306,172,17,1.57489121094847,91.178567652245,8.82143234775505
2016,1.41118842136891,0.275971032635406,84.9373191198166,22.812022606502,424.686595599083,173,17,1.59300448756395,91.1441146915534,8.85588530844663
2016,1.40939573916653,0.275615969065223,84.9005779892005,22.809031930962,424.502889946002,174,17,1.59444528946198,91.119181943663,8.88081805633699
2016,1.40957666075845,0.27560753526094,84.8631911343044,22.8059877682867,424.315955671522,175,17,1.61329371460394,91.1040471665179,8.89595283348205
2016,1.41147279120121,0.275961763306681,84.8220717662081,22.8026386123655,424.110358831041,176,17,1.62002433473861,91.0994643870043,8.90053561299569
2016,1.41509077927158,0.276689127808876,84.7799865838029,22.7992096192891,423.899932919014,177,17,1.61047279498902,91.1054450209512,8.89455497904884
2016,1.42020107053345,0.277795386699698,84.7405364133709,22.7959942428191,423.702682066854,178,17,1.56329465860792,91.1217022196061,8.87829778039386
2016,1.42787759045638,0.279279280243575,84.7115449631525,22.793630636647,423.557724815762,179,17,1.57037145914042,91.1472998762453,8.85270012375474
2016,1.43799901874665,0.281139108968765,84.6826742156805,22.7912763107528,423.413371078402,180,17,1.62166606080511,91.1828987690404,8.81710123095961
2016,1.44937902581078,0.283367386906939,84.6455695879738,22.7882497141139,423.227847939869,181,17,1.61956269085619,91.2287533704702,8.77124662952978
2016,1.4628698857122,0.285942909413533,84.6111626034184,22.7854423358072,423.055813017092,182,17,1.64595940296813,91.2829515195074,8.71704848049262
2016,1.47779261177478,0.288842728986789,84.5741753439477,22.7824235368838,422.870876719739,183,17,1.65274521769098,91.3449997486358,8.65500025136425
2016,1.49477592507828,0.292032505979454,84.5388164274335,22.7795367784501,422.694082137167,184,17,1.70896647772841,91.4132613352273,8.58673866477272
2016,1.51328687919605,0.295474968008462,84.4956108380366,22.776008262513,422.478054190183,185,17,1.7865832423079,91.4872912369117,8.51270876308827
2016,1.53213865019141,0.299122097464689,84.4405852038312,22.77151260557,422.202926019156,186,17,1.8009875132399,91.5659329628141,8.43406703718593
2016,1.55121884492351,0.30291114253137,84.3864504885212,22.7670877447593,421.932252442606,187,17,1.77121006355508,91.6462990625242,8.35370093747576
2016,1.57157731441864,0.306773394418909,84.3420886935713,22.7634602273116,421.710443467856,188,17,1.82089024590444,91.7258564915578,8.27414350844215
2016,1.59167350943445,0.310641285561169,84.2918636930543,22.7593516630627,421.459318465271,189,17,1.84462888578708,91.8043724512005,8.19562754879946
2016,1.61106999701992,0.314435696640417,84.2409114872956,22.755181867281,421.204557436478,190,17,1.83967456530901,91.8804837578062,8.11951624219381
2016,1.62919974423859,0.318069667611192,84.1948307416277,22.7514092250922,420.974153708138,191,17,1.79711405349653,91.9516006969411,8.04839930305887
2016,1.64695724288152,0.321452183925773,84.1608892187744,22.7486295036359,420.804446093872,192,17,1.83272154088891,92.0150009146498,7.98499908535022
2016,1.66315283898234,0.324499254234139,84.1233785586815,22.7455565701817,420.616892793407,193,17,1.88171797154013,92.0705307015212,7.92946929847874
2016,1.6775838474633,0.327123724701369,84.0793086806911,22.7419450747345,420.396543403456,194,17,1.96660699058174,92.1169527529488,7.88304724705125
2016,1.68914184556445,0.329242881893405,84.0211483128903,22.7371768535033,420.105741564451,195,17,2.02774883366472,92.1535300328564,7.84646996714358
2016,1.59786173747937,0.311341246937587,83.9530726396454,22.7315928125587,419.765363198227,196,16,2.03145570546559,91.9405319011518,8.05946809884821
2016,1.60215145679376,0.312189092298426,83.866001277162,22.7244460113373,419.33000638581,197,16,2.02377162349428,91.9529163617892,8.04708363821076
2016,1.60198591477536,0.312367722972531,83.7813268480113,22.7174909883442,418.906634240056,198,16,1.92045228712845,91.9500648240679,8.04993517593207
2016,1.60047669241462,0.312187816587244,83.7172852803578,22.7122274612105,418.586426401789,199,16,1.86632709251648,91.936790176966,8.06320982303404
2016,1.59872601067287,0.311986945971073,83.6637684904945,22.7078268046173,418.318842452473,200,16,1.80228671870183,91.9229249144338,8.0770750855662
2016,1.59767237231388,0.311767178079544,83.6227109576085,22.7044493358162,418.113554788042,201,16,1.80782073663208,91.9076627005034,8.0923372994966
2016,1.59657920575409,0.311531624187199,83.5803369022407,22.7009623552548,417.901684511203,202,16,1.81694552063473,91.892253512192,8.10774648780801
2016,1.59600205817784,0.311281910528606,83.5359202953287,22.6973059692743,417.679601476643,203,16,1.87822781353245,91.8767963619901,8.12320363800992
2016,1.59547287070485,0.311020812508603,83.4791328861722,22.6926292416498,417.395664430861,204,16,1.95135604058796,91.8622492589703,8.13775074102966
2016,1.59483941908017,0.310750196530233,83.4076153782531,22.6867362608839,417.038076891266,205,16,2.02179751512305,91.8488661845001,8.15113381549993
2016,1.59378808873746,0.310471588126717,83.3218846216932,22.6796674777675,416.609423108466,206,16,2.05711411205035,91.836645446246,8.163354553754
2016,1.59238995587691,0.310185706416854,83.2288823517541,22.6719933997637,416.144411758771,207,16,2.06211072673716,91.8250063692514,8.17499363074862
2016,1.59072761354817,0.309893332971768,83.1346033682853,22.6642078710641,415.673016841426,208,16,2.04430412426365,91.8134470662199,8.1865529337801
2016,1.58906677973916,0.309595381243556,83.0435554909917,22.6566833229607,415.217777454958,209,16,2.02962273104194,91.8015942638208,8.19840573617916
2016,1.58780500521211,0.309293374685616,82.9551138905519,22.6493686602912,414.77556945276,210,16,2.05620862974678,91.7895362468659,8.21046375313414
2016,1.58638762494271,0.308996534051418,82.861104847296,22.6415875742437,414.30552423648,211,16,2.06485173104743,91.7806872595523,8.21931274044769
2016,1.48594043712179,0.289419136964071,82.765085919222,22.6336337768096,413.82542959611,212,15,2.01868487319117,91.5015588980541,8.49844110194592
2017,9.52569145618007,1.87110238609038,54.5,19.9420239553624,272.5,141,16,0.774901916837082,98.7209470243915,1.27905297560852
2017,9.51910103514031,1.86978847055658,56.2501313225027,20.133947981689,281.250656612514,142,16,0.795193000584511,98.6881649780532,1.31183502194679
2017,9.49915507482824,1.86549307387442,57.9948807978151,20.3211826054661,289.974403989076,143,16,0.82731779064998,98.6560026183279,1.34399738167204
2017,9.46208326448485,1.85816655139617,59.7292096671024,20.5034474730835,298.646048335512,144,16,0.848545943663042,98.6243646243502,1.37563537564977
2017,9.40811488690196,1.84770565601908,61.4518710909709,20.6808703488698,307.259355454855,145,16,0.863121820553448,98.5929998503565,1.40700014964347
2017,9.33804326558344,1.83380841881531,63.1608151126319,20.8534874694044,315.80407556316,146,16,0.887195986984137,98.5616268843555,1.43837311564447
2017,9.24435726365695,1.81642326835577,64.8509202272978,21.0210290915915,324.254601136489,147,16,0.868631981559754,98.529744886787,1.47025511321305
2017,9.13928245904468,1.7951157477687,66.5259899180064,21.1841037746024,332.629949590032,148,16,0.911663490199358,98.4967027138831,1.50329728611688
2017,9.01076217607066,1.76934233582375,68.171425913141,21.341530408305,340.857129565705,149,16,0.951060430071766,98.4619549946154,1.53804500538459
2017,8.85423133295533,1.73851171229611,69.7832646362949,21.4931953186634,348.916323181475,150,16,0.973097939294483,98.4245163031791,1.57548369682089
2017,9.16819772583624,1.79996546733363,71.35937443562,21.6391553062275,356.7968721781,151,17,1.02249594901146,98.4260388419269,1.57396115807315
2017,8.93690481078387,1.7543159189526,72.9883812038419,21.7876714808333,364.941906019209,152,17,1.05230524791636,98.3778548934272,1.6221451065728
2017,8.66076976397396,1.70043223583185,74.5651482237596,21.9292405828429,372.825741118798,153,17,1.05552145514464,98.3218343091422,1.67816569085784
2017,8.33940111593017,1.63700907364271,76.086024155698,22.0638281641812,380.43012077849,154,17,1.0893945634029,98.2549392672894,1.74506073271056
2017,7.95900141997671,1.56245938336098,77.5358294583401,22.1903918586871,387.6791472917,155,17,1.09978674865847,98.1727654176925,1.82723458230747
2017,7.51689790202126,1.47506836743034,78.9074529922299,22.3086210045279,394.537264961149,156,17,1.15064483880353,98.0686517539281,1.93134824607195
2017,6.99781380166789,1.37294824245176,80.18045998892,22.4170749089044,400.9022999446,157,17,1.18261828208223,97.9329699107793,2.06703008922064
2017,6.39553528280718,1.25439449881412,81.3432310615547,22.5150934511927,406.716155307774,158,17,1.22518731449506,97.7504506663921,2.24954933360789
2017,5.70351280725811,1.11821531828632,82.3770085858155,22.6014214275088,411.885042929078,159,17,1.2763390171947,97.4963972076788,2.50360279232115
2017,4.91980782978222,0.964589435610481,83.2621284309534,22.674737384512,416.310642154767,160,17,1.28521625680568,97.1289874833386,2.87101251666136
2017,4.06150494973743,0.796545583751258,83.9887111183552,22.7345165222918,419.943555591776,161,17,1.26578486419165,96.5749260260966,3.42507397390339
2017,3.1724612127985,0.62210327232139,84.5475016739283,22.7802459338037,422.737508369641,162,17,1.28603772904789,95.7067385660874,4.29326143391262
2017,2.33149895641873,0.457110621233084,84.9244186668742,22.8109726307949,424.622093334371,163,17,1.3097638441148,94.3352226069857,5.66477739301427
2017,1.66837878251296,0.3271359498619,85.1283881136695,22.8275608300423,425.641940568348,164,17,1.3027140938732,92.4044628236893,7.5955371763107
2017,1.33371760167059,0.261459450062343,85.2011380429388,22.8334706525708,426.005690214694,165,17,1.32617288166355,90.8122198977172,9.18778010228278
2017,1.35603389161732,0.26578457062953,85.202262025215,22.8335619313997,426.011310126075,166,17,1.34514033023451,90.9553895739189,9.04461042608106
2017,1.45038365245372,0.284199308053327,85.2040557455242,22.8337075980519,426.020278727621,167,17,1.37314347657463,91.4533821180613,8.54661788193873
2017,1.44080802669622,0.282245292323212,85.2191187404661,22.834930768004,426.095593702331,168,17,1.40242527342662,91.3818358710677,8.61816412893226
2017,1.43224097400835,0.280484124791301,85.2264098453647,22.8355227781078,426.132049226823,169,17,1.43445313045049,91.3154656235149,8.68453437648514
2017,1.42438445428004,0.278946480508144,85.2255817719053,22.835455543456,426.127908859526,170,17,1.43412587913708,91.2553272094645,8.74467279053552
2017,1.41777957359145,0.277662317478722,85.2232478670746,22.8352660417811,426.116239335373,171,17,1.43048953492512,91.2018458543705,8.79815414562952
2017,1.4125501480397,0.27665810747161,85.2203203178279,22.8350283339644,426.101601589139,172,17,1.42267681188009,91.1558630404989,8.84413695950106
2017,1.40840778815197,0.275958050228609,85.2179095069407,22.8348325794086,426.089547534704,173,17,1.37974473289337,91.1181271310172,8.8818728689828
2017,1.40584294793017,0.275582757857901,85.2232567048048,22.8352667593684,426.116283524024,174,17,1.33227136271242,91.0887049015231,8.91129509847687
2017,1.40639143981049,0.275549256652439,85.2375854646302,22.8364301275517,426.187927323151,175,17,1.38527673214162,91.0680715580868,8.93192844191316
2017,1.40864322360304,0.275876190643559,85.2414224627718,22.8367416346245,426.207112313859,176,17,1.42961910010226,91.0585723286739,8.94142767132612
2017,1.4126610986876,0.276576005225341,85.2368412406148,22.8363697065199,426.184206203074,177,17,1.46417277701781,91.0603573007531,8.93964269924687
2017,1.41916595982624,0.277656527951592,85.2261529816221,22.8355019223447,426.13076490811,178,17,1.54347825734817,91.073332254242,8.92666774575798
2017,1.42718083620152,0.279123381727488,85.2009048868678,22.8334517178139,426.004524434339,179,17,1.5862604643473,91.0982467406157,8.90175325938428
2017,1.43732289425876,0.280971337417715,85.1687040057866,22.8308363162189,425.843520028933,180,17,1.64507239038479,91.1340107347544,8.86598926524559
2017,1.44915382257473,0.283191489385564,85.126770016673,22.8274293443228,425.633850083365,181,17,1.68582491524174,91.1803220227333,8.81967797726676
2017,1.4622828469182,0.285765374875113,85.079052833032,22.8235510874659,425.39526416516,182,17,1.68131031793962,91.2359626614112,8.76403733858882
2017,1.47744560142463,0.288664523969036,85.0348656503118,22.8199583824304,425.174328251559,183,17,1.70917456513594,91.29895728194,8.70104271806003
2017,1.49441913835904,0.291858271786887,84.9881393480701,22.8161578147271,424.940696740351,184,17,1.76388811712135,91.3686814480418,8.63131855195821
2017,1.51255394962144,0.295307334185458,84.933866286311,22.8117415891779,424.669331431555,185,17,1.8055655650003,91.4442207443239,8.55577925567608
2017,1.53211285644343,0.298960808754926,84.874886137343,22.8069401149659,424.374430686715,186,17,1.8821027950065,91.5237354409852,8.47626455901484
2017,1.5523204920104,0.302762766771154,84.8045118836297,22.8012080222164,424.022559418148,187,17,1.94884918675499,91.6062027867204,8.39379721327964
2017,1.57288177181547,0.306645626293904,84.7248317329564,22.7947139463631,423.624158664782,188,17,2.01000583797657,91.6896625166931,8.31033748330692
2017,1.59317219343187,0.310534635510854,84.6370345983586,22.7875533906075,423.185172991793,189,17,2.0414638708225,91.7722122332838,8.22778776671617
2017,1.61332584698707,0.314349556856156,84.5470062336454,22.7802054821862,422.735031168227,190,17,2.0965466444048,91.8523931868956,8.1476068131044
2017,1.63270955589418,0.31800530525983,84.449994383192,22.7722814909253,422.24997191596,191,17,2.15630989068495,91.9285311576261,8.07146884237387
2017,1.65040702400718,0.32141115603345,84.3449091312322,22.7636908974792,421.724545656161,192,17,2.17517797624649,91.9985974397884,8.00140256021158
2017,1.66656174324402,0.324476609743017,84.2395924543635,22.7550738977233,421.197962271817,193,17,2.21452803676187,92.0603038587238,7.93969614127615
2017,1.68049266751741,0.327115203698501,84.129639397213,22.746069534506,420.648196986065,194,17,2.25053361423961,92.1125723725066,7.88742762749342
2017,1.69168795067077,0.329243749171205,84.0152741981365,22.736695142025,420.076370990682,195,17,2.27456959685104,92.1540367995862,7.84596320041377
2017,1.60014963237614,0.311348169383246,83.8983437408152,22.7271012781688,419.491718704076,196,16,2.26125054036296,91.9453633547795,8.05463664522053
2017,1.60468262223731,0.312200783337128,83.765772357519,22.7162128346474,418.828861787595,197,16,2.27464876695601,91.9617390504426,8.03826094955737
2017,1.60577996283196,0.312384732257575,83.6314312205041,22.7051667774686,418.157156102521,198,16,2.28817926295727,91.9632661804987,8.03673381950134
2017,1.6048876003596,0.312213197865601,83.4946067639235,22.6939038127243,417.473033819618,199,16,2.2839909983999,91.9564483837623,8.04355161623768
2017,1.60406325591247,0.312021949614633,83.3584448336703,22.6826826072498,416.792224168352,200,16,2.29830980872551,91.9499435761403,8.05005642385973
2017,1.60295670987635,0.311813773590986,83.2192575754704,22.6711988705866,416.096287877352,201,16,2.29121763015011,91.9434529929198,8.05654700708018
2017,1.60213309223936,0.311589765344906,83.0812707928179,22.6598009583598,415.406353964089,202,16,2.32427003939662,91.9366377017224,8.06336229827756
2017,1.60130403945458,0.311352428466212,82.9365120978162,22.6478294862204,414.682560489081,203,16,2.36481641342846,91.9302429428015,8.06975705719849
2017,1.59988571744745,0.311103528285923,82.7834817432474,22.6351581060656,413.917408716237,204,16,2.34571133773353,91.924442648672,8.07555735132799
2017,1.59842966225141,0.310843237291458,82.6339923290698,22.6227641533563,413.169961645349,205,16,2.32913419698927,91.918218340943,8.08178165905699
2017,1.59725679734604,0.310573142807119,82.4875306071609,22.6106060575658,412.437653035805,206,16,2.34999421297161,91.9116482788976,8.08835172110244
2017,1.59571238821378,0.310295661963345,82.3366656839299,22.59806670144,411.68332841965,207,16,2.33333521532219,91.9054348656711,8.09456513432893
2017,1.59413435746998,0.310011392163309,82.1888271239715,22.5857633414621,410.944135619858,208,16,2.31697738518801,91.8989436662802,8.10105633371975
2017,1.59270615851381,0.30972180390204,82.0439478702816,22.5736912860572,410.219739351408,209,16,2.32044942331859,91.8922123289052,8.10778767109482
2017,1.59176031831871,0.309428835217179,81.8980918199106,22.5615228213673,409.490459099553,210,16,2.38046210185503,91.8856301773847,8.11436982261527
2017,1.59056098512006,0.309142057936489,81.7400473099764,22.5483204366828,408.700236549882,211,16,2.408486995815,91.8828686662287,8.11713133377125
2017,1.49013615283373,0.289569361269242,81.576161437874,22.5346112853764,407.88080718937,212,15,2.37940075450003,91.6136611560883,8.38633884391174
2018,9.56891566860506,1.87110238609038,54.5,19.9420239553624,272.5,141,16,1.0929514397277,98.7209470243915,1.27905297560852
2018,9.55985435446222,1.86946717010557,56.1951662604096,20.1279841396963,280.975831302048,142,16,1.11360736989847,98.6892092266928,1.31079077330723
2018,9.53565637503609,1.86486562760655,57.8843837134712,20.309442154785,289.421918567356,143,16,1.13406114618981,98.6580884045515,1.34191159544848
2018,9.49579362738643,1.85725261338996,59.5646646102374,20.4863146707135,297.823323051187,144,16,1.15151879003463,98.6274460667732,1.37255393322679
2018,9.44570628619513,1.8465110821903,61.2334742922385,20.658570359722,306.167371461192,145,16,1.22392858390666,98.5970518977062,1.40294810229381
2018,9.3748902046233,1.83227327980028,62.877776393213,20.8251251145697,314.388881966065,146,16,1.27075124867154,98.5668228044077,1.43317719559233
2018,9.28594710847985,1.81451655518914,64.498541551216,20.9863508056084,322.49270775608,147,16,1.31736345394286,98.5361392167784,1.4638607832216
2018,9.17574307179975,1.79276024919551,66.0921853357952,21.1421483260759,330.460926678976,148,16,1.35610593367947,98.5044770844887,1.49552291551131
2018,9.04092363902551,1.76651839830546,67.6560283372172,21.2925074821485,338.280141686086,149,16,1.37589217697011,98.4710707174832,1.52892928251683
2018,8.88049912269595,1.73520947763547,69.1889375164938,21.4375594853155,345.944687582469,150,16,1.39863791347894,98.4348852922464,1.56511470775357
2018,9.18998099012439,1.79587132432949,70.6851987102252,21.5769992277064,353.425993551126,151,17,1.44482077668002,98.4372665937206,1.56273340627943
2018,8.95343999306741,1.74965015290677,72.2341045397263,21.7191945616505,361.170522698632,152,17,1.4703023613506,98.3902463924039,1.60975360759616
2018,8.67080187754561,1.6951609485709,73.7305883815119,21.854572908126,368.652941907559,153,17,1.44594156757737,98.3353638739769,1.66463612602306
2018,8.34300505012336,1.63113093383772,75.1753980173249,21.9834714728444,375.876990086625,154,17,1.46522174176418,98.2695177643285,1.73048223567146
2018,7.95973869134297,1.55596724736089,76.550772277112,22.1045809626186,382.75386138556,155,17,1.50402833227686,98.1883587664887,1.81164123351126
2018,7.50884058311801,1.4679230926239,77.841711079324,22.216883315137,389.20855539662,156,17,1.51706976306179,98.0853676510239,1.91463234897605
2018,6.98124364562922,1.36522625399084,79.0398406234915,22.3199563410547,395.199203117458,157,17,1.4985747732436,97.9507509799365,2.04924902006346
2018,6.37336405587978,1.24624860365285,80.1361283321226,22.413318316131,400.680641660613,158,17,1.52521897683045,97.7692413855698,2.2307586144302
2018,5.67493839729066,1.1098392080172,81.1054901996543,22.4951323236834,405.527450998272,159,17,1.52355674522273,97.5163137901541,2.48368620984588
2018,4.89328912910429,0.956337151356354,81.9354795152102,22.5646434371627,409.677397576051,160,17,1.61635401097455,97.1501880544552,2.8498119455448
2018,4.03696392539593,0.788753928929916,82.5905615567305,22.6191604411115,412.952807783652,161,17,1.6629693536549,96.598397357108,3.40160264289199
2018,3.15089245267279,0.615304005177777,83.0650406599537,22.6584594584029,415.325203299768,162,17,1.74045692331694,95.7347921900323,4.26520780996769
2018,2.31494495063246,0.451941771690634,83.3467968458163,22.68172209495,416.733984229081,163,17,1.78184113757832,94.3749604487798,5.62503955122022
2018,1.66028085313087,0.32407374532002,83.4530799421146,22.6904829091869,417.265399710573,164,17,1.81053025480246,92.476616305088,7.52338369491195
2018,1.33359962852758,0.26025325654508,83.4226898213056,22.687978674785,417.113449106528,165,17,1.84092538157746,90.9440386245541,9.05596137544589
2018,1.35987606433172,0.265240821896519,83.3208851679155,22.6795850396269,416.604425839578,166,17,1.91476176897045,91.1147238956788,8.88527610432125
2018,1.45414141102641,0.283527031290455,83.2095709858058,22.6703991740231,416.047854929029,167,17,1.96438781915185,91.6128586535719,8.38714134642814
2018,1.44519080520381,0.28167930903533,83.107187337631,22.6619427090523,415.535936688155,168,17,2.01780506757322,91.5555892913265,8.44441070867351
2018,1.43704281999309,0.280038171273648,82.9923325631457,22.6524475347885,414.961662815728,169,17,2.04496820330567,91.5044241971503,8.49557580284967
2018,1.4299006132056,0.278634428973386,82.8704182891724,22.6423587181197,414.352091445862,170,17,2.04927832142715,91.4598779447965,8.54012205520351
2018,1.42368932755243,0.277495773893129,82.7462164221341,22.6320699523274,413.73108211067,171,17,2.0068289650072,91.4224362105,8.5775637895
2018,1.4197054105885,0.276646675533048,82.6292650737227,22.622371968597,413.146325368613,172,17,2.04513843292699,91.392045476195,8.60795452380496
2018,1.41687652886324,0.276108673851881,82.5038577636832,22.6119621539657,412.519288818416,173,17,2.03517839457989,91.3708580289192,8.62914197108077
2018,1.41581316052407,0.275900668197766,82.3798795756744,22.6016601218813,411.899397878372,174,17,2.0331528642709,91.3585934148331,8.64140658516694
2018,1.41703674197583,0.276038881333342,82.2560966566124,22.5913635297414,411.280483283062,175,17,2.08778860191181,91.3558450075271,8.64415499247289
2018,1.41925633410037,0.276538158177571,82.1216341174796,22.5801663338834,410.608170587398,176,17,2.04680984095165,91.3640060133787,8.63599398662128
2018,1.42341303621376,0.277403195887883,81.9958142791267,22.5696772694229,409.979071395634,177,17,2.013438544544,91.3813377030522,8.61866229694778
2018,1.4295617433924,0.278637481516544,81.8775028538039,22.5598039108184,409.387514269019,178,17,1.99129835331971,91.4078787783979,8.59212122160207
2018,1.43872893367574,0.280239775419793,81.7648518342492,22.5503936803827,408.824259171246,179,17,2.09159844960345,91.4435527491444,8.55644725085556
2018,1.44901585070758,0.282211413380923,81.6339767166081,22.5394497576476,408.16988358304,180,17,2.10704435171226,91.4903163558056,8.5096836441944
2018,1.46055325039379,0.284534136432611,81.5020726656582,22.5284074142716,407.510363328291,181,17,2.06185593369173,91.5457778453975,8.45422215460252
2018,1.47360646213962,0.287183371854137,81.3815166416455,22.5183041709951,406.907583208228,182,17,2.00186903627327,91.6078240480053,8.39217595199468
2018,1.48862751946866,0.290130745144798,81.2755712365958,22.5094167610168,406.377856182979,183,17,1.98917300554422,91.6750991544173,8.3249008455827
2018,1.50491781911564,0.293345760156934,81.1751715159142,22.5009871055765,405.875857579571,184,17,1.96647227316799,91.7473384916359,8.25266150836412
2018,1.52278446905845,0.296786201066326,81.0825721363277,22.4932059300051,405.412860681638,185,17,1.9860218009318,91.8230095952594,8.17699040474066
2018,1.54170679715422,0.300406305458427,80.9896381385006,22.4853904066257,404.948190692503,186,17,2.01858593446394,91.9014974426621,8.09850255733788
2018,1.56111412966256,0.30415031748146,80.8939777329224,22.4773390679601,404.469888664612,187,17,2.03567688471872,91.9815203583524,8.01847964164761
2018,1.5808721404166,0.307953133862963,80.798782602915,22.4693202993718,403.993913014575,188,17,2.05729818687981,92.0612041336772,7.93879586632278
2018,1.60023303282089,0.311744535257999,80.7032167924726,22.4612636806098,403.516083962363,189,17,2.04522441117888,92.1390463491037,7.86095365089635
2018,1.61926962636169,0.315448687182973,80.6139398896627,22.4537312348703,403.069699448314,190,17,2.04547052127304,92.2136980854772,7.78630191452279
2018,1.63749348845026,0.31898502058836,80.5284229172532,22.4465105670428,402.642114586266,191,17,2.05039591729051,92.2835085453259,7.71649145467408
2018,1.65447175007621,0.32226961955031,80.4455673851651,22.4395095200076,402.227836925826,192,17,2.05967910174024,92.3466755522692,7.65332444773084
2018,1.66990212882347,0.32521969671837,80.3642525525315,22.4326337694239,401.821262762657,193,17,2.08494082081728,92.401893687809,7.59810631219099
2018,1.68314405810954,0.327753931708367,80.2809730962307,22.4255868679994,401.404865481154,194,17,2.10492224321635,92.4481511647318,7.55184883526816
2018,1.69394579332153,0.329794206859394,80.1963474169413,22.4184208314549,400.981737084706,195,17,2.13404266385412,92.484174121974,7.51582587802602
2018,1.60186758868258,0.311815065460007,80.1080596945168,22.4109390763427,400.540298472584,196,16,2.10826620572323,92.2807295161603,7.71927048383974
2018,1.60647626405596,0.312626623342957,80.0065133806598,22.4023266403319,400.032566903299,197,16,2.15062353893177,92.2934356948013,7.70656430519867
2018,1.60740564901466,0.312795739069205,79.897419345295,22.3930655669337,399.487096726475,198,16,2.15442381240191,92.2929207529975,7.70707924700251
2018,1.60666676503595,0.312622959156581,79.787753277695,22.3837470461874,398.938766388475,199,16,2.16736099128511,92.2844985514751,7.71550144852489
2018,1.60623640627878,0.312431342895758,79.6753541397035,22.3741870236657,398.376770698518,200,16,2.22284439551288,92.2766841850419,7.72331581495813
2018,1.60514217104721,0.312224283774667,79.5517744296406,22.363665191295,397.758872148203,201,16,2.21691181401513,92.2696283361127,7.73037166388731
2018,1.60383202497966,0.31200199103854,79.4291647687812,22.3532146866119,397.145823843906,202,16,2.19654030464747,92.2622847868588,7.73771521314118
2018,1.60238615751423,0.311765654620574,79.310369723866,22.3430785871048,396.55184861933,203,16,2.16981881213014,92.2544301937059,7.7455698062941
2018,1.60132168083205,0.311516620159118,79.1966320573562,22.3333640843473,395.983160286781,204,16,2.18973706572995,92.2459823274909,7.75401767250912
2018,1.59982350630231,0.311257400116741,79.0786999866791,22.3232810576479,395.393499933396,205,16,2.16983849982879,92.2378030177452,7.76219698225477
2018,1.59858754344804,0.310988580460829,78.9644501991571,22.3135028614205,394.822250995786,206,16,2.18247683768964,92.2292156824341,7.77078431756587
2018,1.59728645702342,0.310712349597675,78.8474276720847,22.3034771295013,394.237138360424,207,16,2.19230873791736,92.2208340660916,7.77916593390841
2018,1.59556063097742,0.310430092623079,78.7281807040729,22.2932501478313,393.640903520365,208,16,2.16095999317701,92.2126420183902,7.78735798160983
2018,1.59408123801124,0.310142263952327,78.6148605009655,22.2835214538083,393.074302504827,209,16,2.15844549878628,92.2039300408241,7.79606995917589
2018,1.59258378249143,0.309850921055863,78.5017493758197,22.2738009575859,392.508746879099,210,16,2.15593491639448,92.1952470370934,7.80475296290659
2018,1.59203380048967,0.309564024807085,78.3888429153557,22.2640883095849,391.944214576779,211,16,2.25130589511119,92.1891682637998,7.81083173620025
2018,1.49140622895107,0.289976940193649,78.2567542839264,22.2527131537772,391.283771419632,212,15,2.20556421097736,91.927547590871,8.07245240912905
2019,9.52836906033927,1.87110238609038,54.5,19.9420239553624,272.5,141,16,0.791587184244045,98.7209470243915,1.27905297560852
2019,9.52093344133455,1.86977210837185,56.2473297898532,20.1336441068878,281.236648949266,142,16,0.807382806596384,98.6882182040824,1.31178179591755
2019,9.49906936328003,1.86546545035972,57.9900077947936,20.3206651716878,289.950038973968,143,16,0.827625349526099,98.6560946076824,1.34390539231756
2019,9.46217046734128,1.85813911704085,59.7242580294242,20.5029323777826,298.621290147121,144,16,0.850033762001305,98.6244573607161,1.37554263928394
2019,9.40639069822068,1.84767713183069,61.446639353063,20.680336794568,307.233196765315,145,16,0.852153082841754,98.5930969271583,1.40690307284165
2019,9.33838637948609,1.83379014577218,63.157432312369,20.8531490139705,315.787161561845,146,16,0.890304829557994,98.5616889920038,1.43831100799622
2019,9.25391493607044,1.81640207464342,64.8469843019389,21.0206424754967,324.234921509695,147,16,0.940195408101806,98.5298163190967,1.47018368090328
2019,9.14726168530703,1.7950275347722,66.5096528692091,21.1825271961525,332.548264346045,148,16,0.977475745329853,98.4969955444162,1.50300445558379
2019,9.01636521891285,1.76919040058637,68.1435223875729,21.3388829429935,340.717611937864,149,16,1.00315615912393,98.4624486088141,1.53755139118589
2019,8.85990761981422,1.73830641216444,69.7460628221934,21.4897225122058,348.730314110967,150,16,1.03031722166662,98.4251654777491,1.5748345222509
2019,9.17496788551879,1.79967902611096,71.3118643947328,21.6347885241053,356.559321973664,151,17,1.09393085669121,98.4268302390568,1.57316976094322
2019,8.94334232610488,1.75394485962017,72.9279387444539,21.7822024465574,364.63969372227,152,17,1.12861736352812,98.3788480708964,1.62115192910358
2019,8.67095733368957,1.69996586635667,74.4907315997801,21.9226062870147,372.4536579989,153,17,1.17731670466894,98.323040975913,1.67695902408696
2019,8.34914128677644,1.63638951846319,75.9892870294596,22.05532368473,379.946435147298,154,17,1.22373635475849,98.2564882681901,1.7435117318099
2019,7.96926230557734,1.56166379842911,77.4141734921474,22.179835366822,387.070867460737,155,17,1.25895467840671,98.1746915556547,1.82530844434531
2019,7.52141246554415,1.47406075148747,78.7560176649761,22.2956384955041,393.780088324881,156,17,1.26643345228538,98.0710273081996,1.92897269180042
2019,7.00174992469081,1.3717809716659,80.0067726292495,22.4023486376509,400.033863146247,157,17,1.31421451748876,97.9356777289867,2.06432227101331
2019,6.3996984761508,1.25305932718942,81.1440151251846,22.4983697082461,405.720075625923,158,17,1.39294858798985,97.7535517488205,2.24644825117947
2019,5.70582799778993,1.11669693090518,82.1450772738414,22.5821194519575,410.725386369207,159,17,1.45615120942132,97.5000293543123,2.49997064568767
2019,4.92204324419872,0.962934804225416,82.9947029679904,22.65264359137,414.973514839952,160,17,1.5118329117395,97.133258734393,2.86674126560696
2019,4.06353163355817,0.794812723014014,83.6764157811258,22.7088669614637,418.382078905629,161,17,1.54665436342217,96.5801618141297,3.41983818587035
2019,3.17178187514872,0.620420291769429,84.1794455326396,22.7501493137323,420.897227663198,162,17,1.54902985707067,95.71368269944,4.28631730056001
2019,2.3300744485706,0.455733667790286,84.5036376655222,22.7766638929004,422.518188327611,163,17,1.56622472667147,94.3457565431307,5.65424345686926
2019,1.66714070857776,0.326270867299864,84.6560410409602,22.7891039563169,423.280205204801,164,17,1.49887547849206,92.424630940653,7.57536905934695
2019,1.33422459705527,0.261108717864154,84.6893235625299,22.7918185953217,423.446617812649,165,17,1.50423246992702,90.8498811171308,9.15011888286919
2019,1.35728812725115,0.265622502492678,84.6549505950143,22.7890150031434,423.274752975072,166,17,1.50360180816698,91.0014928121686,8.99850718783139
2019,1.4507778018596,0.284000132758187,84.6253173628101,22.7865973651993,423.12658681405,167,17,1.47030412801295,91.499406041699,8.50059395830102
2019,1.44037992872372,0.282080631199897,84.6210423733642,22.786248539944,423.105211866821,168,17,1.4250524598462,91.4307751433014,8.56922485669855
2019,1.4315868063681,0.280359243429873,84.623738254158,22.7864685164921,423.11869127079,169,17,1.42489998601805,91.3661654519515,8.63383454804847
2019,1.42410465964032,0.278862161551653,84.6247059351038,22.7865474754368,423.123529675519,170,17,1.43736847983429,91.3072376494213,8.6927623505787
2019,1.41760417052438,0.277617070887499,84.6216834627606,22.7863008515396,423.108417313803,171,17,1.42646979156603,91.2551414206163,8.74485857938368
2019,1.41266923364199,0.276650635580104,84.6195407088915,22.786126006085,423.097703544457,172,17,1.42648147373967,91.2103556483346,8.78964435166541
2019,1.40927849500478,0.275986608944052,84.6164086869565,22.78587043231,423.082043434782,173,17,1.4264729179809,91.1738766188953,8.82612338110466
2019,1.40754031625031,0.275646212023299,84.6126003099151,22.7855596589059,423.063001549576,174,17,1.42644647906101,91.1464143549866,8.85358564501337
2019,1.4077598205339,0.275647713242284,84.6084496839494,22.7852209460028,423.042248419747,175,17,1.44281688941283,91.1285519679329,8.87144803206706
2019,1.41007412311064,0.276007284171455,84.6010689846884,22.7846186135271,423.005344923442,176,17,1.48039397645066,91.1210356061524,8.87896439384762
2019,1.41490783395929,0.276737346978104,84.5866359203725,22.7834406378011,422.933179601862,177,17,1.57074638537736,91.124542894264,8.875457105736
2019,1.42173185014167,0.277848715356902,84.5550994913439,22.7808662583151,422.77549745672,178,17,1.6693128496769,91.1401859426536,8.85981405734634
2019,1.42972516004963,0.279345321138229,84.5052153907652,22.7767927562207,422.526076953826,179,17,1.69856249491392,91.1679949088528,8.83200509114722
2019,1.43947363406412,0.281219361182389,84.4510813140813,22.7723703072835,422.255406570407,180,17,1.7117970860306,91.2062058669716,8.79379413302843
2019,1.45099076556219,0.283458807845732,84.3962514106876,22.7678889987122,421.981257053438,181,17,1.71571437847525,91.2538569993404,8.74614300065957
2019,1.46421350183,0.286044933993736,84.3429428852842,22.7635300881524,421.714714426421,182,17,1.71341146218903,91.3098970561284,8.69010294387155
2019,1.47922486816338,0.288951801948158,84.2927408571272,22.7594234325016,421.463704285636,183,17,1.72417427803037,91.3731344546559,8.62686554534406
2019,1.49598276203359,0.292147223215786,84.243389822278,22.7553847284241,421.21694911139,184,17,1.75874102593885,91.4425785468221,8.55742145317791
2019,1.51440230932483,0.295591788271813,84.1904782744177,22.7510528131348,420.952391372088,185,17,1.82830134565104,91.5172840878221,8.48271591217788
2019,1.533974301227,0.299238482915308,84.1273399165932,22.7458811360733,420.636699582966,186,17,1.90972092672959,91.5963732710813,8.40362672891867
2019,1.55316592298701,0.303029905696694,84.0518336398905,22.7396928467912,420.259168199453,187,17,1.88548580584084,91.6783970908495,8.32160290915052
2019,1.57283544263102,0.306892545497247,83.9850146161481,22.7342133088171,419.925073080741,188,17,1.872496572282,91.7596284643996,8.24037153560038
2019,1.59261442278316,0.310754629923901,83.9247290213562,22.7292669410124,419.623645106781,189,17,1.8700374263791,91.8385849749506,8.1614150250494
2019,1.61202436600894,0.314540263496485,83.8688925603531,22.7246834103138,419.344462801765,190,17,1.86969977628505,91.9146307599445,8.0853692400555
2019,1.6304910841704,0.318164823185734,83.8170070105064,22.7204222971401,419.085035052532,191,17,1.8591452756102,91.9857671507897,8.01423284921033
2019,1.64809204765701,0.321538969303019,83.7709269943038,22.7166364231344,418.854634971519,192,17,1.88505008154849,92.0497696544946,7.95023034550542
2019,1.66438118863242,0.324577071434237,83.7231873518704,22.712712665297,418.615936759352,193,17,1.94707544013234,92.1057555477861,7.89424445221391
2019,1.67764774030187,0.327193487953228,83.6663016460562,22.7080351488528,418.331508230281,194,17,1.9326826833193,92.1529057086641,7.84709429133594
2019,1.68796542436458,0.329302713789612,83.6149492038534,22.7038107096642,418.074746019267,195,17,1.88872289767151,92.1885808083095,7.81141919169053
2019,1.59631667000827,0.311389037345913,83.5744535171187,22.7004781113723,417.872267585594,196,16,1.85797684855001,91.9739627028279,8.02603729717209
2019,1.60134564485167,0.312229174370808,83.5217782814687,22.6961415108353,417.608891407343,197,16,1.92205245170005,91.9832212707961,8.01677872920393
2019,1.60238082236881,0.312404445502685,83.4572950071462,22.6908301926191,417.286475035731,198,16,1.93335506051666,91.9786055190474,8.02139448095256
2019,1.6024213631619,0.312225006489046,83.3907598166201,22.685346864409,416.9537990831,199,16,2.02269206384426,91.9656179372929,8.03438206270711
2019,1.60190602394121,0.312027904685406,83.3063669473531,22.6783874526847,416.531834736766,200,16,2.06945274838128,91.9545530800769,8.04544691992305
2019,1.6012774797144,0.311814549341421,83.2125209111231,22.670642718116,416.062604555616,201,16,2.11415725422253,91.9440507555826,8.05594924441737
2019,1.60042511618969,0.311586474753506,83.1096105190186,22.6621429376587,415.548052595093,202,16,2.1444609883927,91.9341165763085,8.06588342369153
2019,1.5981798580652,0.311344932083599,83.0004713648813,22.6531206801384,415.002356824407,203,16,2.0417103279423,91.9245380566281,8.07546194337187
2019,1.59695031755695,0.311088373677745,82.911435881129,22.6457542159774,414.557179405645,204,16,2.04848572482149,91.912999065423,8.08700093457703
2019,1.59539996827612,0.310820860387105,82.8208015103582,22.6382498008488,414.104007551791,205,16,2.02938435884386,91.9014654867381,8.09853451326187
2019,1.5939038460054,0.31054330108407,82.7336794697198,22.6310308050564,413.668397348599,206,16,2.02072050731259,91.8895129843531,8.11048701564692
2019,1.59285972331645,0.310257442494545,82.6479930085243,22.6239255925148,413.239965042621,207,16,2.06042984344305,91.8773601904134,8.12263980958658
2019,1.59123882117067,0.309965962207896,82.5541578453785,22.6161387887008,412.770789226892,208,16,2.0462662898533,91.8659064029928,8.13409359700717
2019,1.59040148778499,0.3096690253053,82.4628333799313,22.6085544066075,412.314166899656,209,16,2.11308035112328,91.8542250933154,8.14577490668458
2019,1.58901792690553,0.309370123341009,82.3579807333422,22.5998393034546,411.789903666711,210,16,2.12635064824748,91.8438061362975,8.15619386370246
2019,1.58800861827492,0.3090760898631,82.2501997096123,22.5908727366033,411.250998548061,211,16,2.17593187130864,91.8363520485851,8.16364795141492
2019,1.48778168570632,0.289499351784377,82.1323030252628,22.5810552400405,410.661515126314,212,15,2.15927025489141,91.5612019993122,8.43879800068776
2020,9.53215713928123,1.87090523272575,54.5,19.9420239553624,272.5,141,16,0.822353292200096,98.7210306714256,1.27896932857445
2020,9.53084040119055,1.86955058146882,56.2419341840504,20.133058830142,281.209670920252,142,16,0.881469723587154,98.6884050284677,1.31159497153226
2020,9.50112141583744,1.86517813696645,57.9717762160299,20.318729005291,289.85888108015,143,16,0.850960273647796,98.6565226093084,1.34347739069162
2020,9.46510999565743,1.85783571554061,59.7017699489631,20.5005926751838,298.508849744815,144,16,0.880870107565134,98.6249608280785,1.37503917192153
2020,9.41096966272807,1.84734961292,61.4185720128836,20.6774738302618,307.092860064418,145,16,0.895817930702987,98.593697426321,1.40630257367904
2020,9.34234847797428,1.83354144725184,63.1215479446681,20.8495579383629,315.607739723341,146,16,0.928491458655031,98.562372137255,1.43762786274504
2020,9.25113796463763,1.81600006397755,64.8042552467054,21.0164442544425,324.021276233527,147,16,0.93410085627813,98.5306645260059,1.46933547399411
2020,9.14180613803538,1.79462792072865,66.4675876268419,21.1784665205905,332.337938134209,148,16,0.949658844641393,98.4978177427676,1.50218225723238
2020,9.01086863021938,1.76881541969221,68.1059297473258,21.3353149869005,340.529648736629,149,16,0.97290411397554,98.4631749486512,1.53682505134878
2020,8.85366280248021,1.7379578929961,69.7134216075065,21.486674376308,348.567108037533,150,16,0.991252507659768,98.4257884507795,1.5742115492205
2020,9.16752044079805,1.79932742754202,71.2857874852431,21.6323908597101,356.428937426215,151,17,1.04361730883522,98.4274127908196,1.5725872091804
2020,8.93448152946839,1.75364545623299,72.9104353463503,21.7806180911522,364.552176731752,152,17,1.06028403182939,98.3792712576071,1.62072874239285
2020,8.66185912402378,1.69974148784084,74.4851229268835,21.9221060826089,372.425614634417,153,17,1.09802616625365,98.3232536430424,1.67674635695762
2020,8.33799497609887,1.63625560823764,75.9977169000144,22.0560650824453,379.988584500072,154,17,1.11271643191233,98.2563345010468,1.74366549895317
2020,7.95919942035916,1.5616661081366,77.4425779561759,22.1823011504966,387.21288978088,155,17,1.14401261029832,98.1742078139106,1.82579218608938
2020,7.51429517676955,1.47421181202284,78.8053974888889,22.2998737244648,394.026987444445,156,17,1.1700667169511,98.07020092303,1.92979907696995
2020,6.99537301318329,1.3720632578908,80.0740014396634,22.4080513459157,400.370007198317,157,17,1.20816528831306,97.9345568873634,2.06544311263655
2020,6.39062479611646,1.25348469101888,81.2311770697589,22.5056902804,406.155885348794,158,17,1.21986141305623,97.7520969934193,2.2479030065807
2020,5.69716232948791,1.11733767798558,82.2650400684155,22.5921078283058,411.325200342077,159,17,1.24347926611377,97.4980217890903,2.50197821090969
2020,4.9166084561375,0.963803086889883,83.1554643115336,22.6659310911341,415.777321557668,160,17,1.30005760426693,97.13052370391,2.86947629608996
2020,4.05940279582725,0.795829861876081,83.8784414090702,22.7254674116006,419.392207045351,161,17,1.30155368282373,96.576559990193,3.423440009807
2020,3.17075454626937,0.621486765254671,84.4296605260664,22.7706198040463,422.148302630332,162,17,1.32956385384258,95.708694736602,4.29130526339797
2020,2.33010760215944,0.456645406263225,84.7975340030127,22.8006394823195,423.987670015063,163,17,1.35069560471266,94.338102266597,5.66189773340298
2020,1.66829545870086,0.326862938920613,84.9930421742244,22.8165566632743,424.965210871122,164,17,1.38094414888912,92.410030183516,7.58996981648396
2020,1.33391448147075,0.261347151188992,85.0501330398626,22.8211998674804,425.250665199313,165,17,1.38360350891423,90.8233712610048,9.17662873899518
2020,1.35655124624849,0.265732556621785,85.0398143178457,22.8203608059438,425.199071589229,166,17,1.40324374278451,90.9692155315398,9.03078446846017
2020,1.4503025951721,0.284135685441573,85.0300951771469,22.8195704341545,425.150475885735,167,17,1.38845908706811,91.4673169384163,8.53268306158372
2020,1.4402133568461,0.282193932396369,85.0420834963756,22.820545329107,425.210417481878,168,17,1.37569740355056,91.3964075115593,8.60359248844066
2020,1.43140702878165,0.280446839689028,85.0546059851522,22.8215635606662,425.273029925761,169,17,1.38398951131884,91.329983653791,8.67001634620897
2020,1.42370425205229,0.278922801665317,85.0637084527997,22.8223036370854,425.318542263998,170,17,1.38978413202399,91.2693506235699,8.73064937643012
2020,1.41783123835665,0.277650333841592,85.0701111980545,22.8228241794234,425.350555990272,171,17,1.43705448379594,91.2154191186251,8.78458088137488
2020,1.4131349829485,0.276655995287293,85.0658850992773,22.8224806012183,425.329425496387,172,17,1.46683318923503,91.1698368757587,8.8301631242413
2020,1.41019303209868,0.275965668261663,85.0547641211649,22.8215764183909,425.273820605824,173,17,1.51366968170846,91.1331673244379,8.86683267556207
2020,1.40836742236643,0.275602191252069,85.0336877511789,22.819862593775,425.168438755895,174,17,1.51599052702372,91.1064854318545,8.89351456814551
2020,1.40826239029428,0.275584007864427,85.011782652136,22.8180810672887,425.05891326068,175,17,1.51469593442151,91.0895848875149,8.91041511248506
2020,1.40978802641037,0.275926612441544,84.9901160485221,22.8163186227056,424.950580242611,176,17,1.49610544054319,91.0828297639555,8.91717023604446
2020,1.41347500878742,0.276640029601762,84.9724732471525,22.8148832582902,424.862366235763,177,17,1.49922560844542,91.0861327608029,8.9138672391971
2020,1.41993641526205,0.277731983427891,84.9549442773728,22.8134569491425,424.774721386864,178,17,1.57153737555361,91.0999613279264,8.90003867207361
2020,1.42812682036051,0.27920872594205,84.9242457006633,22.8109585522147,424.621228503317,179,17,1.62561861224012,91.1255244207007,8.87447557929928
2020,1.43829988698375,0.281065977096033,84.8843697712018,22.8077123184311,424.421848856009,180,17,1.68396586200458,91.1620868856048,8.83791311439522
2020,1.45032681823534,0.28329398316212,84.8348600597357,22.8036803349226,424.174300298679,181,17,1.73936845489711,91.2091094907011,8.79089050929894
2020,1.46382777983918,0.285875250192845,84.7766765219691,22.7989398735931,423.883382609846,182,17,1.76443875411034,91.2656712464599,8.73432875354007
2020,1.47938681057569,0.288782380886763,84.7161806467326,22.7940086111169,423.580903233663,183,17,1.82560512629643,91.330086744276,8.66991325572402
2020,1.49639153126993,0.291984872718923,84.6465648885973,22.7883309121068,423.232824442986,184,17,1.88087357488144,91.4017923056955,8.59820769430455
2020,1.51493855536647,0.295440651500381,84.5692982023969,22.7820254092728,422.846491011984,185,17,1.96031012172052,91.4792177613283,8.52078223867172
2020,1.53445381191548,0.299101285353178,84.4798556203173,22.7747212518264,422.399278101587,186,17,2.03247473271602,91.5612381964411,8.43876180355892
2020,1.5543962079306,0.302907349839536,84.3798854813007,22.7665510000103,421.899427406503,187,17,2.07241135121763,91.646007835325,8.35399216467499
2020,1.57436848360536,0.306789675668474,84.2759190698679,22.7580469855382,421.37959534934,188,17,2.07524400107298,91.7311568544195,8.26884314558052
2020,1.59452207746858,0.310671992985681,84.1753832426383,22.7498166216402,420.876916213191,189,17,2.09616132635836,91.8142370556255,8.18576294437448
2020,1.61408879345054,0.314476150205432,84.0746972251147,22.7415670929557,420.373486125574,190,17,2.09818516839559,91.8940382364879,8.10596176351208
2020,1.63262110213263,0.318118943976711,83.9775223271737,22.7335987093066,419.887611635868,191,17,2.0800049672536,91.9694892990504,8.03051070094961
2020,1.649982347094,0.321508473427564,83.887692373064,22.7262268959556,419.43846186532,192,17,2.07480389733534,92.0375373001587,7.9624626998413
2020,1.66563972000361,0.324558184424164,83.8023771268896,22.7192204821952,419.011885634448,193,17,2.07358483772556,92.0969041878265,7.90309581217354
2020,1.67934236746832,0.327181887440445,83.7204392884202,22.7124867523937,418.602196442101,194,17,2.09438311743079,92.1462500883648,7.85374991163522
2020,1.68987329834444,0.329297957165048,83.6370843507458,22.7056318492493,418.185421753729,195,17,2.06159371770196,92.1846620403096,7.81533795969045
2020,1.5979518858297,0.31139139683357,83.5623955314958,22.6994855802864,417.811977657479,196,16,2.00766560147237,91.9737387396614,8.02626126033863
2020,1.60221322492813,0.312235418103002,83.4801098833853,22.6927097210076,417.400549416927,197,16,1.99936708777392,91.9855558485843,8.01444415141576
2020,1.60327579972924,0.31241249083055,83.4003382130995,22.6861364313936,417.001691065497,198,16,2.0125191753765,91.9822840963485,8.01771590365146
2020,1.60249963228517,0.312234930259307,83.3181505769125,22.6793594783019,416.590752884562,199,16,2.02390712791696,91.9706330327133,8.02936696728671
2020,1.60171423731933,0.312037976896762,83.2335321025215,22.6723772156299,416.167660512607,200,16,2.04410856153853,91.9595442917174,8.04045570828263
2020,1.60092889187305,0.311824169495446,83.1447182968825,22.665043453272,415.723591484412,201,16,2.07300382228199,91.9485514755241,8.05144852447588
2020,1.5998256617404,0.311595272533288,83.0499704944115,22.6572136718466,415.249852472058,202,16,2.07821995648287,91.9378459000719,8.06215409992809
2020,1.59881604022245,0.311352307839283,82.953961073128,22.6492732793438,414.76980536564,203,16,2.10001787288374,91.927048831116,8.07295116888398
2020,1.59760757902719,0.311097216973189,82.8533924154408,22.6409489467043,414.266962077204,204,16,2.10816335816996,91.9164902835005,8.08350971649949
2020,1.59702662003028,0.310831232651951,82.7509553336407,22.6324627167337,413.754776668203,205,16,2.18673531446833,91.9059663833756,8.09403361662437
2020,1.59661354803469,0.310557583473476,82.6326900634062,22.6226561157465,413.163450317031,206,16,2.29067497119627,91.8967682440735,8.10323175592652
2020,1.59551859686515,0.310278472049834,82.4935569939503,22.6111066172946,412.467784969752,207,16,2.32516880193655,91.8893964520967,8.11060354790332
2020,1.59386803958493,0.30999378031483,82.3473093745482,22.5989518919504,411.736546872741,208,16,2.30111122544438,91.882657088889,8.11734291111097
2020,1.59271034411978,0.309703557994415,82.2055465007693,22.5871555277461,411.027732503846,209,16,2.33514640583881,91.8755374398942,8.12446256010576
2020,1.59158146053073,0.309410708968838,82.0567482633145,22.5747584761506,410.283741316572,210,16,2.37441615489249,91.8691157006451,8.13088429935488
2020,1.59008073000699,0.309119329450597,81.8998736409605,22.5616715660602,409.499368204802,211,16,2.37050370273099,91.8645022525358,8.13549774746422
2020,1.48934041128355,0.289548851395818,81.7434848537284,22.5486077840638,408.717424268642,212,15,2.30025559097079,91.5953360522653,8.40466394773473
2021,9.53359776596521,1.87110238609038,54.5,19.9420239553624,272.5,141,16,0.825212282880881,98.7209470243915,1.27905297560852
2021,9.52612189459423,1.86973893417805,56.241650511251,20.1330280582619,281.208252556255,142,16,0.84249963887752,98.6883261036579,1.3116738963421
2021,9.50453416481965,1.86539930781292,57.9783428598238,20.3194264219344,289.891714299119,143,16,0.866706560911426,98.6563148089339,1.34368519106607
2021,9.46732891677282,1.85803720086842,59.7058698589592,20.5010192833849,298.529349294796,144,16,0.889375230123441,98.6248017384458,1.37519826155424
2021,9.41326108039049,1.84753953993201,61.4214146636939,20.6777638318224,307.10707331847,145,16,0.905458990177253,98.5935649741099,1.40643502589011
2021,9.34191231395794,1.83360361970904,63.1229206520257,20.8496953362142,315.614603260129,146,16,0.922848994388158,98.5623226100355,1.43767738996454
2021,9.25240137548753,1.81618485650133,64.8066692057627,21.0166814824923,324.033346028813,147,16,0.936598251935876,98.5305479762519,1.46945202374813
2021,9.14687674660438,1.79481194022931,66.4697547721966,21.1786757649506,332.348773860983,148,16,0.982806268773791,98.4977106749116,1.50228932508843
2021,9.01958152555277,1.7689667351746,68.1024815125182,21.3349876426727,340.512407562591,149,16,1.04011058649385,98.4631746042792,1.53682539572078
2021,8.86422214914617,1.73804241753926,69.6982746878773,21.4852595729867,348.491373439387,150,16,1.08090179709134,98.4259993591448,1.5740006408552
2021,9.17698887804026,1.79933470424571,71.2548227280176,21.6295429838072,356.274113640088,151,17,1.12791669021049,98.4277803764074,1.5722196235926
2021,8.9457974670218,1.75355490952552,72.8645047448718,21.7764593291604,364.322523724359,152,17,1.17117722009115,98.3798903655521,1.62010963444791
2021,8.66939470370919,1.69951739191613,74.4192774465922,21.9162317490557,372.096387232961,153,17,1.18389119161821,98.3241995596454,1.67580044035462
2021,8.34623767413507,1.63592070676365,75.9162064406316,22.0488939246068,379.581032203158,154,17,1.21709736301819,98.2576584211651,1.74234157883488
2021,7.96656305534918,1.56118994822617,77.3418410941582,22.1735533626279,386.709205470791,155,17,1.25462685977106,98.1758367251582,1.82416327484182
2021,7.51993614277909,1.47358075666585,78.6840121906743,22.2894593821257,393.420060953372,156,17,1.27798682928107,98.0721568142646,1.92784318573538
2021,6.9981489800451,1.37127861073213,79.9321625264647,22.3960158972371,399.660812632324,157,17,1.29851409976742,97.9368408906688,2.06315910933121
2021,6.39565517449756,1.25257461667097,81.0718263858995,22.4923025578279,405.359131929498,158,17,1.3662392958308,97.7546754767674,2.24532452323254
2021,5.70144841037915,1.11625322906009,82.077423256606,22.5764819397612,410.38711628303,159,17,1.41474542818271,97.5010889069952,2.49891109300481
2021,4.91658112344215,0.962561424033347,82.9344557070402,22.6476593188533,414.672278535201,160,17,1.43013494021896,97.1342211499603,2.86577885003966
2021,4.05985359622262,0.794562680207186,83.6314171123647,22.7051656167926,418.157085561823,161,17,1.47800541691792,96.5809165596392,3.41908344036078
2021,3.171417330808,0.620273793562681,84.1474421520165,22.7475280081381,420.737210760082,162,17,1.562900477611,95.7142871507959,4.28571284920412
2021,2.329944173334,0.455619571705109,84.4687880626122,22.7738170662167,422.343940313061,163,17,1.58904699708963,94.3466310670531,5.65336893294693
2021,1.6688506706855,0.326198695675845,84.6166018284943,22.7858861928986,423.083009142471,164,17,1.64740706906008,92.4263210714664,7.57367892853363
2021,1.3363698872357,0.261061789722785,84.6205210513497,22.7862060009205,423.102605256749,165,17,1.72224133258587,90.8549607093186,9.14503929068137
2021,1.36018818033138,0.265589735864944,84.5429771628608,22.779876511218,422.714885814304,166,17,1.78375404006926,91.0109501195215,8.98904988047856
2021,1.45416571851992,0.283943136295796,84.4578964043025,22.7729271704332,422.289482021513,167,17,1.78022532690645,91.5127584195848,8.48724158041522
2021,1.44436158221896,0.282018570126852,84.3923190940312,22.767567528155,421.961595470156,168,17,1.78407814637729,91.4495465973895,8.55045340261052
2021,1.43517586525495,0.280298390117456,84.3240120793417,22.7619816994365,421.620060396708,169,17,1.7477342379175,91.3914554463329,8.60854455366714
2021,1.42800347067105,0.278812701121318,84.2611384530541,22.756837399805,421.305692265271,170,17,1.78773733522839,91.3387389315766,8.66126106842343
2021,1.4218675359935,0.277586410686375,84.1888313331263,22.7509179461461,420.944156665631,171,17,1.80046777388031,91.2935998359003,8.70640016409967
2021,1.41728527959412,0.276646586660792,84.1127527767729,22.7446859155045,420.563763883864,172,17,1.8217669700093,91.2564501497372,8.74354985026277
2021,1.41420813697328,0.276017004200675,84.031499855663,22.7380256829224,420.157499278315,173,17,1.83498580814883,91.2282318798465,8.77176812015345
2021,1.41353524079215,0.275718357202951,83.9469897856805,22.7310937009298,419.734948928403,174,17,1.92036868407072,91.2094755993107,8.79052440068936
2021,1.41441789660421,0.275770631331854,83.8452706803118,22.722743685666,419.226353401559,175,17,1.98320912358064,91.2020943777732,8.79790562222675
2021,1.41634202345399,0.276189318456339,83.7311625548533,22.7133682618215,418.655812774267,176,17,1.95730601129889,91.2060811613542,8.79391883864583
2021,1.42038963667098,0.276980809045962,83.6226227048506,22.704442074736,418.113113524253,177,17,1.9540373779303,91.2199005782256,8.78009942177438
2021,1.4262881304088,0.278150786231875,83.5155487762603,22.6956285275671,417.577743881302,178,17,1.94141778227614,91.2439388777707,8.75606112222935
2021,1.43393668439962,0.279698227895377,83.4121810848724,22.6871125763733,417.060905424362,179,17,1.91008871553223,91.2777511853069,8.72224881469305
2021,1.44360755966356,0.281615353448029,83.3166114306489,22.6792325203488,416.583057153244,180,17,1.89241760619264,91.3204870116778,8.67951298832224
2021,1.45522394060567,0.283890317212406,83.2265124831748,22.6717977720964,416.132562415874,181,17,1.88619471217516,91.3717312472177,8.62826875278232
2021,1.46799912166417,0.286504750669849,83.1399835563804,22.6646523308172,415.699917781902,182,17,1.82418384406804,91.4308263505025,8.56917364949749
2021,1.48238172913076,0.289428110305073,83.0684139084509,22.6587382889473,415.342069542255,183,17,1.7677932409552,91.4955937195464,8.50440628045358
2021,1.49883408249662,0.292627104160393,83.0110006059735,22.6539914660854,415.055003029867,184,17,1.77284222813713,91.5649292201498,8.43507077985025
2021,1.51762581421338,0.296065312290188,82.9558693379353,22.6494311634319,414.779346689677,185,17,1.88023973099854,91.63868260821,8.36131739178998
2021,1.53652459012983,0.29970121075402,82.8830182184078,22.6434018838036,414.415091092039,186,17,1.90335294292718,91.717331682424,8.28266831757601
2021,1.55625154761956,0.303470878019621,82.8093259266029,22.637299228368,414.046629633014,187,17,1.93962050255607,91.7976218009677,8.20237819903226
2021,1.57646885847318,0.307310134256935,82.7323272415557,22.6309187166984,413.661636207778,188,17,1.98836857865573,91.8781477041474,8.12185229585264
2021,1.59737871731481,0.311147499306037,82.6496242000656,22.6240609005806,413.248121000328,189,17,2.10654111474485,91.9574561073094,8.04254389269061
2021,1.61721571094944,0.314910520171567,82.5474705436743,22.6155836151767,412.737352718372,190,17,2.15651554365184,92.035979276539,7.964020723461
2021,1.63625948209882,0.31851025607956,82.439291759424,22.6065983556375,412.19645879712,191,17,2.21096657295675,92.1104251218453,7.88957487815468
2021,1.65389608307834,0.32185902190706,82.3240340062455,22.597016075,411.620170031228,192,17,2.25303799579036,92.1788639694859,7.82113603051413
2021,1.6691096201213,0.324870146953458,82.2038919162496,22.5870177628768,411.019459581248,193,17,2.22367193360082,92.2395960452629,7.76040395473714
2021,1.68191230640651,0.327456612794404,82.0926684657647,22.5777525837664,410.463342328824,194,17,2.17259490832104,92.2900261537982,7.70997384620175
2021,1.69246809948293,0.329538500058864,81.9942234579557,22.5695445776416,409.971117289778,195,17,2.15696902865995,92.3285842530672,7.67141574693284
2021,1.60032478687335,0.311597382564777,81.9010169838981,22.5617670100316,409.50508491949,196,16,2.10335075786108,92.1219007894848,7.87809921051519
2021,1.60367147587227,0.312426624105157,81.8001075716905,22.553339716662,409.000537858453,197,16,2.01185399205531,92.1349874743377,7.86501252566225
2021,1.60404593820127,0.312598478744985,81.7181690786848,22.5464914181951,408.590845393424,198,16,1.96219819427717,92.1319851609019,7.86801483909811
2021,1.60287209149125,0.31242062516793,81.6462384370865,22.540475615287,408.231192185432,199,16,1.93654955763033,92.1198354699655,7.88016453003446
2021,1.60172283923571,0.312222782392044,81.5792043257683,22.5348659995855,407.896021628841,200,16,1.92291779509736,92.1075980906816,7.8924019093184
2021,1.6005610982078,0.31200759572574,81.5146681756293,22.5294623846523,407.573340878147,201,16,1.91639318014288,92.0948673727996,7.9051326272004
2021,1.59949210331508,0.311776733426316,81.4512059994495,22.5241457851347,407.256029997247,202,16,1.92575938831477,92.0818009238891,7.91819907611091
2021,1.59846012838121,0.31153206574576,81.385658153227,22.5186514249019,406.928290766135,203,16,1.94514488704871,92.0687128499011,7.93128715009885
2021,1.59741635087244,0.311275339583124,81.3160282223645,22.5128115163031,406.580141111823,204,16,1.96938840556708,92.0558160635249,7.94418393647511
2021,1.59729954691352,0.311008187107276,81.2413423240803,22.5065436849654,406.206711620402,205,16,2.08968360590336,92.0432336499438,7.95676635005618
2021,1.5962040423487,0.31073438119746,81.1425756180514,22.4982487606831,405.712878090257,206,16,2.11893659379983,92.0327160017968,7.96728399820318
2021,1.59555882936985,0.310453347453028,81.0377413092401,22.4894365462816,405.1887065462,207,16,2.19933163793027,92.0226865047711,7.97731349522892
2021,1.59427308299715,0.310167818225549,80.9167011597341,22.4792522050129,404.58350579867,208,16,2.21591333811109,92.0141010990599,7.98589890094014
2021,1.59234790269195,0.309877761884939,80.7920900558944,22.4687563045127,403.960450279472,209,16,2.16745388543499,92.00585705384,7.99414294616002
2021,1.5906569850508,0.309583013010948,80.6767883968134,22.4590344768402,403.383941984067,210,16,2.14667108647456,91.9968161997709,8.00318380022906
2021,1.58980007512477,0.309292285609994,80.5653074932632,22.4496255895615,402.826537466316,211,16,2.21098120794333,91.9900952951507,8.00990470484929
2021,1.48946345288523,0.289710806840636,80.4407954679522,22.439106154109,402.203977339761,212,15,2.18935002321776,91.7208727257389,8.27912727426115
2022,9.5299869060938,1.87110238609038,54.5,19.9420239553624,272.5,141,16,0.801842282025496,98.7209470243915,1.27905297560852
2022,9.52295973165301,1.86976201853634,56.2456023394478,20.1334567296756,281.228011697239,142,16,0.820829764071527,98.6882510236608,1.31174897633922
2022,9.50781570204127,1.86544270671914,57.9859962168699,20.3202391845213,289.929981084349,143,16,0.888228080332014,98.6561703352977,1.34382966470227
2022,9.46964203748776,1.85805940535235,59.7098751890793,20.5014360305442,298.549375945396,144,16,0.90523903048802,98.6247267262338,1.37527327376618
2022,9.41876185249969,1.84754660721771,61.4227098394165,20.677895959962,307.113549197083,145,16,0.946235923271232,98.5935409422345,1.40645905776551
2022,9.34582681868648,1.83357246992228,63.1171605886747,20.84911878252,315.585802943374,146,16,0.953808825749166,98.5624283602935,1.43757163970649
2022,9.25995728626579,1.81612463405588,64.7955001121187,21.0155838056074,323.977500560593,147,16,0.998812897595113,98.5307506738695,1.46924932613051
2022,9.15008546104243,1.79469241681406,66.4476540090088,21.1765416471706,332.238270045044,148,16,1.01415811107132,98.4981067976386,1.50189320236143
2022,9.01706553946276,1.7688154829749,68.0747522975033,21.3323548617223,340.373761487517,149,16,1.02461336917955,98.4636651094914,1.53633489050856
2022,8.85488553024178,1.73790345406626,69.673141965023,21.4829115693715,348.365709825115,150,16,1.00360564108176,98.4264379024091,1.57356209759091
2022,9.16788377371052,1.79926498669003,71.2432821627019,21.6284813597868,356.21641081351,151,17,1.04901168871791,98.4279726021295,1.57202739787052
2022,8.93509573828684,1.75356979315009,72.8669242872212,21.7766784509235,364.334621436106,152,17,1.06880354682742,98.379850610383,1.62014938961698
2022,8.66042513604409,1.69964771938138,74.4400313477953,21.9180836768,372.200156738977,153,17,1.08833382715289,98.3238630530111,1.67613694698893
2022,8.33845775287923,1.63616501549697,75.9542776147875,22.0522440322231,379.771388073938,154,17,1.12159277642166,98.2570488376891,1.74295116231091
2022,7.96026736826685,1.56155434065689,77.3974566211786,22.1783838850992,386.987283105893,155,17,1.16146090154979,98.1749562208267,1.82504377917331
2022,7.51412047239485,1.47406730147185,78.7570008420608,22.2957228390946,393.785004210304,156,17,1.17613561772162,98.0710118855283,1.9289881144717
2022,6.99576650321422,1.37189928706485,80.0243569566689,22.4038405570501,400.121784783345,157,17,1.22377202198015,97.935403589567,2.06459641043295
2022,6.39214407386478,1.25329064694172,81.1784909202328,22.5012659220193,405.892454601164,158,17,1.25609073133746,97.7530150816573,2.24698491834266
2022,5.697975796918,1.11709233520134,82.2054130295932,22.5871444146719,411.027065147966,159,17,1.27740653136533,97.4990844387111,2.50091556128894
2022,4.91427013621022,0.963520088658343,83.0892158606036,22.6604575905273,415.446079303018,160,17,1.28137440596975,97.1317490650588,2.86825093494119
2022,4.05792037024069,0.795584800582194,83.8154635122037,22.7202955088182,419.077317561019,161,17,1.29510960419353,96.5778301304471,3.42216986955289
2022,3.16997823346267,0.621281420473805,84.3676765258098,22.7655527374555,421.838382629049,162,17,1.33743263315633,95.7101296433274,4.28987035667264
2022,2.32913969806846,0.456487071792665,84.7338225761878,22.7954469292869,423.669112880939,163,17,1.34284220819109,94.3399882782225,5.66001172177747
2022,1.66729581072683,0.326773750947814,84.9307095174121,22.8114846608304,424.653547587061,164,17,1.34630756879323,92.4128866867996,7.58711331320043
2022,1.33400101091862,0.261317520092876,84.994529423531,22.8166776489395,424.972647117655,165,17,1.40172400849859,90.8273963725226,9.17260362747738
2022,1.35685526561134,0.265718553252034,84.9806053881524,22.815544890239,424.903026940762,166,17,1.43226240218978,90.9740364396557,9.02596356034425
2022,1.45156154446143,0.284116682320402,84.9651448950113,22.8142869848917,424.825724475056,167,17,1.48976370705007,91.4723565163883,8.52764348361168
2022,1.4422951200177,0.28217273793177,84.9571258071882,22.8136344685202,424.785629035941,168,17,1.54292488930529,91.4032483188147,8.59675168118526
2022,1.43373634400462,0.280423657473817,84.9366214108101,22.811965822385,424.683107054051,169,17,1.57424006858541,91.3398188007597,8.66018119924032
2022,1.42618184747867,0.278901536451529,84.9081427670046,22.8096477667992,424.540713835023,170,17,1.59311386263826,91.2827274981544,8.71727250184556
2022,1.41982329339193,0.277635704706907,84.8743792190647,22.806898837528,424.371896095324,171,17,1.60244464455347,91.2327321937432,8.7672678062568
2022,1.41451953735867,0.276653011696864,84.8374786962154,22.8038936331267,424.187393481077,172,17,1.57811159564242,91.1905690453649,8.80943095463507
2022,1.41098947852336,0.275977390587319,84.8043850051407,22.8011976847721,424.021925025703,173,17,1.57122353275427,91.1564381120947,8.84356188790531
2022,1.40920457602378,0.275629404363948,84.7719637859065,22.7985558075973,423.859818929532,174,17,1.57027289706985,91.1313404295821,8.86865957041792
2022,1.40943612197471,0.275627010259789,84.7393765650197,22.7958996938777,423.696882825099,175,17,1.59060164338754,91.1159547920957,8.88404520790433
2022,1.41141416403538,0.27598630003982,84.7027707585179,22.7929151848158,423.51385379259,176,17,1.602166915796,91.1111071290111,8.88889287098886
2022,1.41516051861832,0.27671796686992,84.6642484638488,22.7897734515569,423.321242319244,177,17,1.60195752639296,91.1168757264343,8.88312427356574
2022,1.42093787781014,0.277828156548623,84.6265183238332,22.7866953575088,423.132591619166,178,17,1.60993960756363,91.1330662930548,8.86693370694523
2022,1.42868056486246,0.279318690367035,84.5883482224137,22.7835803971689,422.941741112069,179,17,1.61959773698519,91.159655713398,8.84034428660203
2022,1.43815038020381,0.281185129914305,84.5497960247831,22.7804332603878,422.748980123916,180,17,1.61239299925791,91.1962704529908,8.80372954700921
2022,1.4495810943643,0.28341539452143,84.5145797377282,22.7775575702459,422.572898688641,181,17,1.61382014106373,91.2419417333848,8.75805826661516
2022,1.46332884229726,0.285992258503456,84.4813650766213,22.7748445633911,422.406825383106,182,17,1.66165632304298,91.2959902530869,8.70400974691308
2022,1.47883048748958,0.288894193671323,84.4413335866646,22.7715737629936,422.206667933323,183,17,1.71783464222714,91.3582790949769,8.64172090502313
2022,1.49560749793323,0.292089047165245,84.3931677937496,22.7676369110326,421.965838968748,184,17,1.75436932183934,91.4277144341053,8.57228556589474
2022,1.51352048033046,0.295534130336334,84.3410517053219,22.7633754156282,421.70525852661,185,17,1.77768159382665,91.50248300947,8.49751699052998
2022,1.53252212370155,0.299178837703813,84.2878570949459,22.75902383716,421.43928547473,186,17,1.80664720797451,91.5807741591173,8.41922584088272
2022,1.55202089690067,0.302965722215805,84.2326710498483,22.7545073262285,421.163355249242,187,17,1.81456570308483,91.661049772369,8.33895022763104
2022,1.57176492197887,0.306827553241743,84.1798024662397,22.7501785452283,420.899012331199,188,17,1.81011368570951,91.7412048399886,8.25879516001137
2022,1.59192951204238,0.310690721298354,84.1317744337104,22.7462444566766,420.658872168552,189,17,1.84199887842216,91.8192900936397,8.18070990636034
2022,1.61176252410174,0.314480548051823,84.0814034967225,22.7421167732944,420.407017483612,190,17,1.8775008623531,91.8951238586569,8.10487614134315
2022,1.63105925746748,0.318111731165581,84.0279000370879,22.7377305050523,420.139500185439,191,17,1.93768789244765,91.966695128515,8.033304871485
2022,1.64838127114301,0.321495534277404,83.9662198648218,22.732671485375,419.831099324109,192,17,1.93394439909023,92.0323561923308,7.9676438076692
2022,1.66447369496414,0.324541019090958,83.9087543412599,22.727955820773,419.543771706299,193,17,1.97558343899474,92.0894204018365,7.91057959816348
2022,1.67859208548583,0.327163138564399,83.8461809310247,22.7228184384968,419.230904655124,194,17,2.0354516928393,92.137245129564,7.86275487043598
2022,1.68952727343573,0.329279252707493,83.7744591068583,22.7169266682496,418.872295534291,195,17,2.04114153014396,92.1748149399936,7.82518506000642
2022,1.597932544901,0.31137273863478,83.7037881324148,22.7111177829901,418.518940662074,196,16,2.01777373600805,91.9625412065435,8.03745879345651
2022,1.60275005322039,0.312217818431401,83.6194735172888,22.7041829688152,418.097367586444,197,16,2.06284034422013,91.9746190148688,8.02538098513115
2022,1.60428751310974,0.312396547957947,83.5271111560243,22.6965806377567,417.635555780122,198,16,2.12278176472133,91.9724551420661,8.02754485793393
2022,1.60354225031019,0.312221334329471,83.4230702626353,22.6880100281875,417.115351313177,199,16,2.13632490136898,91.9627648380475,8.03723516195246
2022,1.60289636202588,0.312026783574556,83.3161742204168,22.6791964563461,416.580871102084,200,16,2.17038301808544,91.9536849983088,8.04631500169123
2022,1.60178576567926,0.311815721570379,83.2023399615737,22.6698021594755,416.011699807869,201,16,2.16525117546964,91.9449541487043,8.05504585129572
2022,1.60174238103166,0.311588831717447,83.0893126862027,22.6604655925557,415.446563431013,202,16,2.28198767258208,91.9359222791216,8.06407772087836
2022,1.60078807867789,0.311350504594714,82.9529321311423,22.6491881467296,414.764660655711,203,16,2.30865274707111,91.9287783040384,8.07122169596159
2022,1.59991844765252,0.311100267716705,82.8110309305791,22.637440467065,414.055154652896,204,16,2.35190911047646,91.9219786305478,8.07802136945215
2022,1.59875887450928,0.310840088596538,82.6603078640784,22.6249470692615,413.301539320392,205,16,2.36859568178242,91.9158581531564,8.08414184684356
2022,1.59746728983523,0.310570904862492,82.5060190781524,22.6121416537993,412.530095390762,206,16,2.37556704138231,91.9099854389325,8.09001456106752
2022,1.59594715034884,0.310294018345972,82.3500812633412,22.5991824050722,411.750406316706,207,16,2.36103359777642,91.9042248586238,8.09577514137621
2022,1.59497562399683,0.31001040932264,82.196749674182,22.5864230596577,410.98374837091,208,16,2.41326948953791,91.8982270613458,8.10177293865423
2022,1.59393108858919,0.309723207028234,82.0327800743482,22.5727601135108,410.163900371741,209,16,2.46004588299994,91.89322536791,8.10677463209003
2022,1.59245756533871,0.309433777871599,81.8592499674616,22.5582797805661,409.296249837308,210,16,2.45771284533094,91.8891636974361,8.11083630256389
2022,1.59117365331933,0.309149034879054,81.6858956173791,22.5437927360999,408.429478086896,211,16,2.47498747537772,91.8878080400628,8.11219195993718
2022,1.49084633025012,0.28957780505782,81.5088333688771,22.5289736890466,407.544166844386,212,15,2.46073435459755,91.6200145430348,8.37998545696522
