"year","assimilated_weight","ingested_weight","Weight","Length","Energy","JulianDay","feeding_hours","Metabolism","percentage_partic","percentage_filters"
2008,7.79325332487538,1.531933545714,54.5,19.9420239553624,272.5,141,16,0.73418069328425,96.278197327714,3.72180267228597
2008,7.78184134918762,1.52938898194061,55.9117879409524,20.0971722234953,279.558939704762,142,16,0.760450445824983,96.2524183069182,3.74758169308181
2008,7.76303193016083,1.52478934978515,57.3160351313009,20.2488063459891,286.580175656505,143,16,0.811122370394945,96.2353034786922,3.76469652130779
2008,7.73004313636976,1.51812742579022,58.7063810849575,20.3964094007711,293.531905424788,144,16,0.834250989015704,96.226868551342,3.77313144865798
2008,7.68823077363736,1.50941667808359,60.0854980013678,20.5404325991113,300.427490006839,145,16,0.87134360877371,96.2265693936592,3.7734306063408
2008,7.6350872106402,1.49855658186311,61.4488277236966,20.6805599775214,307.244138618483,146,16,0.906374889922993,96.2343366506408,3.76566334935923
2008,7.57454940201783,1.48564701391396,62.794515612427,20.8167648986527,313.972578062135,147,16,0.971809563459361,96.2492683686527,3.75073163134733
2008,7.50043836211001,1.47052264412997,64.1150014421109,20.9484554527345,320.575007210555,148,16,1.01852791623455,96.2711279367039,3.72887206329608
2008,7.41319467373452,1.45305561636743,65.4113131445427,21.0759089673351,327.056565722713,149,16,1.05469220707128,96.2988953046144,3.70110469538561
2008,7.30803494589479,1.43305549096131,66.6829342873554,21.1992356875267,333.414671436777,150,16,1.03683939682265,96.331356310948,3.66864368905198
2008,7.61631263571706,1.49410233683672,67.9370843511905,21.3192727476374,339.685421755952,151,17,1.04491673854852,96.4667124443872,3.53328755561281
2008,7.47630873739028,1.46671292520412,69.2512639776386,21.4434095534442,346.256319888193,152,17,1.05705551282164,96.4978920677058,3.50210793229421
2008,7.32119345381875,1.43537214444204,70.5350029745009,21.5630956016273,352.675014872505,153,17,1.12572398171877,96.5282620268873,3.47173797311265
2008,7.14004603664439,1.39937679313287,71.7739722516093,21.6771764360825,358.869861258046,154,17,1.17181157179592,96.5556814482844,3.44431855171562
2008,6.9290595147069,1.35790319798402,72.9674808476405,21.7857807044142,364.837404238202,155,17,1.19571267555186,96.5761347832634,3.42386521673657
2008,6.69017711259033,1.30997759417866,74.1139975843993,21.8889491027283,370.569987921997,156,17,1.29152214918265,96.584479057201,3.41552094279896
2008,6.40871642982506,1.25446195274529,75.1935610361209,21.985080850872,375.967805180605,157,17,1.33916187542984,96.5750682138232,3.42493178617682
2008,6.08477227330644,1.19027551864074,76.2072892816076,22.0744783429085,381.036446408038,158,17,1.42270976211833,96.539589855796,3.46041014420398
2008,5.7082015759811,1.11646015370874,77.1395039022763,22.1559587822375,385.697519511381,159,17,1.45189405904919,96.4677965705089,3.53220342949112
2008,5.2788075558376,1.03262430189531,77.9905526182321,22.2297477822402,389.952763091161,160,17,1.44902660856764,96.345642189048,3.65435781095201
2008,4.80186303129056,0.939388024043103,78.7562816110954,22.2956611386623,393.781408055477,161,17,1.45340373373881,96.1554749015719,3.84452509842807
2008,4.28663315071606,0.839081063366188,79.4257326274091,22.3529219899553,397.128663137046,162,17,1.40037573500048,95.8769448818133,4.12305511818672
2008,3.76086914369177,0.736604350621813,80.0027307869081,22.4020056804903,400.013653934541,163,17,1.34660586581976,95.49164318315,4.50835681684999
2008,3.26594184798065,0.639802868069227,80.4853189367244,22.4428690352346,402.426594683622,164,17,1.33201776319655,94.9998156565217,5.00018434347834
2008,2.85273450013066,0.558844903988845,80.8718295845076,22.4754740044187,404.359147922538,165,17,1.33942819223632,94.4518411755126,5.54815882448739
2008,2.57331462111008,0.503930002558156,81.1742087282837,22.5009062338504,405.871043641418,166,17,1.38021232484541,93.9763030442911,6.02369695570895
2008,2.46461752560921,0.482576456777143,81.4125407191682,22.5209051518305,407.062703595841,167,17,1.39846312923883,93.7491051560097,6.25089484399029
2008,2.45259582351321,0.479941216354264,81.6254780416814,22.5387386663051,408.127390208407,168,17,1.46535936582244,93.6980225199209,6.30197748007906
2008,2.44119757778442,0.477653614124021,81.8226271676504,22.5552210336642,409.113135838252,169,17,1.48169261987539,93.6508688905474,6.34913110945259
2008,2.43253430025666,0.475740622123359,82.0142256733685,22.5712128493397,410.071128366842,170,17,1.5371962744665,93.6074146268388,6.39258537316121
2008,2.42425638229005,0.474190172608269,82.1929865445194,22.5861097058431,410.964932722597,171,17,1.52311419184235,93.5681958445287,6.43180415547134
2008,2.41839021321165,0.47304070832697,82.3729042407172,22.6010801817938,411.864521203586,172,17,1.52635255399826,93.5328309603791,6.46716903962087
2008,2.41368814047995,0.47229256835083,82.5509969532149,22.6158763783004,412.754984766075,173,17,1.48736008384487,93.5016733969155,6.49832660308451
2008,2.41146361671938,0.471974734002409,82.7359436656306,22.6312184850226,413.679718328153,174,17,1.46214720886362,93.4745767476803,6.52542325231969
2008,2.41259252089487,0.472091254859834,82.9254837655506,22.646916851793,414.627418827753,175,17,1.48974476856296,93.4518546041019,6.54814539589814
2008,2.41482957446286,0.472627248073103,83.1097256960295,22.6621524546875,415.548628480148,176,17,1.4690324068205,93.434113908187,6.56588609181297
2008,2.4208974547723,0.47361631108621,83.2985531471192,22.6777428434307,416.492765735596,177,17,1.5194393248558,93.4211178218831,6.5788821781169
2008,2.42910066527782,0.475032892228918,83.4785082699224,22.6925777890458,417.392541349612,178,17,1.56871809498291,93.4135493907117,6.58645060928832
2008,2.43907839760054,0.47688500996581,83.6502439252377,22.706714376413,418.251219626188,179,17,1.59640389415889,93.4114670193728,6.58853298062717
2008,2.45020056411728,0.479190196784844,83.8184337672112,22.7205394944536,419.092168836056,180,17,1.56617162203845,93.4147312122741,6.58526878772592
2008,2.46518023221666,0.481985222007359,83.9948903422956,22.7350233655412,419.974451711478,181,17,1.60254658237517,93.4229004002719,6.57709959972808
2008,2.48285064946976,0.485237853550114,84.1670634557648,22.7491352155378,420.835317278824,182,17,1.65696382028046,93.4364023062998,6.56359769370016
2008,2.50233691239509,0.488937093307205,84.3318828647045,22.7626254962332,421.659414323522,183,17,1.68802822811977,93.4552234808638,6.54477651913622
2008,2.52419013294484,0.493091915649391,84.4943824485015,22.7759079239608,422.471912242507,184,17,1.72099623664242,93.4789951172413,6.52100488275866
2008,2.54739237968772,0.497693305629926,84.6546548979037,22.7889908815016,423.273274489518,185,17,1.70553456140459,93.5074660430854,6.49253395691457
2008,2.57347276022225,0.502759472387727,84.8226559732474,22.8026862037163,424.113279866237,186,17,1.71584987071163,93.5400001724485,6.45999982755146
2008,2.60135454099635,0.508258855402337,84.993805662074,22.8166187721346,424.96902831037,187,17,1.70520289265075,93.5763924405735,6.42360755942645
2008,2.63104004783441,0.514183900033498,85.1726565751221,22.831157386653,425.863282875611,188,17,1.67673685084982,93.6160813216475,6.38391867835252
2008,2.6644631111321,0.520520706633834,85.3631330184717,22.84661765053,426.815665092358,189,17,1.7283951062904,93.6584855274877,6.3415144725123
2008,2.69959265941378,0.527184069897274,85.5499572787396,22.8617581412397,427.749786393698,190,17,1.78206777324126,93.7042179011755,6.29578209882453
2008,2.73560051526851,0.534128742373055,85.7330678141394,22.8765753211704,428.665339070697,191,17,1.80743575820658,93.7523986939756,6.24760130602444
2008,2.77300590748616,0.541325472953603,85.9183012705641,22.8915418614522,429.591506352821,192,17,1.8379795927209,93.801906985652,6.19809301434806
2008,2.81171807111891,0.548716962581355,86.1049018725385,22.9065961434345,430.524509362692,193,17,1.88404335629987,93.8521408715178,6.14785912848219
2008,2.85043342530498,0.55623170626211,86.2900268947751,22.9215089281819,431.450134473876,194,17,1.89784922478642,93.9025417355029,6.09745826449706
2008,2.88863237146528,0.563830552349786,86.4801285403651,22.9367994181355,432.400642701826,195,17,1.86433165832977,93.9523185111119,6.04768148888807
2008,2.78619178098936,0.54381372556066,86.6845680147742,22.9532170251664,433.422840073871,196,16,1.82808087067326,93.8738685268126,6.12613147318742
2008,2.82347527851156,0.551037251019551,86.8757635757642,22.9685466707043,434.378817878821,197,16,1.8449249379208,93.9211559334372,6.07884406656281
2008,2.85927490326789,0.558138261405327,87.0710413928615,22.9841793695457,435.355206964308,198,16,1.81960913791453,93.9659754965218,6.03402450347824
2008,2.89767418796214,0.565536137190501,87.2785364816293,23.0007633515477,436.392682408146,199,16,1.84728331001459,94.0113279420253,5.98867205797469
2008,2.93761989764624,0.573254181244839,87.4881703454176,23.0174903924893,437.440851727088,200,16,1.87017812159377,94.0589124668179,5.94108753318212
2008,2.97973522545324,0.581367784538401,87.7012080024872,23.0344604335227,438.506040012436,201,16,1.89979482712463,94.1086869923734,5.89131300762665
2008,3.02338690544969,0.589830812493391,87.9167388166139,23.0515998611996,439.583694083069,202,16,1.91681294684697,94.1601289526218,5.83987104737815
2008,3.06904083546255,0.598613181849697,88.1375896184403,23.0691319931474,440.687948092201,203,16,1.95133129416338,94.2126654943588,5.78733450564123
2008,3.11695652879711,0.607659121624501,88.3606605621115,23.0868093155588,441.803302810557,204,16,2.03036567447361,94.2658957005586,5.73410429944139
2008,3.16464127624996,0.616888141694347,88.57750063607,23.103963083052,442.88750318035,205,16,2.05136617437946,94.3195711458507,5.68042885414933
2008,3.21299908982263,0.626309178311049,88.7996705413425,23.121508153605,443.998352706712,206,16,2.05685331675446,94.3730375928871,5.62696240711289
2008,3.26154844415421,0.635895724370555,89.0304073023135,23.1396974039727,445.152036511567,207,16,2.03096194267622,94.4258687362057,5.57413126379429
2008,3.31090959782458,0.645636746549215,89.2760245547451,23.1590236348453,446.380122773726,208,16,2.00744732059659,94.4776113624415,5.52238863755846
2008,3.36131430336525,0.655491688147875,89.5362087070284,23.1794556747885,447.681043535142,209,16,2.00610041077802,94.527991201025,5.47200879897499
2008,3.41198670402612,0.665401629954606,89.8067343153613,23.2006559861443,449.033671576806,210,16,2.00446762174957,94.5768466243416,5.42315337565841
2008,3.46289965878573,0.675338770373302,90.0877116074743,23.2226282957776,450.438558037372,211,16,2.0076520006298,94.6257013522395,5.37429864776047
2008,3.32877463264719,0.650289098983178,90.3782247521539,23.2452961402124,451.891123760769,212,15,1.7230653446577,94.5506321207937,5.44936787920631
2009,7.7931556046907,1.53180399361206,54.5,19.9420239553624,272.5,141,16,0.738195699624956,96.2785005359883,3.72149946401173
2009,7.7770453571064,1.52926112000771,55.9109653956473,20.0970826293381,279.554826978236,142,16,0.73036435364857,96.2527622632283,3.74723773677171
2009,7.75513035138959,1.52468499110709,57.3202706087477,20.2492597658473,286.601353043739,143,16,0.754845854261679,96.2353702484682,3.76462975153175
2009,7.72175127532225,1.51806160131657,58.7202915339472,20.3978738009104,293.601457669736,144,16,0.771775698395646,96.2264250751192,3.77357492488081
2009,7.68007172905409,1.50939084701567,60.1102450772878,20.5429958289385,300.551225386439,145,16,0.805279434126158,96.225576227224,3.77442377277596
2009,7.63040925944514,1.49864121534636,61.4851557077625,20.6842641107385,307.425778538813,146,16,0.861928085111961,96.2325942463072,3.76740575369281
2009,7.56667599448556,1.48568409875769,62.8387971736308,20.8212121718647,314.193985868154,147,16,0.896890470734142,96.2473597542233,3.75264024577671
2009,7.48814938835051,1.47059864633636,64.1726918774138,20.9541655840461,320.863459387069,148,16,0.896507035088287,96.2686238818961,3.73137611810388
2009,7.39705437920324,1.45319536276643,65.490949581165,21.083681224374,327.454747905825,149,16,0.888317029654575,96.2954261424947,3.70457385750524
2009,7.29396558719477,1.43327990751992,66.7926171203289,21.2097961136336,333.963085601645,150,16,0.886454274562502,96.3266121403142,3.67338785968582
2009,7.60437115231245,1.49441812607155,68.0740294564371,21.3322862207835,340.370147282186,151,17,0.914452233729009,96.4613188130657,3.53868118693433
2009,7.46226975974988,1.46710084647228,69.4119124800207,21.458471396106,347.059562400104,152,17,0.900180948878549,96.4916696895556,3.50833031044441
2009,7.30041693056884,1.43585139567865,70.7242170353557,21.5806077859683,353.621085176778,153,17,0.886779259308871,96.5210816827137,3.47891831728632
2009,7.11928557874203,1.39999800353247,72.0068179390731,21.69846270894,360.034089695365,154,17,0.910936542928041,96.5467915608266,3.45320843917339
2009,6.90908251720476,1.35869636907861,73.2483467443035,21.8111581066862,366.241733721518,155,17,0.921855964299844,96.5657454414023,3.43425455859768
2009,6.66769170977535,1.310968121385,74.4456358773499,21.9185837226908,372.22817938675,156,17,0.948067192383908,96.5726021940454,3.42739780595456
2009,6.3873023782218,1.25571348473955,75.5893887086308,22.0200870183144,377.946943543154,157,17,0.967196200149501,96.5613322937673,3.43866770623268
2009,6.06171398700432,1.19182765069226,76.6732214573177,22.1152895630652,383.366107286589,158,17,0.970835429519681,96.5238846324472,3.47611536755283
2009,5.68770830603298,1.11838085378631,77.6911919492624,22.2038564057861,388.455959746312,159,17,0.975478831521353,96.4496463890914,3.5503536109086
2009,5.26312911264952,1.03492847486269,78.6334158054399,22.2851151208897,393.167079027199,160,17,0.982776912647182,96.3248358977237,3.67516410227631
2009,4.79167755046642,0.942034451420474,79.4892476365237,22.3583371900467,397.446238182618,161,17,1.0067526390895,96.1318579947072,3.8681420052928
2009,4.28359405510637,0.841979471142801,80.2459780837607,22.4226241563477,401.229890418804,162,17,1.03003321389382,95.8501853641177,4.14981463588228
2009,3.76353021259997,0.739585961800921,80.8964209112995,22.4775447826811,404.482104556497,163,17,1.05527234014595,95.4614568259204,4.53854317407961
2009,3.27025661714087,0.642690086267596,81.4377898558813,22.5230214662691,407.188949279407,164,17,1.05639355651158,94.9656352048181,5.03436479518191
2009,2.85799420593003,0.561544238729775,81.8802683678546,22.5600348127411,409.401341839273,165,17,1.07950387485613,94.4125903127779,5.58740968722215
2009,2.57751853288093,0.506454125592609,82.235662675329,22.5896627385447,411.178313376645,166,17,1.0806250528183,93.9316306008371,6.06836939916288
2009,2.46983595312707,0.485111003087138,82.5347296662595,22.6145257927069,412.673648331297,167,17,1.11567408467147,93.7002329282679,6.29976707173214
2009,2.45739792814588,0.48261381433009,82.8052435154782,22.6369610423701,414.026217577391,168,17,1.12824355387436,93.6467134991922,6.35328650080781
2009,2.44845006581323,0.480495461523839,83.0707495917342,22.6589313503967,415.353747958671,169,17,1.19752458124285,93.5967364480742,6.40326355192577
2009,2.44115872830163,0.47873632964152,83.3206036330611,22.6795618176082,416.603018165306,170,17,1.26457946699998,93.5509924055251,6.44900759447495
2009,2.43503886086091,0.477343761834139,83.5555824509263,22.6989247298547,417.777912254632,171,17,1.30689238454095,93.5096787175053,6.49032128249467
2009,2.43017272376979,0.476336288495645,83.7808690077758,22.7174533687615,418.904345038879,172,17,1.32101903042741,93.4728042203655,6.52719577963449
2009,2.4269483504333,0.475735349407887,84.0023514646021,22.735635320296,420.01175732301,173,17,1.31733534778891,93.4403491713242,6.55965082867584
2009,2.42746918255436,0.475558978134019,84.2239202614464,22.7537909588014,421.119601307232,174,17,1.38021767480078,93.4123776771363,6.58762232286374
2009,2.42892734479299,0.475786337595903,84.4330111631367,22.7708936379717,422.165055815683,175,17,1.39596331889894,93.3896255523046,6.6103744476954
2009,2.43241804521888,0.476449489733449,84.6392392205623,22.7877332584625,423.196196102812,176,17,1.40336048021647,93.371881825053,6.62811817494704
2009,2.43622582405614,0.477562916545434,84.8446806469145,22.8044802365731,424.223403234572,177,17,1.32624606967643,93.3592314884142,6.64076851158578
2009,2.44475381971966,0.479179395846449,85.0663011285946,22.8225144245728,425.331505642973,178,17,1.34075735967138,93.3511488182016,6.64885118179844
2009,2.45488624039303,0.481264216452321,85.2867190726426,22.8404183059057,426.433595363213,179,17,1.32279454885617,93.348441019191,6.65155898080904
2009,2.46728179497501,0.483842650058431,85.5127501409332,22.8587446635145,427.563750704666,180,17,1.2951372215825,93.3509072427566,6.64909275724336
2009,2.48324716570243,0.486927638130442,85.7467856340731,22.8776844693962,428.733928170366,181,17,1.30733772513426,93.358479591186,6.64152040881403
2009,2.50212296257164,0.49050294068899,85.9815676464981,22.8966485217619,429.907838232491,182,17,1.33604163714026,93.3713865337153,6.62861346628474
2009,2.52382542450014,0.494560363665518,86.2143774735828,22.9154176701487,431.071887367914,183,17,1.38010280118786,93.3896079577151,6.61039204228494
2009,2.54659852637987,0.499087652935845,86.4427089655341,22.9337914938756,432.21354482767,184,17,1.3695017091948,93.413037714396,6.58696228560403
2009,2.57262089710855,0.504109719979692,86.6777087428765,22.9526666259228,433.388543714382,185,17,1.38871381455439,93.4410411660538,6.55895883394622
2009,2.60030750516427,0.509597736377904,86.9140637391625,22.9716146671891,434.570318695813,186,17,1.37881531102447,93.4734817619283,6.52651823807168
2009,2.63048458567762,0.515553278014983,87.1579287918469,22.9911271670662,435.789643959235,187,17,1.37351025081004,93.5097800616307,6.49021993836932
2009,2.66360041805719,0.521951898642582,87.4088829872914,23.0111672080324,437.044414936457,188,17,1.39522768970383,93.5495124225129,6.45048757748705
2009,2.69906382538159,0.528747136357684,87.6621092590933,23.0313480807823,438.310546295467,189,17,1.42980232579185,93.5923206168864,6.40767938311364
2009,2.73633609592128,0.535894276174929,87.9155055046607,23.0515018691985,439.577527523303,190,17,1.46489019898752,93.6378432829703,6.36215671702973
2009,2.77490457183245,0.543352539254633,88.169330732862,23.0716492284799,440.84665366431,191,17,1.48797305571561,93.6862237901763,6.31377620982373
2009,2.81411371780376,0.551075997639113,88.4262450620143,23.0920006610444,442.131225310072,192,17,1.48204811056767,93.7358877286448,6.26411227135517
2009,2.85516014349366,0.559029840232274,88.6921779727492,23.113023138967,443.460889863746,193,17,1.50273507379028,93.7860284293355,6.21397157066448
2009,2.8965711373983,0.567131856513846,88.9621741257816,23.1343219271785,444.810870628908,194,17,1.50766263340363,93.8361168748528,6.16388312514724
2009,2.93885389600055,0.57532587444907,89.2394580523504,23.1561487736278,446.197290261752,195,17,1.52847470934476,93.8854156166007,6.11458438339931
2009,2.83606615573708,0.555282267698352,89.5210268225986,23.1782645920314,447.605134112993,196,16,1.47890591384437,93.8057606429331,6.19423935706694
2009,2.87493073722949,0.563022437486316,89.7919422216638,23.1994979236428,448.959711108319,197,16,1.45656230346846,93.8523902896614,6.14760971033856
2009,2.91502070569648,0.570645236588659,90.0750898991256,23.221642308703,450.375449495628,198,16,1.50537034687801,93.8960873643822,6.1039126356178
2009,2.95612435917014,0.578515030093743,90.3564840302121,23.2436015382365,451.78242015106,199,16,1.54462340209865,93.9405995520574,6.05940044794258
2009,2.99856792166917,0.58670970166148,90.6382382586264,23.2655411654594,453.191191293132,200,16,1.57106707575404,93.9874166547245,6.01258334527552
2009,3.04334519479756,0.595313873475052,90.9231822755913,23.2876808841907,454.615911377957,201,16,1.60699305677528,94.0364730955663,5.96352690443373
2009,3.08769740846725,0.604277217373956,91.2098860877488,23.3099085828381,456.049430438744,202,16,1.55378189517261,94.0872399659728,5.91276003402716
2009,3.13456257943674,0.613632675574808,91.5160918841661,23.3335945270535,457.58045942083,203,16,1.522910658564,94.1388078083889,5.86119219161112
2009,3.18405650272267,0.623321916533687,91.8378333614002,23.3584227674859,459.189166807001,204,16,1.52720875408279,94.1907960955582,5.80920390444178
2009,3.23571810251752,0.633274524222066,92.168601609029,23.3838844695434,460.843008045145,205,16,1.56152502941962,94.2429132439249,5.7570867560751
2009,3.28779872207957,0.643423008891233,92.5028259557884,23.4095476080137,462.514129778942,206,16,1.57434668151318,94.2948796993625,5.70512030063746
2009,3.34074546848079,0.653744077567036,92.8448887622218,23.4357457861045,464.224443811109,207,16,1.58653803485793,94.3462386123294,5.65376138767058
2009,3.39385507482271,0.664196924223576,93.1950887553273,23.462497582894,465.975443776636,208,16,1.58049639237238,94.3966588277997,5.60334117220027
2009,3.44818465493643,0.674756212320821,93.5571045150275,23.4900784391508,467.785522575138,209,16,1.59862983581948,94.4457691413309,5.55423085866908
2009,3.50195302964097,0.68536097850168,93.9263442489481,23.5181331498457,469.63172124474,210,16,1.58901407130807,94.4934178526982,5.50658214730184
2009,3.55881930757202,0.695999405316085,94.3082449543814,23.5470690875312,471.541224771907,211,16,1.6820948821002,94.5399164247646,5.46008357523539
2009,3.42807764690262,0.67044977220709,94.6828860309876,23.5753757300379,473.414430154938,212,15,1.64097350611885,94.4623074705604,5.53769252943956
2010,7.78209366959412,1.531933545714,54.5,19.9420239553624,272.5,141,16,0.658726876821088,96.278197327714,3.72180267228597
2010,7.77051029683499,1.52943736882749,55.9246467731887,20.0985727275177,279.623233865944,142,16,0.679532776329152,96.2517153668444,3.74828463315563
2010,7.74666909067832,1.52488670675854,57.3428112442172,20.25167241199,286.714056221086,143,16,0.688287767030568,96.2338668704091,3.76613312959089
2010,7.71694117131937,1.51829594543914,58.7544514498472,20.4014689054794,293.772257249236,144,16,0.728004699669664,96.2243401126165,3.77565988738355
2010,7.67256908934233,1.50964179301202,60.1521970269885,20.5473394096045,300.760985134943,145,16,0.738905691799666,96.2231340208047,3.77686597919529
2010,7.61753797997653,1.49884905354836,61.5388816776216,20.6897394107514,307.694408388108,146,16,0.751084782971028,96.2298005801468,3.7701994198532
2010,7.55168908358876,1.48601487329271,62.9121172606815,20.8285710340569,314.560586303407,147,16,0.759645072370791,96.2434827893079,3.75651721069206
2010,7.47415134552836,1.47099220653614,64.2704632245558,20.9638347124305,321.352316122779,148,16,0.763398582321271,96.2636688780104,3.73633112198962
2010,7.38543809224203,1.45364513478469,65.6125423621222,21.0955355872325,328.062711810611,149,16,0.771553788928266,96.2894938857426,3.71050611425735
2010,7.28647029090005,1.43377708781607,66.9352383993209,21.22350984143,334.676191996605,150,16,0.800188528659713,96.3198974466256,3.68010255337439
2010,7.59820284306952,1.49499402628869,68.2324036697014,21.3473133039665,341.162018348507,151,17,0.83681504315742,96.4540825809718,3.54591741902822
2010,7.4579408839481,1.46771331324226,69.5845790583689,21.4746329457131,347.922895291845,152,17,0.83639825852229,96.4840855092719,3.51591449072804
2010,7.30026020247438,1.4364992499953,70.9087726811014,21.5976573934515,354.543863405507,153,17,0.857439693103684,96.5132890681921,3.4867109318079
2010,7.12005750389978,1.40067329830839,72.1972081628394,21.7158321682453,360.986040814197,154,17,0.887424461333859,96.5393054030275,3.46069459697254
2010,6.91092375578821,1.35939968901896,73.4435915251338,21.8287593521625,367.217957625669,155,17,0.906463000529747,96.5583543291388,3.44164567086122
2010,6.66851619677727,1.31170122857564,74.6443249932495,21.9362941841182,373.221624966248,156,17,0.919319494902205,96.565361023298,3.43463897670201
2010,6.38899796341956,1.25648898125856,75.7939894983424,22.0381314141331,378.969947491712,157,17,0.943839200967751,96.5541468619285,3.44585313807147
2010,6.06498705026486,1.19264432607704,76.8828296950052,22.1335928894058,384.414148475026,158,17,0.962361436811261,96.5167711490099,3.48322885099011
2010,5.69124532401122,1.11922625435991,77.9031462242415,22.2221952690454,389.515731121207,159,17,0.967784854514566,96.4426600303846,3.55733996961535
2010,5.26684229423945,1.03579271411179,78.8476126376814,22.3034929843356,394.238063188407,160,17,0.975355134920153,96.3179228178624,3.68207718213761
2010,4.79332978605896,0.942900938960892,79.7056675543162,22.3767662331007,398.528337771581,161,17,0.96604053166664,96.1249347633657,3.8750652366343
2010,4.28832051456557,0.842847251546506,80.4708667063981,22.4416477704953,402.35433353199,162,17,1.03808833359826,95.8429275057012,4.15707249429876
2010,3.76848983936829,0.740394297952645,81.1206392669955,22.4964054807602,405.603196334978,163,17,1.07581189328484,95.453986426283,4.54601357371704
2010,3.27583301937382,0.643407878777226,81.6588875214485,22.541533768605,408.294437607242,164,17,1.10693257591343,94.957820225997,5.04217977400303
2010,2.8620492607824,0.562147930212285,82.0923687160554,22.5777276020818,410.461843580277,165,17,1.11030580147529,94.4044575765766,5.59554242342342
2010,2.58190685775241,0.506972527088455,82.4424089272067,22.6068573805185,412.212044636033,166,17,1.13994354268515,93.9230443869803,6.07695561301969
2010,2.4736797662643,0.485573485654725,82.7304851838987,22.6307660235348,413.652425919493,167,17,1.17005464863856,93.6918085604218,6.30819143957822
2010,2.46132405646619,0.483049716315475,82.9908871528501,22.6523279827455,414.95443576425,168,17,1.19134915224111,93.638726014231,6.36127398576902
2010,2.45058555546376,0.480901636819427,83.2445529705556,22.673286878687,416.222764852778,169,17,1.20201608426058,93.5892691961436,6.41073080385643
2010,2.44234419904557,0.479139335441012,83.4939316596046,22.6938482083502,417.469658298023,170,17,1.23296530657916,93.5435628045998,6.45643719540015
2010,2.43534041960848,0.477760583417556,83.7354662038949,22.7137220224937,418.677331019474,171,17,1.23683000884971,93.5019955954104,6.49800440458962
2010,2.43069733406163,0.476785475884028,83.9748211273112,22.7333771179686,419.874105636556,172,17,1.25247342022224,93.4645626230119,6.53543737698812
2010,2.42714144576036,0.476217875600476,84.2101127966724,22.7526605302227,421.050563983362,173,17,1.22963332983641,93.4315810264043,6.56841897359573
2010,2.42689789677475,0.476085585562802,84.4492553708559,22.7722211035726,422.246276854279,174,17,1.24920691818273,93.4029501008845,6.59704989911548
2010,2.42919249028899,0.476379963416824,84.6844284006081,22.7914193754178,423.422142003041,175,17,1.2835100456355,93.3792185206695,6.62078147933051
2010,2.43283147961406,0.477104681101148,84.9131936244402,22.8100589273177,424.565968122201,176,17,1.2840790910471,93.3606819796632,6.63931802033679
2010,2.4395147359834,0.478286530590166,85.1425668236132,22.8287129101313,425.712834118066,177,17,1.31349384123979,93.347226406762,6.65277359323801
2010,2.44771008444974,0.479921817675497,85.3673876140619,22.8469627055658,426.836938070309,178,17,1.31039785383495,93.3391993955735,6.66080060442648
2010,2.45929907635504,0.48203620630231,85.5944606039243,22.8653613517584,427.972303019621,179,17,1.34630273888711,93.3364342696314,6.66356573036864
2010,2.47222815821488,0.484617953422742,85.8166642063423,22.8833325515146,429.083321031711,180,17,1.33912632990345,93.3392610438083,6.66073895619166
2010,2.49183300415689,0.487695766849513,86.0428827523732,22.9015951833929,430.214413761866,181,17,1.51182766914953,93.3473454633261,6.65265453667387
2010,2.50863092749408,0.491174261028719,86.2384756530161,22.917358449112,431.19237826508,182,17,1.47050874105165,93.3618793053353,6.63812069466473
2010,2.52890380268517,0.495169197591194,86.4456863699602,22.9340308619181,432.228431849801,183,17,1.4675859813003,93.3811865064418,6.61881349355815
2010,2.55165426682613,0.499657659513084,86.6575302621243,22.9510472954541,433.287651310622,184,17,1.46294909135967,93.4053464390598,6.59465356094015
2010,2.57768933999164,0.504634452770889,86.8748454673927,22.968473114978,434.374227336964,185,17,1.49295865880402,93.4340864917936,6.56591350820636
2010,2.60727921747828,0.510067012814757,87.0913593797897,22.9858044942307,435.456796898949,186,17,1.57851025373824,93.4672941234725,6.53270587652749
2010,2.63756761274417,0.515901249198798,87.2966744996968,23.0022117205952,436.483372498484,187,17,1.60292037235336,93.5048908930636,6.49510910693639
2010,2.67018196832547,0.522150367181475,87.5031590863792,23.0186852989889,437.515795431896,188,17,1.6367420195602,93.546015978388,6.45398402161195
2010,2.7053379375175,0.528777738153452,87.7093959184862,23.0351120885914,438.546979592431,189,17,1.69929903156763,93.5901974836121,6.40980251638793
2010,2.74149841769955,0.535728929125483,87.9101461801588,23.0510760364194,439.550730900794,190,17,1.73089192983373,93.6377013212491,6.36229867875089
2010,2.77745905694642,0.542979385676573,88.1118036947236,23.0670865702112,440.559018473618,191,17,1.68061375412382,93.6874399838496,6.31256001615036
2010,2.81811973875381,0.55053799627312,88.3307026094744,23.0844370982463,441.653513047372,192,17,1.77739318920876,93.7380044795549,6.26199552044513
2010,2.85663953047342,0.558240460052908,88.5383707854752,23.1008697678245,442.691853927376,193,17,1.73815216893838,93.7895071724638,6.21049282753614
2010,2.89618570856265,0.566126373614736,88.7615844153875,23.1185026130933,443.807922076937,194,17,1.70507337958368,93.8406009501847,6.15939904981533
2010,2.93685466507161,0.574126439477052,88.9993157416363,23.1372483364541,444.996578708181,195,17,1.69737314468758,93.8906871621445,6.10931283785547
2010,2.83392849441067,0.55398721664831,89.2467130349263,23.1567192261927,446.233565174632,196,16,1.66379112271399,93.8113108837268,6.18868911627319
2010,2.87542899148538,0.561545016942126,89.4802331971353,23.1750634628239,447.401165985677,197,16,1.79759337973237,93.858649845529,6.14135015447096
2010,2.91313145023652,0.568867998755437,89.6952850676103,23.1919274287721,448.476425338051,198,16,1.81073540838911,93.903825192496,6.09617480750402
2010,2.95280807709536,0.576450685286291,89.91524162203,23.2091468842796,449.57620811015,199,16,1.85439459045204,93.9495951783622,6.05040482163781
2010,2.99188518381269,0.584347069068715,90.134394004146,23.2262742113793,450.67197002073,200,16,1.79423690501632,93.9976759658434,6.00232403415656
2010,3.03501929038503,0.592714282931858,90.3733856197126,23.2449189738536,451.866928098563,201,16,1.81137026218675,94.0475775545566,5.95242244544337
2010,3.08099648994154,0.601448954731461,90.6175688554964,23.2639332981129,453.087844277482,202,16,1.87239367120214,94.0990901764293,5.90090982357065
2010,3.12892768655382,0.610472384525806,90.8587340197838,23.282677588748,454.293670098919,203,16,1.95618571217911,94.1518820416347,5.8481179583653
2010,3.17683615505161,0.619721809996095,91.0927181798307,23.3008306303017,455.463590899154,204,16,1.98398376913266,94.2055624685552,5.79443753144479
2010,3.2272191630756,0.629201138859264,91.330715739678,23.3192617318209,456.65357869839,205,16,2.07415337025467,94.2594369735133,5.74056302648671
2010,3.27729337842059,0.638815030824446,91.5607470370001,23.3370441210774,457.803735185,206,16,2.11568299180961,94.3133769491232,5.68662305087679
2010,3.32661752183721,0.648562103215292,91.7924784997023,23.3549264847174,458.962392498512,207,16,2.08711280638534,94.3668023689012,5.63319763109883
2010,3.37716501915592,0.658463735858911,92.0397799008757,23.3739756842319,460.198899504379,208,16,2.08031794556571,94.4190968269171,5.58090317308293
2010,3.42709627807192,0.668460908286396,92.2985401244593,23.3938693845324,461.492700622297,209,16,2.02360682473788,94.4700639843856,5.52993601561443
2010,3.4789592738499,0.678560096938919,92.5786185913442,23.4153582902221,462.893092956721,210,16,2.03239825864241,94.5192476850055,5.48075231499447
2010,3.53219618245613,0.688673542270851,92.8673001361243,23.4374598965072,464.336500680622,211,16,2.09944785983821,94.5684466880893,5.4315533119107
2010,3.4018976261048,0.663036581287438,93.1532073881053,23.4593019553841,465.766036940526,212,15,2.10708857490976,94.4923930136691,5.50760698633093
2011,7.77692200070047,1.531933545714,54.5,19.9420239553624,272.5,141,16,0.626439545013699,96.278197327714,3.72180267228597
2011,7.77032414750903,1.52945777322095,55.9300699057715,20.0991633140981,279.650349528857,142,16,0.677670702801471,96.2514189169318,3.74858108306819
2011,7.74930068670374,1.52490763917625,57.3485695435965,20.25228864792,286.742847717983,143,16,0.705523114266051,96.233557941547,3.76644205845302
2011,7.71752979233372,1.51830588944056,58.7572889772758,20.4017674708823,293.786444886379,144,16,0.731883794882416,96.2241908758016,3.77580912419842
2011,7.67579516534179,1.50964914508967,60.154376447502,20.5475650026522,300.77188223751,145,16,0.762531253526545,96.2230217811213,3.77697821887872
2011,7.6217666886207,1.49884288544253,61.5369811905615,20.6895457859113,307.684905952808,146,16,0.783527226647796,96.2298962962165,3.77010370378347
2011,7.55947231170257,1.48599129943232,62.9045740368006,20.8278142248976,314.522870184003,147,16,0.822155174345972,96.2438538344153,3.75614616558469
2011,7.47904538737665,1.47093643123363,64.2519746710202,20.9620070674664,321.259873355101,148,16,0.804281473481328,96.2645558170918,3.73544418290816
2011,7.3903507375814,1.45357001203808,65.5868561616708,21.093032656243,327.934280808354,149,16,0.814288716757211,96.2906937329513,3.70930626704876
2011,7.29523728574961,1.4336822062261,66.9019879316436,21.2203144695652,334.509939658218,150,16,0.880499429443887,96.3214073034115,3.67859269658851
2011,7.60949775320054,1.4948508235129,68.1848446913603,21.3428033028593,340.924223456801,151,17,0.942721343163395,96.4561162011578,3.54388379884219
2011,7.47264298227808,1.46751440427954,69.5180982275378,21.468413668831,347.590491137689,152,17,0.980170081437506,96.486838909012,3.51316109098798
2011,7.30962999423545,1.43622188045151,70.8164785606466,21.5891349551809,354.082392803233,153,17,0.95778802578679,96.5169859315669,3.4830140684331
2011,7.12695233192328,1.40033613163177,72.0867193323959,21.7057560730289,360.43359666198,154,17,0.971265059674557,96.5435801675456,3.45641983245443
2011,6.91706128653642,1.35900573202396,73.3177148466309,21.8174153565627,366.588574233155,155,17,0.989626525928129,96.5630549905174,3.43694500948261
2011,6.67678630159864,1.31124419191515,74.5030447348664,21.9237043307375,372.515223674332,156,17,1.03521542594401,96.5704539830865,3.4295460169135
2011,6.39481937261914,1.25594214831865,75.6311860431872,22.0237760227438,378.155930215936,157,17,1.04332239605381,96.5598195671753,3.4401804328247
2011,6.06665235609087,1.19201123818123,76.7012963279722,22.1177431267478,383.506481639861,158,17,1.02092995820249,96.5229030987648,3.47709690123518
2011,5.69361898703219,1.11853160527603,77.7102351387394,22.2055054992905,388.551175693697,159,17,1.04481183854824,96.4490100044884,3.55098999551158
2011,5.27190421680685,1.03502914277879,78.639774204521,22.2856611670348,393.198871022605,160,17,1.10687731578034,96.3246445453208,3.67535545467918
2011,4.79897255013437,0.942043730202879,79.4725408606068,22.3569130862817,397.362704303034,161,17,1.12873111149533,96.1324331152832,3.86756688471685
2011,4.28888644787175,0.841899874961867,80.2063349324012,22.4192668406944,401.031674662006,162,17,1.13875001156319,95.8515351051113,4.14846489488872
2011,3.76664137713968,0.739435276763702,80.8360936718841,22.4724639841678,404.180468359421,163,17,1.14026883968287,95.4635660014329,4.53643399856707
2011,3.27422181905635,0.642498018516798,81.3610868043922,22.516591007285,406.805434021961,164,17,1.18365991676439,94.9684665617062,5.03153343829384
2011,2.86038772793135,0.561303745015542,81.778906732869,22.5515682404669,408.894533664345,165,17,1.18700587560694,94.4166088273899,5.58339117261009
2011,2.579596195898,0.506186375055146,82.1132815799928,22.5794703656112,410.566407899964,166,17,1.19423231766675,93.9368391203837,6.06316087961632
2011,2.47167376410938,0.484802572570123,82.3900454060785,22.6025052633892,411.950227030392,167,17,1.23698795661631,93.7065753529277,6.2934246470723
2011,2.45924460567278,0.482246689603972,82.6366673574666,22.6229860733799,413.183336787333,168,17,1.26327867196963,93.6540717399615,6.34592826003852
2011,2.44898045450497,0.480062290010601,82.8755396673317,22.6427827374814,414.377698336658,169,17,1.30112734889788,93.6052138172073,6.3947861827927
2011,2.44024090229857,0.478249291494888,83.1047838428338,22.6617441031384,415.523919214169,170,17,1.32492531661895,93.5603086051642,6.43969139483581
2011,2.43254179556443,0.476820298445778,83.3275150951667,22.6801318843302,416.637575475834,171,17,1.3110482489562,93.5194519499634,6.48054805003655
2011,2.42718419879089,0.475800032822879,83.5514766034476,22.6985867225208,417.757383017238,172,17,1.30768336904647,93.4825466138519,6.51745338614815
2011,2.42419051268196,0.47519288368092,83.7750341313302,22.7169739190634,418.875170656651,173,17,1.31481279511588,93.4498989386976,6.55010106130243
2011,2.42370001447718,0.475003961163648,83.9965615375036,22.7351604388095,419.982807687518,174,17,1.33735360373296,93.421806769936,6.57819323006395
2011,2.4259393298382,0.475236390426713,84.2134771612333,22.7529359854392,421.067385806166,175,17,1.38514050512257,93.3985922945022,6.60140770549778
2011,2.42860632501393,0.475888300829945,84.4212777917099,22.7699346841181,422.106388958549,176,17,1.35953967822761,93.3806310532668,6.61936894673319
2011,2.43425454548554,0.477005373776438,84.6347266751477,22.7873650912654,423.173633375738,177,17,1.36011529301918,93.3674904212433,6.63250957875667
2011,2.44255842146575,0.478585700604609,84.8491845565016,22.8048470652242,424.245922782508,178,17,1.37310386145995,93.3595061964352,6.64049380356483
2011,2.45291551008262,0.480632612332214,85.0626998805847,22.8222216378088,425.313499402923,179,17,1.37210045950837,93.3568596098667,6.64314039013326
2011,2.46602038619898,0.483161528306543,85.2784816388694,22.8397497845886,426.392408194347,180,17,1.38336898146549,93.3594854457242,6.64051455427583
2011,2.48150916774962,0.486172591406356,85.4946248724753,22.8572763320939,427.473124362376,181,17,1.39134519509498,93.3674648028012,6.63253519719884
2011,2.49961189285799,0.489671604441793,85.7122647417099,22.8748930619626,428.561323708549,182,17,1.40456591391138,93.3807046850447,6.61929531495524
2011,2.52080905987175,0.493656751114997,85.9308750192737,22.8925569830153,429.654375096368,183,17,1.44420308903981,93.3991108080744,6.60088919192566
2011,2.54360783361402,0.49810981027332,86.1457911998022,22.9098919130932,430.728955999011,184,17,1.44971223218143,93.4226600474418,6.5773399525582
2011,2.57093184319523,0.503043372126884,86.3641592393023,22.9274744222378,431.820796196511,185,17,1.54723460134088,93.4508528668316,6.54914713316841
2011,2.59882641225892,0.508388507704319,86.5684813656596,22.9438979482886,432.842406828298,186,17,1.57660185491279,93.4839348114437,6.51606518855628
2011,2.62875512216424,0.514167472726372,86.772503044726,22.960270388931,433.86251522363,187,17,1.5974134158436,93.521048793053,6.47895120694702
2011,2.66062925250857,0.520362176125198,86.9783421831427,22.9767615109491,434.891710915714,188,17,1.6097847651117,93.5616773677893,6.43832263221069
2011,2.69471341206163,0.526948914720934,87.1880757838971,22.9935366900174,435.940378919485,189,17,1.63152038258459,93.6052554675305,6.39474453246955
2011,2.73045140864371,0.533888754759423,87.4002728106587,23.0104803039341,437.001364053294,190,17,1.64610632978272,93.6519594971696,6.34804050283037
2011,2.76766865341168,0.541142958022973,87.6166938151763,23.0277316888607,438.083469075882,191,17,1.65471388138812,93.7008531846259,6.29914681537407
2011,2.80701495805955,0.548665506877527,87.8388301187733,23.0454077938523,439.194150593867,192,17,1.69780088314422,93.7509282453052,6.24907175469481
2011,2.84728210171677,0.556375077843561,88.060211383884,23.0629928483483,440.30105691942,193,17,1.73918525738631,93.8017130953766,6.19828690462344
2011,2.88823676998699,0.564210032272658,88.2813622416134,23.0805288638281,441.406811208067,194,17,1.78264007533318,93.8525360591786,6.14746394082138
2011,2.92924935664709,0.572100627646491,88.502006029196,23.09799418608,442.51003014598,195,17,1.81527637947476,93.9027524515822,6.09724754841782
2011,2.82638180968568,0.551920139792119,88.7243179625392,23.115560886374,443.621589812696,196,16,1.79674566611238,93.8239629861147,6.17603701388529
2011,2.86515289396193,0.559332028072245,88.9297552762635,23.1317669312926,444.648776381318,197,16,1.8395457352325,93.8717563754508,6.12824362454925
2011,2.90275961395983,0.566583077754343,89.1343800110362,23.1478829577992,445.671900055181,198,16,1.86552626353482,93.9170064135886,6.08299358641144
2011,2.94144364261527,0.574084671206983,89.3413231522801,23.1641553749215,446.706615761401,199,16,1.88122671079578,93.9629379721765,6.03706202782352
2011,2.98082907201164,0.581919514722333,89.5528560219803,23.180761564954,447.764280109901,200,16,1.84860366483766,94.0110421077965,5.98895789220352
2011,3.02391997996191,0.590200446981394,89.7787833615851,23.198467614081,448.893916807925,201,16,1.88404378706514,94.0610858037926,5.9389141962074
2011,3.06836446541631,0.598830922756359,90.0062330487088,23.2162616286416,450.031165243544,202,16,1.89850699182466,94.1128181004981,5.8871818995019
2011,3.11446187910143,0.607786834898789,90.2396710319896,23.2344915652765,451.198355159948,203,16,1.91218107146695,94.1656248366198,5.83437516338018
2011,3.16305868846966,0.617026784485337,90.4795854095712,23.253193048499,452.397927047856,204,16,1.97488564534091,94.219014877471,5.78098512252899
2011,3.21184322284214,0.626468337497324,90.7166696224919,23.2716399966479,453.583348112459,205,16,1.99720670145524,94.2727694934813,5.72723050651874
2011,3.26346096398121,0.636103395832313,90.9590379105219,23.2904633857569,454.79518955261,206,16,2.10822300481415,94.3263043941981,5.67369560580192
2011,3.31350007398969,0.645811255807991,91.1895175588826,23.3083310508275,455.947587794413,207,16,2.12394363139221,94.3796261156698,5.62037388433017
2011,3.36411167832892,0.655633941102514,91.4268523061097,23.3266972862941,457.134261530548,208,16,2.13875095338323,94.4320060718239,5.56799392817612
2011,3.41471900252791,0.665531792487947,91.6713389446465,23.34558225993,458.356694723232,209,16,2.13477651475551,94.4831513185128,5.51684868148717
2011,3.46592794237671,0.675482109407212,91.9267325808416,23.3652722765744,459.633662904208,210,16,2.14692879360742,94.5327295964744,5.4672704035256
2011,3.5190781573183,0.68544150996679,92.1899276460674,23.3855239070344,460.949638230337,211,16,2.24974746979507,94.582336608294,5.41766339170603
2011,3.38810414619098,0.659792362511006,92.4431786719297,23.4049723839586,462.215893359648,212,15,2.23323139654535,94.5072298682803,5.49277013171969
2012,7.78546872938738,1.531933545714,54.5,19.9420239553624,272.5,141,16,0.680689880879074,96.278197327714,3.72180267228597
2012,7.77369577778241,1.5294233806492,55.9209291843358,20.0981678539299,279.604645921679,142,16,0.701380717075545,96.2519185886454,3.74808141135461
2012,7.74903173916156,1.5248596220783,57.3353611757685,20.2508750640066,286.676805878842,143,16,0.705222332637033,96.2342665714727,3.76573342852728
2012,7.71442752105641,1.51825962043617,58.7440870260444,20.4003782726045,293.720435130222,144,16,0.711468083119932,96.2248852314806,3.77511476851942
2012,7.67122503972968,1.50961628896819,60.1446372405255,20.5465568476851,300.723186202628,145,16,0.73003628974766,96.2235233543791,3.77647664562094
2012,7.61721753631878,1.49882940221972,61.5328269978039,20.6891225352059,307.66413498902,146,16,0.749382294601088,96.2301055197375,3.7698944802625
2012,7.55480448176676,1.48599681557536,62.906339022251,20.8279913109729,314.531695111255,147,16,0.78439101726704,96.2437670155331,3.75623298446687
2012,7.47789258569982,1.4709617266463,64.260358911345,20.9628359183677,321.301794556725,148,16,0.794001292800693,96.2641536007528,3.7358463992472
2012,7.38864494029616,1.45359987600422,65.597065822064,21.0940275942229,327.98532911032,149,16,0.799043132133931,96.2902168145176,3.70978318548241
2012,7.28894758419693,1.43371907471619,66.9149054743174,21.2215559776104,334.574527371587,150,16,0.823355193413167,96.3208207260856,3.67917927391445
2012,7.60000985650653,1.49492036278625,68.207933035913,21.3449930361474,341.039665179565,151,17,0.854944075908509,96.4551289287503,3.54487107124972
2012,7.4592421437976,1.46763036886635,69.5568442398278,21.4720388591387,347.784221199139,152,17,0.850867596925367,96.4852341646838,3.51476583531623
2012,7.30132557360338,1.43640805323344,70.8784045206067,21.5948540516512,354.392022603033,153,17,0.870831339390966,96.5145054449098,3.48549455509015
2012,7.12108597971348,1.40057320028066,72.1643750764692,21.7128390582225,360.821875382346,154,17,0.901711326121606,96.5405756769053,3.45942432309474
2012,6.91037098530324,1.3592887559057,73.4081071501008,21.8255628757521,367.040535750504,155,17,0.906218213870758,96.5596794189994,3.44032058100057
2012,6.66692103526965,1.31158638581349,74.6087794792533,21.9331281950635,373.043897396266,156,17,0.908475209161923,96.566642381949,3.43335761805101
2012,6.38742632909838,1.25637597320337,75.7602943061935,22.035162064807,378.801471530967,157,17,0.932417034263304,96.5553209318414,3.4446790681586
2012,6.06469640608093,1.19253387083669,76.8511051175724,22.1308248840578,384.255525587862,158,17,0.965298629691842,96.5178427638212,3.48215723617883
2012,5.69275382934197,1.11910988860608,77.870776592974,22.2193968118395,389.35388296487,159,17,0.994866899634846,96.4437255276971,3.55627447230286
2012,5.26819117176121,1.0356552279729,78.8101288578008,22.3002794293392,394.050644289004,160,17,1.00410503922146,96.319135073053,3.68086492694701
2012,4.7951993266995,0.942743225260235,79.6627042564691,22.3731105092036,398.313521282346,161,17,1.00721868678259,96.1263166017185,3.87368339828151
2012,4.28635476582048,0.842665540124664,80.4200425166924,22.4373517316745,402.100212583462,162,17,1.01864190211827,95.8445811460475,4.15541885395254
2012,3.76635931262465,0.740235054549738,81.0733122441962,22.4924274757179,405.366561220981,163,17,1.04712917090313,95.4555794987477,4.54442050125235
2012,3.27639763338258,0.643279712169566,81.6168719362137,22.5380185335718,408.084359681068,164,17,1.13807693515763,94.9593218595487,5.04067814045132
2012,2.86389234757399,0.562018493056098,82.0442380977132,22.5737154840874,410.221190488566,165,17,1.18581723564632,94.4063225493163,5.59367745068372
2012,2.58323905971816,0.506822558607717,82.379545716205,22.6016323650709,411.897728581025,166,17,1.21157373439502,93.9256777256443,6.0743222743557
2012,2.47480618014784,0.485399497563151,82.6535638105672,22.6243876853527,413.267819052836,167,17,1.24361287685681,93.6951430552631,6.3048569447369
2012,2.46180357466668,0.482842723137868,82.8994812030483,22.6447647106836,414.497406015241,168,17,1.24793332256647,93.6426834947012,6.35731650529877
2012,2.4511113274866,0.480668459991398,83.1419282453311,22.6648129775117,415.709641226655,169,17,1.26627137600742,93.5937006039955,6.40629939600455
2012,2.44187832290655,0.478875750589886,83.3785634857943,22.6843414042056,416.892817428971,170,17,1.2656393701053,93.5485239050673,6.45147609493268
2012,2.43599844299659,0.477479702718945,83.6134728423507,22.7036892320451,418.067364211753,171,17,1.31852708535536,93.5072118562659,6.49278814373411
2012,2.43078773932487,0.476464115181984,83.8366229580177,22.722033477595,419.183114790088,172,17,1.32020509491978,93.4704289061492,6.52957109385077
2012,2.42705352948161,0.475860786357798,84.0583898217929,22.7402303272162,420.291949108964,173,17,1.29618776428969,93.4379639556104,6.56203604438961
2012,2.42580305304965,0.475691614234194,84.2842077626322,22.758725233832,421.421038813161,174,17,1.28337874350998,93.4098194309684,6.59018056903157
2012,2.42827095094872,0.475962474033306,84.5123316894043,22.7773739708511,422.561658447022,175,17,1.33069006183017,93.3862919572483,6.61370804275175
2012,2.43097903409714,0.476655779944472,84.731481073582,22.7952560423539,423.65740536791,176,17,1.29942834358972,93.3680442195299,6.63195578047013
2012,2.43632018138011,0.477819888843355,84.9574187162461,22.8136583034023,424.78709358123,177,17,1.27830546570717,93.3546068377504,6.64539316224957
2012,2.44557618667758,0.479461387645673,85.1886432090896,22.83245588805,425.943216045448,178,17,1.31688983403093,93.346196232527,6.65380376747298
2012,2.45625453690952,0.481560313762586,85.413995853952,22.8507419295439,427.06997926976,179,17,1.31860455220965,93.343358037702,6.65664196229798
2012,2.46945221827956,0.484143378624143,85.6411351268373,22.8691389506878,428.205675634186,180,17,1.32237256156058,93.3458491599717,6.65415084002827
2012,2.48569900293262,0.487216330386417,85.870154106823,22.8876538193198,429.350770534115,181,17,1.34864284186141,93.3536757767893,6.64632422321073
2012,2.50428058999791,0.490771085514139,86.0971620261121,22.9059721720242,430.48581013056,182,17,1.36993992619857,93.3669278980987,6.63307210190127
2012,2.52543951103791,0.494810897908241,86.3236204574253,22.9242126736995,431.618102287126,183,17,1.39555107219121,93.3854303896495,6.6145696103505
2012,2.54987248915508,0.499330221494705,86.549181987702,22.942347809733,432.74590993851,184,17,1.45668282043355,93.4090066306263,6.59099336937369
2012,2.57500540141412,0.504299964918958,86.76739725025,22.9598609839071,433.83698625125,185,17,1.44911591677613,93.4376086833348,6.56239131666515
2012,2.60382796185399,0.509748789160755,86.9921460945881,22.9778664590955,434.960730472941,186,17,1.49520205042023,93.4704463795311,6.52955362046887
2012,2.63481732153109,0.515626151914928,87.2134355689441,22.995563141899,436.067177844721,187,17,1.54071554614307,93.5074522869214,6.49254771307861
2012,2.66709369428838,0.521907473839184,87.4318135802133,23.0129963386658,437.159067901066,188,17,1.55174407364911,93.5481411505863,6.45185884941366
2012,2.70205355096834,0.52858508807199,87.6544345304599,23.0307370405839,438.272172652299,189,17,1.59195222398872,93.5917819857758,6.4082180142242
2012,2.73800917146284,0.535605789310141,87.8759989789396,23.0483623968005,439.379994894698,190,17,1.5981573232077,93.6386543497088,6.36134565029116
2012,2.77536266212027,0.542948635859491,88.1035066359501,23.0664283319353,440.517533179751,191,17,1.59347067921535,93.6876643102013,6.31233568979868
2012,2.81555783369904,0.550571136323621,88.3394151499224,23.0851270576593,441.697075749612,192,17,1.65098248742262,93.7377760345847,6.26222396541529
2012,2.856093528052,0.55837096992805,88.5718528053701,23.1035166663443,442.85926402685,193,17,1.68332308488178,93.7886542815469,6.21134571845311
2012,2.89774948836547,0.56630315236521,88.8059219627696,23.1220013943975,444.029609813848,194,17,1.73559858712206,93.8395013756902,6.16049862430981
2012,2.93785198171671,0.574283310916581,89.0378595432776,23.1402843249021,445.189297716388,195,17,1.70657502807284,93.8897540649513,6.11024593504869
2012,2.83491634948902,0.554133093249773,89.283614637305,23.1596202648582,446.418073186525,196,16,1.67519029714809,93.8104190780709,6.18958092192909
2012,2.87305262830768,0.561684846382618,89.5150512877279,23.1777957475494,447.57525643864,197,16,1.65666365283675,93.8578226769562,6.14217732304382
2012,2.9125044734897,0.569122427093791,89.7578126384032,23.1968254354183,448.789063192016,198,16,1.72257425610867,93.9023591510824,6.09764084891756
2012,2.95246987670165,0.576780339806201,89.9952738593777,23.215404980214,449.976369296889,199,16,1.76115640686046,93.9477399567502,6.05226004324976
2012,2.99536123698021,0.584758307688956,90.2330034277062,23.2339713264877,451.165017138531,200,16,1.85960011371025,93.9954161006077,6.00458389939227
2012,3.0394046683115,0.593078467590162,90.4596141061556,23.2516375919852,452.298070530778,201,16,1.93117722683034,94.0456240934275,5.95437590657253
2012,3.08359672034452,0.601719069408663,90.6807099198912,23.2688442227549,453.403549599456,202,16,1.93070174862443,94.0976760897059,5.90232391029408
2012,3.13024118355576,0.610697704326705,90.9107312126089,23.2867144665914,454.553656063045,203,16,1.96468191916958,94.1507306856437,5.84926931435628
2012,3.17851710216604,0.619943723722855,91.1432769106052,23.3047488247286,455.716384553026,204,16,2.01095071208815,94.2044553393256,5.79554466067438
2012,3.22820553272572,0.629403395562867,91.376215380822,23.322781520451,456.88107690411,205,16,2.07249422250357,94.2584513510503,5.74154864894972
2012,3.27763475207754,0.639022205786729,91.6067740587484,23.340598464513,458.033870293742,206,16,2.08127335858825,94.3123902528884,5.68760974711161
2012,3.32645660647081,0.64880348318623,91.8454539584243,23.3590101004605,459.227269792121,207,16,2.0221320408718,94.3656780772555,5.63432192274454
2012,3.37529666388293,0.658767739595327,92.1057172732797,23.3790487012572,460.528586366399,208,16,1.92639377509592,94.417710954722,5.58228904527806
2012,3.42685442111733,0.668910162967584,92.3948860657088,23.4012666089697,461.974430328544,209,16,1.91380069274765,94.4680577615305,5.5319422384695
2012,3.47958355597513,0.679117497228795,92.6968735416988,23.4244177495195,463.484367708494,210,16,1.93730799577667,94.5168070366397,5.4831929633603
2012,3.53164243408438,0.689327861850698,93.0046932020372,23.447961964324,465.023466010186,211,16,1.93179003641835,94.5656351011996,5.43436489880045
2012,3.40114878905655,0.663815216798016,93.3240156118899,23.4723286669659,466.620078059449,212,15,1.89725233795046,94.4888299826382,5.51117001736177
2013,7.7849167601918,1.531933545714,54.5,19.9420239553624,272.5,141,16,0.677048522927791,96.278197327714,3.72180267228597
2013,7.77279133969545,1.52942570558675,55.921547062087,20.0982351467974,279.607735310435,142,16,0.69515936230431,96.2518848121837,3.74811518781629
2013,7.75122459451672,1.52486573452115,57.3370424348018,20.2510550080582,286.685212174009,143,16,0.720281019856835,96.2341763698424,3.76582363015756
2013,7.71975017441011,1.51825649423509,58.7431951123717,20.4002844115906,293.715975561858,144,16,0.749693252152592,96.224932142786,3.77506785721394
2013,7.67907416842619,1.50959107696073,60.1371648275087,20.5457832629759,300.685824137544,145,16,0.78970784287557,96.2239081976449,3.77609180235509
2013,7.62551997250444,1.49877149952051,61.5149901356181,20.6873049967998,307.57495067809,146,16,0.815993649370125,96.2310038924684,3.76899610753157
2013,7.55490810108319,1.48590460210094,62.8768404718374,20.8250311815847,314.384202359187,147,16,0.788606908142516,96.2452180903438,3.75478190965625
2013,7.47980010575729,1.47087023025731,64.2300380828224,20.9598380991667,321.150190414112,148,16,0.812992222953468,96.2656082162065,3.73439178379345
2013,7.3925395428477,1.45350116969673,65.563328512902,21.090739460651,327.81664256451,149,16,0.835500042280715,96.2917928046286,3.70820719537144
2013,7.29390318527331,1.43360416442051,66.8746559518662,21.2176870357573,334.373279759331,150,16,0.871688123205179,96.3226484727496,3.67735152725039
2013,7.6053131571275,1.49477296521177,68.1590083746057,21.3403523349653,340.795041873029,151,17,0.907538415412069,96.4572210135725,3.54277898642752
2013,7.46686963041405,1.46745559354786,69.498461807645,21.4665758902022,347.492309038225,152,17,0.927012036429412,96.4876522146557,3.51234778534431
2013,7.31042741485842,1.4361913112747,70.8063192723414,21.5881963737185,354.031596361707,153,17,0.967183796703555,96.5173928794298,3.48260712057022
2013,7.12772841740181,1.40029982796298,72.0748404835145,21.7046721335968,360.374202417572,154,17,0.981106160681711,96.544039768606,3.455960231394
2013,6.91668931436443,1.3589628078896,73.3040231344642,21.8161806422998,366.520115672321,155,17,0.987813978805657,96.5635662954284,3.43643370457155
2013,6.67660555377097,1.31120075182335,74.4896413129656,21.9225090528294,372.448206564828,156,17,1.03553939484175,96.5709371627264,3.42906283727364
2013,6.39645129839473,1.25589669704554,75.6176818637337,22.0225843084282,378.088409318669,157,17,1.06646796088517,96.5602901061294,3.43970989387063
2013,6.07219530631033,1.19194900170687,76.6834896223716,22.1161870074681,383.417448111858,158,17,1.09824075904864,96.5235045836556,3.47649541634438
2013,5.70093848663099,1.11841553139299,77.6780751480535,22.2027203591083,388.390375740267,159,17,1.16043090304238,96.4500686021461,3.54993139785394
2013,5.27440283723519,1.0348309217174,78.5859548498057,22.2810382998446,392.929774249028,160,17,1.16352403307654,96.3263851505438,3.67361484945621
2013,4.79858707711932,0.941805398811311,79.4078928601752,22.351400453672,397.039464300876,161,17,1.14285314244563,96.1345125784459,3.86548742155409
2013,4.28984517637255,0.841657326889586,80.1387866628559,22.4135436195876,400.693933314279,162,17,1.1830025438671,95.8537333236636,4.14626667633635
2013,3.76636668069096,0.739177784251984,80.7598879881978,22.466042113914,403.799439940989,163,17,1.16343612627814,95.4661321725458,4.5338678274542
2013,3.27259250376014,0.642250293196759,81.2801943027313,22.5098047431884,406.400971513657,164,17,1.17268340324197,94.9713596539575,5.02864034604252
2013,2.86042651072333,0.561090486126205,81.6998854007595,22.5449626422924,408.499427003797,165,17,1.22202272108274,94.4196740010511,5.58032599894887
2013,2.58028960867718,0.505980521640575,82.0272663686049,22.5723003472968,410.136331843025,166,17,1.25597764031507,93.9404473869661,6.05955261303394
2013,2.4705698363063,0.484579728598808,82.2918217373464,22.5943363448942,411.459108686732,167,17,1.23700640648207,93.7108401739557,6.28915982604429
2013,2.45800903287641,0.482023088710724,82.5382214469712,22.6148157121697,412.691107234856,168,17,1.25833981550419,93.6583412605131,6.34165873948692
2013,2.4479596499261,0.479839639742851,82.7778366856304,22.634690365966,413.889183428152,169,17,1.30452081794597,93.6094402720075,6.39055972799253
2013,2.44031118593143,0.478023387187689,83.0062002936989,22.6535944817353,415.031001468495,170,17,1.37502506076727,93.5645560764219,6.43544392357807
2013,2.43447787577789,0.47656953159034,83.2189279934216,22.671171662321,416.094639967108,171,17,1.44802756913975,93.52410467733,6.47589532267004
2013,2.42964047842991,0.475483767944084,83.415883464049,22.6874177239925,417.079417320245,172,17,1.48341280575213,93.4883153600168,6.51168463998319
2013,2.42753408457837,0.474790965649554,83.6047896608418,22.7029747343556,418.023948304209,173,17,1.55450414610623,93.4570786814576,6.54292131854234
2013,2.42693819184391,0.474483102120506,83.7790517055911,22.7173040441903,418.895258527955,174,17,1.6056923555765,93.430884349729,6.56911565027104
2013,2.42762762447023,0.474577939889472,83.9429526360137,22.7307624299492,419.714763180068,175,17,1.61860824374027,93.4097453190722,6.59025468092783
2013,2.42957572970434,0.475102813299798,84.104404196413,22.7440017962532,420.522020982065,176,17,1.58415606015231,93.3935130683518,6.60648693164819
2013,2.43420423677201,0.476090833156018,84.2731317580997,22.7578188945607,421.365658790499,177,17,1.56585214908115,93.3819581881887,6.61804181181128
2013,2.44102499045057,0.477544601823654,84.4464415229681,22.7719911705826,422.23220761484,178,17,1.53882699227755,93.3753353571208,6.6246646428792
2013,2.45055990966496,0.479478312443628,84.6265160291084,22.7866951702718,423.132580145542,179,17,1.52486334063586,93.3736676292892,6.62633237071078
2013,2.46225205090091,0.481893957728409,84.8112855875052,22.8017598951271,424.056427937526,180,17,1.49701972461453,93.3771025529419,6.62289744705807
2013,2.47770632858965,0.484805959740538,85.0039574628882,22.8174445725227,425.019787314441,181,17,1.52651225606272,93.3855364503239,6.6144635496761
2013,2.49435035321391,0.488187514735918,85.1938165908074,22.8328760554171,425.969082954037,182,17,1.49980530523929,93.3993222311459,6.60067776885409
2013,2.51483872449832,0.492070905575059,85.3923408356227,22.8489862135878,426.961704178113,183,17,1.53231757564587,93.4179341208024,6.58206587919762
2013,2.53709125663111,0.496420215373966,85.5884549308013,22.8648751788216,427.942274654007,184,17,1.53628905603076,93.4415926860997,6.55840731390032
2013,2.56212458125748,0.501245026518983,85.7882198711033,22.8810338654543,428.941099355516,185,17,1.55641720060997,93.4698411044853,6.53015889551475
2013,2.58946918800791,0.506524173532503,85.9889603198299,22.8972450638944,429.944801599149,186,17,1.57595119512088,93.5024584573253,6.49754154267472
2013,2.61982454684643,0.512240931886039,86.191257272341,22.913555298544,430.956286361705,187,17,1.6316554617215,93.5390456417238,6.46095435827619
2013,2.65019562911272,0.518348304985593,86.3884787154948,22.9294306541168,431.942393577474,188,17,1.59456997195891,93.5793599031074,6.42064009689259
2013,2.68419365495247,0.524879037280273,86.5991858250188,22.9463636540278,432.995929125094,189,17,1.62549232402187,93.6223431279392,6.37765687206076
2013,2.7210766707568,0.531756236204242,86.8105019646802,22.9633167818763,434.052509823401,190,17,1.7087171867744,93.6685274582641,6.33147254173593
2013,2.75990139001866,0.538897977672629,87.0125435389987,22.9794989696251,435.062717694994,191,17,1.82316778248292,93.7172957301986,6.28270426980144
2013,2.79836874776198,0.546226969133243,87.1994539443676,22.9944459478443,435.997269721838,192,17,1.87333027958471,93.7678072209962,6.23219277900375
2013,2.83776132203931,0.553732177252935,87.3840197159181,23.0091835332942,436.920098579591,193,17,1.92467403744851,93.8190573623408,6.18094263765923
2013,2.87755615273989,0.561350561672225,87.5661896569624,23.0237085524841,437.830948284812,194,17,1.96673178728143,93.8703984814662,6.12960151853381
2013,2.91667164197808,0.569022452381463,87.7479014358687,23.0381760747731,438.739507179343,195,17,1.95912466408514,93.9211415065025,6.07885849349756
2013,2.81287439111509,0.54880555323049,87.9389521159798,23.0533646404811,439.694760579899,196,16,1.90596937524531,93.8430816513184,6.15691834868165
2013,2.849929913184,0.556068444083647,88.1198684316165,23.0677263360779,440.599342158082,197,16,1.90043355049744,93.8911397558554,6.10886024414464
2013,2.88713317404108,0.563213625462096,88.3092973023884,23.0827417777759,441.546486511942,198,16,1.93327904705476,93.9364958152718,6.0635041847282
2013,2.92524934835572,0.57060422003568,88.499591680971,23.0978032397784,442.497958404855,199,16,1.94831037386385,93.9825949659696,6.01740503403044
2013,2.96470344351954,0.578325282795905,88.6944968920573,23.1132062603982,443.472484460287,200,16,1.94529988717613,94.03085794363,5.96914205637001
2013,3.00637491897058,0.5864641488578,88.8978886664277,23.1292548257971,444.489443332138,201,16,1.94634038744312,94.0811857970266,5.91881420297338
2013,3.05009598849104,0.59497726458621,89.1093999327935,23.1459169361148,445.546999663967,202,16,1.95398670773323,94.1330442788541,5.86695572114592
2013,3.09583722521967,0.603818578733337,89.3281190982464,23.1631178947353,446.640595491232,203,16,1.97806968135547,94.1859463799403,5.81405362005973
2013,3.14321004989597,0.612933154979107,89.5511625385877,23.1806287282402,447.755812692938,204,16,2.01315708187985,94.2394850936413,5.76051490635867
2013,3.19205730754892,0.622270031364524,89.7766554485365,23.1983009933223,448.883277242683,205,16,2.06440832522038,94.2932667731298,5.70673322687019
2013,3.24083665312295,0.631773208410958,90.001659767552,23.215904157197,450.00829883776,206,16,2.07007125574919,94.3469573814612,5.65304261853876
2013,3.29056720601391,0.641441606500263,90.235279496611,23.2341489194225,451.176397483055,207,16,2.08085754364824,94.4000002913189,5.5999997086811
2013,3.3383124026605,0.651230417921285,90.4766798017335,23.252966761338,452.383399008667,208,16,1.97080993226907,94.4520937343694,5.54790626563056
2013,3.38951370579661,0.661210724219007,90.7496300050738,23.2742019027914,453.748150025369,209,16,1.97741131572821,94.5024530042799,5.49754699572015
2013,3.44071675017729,0.671238552861273,91.0314902596297,23.2960835665689,455.157451298148,210,16,1.97351232077324,94.5513083561209,5.44869164387906
2013,3.49325671902402,0.681295156741887,91.3243605107208,23.3187700029262,456.621802553604,211,16,2.02191340433788,94.6001443145295,5.39985568547054
2013,3.36310430840982,0.656007463851237,91.6180475527277,23.3414688474546,458.090237763638,212,15,1.9540778162621,94.5245291530918,5.47547084690821
2014,7.78866808994201,1.531933545714,54.5,19.9420239553624,272.5,141,16,0.702185236674636,96.278197327714,3.72180267228597
2014,7.77654585958961,1.52940961150032,55.9172699852876,20.0977693211138,279.586349926438,142,16,0.721564736733738,96.2521186214825,3.74788137851746
2014,7.75422071532376,1.52483371311741,57.3282352013159,20.2501123348053,286.64117600658,143,16,0.74274999071596,96.2346488951681,3.76535110483195
2014,7.72047997821232,1.51821196974701,58.7304933420409,20.3989476261686,293.652466710205,144,16,0.756625236070199,96.2256002242106,3.7743997757894
2014,7.68131067166754,1.50954402871445,60.1232226751217,20.544339716638,300.616113375608,145,16,0.809077378081124,96.2246262697914,3.77537373020865
2014,7.62628469833399,1.49871510136752,61.4976214434209,20.6855348109109,307.488107217105,146,16,0.82437673293486,96.2318787312296,3.76812126877037
2014,7.56433987851837,1.48584552062943,62.8579482009432,20.8231348658291,314.289741004716,147,16,0.869167392102268,96.2461474874587,3.75385251254135
2014,7.49109508033484,1.47077023688581,64.1969201832559,20.9565626064324,320.984600916279,148,16,0.915784962666504,96.2671971365598,3.7328028634402
2014,7.40497254668701,1.45335061330814,65.5119112797248,21.0857259227414,327.559556398624,149,16,0.955847635456477,96.294194891842,3.70580510815801
2014,7.30310971844889,1.4333955093592,66.8016561779146,21.2106658682969,334.008280889573,150,16,0.968935450826912,96.3259637341517,3.67403626584833
2014,7.61893944188114,1.49449956272391,68.0684010321415,21.3317517286143,340.342005160708,151,17,1.05284316079905,96.46109585561,3.53890414438997
2014,7.47997150531198,1.46710479411461,69.3815195780769,21.4556237285988,346.907597890385,152,17,1.07670589724748,96.4924960833463,3.50750391665367
2014,7.32372377020823,1.43575642692398,70.6620597891339,21.574858599334,353.31029894567,153,17,1.1340528980604,96.5231717649663,3.47682823503367
2014,7.14386449882061,1.39976385831816,71.8998679973338,21.6886915319717,359.499339986669,154,17,1.19671389589654,96.5508098823428,3.44919011765719
2014,6.93429226529717,1.35828731057846,73.0891583638372,21.796783117812,365.445791819186,155,17,1.24105861049004,96.5715904866742,3.42840951332579
2014,6.6887394401145,1.31034883459501,74.227650935614,21.8991153584798,371.13825467807,156,17,1.24507266374899,96.5803818073861,3.41961819261386
2014,6.40020663979712,1.25487832909263,75.3162152083465,21.9959418326955,376.581076041733,157,17,1.18196938406676,96.5707944276538,3.4292055723462
2014,6.06717189786022,1.19081296701945,76.359678206367,22.0878452520999,381.798391031835,158,17,1.1049642203609,96.5344424249464,3.46555757505362
2014,5.69115670643223,1.11723397343496,77.3519194846579,22.1744289073014,386.75959742329,159,17,1.09996002701274,96.4608045502831,3.53919544971691
2014,5.26627207001852,1.03366288848456,78.2699425096824,22.2538494931832,391.349712548412,160,17,1.12390232134155,96.3366057312316,3.66339426876839
2014,4.79243450451808,0.940659874822682,79.0981843598844,22.3249476666337,395.490921799422,161,17,1.13353067291043,96.1444752923254,3.85552470767457
2014,4.28667617411135,0.840544232048469,79.8297179742249,22.3873139148317,399.148589871124,162,17,1.2327595181835,95.863792714796,4.13620728520396
2014,3.76403309233729,0.738094708765006,80.4402401946607,22.4390592162706,402.201200973303,163,17,1.23661737980699,95.4768989296065,4.52310107039349
2014,3.27021526286807,0.641222540522711,80.9454500828472,22.4816721058425,404.727250414236,164,17,1.24896592172868,94.9833371433713,5.01666285662871
2014,2.85637603682957,0.560142484211276,81.3494162978542,22.5156122311428,406.747081489271,165,17,1.24332746261788,94.4332778952867,5.56672210471331
2014,2.57596660661397,0.505127899966568,81.671733810816,22.5426083020979,408.35866905408,166,17,1.25245358481852,93.9553754459227,6.04462455407725
2014,2.46735310493383,0.483771195135263,81.9361372405764,22.5646983262377,409.680686202882,167,17,1.26746752874335,93.7263000774676,6.2736999225324
2014,2.45458211000264,0.481198358005261,82.1758093591104,22.5846792437051,410.879046795552,168,17,1.28439674841699,93.6740761152033,6.32592388479668
2014,2.44328742132174,0.478998762483504,82.4095360765255,22.6041254270074,412.047680382628,169,17,1.28442210760574,93.6253906100345,6.37460938996548
2014,2.43404091750626,0.477185005753664,82.6409934843441,22.6233449577325,413.204967421721,170,17,1.28759589207185,93.5803095752439,6.41969042475607
2014,2.4276648887207,0.475762259487869,82.8699615124051,22.6423208988589,414.349807562025,171,17,1.32660535105231,93.5390751027605,6.46092489723948
2014,2.42397075032053,0.474722036022533,83.0898471052658,22.6605097588224,415.449235526329,172,17,1.3985098192554,93.5022037506755,6.49779624932446
2014,2.42192260029164,0.474057458975996,83.2946077820206,22.6774173495747,416.473038910103,173,17,1.4618054339144,93.4701775644178,6.52982243558223
2014,2.42107061789669,0.47378086174074,83.4862948070901,22.6932191838801,417.431474035451,174,17,1.49061528349289,93.4431202492022,6.55687975079776
2014,2.42181816544439,0.473917416614974,83.6720448257183,22.7085074913917,418.360224128591,175,17,1.4956662155044,93.4209321054394,6.57906789456059
2014,2.42499575926177,0.474488298304964,83.8569296207825,22.7237011140526,419.284648103913,176,17,1.51065433423313,93.4035911632248,6.59640883677515
2014,2.43122810493183,0.475498774054327,84.0394477357447,22.738677361867,420.197238678723,177,17,1.56479833456605,93.391325691318,6.60867430868197
2014,2.43822058211957,0.476938468648335,84.2123789542422,22.7528460712809,421.061894771211,178,17,1.54948882075045,93.3845538715745,6.61544612842556
2014,2.44678780974017,0.478850661876372,84.3897661999492,22.7673588210918,421.948830999746,179,17,1.49491933438097,93.3828111845944,6.61718881540559
2014,2.45996854256046,0.481264721679039,84.5797762586967,22.7828807273332,422.898881293483,180,17,1.5373462458506,93.3858533832406,6.61414661675941
2014,2.47588688794648,0.484136242213851,84.7639321773651,22.7979012346903,423.819660886825,181,17,1.59995129268868,93.3943996671571,6.60560033284285
2014,2.4940155195345,0.487456049969295,84.9387459504833,22.8121387302907,424.693729752416,182,17,1.65996306640176,93.4085076610383,6.59149233896175
2014,2.51453822179052,0.491223740772435,85.1051784859227,22.8256746610492,425.525892429613,183,17,1.72656008183286,93.4280022373373,6.57199776266267
2014,2.53618128910652,0.495429891362371,85.2623917268871,22.8384438537783,426.311958634436,184,17,1.73496720724952,93.4527064713744,6.54729352862561
2014,2.56068079267882,0.500100118584591,85.4222479305584,22.8514108984865,427.111239652792,185,17,1.76847519278558,93.4819513907777,6.5180486092223
2014,2.58754996500282,0.5052069788995,85.5802981016624,22.8642148268209,427.901490508312,186,17,1.80910325811465,93.5155724095617,6.48442759043832
2014,2.61465983642926,0.510727712141687,85.7355921675813,22.8767794359306,428.677960837907,187,17,1.75119945010657,93.5532137396467,6.44678626035327
2014,2.64457767963214,0.516704340213938,85.9078846798241,22.8907008161777,429.53942339912,188,17,1.72003057735563,93.5938305842888,6.40616941571118
2014,2.67887020144146,0.523094316430056,86.0923897312656,22.9055874193832,430.461948656328,189,17,1.80263563760792,93.637116123251,6.36288387674904
2014,2.71533364528227,0.529788074075089,86.267227077743,22.9196734889324,431.336135388715,190,17,1.91981353250259,93.6838622682017,6.3161377317983
2014,2.75115506142581,0.536713815228327,86.425916558307,22.9324413628677,432.129582791535,191,17,1.94002949822236,93.7333420940189,6.2666579059811
2014,2.78642542225977,0.543889107680472,86.5877225697195,22.9454431745237,432.938612848597,192,17,1.86428094710919,93.7840423374497,6.21595766255033
2014,2.82354696297403,0.551334042848618,86.77172767222,22.9602082172396,433.8586383611,193,17,1.81672303571264,93.8348484364642,6.16515156353583
2014,2.86259008722828,0.558972450738424,86.972663277646,22.9763069016928,434.86331638823,194,17,1.81644432256932,93.885304281265,6.114695718735
2014,2.90238111807045,0.566705320303227,87.1814573029292,22.9930077522757,435.907286514646,195,17,1.82904014798647,93.9350302297238,6.06496977027619
2014,2.79997827062763,0.546646206764126,87.3956841172001,23.0101142071212,436.978420586,196,16,1.80426399092135,93.8563768653525,6.14362313464744
2014,2.83800874151388,0.553945981115575,87.5943791017921,23.0259543091357,437.97189550896,197,16,1.8389193563707,93.9037819863257,6.09621801367426
2014,2.87414711697191,0.561103177326618,87.7937430163325,23.0418225892887,438.968715081663,198,16,1.81655934902585,93.9487356516755,6.05126434832453
2014,2.91237937608198,0.568553281000592,88.004800427292,23.0585942642052,440.02400213646,199,16,1.82342761553811,93.9942064803855,6.00579351961455
2014,2.95077076398469,0.576342296109526,88.2221240187115,23.0758346119003,441.110620093558,200,16,1.75727120809171,94.0418144384065,5.95818556159353
2014,2.99395124907367,0.584603539002751,88.460350272851,23.0946992007524,442.301751364255,201,16,1.80119278631371,94.0912144029475,5.90878559705246
2014,3.03944525076596,0.593206633464376,88.6984206524299,23.1135161060187,443.492103262149,202,16,1.87125937344613,94.1423529351174,5.85764706488264
2014,3.08447751530349,0.602087576577832,88.9315687623933,23.131909872986,444.657843811967,203,16,1.85347347389362,94.1948233964343,5.80517660356569
2014,3.13010791567269,0.611279670977794,89.1772728134919,23.1512578794605,445.88636406746,204,16,1.79268048872423,94.2477586483842,5.75224135161583
2014,3.17977203272364,0.620781020260065,89.444253328197,23.172239231099,447.221266640985,205,16,1.84112828489089,94.3005394929202,5.69946050707977
2014,3.22929327562972,0.63045675438444,89.711468055839,23.1931953279003,448.557340279195,206,16,1.84381612334557,94.353237483935,5.64676251606501
2014,3.27782500099989,0.64030610933141,89.9880402718043,23.214839511567,449.940201359022,207,16,1.7677745427921,94.4052946281066,5.59470537189342
2014,3.3279492578586,0.650360547111202,90.2895174923251,23.2383799790451,451.447587461626,208,16,1.71877321064906,94.4560609995683,5.54393900043171
2014,3.37987696222623,0.660558142788546,90.6108091377679,23.2634074060106,453.054045688839,209,16,1.71386314976909,94.505366866746,5.49463313325401
2014,3.43398174677457,0.670820184444174,90.9434567467985,23.2892543360688,454.717283733992,210,16,1.78096100757272,94.5531390406212,5.44686095937877
2014,3.48714813759747,0.681050887410987,91.2734935285776,23.3148333661252,456.367467642888,211,16,1.81746214774533,94.6011927175082,5.39880728249177
2014,3.35884843950759,0.655955984776621,91.6068510261229,23.3406044071199,458.034255130615,212,15,1.78464986388382,94.5247642415835,5.47523575841648
2015,7.79919085768991,1.531933545714,54.5,19.9420239553624,272.5,141,16,0.777788265061178,96.278197327714,3.72180267228598
2015,7.78861303968914,1.52936062815692,55.9042539331599,20.0963515619311,279.521269665799,142,16,0.813319761309111,96.2528301770619,3.74716982293809
2015,7.76994666271215,1.52472841690389,57.2992816235357,20.2470126066148,286.496408117678,143,16,0.870204645708299,96.2362024216878,3.76379757831223
2015,7.73582237034717,1.51803206742632,58.6791941315918,20.393546639625,293.395970657959,144,16,0.88678501352751,96.2282987400529,3.77170125994707
2015,7.69302297141849,1.50929326783402,60.0489602049746,20.5366467754019,300.244801024873,145,16,0.91875510318291,96.2284516125135,3.77154838748656
2015,7.63658376665255,1.49841008159087,61.4037662415602,20.6759632237597,307.018831207801,146,16,0.926257198544454,96.2366068807213,3.76339311927866
2015,7.56575834256193,1.4854943495573,62.7457772191022,20.8118674905613,313.728886095511,147,16,0.896268833137141,96.2516666541014,3.74833334589864
2015,7.49076212822835,1.47041557389064,64.0796132712973,20.9449510010328,320.398066356487,148,16,0.928189916146647,96.2728262399753,3.72717376002469
2015,7.40443612303813,1.45299908524601,65.3920575593234,21.0740286948694,326.960287796617,149,16,0.966795196633884,96.2997951227846,3.7002048772154
2015,7.30404654996842,1.43304566143025,66.6795065338523,21.1989054633056,333.397532669262,150,16,0.995235400706605,96.3315120219087,3.6684879780913
2015,7.61685478839268,1.49411474286013,67.9411797451245,21.3196621854355,339.705898725622,151,17,1.04996587576889,96.4665372646152,3.5334627353848
2015,7.48137956021733,1.46672254843733,69.2544579387385,21.4437092452291,346.272289693693,152,17,1.11237156226871,96.4977597459595,3.50224025404047
2015,7.32254183208085,1.43535137758371,70.5281478594602,21.562460531132,352.640739297301,153,17,1.14274242061822,96.5285366757464,3.47146332425356
2015,7.14314274422245,1.39934603059137,71.7639831968771,21.6762621812865,358.819915984385,154,17,1.21294580660213,96.5560679896838,3.44393201031622
2015,6.93082010738037,1.35784755443586,72.9498844025358,21.7841885276742,364.749422012679,155,17,1.22257814042215,96.5767919712426,3.4232080287574
2015,6.68673040294023,1.30990359546602,74.0913803847999,21.886924705405,370.456901923999,156,17,1.24694551648426,96.5852944231829,3.41470557681714
2015,6.40241198214824,1.25441302177811,75.1791701265128,21.9838057319598,375.895850632564,157,17,1.24612179486027,96.5755696541403,3.42443034585969
2015,6.07456286197695,1.1902859626639,76.2102457073861,22.0747378451447,381.051228536931,158,17,1.2513692862845,96.5394899930829,3.46051000691709
2015,5.69706904455574,1.11658855794963,77.1746864950902,22.1590204537582,385.873432475451,159,17,1.24118153311966,96.4666384748013,3.53336152519868
2015,5.268416712578,1.03290401452509,78.0656506296674,22.2362320562369,390.328253148337,160,17,1.22300234664146,96.3432132223526,3.6567867776474
2015,4.79439388181017,0.939828669503542,78.8745049969009,22.3057978609823,394.372524984504,161,17,1.24750067046163,96.151671296237,3.84832870376299
2015,4.2841251139473,0.839654095511286,79.5836406297849,22.3663794349744,397.918203148924,162,17,1.27378319701886,95.8718035472769,4.12819645272306
2015,3.76210653684526,0.737227903320627,80.1854526689577,22.4174978898177,400.927263344788,163,17,1.29712246035493,95.4854843100125,4.51451568998748
2015,3.26929791037378,0.640398901387909,80.6781813533772,22.4591519837761,403.390906766886,164,17,1.34438597283638,94.992906677901,5.007093322099
2015,2.85701420439317,0.559364789615706,81.0628856289754,22.4915508639744,405.314428144877,165,17,1.40135399495644,94.4444115262923,5.55558847370768
2015,2.57616581431501,0.504362883057265,81.3537315541151,22.5159741522758,406.768657770576,166,17,1.40910001334797,93.9687466138178,6.03125338618224
2015,2.46770580031665,0.482974797569014,81.5868524199718,22.5355061773939,407.934262099859,167,17,1.44716031408497,93.741506827039,6.25849317296102
2015,2.4548874210028,0.480319162122812,81.7906641920751,22.5525506967415,408.953320960375,168,17,1.4842585594514,93.6908281041781,6.30917189582185
2015,2.44332135821833,0.478025221066719,81.9844881824485,22.5687325107295,409.922440912243,169,17,1.49450058966805,93.6438348682764,6.35616513172359
2015,2.43391702536403,0.476109364968664,82.1739462647104,22.5845240785183,410.869731323552,170,17,1.51562819144293,93.600499052032,6.39950094796804
2015,2.42756774008966,0.474572462381045,82.3572937185427,22.599782174921,411.786468592714,171,17,1.59194012187576,93.5611183491437,6.4388816508563
2015,2.42178282984263,0.473396016216398,82.5241047783635,22.6136435650815,412.620523891817,172,17,1.60631544750599,93.526361743015,6.47363825698496
2015,2.4172654109987,0.472615752043645,82.6868799747247,22.6271507771191,413.434399873624,173,17,1.582491925784,93.4959081036242,6.50409189637583
2015,2.4147988703998,0.472258322098937,82.8535126308723,22.640958901455,414.267563154361,174,17,1.55352678777927,93.4696388393285,6.53036116067151
2015,2.41576805688658,0.472336263370082,83.025441118606,22.6551855955889,415.12720559303,175,17,1.58440792342479,93.4477062861362,6.55229371386381
2015,2.41789855427077,0.472831043375078,83.191383164457,22.6688974652857,415.956915822285,176,17,1.56713304355728,93.430771336782,6.56922866321797
2015,2.42196203490678,0.473775804299732,83.3612023353907,22.6829099816979,416.806011676953,177,17,1.53233081148041,93.4185931402965,6.5814068597035
2015,2.42963493445761,0.475189715059045,83.5387905658105,22.697542291591,417.693952829052,178,17,1.55653716387258,93.411162296702,6.58883770329805
2015,2.43942315304673,0.477052295789058,83.7130677917584,22.7118807305922,418.565338958792,179,17,1.57212092206857,93.409027025595,6.590972974405
2015,2.45164244687887,0.479375121871705,83.8861816321737,22.7261028713483,419.430908160868,180,17,1.59154879291717,93.4121552612591,6.58784473874086
2015,2.46512288886748,0.482161619509952,84.057849464494,22.7401860294479,420.28924732247,181,17,1.55671828214579,93.4205611750032,6.57943882499678
2015,2.48097491939385,0.485445471822282,84.2391751872432,22.7550397420408,421.195875936216,182,17,1.51525999613008,93.4337888488011,6.56621115119889
2015,2.50043028659639,0.489233455244058,84.431958384066,22.7708075994407,422.15979192033,183,17,1.5225107001602,93.4516916194207,6.54830838057932
2015,2.52169667733421,0.493496708560117,84.6271775806906,22.7867491491022,423.135887903453,184,17,1.50149301128853,93.4744383108077,6.52556168919231
2015,2.54616052174457,0.498246420349514,84.8308485412737,22.8033535721227,424.154242706368,185,17,1.51313653792327,93.5015955528108,6.49840444718916
2015,2.57352502925953,0.50345286865323,85.0370782332604,22.8201383107407,425.185391166302,186,17,1.55048546123484,93.5330714822329,6.46692851776711
2015,2.60266339050029,0.5090833482332,85.2413055784007,22.8367321454996,426.206527892003,187,17,1.56978110087697,93.5686428884582,6.43135711154179
2015,2.6337058852136,0.515126848057452,85.4474959926203,22.853457396867,427.237479963102,188,17,1.5794656310525,93.6077474906865,6.39225250931348
2015,2.66810369188294,0.521561925512749,85.6579524060549,22.8704997042378,428.289762030275,189,17,1.65168823345014,93.6498303921265,6.35016960787352
2015,2.70306201596782,0.5283134694183,85.8608380820782,22.8869013441955,429.304190410391,190,17,1.67453752540315,93.6953798420818,6.30462015791823
2015,2.73844327034476,0.535372190700336,86.0661399276733,22.9034708381544,430.330699638366,191,17,1.64385585448955,93.7432233383233,6.25677666167674
2015,2.77629305602447,0.542729130847059,86.284648587325,22.9210759921642,431.423242936625,192,17,1.65712562780491,93.7921175005018,6.20788249949821
2015,2.81680216658707,0.550299923797947,86.5080670324566,22.9390446263635,432.540335162283,193,17,1.7425508243234,93.8416738541816,6.15832614581838
2015,2.85681047470883,0.557968735870265,86.7224958232473,22.9562598669776,433.612479116236,194,17,1.7815105026986,93.8916095754147,6.10839042458533
2015,2.89678388411608,0.565704542503104,86.937128084591,22.973461759082,434.685640422955,195,17,1.802325795524,93.9410414255409,6.05895857445911
2015,2.79540567701001,0.545690615767059,87.1555856314098,22.9909398637282,435.777928157049,196,16,1.81611673005982,93.8622713235071,6.13772867649291
2015,2.83322796266925,0.552961674349404,87.3510028197494,23.0065487270384,436.755014098747,197,16,1.847752852983,93.909654926061,6.09034507393905
2015,2.87020088273024,0.560094425644028,87.5476513307493,23.0222313927854,437.738256653746,198,16,1.87219393193204,93.9545952402934,6.04540475970661
2015,2.9074356140337,0.567482378150597,87.7468001970017,23.038088459293,438.734000985008,199,16,1.84511865516291,94.0002780565552,5.99972194344477
2015,2.94810826283364,0.575235362335186,87.9588049075478,23.0549416216685,439.794024537739,200,16,1.89475975608399,94.0479381749006,5.95206182509943
2015,2.98922703465315,0.583362862718697,88.169009297121,23.0716237401211,440.845046485605,201,16,1.8726447083102,94.097908974974,5.90209102502597
2015,3.0324809663912,0.591883936491153,88.3918537985503,23.0892787530568,441.959268992751,202,16,1.85722972613276,94.1493133042526,5.85068669574743
2015,3.07808339316544,0.600753639064715,88.6264249452878,23.1078293358547,443.132124726439,203,16,1.86853596146126,94.2016696239176,5.79833037608237
2015,3.12530410722843,0.609909278257694,88.8678477213731,23.1268860661515,444.339238606865,204,16,1.88684393197018,94.2546201430359,5.74537985696411
2015,3.17364455348661,0.619304174828407,89.1150451112622,23.1463612654839,445.575225556311,205,16,1.9001294653024,94.3077564305783,5.69224356942172
2015,3.22406828008957,0.628902048047847,89.3692452488915,23.1663489418017,446.846226244458,206,16,1.96117591404282,94.3606568772769,5.63934312272306
2015,3.27610370564749,0.63861944358843,89.6213122565094,23.1861298018041,448.106561282547,207,16,2.06998465865559,94.4131607571117,5.58683924288828
2015,3.32742183867955,0.648370761574037,89.8620159679141,23.2049827709665,449.31007983957,208,16,2.13701784412634,94.4651371717798,5.5348628282202
2015,3.37834986657679,0.658151066091252,90.0995683139309,23.2235544344639,450.497841569654,209,16,2.17750062183,94.516115162183,5.48388483781704
2015,3.42879052953361,0.667943603191853,90.3392013564242,23.2422542204547,451.696006782121,210,16,2.19067352158634,94.5657253411947,5.43427465880531
2015,3.47907343407901,0.677744631648665,90.5862794149788,23.2614988144726,452.931397074894,211,16,2.194067218104,94.6153803385245,5.38461966147549
2015,3.34849924355514,0.652435539415017,90.8427263966457,23.2814344894523,454.213631983228,212,15,2.11195658889855,94.5408341472133,5.45916585278672
2016,7.79480104152549,1.531933545714,54.5,19.9420239553624,272.5,141,16,0.745306408058254,96.278197327714,3.72180267228597
2016,7.77961572213116,1.52938177296607,55.9098723413276,20.0969635690879,279.549361706638,142,16,0.744398684007297,96.2525230280134,3.74747697198656
2016,7.75714364108227,1.52479243955781,57.3168847649925,20.2488973035549,286.584423824963,143,16,0.76569852211553,96.2352578914053,3.76474210859474
2016,7.71982064008456,1.51815813249373,58.7151378272943,20.3973312809316,293.575689136472,144,16,0.753613210869167,96.2264079260501,3.77359207394988
2016,7.67245056051596,1.50949378864546,60.108337762954,20.5427983010532,300.54168881477,145,16,0.74310598858034,96.2253929337241,3.77460706627593
2016,7.61650615370221,1.49870385615181,61.4941588579231,20.6851818687645,307.470794289616,146,16,0.748461091279029,96.2320531426375,3.76794685736251
2016,7.5511525247119,1.48587606038488,62.867713053345,20.8241150645801,314.338565266725,147,16,0.760502281965219,96.2456671039122,3.7543328960878
2016,7.475403451988,1.47085737866808,64.2257805287284,20.9594170759828,321.128902643642,148,16,0.778080885859466,96.265812476931,3.73418752306905
2016,7.38711127859711,1.45350657052987,65.5651739237122,21.0909193500925,327.825869618561,149,16,0.790112322686992,96.2917065961505,3.70829340384946
2016,7.28741409307413,1.43363225820265,66.8844932401833,21.218632784292,334.422466200917,150,16,0.813773871544627,96.3222017462825,3.67779825371753
2016,7.59938938582658,1.49483360788493,68.1791306150119,21.3422612914995,340.895653075059,151,17,0.853126377229824,96.4563605432759,3.54363945672414
2016,7.46139079969491,1.46754489245232,69.5282815219229,21.4693665840492,347.641407609615,152,17,0.873167151650511,96.4864171413083,3.51358285869168
2016,7.30326601845137,1.43631010215176,70.8458119042988,21.5918444346525,354.229059521494,153,17,0.892786946797761,96.5158109505585,3.48418904944145
2016,7.1185778022627,1.40046153769946,72.1277797801378,21.7095018611774,360.638898900689,154,17,0.88293884428085,96.541991530106,3.45800846989396
2016,6.91035100033075,1.35918443277199,73.3747651473342,21.8225584053942,366.873825736671,155,17,0.910961875417657,96.5609245185093,3.43907548149069
2016,6.66744021887229,1.31147549275413,74.5744851763457,21.9300726530459,372.872425881728,156,17,0.91936711771919,96.5678786418386,3.43212135816139
2016,6.38432049287051,1.25625390077339,75.72392593669,22.0319561117937,378.61962968345,157,17,0.905003603968415,96.5565881464446,3.44341185355542
2016,6.06096777376428,1.19242409913727,76.8195988141873,22.1280751350647,384.097994070937,158,17,0.927527678079929,96.5189070048582,3.48109299514178
2016,5.68648489040754,1.11902105168224,77.8460792624549,22.2172611040122,389.230396312275,159,17,0.920542778891456,96.4445384792692,3.55546152073078
2016,5.26349777708835,1.03561454740392,78.7990429896388,22.2993288128852,393.995214948194,160,17,0.941283767592922,96.31949359985,3.68050640015001
2016,4.79255658840798,0.942745207948675,79.6632441666848,22.3731564583981,398.316220833424,161,17,0.96590249735184,96.126299236337,3.87370076366302
2016,4.28781442012026,0.842695134152325,80.4283171067063,22.4380512905499,402.141585533531,162,17,1.04256176849079,95.8443119158622,4.15568808413779
2016,3.76738116345761,0.740247785189843,81.0770946242637,22.4927454577482,405.385473121318,163,17,1.06751962224986,95.4554521765979,4.54454782340215
2016,3.27453086326599,0.64327943322559,81.6167805164889,22.5380108835632,408.083902582444,164,17,1.08999251210891,94.9593251270314,5.04067487296863
2016,2.86157966700314,0.562043110855778,82.0533902105653,22.5744785209256,410.266951052826,165,17,1.11176019158988,94.4059678996759,5.59403210032409
2016,2.58172493170265,0.506878633105843,82.4030464972356,22.6035860098442,412.015232486178,166,17,1.14945689826689,93.924693198456,6.07530680154404
2016,2.4730037362734,0.485480082372249,82.6891845971603,22.6273418833703,413.445922985801,167,17,1.16241935189745,93.6935987697047,6.30640123029526
2016,2.46039774536846,0.482959362627966,82.950979379631,22.6490265779281,414.754896898155,168,17,1.17390008141377,93.6404536372938,6.35954636270618
2016,2.45142643175807,0.480818493757019,83.2079506915943,22.6702654009291,416.039753457972,169,17,1.24956242793883,93.590849454292,6.40915054570797
2016,2.44250758358619,0.479034397691087,83.4479891646106,22.6900634586272,417.239945823053,170,17,1.2594471336764,93.5455380947864,6.4544619052136
2016,2.43463381952496,0.477642718827689,83.6842611377844,22.7095121356154,418.421305688922,171,17,1.23214213486094,93.5041846494711,6.49581535052888
2016,2.43092391572675,0.476668297262723,83.9244135790235,22.7292410527986,419.622067895117,172,17,1.28449144149816,93.4667018388381,6.53329816116185
2016,2.42793061146474,0.476084320766676,84.1533482214648,22.7480118097118,420.766741107324,173,17,1.28675832234264,93.4339684674887,6.5660315325113
2016,2.42674977164122,0.475923248658762,84.3812250697509,22.7666605250358,421.906125348754,174,17,1.27519816498404,93.4057807635685,6.59421923643151
2016,2.428367473224,0.476202306847646,84.6111719739404,22.785443100487,423.055859869702,175,17,1.28584984811402,93.3822286021089,6.61777139789115
2016,2.43239431735844,0.476922210406173,84.8393061426992,22.8040424830863,424.196530713496,176,17,1.30307557852015,93.3636746230956,6.63632537690444
2016,2.43802798585827,0.47809057745391,85.0647945629015,22.8223919396155,425.323972814507,177,17,1.29274753029505,93.3503255569436,6.64967444305646
2016,2.44589613410297,0.479731466643772,85.2934693462711,22.8409661009578,426.467346731356,178,17,1.27565359300558,93.3420919117959,6.65790808820411
2016,2.45742163907982,0.481858707798898,85.5271304019202,22.8599094568621,427.635652009601,179,17,1.30563942480035,93.3390165222531,6.66098347774694
2016,2.47148148418773,0.484456939726264,85.7570930291599,22.8785177878673,428.785465145799,180,17,1.34144200358332,93.3414960480315,6.65850395196852
2016,2.48762250720255,0.487528767908859,85.9827007633411,22.8967399594673,429.913503816706,181,17,1.36374178066461,93.3495502058367,6.65044979416333
2016,2.50709410917012,0.491084683220963,86.2070704387616,22.9148291136691,431.035352193808,182,17,1.42275030506945,93.3630008540559,6.63699914594412
2016,2.52800773966931,0.495104165919722,86.4235263751878,22.9322491742256,432.117631875939,183,17,1.44260775041193,93.3819566653502,6.61804333464978
2016,2.55272212390791,0.499605257847211,86.6401873407879,22.9496553096503,433.20093670394,184,17,1.52208870609757,93.4059321137377,6.59406788626233
2016,2.57820029218719,0.504544324380436,86.8458887014206,22.9661529191107,434.229443507103,185,17,1.53594599056018,93.4350354207548,6.5649645792452
2016,2.60661872251431,0.50994690377881,87.0539081944392,22.9828087732586,435.269540972196,186,17,1.57581176016264,93.4684837559887,6.5315162440113
2016,2.63681712831414,0.515778837786171,87.2596320352167,22.9992535578688,436.298160176084,187,17,1.59660853340732,93.5060305399037,6.49396946009629
2016,2.66857940787361,0.52202805575122,87.4672300146186,23.015820784699,437.336150073093,188,17,1.59123011045085,93.5470860471483,6.45291395285168
2016,2.70255098929986,0.528682590581462,87.6822498172772,23.0329514377998,438.411249086386,189,17,1.59232220924949,93.5909800000942,6.40901999990584
2016,2.73860129155155,0.535706185216269,87.9038388953596,23.0505748589238,439.519194476798,190,17,1.60208101963003,93.6378773337985,6.36212266620147
2016,2.7757452291222,0.543049337808139,88.1306793645953,23.0685838903579,440.653396822977,191,17,1.58810831627615,93.6869297022499,6.31307029775006
2016,2.81512383494865,0.550678854279228,88.3677360021109,23.0873695016946,441.838680010555,192,17,1.60802883485382,93.7370335680647,6.26296643193526
2016,2.85533347815559,0.558514489502439,88.6086766775501,23.1064269476097,443.043383387751,193,17,1.61815210841443,93.7877165337421,6.21228346625788
2016,2.89793170188136,0.566501300663757,88.8556268204155,23.1259222757496,444.278134102077,194,17,1.69885640276701,93.8382691626956,6.16173083730436
2016,2.93977707194859,0.574515620126586,89.0949476392882,23.1447793134086,445.474738196441,195,17,1.74037901783183,93.8883725634717,6.11162743652831
2016,2.83805478542227,0.554333527546181,89.3343250437975,23.1636055268894,446.671625218988,196,16,1.7738202172993,93.8091939656853,6.19080603431472
2016,2.87625381550553,0.561811778890729,89.5466616783605,23.1802756725819,447.733308391802,197,16,1.77307281998845,93.8570719002559,6.14292809974406
2016,2.91366520315371,0.569158912520678,89.7667803483997,23.1975277129741,448.833901741998,198,16,1.76716661541915,93.9021489459912,6.09785105400878
2016,2.95242971667715,0.576781497376574,89.9955549318243,23.2154269517502,449.977774659122,199,16,1.75906727448669,93.9477334430709,6.05226655692905
2016,2.99148143084887,0.584761188275139,90.2336942847308,23.234025231744,451.168471423654,200,16,1.68408069676534,93.9954002733457,6.00459972665433
2016,3.03390413976096,0.593226333286449,90.4946328607138,23.2543648548003,452.473164303569,201,16,1.65102228790575,94.0448310766711,5.95516892332885
2016,3.07960493130315,0.60210374459786,90.7706582915166,23.2758360260549,453.853291457583,202,16,1.66738363370869,94.0956626057829,5.90433739421708
2016,3.12792236232217,0.611311147428933,91.0525415562731,23.2977159462429,455.262707781366,203,16,1.72212988025047,94.1475854319634,5.85241456803663
2016,3.17708793720355,0.620775797613035,91.3331286339613,23.3194484206328,456.665643169807,204,16,1.75720838611786,94.2002941680817,5.79970583191831
2016,3.22973188456554,0.630470942744081,91.6165225916756,23.3413511154657,458.082612958378,205,16,1.89202854301501,94.2532498995216,5.74675010047844
2016,3.28198322494359,0.640266748377486,91.8834705067071,23.3619395962466,459.417352533536,206,16,1.98998534725858,94.3064637123666,5.69353628763338
2016,3.33347728117342,0.650150246726666,92.1412670047206,23.3817827372378,460.706335023603,207,16,2.03282891372218,94.359405646856,5.64059435314403
2016,3.38468478198878,0.6601269705574,92.4007834904748,23.4017192253215,462.003917452374,208,16,2.03994890498243,94.4115147000057,5.58848529999429
2016,3.43572318109216,0.670187683580356,92.6691071601448,23.4222913032941,463.345535800724,209,16,2.02007518714608,94.4623525447253,5.53764745527466
2016,3.48712403188499,0.680317059634745,92.9516024354181,23.4439050885795,464.75801217709,210,16,2.00181126853713,94.5115540757944,5.48844592420556
2016,3.53976670839513,0.690485554933199,93.2480191092434,23.4665348374656,466.240095546217,211,16,2.02965350668884,94.5606597433618,5.43934025663819
2016,3.40853106584866,0.664841491827204,93.5493835605799,23.4894909805923,467.746917802899,212,15,1.99356356177815,94.4841324749402,5.51586752505983
2017,7.78161471595676,1.531933545714,54.5,19.9420239553624,272.5,141,16,0.65566807004716,96.278197327714,3.72180267228597
2017,7.76976210582483,1.52943931021657,55.9251627438161,20.0986289191452,279.62581371908,142,16,0.67454219281669,96.2516871615725,3.74831283842746
2017,7.74821720756958,1.52489166690718,57.3441756916286,20.2518184349588,286.720878458143,143,16,0.698610614950293,96.2337936681241,3.76620633187591
2017,7.71593095867258,1.51829457690337,58.7540609459099,20.4014278157629,293.77030472955,144,16,0.72087466540021,96.2243606508837,3.77563934911629
2017,7.67256079528123,1.50964460464799,60.1530304890374,20.5474256824044,300.765152445187,145,16,0.738749308486579,96.2230910975954,3.77690890240458
2017,7.61930029388461,1.49885185463596,61.5397447535332,20.6898273410108,307.698723767666,146,16,0.7642477051699,96.2297571123983,3.77024288760174
2017,7.54875992546948,1.48601044499231,62.9107002103087,20.828428866686,314.553501051543,147,16,0.737830721679178,96.2435524923047,3.75644750769533
2017,7.4729139101264,1.47099932473005,64.2728232211753,20.96406797829,321.364116105876,148,16,0.753644283285725,96.2635556662239,3.73644433377614
2017,7.38558779759046,1.45365701521195,65.6166057157619,21.0959314685425,328.08302857881,149,16,0.772298377055395,96.2893040850679,3.71069591493204
2017,7.28573634735145,1.4337883388496,66.9391827464299,21.2238888200072,334.695913732149,150,16,0.79368010432843,96.3197183449536,3.68028165504636
2017,7.59748367107481,1.49500937129491,68.2375028808316,21.3477967302927,341.187514404158,151,17,0.830248952487393,96.4538645463208,3.54613545367924
2017,7.45715289499667,1.46773205267726,69.5908476075266,21.4752191543429,347.954238037633,152,17,0.828999562609791,96.4838258976693,3.51617410233067
2017,7.3002555493235,1.43652203453955,70.9163633097022,21.5983579678801,354.581816548511,153,17,0.856444444857864,96.5129850347398,3.48701496526023
2017,7.1210273552797,1.40069703177971,72.2049968280761,21.716542054626,361.024984140381,154,17,0.895548595894721,96.539004071606,3.46099592839394
2017,6.91209312635268,1.35941955469681,73.4499492412953,21.82933194939,367.249746206477,155,17,0.917195130374481,96.5581169149102,3.44188308508981
2017,6.67152363280416,1.3117155831555,74.648770075415,21.9366900274263,373.243850377075,156,17,0.950497752438219,96.5652007856307,3.43479921436934
2017,6.39201531951259,1.25648499456716,75.7928003539719,22.0380266378423,378.964001769859,157,17,0.978414044846929,96.5541882962716,3.44581170372837
2017,6.06869014764162,1.1926182181731,76.8753290710329,22.1329385233278,384.376645355164,158,17,1.00948120438492,96.5170245103656,3.48297548963444
2017,5.6953669402981,1.11916808473151,77.8869623877495,22.2207962264171,389.434811938747,159,17,1.02618112210837,96.4431927467921,3.55680725320793
2017,5.27067280834013,1.03569355000037,78.8205741507273,22.3011750310064,394.102870753636,160,17,1.03776916439541,96.3187972634539,3.68120273654605
2017,4.79592035080641,0.942758679834285,79.6669128602899,22.3734686777403,398.334564301449,161,17,1.01753202382284,96.126181238536,3.87381876146402
2017,4.28665910672198,0.84267373089881,80.4223325766175,22.43754534529,402.111662883088,162,17,1.0234037124059,95.8445066342482,4.15549336575184
2017,3.76641717111659,0.740239761731101,81.0747107638868,22.4925450494888,405.373553819434,163,17,1.04785823980398,95.4555324218252,4.54446757817481
2017,3.27262672909137,0.643283569668159,81.6181361843598,22.5381243253281,408.090680921799,164,17,1.04251038912164,94.9592766734264,5.04072332657358
2017,2.86042959246261,0.562071273947709,82.0638614466816,22.5753514639461,410.319307233408,165,17,1.07443015017749,94.4055621460052,5.59443785399477
2017,2.58031136161576,0.506920875114704,82.4207534925917,22.6050577545801,412.103767462959,166,17,1.09596355424168,93.9239514556087,6.07604854439128
2017,2.47194083505219,0.485543686481778,82.7173071429039,22.6296735907967,413.58653571452,167,17,1.11433605380784,93.6923797371121,6.30762026288788
2017,2.45982546249756,0.483044324610984,82.9885053512031,22.6521309772101,414.942526756016,168,17,1.13851490071508,93.638829114223,6.36117088577704
2017,2.44999055620835,0.480919545477203,83.2524383567225,22.6739376873851,416.262191783613,169,17,1.17684189492038,93.5889287911769,6.41107120882313
2017,2.44088580129262,0.479168567744505,83.5067326945078,22.6949025009862,417.533663472539,170,17,1.17305132529041,93.5430125072118,6.45698749278817
2017,2.43383871156114,0.47781694310195,83.7599580436238,22.7157350145951,418.799790218119,171,17,1.17005732891868,93.5009487561329,6.49905124386705
2017,2.42873504530708,0.476872727192264,84.0123665559467,22.7364566898164,420.061832779733,172,17,1.16223113534184,93.4629696282109,6.53703037178913
2017,2.42616877624133,0.476347699982025,84.2653132828668,22.7571790659296,421.326566414334,173,17,1.16903089767452,93.4292600822367,6.57073991776335
2017,2.42509355619992,0.476245690087516,84.5163804051911,22.7777046293343,422.581902025956,174,17,1.15170711493823,93.4001581729241,6.59984182707589
2017,2.42839919401776,0.476589054433187,84.7706907951163,22.798452062236,423.853453975582,175,17,1.21209125600522,93.3756756759045,6.62432432409551
2017,2.43265083158617,0.477352457558689,85.0135788594503,22.8182271636228,425.067894297252,176,17,1.22871906234386,93.3566182320965,6.64338176790347
2017,2.43966973586138,0.478567102018817,85.253985270706,22.8377614790504,426.26992635353,177,17,1.26372777383568,93.3427890846137,6.65721091538635
2017,2.44876595993489,0.480234269335739,85.4887872773364,22.8568033812187,427.443936386682,178,17,1.29023635409933,93.3344518240625,6.66554817593746
2017,2.45994382933258,0.482367251508453,85.7201004329216,22.8755267356004,428.600502164608,179,17,1.30517371454577,93.3316187660163,6.6683812339837
2017,2.47414254403124,0.484979935647465,85.9506553204908,22.8941537045989,429.753276602454,180,17,1.34362971849207,93.3342372114898,6.66576278851017
2017,2.49052725913695,0.488065955965605,86.176352316664,22.912354494375,430.88176158332,181,17,1.37309629403203,93.3424591345205,6.65754086547947
2017,2.50908102956183,0.491633138700379,86.3994265600898,22.9303111613953,431.997132800449,182,17,1.3906853530547,93.3561353214096,6.64386467859045
2017,2.5302502371635,0.495688401455447,86.622687358099,22.9482505208526,433.113436790495,183,17,1.41353620560113,93.3750393881636,6.62496061183638
2017,2.55413707614438,0.500225679680511,86.8456053524634,22.9661302127694,434.228026762317,184,17,1.44743237881149,93.398999956101,6.60100004389904
2017,2.58097199112978,0.505230758175152,87.0665149329977,22.9838172867704,435.332574664988,185,17,1.50612409814513,93.4278106524043,6.57218934759568
2017,2.60946035145366,0.510675084577397,87.2810465827675,23.0009638023148,436.405232913837,186,17,1.53916074840119,93.4612740425175,6.53872595748249
2017,2.63978729392082,0.516555234072848,87.4946621155524,23.0180079356817,437.473310577762,187,17,1.55471871006302,93.4988052674658,6.50119473253415
2017,2.67332763030214,0.522858360519151,87.7112249352142,23.0352576495113,438.556124676071,188,17,1.61790619039481,93.5398252506504,6.46017474934963
2017,2.7076238321635,0.529522085064377,87.9218516469289,23.0520060875964,439.609258234644,189,17,1.63133697747337,93.5840791602283,6.41592083977169
2017,2.74315983206319,0.536545351664556,88.1366448674729,23.0690570598036,440.683224337365,190,17,1.61756876618053,93.6313866114192,6.36861338858077
2017,2.78121579617483,0.543903617467122,88.36129214608,23.0868593214347,441.8064607304,191,17,1.64033903262151,93.6807017423269,6.31929825767305
2017,2.82071825389124,0.551520041052666,88.5889893815651,23.1048711170309,442.944946907825,192,17,1.66861340525809,93.7312390789768,6.26876092102318
2017,2.861836485541,0.559333591329078,88.8189248619926,23.1230272532107,444.094624309963,193,17,1.72435874966546,93.7823678136193,6.21763218638071
2017,2.90315451123226,0.567259634983776,89.0459273805174,23.1409196901473,445.229636902587,194,17,1.76291720391063,93.833556087503,6.16644391249702
2017,2.94572881980677,0.575241818117707,89.2734742757725,23.158823158343,446.367371378863,195,17,1.84708139648313,93.8840563835423,6.11594361645765
2017,2.84273476262718,0.554959266040798,89.492695543564,23.1760415073509,447.46347771782,196,16,1.84814382815157,93.8053709582863,6.19462904171366
2017,2.88148651398715,0.56239074313286,89.6910980520006,23.1915993599691,448.455490260003,197,16,1.88528617481522,93.853635373219,6.146364626781
2017,2.91952731211746,0.569658513697254,89.8898156108333,23.2071578926422,449.449078054167,198,16,1.92870908525265,93.8992581582449,6.10074184175513
2017,2.95824384917257,0.577159892878214,90.0874498313004,23.2226078472317,450.437249156502,199,16,1.94569952302924,93.9456045253232,6.05439547467677
2017,2.99842526678504,0.584993525807068,90.2894223188363,23.2383725561944,451.447111594182,200,16,1.95068897178065,93.9941238103451,6.00587618965492
2017,3.04024782662724,0.593242348552363,90.4984260172413,23.2546602219151,452.492130086207,201,16,1.93201300336332,94.0447451896911,5.95525481030892
2017,3.08352391265743,0.601885070891722,90.7195219051593,23.2718617211847,453.597609525797,202,16,1.88775975089321,94.0968071481813,5.90319285181872
2017,3.12994277664672,0.610902992742009,90.9581156168815,23.2903918226677,454.790578084408,203,16,1.90187834625202,94.1496817845235,5.85031821547651
2017,3.17822946975351,0.620205709287195,91.2031605936798,23.3093877239601,456.015802968399,204,16,1.93478819058226,94.2031377289375,5.79686227106246
2017,3.2276542716998,0.629736950158694,91.4512717959436,23.328585111208,457.256358979718,205,16,1.96589631248258,94.2568260092197,5.74317399078033
2017,3.27811358459119,0.63945536048225,91.7030369524355,23.3480281494629,458.515184762177,206,16,2.00022998244082,94.3103274165826,5.68967258341743
2017,3.32900547388723,0.649316176118863,91.9580175896801,23.3676816264153,459.790087948401,207,16,2.02045825994028,94.3632901619689,5.63670983803112
2017,3.37974695784755,0.659290363473165,92.2191210455664,23.3877677189008,461.095605227832,208,16,2.0070765618563,94.415328476106,5.58467152389398
2017,3.43197363969495,0.669367626035087,92.4930388565169,23.4087970330267,462.465194282584,209,16,2.03742925814556,94.4660148409595,5.5339851590405
2017,3.4842707132566,0.679468238320713,92.7713205249539,23.4301169688602,463.856602624769,210,16,2.06530037231122,94.5152711942162,5.48472880578377
2017,3.53617521584141,0.689564834847306,93.0544761084206,23.4517646072837,465.272380542103,211,16,2.07618290741311,94.5646167580587,5.43538324194129
2017,3.40502992436575,0.663914582642137,93.345824440548,23.4739907235156,466.72912220274,212,15,2.04665478464339,94.4883752253275,5.51162477467245
2018,7.80538723154659,1.531933545714,54.5,19.9420239553624,272.5,141,16,0.826061175839546,96.278197327714,3.72180267228597
2018,7.79047619944594,1.52932895429872,55.8958386257756,20.0954348113559,279.479193128878,142,16,0.829407493421041,96.2532902406838,3.74670975931622
2018,7.76831086729773,1.52468745564365,57.2880214296114,20.2458068116937,286.440107148057,143,16,0.858029642037749,96.2368066417655,3.76319335823451
2018,7.73154685406656,1.51799995760492,58.6700418215778,20.3925827018292,293.350209107889,144,16,0.851631262454643,96.2287802346467,3.77121976535334
2018,7.68768695380472,1.50928321109373,60.0459835806,20.536338285013,300.229917903,145,16,0.872056066276129,96.2286049611322,3.77139503886784
2018,7.63307124858795,1.49842730478691,61.4090622351622,20.6765035937227,307.045311175811,146,16,0.893772998123342,96.2363400489424,3.76365995105762
2018,7.57332252153122,1.48552909881451,62.7568675210924,20.8129821167244,313.784337605462,147,16,0.965272638145033,96.2511209027864,3.74887909721366
2018,7.49777842164786,1.47041194898179,64.0784155825673,20.9448323716369,320.392077912836,148,16,0.99669352829457,96.2728837203534,3.72711627964656
2018,7.40915050823511,1.45295945322677,65.3785624147003,21.0727106888197,326.892812073502,149,16,1.01657436937655,96.3004257747688,3.69957422523122
2018,7.30751715064851,1.43298109934706,66.6569985295535,21.1967367846527,333.284992647768,150,16,1.03502653769519,96.3325345045321,3.66746549546794
2018,7.61846306277038,1.49402452986081,67.9114078133038,21.3168307501365,339.557039066519,151,17,1.07144813917666,96.4678107748916,3.53218922510844
2018,7.47861400131397,1.46662083565804,69.2207114700279,21.4405423016094,346.103557350139,152,17,1.08686154477639,96.4991578403575,3.50084215964254
2018,7.31888171612524,1.43526288891927,70.4989506077105,21.5597551619585,352.494753038553,153,17,1.10496563645735,96.5297064731125,3.47029352688754
2018,7.13651169576431,1.39927710084707,71.7416095868955,21.6742141000781,358.708047934478,154,17,1.13427634986491,96.5569337766308,3.44306622336921
2018,6.921731574872,1.35782235745763,72.9419187316642,21.7834676829509,364.709593658321,155,17,1.10809081464437,96.5770894723296,3.42291052767042
2018,6.68101492899156,1.30994650723461,74.1044945720616,21.8880985692118,370.522472860308,156,17,1.16578886115617,96.5848216472224,3.41517835277758
2018,6.39744780928182,1.25450889769016,75.2073723730364,21.9863044563073,376.036861865182,157,17,1.1683893468737,96.5745869683985,3.4254130316015
2018,6.07289600536776,1.19043692658638,76.2530011995408,22.0784899526554,381.265005997704,158,17,1.21435837075975,96.5380457891761,3.4619542108239
2018,5.69666220156659,1.11677023661381,77.2245101347418,22.1633545595853,386.122550673709,159,17,1.21994982725732,96.4649984443635,3.53500155563653
2018,5.2720982659307,1.0331048500744,78.1196384178911,22.2408909002806,390.598192089456,160,17,1.27145508779117,96.3414670580264,3.6585329419736
2018,4.79768556356995,0.939996275754493,78.9195376024097,22.3096562664224,394.597688012048,161,17,1.29718639525576,96.1502225030567,3.84977749694333
2018,4.28824926412372,0.839783640398048,79.6193935973292,22.3694238374097,398.096967986646,162,17,1.35493007027305,95.8706395493109,4.12936045068911
2018,3.76724712009125,0.737297242188686,80.2058004038565,22.4192215644177,401.029002019283,163,17,1.42904336795557,95.4847985588256,4.51520144117436
2018,3.2723989297003,0.640383440053762,80.673172617183,22.4587294505467,403.365863085915,164,17,1.44746015551013,94.9930860698066,5.00691393019341
2018,2.8589031813587,0.559296813245421,81.0378823630967,22.4894484083933,405.189411815484,165,17,1.48692106613238,94.4453835683198,5.55461643168016
2018,2.57888537352467,0.504262304686218,81.311993195383,22.5124729890863,406.559965976915,166,17,1.54958283979783,93.9705029399131,6.02949706008687
2018,2.47051328707068,0.482816525845305,81.5175623010384,22.529704773758,407.587811505192,167,17,1.6167340974555,93.7445264670823,6.25547353291766
2018,2.45801832334122,0.48008437873198,81.6880223165396,22.5439705919224,408.440111582698,168,17,1.69585250042257,93.695297823785,6.30470217621497
2018,2.44700059298742,0.477693880759155,81.8401559505333,22.5566851617436,409.200779752666,169,17,1.76436691937647,93.6501068625434,6.34989313745664
2018,2.43652239534522,0.475653181363412,81.9763798127755,22.5680561006836,409.881899063878,170,17,1.76543098111532,93.6090541163146,6.39094588368541
2018,2.42712750400383,0.473997591865384,82.1102922046243,22.5792212663934,410.551461023122,171,17,1.71777618954715,93.5717602456779,6.42823975432214
2018,2.42111303442863,0.472755971394495,82.2518535850107,22.5910103883897,411.259267925054,172,17,1.73891226930426,93.5380141012047,6.4619858987953
2018,2.41733844596299,0.471904452858321,82.3879816668831,22.6023336992559,411.939908334415,173,17,1.7737829094675,93.5085957817238,6.49140421827618
2018,2.41581265944908,0.471444526688187,82.5163776111398,22.6130018972558,412.581888055699,174,17,1.82322765927654,93.4838077265779,6.51619227342209
2018,2.41520357864342,0.471377317772062,82.6345765086913,22.6228126172525,413.172882543457,175,17,1.81017340512476,93.4639418982747,6.53605810172532
2018,2.41684695607136,0.471741427440422,82.7552617149136,22.6328196191267,413.776308574568,176,17,1.79967069727114,93.4486434696652,6.55135653033476
2018,2.4199014197322,0.472545110479866,82.8783733349522,22.6430173402986,414.391866674761,177,17,1.74251315969442,93.4380770697976,6.56192293020239
2018,2.42648586791216,0.473821486141921,83.0135244748039,22.6542001828446,415.067622374019,178,17,1.74746772996368,93.4319944721349,6.56800552786506
2018,2.43554932300719,0.47554831334156,83.1489984037429,22.6653970064711,415.744992018715,179,17,1.76188883508224,93.4309726065073,6.56902739349276
2018,2.44702147642884,0.477727536773326,83.2833975828157,22.6764924459845,416.416987914078,180,17,1.78138583170197,93.4351182723311,6.56488172766891
2018,2.46007646000437,0.480361326314303,83.41618857329,22.6874428704713,417.08094286645,181,17,1.75975333895275,93.4444523400013,6.55554765999873
2018,2.47541941901547,0.483475526058747,83.5559138523609,22.6989520114434,417.779569261804,182,17,1.72956936248752,93.4586083655123,6.54139163448766
2018,2.49286079266341,0.487076935932118,83.7047411171513,22.7111961374423,418.523705585757,183,17,1.68001955666283,93.4774186832283,6.52258131677165
2018,2.51368417900586,0.49117635279128,83.866962963948,22.7245249746467,419.33481481974,184,17,1.67463585207248,93.5005895084267,6.49941049157332
2018,2.53720750976556,0.495743155635888,84.0344222095835,22.7382653035745,420.172111047917,185,17,1.68499838230013,93.5281978409417,6.47180215905828
2018,2.56289758663516,0.500757343091753,84.2045094258653,22.7522017407625,421.022547129326,186,17,1.68912561743917,93.5600432744617,6.43995672553827
2018,2.59044442320561,0.506207210862436,84.3789049130087,22.7664708277782,421.894524565043,187,17,1.67482002857749,93.5957157251308,6.40428427486921
2018,2.62103764141179,0.51208437453829,84.5616664343133,22.7814023856869,422.808332171567,188,17,1.70317713873415,93.6346783074575,6.36532169254254
2018,2.65295555755527,0.518333773734571,84.7448704639506,22.7963475395549,423.724352319753,189,17,1.70277434487178,93.6767079254502,6.32329207454982
2018,2.68730438302376,0.524944857688845,84.9345338603276,22.8117959219476,424.672669301638,190,17,1.73076639784306,93.7217847139951,6.27821528600488
2018,2.72269038952133,0.531856924692566,85.1254636137852,22.8273231854334,425.627318068926,191,17,1.7339631048431,93.7692060295972,6.23079397040278
2018,2.76034355850522,0.539040401305233,85.3228261406107,22.8433480984291,426.614130703054,192,17,1.7798912614262,93.8178866341581,6.18211336584194
2018,2.79902994597626,0.54641104720479,85.5185283527079,22.859212711943,427.59264176354,193,17,1.82953983089552,93.8674305710157,6.13256942898432
2018,2.83743330958174,0.553906445895662,85.7120327958781,22.8748743038497,428.560163979391,194,17,1.83323241105925,93.9172169814624,6.08278301853757
2018,2.8760772598992,0.56149899255556,85.9124740637839,22.8910713760877,429.56237031892,195,17,1.82455973541253,93.9663880493285,6.03361195067154
2018,2.77496235631876,0.541569641261262,86.1223730710538,22.9080044938784,430.611865355269,196,16,1.83188233539524,93.887769904029,6.11223009597099
2018,2.81081206454876,0.548744528708079,86.3105786591721,22.923163104236,431.55289329586,197,16,1.79014444223235,93.9348913027428,6.06510869725715
2018,2.84737279131118,0.55584903599958,86.5142964002121,22.9395451652821,432.57148200106,198,16,1.80169338203804,93.9793232798843,6.0206767201157
2018,2.88625430951987,0.563222904432839,86.7230106237501,22.956301161599,433.61505311875,199,16,1.85884727827303,94.0244881881023,5.9755118118977
2018,2.92595675509222,0.57089179045947,86.9280642818315,22.9727359315495,434.640321409157,200,16,1.88204079642627,94.0720227075077,5.92797729249234
2018,2.96723788726962,0.578954221781353,87.1364136718662,22.9894071983084,435.682068359331,201,16,1.8836779573966,94.1217475342682,5.87825246573187
2018,3.00987378077553,0.587388285268537,87.3526856331041,23.0066830352831,436.763428165521,202,16,1.85940569122271,94.1730149802572,5.82698501974282
2018,3.05533065237494,0.596176644966128,87.5823326889025,23.0249946742678,437.911663444512,203,16,1.88315215540902,94.2251984770624,5.77480152293763
2018,3.1019729923749,0.605238711144979,87.8163147970337,23.0436175966693,439.081573985169,204,16,1.89651207556508,94.2780376798371,5.72196232016292
2018,3.15018064457033,0.614543058067672,88.0569461337064,23.062733702608,440.284730668532,205,16,1.92482123026944,94.3310492497161,5.66895075028391
2018,3.19922330907415,0.624036147278879,88.3015496087299,23.082128082552,441.50774804365,206,16,1.94670888065177,94.3838988288789,5.61610117112109
2018,3.24876419110036,0.633683154780138,88.5515762960935,23.1019138038692,442.757881480467,207,16,1.95498844414913,94.4361972076021,5.56380279239792
2018,3.29893223976232,0.643456329070138,88.8098471738849,23.1223110834736,444.049235869424,208,16,1.96243112048168,94.4875629300055,5.51243706999448
2018,3.34948665082162,0.653316960751635,89.076654668557,23.1433391845824,445.383273342785,209,16,1.96717631403768,94.5377042703012,5.46229572969882
2018,3.40030150473479,0.663228391779864,89.3526151421574,23.1650425340011,446.763075710787,210,16,1.97208578236605,94.586354380892,5.41364561910796
2018,3.45129413451374,0.673162240664538,89.6377473863858,23.1874181949697,448.188736931929,211,16,1.97988837631508,94.6350368522131,5.36496314778686
2018,3.32345657306653,0.648219651301585,89.9315078730461,23.2104191329746,449.65753936523,212,15,1.93720243390272,94.5600715816271,5.43992841837293
2019,7.79082746733896,1.531933545714,54.5,19.9420239553624,272.5,141,16,0.717075704302809,96.278197327714,3.72180267228597
2019,7.7770318799529,1.52940002997742,55.9147237672414,20.0974919952076,279.573618836207,142,16,0.725304103870641,96.2522578140898,3.74774218591016
2019,7.75354075738143,1.52482208894924,57.3250383223781,20.2497701351604,286.625191611891,143,16,0.738228849122477,96.2348204178586,3.7651795821414
2019,7.72340771428709,1.51820345559771,58.7280647118656,20.3986920044094,293.640323559328,144,16,0.778966369418439,96.2257279675164,3.77427203248362
2019,7.67636290053853,1.50952272791769,60.1169113758037,20.5436861789131,300.584556879018,145,16,0.771305918310917,96.2249513357091,3.77504866429094
2019,7.62072463882676,1.49871592451739,61.4978749119463,20.6855606464727,307.489374559732,146,16,0.780052148324263,96.2318659640192,3.76813403598076
2019,7.55910553611973,1.48587056106936,62.8659545731353,20.8239385556547,314.329772865676,147,16,0.82379163736569,96.2457536117167,3.75424638828329
2019,7.4849012967785,1.47081865779137,64.2129547902035,20.958148640225,321.064773951017,148,16,0.85816369266378,96.266427817782,3.73357218221801
2019,7.39912376197682,1.45342770034106,65.5382312777977,21.0882926481263,327.691156388989,149,16,0.896941419945751,96.2929652551107,3.70703474488928
2019,7.29793279953096,1.4335011094202,66.8385874693013,21.2142186127811,334.192937346506,150,16,0.913507521189064,96.3242864609658,3.67571353903424
2019,7.61021816218078,1.49464139489899,68.1153822273959,21.3362122606438,340.57691113698,151,17,0.958855452665441,96.4590866383423,3.5409133616577
2019,7.47511879307492,1.46729700019505,69.445553642267,21.4616223967052,347.227768211335,152,17,1.01559657725151,96.4898436560732,3.51015634392682
2019,7.31480589789935,1.43598356907096,70.7373445498907,21.5818215548572,353.686722749453,153,17,1.0224457549355,96.5201558602967,3.47984413970334
2019,7.13092656259198,1.40005766101827,71.9956898072773,21.6974464905307,359.978449036386,154,17,1.0275185270596,96.5471022314238,3.45289776857615
2019,6.92250167193858,1.35868723240686,73.2162305427197,21.8082597121393,366.081152713599,155,17,1.06803271603918,96.5668448788481,3.43315512115193
2019,6.67846385985829,1.31086752847357,74.3869685653221,21.9133480221287,371.934842826611,156,17,1.07699416949324,96.5746384366785,3.42536156332154
2019,6.39678106573951,1.25552394408123,75.5070912400968,22.0128193419338,377.535456200484,157,17,1.09371646571845,96.564143525059,3.43585647494096
2019,6.07257807717218,1.19154306513179,76.5675168960377,22.1060460412572,382.837584480189,158,17,1.13099270282513,96.527421969522,3.47257803047803
2019,5.69768312248346,1.11797288856878,77.5556304355651,22.1921089625776,387.778152177826,159,17,1.14362356561139,96.4540990679347,3.54590093206528
2019,5.27331250172862,1.03438920429714,78.466222611759,22.2707458590908,392.331113058795,160,17,1.18165874129002,96.330257525783,3.66974247421696
2019,4.80013884958513,0.941349075027064,79.2843177676921,22.3408543086352,396.42158883846,161,17,1.2135691941633,96.138487616629,3.86151238337103
2019,4.28893002410451,0.841163139496931,80.001381055138,22.4018911507764,400.00690527569,162,17,1.21535512357504,95.8582052402092,4.14179475979076
2019,3.76719200705251,0.738690275133487,80.6158315561121,22.4538908982958,403.079157780561,163,17,1.24186390859308,95.4709838813117,4.52901611868833
2019,3.27429075957093,0.641760888569428,81.1206203436265,22.4964038905069,405.603101718133,164,17,1.29037339108541,94.9770682690784,5.02293173092157
2019,2.8600373274069,0.56059654806542,81.5171164829597,22.5296674359446,407.585582414799,165,17,1.29073567190682,94.4267664679169,5.57323353208307
2019,2.5790891665353,0.50550942912125,81.8306810012861,22.555893774028,409.15340500643,166,17,1.2986832377246,93.9486988425255,6.05130115747451
2019,2.46982918816494,0.484113206084321,82.0864595235992,22.5772351062818,410.432297617996,167,17,1.29825259376534,93.7197631672345,6.28023683276551
2019,2.45676652209827,0.481527848581077,82.3204664941419,22.5967193306046,411.602332470709,168,17,1.30642900280839,93.6677922536676,6.33220774633238
2019,2.44540839755128,0.479320256945494,82.5502203715867,22.6158119071091,412.751101857933,169,17,1.30557543832401,93.6192944352443,6.38070556475565
2019,2.43669564995896,0.47749949857039,82.7778680824044,22.634692967512,413.889340412022,170,17,1.33226647323522,93.5744019387978,6.4255980612022
2019,2.43016313386673,0.476059693400137,82.9984297586887,22.6529518269612,414.992148793444,171,17,1.36964439051517,93.5335607070117,6.46643929298834
2019,2.42477122780866,0.475003439558955,83.2102041658707,22.6704514495027,416.051020829354,172,17,1.37251532798318,93.4970739600944,6.50292603990563
2019,2.42146075663,0.474354930875582,83.4203209641219,22.6877834473481,417.10160482061,173,17,1.37535955927906,93.4648659969263,6.53513400307369
2019,2.42028102336736,0.474123825626935,83.6292017582586,22.7049833580197,418.146008791293,174,17,1.37818264271406,93.4371448095049,6.56285519049507
2019,2.419737222997,0.474320418634916,83.8372768925695,22.722087184804,419.186384462848,175,17,1.31552516697994,93.414106915601,6.58589308439904
2019,2.42345184527319,0.47498708393017,84.057769622416,22.7401794840843,420.28884811208,176,17,1.33137776898139,93.3954110328636,6.60458896713639
2019,2.43004043005497,0.476097662751055,84.2758292410892,22.7580396347619,421.379146205446,177,17,1.37323381205792,93.3818501372219,6.61814986277806
2019,2.43778655184841,0.477649112166316,84.486829843243,22.775290982102,422.434149216215,178,17,1.36865598729093,93.3737460930968,6.62625390690318
2019,2.44833697990769,0.479673733359738,84.700289821302,22.7927128789271,423.50144910651,179,17,1.3807550598509,93.3708213690257,6.62917863097427
2019,2.46145120961893,0.482171360324218,84.913434525844,22.8100785372545,424.56717262922,180,17,1.39930186468826,93.3732458706574,6.62675412934259
2019,2.47746322909476,0.485144753986766,85.1254871099152,22.8273250947495,425.627435549576,181,17,1.43844596538829,93.3810545855872,6.61894541441277
2019,2.4958103727162,0.488586021755489,85.332907631917,22.8441659744664,426.664538159585,182,17,1.47567570343684,93.3943205791608,6.60567942083923
2019,2.51549926145601,0.49249592387683,85.5365460452174,22.8606720449231,427.682730226087,183,17,1.46590046790512,93.4128863422938,6.58711365770624
2019,2.53901462567898,0.496898443305056,85.7460717301079,22.8776267500595,428.730358650539,184,17,1.51478578808258,93.4362303130422,6.5637696869578
2019,2.56490178867328,0.501752218615365,85.9505176417584,22.8941425916693,429.752588208792,185,17,1.56739165751999,93.4644816664924,6.53551833350759
2019,2.59346793464726,0.507041421036326,86.1496141029216,22.9101999917502,430.748070514608,186,17,1.64239255160673,93.497314822254,6.50268517774599
2019,2.62273875126819,0.512732407739803,86.3394179901464,22.9254838693882,431.697089950732,187,17,1.65306600458509,93.5344501757116,6.46554982428839
2019,2.65477002721335,0.518841895988296,86.5329359285083,22.9410427289518,432.664679642542,188,17,1.69352821713339,93.5750215426424,6.42497845735758
2019,2.68735893287146,0.525320779011362,86.7247620912709,22.9564416539433,433.623810456355,189,17,1.66975844227841,93.6186923004131,6.38130769958685
2019,2.72368830860508,0.532180903963519,86.927854389812,22.9727191228133,434.63927194906,190,17,1.73172317583276,93.6652242427849,6.3347757572151
2019,2.76045708701318,0.539319224246541,87.1258136209003,22.9885596967281,435.629068104502,191,17,1.74617941223075,93.714206598494,6.28579340150603
2019,2.79849538666202,0.546718520102902,87.3282294494932,23.0047309676045,436.641147247466,192,17,1.75734493468785,93.7644003391049,6.23559966089514
2019,2.83855686252372,0.554326751817745,87.5360137210193,23.0213039804176,437.680068605096,193,17,1.8143260040226,93.8151501361722,6.18484986382785
2019,2.87852507691929,0.562047747059315,87.7404077265073,23.0375798538877,438.702038632537,194,17,1.83860185935519,93.8660373257608,6.13396267423917
2019,2.91854883287678,0.569839701300477,87.947933887503,23.0540781267832,439.739669437515,195,17,1.84774945053199,93.9162525251588,6.0837474748412
2019,2.81509543382746,0.54968948578932,88.1616287941028,23.0710384827513,440.808143970514,196,16,1.7940976830045,93.8376488335351,6.16235116646487
2019,2.85409504756854,0.557058653682942,88.3653566153096,23.0871811212104,441.826783076548,197,16,1.85898807489593,93.8852515724416,6.1147484275584
2019,2.89081699127004,0.564254425415799,88.5638997618383,23.1028880070067,442.819498809191,198,16,1.85519412930624,93.9304689349645,6.06953106503549
2019,2.92957884950162,0.571725735354523,88.7705396618132,23.1192093910367,443.852698309066,199,16,1.88226564114438,93.976254383489,6.02374561651099
2019,2.97008971203833,0.579520032730637,88.9795108692973,23.1356880051225,444.897554346487,200,16,1.91374058082755,94.0242649446495,5.97573505535049
2019,3.01245747939398,0.587705763698719,89.1902823444313,23.1522812809073,445.951411722157,201,16,1.93764872489554,94.0745007450904,5.92549925490958
2019,3.05667516884608,0.596247867981067,89.4047386866588,23.1691366257284,447.023693433294,202,16,1.96247106914056,94.1263704669488,5.87362953305122
2019,3.10166249876708,0.605104222487629,89.6230668326732,23.1862673555072,448.115334163366,203,16,1.94634666176838,94.1793582901767,5.82064170982335
2019,3.14814045285991,0.614268761346,89.8536098415734,23.2043249598262,449.268049207867,204,16,1.9269736855747,94.2328062372087,5.76719376279132
2019,3.19573586155198,0.623704382004171,90.0973150357665,23.2233784352883,450.486575178833,205,16,1.89635374370414,94.2862643633487,5.71373563665124
2019,3.24515450154254,0.633381300145016,90.3566547326245,23.243614844911,451.783273663123,206,16,1.89343729934376,94.339288735659,5.660711264341
2019,3.29544996978019,0.643235496082141,90.626452203938,23.2646243627324,453.13226101969,207,16,1.88953723614341,94.3916381175351,5.60836188246488
2019,3.34645783249631,0.653227850020927,90.9070790277856,23.2864309764537,454.535395138928,208,16,1.88626951933866,94.4429850287303,5.55701497126974
2019,3.39856437422036,0.663318043095679,91.1985506705723,23.3090306909522,455.992753352862,209,16,1.90884299482901,94.4930436721733,5.50695632782665
2019,3.45025326660478,0.673442063530644,91.4959180660186,23.3320357223474,457.479590330093,210,16,1.90616990739092,94.5416584656879,5.45834153431205
2019,3.50295172745144,0.683595489051935,91.8041466010649,23.3558260618859,459.020733005325,211,16,1.93982498338203,94.5902632493809,5.40973675061909
2019,3.37436902524591,0.658294136064879,92.1161719555385,23.3798528195963,460.580859777692,212,15,1.94245171965655,94.5140772280693,5.48592277193072
2020,7.78419161561973,1.53180399361206,54.5,19.9420239553624,272.5,141,16,0.676608111911074,96.2785005359883,3.72149946401173
2020,7.77235441848871,1.52930072015445,55.9214901153759,20.098228944771,279.607450576879,142,16,0.696500731654474,96.2521869455516,3.74781305444836
2020,7.74706664421074,1.52474446726023,57.3366298301687,20.2510108475955,286.683149150844,143,16,0.695795967373069,96.2344925773054,3.7655074226946
2020,7.71356547776603,1.51815468810896,58.7468479297285,20.4006688114894,293.734239648642,144,16,0.709202821985837,96.2250283357692,3.7749716642308
2020,7.66893175243089,1.5095171638342,60.1476787760394,20.5468717047501,300.738393880197,145,16,0.717292884934783,96.2236483573501,3.77635164264986
2020,7.61467246902123,1.498812657418,61.537958542276,20.6896453606796,307.68979271138,146,16,0.731342463322681,96.2299347286585,3.77006527134145
2020,7.5531016415279,1.48592102863839,62.9145694920223,20.8288170519949,314.572847460111,147,16,0.774184957609217,96.2436325052968,3.75636749470317
2020,7.47785057809121,1.47089330210293,64.2702899757637,20.9638175880062,321.351449878818,148,16,0.796560194497927,96.2639417701204,3.73605822987963
2020,7.38876016399611,1.45353360436234,65.6064766385602,21.0949445887634,328.032383192801,149,16,0.802842557362326,96.2900295240454,3.70997047595457
2020,7.28811318550005,1.43365413627444,66.9235793811522,21.2223895350859,334.617896905761,150,16,0.819139348999242,96.320665192837,3.67933480716301
2020,7.6003491919466,1.49485017043535,68.2172831613178,21.3458796691213,341.086415806589,151,17,0.860985244735212,96.4551936442874,3.54480635571256
2020,7.46089148401939,1.46755982488486,69.5650539148803,21.4728067996525,347.825269574402,152,17,0.8684564010601,96.4853275962842,3.51467240371583
2020,7.30266499414425,1.43633066407912,70.8834262218993,21.5953176720688,354.417131109497,153,17,0.886661125393493,96.5147051191894,3.48529488081061
2020,7.1230513211975,1.40048606434553,72.1664986502883,21.7130326748839,360.832493251442,154,17,0.925114930922202,96.5406139150471,3.45938608495287
2020,6.9116217857483,1.35919036309764,73.405943046115,21.8253678957486,367.029715230575,155,17,0.923742863772873,96.5598606392704,3.44013936072959
2020,6.66839238550526,1.31147907149817,74.6033606332608,21.9326454537114,373.016803166304,156,17,0.92945771634268,96.5669168335143,3.43308316648568
2020,6.3871278794272,1.25625686409836,75.7509733044757,22.034340499928,378.754866522379,157,17,0.935722068021388,96.5557024627098,3.44429753729024
2020,6.06410588315022,1.19241353856068,76.841063559564,22.1299485808078,384.20531779782,158,17,0.965453504375857,96.518215541604,3.48178445839596
2020,5.69081407603777,1.11899128987877,77.8605861177834,22.2185156451691,389.302930588917,159,17,0.977229544062786,96.4440708496715,3.55592915032855
2020,5.26850472686698,1.03555215561089,78.8030780789166,22.2996748337656,394.015390394583,160,17,1.0161977617493,96.3193491034178,3.68065089658223
2020,4.7978464676757,0.942637891098726,79.6532977732194,22.3723099332509,398.266488866097,161,17,1.059039992186,96.1265816379096,3.87341836209041
2020,4.28955403954035,0.84253409578522,80.400801382211,22.4357248339687,402.004006911055,162,17,1.09047847014618,95.845147678761,4.15485232123897
2020,3.76834658052285,0.740071104897367,81.0403440400908,22.4896554240772,405.201720200454,163,17,1.10790881986657,95.4566115143751,4.54338848562493
2020,3.27419380914287,0.643100597994997,81.5721459497128,22.534275146561,407.860729748564,164,17,1.10405974860373,94.9608319774063,5.03916802259369
2020,2.86048376630876,0.561882474075545,82.0058757561491,22.5705164644382,410.029378780745,165,17,1.10307783363342,94.4077212814267,5.59227871857328
2020,2.57949447524601,0.506744009645118,82.357050394835,22.5997619413229,411.785251974175,166,17,1.09795738667962,93.9265432043936,6.07345679560638
2020,2.47053106987612,0.485378831805286,82.6530433542652,22.6243445149067,413.265216771326,167,17,1.09431267806112,93.6951017270176,6.30489827298239
2020,2.45733723883646,0.482891897762055,82.9279657765101,22.6471222545634,414.639828882551,168,17,1.07933928990735,93.6413981258014,6.35860187419862
2020,2.44633257382179,0.480796620840749,83.2032376878564,22.6698762803538,416.016188439282,169,17,1.07087820578056,93.5910139009036,6.40898609909635
2020,2.43748577588285,0.4790960222045,83.4779943465608,22.692535454539,417.389971732804,170,17,1.06733115611286,93.5442229421394,6.4557770578606
2020,2.43194889937303,0.477795339961417,83.751684424276,22.715055049078,418.75842212138,171,17,1.10685072479982,93.5012927538165,6.49870724618352
2020,2.42745175287014,0.476883912735542,84.0163564996171,22.7367838987876,420.081782498086,172,17,1.11465121080023,93.4628078036656,6.53719219633445
2020,2.42533766034541,0.476385411434834,84.2785624527657,22.7582632936874,421.392812263829,173,17,1.13238892281943,93.4287295483034,6.57127045169659
2020,2.42615307678254,0.476305760581972,84.5367914091275,22.7793714272451,422.683957045638,174,17,1.17939052287853,93.3993570486241,6.60064295137585
2020,2.42825938915175,0.476642087353751,84.7857764934706,22.7996814366974,423.928882467353,175,17,1.19684243524255,93.3751275584706,6.62487244152939
2020,2.43217473629836,0.477418964707877,85.0316859649088,22.8196998031689,425.158429824544,176,17,1.19809504150093,93.3559831704573,6.64401682954273
2020,2.43881397423396,0.478655354788091,85.2781214790942,22.8397205542539,426.390607395471,177,17,1.21372011374195,93.3419553402734,6.65804465972662
2020,2.44801751753853,0.480355173516786,85.5227532135852,22.8595549214306,427.613766067926,178,17,1.23719858858471,93.3332839394924,6.66671606050759
2020,2.45963166996027,0.482524195715612,85.764523303747,22.8791184574562,428.822616518735,179,17,1.2616709999653,93.3301129823096,6.66988701769043
2020,2.47433993547406,0.485170031015632,86.0037150693523,22.8984355723062,430.018575346761,180,17,1.31282457512011,93.3324847470838,6.66751525291618
2020,2.49131237889857,0.488284420015761,86.2356110798258,22.9171277666931,431.178055399129,181,17,1.36013101431101,93.340570380432,6.659429619568
2020,2.51063495003905,0.49187190863327,86.461433714188,22.9352967720595,432.30716857094,182,17,1.40569890101832,93.3542508847775,6.64574911522249
2020,2.5315993936046,0.49593284437871,86.6820007966907,22.9530110309252,433.410003983453,183,17,1.41864171819551,93.3733593039704,6.62664069602955
2020,2.55557555412142,0.500482090228712,86.9041657858799,22.9708218917944,434.520828929399,184,17,1.45381228390461,93.3974589864534,6.60254101354662
2020,2.58244808126188,0.505499165335144,87.1240853473661,22.9884215099608,435.62042673683,185,17,1.51160594392997,93.4264197451584,6.57358025484162
2020,2.61189622637245,0.510956800388271,87.3378141203596,23.0054960516712,436.689070601798,186,17,1.58534271539199,93.4600291086808,6.53997089131924
2020,2.64305118327525,0.516824739299411,87.5426787125226,23.0218351305464,437.713393562613,187,17,1.64228548522912,93.497951740851,6.50204825914899
2020,2.67631777114529,0.523087172281983,87.7423794810922,23.0377367357455,438.711897405461,188,17,1.7044272415776,93.5395891525141,6.46041084748587
2020,2.71101587138712,0.529708139727231,87.9362990432039,23.0531538782328,439.681495216019,189,17,1.74740004126237,93.5844251700499,6.41557482995008
2020,2.74725412911258,0.536662498483456,88.1285576050609,23.0684155920756,440.642788025304,190,17,1.78214007140945,93.6319046189657,6.36809538103431
2020,2.78481211002482,0.543914996764499,88.3211097389381,23.083677369281,441.60554869469,191,17,1.80646803563683,93.6821257255499,6.31787427445005
2020,2.82361872444726,0.551418528050632,88.516301727932,23.0991247318654,442.58150863966,192,17,1.82877702344598,93.7335296397142,6.26647036028575
2020,2.86267242269392,0.559117961729907,88.714786942324,23.1148083916216,443.57393471162,193,17,1.81399526460144,93.7854533586999,6.21454664130013
2020,2.90363074935183,0.566979795328261,88.9240327717323,23.1313158615924,444.620163858661,194,17,1.85143452613754,93.837061298137,6.16293870186302
2020,2.94319054480053,0.574896605649334,89.1339755093573,23.1478511251264,445.669877546787,195,17,1.80828408553756,93.8879650384973,6.11203496150267
2020,2.8386850711857,0.55464843905911,89.36045328595,23.1656582945277,446.80226642975,196,16,1.7280957599203,93.8096431995341,6.19035680046595
2020,2.87756002790661,0.562180571352217,89.5820599815616,23.1830520460361,447.910299907808,197,16,1.74653052696346,93.857376127444,6.14262387255603
2020,2.91536634362413,0.569557752257162,89.8077471358401,23.2007352742765,449.0387356792,198,16,1.75216023626263,93.9023439241307,6.09765607586933
2020,2.95418794727542,0.577211419644695,90.0398617976892,23.2188898378743,450.199308988446,199,16,1.73981137012409,93.9479244037557,6.05207559624424
2020,2.99545343184198,0.58522660173521,90.2822024164095,23.2378094395988,451.411012082047,200,16,1.75441343799845,93.9955661196177,6.00443388038234
2020,3.03906008024473,0.593654763068402,90.5298671127068,23.2571081583055,452.649335563534,201,16,1.77902210348256,94.0453703240316,5.95462967596838
2020,3.0850156684789,0.6024463193262,90.7813224932815,23.2766646480123,453.906612466408,202,16,1.82532928584684,94.0968215129903,5.90317848700972
2020,3.13177432217256,0.611540301380088,91.0326983835553,23.2961772551798,455.163491917777,203,16,1.83788165246352,94.1494830969214,5.85051690307863
2020,3.17979457995616,0.620924649811639,91.2909062377416,23.3161811218272,456.454531188708,204,16,1.84039536259743,94.2027382147653,5.79726178523469
2020,3.2295375863899,0.630565781761952,91.5582057239519,23.3368478370561,457.79102861976,205,16,1.86092982848919,94.2560945437615,5.74390545623845
2020,3.28059113315125,0.640406810216877,91.8313367582049,23.3579220358932,459.156683791025,206,16,1.89386082872219,94.3092259878509,5.69077401214907
2020,3.33259137217556,0.650395166423123,92.1080817693795,23.3792305712391,460.540408846897,207,16,1.93501916833616,94.3618192702276,5.63818072977239
2020,3.38489828660554,0.66048168981792,92.3869843316236,23.4006601340517,461.934921658118,208,16,1.96722705579732,94.4135798320665,5.58642016793351
2020,3.43843814872118,0.67063279353224,92.6698956242568,23.422351692748,463.349478121284,209,16,2.03961220580967,94.4641779805989,5.53582201940109
2020,3.49170446126269,0.680770422061914,92.9490264573095,23.4437082068138,464.745132286547,210,16,2.10303282542736,94.5135165646358,5.4864834353642
2020,3.54419913570249,0.690864976891745,93.2261150117772,23.464864299586,466.130575058886,211,16,2.14101703471684,94.5619835317831,5.43801646821687
2020,3.41243181292545,0.665106822533826,93.5060941591897,23.4861966258516,467.530470795948,212,15,2.1094247117066,94.4867728677312,5.51322713226881
2021,7.79577369403461,1.531933545714,54.5,19.9420239553624,272.5,141,16,0.752384400808158,96.278197327714,3.72180267228597
2021,7.78286192247364,1.52937717762592,55.9086512732794,20.0968305631049,279.543256366397,142,16,0.768457528146645,96.2525897811977,3.74741021880231
2021,7.75952946277866,1.52477286102361,57.3115011722411,20.2483209469486,286.557505861206,143,16,0.784447721815763,96.2355467517498,3.76445324825021
2021,7.72443871769451,1.51812777820785,58.7064815791827,20.3964199810062,293.532407895914,144,16,0.789627043340556,96.2268632650279,3.77313673497206
2021,7.68359918202934,1.50944336743686,60.0934024005672,20.5412513936509,300.467012002836,145,16,0.831408656198922,96.2261622337052,3.77383776629484
2021,7.62666797801655,1.49860521245801,61.463792757468,20.6820860515411,307.31896378734,146,16,0.831765739044744,96.2335827687758,3.7664172312242
2021,7.5628719501903,1.48573529826341,62.8227185501724,20.8195976207463,314.113592750862,147,16,0.860920301244844,96.2478807199555,3.75211928004451
2021,7.48520548986078,1.47066790062252,64.1630465745743,20.953211152487,320.815232872871,148,16,0.866981872165738,96.2688224412954,3.73117755870457
2021,7.39875161722681,1.4532765040935,65.4866205948895,21.0832588987552,327.433102974447,149,16,0.900033646058718,96.2953765013574,3.70462349864256
2021,7.3012058220354,1.43335153166575,66.7862842900084,21.209186708238,333.931421450042,150,16,0.952001522494715,96.3266618948976,3.67333810510237
2021,7.60859315327951,1.49446220678674,68.0560352745288,21.3305773307374,340.280176372644,151,17,0.951401944030792,96.4616247149673,3.53837528503275
2021,7.47142836783468,1.46712237558607,69.3873729155516,21.456172225519,346.936864577758,152,17,0.98647028859686,96.4922536186387,3.50774638136132
2021,7.31096152233231,1.4358234247972,70.6842515638325,21.576911614866,353.421257819162,153,17,0.9902357601949,96.522282746293,3.47771725370695
2021,7.13045043573745,1.3999123532988,71.9482705131889,21.6931149440284,359.741352565944,154,17,1.02985617137287,96.5489370135729,3.45106298642714
2021,6.91975663147981,1.35853637114643,73.1682490483788,21.8039278693979,365.841245241894,155,17,1.04459408392428,96.5686367647974,3.43136323520262
2021,6.67489069264953,1.31072498862236,74.3431263986373,21.9094334962832,371.715631993186,156,17,1.0422266608855,96.5762189274446,3.42378107255539
2021,6.39510493267576,1.25539698371634,75.4694885441217,22.0094968161686,377.347442720608,157,17,1.08001026579113,96.565453755048,3.43454624495199
2021,6.06985500376368,1.1914196633462,76.5323207699829,22.1029662802669,382.661603849915,158,17,1.1013695271134,96.528610840171,3.471389159829
2021,5.69750330687518,1.11786493413647,77.5258148882081,22.1895232974259,387.629074441041,159,17,1.14891797081813,96.4550804953533,3.54491950464668
2021,5.27181204917927,1.0342750064993,78.435312724217,22.2680870011814,392.176563621085,160,17,1.16576856267012,96.3312572212541,3.66874277874594
2021,4.80004529876461,0.941245426394214,79.2562863788831,22.3384604600638,396.281431894415,161,17,1.22159428612278,96.1393893257923,3.86061067420769
2021,4.28957883053717,0.84105634405826,79.971726466208,22.3993745097342,399.85863233104,162,17,1.24092357404304,95.8591704190667,4.14082958093331
2021,3.76877384337408,0.738572907592783,80.5811936228151,22.4509669186809,402.905968114075,163,17,1.29720375094294,95.4721505995385,4.52784940046153
2021,3.27524865010199,0.641621507464315,81.0752315179604,22.4925888290047,405.376157589802,164,17,1.3407096538471,94.9786923803641,5.02130761963593
2021,2.86312089661476,0.560447006778895,81.4618529404504,22.5250379434672,407.309264702252,165,17,1.42879448443864,94.428911835561,5.57108816443899
2021,2.58294380385702,0.505312053040737,81.7484236040925,22.5490206039171,408.742118020462,166,17,1.49744042843481,93.9521535219965,6.04784647800356
2021,2.47178406644659,0.483837406097451,81.9652234254339,22.5671253450795,409.826117127169,167,17,1.43800063566835,93.725034878987,6.27496512101301
2021,2.4578603918964,0.481188933986111,82.1716744687328,22.5843348718798,410.858372343664,168,17,1.42355566050916,93.6742557978526,6.32574420214737
2021,2.44633166093633,0.478927160623302,82.3782251532048,22.6015225737462,411.891125766024,169,17,1.42757572091169,93.6267479634628,6.37325203653715
2021,2.43834964416413,0.477048576220261,82.5816614006073,22.618421778602,412.908307003037,170,17,1.50435714429681,93.5828716895161,6.41712831048388
2021,2.43019957358839,0.475526316359765,82.7681402948484,22.6338868872356,413.840701474242,171,17,1.48982818064564,93.5434483530688,6.45655164693119
2021,2.42453046832259,0.474408549003014,82.9558906413837,22.6494329260008,414.779453206919,172,17,1.49463546863941,93.5079171209202,6.49208287907979
2021,2.42137085633764,0.473694911851744,83.1415413046473,22.6647810133583,415.707706523237,173,17,1.52050077873999,93.4766499132903,6.52335008670975
2021,2.42075728884192,0.473384682028058,83.3213825795638,22.6796260678149,416.606912897819,174,17,1.57048780507745,93.450021957045,6.54997804295504
2021,2.4217072289325,0.473475602626617,83.4910994231434,22.6936149302676,417.455497115717,175,17,1.59728020788212,93.4284140953299,6.57158590467012
2021,2.42470643596636,0.473987791533517,83.6556436621227,22.7071585328643,418.278218310613,176,17,1.61903721725939,93.4117996199775,6.58820038002251
2021,2.42959369689539,0.474932991421677,83.8164323144029,22.7203750897924,419.082161572015,177,17,1.62422546635614,93.4002785075352,6.59972149246478
2021,2.43673315031051,0.476328535279469,83.9771567968611,22.7335687235336,419.885783984306,178,17,1.62678077634277,93.3938323024509,6.60616769754905
2021,2.44743289333611,0.478184442455697,84.1387940997282,22.7468195516027,420.693970498641,179,17,1.69164168761031,93.392519981496,6.60748001850399
2021,2.4583983942436,0.480474972002716,84.2895950996363,22.75916604466,421.447975498181,180,17,1.65478813825386,93.3968418440713,6.60315815592873
2021,2.47241002138055,0.483259011602027,84.4499560782417,22.7722783608992,422.249780391209,181,17,1.64547789429837,93.4060165722926,6.59398342770736
2021,2.48802516618795,0.486526338538094,84.6149773196431,22.7857536301833,423.074886598216,182,17,1.59348997171705,93.4201917945327,6.57980820546728
2021,2.50624832381022,0.490303080499627,84.7935149033187,22.8003120015385,423.967574516593,183,17,1.54422204508673,93.4389540575579,6.5610459424421
2021,2.52789398712272,0.4945879843864,84.9855460364131,22.8159468404141,424.927730182066,184,17,1.53512045424139,93.4621646691452,6.53783533085475
2021,2.55184745615121,0.499353003841959,85.1837215458983,22.8320561480391,425.918607729491,185,17,1.519732612434,93.4898632601235,6.51013673987648
2021,2.57953419906997,0.504592129410577,85.3897600212802,22.848776949158,426.948800106401,186,17,1.56428353575839,93.5217015419645,6.47829845803548
2021,2.60781244348541,0.510251724030856,85.592420089553,22.8651961701328,427.962100447765,187,17,1.53764539548011,93.5576763679711,6.44232363202895
2021,2.63955254344947,0.516355659694678,85.8060578902335,22.8824754801686,429.030289451167,188,17,1.56509235103294,93.5969040335212,6.40309596647883
2021,2.67488720174895,0.522841068632211,86.0205484046423,22.8997936206003,430.102742023211,189,17,1.66876873883486,93.6392153967304,6.36078460326957
2021,2.71106599245181,0.529621759879128,86.2213645611306,22.9159804234621,431.106822805653,190,17,1.74332727945543,93.6851600600392,6.31483993996078
2021,2.74654525601438,0.536671263161026,86.4144990717417,22.9315232779309,432.072495358709,191,17,1.71733354435765,93.7336552035121,6.26634479648786
2021,2.78465542431881,0.544012282676025,86.6199226422509,22.9480285687201,433.099613211255,192,17,1.74625847326572,93.7831856348181,6.21681436518187
2021,2.82235340925443,0.551551414071633,86.8271773011939,22.9646533587642,434.135886505969,193,17,1.70795293492276,93.8334149773899,6.16658502261009
2021,2.86190772750173,0.559281079177515,87.0496265814867,22.9824662297514,435.248132907434,194,17,1.71150304878578,93.8833671874759,6.11663281252406
2021,2.90103161114104,0.567105742749737,87.2792700935618,23.000821936485,436.396350467809,195,17,1.67439318491633,93.932627230536,6.06737276946401
2021,2.79898474610899,0.54715719652672,87.5241534447875,23.0203587351211,437.620767223937,196,16,1.63739159778223,93.8532276297965,6.14677237020349
2021,2.83838579943423,0.554599263780216,87.7560202725396,23.0388219925191,438.780101362698,197,16,1.7005624836624,93.8998876565588,6.10011234344118
2021,2.87497401111413,0.561878875699001,87.9831259677333,23.0568731960037,439.915629838667,198,16,1.67419530706932,93.9442338835351,6.05576611646488
2021,2.91361967857401,0.569457426060751,88.2228156310865,23.0758894304494,441.114078155433,199,16,1.67210050982559,93.9890849708351,6.01091502916493
2021,2.95381489360488,0.577386014673074,88.4706457857168,23.0955136801207,442.353228928584,200,16,1.65990990623504,94.0360454667911,5.96395453320886
2021,2.99651788034163,0.585746102142482,88.7289451370631,23.1159261915399,443.644725685315,201,16,1.66102292485576,94.0850544860983,5.91494551390174
2021,3.04114096858964,0.594487073491958,88.9955540612603,23.1369519902363,444.977770306302,202,16,1.66115004073562,94.1356203398101,5.86437966018986
2021,3.08780324724708,0.603569653636362,89.2710533613971,23.1586328474516,446.355266806985,203,16,1.67351075922845,94.1872224481608,5.8127775518392
2021,3.13666188528055,0.612943058401917,89.5534037240284,23.180804526288,447.767018620142,204,16,1.71506742087074,94.2394355570196,5.76056444298039
2021,3.18663623208856,0.622541031353923,89.8372048562642,23.2030410842148,449.186024281321,205,16,1.75508276601193,94.2919435219735,5.70805647802652
2021,3.23763588419408,0.632323102908177,90.1229879628625,23.2253835160847,450.614939814312,206,16,1.79843071306162,94.3443347254134,5.65566527458654
2021,3.28862080379135,0.642244599840825,90.4102913612241,23.2477950851324,452.05145680612,207,16,1.81078493260048,94.3962568698415,5.60374313015847
2021,3.34180718252997,0.652291974486744,90.7053106385664,23.2707569484911,453.526553192832,208,16,1.8890421630708,94.4472526391103,5.5527473608897
2021,3.39279482867055,0.662364538447636,90.9953050417498,23.2932770430602,454.976525208749,209,16,1.86787975496701,94.4973011274759,5.50269887252414
2021,3.44533656170246,0.672512150030335,91.2997187671465,23.3168631493993,456.498593835733,210,16,1.89642091038207,94.5457351149143,5.4542648850857
2021,3.49832950244218,0.682659929162017,91.6089212074927,23.3407642433322,458.044606037463,211,16,1.94372717825832,94.5942796824272,5.40572031757281
2021,3.37094003683089,0.657390661628326,91.9192492108928,23.3646958757162,459.596246054464,212,15,1.99259883346819,94.5182050746953,5.48179492530473
2022,7.77904655802585,1.531933545714,54.5,19.9420239553624,272.5,141,16,0.639507329980809,96.278197327714,3.72180267228597
2022,7.7693068028673,1.52944953867648,55.9278812602432,20.0989249724002,279.639406301216,142,16,0.67124576292628,96.2515385562038,3.74846144379626
2022,7.74934672636901,1.52490361473074,57.347462424398,20.2521701706925,286.73731212199,143,16,0.705970404417772,96.2336173372222,3.76638266277778
2022,7.71836752397346,1.51830172841412,58.7561016121546,20.4016425372261,293.780508060773,144,16,0.73806136240812,96.2242533238574,3.77574667614257
2022,7.67718206291585,1.50964153694338,60.1521211202569,20.5473315523532,300.760605601285,145,16,0.773303469381609,96.2231379299994,3.77686207000065
2022,7.62350911025696,1.49882947301906,61.5328488104515,20.6891247576436,307.664244052258,146,16,0.79770269198707,96.2301044211493,3.76989557885068
2022,7.5588630240156,1.48597061161849,62.8979550700922,20.8271500940516,314.489775350461,147,16,0.817945263769943,96.2441794222092,3.75582057779082
2022,7.47953058701853,1.4709186321709,64.2460758684569,20.961423877291,321.230379342284,148,16,0.808921919930553,96.2648388044966,3.73516119550336
2022,7.390883761235,1.45355032366163,65.5801263489353,21.0923767726292,327.900631744676,149,16,0.819518601563469,96.2910081044473,3.70899189555273
2022,7.28748554156868,1.43366031277166,66.8943187962059,21.2195773081241,334.47159398103,150,16,0.813268598016249,96.321755559913,3.67824444008696
2022,7.59687527217434,1.49486355662782,68.1890714356726,21.3432042122802,340.945357178363,151,17,0.830868967867426,96.4559354606575,3.54406453934255
2022,7.45784468095788,1.46758646477648,69.5421709129493,21.4706661453488,347.710854564746,152,17,0.840648537925904,96.4858418828471,3.51415811715286
2022,7.30048812313527,1.43636926722494,70.8654956575743,21.5936621567576,354.327478287871,153,17,0.864943722359822,96.5150225090565,3.48497749094353
2022,7.11858750198713,1.40053690498023,72.1524763864547,21.7117541227109,360.762381932274,154,17,0.879685825538754,96.5410360283535,3.45896397164653
2022,6.91013306702759,1.35926375405339,73.4001140054621,21.824842694786,367.00057002731,155,17,0.905038976600688,96.5599779081168,3.44002209188322
2022,6.67100726325137,1.31156115652461,74.6009747013857,21.9324328936992,373.004873506928,156,17,0.952908466074198,96.5669237324089,3.43307626759112
2022,6.38945860090319,1.25632270364394,75.7444202315099,22.0337628616085,378.722101157549,157,17,0.958050258816194,96.5558740458592,3.44412595414076
2022,6.06321931665156,1.19246212743104,76.8305110913871,22.1290276056117,384.152555456936,158,17,0.951779934461065,96.5185384027295,3.48146159727049
2022,5.69401042153407,1.1190444797631,77.8525912207772,22.2178242730728,389.262956103886,159,17,1.01593181668254,96.4443241278854,3.5556758721146
2022,5.26914281346233,1.03557395002113,78.7879821343707,22.2983802483937,393.939910671853,160,17,1.02376918805694,96.3198513181738,3.68014868182617
2022,4.79640796514482,0.942648132912269,79.6368154369867,22.3709069799496,398.184077184934,161,17,1.03422621637695,96.1271492795409,3.87285072045908
2022,4.28784543625145,0.842554462293594,80.3889944186781,22.4347263841651,401.94497209339,162,17,1.05598741075604,95.8455913718032,4.15440862819686
2022,3.76794575344946,0.74010638193246,81.0350938063988,22.489213898339,405.175469031994,163,17,1.0949913023199,95.4568660401002,4.54313395989977
2022,3.27471834942159,0.643134818837957,81.5693991644784,22.5340452049521,407.846995822392,164,17,1.11301877817484,94.9610186973223,5.03898130267768
2022,2.86214218734508,0.561903346457317,82.0014421326937,22.5701466791962,410.007210663468,165,17,1.14933454592264,94.4079810556901,5.5920189443099
2022,2.58086008548031,0.506736997918985,82.3436972119369,22.5986514926782,411.718486059684,166,17,1.14394967707367,93.9271797247518,6.07282027524823
2022,2.47268115183357,0.485347907222767,82.6307651391802,22.6224964194198,413.153825695901,167,17,1.17431287702459,93.6961315897106,6.3038684102894
2022,2.46082671846308,0.482821510933194,82.8901180538617,22.6439896403795,414.450590269309,168,17,1.21483920321963,93.643088974901,6.356911025099
2022,2.45295421506356,0.480661778275596,83.1389887688602,22.6645701524843,415.694943844301,169,17,1.34202577870243,93.5938275652974,6.40617243470265
2022,2.44320157717369,0.478835240353731,83.3608417764089,22.6828802514978,416.804208882045,170,17,1.32705942547678,93.5492862346477,6.45071376535233
2022,2.43545368341155,0.477411188128041,83.5837322011955,22.7012418013741,417.918661005977,171,17,1.31014425523807,93.5084840230724,6.49151597692764
2022,2.42992510975182,0.476398565049177,83.8084506597726,22.7197194282205,419.042253298863,172,17,1.29823597011616,93.4716253047577,6.52837469524231
2022,2.42636289410428,0.47580438348759,84.034439522119,22.7382667231118,420.172197610595,173,17,1.27965013149948,93.438972023089,6.561027976911
2022,2.42529136095756,0.475641980586066,84.2634274649934,22.7570247329355,421.317137324967,174,17,1.27277725777613,93.4106847690912,6.58931523090877
2022,2.42689649044812,0.475916931975418,84.4935698802936,22.7758415503867,422.467849401468,175,17,1.28375620127108,93.3870635264625,6.61293647353752
2022,2.4314237197988,0.476631928057301,84.7218316292551,22.7944693493678,423.609158146276,176,17,1.32249459252608,93.3684354004265,6.63156459957348
2022,2.43688786726714,0.477784145479694,84.9432452118611,22.8125048974799,424.716226059306,177,17,1.30834823363112,93.355172175799,6.64482782420098
2022,2.44521735354618,0.479409665020278,85.1685750641533,22.8308258420098,425.842875320766,178,17,1.31275716133188,93.3469822863244,6.65301771367558
2022,2.45597179182436,0.481509357787298,85.3946830161704,22.8491761246643,426.973415080852,179,17,1.31743003597645,93.3440994867665,6.65590051323351
2022,2.47071165054388,0.484091620706964,85.622001169028,22.8675905188698,428.11000584514,180,17,1.38554491905855,93.3465677854813,6.65343221451872
2022,2.48644059618682,0.487128808882967,85.8386380916881,22.8851079743782,429.19319045844,181,17,1.39809083273601,93.3548316230115,6.64516837698854
2022,2.50551625102732,0.49065332855113,86.0559056118486,22.9026455001405,430.279528059243,182,17,1.44787504606808,93.3684027904438,6.63159720955617
2022,2.52685683063474,0.494644708213707,86.2670253186121,22.9196572453356,431.335126593061,183,17,1.49322159101551,93.3873993257315,6.61260067426853
2022,2.55086913449652,0.499100923802177,86.4733378303145,22.9362536230483,432.366689151572,184,17,1.55285782484909,93.4115705426046,6.5884294573954
2022,2.57572498674721,0.504004487570299,86.6725196205749,22.952250222056,433.362598102875,185,17,1.54631709608815,93.4407212123628,6.55927878763723
2022,2.60357604946666,0.509382435639056,86.8779749303744,22.9687238347056,434.389874651872,186,17,1.56598416053564,93.4740769032231,6.52592309677685
2022,2.63282855782361,0.515201716370172,87.0850609916674,22.9853007488646,435.425304958337,187,17,1.54688556276232,93.5114058926812,6.48859410731881
2022,2.6648540930625,0.521464723050866,87.3018111065544,23.0026218542224,436.509055532772,188,17,1.55087053589842,93.5520166798105,6.44798332018945
2022,2.69924631322586,0.528128312190975,87.5241628008469,23.0203594808195,437.620814004235,189,17,1.56898700530565,93.5955404708665,6.40445952913356
2022,2.73529479195088,0.5351504383373,87.7497628602305,23.0383241695008,438.748814301153,190,17,1.57919897536126,93.6421798463844,6.35782015361563
2022,2.77334894275899,0.542492745535589,87.9805232502014,23.0566665064165,439.902616251007,191,17,1.60553701912946,93.6909911941883,6.30900880581174
2022,2.81300005287429,0.550092553105989,88.2136196394603,23.0751605136851,441.068098197301,192,17,1.64413692405689,93.7410760171418,6.25892398285825
2022,2.85307598651663,0.557883915873309,88.4469188796248,23.0936365421546,442.234594398124,193,17,1.65793022204856,93.7918379320169,6.20816206798315
2022,2.89690223823435,0.565822825766464,88.6854671538888,23.1124931772938,443.427335769444,194,17,1.80870871596985,93.8424895900378,6.15751040996215
2022,2.93760697918802,0.573732793392053,88.9026172172894,23.129627626111,444.513086086447,195,17,1.82204452976873,93.8930293845006,6.10697061549935
2022,2.83499377564458,0.55350686383831,89.125233910502,23.147163171475,445.62616955251,196,16,1.82709942860517,93.8142484751847,6.18575152481533
2022,2.87346297353785,0.56092665483911,89.3263095580762,23.1629757056755,446.631547790381,197,16,1.8531798059508,93.8623091819763,6.13769081802369
2022,2.91189320416878,0.568194582107341,89.5298561845645,23.178957309782,447.649280922823,198,16,1.9158061776869,93.9077071176016,6.09229288239844
2022,2.95147079761136,0.575682194346466,89.7285566376759,23.1945340051352,448.642783188379,199,16,1.9799651864508,93.9539348079311,6.04606519206889
2022,2.99077325218163,0.583463019553392,89.9223339529697,23.2097016236335,449.611669764849,200,16,1.95380362925226,94.0025488061228,5.99745119387721
2022,3.03413698968563,0.591682283764281,90.129197313781,23.2258684126966,450.645986568905,201,16,2.01906655467348,94.053115520106,5.94688447989403
2022,3.08014149065839,0.600225038165281,90.331673544837,23.2416673132879,451.658367724185,202,16,2.13600206219128,94.1055000651079,5.8944999348921
2022,3.12585506396642,0.609003155103165,90.5199563573524,23.2563365920689,452.599781786762,203,16,2.1747607268729,94.1593923950405,5.84060760495951
2022,3.17284364253587,0.618038749515449,90.709623368932,23.2710922295089,453.54811684466,204,16,2.21072113119962,94.2139620593805,5.78603794061944
2022,3.22096216090354,0.627291885500666,90.9014891127508,23.2859970603174,454.507445563754,205,16,2.24704946404005,94.268753645795,5.73124635420504
2022,3.27082084726139,0.636720115856984,91.0957058389095,23.3010622096762,455.478529194547,206,16,2.32837888624021,94.3233658193213,5.67663418067871
2022,3.32029945327765,0.646241197757895,91.2836212022068,23.3156172768522,456.418106011034,207,16,2.36299896474845,94.3776229650379,5.62237703496209
2022,3.36940858896111,0.655854277993177,91.4745012175294,23.330380608138,457.372506087647,208,16,2.35188432604607,94.4310015104764,5.56899848952362
2022,3.42025276559914,0.665560235223329,91.6774187500063,23.3460514370599,458.387093750031,209,16,2.40831655847979,94.4830243160271,5.51697568397295
2022,3.4703661767001,0.675257293080139,91.8792108958794,23.3616113993236,459.396054479397,210,16,2.42757686972838,94.533713644331,5.46628635566904
2022,3.52109904638591,0.684950131963818,92.0871658456443,23.377621667887,460.435829228221,211,16,2.48099447113952,94.5844467447905,5.4155532552095
2022,3.38818031890694,0.659111837427102,92.2945757061561,23.3935648901657,461.472878530781,212,15,2.41764758988136,94.5103404206978,5.48965957930221
