"year","assimilated_weight","ingested_weight","Weight","Length","Energy","JulianDay","feeding_hours","Metabolism","percentage_partic","percentage_filters"
2008,3.4132988518847,0.679669532244387,54.5,19.9420239553624,272.5,141,24,0.316291193747436,92.4965525520099,7.50344744799012
2008,3.41338676398238,0.680305393136633,55.1193749462616,20.0104308757522,275.596874731308,142,24,0.298149792167254,92.3779072755423,7.62209272445769
2008,3.41772631539962,0.680956995580751,55.7423938917754,20.0787018850598,278.711969458877,143,24,0.307920259783666,92.2510055730423,7.7489944269577
2008,3.42014811520086,0.681573664028148,56.3643246711591,20.1463252631975,281.821623355795,144,24,0.30609061246107,92.1163428054583,7.88365719454165
2008,3.42685784047668,0.682110235194545,56.9871036471132,20.2135217373861,284.935518235566,145,24,0.337048529556032,91.9736399968847,8.02636000311531
2008,3.42895520129612,0.682523331503264,57.6050307703036,20.2796907364467,288.025153851518,146,24,0.340095238750934,91.8242936875739,8.17570631242615
2008,3.43059033817389,0.682794079030621,58.2227657040538,20.3453465125593,291.113828520269,147,24,0.345038668116395,91.6665144741772,8.33348552582279
2008,3.39108889513062,0.674296344923073,58.8398365328193,20.4104487518993,294.199182664096,148,16,0.329520548241944,91.5011559993414,8.4988440006586
2008,3.39001649777784,0.674035824475949,59.452108120366,20.4745760264735,297.26054060183,149,16,0.334021268900322,91.3291533881094,8.67084661189059
2008,3.43047772410309,0.682573883524548,60.0632623910546,20.5381288719056,300.316311955273,150,24,0.361405154313513,91.1504972960383,8.84950270396171
2008,3.59682102375208,0.714795368350646,60.6770293000673,20.6015014085306,303.385146500337,151,17,0.360615128240809,91.2174390959186,8.78256090408139
2008,3.59361992154266,0.713985371818358,61.3242198840619,20.6678429015779,306.621099420309,152,17,0.370429023594933,91.0258025101163,8.97419748988374
2008,3.59107107665919,0.713065584987714,61.9688041479324,20.7334339515687,309.844020739662,153,17,0.390174307516134,90.830017668392,9.16998233160803
2008,3.58610369960517,0.712104500311633,62.6089261005684,20.798102011431,313.044630502842,154,17,0.392400334780298,90.6324450713322,9.36755492866781
2008,3.58193373430867,0.711183696725077,63.2476057275167,20.8621667142453,316.238028637584,155,17,0.39953741626689,90.433911384858,9.56608861514197
2008,3.57911431162033,0.710410986636229,63.8840201186816,20.9255572559013,319.420100593408,156,17,0.411956428117331,90.2358035095224,9.76419649047763
2008,3.62220807263747,0.719103038164972,64.5173828137525,20.9882083486654,322.586914068763,157,24,0.455492674423427,90.040666728352,9.95933327164799
2008,3.58567628523753,0.709943154178445,65.1506528193611,21.0504231548556,325.753264096806,158,17,0.504666558360574,89.8512429025495,10.1487570974505
2008,3.58616694046115,0.710697318617334,65.7667772889437,21.1105503004967,328.833886444719,159,17,0.474392420909987,89.6738256368192,10.3261743631808
2008,3.59322971759615,0.712535963290324,66.3890502251077,21.1708802890473,331.945251125539,160,17,0.456412967362502,89.5105171418841,10.4894828581159
2008,3.61653576016419,0.715902319684656,67.0163268529774,21.2312978103855,335.081634264887,161,17,0.524603095042928,89.3680011007421,10.6319988992579
2008,3.63968259276359,0.721325358554727,67.6346216413956,21.2904657258716,338.173108206978,162,17,0.484139451337738,89.2556968906872,10.7443031093128
2008,3.68077791913825,0.729390319444682,68.265633340323,21.3504631618376,341.328166701615,163,17,0.491781538982784,89.1785940391033,10.8214059608967
2008,3.73917743611574,0.740501012710089,68.9033301468744,21.410704810073,344.516650734372,164,17,0.519234023305099,89.1424626664564,10.8575373335436
2008,3.8110103619667,0.754492773544239,69.5472104963739,21.4711376294,347.736052481869,165,17,0.535448779216301,89.1445335881004,10.8554664118996
2008,3.88944317774633,0.770121067736056,70.2022082792916,21.5322151057688,351.011041396458,166,17,0.534215288097465,89.1681722957552,10.8318277042448
2008,3.96258357815773,0.784884750979002,70.8731327163347,21.5943673162493,354.365663581673,167,17,0.52397295247477,89.1834086240105,10.8165913759895
2008,4.09059001198522,0.811137849303854,71.5607266075603,21.6576396941583,357.803633037801,168,24,0.540176231728681,89.2000383993033,10.7999616006967
2008,4.18534706672135,0.829670520616689,72.2706735060433,21.722525936961,361.353367530216,169,24,0.557230152472165,89.2477921518583,10.7522078481417
2008,4.2403953990042,0.839742478936923,72.9961527687881,21.7883744487646,364.980763843941,170,17,0.544711821234028,89.3230878132114,10.6769121867886
2008,4.36388824741641,0.864167739117614,73.7351364943246,21.8549814180177,368.675682471623,171,17,0.550574099384168,89.4212152832659,10.5787847167341
2008,4.50691219135933,0.891280037982556,74.4976368378459,21.9232220883577,372.48818418923,172,17,0.614781167807742,89.536083174087,10.463916825913
2008,4.65361408420444,0.920748738691361,75.275890250728,21.9923724336514,376.37945125364,173,17,0.597166293225006,89.6632452214926,10.3367547785074
2008,4.81998366983946,0.95229955667501,76.0869959451443,22.0639135591494,380.434979725722,174,17,0.670977932247102,89.7964300262972,10.2035699737027
2008,4.98362446874039,0.98554102068321,76.9166010698427,22.1365386055269,384.583005349213,175,17,0.631319806344696,89.9325964884087,10.0674035115913
2008,5.16720874021189,1.02021308262555,77.7868528610003,22.2121375613018,388.934264305001,176,17,0.718607062792412,90.066357437566,9.933642562434
2008,5.35137802553478,1.05591348670939,78.6763495202188,22.2888015819487,393.381747601094,177,17,0.760299574121747,90.1965722392722,9.80342776072778
2008,5.53030967935363,1.09237820929348,79.594325822807,22.3672893901482,397.971629114035,178,17,0.708407925277674,90.320338059112,9.67966194088803
2008,5.7192138516929,1.12941657606986,80.5584496239435,22.4490464954061,402.792248119717,179,17,0.728563823267558,90.434856036768,9.56514396323202
2008,5.90958072563539,1.1667616207964,81.5563039709072,22.5329488929239,407.781519854536,180,17,0.747730573192139,90.5401908570983,9.45980914290169
2008,6.10034781931835,1.20424162610513,82.588377339545,22.618979168603,412.941886697725,181,17,0.764132671232302,90.6359099673921,9.36409003260794
2008,6.28770961693099,1.24173270911811,83.6553006084534,22.7071303155097,418.276503042267,182,17,0.74880054324876,90.7219820537862,9.27801794621383
2008,6.49665515015416,1.27918025432528,84.7627372401635,22.7978038440887,423.813686200818,183,17,0.947688067457969,90.7983664831016,9.20163351689843
2008,6.68360218673874,1.31637670787701,85.8721573421153,22.8878156174603,429.360786710577,184,17,0.936697828754092,90.8682246956469,9.13177530435312
2008,6.87530721997279,1.35349238627067,87.0211348447734,22.9801864954014,435.105674223867,185,17,0.98142782830785,90.9297697612995,9.07023023870048
2008,7.06922562688572,1.39052457192164,88.1994741505845,23.0740391735155,440.997370752922,186,17,1.05587493748466,90.9845825204074,9.01541747959264
2008,7.25592762730397,1.42752148507396,89.4016713540731,23.1688957453452,447.008356770366,187,17,1.05228261403164,91.0339816881679,8.96601831183211
2008,7.44689446307032,1.46465703027432,90.6418877873176,23.2658250347757,453.209438936588,188,17,1.0883676490121,91.0781296365041,8.9218703634959
2008,7.64408774999699,1.50202609823838,91.913036864912,23.3642173496631,459.56518432456,189,17,1.18218009557102,91.1185328626618,8.88146713733824
2008,7.83960182364267,1.53973086233494,93.2048141657527,23.4632395068939,466.024070828764,190,17,1.23842742457323,91.1577407160363,8.84225928396369
2008,8.04423408982166,1.5779648402233,94.5243926627637,23.5634100386014,472.621963313818,191,17,1.37620704606434,91.1959429882809,8.8040570117191
2008,8.23912499878197,1.616805185076,95.8572846515173,23.6636066017929,479.286423257586,192,17,1.35276146091954,91.2343909511521,8.76560904884789
2008,8.45607826370271,1.65661130544582,97.2337822595606,23.7660670276416,486.168911297803,193,17,1.55360725388022,91.2723791880809,8.72762081191908
2008,8.67863897867955,1.69730615882666,98.6134331439368,23.8677527073544,493.067165719684,194,17,1.79008850841734,91.3127729519733,8.68722704802669
2008,8.87168830041582,1.73900245691229,99.9902266903077,23.9682440805408,499.951133451539,195,17,1.52369961712485,91.3564368572278,8.6435631427722
2008,8.61674948468325,1.69035030951684,101.458829697957,24.0743791567993,507.294148489785,196,16,1.41670276931406,91.1948441975972,8.80515580240285
2008,8.83820361028044,1.7332700240274,102.897755000392,24.1773359356962,514.488775001962,197,16,1.46630146784918,91.245278324679,8.75472167532099
2008,9.06559518168908,1.7779608821343,104.370957645643,24.2817108926986,521.854788228215,198,16,1.47733743098249,91.2990680701425,8.70093192985755
2008,9.30989526375166,1.82493252375956,105.887328705702,24.3880773566868,529.436643528508,199,16,1.55456665956045,91.3567142421455,8.64328575785451
2008,9.55935485015156,1.87370582837459,107.437000737282,24.4956884537366,537.185003686409,200,16,1.58125096888557,91.4180663671291,8.58193363287085
2008,9.82143302350423,1.9247934612619,109.031103887771,24.6052619689131,545.155519438855,201,16,1.61837460387895,91.4833515140236,8.51664848597641
2008,10.0995549734357,1.97834966694444,110.670061298465,24.7167606069588,553.350306492326,202,16,1.69919574091348,91.5527364981192,8.44726350188075
2008,10.38310718699,2.03445720746757,112.348328190923,24.8297471983269,561.741640954617,203,16,1.68450656523362,91.626479536439,8.37352046356095
2008,10.7012642642015,2.0934595620714,114.086077802975,24.9455054769115,570.430389014877,204,16,1.9255844638159,91.7040090680013,8.29599093199871
2008,11.0100652412495,2.15498769695917,115.839059186903,25.0610399014728,579.195295934515,205,16,1.87445901114926,91.7864773659254,8.21352263407459
2008,11.3309042847169,2.21978508604667,117.663826476396,25.180018295543,588.319132381982,206,16,1.77305594039431,91.8722592673569,8.12774073264312
2008,11.6815109979595,2.28815055702506,119.57281926775,25.303119819737,597.864096338748,207,16,1.81602961078276,91.9610521079797,8.03894789202026
2008,12.0606898926758,2.35993015575252,121.543087803701,25.4287445727842,607.715439018504,208,16,1.99467674757406,92.0532880348086,7.94671196519134
2008,12.4550814863098,2.43492482563839,123.553183863978,25.5554544913433,617.765919319889,209,16,2.1642884356349,92.1491644792126,7.85083552078742
2008,12.857564928754,2.51325184722875,125.607929526363,25.6835025776442,628.039647631815,210,16,2.21801307923165,92.248265655333,7.75173434466696
2008,13.2757793028235,2.5953762600895,127.732089728933,25.8143508215018,638.660448644667,211,16,2.22442147199959,92.352130429162,7.64786957083803
2008,13.0066974584707,2.54838581691986,129.938235704403,25.9486536047943,649.691178522013,212,15,1.85563187723942,92.2949302401535,7.70506975984648
2009,3.39222081114211,0.672147774464998,54.5,19.9420239553624,272.5,141,16,0.403749673460153,92.4975433654492,7.50245663455076
2009,3.39578031403801,0.672656200394786,55.0976676421705,20.0080424941402,275.488338210853,142,16,0.416326295708799,92.3815546938057,7.61844530619425
2009,3.4044086129966,0.673172227524517,55.6935300640864,20.073366616631,278.467650320432,143,16,0.479741271874874,92.2580161943205,7.74198380567954
2009,3.40424424788573,0.673647230113276,56.2784332601351,20.1370172262707,281.392166300675,144,16,0.457085345892876,92.1279947324405,7.87200526755955
2009,3.40617449251321,0.674035382754509,56.8678328119045,20.2006924439569,284.339164059522,145,16,0.460589993932144,91.9895549185412,8.01044508145876
2009,3.40671746368358,0.674298868894328,57.4569154061556,20.2638754661198,287.284577030778,146,16,0.456390160913168,91.8433224925604,8.15667750743961
2009,3.40635870619914,0.674403014862856,58.0469443754059,20.32670902139,290.234721877029,147,16,0.451239884800777,91.6899150563475,8.31008494365248
2009,3.401281982404,0.674337925459252,58.6379293440557,20.389199728586,293.189646720279,148,16,0.409652427263045,91.5281358556827,8.47186414431726
2009,3.40204058926535,0.674086873952599,59.2362140312648,20.4520167665992,296.181070156324,149,16,0.431894180951069,91.3581886918752,8.64181130812478
2009,3.39914592903104,0.673654815423828,59.8301995034135,20.5139464776811,299.150997517067,150,16,0.428556371502075,91.1820374936899,8.81796250631011
2009,3.60995926440822,0.714866465887536,60.4242709061847,20.575458008114,302.121354530924,151,17,0.469000333182171,91.2515335161569,8.74846648384307
2009,3.6068718432759,0.714062988631044,61.0524133470908,20.640040580889,305.262066735454,152,17,0.482615777056006,91.06261938751,8.93738061248998
2009,3.60787039530587,0.713146387188195,61.6772120606134,20.7038215669749,308.386060303067,153,17,0.547294409809156,90.8696609176345,9.13033908236546
2009,3.60225357737649,0.712182138274406,62.2892714557619,20.7658669292811,311.446357278809,154,17,0.543253487082559,90.6753507868634,9.32464921313661
2009,3.59845727388603,0.711254415463166,62.90101227123,20.8274568521504,314.50506135615,155,17,0.557953232905644,90.4805614768024,9.51943852319756
2009,3.5975100131088,0.710465424464671,63.5090503074687,20.8882616615734,317.545251537343,156,17,0.59937595385127,90.2863164246171,9.71368357538293
2009,3.59388354771027,0.709958663284822,64.1086106240334,20.9478226768018,320.543053120167,157,17,0.590691124084642,90.0956367210803,9.90436327891971
2009,3.59339667457064,0.709922349144157,64.7091787640236,21.007095859449,323.545893820118,158,17,0.591414837599981,89.9103193354556,10.0896806645444
2009,3.59687932978389,0.710609676727723,65.3095007467798,21.0659627972082,326.547503733899,159,17,0.595912980992635,89.7344827135399,10.2655172864601
2009,3.6069445396276,0.71235574575948,65.909615402713,21.1244336652721,329.548077013565,160,17,0.615946990199429,89.5732077898232,10.4267922101768
2009,3.62146153551757,0.715593315587541,66.5077318731445,21.182341796038,332.538659365722,161,17,0.596719218682249,89.4331064330794,10.5668935669206
2009,3.6454125591208,0.720857696221206,67.1125926820384,21.2405349362041,335.562963410192,162,17,0.568606655406202,89.3205870853224,10.6794129146776
2009,3.6896306439211,0.728721722279124,67.7278613264341,21.2993555757283,338.63930663217,163,17,0.627303686459343,89.2428894892161,10.7571105107839
2009,3.74224462618689,0.739576927195557,68.3402289859878,21.357530232055,341.701144929939,164,17,0.602687014146005,89.2066280928289,10.7933719071711
2009,3.81087890575701,0.753302162146598,68.9680373669473,21.4167957943427,344.840186834736,165,17,0.597411207999903,89.2071103847289,10.7928896152711
2009,3.89109589555542,0.768693298483384,69.6106219631983,21.4770681286639,348.053109815991,166,17,0.629939176704107,89.2290301228141,10.7709698771859
2009,3.96581834016249,0.783289299571034,70.2627381470646,21.5378393383585,351.313690735323,167,17,0.644851263195113,89.2442586801799,10.7557413198201
2009,4.04036426046019,0.79817238304082,70.9268097953319,21.5993220371882,354.634048976659,168,17,0.640019582991034,89.2619623376511,10.7380376623489
2009,4.13012472174288,0.816360803964051,71.6067499148562,21.6618596019,358.033749574281,169,17,0.618325281924739,89.3111398993276,10.6888601006724
2009,4.24215653981771,0.837706760432849,72.3089734218256,21.7260137396866,361.544867109128,170,17,0.669534539966829,89.3869869623482,10.6130130376518
2009,4.36681440987115,0.861963344146007,73.0233532443531,21.7908344256643,365.116766221766,171,17,0.696386071653775,89.4856347335311,10.5143652664689
2009,4.50424848762354,0.888887062597712,73.7572855808077,21.8569705901914,368.786427904038,172,17,0.714243041152827,89.6012622453344,10.3987377546656
2009,4.65586642109038,0.918189390201068,74.5151238920224,21.9247813862076,372.575619460112,173,17,0.757638912613375,89.728403195858,10.271596804142
2009,4.81603208004986,0.949534124913885,75.2945963593296,21.994028386959,376.472981796648,174,17,0.77878869618223,89.8624908534947,10.1375091465053
2009,4.98346092393354,0.98260188959367,76.1018608991297,22.0652197064984,380.509304495649,175,17,0.782008877637772,89.9987705500748,10.0012294499252
2009,5.16272057683302,1.01707355869893,76.9419550566653,22.1387495206356,384.709775283327,176,17,0.841762519641003,90.1332786652197,9.86672133478026
2009,5.34559133696762,1.05259237058521,77.8059371146856,22.2137887939506,389.029685573428,177,17,0.880842163290498,90.2638764915984,9.73612350840159
2009,5.53500036821177,1.08887835448477,78.6986629452738,22.2907169484936,393.493314726369,178,17,0.953547350107755,90.388013772439,9.61198622756103
2009,5.72739212390309,1.12564621620263,79.6147137556249,22.3690253982165,398.073568778124,179,17,1.03498901865468,90.504587600537,9.495412399463
2009,5.9222023151881,1.16266728560054,80.5529374345774,22.4485810086329,402.764687172887,180,17,1.13466439304217,90.6127293247109,9.3872706752891
2009,6.10905924565915,1.19974851351086,81.5101694727921,22.5290855968951,407.55084736396,181,17,1.11716177048223,90.712200228792,9.28779977120796
2009,6.29583025582542,1.23685079278524,82.508253305365,22.6123272056812,412.541266526825,182,17,1.09936262489353,90.80141418799,9.19858581200996
2009,6.48841567112052,1.27389182812025,83.547228915732,22.6982370262322,417.73614457866,183,17,1.16423238765764,90.880719143684,9.11928085631601
2009,6.68283532165813,1.31076312261138,84.6117230381475,22.7854880698821,423.058615190737,184,17,1.26809620182455,90.9517365360245,9.04826346397551
2009,6.87466850778536,1.34742765035954,85.6943014915223,22.8734402185729,428.471507457612,185,17,1.35255466726203,91.0156682326581,8.98433176734189
2009,7.06158897196031,1.38393338155378,86.7983258388768,22.9623407168196,433.991629194384,186,17,1.37652727774845,91.0731199529009,8.92688004709909
2009,7.24759795548807,1.42040083814434,87.9349082142704,23.0530433878861,439.674541071352,187,17,1.39019134732208,91.1243266003531,8.87567339964685
2009,7.42623349573824,1.45693801644843,89.1059249754356,23.1456434140836,445.529624877178,188,17,1.29766958256098,91.1702010422586,8.82979895774143
2009,7.6044459146647,1.49377469953087,90.3311351838746,23.2416253385738,451.655675919373,189,17,1.19308502896485,91.2106474878142,8.78935251218583
2009,7.79036738757688,1.53108319458008,91.6128623071315,23.3410685239344,458.064311535658,190,17,1.16077966383581,91.2468873905081,8.7531126094919
2009,7.99374057290117,1.56897857142736,92.9381872391462,23.4428797247141,464.690936195731,191,17,1.29821549704131,91.2818044867337,8.71819551326629
2009,8.18951004192842,1.60744338930029,94.2766469280993,23.5446780635819,471.383234640497,192,17,1.31101515073173,91.3169175758653,8.6830824241347
2009,8.39152195191234,1.64679310680625,95.6516434939827,23.6482117020398,478.258217469914,193,17,1.34519375480964,91.3518591833592,8.64814081664082
2009,8.60610546828637,1.68719719489188,97.060143825186,23.7531980952856,485.30071912593,194,17,1.47000041977273,91.387666690801,8.61233330919903
2009,8.81766211758851,1.72873369170064,98.4865303841681,23.8584410403332,492.43265192084,195,17,1.48368701578986,91.4258609727694,8.57413902723064
2009,8.56849027748374,1.67994787399808,99.9524158024747,23.9654972059004,499.762079012373,196,16,1.45983487628991,91.2630554217404,8.73694457825957
2009,8.7878503238288,1.72217930114983,101.373154371179,24.0682169691316,506.865771855894,197,16,1.52819588376185,91.3110720712904,8.6889279287096
2009,9.01074322635989,1.76608307728246,102.824006602223,24.1720836335803,514.120033011114,198,16,1.53130487218149,91.3624984734307,8.63750152656927
2009,9.25115788528406,1.8122364254885,104.318721449492,24.2780276275757,521.593607247459,199,16,1.61361284163188,91.4176692212157,8.58233077878427
2009,9.50042477636091,1.86013428448464,105.844953730219,24.385119414592,529.224768651095,200,16,1.69628617915268,91.4765698412113,8.52343015878873
2009,9.76037203301522,1.91019327448957,107.404391030315,24.4934351762752,537.021955151573,201,16,1.7749378388345,91.5397350485291,8.46026495147092
2009,10.0400980887814,1.96257692994926,108.999962940192,24.6031321695197,544.999814700961,202,16,1.96873528593206,91.6072013102376,8.39279868976239
2009,10.3192491314215,2.0172142701539,110.612583988894,24.7128699538544,553.062919944472,203,16,1.98733881780264,91.6796059007432,8.32039409925684
2009,10.617868202441,2.07457525247243,112.277166562506,24.8249803261408,561.38583281253,204,16,2.08816189172371,91.7558419870741,8.24415801292593
2009,10.9254933116601,2.13464604253968,113.981144571427,24.9385504627296,569.905722857137,205,16,2.11685165429638,91.8362493209199,8.16375067908011
2009,11.2405475030323,2.19772191024903,115.740729818184,25.0545916511499,578.703649090919,206,16,2.03373306118349,91.9203095348076,8.07969046519239
2009,11.5686494990851,2.26421988516929,117.579750310113,25.1745647341394,587.898751550565,207,16,1.90393955976286,92.0073964202486,7.99260357975141
2009,11.9360123655734,2.33444329102798,119.510126047514,25.2990988795856,597.550630237572,208,16,2.03813688965482,92.0972401085779,7.90275989142215
2009,12.326465884001,2.40792409138687,121.486881936046,25.4251806164811,607.43440968023,209,16,2.26322982935303,92.1906713751662,7.80932862483377
2009,12.709031220235,2.48452869531387,123.496430821933,25.5518967497208,617.482154109667,210,16,2.16621550122335,92.2876388766215,7.71236112337847
2009,13.1223890051877,2.56524618520466,125.601589981913,25.6831097618483,628.007949909566,211,16,2.2027895900944,92.3876063308879,7.61239366911205
2009,12.8824424739281,2.5180101766485,127.781760776612,25.8173923488552,638.908803883061,212,15,2.19534848915236,92.3293706987394,7.67062930126064
2010,3.38583943130182,0.672161293033307,54.5,19.9420239553624,272.5,141,16,0.350007340842187,92.4965525520099,7.50344744799012
2010,3.38830968713268,0.672668199635798,55.1071398327261,20.0090847680236,275.53569916363,142,16,0.352459390195122,92.379407298687,7.62059270131298
2010,3.39255512697868,0.673181924334565,55.7142814811004,20.075632788821,278.571407405502,143,16,0.368828305287313,92.2544743763082,7.74552562369181
2010,3.40095986648429,0.67365296491385,56.318996505585,20.141414290868,281.594982527925,144,16,0.425057480344263,92.121976900975,7.87802309902496
2010,3.40239927026319,0.674037710657828,56.9141446146916,20.2056761694535,284.570723073458,145,16,0.423908846529694,91.9827820213589,8.01721797864107
2010,3.39536820723788,0.674292205947841,57.5098082261759,20.2695264453421,287.549041130879,146,16,0.355760352482658,91.8363286993682,8.16367130063182
2010,3.39720131961589,0.674395289102646,58.1176931040179,20.3342132841558,290.588465520089,147,16,0.369329326350778,91.6799167147919,8.32008328520809
2010,3.39425707866499,0.67432390281436,58.7232284227852,20.3981829462451,293.616142113926,148,16,0.351758062841165,91.5161713312848,8.4838286687152
2010,3.3923797819083,0.674067310962812,59.331686641443,20.4619999702275,296.658433207215,149,16,0.350123639137923,91.3448093417804,8.65519065821957
2010,3.39068061803719,0.673628838675685,59.9400936356473,20.5253571581817,299.700468178236,150,16,0.356988942729477,91.1666634158615,8.83333658413852
2010,3.60022311664216,0.714833440427347,60.5467849477345,20.5880909180823,302.733924738673,151,17,0.384886125132771,91.2342162717712,8.76578372822884
2010,3.59587840647434,0.714025091109304,61.1898023981717,20.6541044759077,305.949011990859,152,17,0.385992951141839,91.0432697024146,8.95673029758539
2010,3.59120951001248,0.713104928952368,61.8317262776961,20.7195252495435,309.15863138848,153,17,0.388995432158544,90.8479717429376,9.15202825706241
2010,3.62748517968036,0.720712522686299,62.4721124485627,20.784319322664,312.360562242813,154,24,0.418666993605063,90.6504834127239,9.34951658727608
2010,3.58290135651391,0.711213942457129,63.1138158345133,20.8487839724332,315.569079172566,155,17,0.405722457625789,90.4516385701316,9.54836142986839
2010,3.58155750497146,0.710433654611877,63.7491875594834,20.9121640260266,318.745937797417,156,17,0.43182496846765,90.2537200089064,9.74627999109363
2010,3.57735230724236,0.709944980120708,64.3790660513061,20.9745630125875,321.895330256531,157,17,0.419679992774507,90.0590495000934,9.94095049990657
2010,3.59683831918659,0.709940213311953,65.0105283733643,21.0366932410448,325.052641866821,158,17,0.63684986083695,89.8698055222154,10.1301944777847
2010,3.58970325434606,0.710670599080347,65.6024495817315,21.0945522016079,328.012247908658,159,17,0.511281727365893,89.6954312671397,10.3045687328603
2010,3.5938743399347,0.712477191466418,66.2180531380775,21.1543413577389,331.090265690387,160,17,0.464509055447964,89.5327078612705,10.4672921387295
2010,3.60994033862612,0.715803598902321,66.8438408015517,21.2147238656764,334.219204007758,161,17,0.461170683891726,89.3899423226507,10.6100576773493
2010,3.6369392719354,0.721187346693693,67.4735043924295,21.2750840002139,337.367521962148,162,17,0.463217313930483,89.2756189774845,10.7243810225155
2010,3.67740422921895,0.729201272826109,68.1081532286154,21.3355260579801,340.540766143077,163,17,0.467207200520938,89.1973419464292,10.8026580535708
2010,3.7367481807669,0.740256422664034,68.7500915715416,21.396264324502,343.750457857708,164,17,0.506002991312395,89.1598658609687,10.8401341390313
2010,3.80580014955809,0.754189134862393,69.3961337102085,21.4569931103964,346.980668551043,165,17,0.497094411905998,89.1608141112445,10.8391858887555
2010,3.88567465893486,0.769778880825182,70.0577618047986,21.5187799533406,350.288809023993,166,17,0.512693357286818,89.1830005781356,10.8169994218644
2010,4.01204504168595,0.795567494012879,70.7322384078789,21.5813494600546,353.661192039395,167,24,0.534968522273359,89.1974283450169,10.8025716549831
2010,4.08817335994268,0.810761575332741,71.427526995287,21.6454158637716,357.137634976435,168,24,0.534256208085403,89.213027155215,10.786972844785
2010,4.18082524105507,0.829279625124543,72.1381760735887,21.7104500396063,360.690880367943,169,24,0.531517635409258,89.2604129354239,10.7395870645761
2010,4.28798576374567,0.850964332450852,72.8678950475074,21.7767663647625,364.339475237537,170,24,0.515872181464399,89.3349943966245,10.6650056033755
2010,4.40898028894743,0.875614272332344,73.6221663741871,21.8448292775123,368.110831870936,171,24,0.492419720258713,89.431422105525,10.568577894475
2010,4.55163591338592,0.902979330567481,74.4053174843874,21.9149858606913,372.026587421937,172,24,0.538021306245907,89.5441960159183,10.4558039840817
2010,4.64997171463277,0.920519940877066,75.2078688898638,21.9863484419412,376.039344449319,173,17,0.573213834657372,89.6690597758253,10.3309402241747
2010,4.87004379333186,0.964491484707157,76.0230375926672,22.0582916645424,380.115187963336,174,24,0.622484381777735,89.8017510801605,10.1982489198395
2010,5.04015922780249,0.99801475369082,76.8723544345207,22.1326789990981,384.361772172604,175,24,0.635956822418443,89.9361822340719,10.0638177659281
2010,5.15880927166456,1.02008647401999,77.7529864918395,22.2092066359691,388.764932459197,176,17,0.641455360782827,90.0690334361165,9.93096656388349
2010,5.33574405703819,1.05583610877903,78.6562341786212,22.2870745726025,393.281170893106,177,17,0.613144777748774,90.1981236421699,9.80187635783011
2010,5.52312936323946,1.0924026405275,79.60051501192,22.3678164249489,398.0025750596,178,17,0.64133185798173,90.3198717160772,9.68012828392278
2010,5.71857075915396,1.12949001746442,80.5766178442184,22.4505805863888,402.883089221092,179,17,0.719014207730714,90.4335176846016,9.56648231539842
2010,5.9140672591031,1.16684409784958,81.5762531246892,22.5346189603976,407.881265623446,180,17,0.787727830307063,90.5387533763931,9.46124662360686
2010,6.10259610176389,1.20429592241237,82.6012239155845,22.6200452834194,413.006119577923,181,17,0.783099960502433,90.635004236762,9.36499576323797
2010,6.29407548961757,1.24177377648384,83.6648030865084,22.707911897481,418.324015432542,182,17,0.8062460328784,90.7213265777655,9.27867342223452
2010,6.48099466542273,1.27917709740004,84.7620235611246,22.7977456768677,423.810117805623,183,17,0.789935078168916,90.7984146306855,9.20158536931453
2010,6.66801205599608,1.31650236328811,85.8998621827084,22.8900530238094,429.499310913542,184,17,0.779863330739875,90.8663977334883,9.13360226651169
2010,6.86191886302849,1.35375315627264,87.0770877834885,22.9846630148945,435.385438917443,185,17,0.835257206453992,90.9261666094988,9.07383339050124
2010,7.04907773633105,1.39092076144328,88.2819818694797,23.080577953787,441.409909347398,186,17,0.833549351932487,90.9794001394848,9.02059986051516
2010,7.24756232319169,1.42813152783896,89.5246119751639,23.1785458750423,447.62305987582,187,17,0.934789204181849,91.0264606786466,8.97353932135342
2010,7.45011612641447,1.46540163361382,90.7866498266895,23.2770785631417,453.933249133447,188,17,1.08356546194413,91.0695186497281,8.9304813502719
2010,7.64932435639835,1.50280891738513,92.0593983776766,23.3754853336538,460.296991888383,189,17,1.1985067057491,91.1100831489677,8.88991685103233
2010,7.84993736483889,1.54053490900939,93.3489519457634,23.4742290493185,466.744759728817,190,17,1.31709563452532,91.1496812336028,8.85031876639721
2010,8.06417840458145,1.57872597645747,94.654857867365,23.5732607189591,473.274289336825,191,17,1.60311043772897,91.1888934113218,8.81110658867821
2010,8.25758253180037,1.61734995499758,95.9463521873561,23.6702673150481,479.73176093678,192,17,1.56400876252259,91.2297502803281,8.77024971967188
2010,8.45982671130914,1.65693582968883,97.2842875691104,23.7698071399171,486.421437845552,193,17,1.58376136596502,91.2698485305944,8.73015146940556
2010,8.67205395828594,1.69761193420168,98.6586547271002,23.8710688857298,493.293273635501,194,17,1.66726837915903,91.3105994438746,8.68940055612536
2010,8.88196633395724,1.73949024455496,100.058692809727,23.9732161459881,500.293464048633,195,17,1.62965900807682,91.3532884123401,8.6467115876599
2010,8.62807659683266,1.69070566309485,101.508155520305,24.0779252657713,507.540777601525,196,16,1.54113247610996,91.1926466887703,8.8073533112297
2010,8.8388460120878,1.73347311814511,102.92445719435,24.179236997698,514.622285971752,197,16,1.46166984661586,91.2441472506866,8.75585274931344
2010,9.0714045195317,1.77818379671011,104.39871284425,24.2836674373892,521.993564221252,198,16,1.53661176714105,91.2979536597275,8.70204634027248
2010,9.31276293542858,1.8250772414605,105.90438890204,24.3892679934117,529.521944510199,199,16,1.58201370038326,91.3560670415175,8.64393295848249
2010,9.56921383276014,1.87381453801973,107.449143741562,24.4965273936894,537.24571870781,200,16,1.70272451616424,91.4176322906352,8.58236770936479
2010,9.83143207235748,1.9246973327149,109.020922973905,24.6045657199843,545.104614869525,201,16,1.75501675039078,91.4836934635496,8.51630653645038
2010,10.1089464824706,1.97799634867977,110.63455266825,24.7143571854389,553.172763341251,202,16,1.84808140382843,91.5538538315339,8.44614616846614
2010,10.3975736343027,2.03379303118824,112.284924107664,24.8255000795955,561.424620538318,203,16,1.9188172378874,91.6283435261169,8.37165647388314
2010,10.6947122221115,2.09227681768766,113.978711343436,24.9383891345297,569.893556717178,204,16,1.91716884072517,91.7069497513046,8.2930502486954
2010,10.9843840168851,2.15374989670517,115.73207720088,25.05402404645,578.660386004401,205,16,1.63846020022198,91.7892003984151,8.2107996015849
2010,11.3190832854712,2.21899728651672,117.598920582842,25.175808444106,587.994602914212,206,16,1.68189391676547,91.8737897977031,8.12621020229687
2010,11.6691469018104,2.28752710635536,119.523789786114,25.2999753528042,597.618948930569,207,16,1.71011747885874,91.9621203599027,8.03787964009729
2010,12.0355193179454,2.35952690119013,121.512774605662,25.4268225867814,607.563873028309,208,16,1.72369391289864,92.0538968433097,7.94610315669029
2010,12.4277252576324,2.43518683253283,123.572037566105,25.556636142477,617.860187830524,209,16,1.81628011382249,92.1488161483044,7.85118385169563
2010,12.8306598673352,2.51445471116791,125.690910665147,25.6886430459494,628.454553325736,210,16,1.82473887364969,92.2468578000392,7.75314219996083
2010,13.2620267811495,2.59773522564042,127.888330550458,25.8239151994404,639.441652752288,211,16,1.9204422168872,92.3497006095168,7.65029939048316
2010,13.031629478496,2.55160774225716,130.152493146836,25.9616119768459,650.762465734179,212,15,1.95249999307197,92.2918654035271,7.70813459647292
2011,3.38957900541456,0.672161293033307,54.5,19.9420239553624,272.5,141,16,0.380230380739769,92.4965525520099,7.50344744799012
2011,3.39487537647977,0.672668365955795,55.1018431395691,20.0085019610024,275.509215697846,142,16,0.407542971187919,92.3800566830859,7.61994331691412
2011,3.39235745756125,0.673182914926282,55.6992812259809,20.0739947350023,278.496406129904,143,16,0.367100595521899,92.2563253371932,7.74367466280681
2011,3.3896996420466,0.673654462226088,56.304302307469,20.1398216916533,281.521511537345,144,16,0.331296644885675,92.1238034236698,7.87619657633019
2011,3.39400001816971,0.674037461617421,56.9159505893694,20.2058704575036,284.579752946847,145,16,0.352152583427173,91.9825557124142,8.01744428758582
2011,3.395889379554,0.674289706027352,57.5242855964982,20.271072551576,287.621427982491,146,16,0.3600495578732,91.8344988047149,8.16550119528505
2011,3.40120608262316,0.674392465543903,58.1314168123273,20.3356682098422,290.657084061637,147,16,0.403668330561731,91.678166093065,8.32183390693504
2011,3.40569250325345,0.674322100225396,58.7308852275143,20.3989888727851,293.654426137572,148,16,0.452915324737812,91.5151852960982,8.48481470390182
2011,3.40693564966907,0.674069989932623,59.3213990462056,20.4609247744309,296.606995231028,149,16,0.482662475900604,91.3461469700167,8.65385302998332
2011,3.40522984319987,0.673638302416057,59.9062094925515,20.5218404085758,299.531047462757,150,16,0.4916307583796,91.1711113360252,8.82888866397482
2011,3.61351419006265,0.714850274070978,60.488882445601,20.5821225833642,302.444412228005,151,17,0.506337119960713,91.2416759819511,8.75832401804892
2011,3.6095574246616,0.714048451718662,61.1102681972801,20.6459656057792,305.551340986401,152,17,0.511582811260447,91.0536067452831,8.94639325471686
2011,3.60253386376527,0.71313398154536,61.7298103214614,20.7091703404116,308.649051607307,153,17,0.490579280504585,90.8613230712103,9.13867692878973
2011,3.59934551597578,0.712172218486185,62.3521451504596,20.7722164238002,311.760725752298,154,17,0.512166514845122,90.666304172764,9.33369582723598
2011,3.59446885694201,0.711246237737076,62.9695213892133,20.8343283003478,314.847606946067,155,17,0.51416217952613,90.4707625213314,9.52923747866863
2011,3.58915873307057,0.710460771613374,63.5855195420975,20.8958799487598,317.927597710487,156,17,0.503892036459404,90.2754745791412,9.72452542085877
2011,3.5903504667054,0.709959920099473,64.2025059051417,20.9571151392221,321.012529525709,157,17,0.549086726732954,90.0825228814132,9.91747711858677
2011,3.58836554344757,0.709935440685837,64.8106876891038,21.0170763789967,324.053438445519,158,17,0.532132802574061,89.8962894978473,10.1037105021526
2011,3.59244708068534,0.710640685576007,65.4218591511269,21.0769386019756,327.109295755634,159,17,0.542042437434742,89.7191858133138,10.2808141866862
2011,3.60540032368671,0.712412584685903,66.0318606526213,21.1362988320672,330.159303263106,160,17,0.593699598552201,89.5568831986657,10.4431168013343
2011,3.62239648050972,0.715682792768039,66.634116831768,21.1945315768616,333.17058415884,161,17,0.603657673304801,89.4166374257369,10.5833625742631
2011,3.65073271474442,0.72098448127451,67.2377759367834,21.2525330130343,336.188879683917,162,17,0.62722466454685,89.304788845161,10.695211154839
2011,3.68861390119195,0.728881057078443,67.842383972417,21.3102629644737,339.211919862085,163,17,0.605195411282766,89.2290112192426,10.7709887807575
2011,3.74264097423679,0.739790370219839,68.4589689451328,21.3687683807663,342.294844725664,164,17,0.595285989917109,89.1929659348496,10.8070340651504
2011,3.80951364917636,0.753568985404835,69.0883357233702,21.4281090754108,345.441678616851,165,17,0.567009334793616,89.1940274414302,10.8059725585698
2011,3.88910021839703,0.769016708017042,69.7367265008524,21.4888507596637,348.683632504262,166,17,0.588019810785263,89.2160049799701,10.7839950200299
2011,3.96558010855943,0.783656822773862,70.3968261685681,21.550286332845,351.984130842841,167,17,0.620599208109353,89.2308545494521,10.7691454505479
2011,4.04084142725106,0.798563822276309,71.0656991846841,21.6121302543967,355.328495923421,168,17,0.623305180317326,89.248365081983,10.751634918017
2011,4.13263238873183,0.816775384085029,71.7490761018359,21.6748976346587,358.74538050918,169,17,0.623966614615209,89.2975350878015,10.7024649121985
2011,4.24065407779234,0.83813442656351,72.4506712463749,21.7389063467283,362.253356231874,170,17,0.628296671311232,89.3737894585822,10.6262105414178
2011,4.36762729148399,0.862430740564129,73.1729964477351,21.8043565601171,365.864982238676,171,17,0.679066428485482,89.4720701220033,10.5279298779967
2011,4.5012046214975,0.889381959247427,73.9105534008824,21.8707239195437,369.552767004412,172,17,0.65195656661283,89.5877458127495,10.4122541872505
2011,4.65221635259457,0.918739492756712,74.6802382012776,21.9394918562049,373.401191006388,173,17,0.68379445338934,89.7142343906609,10.2857656093391
2011,4.81196893018438,0.950148739516953,75.4737472425018,22.0098731671991,377.368736212509,174,17,0.697263171148804,89.8475223349367,10.1524776650633
2011,4.97721092270115,0.983287861943615,76.2965016238303,22.0823059288697,381.482508119151,175,17,0.676303036527114,89.9829222367397,10.0170777632603
2011,5.15137807851788,1.01784878782144,77.1564839315888,22.1574365455875,385.782419657944,176,17,0.674728531088251,90.1162400344765,9.88375996552352
2011,5.33148042170828,1.05350242903311,78.0516007737498,22.2350192640656,390.258003868749,177,17,0.677717873374901,90.2448267471117,9.75517325288824
2011,5.52099497720142,1.08995374045137,78.9821250229016,22.31501622548,394.910625114508,178,17,0.733011065205525,90.3665346939546,9.63346530604544
2011,5.70704773027819,1.1269063982717,79.9394768100042,22.3966368995359,399.697384050021,179,17,0.729235421998191,90.4805222130238,9.51947778697619
2011,5.89802799543118,1.16418400235069,80.9347760113388,22.4807737005665,404.673880056694,180,17,0.757501865290298,90.5850462550222,9.41495374497774
2011,6.08491363527014,1.20158904251358,81.9625978071906,22.5669062820429,409.812989035953,181,17,0.740850079258482,90.680099497781,9.31990050221903
2011,6.28529795019852,1.2390278492586,83.0311049339111,22.6556539140212,415.155524669556,182,17,0.852306910391725,90.7651081617983,9.2348918382017
2011,6.47340801132681,1.27631840758561,84.1173730268398,22.7450644986947,420.586865134199,183,17,0.850785855243801,90.8419791363224,9.15802086367759
2011,6.6647027298086,1.31351003350894,85.2415407583231,22.8367512383052,426.207703791615,184,17,0.886334871960311,90.9098848821663,9.09011511783367
2011,6.86582602689186,1.35057679690949,86.3968282798454,22.9301021953659,431.984141399227,185,17,1.03468995583959,90.9700509192248,9.02994908077519
2011,7.05770898810392,1.38746088790742,87.5626372316326,23.02342550716,437.813186158163,186,17,1.09634617020838,91.0246691371232,8.97533086287681
2011,7.24685742608423,1.42430464666044,88.7544568103523,23.1179400431891,443.772284051762,187,17,1.12874158510184,91.073671866133,8.92632813386696
2011,7.43726043773233,1.46123540004178,89.9775890734062,23.2140224578276,449.887945367031,188,17,1.17085194144135,91.1177508393114,8.88224916068856
2011,7.62814204249293,1.49837075987322,91.2303382690999,23.311492346662,456.1516913455,189,17,1.20639508357862,91.1580607256027,8.84193927439731
2011,7.82376045940769,1.53587500205769,92.5141095857102,23.4104128836072,462.570547928551,190,17,1.27694905287675,91.1964805766494,8.80351942335062
2011,8.01147267713158,1.57387015606599,93.8228438110609,23.5102769862822,469.114219055304,191,17,1.22233644456574,91.2339732501351,8.76602674986494
2011,8.19535179575052,1.61266190234496,95.1799884466755,23.6128148910927,475.899942233377,192,17,1.09104561852281,91.2697906940795,8.73020930592048
2011,8.41005299060445,1.6525397802136,96.6001064485189,23.7190254180021,483.000532242595,193,17,1.23096184682247,91.3042240814113,8.69577591858873
2011,8.62141017667524,1.69339648850507,98.0351133500022,23.8252497472654,490.175566750011,194,17,1.28408980273497,91.3406472655361,8.65935273446389
2011,8.84031951371924,1.73552289299001,99.5016921816991,23.9326972539685,497.508460908495,195,17,1.35025144141622,91.3789614834486,8.62103851655135
2011,8.5967030718049,1.68703696408994,100.998739408548,24.0412445433823,504.993697042742,196,16,1.37266169483431,91.2153939974523,8.78460600254773
2011,8.81421064014484,1.72980878349465,102.442492299313,24.1448704837797,512.212461496563,197,16,1.38335075461505,91.2646113223168,8.73538867768324
2011,9.03919390234598,1.77440102065343,103.927516839443,24.2504021647833,519.637584197214,198,16,1.3737249712361,91.3169184642688,8.68308153573117
2011,9.27745970713559,1.82130384716775,105.459361787864,24.3581655603544,527.296808939322,199,16,1.38272308037335,91.3729904866228,8.62700951337723
2011,9.52557830326552,1.87012597127244,107.036948163546,24.4680124567492,535.18474081773,200,16,1.39327566503534,91.4324014700608,8.56759852993921
2011,9.7860662933057,1.92130903528965,108.661923882365,24.5799855844879,543.309619411826,201,16,1.40826138990414,91.4957780830105,8.50422191698951
2011,10.0639680115169,1.97502543347752,110.335863087329,24.6941189007791,551.679315436643,202,16,1.47305036983531,91.5632720138434,8.43672798615658
2011,10.3587955420946,2.03135674687459,112.052273250873,24.8099016416688,560.261366254365,203,16,1.5794674567803,91.6351959962551,8.36480400374492
2011,10.6612980159343,2.09037700397699,113.806198414566,24.9269450365285,569.030992072832,204,16,1.61735339872473,91.7116833400796,8.28831665992038
2011,10.9793575489748,2.15237090361797,115.612863302754,25.0462006983938,578.064316513768,205,16,1.6599408155111,91.7922393207255,8.20776067927446
2011,11.311971517553,2.21748643785637,117.474419217763,25.1677286450873,587.372096088816,206,16,1.68714414605239,91.8767293810552,8.12327061894479
2011,11.6601686874547,2.28591300928145,119.396831705976,25.2918288169164,596.984158529879,207,16,1.70034693075625,91.9648898400021,8.03511015999791
2011,12.0345647104164,2.35784057225769,121.38599222235,25.4187804195483,606.929961111748,208,16,1.80739002390317,92.0564458917469,7.94355410825309
2011,12.4187767173694,2.43319016192083,123.42834358876,25.5476269850134,617.141717943802,209,16,1.82835508358994,92.1514732619568,7.84852673804321
2011,12.827629211944,2.51231127150939,125.543034661398,25.6794808579847,627.715173306989,210,16,1.91039174998017,92.2493677930857,7.75063220691429
2011,13.2430741106268,2.59523515923581,127.722743020343,25.8137783985642,638.613715101715,211,16,1.8514542456585,92.3522759543613,7.64772404563872
2011,13.0105293388939,2.54926853989741,129.996943116182,25.9522057318374,649.984715580912,212,15,1.84904077833663,92.2940895581235,7.70591044187653
2012,3.38866576205229,0.672161293033307,54.5,19.9420239553624,272.5,141,16,0.372616982458907,92.4965525520099,7.50344744799012
2012,3.39477289695265,0.672668323929843,55.1031831705528,20.0086494113049,275.515915852764,142,16,0.406629467992173,92.379892392199,7.62010760780102
2012,3.40019932065353,0.673182815914588,55.7007834575584,20.0741587951432,278.503917287792,143,16,0.436629290131278,92.2561399666127,7.74386003338728
2012,3.40253315480258,0.673655563745229,56.2934671678455,20.1386471626677,281.467335839228,144,16,0.439809665874433,92.1251502869972,7.87484971300276
2012,3.40998104958443,0.674041586953146,56.8859795853607,20.2026455992164,284.429897926803,145,16,0.500768614259091,91.986311507972,8.01368849202796
2012,3.41033990715119,0.674299441113985,57.4677877012922,20.2650373396503,287.338938506461,146,16,0.49443233177421,91.8416402171115,8.15835978288854
2012,3.41356020746061,0.674408978624592,58.0509326836577,20.3271322276527,290.254663418288,147,16,0.528666476665828,91.6884333665899,8.31156663341011
2012,3.41078359167062,0.67434626976937,58.6278726182084,20.3881400108967,293.139363091042,148,16,0.504720297864193,91.5284521843038,8.47154781569617
2012,3.40726549435951,0.674099135643365,59.2090440955035,20.4491736612777,296.045220477517,149,16,0.483881191453714,91.3607571957704,8.63924280422961
2012,3.40556703644337,0.673669600793332,59.7936772668491,20.5101510160953,298.968386334246,150,16,0.4928403923691,91.1858850226545,8.8141149773455
2012,3.60991289342399,0.714882877167098,60.3761762567924,20.5704938978878,301.880881283962,151,17,0.467444127999678,91.2561981357101,8.74380186428989
2012,3.60716706872071,0.714079318994726,61.0046208994093,20.635143113473,305.023104497047,152,17,0.484459474758848,91.0673397560108,8.93266024398925
2012,3.60229122649949,0.713162519597401,61.629110164231,20.6989272498044,308.145550821155,153,17,0.485996247057027,90.874517356509,9.12548264349102
2012,3.59799996411843,0.712198255972218,62.2523136183874,20.7621325429618,311.261568091937,154,17,0.4959550980237,90.6794720414944,9.32052795850561
2012,3.59142303607792,0.71126772536075,62.8726635991296,20.824611961285,314.363317995648,155,17,0.480716982679723,90.4836023520025,9.51639764799751
2012,3.58528118404135,0.710475622009847,63.4947422071225,20.8868354997132,317.473711035613,156,17,0.463308336364762,90.2875436404948,9.71245635950523
2012,3.58218295326297,0.709966798932672,64.1190703710492,20.9488583078771,320.595351855246,157,17,0.461840918505255,90.0936185955446,9.90638140445537
2012,3.5833276290163,0.709933670765147,64.7430683645005,21.0104291516927,323.715341822502,158,17,0.478472208107703,89.9052536036377,10.0947463963623
2012,3.58638702644137,0.710630973207861,65.3639648304466,21.0712847992785,326.819824152233,159,17,0.477569049842018,89.7268035063315,10.2731964936685
2012,3.59399315458332,0.712396450459795,65.9856494185604,21.1318153547471,329.928247092802,160,17,0.468315049307008,89.5628853404881,10.4371146595119
2012,3.61097770299552,0.715669252048683,66.6107014249484,21.1922743867722,333.053507124742,161,17,0.47657441406021,89.4196190589037,10.5803809410963
2012,3.64010361717867,0.720984237635618,67.237493612657,21.2525059714552,336.187468063285,162,17,0.503637851153655,89.3048237967369,10.6951762032631
2012,3.68049780762148,0.728907993498389,67.8646931938081,21.3123862501011,339.323465969041,163,17,0.511461988642791,89.22635140174,10.77364859826
2012,3.73750469165597,0.739853603045037,68.4984014378629,21.372497465695,342.492007189315,164,17,0.533639534645621,89.1884796534567,10.8115203465433
2012,3.80781322591401,0.753671345551365,69.1390698908568,21.4328761792204,345.695349454284,165,17,0.543027162968118,89.1885488293645,10.8114511706355
2012,3.88622582142556,0.769147897823296,69.7919165334169,21.4940027922891,348.959582667084,166,17,0.549453345959245,89.2103263539367,10.7896736460633
2012,3.9560226890632,0.783817807033107,70.4591540623731,21.5560664218444,352.295770311866,167,17,0.509997573797296,89.2246376888335,10.7753623111665
2012,4.032637796464,0.798785990113483,71.1482352676427,21.6197333729816,355.741176338214,168,17,0.524335839710613,89.2402971106613,10.7597028893386
2012,4.12760227151815,0.817059069572156,71.849764418708,21.6841104764091,359.24882209354,169,17,0.555255807239459,89.2879204025976,10.7120795974024
2012,4.23721162912544,0.838469515744211,72.5640945389103,21.7492136914043,362.820472694552,170,17,0.57424464947413,89.3632333859471,10.6367666140529
2012,4.363035289829,0.862813351245296,73.2965402801686,21.8155057729426,366.482701400843,171,17,0.607542475400177,89.4608794274858,10.5391205725142
2012,4.50068394628169,0.889825712228433,74.0474820501679,21.882994268276,370.23741025084,172,17,0.623402505509553,89.5756811702421,10.4243188297579
2012,4.65007056139942,0.919221459292381,74.8227716941497,21.9521723223527,374.113858470748,173,17,0.635826985931993,89.7020183541464,10.2979816458536
2012,4.81512737342509,0.950682114960432,75.6254430611081,22.0232692352554,378.127215305541,174,17,0.703417297646357,89.8348687728876,10.1651312271124
2012,4.98742173012023,0.983838282067595,76.4475960515202,22.0955485764048,382.237980257601,175,17,0.757931225802982,89.9706452798595,10.0293547201405
2012,5.16395182125696,1.01836329278254,77.2932925138744,22.1693346649054,386.466462569372,176,17,0.7817163392338,90.105400885072,9.89459911492803
2012,5.35312948857552,1.05395876846688,78.1695242766852,22.245193776434,390.847621383426,177,17,0.8916959334152,90.2357073557656,9.76429264423441
2012,5.53694105884134,1.0902692883803,79.0615806603876,22.3218165083247,395.307903301938,178,17,0.892375244907776,90.3605312980342,9.63946870196583
2012,5.72343319256394,1.12711288889715,79.9902473530757,22.4009463637573,399.951236765379,179,17,0.893476410439844,90.4767713751095,9.52322862489054
2012,5.91414327124017,1.16427217394295,80.95597444992,22.4825578300977,404.7798722496,180,17,0.925731567446033,90.5835141405606,9.41648585943942
2012,6.10544644553356,1.20154982576667,81.9533729173996,22.5661365836291,409.766864586998,181,17,0.957727128579901,90.6807519395143,9.31924806048569
2012,6.29528812685512,1.23881710801051,82.9826114013305,22.651643455042,414.913057006653,182,17,0.972984986066237,90.7684643463701,9.23153565362986
2012,6.48611850408111,1.27600432980475,84.0467430619414,22.7392754974615,420.233715309707,183,17,1.00460535023597,90.846761183253,9.15323881674701
2012,6.67168811669147,1.31305953682122,85.1426907736314,22.8287229810043,425.713453868157,184,17,0.983639024786229,90.916428205628,9.08357179437198
2012,6.86106100931082,1.35002957131609,86.2799172001887,22.9206951155478,431.399586000944,185,17,1.0111881261657,90.977610176832,9.02238982316797
2012,7.04500289714806,1.38691543088525,87.449476871744,23.0144050785342,437.24738435872,186,17,0.984444051384118,91.0318081969798,8.96819180302021
2012,7.24261436997552,1.42384008640947,88.6611391271858,23.1105717285534,443.305695635929,187,17,1.10582495656587,91.0794078946905,8.9205921053095
2012,7.43585523953345,1.46077339442104,89.8880091651531,23.2070165655329,449.440045825765,188,17,1.18123233059298,91.1231070822379,8.87689291776215
2012,7.62731794383261,1.49787802203057,91.1384043852422,23.3043712803161,455.692021926211,189,17,1.22574610038645,91.1633980702616,8.83660192973839
2012,7.81780057742855,1.53533888685233,92.4181441285464,23.4030515050525,462.090720642732,190,17,1.23653487129779,91.2018786475097,8.79812135249032
2012,8.01595942388114,1.57335005329223,93.7337730687469,23.5035112663202,468.668865343734,191,17,1.30667580575268,91.2388165153665,8.76118348463351
2012,8.21545677117634,1.61201923096513,95.0749510136841,23.6049153954131,475.37475506842,192,17,1.35263776090302,91.2752981700011,8.72470182999893
2012,8.42022933194768,1.65155463963213,96.4467764263349,23.7076104981029,482.233882131674,193,17,1.40974178189669,91.311955632997,8.68804436700301
2012,8.63027642768089,1.69213229637408,97.8480701984188,23.8114658302998,489.240350992094,194,17,1.46682781539271,91.3496936494184,8.65030635058156
2012,8.84114751069475,1.73394365347539,99.2798846131837,23.9165178964327,496.399423065919,195,17,1.45444156748974,91.3892225914633,8.61077740853668
2012,8.59419867241852,1.68529172935963,100.756272062357,24.0237402740333,503.781360311787,196,16,1.44949567643683,91.2262618956678,8.77373810433215
2012,8.81707930770438,1.7278460498543,102.18417212815,24.1264045559072,510.920860640749,197,16,1.54236920807231,91.2756219789841,8.72437802101591
2012,9.03540806814217,1.77207833562183,103.637983644676,24.2299096662811,518.189918223379,198,16,1.46642873764397,91.3286198922964,8.67138010770358
2012,9.28522531805514,1.81868747072205,105.150550994076,24.3365293270814,525.752754970378,199,16,1.63935014022276,91.3847838954799,8.61521610452009
2012,9.53594868557667,1.8669200394118,106.678388314213,24.4431456314071,533.391941571065,200,16,1.71910004548199,91.4453067147544,8.55469328524558
2012,9.79442623987697,1.91733313521494,108.240302156067,24.5510453925307,541.201510780333,201,16,1.75294531963,91.5100375213134,8.4899624786866
2012,10.0636930299084,1.97016736802088,109.847013045227,24.6609133823587,549.235065226136,202,16,1.7658726583113,91.5787616267505,8.42123837324952
2012,10.3404471206579,2.02562918268797,111.504849158072,24.7731094937558,557.52424579036,203,16,1.70377813290713,91.651399884703,8.34860011529701
2012,10.6478417001872,2.08404004306232,113.230297111841,24.8886533368746,566.151485559203,204,16,1.84290314797702,91.7275626020286,8.27243739797143
2012,10.9618384591619,2.14516273896555,114.98922253895,25.0051827087627,574.946112694748,205,16,1.88871258963535,91.8082152881558,8.19178471184423
2012,11.2954858833246,2.20932827614342,116.80159217757,25.1239604153072,584.007960887849,206,16,1.98896812349532,91.8927010669515,8.10729893304848
2012,11.6424365092857,2.27655864076989,118.66042619033,25.2444563241216,593.302130951649,207,16,2.05806379702343,91.981048994661,8.01895100533897
2012,12.0048275172598,2.34705776387433,120.574595199918,25.3671720759746,602.872975999589,208,16,2.11018843939767,92.0728656722456,7.92713432775436
2012,12.3861363275536,2.42100417502488,122.550556096781,25.4924331659572,612.752780483906,209,16,2.17976991445308,92.1678205935216,7.83217940647836
2012,12.7796365106048,2.49848929623645,124.588572087969,25.6201620183782,622.942860439846,210,16,2.17167132183649,92.2656936237842,7.73430637621584
2012,13.188621928063,2.57990728090445,126.706585363994,25.7513706727188,633.532926819969,211,16,2.10946023752881,92.3682108452264,7.63178915477357
2012,12.9444149849231,2.53306459642047,128.918476843833,25.8867732441946,644.592384219163,212,15,2.0243153862963,92.3096429046543,7.69035709534567
2013,3.39581737113403,0.672161293033307,54.5,19.9420239553624,272.5,141,16,0.43656758084259,92.4965525520099,7.50344744799012
2013,3.40172318348756,0.672668679078527,55.0918233726924,20.0073993567881,275.459116863462,142,16,0.474146538951594,92.3812851425734,7.61871485742662
2013,3.40608547972394,0.673184358105541,55.6773103378922,20.0715949209322,278.386551689461,143,16,0.49707703007374,92.2590365324725,7.74096346752752
2013,3.40947743248024,0.673659045002792,56.2590818084576,20.1349187464359,281.295409042288,144,16,0.512308368480238,92.1294247346631,7.87057526533689
2013,3.41904844177912,0.674048091314035,56.8384834589993,20.1975326243203,284.192417294997,145,16,0.610949469469236,91.992263851263,8.00773614873702
2013,3.41629973633798,0.674311035623358,57.4000690539827,20.257798054429,287.000345269913,146,16,0.562704544078073,91.8502008478189,8.14979915218106
2013,3.41579707900557,0.674425318951831,57.9707518169894,20.318620203053,289.853759084947,147,16,0.553802664694918,91.6986633166429,8.30133668335708
2013,3.41473372529551,0.674366023528608,58.5431122084235,20.3792034275852,292.715561042118,148,16,0.54886269490912,91.5393700656471,8.46062993435293
2013,3.41439016055745,0.674123052351541,59.1162455885576,20.439456215822,295.581227942788,149,16,0.564114579793797,91.3728263793111,8.6271736206889
2013,3.41262656282351,0.673699287737972,59.686257424215,20.4989783646297,298.431287121075,150,16,0.573313545223366,91.1999900473182,8.80000995268179
2013,3.62047574451261,0.714917953441089,60.2540741854786,20.5578786868017,301.270370927393,151,17,0.579357229301496,91.2719338699004,8.72806613009963
2013,3.6095171105788,0.714120619687716,60.862249370166,20.6205379140211,304.31124685083,152,17,0.505626666081671,91.0858502297598,8.9141497702402
2013,3.61223255407604,0.713203634610816,61.4829759315101,20.684041895857,307.414879657551,153,17,0.594348924479246,90.8936686073005,9.10633139269946
2013,3.60664548839236,0.712241140687358,62.0864979000629,20.7453587312393,310.432489500314,154,17,0.590232955784712,90.7013483536268,9.2986516463732
2013,3.60324296591331,0.711307889352077,62.6897223491909,20.8062316173846,313.448611745954,155,17,0.611594134130251,90.5078599960473,9.49214000395272
2013,3.60079280654826,0.710508934949928,63.2879905961034,20.8662024566988,316.439952980517,156,17,0.637307609021027,90.315039854021,9.68496014597896
2013,3.59928068246905,0.709985810961351,63.8806225146611,20.9252200061285,319.403112573306,157,17,0.657676376648904,90.1253396617397,9.87466033826032
2013,3.5972486268561,0.70992568322356,64.4688745161335,20.9834251926904,322.344372580667,158,17,0.639025521295056,89.9416173720647,10.0583826279352
2013,3.60075057881969,0.710579072776648,65.0604463916243,21.0415867568948,325.302231958121,159,17,0.646367799968241,89.7667591488427,10.2332408511573
2013,3.60886363404988,0.712278509023053,65.651246111746,21.0993056930174,328.25623055873,160,17,0.644375574560887,89.6063436110974,10.3936563889026
2013,3.62386376600918,0.715455836125709,66.2440626142892,21.1568589264331,331.220313071446,161,17,0.634418269764102,89.4663359758587,10.5336640241413
2013,3.64971935594063,0.720641226894094,66.8418661191036,21.2145339487014,334.209330595518,162,17,0.633661669386625,89.3538395188465,10.6461604811535
2013,3.68943516356763,0.728399480984067,67.4449873323209,21.2723588352111,337.224936661605,163,17,0.643812691072821,89.2764350302071,10.7235649697929
2013,3.74671137140414,0.739139068472391,68.0540165128926,21.3303855912519,340.270082564463,164,17,0.687183799581834,89.2390903966457,10.7609096033543
2013,3.81317714069251,0.752714358859685,68.6658214442895,21.3883135399923,343.329107221448,165,17,0.660719395805362,89.2397162051151,10.7602837948849
2013,3.88603579956423,0.767967143670666,69.2962068758078,21.4476256939461,346.481034379039,166,17,0.611024205393886,89.2614021898777,10.7385978101223
2013,3.96111688112457,0.782502914305464,69.9510971123126,21.5088465356859,349.755485561563,167,17,0.633801008571482,89.2753864509451,10.7246135490549
2013,4.04368915851827,0.797351513872764,70.6164417154347,21.5706369476516,353.082208577174,168,17,0.733344033278017,89.2923542568247,10.7076457431753
2013,4.13565555851074,0.81544555590349,71.2783852599524,21.6317101442019,356.391926299762,169,17,0.741597071007944,89.3425604036886,10.6574395963114
2013,4.24406382418576,0.836671710525259,71.9570642746067,21.6939183661774,359.785321373033,170,17,0.757358508947589,89.4198120034133,10.5801879965867
2013,4.36204477416602,0.860818909837084,72.6542649173741,21.7573999179263,363.27132458687,171,17,0.705979883691174,89.5191447227397,10.4808552772603
2013,4.50258528843919,0.887673848517217,73.3853291402606,21.8235104368845,366.926645701303,172,17,0.766886486613811,89.6341085727785,10.3658914272215
2013,4.6529138895815,0.916879786774588,74.1323109687844,21.8905879630859,370.661554843922,173,17,0.801044009204333,89.7612829063699,10.2387170936301
2013,4.81511637486262,0.948132275420859,74.9025171562904,21.9592595195287,374.512585781452,174,17,0.854715319450039,89.8952609650495,10.1047390349505
2013,4.98267954400909,0.981085422983107,75.6944188866335,22.0293542107679,378.472094433168,175,17,0.86467854019482,90.031937050879,9.96806294912105
2013,5.1526620657013,1.01543670450199,76.5178290302071,22.1016979249754,382.589145151035,176,17,0.816770423857381,90.166936904228,9.83306309577195
2013,5.3332658829608,1.05091105495756,77.3848046109519,22.1772851992194,386.924023054759,177,17,0.83116214093281,90.2964906646702,9.70350933532982
2013,5.52565088284601,1.08717379467834,78.2850084987218,22.2551474633457,391.425042493609,178,17,0.94060753284706,90.4193051424599,9.58069485754012
2013,5.71378181041986,1.12389392899409,79.2017848023284,22.3338043981448,396.008924011642,179,17,0.968483591418877,90.5351253387078,9.46487466129217
2013,5.90950564859846,1.16090939791547,80.1505953557237,22.4145443874476,400.752976778618,180,17,1.07709219904669,90.641834068346,9.35816593165398
2013,6.10739097084149,1.19797947291183,81.1168106094647,22.4960837285855,405.584053047324,181,17,1.21902855646499,90.7400430590622,9.25995694093784
2013,6.29154266729174,1.23494064349605,82.0941958384547,22.5778798767899,410.470979192274,182,17,1.16900044436634,90.830097414324,9.16990258567601
2013,6.47911604990573,1.27185985196325,83.1183957613904,22.6628688322117,415.591978806952,183,17,1.17368697786022,90.9097809301324,9.09021906986763
2013,6.66839503809184,1.30865175684025,84.1791493868952,22.7501250604636,420.895746934476,184,17,1.21108277128845,90.9803949280943,9.01960507190573
2013,6.85294046997279,1.34528702215872,85.2702535770316,22.8390819789331,426.351267885158,185,17,1.19524880692908,91.0431036571551,8.95689634284492
2013,7.03545896090265,1.38184778956105,86.4014050846165,22.9304702807911,432.007025423083,186,17,1.16062043995407,91.0981593369919,8.90184066300806
2013,7.23479687122747,1.41842354596982,87.5759543944958,23.0244865327576,437.879771972479,187,17,1.34665861924309,91.1463597489789,8.8536402510211
2013,7.42554838437276,1.45490744642413,88.753128650085,23.1178352102477,443.765643250425,188,17,1.42790749463069,91.1912409208933,8.80875907910668
2013,7.61684203573898,1.49150902426532,89.9521659665596,23.212034654112,449.760829832798,189,17,1.50974311187003,91.2325749835656,8.76742501643444
2013,7.8080665133033,1.52837408974651,91.1730541409982,23.307055788156,455.865270704991,190,17,1.57112576549322,91.2722618956105,8.72773810438949
2013,7.99795090991176,1.56567138684809,92.4198663669495,23.4031836625341,462.099331834747,191,17,1.57874748042575,91.3106508374966,8.68934916250342
2013,8.18623683907567,1.60362209625297,93.7030827828105,23.5011790265154,468.515413914053,192,17,1.51606761136832,91.3476652411723,8.65233475882769
2013,8.39613986143107,1.64249359109147,95.0364391659933,23.6020175309563,475.182195829966,193,17,1.70173066081268,91.3835500220374,8.61644997796263
2013,8.59595459481191,1.68217783399969,96.3745843863309,23.7022316564575,481.872921931654,194,17,1.67558103274734,91.4214946378422,8.57850536215776
2013,8.8004210411123,1.72311631885137,97.757858913899,23.8048112544918,488.789294569495,195,17,1.62739924960925,91.4602158975347,8.53978410246527
2013,8.56574351941752,1.67404404050463,99.1915927236484,23.9100705916898,495.957963618242,196,16,1.85041724111541,91.2970326194107,8.70296738058926
2013,8.773291862786,1.71532606932784,100.533709236725,24.0076470958785,502.668546183625,197,16,1.81196490910484,91.3466772952641,8.65332270473592
2013,8.992706022586,1.75836229341473,101.924947575613,24.1078412428757,509.624737878066,198,16,1.82157990901124,91.3986105416781,8.60138945832187
2013,9.21665771328265,1.80353356067844,103.358059082586,24.2100592727429,516.790295412931,199,16,1.73811963832237,91.4540562671387,8.54594373286135
2013,9.45655700101939,1.85063357732189,104.852557571107,24.3156089642317,524.262787855537,200,16,1.74742151646784,91.5118666718443,8.48813332815571
2013,9.70995082050142,1.89995760743948,106.393069066667,24.42331653211,531.965345333336,201,16,1.78727963275065,91.573373363893,8.42662663610699
2013,9.98696840551598,1.95162470129693,107.976170105301,24.5328752711761,539.880850526506,202,16,1.99715651471424,91.6389164825574,8.36108351744255
2013,10.2554723298609,2.00546839767764,109.572569702592,24.6422264437422,547.862848512959,203,16,1.91862261885355,91.7095078007014,8.29049219929863
2013,10.5426045145696,2.06218250654534,111.238236759121,24.7551449835277,556.191183795607,204,16,1.90246959677375,91.783418230818,8.21658176918201
2013,10.8489420639499,2.12182637182047,112.96440404399,24.8709282835695,564.822020219952,205,16,1.94599610858216,91.8610090938614,8.13899090613865
2013,11.194487743309,2.18443817176447,114.742958972268,24.9889428025838,573.714794861341,206,16,2.34391608230025,91.9424825461851,8.05751745381493
2013,11.5313977454723,2.24933218849709,116.510845665694,25.1049926131245,582.554228328469,207,16,2.44302709782302,92.0291632042745,7.97083679572553
2013,11.8868953480571,2.31726447963581,118.326085636082,25.2228807609348,591.63042818041,208,16,2.59220007369218,92.1193457792676,7.8806542207324
2013,12.2546924699653,2.38822436925588,120.182362875731,25.3421375921492,600.911814378653,209,16,2.68864076812806,92.2129387331327,7.7870612668673
2013,12.6269222933855,2.46245165507291,122.092661421618,25.4635320929669,610.463307108091,210,16,2.58518199267886,92.309434688689,7.69056531131098
2013,13.0178943960852,2.54067052178393,124.097821391852,25.5895390199038,620.489106959262,211,16,2.46950741377926,92.4101775365648,7.58982246343519
2013,12.7693822166733,2.49239278854699,126.203998871251,25.7203751270958,631.019994356256,212,15,2.41952703882479,92.3498463984621,7.65015360153791
2014,3.38469881247969,0.672161293033307,54.5,19.9420239553624,272.5,141,16,0.341276149205686,92.4965525520099,7.50344744799012
2014,3.38942541709015,0.672668151864466,55.1086579472889,20.0092518023732,275.543289736445,142,16,0.361280578848585,92.3792211762071,7.6207788237929
2014,3.39392247379895,0.673181925855527,55.7142584992317,20.0756302793963,278.571292496159,143,16,0.380150984974991,92.254477212124,7.74552278787598
2014,3.39659743296005,0.673653170378174,56.3169824572178,20.1411960196746,281.584912286089,144,16,0.385973577893526,92.1222272490136,7.87777275098636
2014,3.3966941031778,0.67403703064685,56.9190748670477,20.2062065593894,284.595374335238,145,16,0.373776491301854,91.9821642069432,8.01783579305679
2014,3.40034348656792,0.674289820368136,57.5236238982569,20.2710018916342,287.618119491285,146,16,0.397246476448447,91.8345824403404,8.16541755965963
2014,3.39968586476169,0.674393949406277,58.1242065543073,20.3349038406427,290.621032771537,147,16,0.390243838813057,91.6790858420037,8.32091415799628
2014,3.39784338043541,0.674323237285583,58.7260558533546,20.3984805595079,293.630279266773,148,16,0.380783052727493,91.5158072163401,8.48419278365991
2014,3.39917004585292,0.674067899715131,59.3294263223886,20.461763746805,296.647131611943,149,16,0.406731948237077,91.3451032342653,8.65489676573474
2014,3.39523074502502,0.673632254888026,59.9278697176594,20.5240886284209,299.639348588297,150,16,0.394538769962594,91.1682680029215,8.83173199707848
2014,3.60093735079041,0.714838919185891,60.5279611471311,20.5861510802597,302.639805735655,151,17,0.390331963519973,91.2366413095307,8.76335869046934
2014,3.59748494769551,0.714030907744745,61.1700323696921,20.6520820641632,305.85016184846,152,17,0.398793496618893,91.0458390846807,8.95416091531935
2014,3.59327023723085,0.713111217280933,61.8097175512867,20.7172901170184,309.048587756433,153,17,0.405710585632722,90.8508547668339,9.14914523316608
2014,3.62681088219527,0.720715980400497,62.4471729575849,20.7818046371052,312.235864787925,154,24,0.41259681944,90.6537720505061,9.34622794949386
2014,3.58673175939934,0.711219306081429,63.0899556628138,20.8463952090113,315.449778314069,155,17,0.43920909146968,90.4548005075609,9.54519949243907
2014,3.585358857192,0.710438623169424,63.7193962865053,20.9092021274507,318.596981432527,156,17,0.467208049837102,90.2576793069801,9.74232069301992
2014,3.5899261012164,0.70994807762345,64.3429586226478,20.9709975509105,321.714793113239,157,17,0.545865650570347,90.0638491996032,9.93615080039683
2014,3.5888355701006,0.709938879199841,64.9516988139141,21.030922754419,324.75849406957,158,17,0.538148766189688,89.8776006405887,10.1223993594114
2014,3.59330356658764,0.710663909552145,65.5617601049161,21.0905865704897,327.808800524581,159,17,0.551447948487046,89.7007825097367,10.2992174902633
2014,3.60043209990778,0.712460596422285,66.1700507789114,21.1496931932812,330.850253894557,160,17,0.53334587403406,89.5389392497591,10.4610607502409
2014,3.61355500977667,0.715768860952199,66.783383000614,21.2089075050204,333.91691500307,161,17,0.498628781792411,89.3976358895938,10.6023641104062
2014,3.6422079551133,0.721129607054671,67.4062783941939,21.2686584224298,337.03139197097,162,17,0.519137756890609,89.2839350756212,10.7160649243788
2014,3.67663886619601,0.729108221998396,68.0307974468942,21.3281799879972,340.153987234471,163,17,0.463965602255438,89.2065558798769,10.7934441201231
2014,3.73395403125881,0.740133555187735,68.6732317219383,21.3890129633481,343.366158609692,164,17,0.483917439575062,89.1685998960169,10.8314001039831
2014,3.81052525842009,0.754042238737811,69.3231328542626,21.4501507354131,346.615664271313,165,17,0.553273242606903,89.1686860091059,10.8313139908941
2014,3.89020353692073,0.769581358613258,69.974470914242,21.5110241825069,349.87235457121,166,17,0.569986002697877,89.1915569900318,10.8084430099682
2014,3.97226314487141,0.784280256513863,70.6383956124526,21.5726688731306,353.191978062263,167,17,0.665423175035456,89.2067732030096,10.7932267969904
2014,4.04979833204655,0.799193084872342,71.299637892339,21.6336644236832,356.498189461695,168,17,0.695911536746539,89.2255082693847,10.7744917306153
2014,4.1374761637127,0.817398260857264,71.9702823317466,21.6951258753847,359.851411658733,169,17,0.645099462075792,89.2764200096522,10.7235799903478
2014,4.24278924219869,0.838777972706779,72.6686170974608,21.7587022445592,363.343085487304,170,17,0.617418414401881,89.3535120041308,10.6464879958692
2014,4.3670461759693,0.863113421539719,73.393542332016,21.8242505471862,366.96771166008,171,17,0.634920674927478,89.4520984955055,10.5479015044945
2014,4.50677373265591,0.890124560424826,74.139809394681,21.8912589139922,370.699046973405,172,17,0.673689961122196,89.5675514962492,10.4324485037508
2014,4.65431967147195,0.919503419042292,74.9062582589468,21.9595918723771,374.531291294734,173,17,0.666160723205547,89.6948673670037,10.3051326329963
2014,4.81332380465795,0.95095696808497,75.7037115145798,22.0301737012943,378.518557572899,174,17,0.669654570781009,89.8283439883962,10.1716560116038
2014,4.9886843272059,0.984146286959795,76.5322551647151,22.102960538698,382.661275823576,175,17,0.755191337761813,89.9637705212676,10.0362294787324
2014,5.16534139192915,1.01868429081258,77.3787507865385,22.1767594478509,386.893753932692,176,17,0.779699770094036,90.0986338572782,9.90136614272184
2014,5.35035819135365,1.05429173775022,78.255662351565,22.2526190634351,391.278311757825,177,17,0.837992390985726,90.2290493261577,9.77095067384236
2014,5.53737622450658,1.09065146804784,79.1579036648114,22.3300540157896,395.789518324057,178,17,0.875087997185551,90.3532565381851,9.64674346181492
2014,5.72498874022231,1.12751874382072,80.0901130424431,22.4094175227475,400.450565212215,179,17,0.888436401076136,90.4693961496578,9.5306038503422
2014,5.90710344160024,1.16469277693733,81.0571572759852,22.4910692225076,405.285786379926,180,17,0.82411609600364,90.5762033401345,9.42379665986551
2014,6.09409836473728,1.20206011559726,82.0734687489338,22.5761523161384,410.367343744669,181,17,0.806823330431147,90.6722603452322,9.32773965476779
2014,6.28982096363857,1.23946002589527,83.1306156983013,22.663878434921,415.653078491507,182,17,0.877359962888426,90.7582237215948,9.24177627840521
2014,6.47766787130823,1.27674236879909,84.2127754183661,22.7528785313197,421.063877091831,183,17,0.872780156358934,90.8355226753032,9.16447732469683
2014,6.66889925710633,1.31392836345882,85.3333938447173,22.8442054175035,426.666969223586,184,17,0.908207577052823,90.9038078840971,9.09619211590291
2014,6.86507539304572,1.350989914117,86.4851436469908,22.9372024820746,432.425718234954,185,17,1.00353063558333,90.9643439550469,9.03565604495313
2014,7.06026075056334,1.38791564143987,87.6570317850603,23.0309438308272,438.285158925302,186,17,1.10012489841368,91.0187176754079,8.98128232459209
2014,7.25375245828997,1.42477313972621,88.8486030582337,23.1253683112312,444.243015291169,187,17,1.18424965706225,91.0678883224056,8.9321116775944
2014,7.42760433242488,1.46167066386209,90.0620096097204,23.2206203964207,450.310048048602,188,17,1.03830743795981,91.112706001344,8.88729399865596
2014,7.62038674108475,1.49895478550167,91.3393335101025,23.3199284842955,456.696667550513,189,17,1.08552774913587,91.1517373018023,8.84826269819766
2014,7.81378154128891,1.53661011066646,92.6457231212538,23.4205001276381,463.228615606269,190,17,1.11928062612306,91.1890834978145,8.8109165021855
2014,8.00772878792165,1.57481098807272,93.9839899296185,23.5225061087316,469.919949648093,191,17,1.12920290332759,91.2252193521992,8.77478064780083
2014,8.22398015051835,1.61375714301602,95.3590055172921,23.626264144503,476.795027586461,192,17,1.35179597843314,91.2604150904246,8.73958490957544
2014,8.42260253047067,1.65339164227977,96.732690802003,23.728885714179,483.663454010015,193,17,1.32695371595489,91.2975468147179,8.70245318528207
2014,8.63096410322552,1.69417983466522,98.1510026278964,23.8337808721224,490.755013139482,194,17,1.34976586097633,91.3350498991369,8.66495010086308
2014,8.84470069850888,1.73626817195118,99.6063508312697,23.9403226647433,498.031754156348,195,17,1.35821829412515,91.3741272917539,8.62587270824608
2014,8.60094131984966,1.68778526135391,101.102674909181,24.0487389159976,505.513374545906,196,16,1.37898141865841,91.2107434650896,8.78925653491035
2014,8.83531718948784,1.73059552496157,102.546005085983,24.1522609517487,512.730025429913,197,16,1.60386333498058,91.2602075154906,8.73979248450937
2014,9.06750030479757,1.77491160208651,103.991141576664,24.2549000443692,519.955707883322,198,16,1.70511064250858,91.3143520110317,8.68564798896834
2014,9.30192249843757,1.82132930975829,105.462366169357,24.3583758395301,527.311830846783,199,16,1.68702710804067,91.3728759515515,8.62712404844845
2014,9.54683777061409,1.86965225575246,106.983984070125,24.4643429517716,534.919920350623,200,16,1.68158734293066,91.4343043517522,8.56569564824777
2014,9.81052130226629,1.92030561143649,108.555553648146,24.5726917043962,542.77776824073,201,16,1.76959996693151,91.4993687498232,8.50063125017683
2014,10.078852575586,1.97329826413423,110.162125406519,24.6823294010399,550.810627032595,202,16,1.75895965566172,91.5687662932956,8.43123370670446
2014,10.3577522084217,2.02897115931027,111.824346870916,24.7945980587375,559.121734354578,203,16,1.71088101124077,91.6419289765052,8.35807102349477
2014,10.6568240852707,2.08757676799184,113.551803546694,24.9100470037357,567.75901773347,204,16,1.73131542054739,91.7186830793029,8.28131692069707
2014,10.973366036218,2.14915590328458,115.334808702451,25.0279316393527,576.674043512256,205,16,1.78048467871345,91.7993459926994,8.20065400730057
2014,11.3084968464877,2.21380710093285,117.171089820598,25.1480183802266,585.855449102988,206,16,1.86589999906493,91.8839119244013,8.11608807559874
2014,11.6606195508617,2.2815957088716,119.05709409771,25.2699990930913,595.285470488551,207,16,1.96422523901366,91.9723245813385,8.02767541866146
2014,12.0333367673371,2.35262412533796,120.993614822353,25.3938536486825,604.968074111766,208,16,2.11679006151344,92.0643632244989,7.93563677550111
2014,12.4125360500563,2.42687886560118,122.97389744747,25.5190864452474,614.869487237352,209,16,2.13755339187218,92.1599116340929,7.84008836590711
2014,12.8057336746624,2.50481490917485,125.025571661141,25.6473602466639,625.127858305704,210,16,2.09849403430978,92.2581918478823,7.74180815211774
2014,13.2433251655992,2.58679441460751,127.16336753328,25.7794671278498,635.816837666402,211,16,2.36701744841248,92.36101983497,7.63898016503
2014,13.0119557820322,2.5393139651631,129.334606747476,25.9120656322387,646.673033737382,212,15,2.5008740506441,92.3036139436267,7.69638605637331
2015,3.38546964412952,0.672161293033307,54.5,19.9420239553624,272.5,141,16,0.347152501490956,92.4965525520099,7.50344744799012
2015,3.3898014175869,0.672668184001077,55.1076368431619,20.0091394531922,275.538184215809,142,16,0.364292786493018,92.3793463646146,7.62065363538538
2015,3.39512311065604,0.673182028303155,55.7127101568313,20.0754612119055,278.563550784157,143,16,0.390366535893064,92.2546682679615,7.74533173203846
2015,3.39750098983729,0.673653512098623,56.3136311370593,20.1408328104541,281.568155685296,144,16,0.393724345527398,92.1226438231311,7.87735617686887
2015,3.40099284010572,0.674037681770978,56.9143541162795,20.2056987080047,284.571770581398,145,16,0.410946083357273,91.9827557684168,8.01724423158326
2015,3.40273570395376,0.674291770931686,57.5123289936061,20.269795669414,287.561644968031,146,16,0.418634639119715,91.8360100789696,8.16398992103041
2015,3.40315860127745,0.674397052866392,58.1091125038232,20.3333034859408,290.545562519116,147,16,0.42110332939155,91.6810112923431,8.31898870765693
2015,3.40461960159323,0.674328076383929,58.7054845128821,20.3963150072925,293.52742256441,148,16,0.441866859784409,91.5184564205969,8.48154357940311
2015,3.4069500852639,0.674076078483914,59.2979935519827,20.4584780927356,296.489967759913,149,16,0.482336786463478,91.3491903153144,8.65080968468564
2015,3.40669577924498,0.67364480982966,59.8828721277107,20.5194174761135,299.414360638553,150,16,0.507291771290204,91.174174938542,8.82582506145804
2015,3.62238835388187,0.714857865480088,60.4627061746773,20.5794231417313,302.313530873386,151,17,0.608416735826502,91.2450485544945,8.75495144550553
2015,3.61835585938309,0.714061568896162,61.0654509645787,20.6413761294675,305.327254822893,152,17,0.613370469251631,91.0594322164908,8.94056778350919
2015,3.61262448993506,0.713151972602565,61.666395475677,20.7027212227954,308.331977378385,153,17,0.603957120810859,90.8696317725707,9.13036822742935
2015,3.60658662701393,0.712194156510503,62.2680732061541,20.7637251515949,311.340366030771,154,17,0.593838427700507,90.6773931852324,9.32260681476759
2015,3.59954505478291,0.711268189499782,62.8705637640191,20.8244011997436,314.352818820096,155,17,0.569749590343613,90.4838807394356,9.51611926056438
2015,3.58779069126775,0.710478596309622,63.4764602667433,20.8850129188248,317.382301333716,156,17,0.488055465244866,90.2899745301225,9.71002546987744
2015,3.58224434034907,0.709968652593117,64.0963410207775,20.9466076997595,320.481705103887,157,17,0.462213170953779,90.0966416136137,9.90335838638626
2015,3.58817327493855,0.709933056458466,64.7202769905141,21.0081875858614,323.601384952571,158,17,0.52953005050979,89.9082753146991,10.0917246853009
2015,3.59259154206175,0.710625573548594,65.33193117433,21.0681549791141,326.65965587165,159,17,0.543953048391374,89.7310189678678,10.2689810321322
2015,3.60366486429035,0.71238102708823,65.9415800974271,21.1275376496954,329.707900487136,160,17,0.573835029147697,89.5686100399248,10.4313899600753
2015,3.62629205995852,0.715632628986839,66.5474627835841,21.1861755657402,332.73731391792,161,17,0.657390028829067,89.4276728042949,10.5723271957051
2015,3.6524730297739,0.720901005502594,67.1411552213784,21.2432738597444,335.705776106892,162,17,0.655115842449381,89.3167526484143,10.6832473515857
2015,3.69344849385955,0.728757949339242,67.7405338864933,21.3005631704444,338.702669432466,163,17,0.675752016811113,89.2411576425616,10.7588423574384
2015,3.74677722415359,0.739605779433862,68.3439753404575,21.3578850137715,341.719876702288,164,17,0.658350596857243,89.2060540681064,10.7939459318936
2015,3.81447243718222,0.753312956308097,68.9615574906241,21.4161860137115,344.80778745312,165,17,0.640639389353505,89.2077248560011,10.7922751439989
2015,3.88996630212442,0.768682399685429,69.5962152181278,21.4757210817003,347.981076090639,166,17,0.616864306131651,89.2304714393111,10.7695285606889
2015,3.96107626480737,0.783279095979618,70.2507205999571,21.5367229768769,351.253602999785,167,17,0.589772657987696,89.2454375472604,10.7545624527396
2015,4.03575118046076,0.798184318938921,70.9248596787413,21.5991420753204,354.624298393706,168,17,0.586581784339282,89.2621419660249,10.7378580339751
2015,4.13360821399424,0.816395971786238,71.6145647631809,21.6625759627966,358.072823815905,169,17,0.656800250091656,89.310388816132,10.689611183868
2015,4.24177636102174,0.837717687178411,72.3097898859224,21.7260880774169,361.548949429612,170,17,0.664379002974684,89.3869109608105,10.6130890391895
2015,4.36447584925692,0.861972145604265,73.0251247703267,21.7909946180988,365.125623851633,171,17,0.668318758636228,89.4854749629827,10.5145250370173
2015,4.50472124079487,0.888906960256647,73.76420283502,21.8575917318335,368.8210141751,172,17,0.718760313593254,89.6006508099085,10.3993491900915
2015,4.65332658272334,0.918200949376822,74.5212321511008,21.9253259916126,372.606160755504,173,17,0.726431478908699,89.7278733079481,10.2721266920519
2015,4.8160221651902,0.949559438929283,75.3064380526823,21.9950765215204,376.532190263411,174,17,0.777200620402853,89.86148987636,10.13851012364
2015,4.97832461407029,0.982621874495227,76.1140180515502,22.0662877937359,380.570090257751,175,17,0.722446722256374,89.9977621884716,10.0022378115284
2015,5.15361827091905,1.01712735450731,76.9649971908183,22.1407583974744,384.824985954092,176,17,0.734008435724574,90.1314235598726,9.86857644012735
2015,5.33597514696431,1.05271591659164,77.8487092293352,22.21748855352,389.243546146676,177,17,0.762395211739496,90.2605292081593,9.73947079184072
2015,5.52080427704239,1.08908293556528,78.7632004759293,22.2962546687821,393.816002379647,178,17,0.774788975055668,90.3830877712612,9.61691222873879
2015,5.70358417894617,1.1259805637862,79.7121625667989,22.3773187707037,398.560812833994,179,17,0.739428588796946,90.4973270423055,9.50267295769454
2015,5.89416509914611,1.16322600571884,80.7047348602067,22.4613917123662,403.523674301034,180,17,0.765389149777693,90.6016826145052,9.39831738549477
2015,6.0962517396375,1.2006001068627,81.7302113916749,22.5474981968754,408.651056958374,181,17,0.9052108300925,90.6965444042991,9.30345559570093
2015,6.28361349617615,1.2378839252439,82.7681191193064,22.6338851324802,413.840595596532,182,17,0.893267923919841,90.7833190567123,9.21668094328768
2015,6.47065341601607,1.27511011068016,83.8458643021985,22.7227924359435,419.229321510993,183,17,0.882633093702995,90.8603715212316,9.13962847876835
2015,6.66863186280618,1.3122403573351,84.9631184718382,22.8141220980836,424.815592359191,184,17,0.994341621069292,90.9283239531184,9.07167604688163
2015,6.8553101279643,1.34917540149804,86.0975979186602,22.906007313875,430.487989593301,185,17,0.993858212792453,90.9894086900164,9.01059130998364
2015,7.0367947143666,1.38604712825044,87.2694785879011,23.0000399760686,436.347392939505,186,17,0.94350599406004,91.0431739020149,8.95682609798512
2015,7.22348550427587,1.42297611563645,88.4876922944119,23.0968620864246,442.43846147206,187,17,0.946335443125262,91.0900782402448,8.90992175975517
2015,7.40733293669561,1.46002334811388,89.7426401084852,23.1956371358446,448.713200542426,188,17,0.916986808948369,91.1318058929833,8.86819410701671
2015,7.59935509751736,1.49735146217693,91.0401850384191,23.2967578172678,455.200925192096,189,17,0.952478194380866,91.1691041151553,8.83089588484472
2015,7.79774831228982,1.53506424470176,92.3689894605762,23.3992788544525,461.844947302881,190,17,1.03145812568174,91.2046450824775,8.79535491752248
2015,7.99506073308689,1.57327911558086,93.7216252638686,23.5025881846407,468.608126319343,191,17,1.07578380882828,91.2394773175961,8.76052268240394
2015,8.19216296732584,1.6122018799485,95.1048023913113,23.6071610309033,475.524011956556,192,17,1.0818013548478,91.2737324784856,8.72626752151439
2015,8.39070030678395,1.65206451395288,96.5261349503358,23.7135200590863,482.630674751679,193,17,1.05608798517488,91.3079527683,8.6920472317
2015,8.60129581159769,1.69310676856319,97.992249756033,23.82209258697,489.961248780165,194,17,1.08958898952235,91.3427190265277,8.65728097347226
2015,8.8136415858217,1.73546604169678,99.4937081623032,23.9321153102722,497.468540811516,195,17,1.07666118395406,91.379330462041,8.620669537959
2015,8.57461698030032,1.68733500730988,101.040138312703,24.0442302963493,505.200691563517,196,16,1.11497183834153,91.2135410478596,8.78645895214039
2015,8.80311477425802,1.7304815426785,102.531009403572,24.151190632161,512.655047017859,197,16,1.22173571858711,91.2608451910328,8.73915480896717
2015,9.03389425776447,1.7753529437708,104.046131927906,24.2587859807195,520.230659639531,198,16,1.26283783219165,91.3121352743116,8.68786472568844
2015,9.2716621977522,1.82248819803905,105.599085971622,24.3679405581,527.995429858111,199,16,1.25672362206291,91.3676679279869,8.63233207201315
2015,9.52053683505459,1.87159094407179,107.200702117507,24.479349803472,536.003510587533,200,16,1.26296609772355,91.4265255840678,8.57347441593221
2015,9.78258672501433,1.9230905729442,108.850718093335,24.5929190882,544.253590466675,201,16,1.27967623360561,91.4894163918677,8.51058360813232
2015,10.0587685430522,1.977151780924,110.549661862128,24.7086091238104,552.748309310642,202,16,1.30761090425357,91.5565270408355,8.44347295916453
2015,10.3493593808703,2.03393104342975,112.298099868111,24.8263827946791,561.490499340553,203,16,1.34144713575165,91.627956054073,8.37204394592706
2015,10.6604576231703,2.09358779487806,114.097716930775,24.9462766479589,570.488584653877,204,16,1.43403077580197,91.7036905275661,8.29630947243387
2015,10.9741684939256,2.15616565508949,115.940846446442,25.0677108963597,579.70423223221,205,16,1.40445899448977,91.7838901336154,8.21610986638458
2015,11.3109846698232,2.22207477799159,117.852422375251,25.1922416089951,589.262111876253,206,16,1.43659791067654,91.8678196112278,8.13218038877222
2015,11.6643573345207,2.29135436623576,119.824698884066,25.3192597681034,599.123494420332,207,16,1.46328947746715,91.955575412729,8.04442458727102
2015,12.0307097345328,2.36417468327135,121.862050217368,25.4489479261368,609.310251086842,208,16,1.44381262706391,92.0468973954765,7.95310260452351
2015,12.4206883481096,2.44080657748801,123.976275959604,25.5819415096167,619.881379798018,209,16,1.46472382139915,92.1413695129477,7.85863048705227
2015,12.8260566089354,2.52131545062503,126.163988505689,25.7179039108599,630.819942528447,210,16,1.44872306030245,92.2388625232292,7.76113747677084
2015,13.2568098916965,2.60600271017801,128.43560945669,25.8573531277342,642.178047283451,211,16,1.46991784181345,92.3412309119383,7.65876908806169
2015,13.0255707201742,2.56118102905088,130.788731703213,26.0000045112693,653.943658516064,212,15,1.42439523545442,92.2828176445205,7.71718235547955
2016,3.38562928243662,0.672161293033307,54.5,19.9420239553624,272.5,141,16,0.348382077227228,92.4965525520099,7.50344744799012
2016,3.38912965371739,0.672668190733189,55.107422855676,20.0091159085743,275.53711427838,142,16,0.358915583290335,92.3793725997288,7.62062740027121
2016,3.39383726468009,0.673181980199471,55.7134372578735,20.0755406063471,278.567186289368,143,16,0.379428593174502,92.254578548141,7.74542145185898
2016,3.39638951806697,0.673653241139416,56.3162886550767,20.1411208280549,281.581443275384,144,16,0.384197444865199,92.1223134894561,7.87768651054386
2016,3.40163625154098,0.674037083095919,56.9186947109233,20.2061656638427,284.593473554616,145,16,0.416880572844391,91.982211844466,8.01778815553405
2016,3.40526793918131,0.674291204317586,57.5156113568774,20.2701462214412,287.578056784387,146,16,0.442753526281636,91.8355951962848,8.16440480371523
2016,3.40439652902357,0.674397265523942,58.1080775241509,20.3331937410588,290.540387620754,147,16,0.432752866565485,91.6811433197683,8.3188566802317
2016,3.40163536650815,0.674328809065341,58.702367215492,20.3959868021612,293.51183607746,148,16,0.413642885915195,91.5188578780216,8.48114212197842
2016,3.3982874424197,0.674075576591601,59.2999242155571,20.4586799391599,296.499621077785,149,16,0.398381950721604,91.3489392726282,8.65106072737175
2016,3.39587964325621,0.673640073434441,59.8998612212626,20.5211813833454,299.499306106313,150,16,0.399739967634832,91.171944691138,8.82805530886197
2016,3.60096178552822,0.714847324461253,60.4990423222227,20.5831701066241,302.495211611113,151,17,0.390036805164878,91.2403670126311,8.7596329873689
2016,3.59995583110754,0.714039385582019,61.1411776059531,20.6491294947299,305.705888029766,152,17,0.419343027660557,91.0495892983256,8.95041070167439
2016,3.60004218549999,0.713120480200851,61.7772472079405,20.7139915246346,308.886236039702,153,17,0.466665375451893,90.8551083992346,9.14489160076541
2016,3.59350387025056,0.712158664787661,62.4038662235862,20.7774362918733,312.019331117931,154,17,0.454244362326906,90.6594830188023,9.34051698119773
2016,3.58623514321507,0.711232372102594,63.0316582671209,20.8405561097538,315.158291335605,155,17,0.43374556003719,90.4625266340499,9.53747336595007
2016,3.58290705397396,0.710448139412227,63.6620926267811,20.9035021861613,318.310463133905,156,17,0.443043854784347,90.2652956927705,9.73470430722955
2016,3.57702893125053,0.709952581711696,64.2899978058011,20.9657653620686,321.449989029005,157,17,0.416045208659264,90.0708898647044,9.92911013529561
2016,3.57961942297519,0.70993818619758,64.9221230051502,21.0280203399485,324.610615025751,158,17,0.443450424358304,89.8815199448156,10.1184800551844
2016,3.58415280014228,0.710661852061222,65.5492809422834,21.0893699969445,327.746404711417,159,17,0.455284598597909,89.7024238105079,10.2975761894921
2016,3.59152117388794,0.712462300476643,66.1749742246138,21.1501700485175,330.874871123069,160,17,0.442684238510233,89.5383000761028,10.4616999238972
2016,3.61731479785476,0.71578109238622,66.8046565503339,21.2109545514897,334.02328275167,161,17,0.538630998044515,89.3949285438258,10.6050714561742
2016,3.64213828881153,0.721141660392086,67.4203032867965,21.2699993146287,337.101516433983,162,17,0.51782749039142,89.2821999693106,10.7178000306894
2016,3.68231072651721,0.729125400178211,68.0450703411728,21.3295358472048,340.225351705864,163,17,0.520097254733296,89.2048555824546,10.7951444175454
2016,3.73594189537518,0.740140241835583,68.6774125316747,21.3894075482906,343.387062658374,164,17,0.503341053609019,89.1681247180516,10.8318752819484
2016,3.80659138716414,0.754043635020721,69.3238264753221,21.450215772186,346.61913237661,165,17,0.511862201615648,89.1686111982677,10.8313888017323
2016,3.88944192272833,0.769600785543417,69.9826599625222,21.5117870045704,349.913299812611,166,17,0.560637368641902,89.1907155366451,10.8092844633549
2016,3.9637937480188,0.784305793388043,70.648301981493,21.5735856051276,353.241509907465,167,17,0.565281718481553,89.2057864625331,10.7942135374669
2016,4.03902094786411,0.799268955238919,71.3278785678154,21.6362606584941,356.639392839077,168,17,0.565463833217381,89.2227513082251,10.7772486917749
2016,4.13153855133317,0.8175449803399,72.0224567558795,21.6998906570699,360.112283779398,169,17,0.571547560719985,89.2714439123058,10.7285560876942
2016,4.23891661755899,0.838971685420995,72.7343137688295,21.7646613180748,363.671568844148,170,17,0.566895245967604,89.3474048156408,10.6525951843592
2016,4.35984453374881,0.863345304399807,73.468568305241,21.8310086460049,367.342841526205,171,17,0.549999199206861,89.4453102712628,10.5546897287372
2016,4.50094657030754,0.890417433803681,74.2303783663168,21.8993591929377,371.151891831584,172,17,0.596776654795451,89.559580706879,10.440419293121
2016,4.65386701504253,0.919856951233365,75.01104322974,21.9688960848523,375.0552161487,173,17,0.643149371422131,89.6858966146954,10.3141033853046
2016,4.81659510563747,0.951340384510171,75.8130067267253,22.0398068789544,379.065033633627,174,17,0.684544657831013,89.8192371210157,10.1807628789843
2016,4.98384581778331,0.984535053599421,76.6392249731192,22.112317649989,383.196124865596,175,17,0.682078623951326,89.9550882151442,10.0449117848558
2016,5.1613442250083,1.01913686466788,77.499373735261,22.1872296867265,387.496868676305,176,17,0.712133101773685,90.0890871549629,9.91091284503713
2016,5.34307996280334,1.05480653798631,78.3889971748437,22.2641015862288,391.944985874218,177,17,0.729822123532041,90.2187487093731,9.78125129062694
2016,5.52755038494488,1.09125974991439,79.3114145274412,22.3431677803068,396.557072637206,178,17,0.734894155691698,90.3416696459656,9.65833035403438
2016,5.72129750860314,1.12824752631303,80.2696946179593,22.4246321194224,401.348473089796,179,17,0.807349043105713,90.4561427044718,9.54385729552816
2016,5.91667383443111,1.16550243451936,81.2522144950615,22.5074563550098,406.261072475308,180,17,0.885418460017179,90.5621199405721,9.43788005942794
2016,6.11309706863014,1.20284384164941,82.2581754442496,22.5915365379494,411.290877221248,181,17,0.973500632336071,90.659210174424,9.34078982557602
2016,6.30371561291798,1.24013318686798,83.2857825173246,22.6766892235709,416.428912586623,182,17,0.996477810838089,90.7474957843407,9.25250421565931
2016,6.49208019877454,1.27733784933816,84.3468938818992,22.7638532175639,421.734469409496,183,17,0.997989024919543,90.8264515368005,9.17354846319955
2016,6.67662289643008,1.31443788530786,85.4453495794343,22.8532834343186,427.226747897171,184,17,0.963652499586266,90.89640502148,9.10359497852003
2016,6.86455066013878,1.351468675652,86.5875520799777,22.9454294838524,432.937760399888,185,17,0.972304825525103,90.9577298975763,9.04227010242372
2016,7.05490133286014,1.38843829127001,87.7655774593366,23.0395822890385,438.827887296683,186,17,1.01052167028665,91.0118781618656,8.98812183813439
2016,7.24844341009662,1.42539681613671,88.9739941265183,23.1352533241962,444.869970632592,187,17,1.08508160049787,91.0601906864507,8.9398093135493
2016,7.43492189638157,1.46241363621049,90.2061683209586,23.231877250494,451.030841604793,188,17,1.077842246628,91.1040978310679,8.89590216893209
2016,7.62116963851696,1.49969243312596,91.4770436606717,23.3305771046641,457.385218303359,189,17,1.05532563054332,91.1437548499635,8.85624515003649
2016,7.81281970470921,1.53741364965985,92.789625045258,23.43151776608,463.94812522629,190,17,1.06724709440244,91.1810039770013,8.81899602299874
2016,8.0065255661176,1.57571058384811,94.1381003350391,23.5341876386492,470.690501675196,191,17,1.07065951043361,91.2168578874874,8.78314211251263
2016,8.20958783761484,1.61477004252949,95.5245772285784,23.638687615136,477.622886142892,192,17,1.13041881273504,91.2517558508507,8.74824414914926
2016,8.41056699513869,1.65472140310679,96.9396517245623,23.7442585841495,484.698258622812,193,17,1.12235059167221,91.2871389465013,8.71286105349868
2016,8.62134640505034,1.69583921555934,98.3964666624964,23.8518274144347,491.982333312482,194,17,1.15413624689585,91.3232134514859,8.67678654851409
2016,8.82794756292288,1.73828135858457,99.8890039952713,23.9608888567151,499.445019976357,195,17,1.08026779210509,91.3610953569012,8.63890464309882
2016,8.59369956515034,1.69019702236247,101.437551147715,24.0728490382276,507.187755738577,196,16,1.16418820333122,91.1957925109438,8.8042074890562
2016,8.81411237685449,1.73345724828889,102.922370718583,24.1790884634916,514.611853592917,197,16,1.1827546949687,91.2442356200274,8.75576437997265
2016,9.05234522319944,1.77857535861743,104.447462812493,24.2871030870417,522.237314062466,198,16,1.28880508200065,91.2959970922648,8.70400290773525
2016,9.29887002463082,1.82587892088961,105.998884824454,24.3958604752452,529.99442412227,199,16,1.36725803556016,91.3524844675505,8.64751553244954
2016,9.55829138942248,1.87502027639692,107.583804894828,24.5058264820256,537.919024474142,200,16,1.48832885541616,91.4128226672158,8.58717733278421
2016,9.82226081016836,1.92635324513004,109.19626758708,24.6165508037603,545.981337935399,201,16,1.53351242026986,91.4778099517256,8.52219004827443
2016,10.0952355105575,1.98016390083519,110.852348283864,24.7290903492865,554.261741419321,202,16,1.53635081238294,91.5470082776398,8.45299172236015
2016,10.3810054533204,2.03669934417685,112.56230284914,24.8440679578909,562.811514245698,203,16,1.52812582202181,91.6202000439532,8.37979995604679
2016,10.6862632841785,2.0961573989137,114.330886305922,24.9617141599591,571.654431529609,204,16,1.57227676803536,91.6973192574979,8.30268074250207
2016,11.0089256712636,2.15860432841953,116.151502031617,25.081504014692,580.757510158084,205,16,1.64092375843302,91.7785467373449,8.2214532626551
2016,11.3534545272521,2.22414297321871,118.022711422684,25.2032667084377,590.113557113419,206,16,1.78117571733736,91.8638205723491,8.13617942765094
2016,11.7024844870512,2.29275205706517,119.934544550474,25.3262910572072,599.672722752372,207,16,1.79106333770323,91.9531928854624,8.04680711453761
2016,12.0722577234229,2.36486558749622,121.913951394124,25.4522319036162,609.56975697062,208,16,1.83501790750617,92.0458601695325,7.95413983046743
2016,12.4610609884479,2.4405557264695,123.958237959275,25.5808135556216,619.791189796376,209,16,1.8881482934692,92.1417009101645,7.85829908983552
2016,12.8842217011849,2.51994243735261,126.069343034176,25.7120560150333,630.346715170882,210,16,2.12747702552936,92.2404578833624,7.7595421166376
2016,13.3063257874634,2.60269736278784,128.216862613826,25.8439999568516,641.084313069131,211,16,2.1450842915842,92.3446085300601,7.65539146993993
2016,13.0772949801896,2.55600636596861,130.444895687435,25.9792726254496,652.224478437173,212,15,2.23915499068061,92.2876973683413,7.71230263165872
2017,3.3771423394492,0.672161293033307,54.5,19.9420239553624,272.5,141,16,0.2886840933579,92.4965525520099,7.50344744799013
2017,3.38001624541343,0.672667867503413,55.1176650638524,20.0102427669337,275.588325319262,142,16,0.293412948685512,92.378116904826,7.62188309517394
2017,3.38233491442891,0.673180551917183,55.734957279639,20.0778901180473,278.674786398195,143,16,0.294349086769123,92.2519231627894,7.74807683721064
2017,3.38551575917099,0.673649533560953,56.3525240377606,20.1450470167305,281.762620188803,144,16,0.302409761819621,92.1178095296883,7.88219047031171
2017,3.42532424978316,0.68211041674872,56.9691127534332,20.2115877573616,284.845563767166,145,24,0.325866894899996,91.9758942121506,8.02410578784938
2017,3.42609216478933,0.682524036850084,57.5889695511003,20.2779771434192,287.944847755502,146,24,0.319412157367643,91.8263235012114,8.17367649878861
2017,3.39256923364114,0.674376180064062,58.2102685557119,20.3440230802514,291.051342778559,147,16,0.334563297811389,91.6681083904747,8.33189160952528
2017,3.39240913536601,0.674300615061325,58.8218302884244,20.4085558129091,294.109151442122,148,16,0.339023230636084,91.5034744311871,8.49652556881294
2017,3.43187444905113,0.682825372313829,59.432465464656,20.4725258845189,297.16232732328,149,24,0.359429910074034,91.3317069143061,8.66829308569394
2017,3.42976738007318,0.682576262478207,60.0469096859408,20.5364342655469,300.234548429704,150,24,0.35568022548415,91.1526434322269,8.84735656777315
2017,3.63572546255966,0.72282902060591,60.6616795895229,20.5999219831855,303.308397947615,151,24,0.389079599625705,91.2194161595905,8.7805838404095
2017,3.63330046151283,0.722201137669331,61.3109582436425,20.6664884011091,306.554791218212,152,24,0.398390394861561,91.02752565611,8.97247434388999
2017,3.63040649772767,0.721467057985833,61.9578864110707,20.7323269621463,309.789432055353,153,24,0.408439339414633,90.8314474923678,9.1685525076322
2017,3.6273933870871,0.720694318448721,62.6022225020985,20.7974271762615,313.011112510492,154,24,0.419358579159367,90.6333288140683,9.3666711859317
2017,3.58108880857653,0.711184568233648,63.2437684568107,20.8617831545167,316.218842284054,155,17,0.392477936336474,90.4344197629109,9.56558023708912
2017,3.62208160230164,0.719385917832653,63.8814257823864,20.9252997404619,319.407128911932,156,24,0.437606956189989,90.2361481988336,9.76385180116642
2017,3.61975510657001,0.719103073651937,64.518251846731,20.9882940167198,322.591259233655,157,24,0.43294268848039,90.0405512481434,9.95944875185665
2017,3.61900940563518,0.719310341226637,65.1555412504199,21.0509017698033,325.777706252099,158,24,0.420511141931165,89.850595430995,10.149404569005
2017,3.62205790498128,0.720266521023222,65.7951633925512,21.1133110024654,328.975816962756,159,24,0.408661121487733,89.6700944022167,10.3299055977833
2017,3.63789764459359,0.722314878030493,66.4377605694446,21.1755861458652,332.188802847223,160,24,0.461663226887068,89.5041979155097,10.4958020844903
2017,3.65736280126938,0.725892475399155,67.0729203491702,21.2367293223609,335.364601745851,161,24,0.479202094880841,89.3608048263246,10.6391951736754
2017,3.68633066279784,0.731540220268805,67.7084602810719,21.2975065044545,338.542301405359,162,24,0.487882421590981,89.2465708660589,10.7534291339411
2017,3.72938588063322,0.739832760535393,68.3480523648267,21.3582710946978,341.740261824133,163,24,0.504252126707186,89.1687872959424,10.8312127040576
2017,3.73543121458041,0.740643868135531,68.9929759034774,21.4191422315398,344.964879517387,164,17,0.475138366799818,89.1322879490661,10.8677120509339
2017,3.80698365193678,0.754688901215915,69.6449252937828,21.480274746934,348.224626468914,165,17,0.48554242550331,89.1340110709081,10.8659889290919
2017,3.88794471574552,0.770373987327073,70.3090980391914,21.5421446610363,351.545490195957,166,17,0.506937065351478,89.1572080630961,10.8427919369038
2017,4.01727210480787,0.796254155708003,70.9851773206906,21.6047067497883,354.925886603453,167,24,0.55448674350814,89.1722685910532,10.8277314089468
2017,4.03840278675632,0.800206857781557,71.6776049415728,21.6683526527232,358.388024707864,168,17,0.513846385654584,89.188650093264,10.811349906736
2017,4.13256501636026,0.818555100909841,72.3823790316882,21.7326948645135,361.911895158441,169,17,0.532832754681972,89.2371597775488,10.7628402224511
2017,4.24204711504584,0.840054025404423,73.1021800266811,21.7979598157342,365.510900133406,170,17,0.546111239299581,89.3132517780673,10.6867482219327
2017,4.36515739707134,0.86449438629144,73.8412128783612,21.8645041840807,369.206064391806,171,17,0.547616640135038,89.4116373177,10.5883626823
2017,4.50849703704009,0.891624453791415,74.6045571412916,21.9327520474949,373.022785706458,172,17,0.613887084024623,89.5266924048468,10.4733075951532
2017,4.65851662004703,0.921109700042969,75.3833048525725,22.0018773811776,376.916524262863,173,17,0.628352110623514,89.6540675822274,10.3459324177726
2017,4.82333518702309,0.952656451428907,76.1891523173512,22.0728862052478,380.945761586756,174,17,0.688124542994195,89.7879347120172,10.2120652879828
2017,4.99299016333327,0.985900760944805,77.0159968457685,22.1452031979702,385.079984228842,175,17,0.708260896884051,89.9245443620154,10.0754556379846
2017,5.173746055041,1.02053393077996,77.8727319383316,22.2195658806486,389.363659691658,176,17,0.772682385498769,90.0595735744772,9.94042642552281
2017,5.35784229843155,1.05620710830879,78.7527195173699,22.2953555527003,393.76359758685,177,17,0.816183393722644,90.1906835476689,9.80931645233113
2017,5.54283679342498,1.09264056853355,79.6608105201337,22.3729493405816,398.304052600669,178,17,0.825740529005559,90.3153292937079,9.6846707062921
2017,5.73207576269401,1.12960056550385,80.603971941837,22.4528898612259,403.019859709185,179,17,0.853002172777468,90.4315028798667,9.5684971201333
2017,5.92160457765069,1.16685756174152,81.5795100705094,22.5348915925152,407.897550352547,180,17,0.866512310143515,90.5385187031188,9.46148129688119
2017,6.11538750050779,1.20424946254321,82.5902313584025,22.6191330375129,412.951156792013,181,17,0.91982990595805,90.6357792487237,9.36422075127635
2017,6.30448054082493,1.24161912700215,83.6290230738095,22.7049686573751,418.145115369048,182,17,0.921675769022635,90.7237948293096,9.27620517069039
2017,6.49580674717202,1.27892586036885,84.7052394907369,22.7931164913591,423.526197453684,183,17,0.952066236345239,90.8022460854702,9.19775391452983
2017,6.68785732735041,1.316111113808,85.8136157840474,22.8830862232719,429.068078920237,184,17,0.997435242244829,90.8720860582701,9.12791394172988
2017,6.87853028270614,1.35316678911929,86.9512984664033,22.9745964147782,434.756492332016,185,17,1.03484367954366,90.93426856955,9.06573143044996
2017,7.07170453870208,1.39014087483917,88.1196012949901,23.0677051451045,440.598006474951,186,17,1.1063468167522,90.9896018454944,9.01039815450559
2017,7.26197749445434,1.42707733182102,89.3122024460947,23.161867135892,446.561012230473,187,17,1.14660088818609,91.0394586984676,8.96054130153235
2017,7.45204164838073,1.46410581174719,90.5347682388014,23.2574896961066,452.673841194007,188,17,1.17885237593653,91.0845068352028,8.91549316479716
2017,7.64163070106132,1.50136167175846,91.7888537009371,23.354647006898,458.944268504685,189,17,1.19174101383914,91.1257089663871,8.87429103361291
2017,7.83949352528661,1.53902457873025,93.0782322369568,23.4535787078174,465.391161184784,190,17,1.2794908524456,91.164825626106,8.835174373894
2017,8.03466596173429,1.57717824046018,94.3895816571102,23.553221271783,471.947908285551,191,17,1.30433581471706,91.2032348927437,8.79676510725631
2017,8.23343181883902,1.61605684889466,95.7349402737514,23.6544503199631,478.674701368757,192,17,1.32814171841827,91.2407709481328,8.75922905186716
2017,8.43775280478985,1.65584954576861,97.1152290318525,23.7572823830053,485.576145159263,193,17,1.36312195168688,91.2783238205426,8.72167617945739
2017,8.64088438200931,1.6967374194069,98.5293179471269,23.8615815714097,492.646589735635,194,17,1.31761584689224,91.3168181805849,8.68318181941508
2017,8.85542039197476,1.73902264013627,99.9930597150792,23.9684498641641,499.965298575396,195,17,1.32448296560842,91.3563065389705,8.64369346102947
2017,8.61087292626877,1.69063431617642,101.498252305034,24.0772134048187,507.491261525169,196,16,1.32864115896079,91.1930877986458,8.80691220135424
2017,8.83254891932967,1.73369487830374,102.95361213327,24.1813122902946,514.768060666349,197,16,1.37167266277411,91.2429126412528,8.75708735874721
2017,9.06496289798932,1.77855241022221,104.444605833535,24.2869017725387,522.223029167676,198,16,1.43373556977325,91.2961117278234,8.70388827217661
2017,9.31179742628158,1.82563016634647,105.969565489615,24.3938154584235,529.847827448077,199,16,1.53468474305674,91.3535956280621,8.64640437193792
2017,9.5600627678862,1.8744810586214,107.523587973314,24.5016691779299,537.617939866568,200,16,1.54201675546911,91.4149724714851,8.58502752851494
2017,9.8254589297395,1.92568648364894,109.125672370455,24.6117271224061,545.628361852276,201,16,1.61289957069675,91.4801772119795,8.51982278802045
2017,10.1051599511176,1.97930960787605,110.766521560495,24.7232868618323,553.832607802476,202,16,1.70945122201392,91.549703704235,8.45029629576499
2017,10.3951052311666,2.03545799386023,112.443849150804,24.8361425110779,562.219245754017,203,16,1.77281684097122,91.6236741863372,8.37632581366282
2017,10.7001418580561,2.09434375987991,114.166326538731,24.9508213853336,570.831632693654,204,16,1.85096212776101,91.7018137926868,8.29818620731317
2017,11.0152708499148,2.15608640433517,115.933999087189,25.0672622580833,579.669995435945,205,16,1.8704569816269,91.7840640707169,8.21593592928311
2017,11.3428346731506,2.22095983635357,117.760596699535,25.186291890063,588.802983497676,206,16,1.84625685732308,91.8699798333048,8.13002016669519
2017,11.6892585095085,2.28922523528606,119.657323110325,25.3085372981897,598.286615551626,207,16,1.84401008792465,91.9592126183659,8.04078738163416
2017,12.0513499417632,2.36100043133514,121.623533516714,25.4338435547348,608.117667583572,208,16,1.81784524305479,92.0516735999771,7.94832640002292
2017,12.4308051324706,2.43650825692237,123.667116058653,25.5625932497006,618.335580293265,209,16,1.77720970295756,92.1470609160871,7.85293908391288
2017,12.8394237854061,2.51595514798825,125.794404145683,25.6950508875445,628.972020728416,210,16,1.83799642885738,92.2451042089343,7.7548957910657
2017,13.2625966932255,2.59928427380335,127.99090760228,25.8301900890294,639.954538011401,211,16,1.84263332651487,92.3481082228391,7.65189177716092
2017,13.0269726382557,2.5533861199762,130.270727015458,25.9687564414047,651.353635077289,212,15,1.80355411511552,92.2901780175616,7.70982198243843
2018,3.38956045369723,0.672161293033307,54.5,19.9420239553624,272.5,141,16,0.380074184128474,92.4965525520099,7.50344744799012
2018,3.39503458481061,0.672668365092787,55.1018706685479,20.0085049901786,275.509353342739,142,16,0.408981662855467,92.3800533079655,7.61994669203448
2018,3.39524062089761,0.673182929974176,55.6990528582073,20.0739697944702,278.495264291036,143,16,0.391266806274067,92.2563535170917,7.74364648290834
2018,3.39770346470461,0.673654918440482,56.2998173309568,20.139335539371,281.499086654784,144,16,0.39535099171169,92.1243609260717,7.87563907392835
2018,3.39654106858867,0.674039623972505,56.9002555234514,20.2041818274514,284.501277617257,145,16,0.372309970199794,91.9845225043947,8.01547749560525
2018,3.39866631522321,0.674293023797595,57.5050673202613,20.2690200828175,287.525336601307,146,16,0.382571544928463,91.8369279448972,8.16307205510279
2018,3.39717215012216,0.674397230168877,58.1082495993374,20.3332119872807,290.541247996687,147,16,0.368964250806143,91.681121368941,8.31887863105903
2018,3.3969065539097,0.674326108877678,58.7138521373572,20.3971959338537,293.569260686786,148,16,0.372807789946334,91.5173788161764,8.48262118382364
2018,3.3960138872133,0.674070710629602,59.3186303454186,20.4606353847627,296.593151727093,149,16,0.379173003661021,91.3465069697484,8.6534930302516
2018,3.39555795541864,0.673633907199819,59.9219543460789,20.5234746995295,299.609771730394,150,16,0.397297698478974,91.1690445025788,8.8309554974212
2018,3.60421887161296,0.714840781061497,60.5215594596981,20.5854912751967,302.607797298491,151,17,0.417822393971658,91.2374660443444,8.76253395565559
2018,3.59765602959126,0.714034212833454,61.1587889319187,20.6509316926128,305.793944659593,152,17,0.400020505895319,91.0473003579124,8.95269964208756
2018,3.5934797287827,0.713114486936102,61.7982629864958,20.7161266103111,308.991314932479,153,17,0.407287986226351,90.8523552946517,9.14764470534834
2018,3.58854030488335,0.712150368045992,62.4354448737111,20.7806218351743,312.177224368555,154,17,0.410000440514689,90.6553186199097,9.34468138009035
2018,3.58528120233777,0.711223539800924,63.0710928068542,20.8445063066556,315.355464034271,155,17,0.425781390624651,90.4573003019629,9.54269969803708
2018,3.58021901149391,0.710441363347716,63.7029289736717,20.9075645052344,318.514644868359,156,17,0.419294916739866,90.2598679340034,9.74013206599664
2018,3.57993171674549,0.709948753515627,64.3350460722104,20.9702160324758,321.675230361052,157,17,0.442584144157156,90.0649010512724,9.93509894872757
2018,3.57838988615272,0.709939127271327,64.9624437408006,21.0319769769729,324.812218704003,158,17,0.43233645665864,89.8761768202841,10.1238231797159
2018,3.58292005852415,0.710668814653054,65.5915782815305,21.0934928432805,327.957891407652,159,17,0.443582482079869,89.6968609413722,10.3031390586278
2018,3.59329759759303,0.712477644442549,66.2193651278594,21.1544683673581,331.096825639297,160,17,0.458930385251327,89.5325375586794,10.4674624413206
2018,3.61373741673978,0.715804926145923,66.8461531667745,21.2149462546451,334.230765833872,161,17,0.499010029096857,89.389648093042,10.610351906958
2018,3.64479782161902,0.721183487879433,67.4690082855235,21.274654393766,337.345041427618,162,17,0.544987375162982,89.2761750953745,10.7238249046255
2018,3.68629708702291,0.729178094664943,68.0888748575072,21.3336958371615,340.444374287536,163,17,0.561430005254075,89.199637919998,10.800362080002
2018,3.74155961877001,0.740198338873593,68.7137473821408,21.392836127707,343.568736910704,164,17,0.560472672888078,89.1639954375272,10.8360045624728
2018,3.81306642209387,0.754096030266166,69.349858209839,21.4526562871911,346.749291049195,165,17,0.578803276821153,89.16580374973,10.83419625027
2018,3.89359973853978,0.769633847980431,69.9965982363015,21.5130852325171,349.982991181507,166,17,0.60572542866237,89.1892834297906,10.8107165702094
2018,3.9663508470756,0.784320620192662,70.6540540646863,21.5741178598227,353.270270323431,167,17,0.592590114380567,89.2052135453832,10.7947864546168
2018,4.04224081408957,0.79927110893219,71.3286803303459,21.6363343560376,356.64340165173,168,17,0.600296987998599,89.2226730442808,10.7773269557192
2018,4.13589647517969,0.817529458532762,72.0169358517409,21.6993865793731,360.084679258704,169,17,0.619597501881338,89.2719703892656,10.7280296107344
2018,4.24454832998856,0.838929651538996,72.720054525939,21.7633682399419,363.600272629695,170,17,0.628741212976009,89.3487301577581,10.6512698422419
2018,4.37167607315796,0.863266505704465,73.4430663868778,21.8287120549064,367.215331934389,171,17,0.678938623812129,89.4476173132753,10.5523826867247
2018,4.50397118167684,0.890259265508202,74.1814552005941,21.8949844743897,370.90727600297,172,17,0.635845699797522,89.5638858360155,10.4361141639845
2018,4.65676060938723,0.919667620150271,74.954911842436,21.9639131162441,374.77455921218,173,17,0.684107579213664,89.6907014548413,10.3092985451587
2018,4.81686246190359,0.951116822690094,75.7492632203227,22.0341897632991,378.746316101613,174,17,0.699225024444726,89.8245478296162,10.1754521703838
2018,4.98717851023014,0.984292967445624,76.5725998263699,22.1064907305552,382.86299913185,175,17,0.730244013383177,89.9604953585758,10.0395046414242
2018,5.16205992345605,1.01885332051068,77.4237831096731,22.180669645633,387.118915548365,176,17,0.734295425090546,90.0950691112181,9.90493088878191
2018,5.34379076060344,1.05449821853678,78.3091184955656,22.2572242337288,391.545592477828,177,17,0.752992501411721,90.2249188390083,9.77508116099172
2018,5.5258945638654,1.09092556148158,79.2270453534282,22.3359626809819,396.135226767141,178,17,0.734628417801748,90.3480367141249,9.65196328587505
2018,5.71232778950547,1.12790418136654,80.1850490176925,22.4174636930788,400.925245088463,179,17,0.733251411216138,90.4623882765218,9.53761172347819
2018,5.8981295692566,1.16520533434037,81.1805961705252,22.5014427503512,405.902980852626,180,17,0.711721355899849,90.5672893314478,9.43271066855224
2018,6.09047878539441,1.20267174447014,82.2175892094145,22.5881581757438,411.087946047072,181,17,0.743485700977055,90.6620767102306,9.3379232897694
2018,6.28138751338511,1.24013706279272,83.2866765294307,22.6767629862382,416.433382647154,182,17,0.762016233180398,90.7474339985712,9.25256600142885
2018,6.47505245472527,1.27753005899984,84.3902145681226,22.7673954769086,421.951072840613,183,17,0.809450916167173,90.8235228969039,9.17647710309607
2018,6.65821187138775,1.31479091641472,85.5229712280008,22.8595725800596,427.614856140004,184,17,0.767169976431798,90.8912750954922,9.10872490450783
2018,6.86182968942104,1.35199769811935,86.7007859053875,22.9545182546274,433.503929526938,185,17,0.917076208385668,90.9504211852847,9.04957881471528
2018,7.05354224023145,1.38903370298809,87.88930950533,23.0494202567301,439.44654752665,186,17,0.965248233217072,91.0040871713819,8.99591282861807
2018,7.23457247825352,1.42605553846612,89.1065051771071,23.1456890836329,445.532525885535,187,17,0.90765137043877,91.0520625665895,8.94793743341049
2018,7.43398047270872,1.46326469234514,90.3713868050231,23.2447631803213,451.856934025116,188,17,1.02312847091716,91.0942422326662,8.90575776733382
2018,7.6248157100821,1.50063461801589,91.6530107073225,23.3441677429775,458.265053536613,189,17,1.04508565237303,91.1335659903468,8.86643400965326
2018,7.80972562882685,1.53841141424583,92.9683625630418,23.4451859707123,464.841812815209,190,17,0.987733782029904,91.1709804959211,8.82901950407894
2018,8.0108242326155,1.57684289393722,94.3321143625941,23.5488749164579,471.660571812971,191,17,1.05784446544517,91.2063456097804,8.79365439021957
2018,8.22534345735732,1.61597772901661,95.7220054513809,23.6534817982348,478.610027256904,192,17,1.23722448306727,91.2414458442466,8.75855415575343
2018,8.42620304147241,1.65587288008519,97.1188605993161,23.7575515885113,485.594302996581,193,17,1.22740609169896,91.2781416324306,8.72185836756944
2018,8.63456644134001,1.69692987755815,98.557782548755,23.863670296106,492.788912743775,194,17,1.2361943440575,91.3154489310361,8.6845510689639
2018,8.84590538233585,1.73933243751893,100.036543471712,23.9716079025342,500.182717358558,195,17,1.20495289895369,91.3543067368546,8.64569326314539
2018,8.60411766894703,1.69110611130108,101.563736517553,24.0819196300488,507.818682587767,196,16,1.22637862726936,91.1901718067446,8.80982819325542
2018,8.82375551421677,1.73433829109202,103.038193663299,24.1873306144662,515.190968316496,197,16,1.23749556958466,91.2393330354808,8.76066696451917
2018,9.05858253633975,1.77943327377244,104.554258377113,24.2946255907783,522.771291885563,198,16,1.31023569333931,91.2917144963092,8.70828550369082
2018,9.3005322168173,1.82675928268775,106.102633982884,24.4030937907914,530.513169914421,199,16,1.33725686008933,91.3485554687348,8.65144453126516
2018,9.56216846921507,1.87600612281867,107.693878654215,24.5134216525311,538.469393271073,200,16,1.47606937659844,91.40889681958,8.59110318042002
2018,9.82823954742024,1.9274234878019,109.309559467173,24.6242873529842,546.547797335867,201,16,1.54102112105385,91.474015144815,8.52598485518501
2018,10.1020708452491,1.98128867576234,110.96532402161,24.7367248441501,554.826620108052,202,16,1.5504166126016,91.5434645813416,8.45653541865838
2018,10.4005145567203,2.03786831685184,112.673821629434,24.8515240956958,563.369108147169,203,16,1.6885178101169,91.6169340624265,8.38306593757347
2018,10.7117895220606,2.09707604748372,114.41421698805,24.9672259359072,572.07108494025,204,16,1.82410387872092,91.6950469461227,8.30495305387733
2018,11.038858929618,2.15904506428655,116.18956328659,25.0839942955016,580.947816432951,205,16,1.98660164900861,91.7775828792761,8.22241712072389
2018,11.3750438920788,2.22383817779076,117.997619208085,25.2016428488264,589.988096040426,206,16,2.07931130828179,91.8644092586813,8.13559074131869
2018,11.729065270934,2.29172902959663,119.854146310686,25.321145156702,599.270731553431,207,16,2.20083894444252,91.9549363550266,8.04506364497339
2018,12.0983434101035,2.36277547425277,121.756925283182,25.4422932986068,608.78462641591,208,16,2.31072966975264,92.0490005492045,7.95099945079556
2018,12.4790297969097,2.4371225503472,123.711309940695,25.565361114111,618.556549703477,209,16,2.34145476637173,92.1462458456779,7.85375415432214
2018,12.8783025247872,2.51509949123806,125.73538692582,25.6913972624235,628.676934629099,210,16,2.37323515677082,92.2461038860356,7.7538961139644
2018,13.29806701552,2.59689415506968,127.832628486828,25.8205062980081,639.163142434138,211,16,2.41913456817567,92.3505662691963,7.64943373080365
2018,13.0539431113997,2.54937872570912,130.004270918732,25.9526490264191,650.02135459366,212,15,2.37486550736224,92.2939846729714,7.70601532702856
2019,3.40857277991427,0.679669532244387,54.5,19.9420239553624,272.5,141,24,0.285187728639953,92.4965525520099,7.50344744799012
2019,3.40947301469455,0.680305890207361,55.124650424889,20.0110112198868,275.623252124445,142,24,0.273683784875924,92.3772605131584,7.6227394868416
2019,3.41362791578084,0.680957558981478,55.7517798056767,20.0797263265522,278.758899028383,143,24,0.281550876523664,92.2498474802773,7.75015251972267
2019,3.41866048944234,0.681574007610903,56.378164751059,20.1478241851919,281.890823755295,144,24,0.296350697369425,92.114622633477,7.88537736652299
2019,3.42169443159867,0.682110074166663,57.0025941369786,20.2151865887965,285.012970684893,145,24,0.30119800977802,91.9716991323883,8.02830086761174
2019,3.42457047346004,0.682522374492659,57.6266586257107,20.2819977153238,288.133293128554,146,24,0.309199797618794,91.8215604507145,8.17843954928548
2019,3.42712448493912,0.682792027757869,58.2496956186492,20.3481976838305,291.248478093246,147,24,0.320114518148162,91.6630798805315,8.33692011946854
2019,3.42875447191555,0.682893722732379,58.8710579971242,20.4137300080449,294.355289985621,148,24,0.330790945836585,91.4971361757528,8.50286382424717
2019,3.42686610775619,0.682817916363782,59.4906084865153,20.4785930150279,297.453042432576,149,24,0.322761291726167,91.3241486135752,8.67585138642475
2019,3.42734452247242,0.68256685801423,60.1113845005976,20.5431138293632,300.556922502988,150,24,0.338006308523344,91.1441820590217,8.85581794097825
2019,3.62485284115855,0.722817312047214,60.7292043094438,20.6068679323753,303.646021547219,151,24,0.311672073312545,91.2107192425913,8.78928075740867
2019,3.62429777342998,0.722186968339069,61.3917896066743,20.6747410832683,306.958948033371,152,24,0.331746278951029,91.017023438246,8.982976561754
2019,3.6208562608817,0.721451773534054,62.0502456329544,20.7416873168343,310.251228164772,153,24,0.336315187588462,90.8193526363567,9.18064736364327
2019,3.62015222670718,0.72067944427796,62.7070959930054,20.8079787751281,313.535479965027,154,24,0.362137874718046,90.6195044109085,9.38049558909155
2019,3.61238978673395,0.719953217108697,63.35863724176,20.8732580062713,316.7931862088,155,24,0.335373475495694,90.4192030147873,9.58079698521273
2019,3.61156386680204,0.71938027919084,64.0139749464393,20.938447336909,320.069874732196,156,24,0.352800934037877,90.2185396855575,9.78146031444245
2019,3.61217540407506,0.719108911541213,64.6656578078841,21.0028134673111,323.328289039421,157,24,0.370517338445352,90.0209665334189,9.97903346658109
2019,3.6160053151368,0.719333949355944,65.3139153354657,21.0663942874964,326.569576677328,158,24,0.394956570484205,89.8296228512527,10.1703771487473
2019,3.62328501400725,0.720313981670453,65.9580464387464,21.1291362316987,329.790232193732,159,24,0.417917760459538,89.6486894547305,10.3513105452695
2019,3.63417940231909,0.722391216828345,66.5990364839926,21.1911497075497,332.995182419963,160,24,0.425055758421699,89.4832819180841,10.5167180819159
2019,3.65094527669064,0.726010468057482,67.2407728354054,21.2528200572016,336.203864177027,161,24,0.415853688382375,89.3394691272764,10.6605308727236
2019,3.68071456721045,0.731717306387436,67.8876975536918,21.3145751863154,339.438487768459,162,24,0.428275909879763,89.2244288715714,10.7755711284286
2019,3.72440953041388,0.740086017691465,68.5380861645493,21.3762488938138,342.690430822746,163,24,0.445640379180747,89.146189412348,10.853810587652
2019,3.78274606248765,0.751524090522119,69.1937350532635,21.4380099207616,345.968675266317,164,24,0.455974085504407,89.1095187379963,10.8904812620037
2019,3.8563491341712,0.765867060103035,69.8589783544635,21.5002592456128,349.294891772317,165,24,0.472197946476546,89.1109811902262,10.8890188097738
2019,3.94082701874748,0.781843585635535,70.5356909517973,21.5631593347371,352.678454758987,166,24,0.513781056318429,89.1339894470177,10.8660105529823
2019,4.01887846283807,0.796892930660149,71.2209755196999,21.6264290175772,356.104877598499,167,24,0.539420616453299,89.1488502779793,10.8511497220207
2019,4.09303453862338,0.812141334765023,71.9167350440647,21.6902332142009,359.583675220323,168,24,0.516929981994558,89.1653757451153,10.8346242548847
2019,4.18711152506314,0.830733535104671,72.6318160051219,21.7553625286661,363.159080025609,169,24,0.524521756866274,89.2134438678604,10.7865561321396
2019,4.29196827305973,0.852493437431621,73.3641854781779,21.8216048654064,366.820927390889,170,24,0.486035688373144,89.2889721935691,10.7110278064309
2019,4.4222946788738,0.877235220702036,74.1252143351187,21.8899529205385,370.626071675594,171,24,0.540351570914034,89.3860224914479,10.6139775085521
2019,4.56048938975902,0.904648425046466,74.9014352641286,21.9591634040132,374.507176320643,172,24,0.54482419165926,89.5006467349502,10.4993532650498
2019,4.71079342960033,0.934463714876083,75.704389838415,22.0302335180055,378.521949192075,173,24,0.549442491918104,89.6266649716876,10.3733350283124
2019,4.87158142196523,0.96635866991883,76.5364698191287,22.1033293851693,382.682349095643,174,24,0.554221269574492,89.7590852664475,10.2409147335525
2019,5.050067104097,0.999998750713421,77.399738806761,22.1785820541193,386.998694033805,175,24,0.638393931872858,89.893494731771,10.106505268229
2019,5.22743124531023,1.03499690539431,78.281856330517,22.254875911092,391.409281652585,176,24,0.649942264148288,90.0272946629256,9.9727053370744
2019,5.3450636507025,1.05791096699573,79.1971218162107,22.3334059362159,395.985609081054,177,17,0.606538242424261,90.1564598225524,9.84354017744763
2019,5.53057806797815,1.09454412305563,80.1445778949783,22.4140344301021,400.722889474892,178,17,0.615933627803753,90.2789316110979,9.72106838890206
2019,5.72123034543399,1.1317094321375,81.1272394666215,22.4969601225449,405.636197333107,179,17,0.645871193466259,90.3930117107408,9.60698828925918
2019,5.91253084089283,1.16917663399568,82.1420238227813,22.5818650820059,410.710119113906,180,17,0.668270432211367,90.498043335809,9.50195666419099
2019,6.10554667949186,1.20678002807724,83.1905663096165,22.6688300148924,415.952831548082,181,17,0.69936641209469,90.5935152213786,9.40648477862137
2019,6.3045316326091,1.24438888688372,84.271468451428,22.7576827805345,421.35734225714,182,17,0.784310571665201,90.6795445352287,9.32045546477126
2019,6.48605576006993,1.28188292118878,85.3751520533496,22.8475923840806,426.875760266748,183,17,0.718674495410666,90.7571170753802,9.24288292461979
2019,6.68457271509536,1.31934600629996,86.528238639056,22.9406653537889,432.64119319528,184,17,0.803861842682977,90.825034458045,9.17496554195503
2019,6.86851709619725,1.35666876854359,87.7039587506588,23.0346793631887,438.519793753294,185,17,0.768044040168527,90.8858772399933,9.11412276000672
2019,7.05993873055939,1.39399603890112,88.9235960110139,23.1312814336107,444.617980055069,186,17,0.797255010083366,90.9391871699664,9.0608128300336
2019,7.25159956555749,1.43135673575901,90.1756362625869,23.2294941550012,450.878181312934,187,17,0.827180070339507,90.9867306702912,9.0132693297088
2019,7.44585453238283,1.4688602963136,91.4599806573691,23.329258291942,457.299903286846,188,17,0.873645115778313,91.0295750102073,8.97042498979267
2019,7.63647816483967,1.50662600604768,92.7738357737668,23.4303094657105,463.869178868834,189,17,0.87679523621001,91.0689613753756,8.93103862462439
2019,7.83210660847783,1.54486127396381,94.12513377209,23.5332052902046,470.62566886045,190,17,0.903008293411607,91.1064278888891,8.89357211111088
2019,8.03628638668509,1.58371391045844,95.5102576856849,23.637613758907,477.551288428425,191,17,0.977916177461537,91.1428491560399,8.85715084396013
2019,8.23458833312168,1.62331113213832,96.9211730921868,23.7428869386109,484.605865460934,192,17,0.966177804766884,91.1791795806465,8.8208204193535
2019,8.44137900539034,1.66393874697533,98.3740277885672,23.8501790099402,491.870138942836,193,17,0.984176475944025,91.215511746553,8.78448825344703
2019,8.65157681678275,1.70576935278122,99.864564813835,23.959112234903,499.322824069175,194,17,0.979044327035805,91.2529647581989,8.74703524180109
2019,8.87954453656698,1.74903994515909,101.398083936817,24.0700103994784,506.990419684085,195,17,1.06578465453633,91.2921033689222,8.70789663107777
2019,8.61940017159379,1.70117502318808,102.959755691983,24.1817495458334,514.798778459913,196,16,0.905475451135964,91.1284601520468,8.87153984795322
2019,8.85516322118139,1.74548363044493,104.50135867002,24.2909000922089,522.506793350101,197,16,1.00896994287424,91.1779072925716,8.82209270742836
2019,9.08809988412007,1.79162311642817,106.069307404724,24.4007708237331,530.346537023618,198,16,1.01174849392998,91.2314911009983,8.76850889900174
2019,9.34112869079967,1.84019426690245,107.683169879937,24.5126829768667,538.415849399685,199,16,1.08097030627057,91.2892639681453,8.71073603185473
2019,9.59844700177456,1.8907201449583,109.333663447404,24.6259326601102,546.66831723702,200,16,1.10182584137442,91.3510043682829,8.64899563171706
2019,9.87013851667205,1.94372135514009,111.031306382796,24.7411811896415,555.15653191398,201,16,1.13853363744856,91.4169742367753,8.58302576322466
2019,10.1582667022583,1.99935193794238,112.775787750637,24.8583370432982,563.878938753187,202,16,1.20268321651879,91.4873447884349,8.51265521156506
2019,10.4605268699648,2.05773479510049,114.564889876001,24.9771848564294,572.824449380003,203,16,1.26903314254471,91.5622474707778,8.43775252922218
2019,10.7659347787006,2.11902747493997,116.400980981704,25.0978166420582,582.004904908519,204,16,1.2312108142078,91.6415897521079,8.3584102478921
2019,11.1051959289045,2.18360249909829,118.305504878849,25.2215512622117,591.527524394247,205,16,1.34667235731425,91.7247528631427,8.27524713685728
2019,11.4506581997826,2.25131532244887,120.254550450585,25.346749282447,601.272752252924,206,16,1.3749105714183,91.812243302853,8.187756697147
2019,11.8238451711688,2.3224982422422,122.266778097907,25.4745307535442,611.333890489535,207,16,1.49708186540738,91.9034364701228,8.09656352987718
2019,12.1908542497667,2.39708676668931,124.32891649281,25.6039699218038,621.644582464049,208,16,1.40268979516181,91.9984042840841,8.00159571591587
2019,12.595354749744,2.47574412818173,126.483012043588,25.7375930454197,632.415060217939,209,16,1.46164739260245,92.0961070079526,7.9038929920474
2019,13.0250697204097,2.5582696421592,128.705852061351,25.8738279337335,643.529260306756,210,16,1.5706312543758,92.196786895535,7.80321310446496
2019,13.4591723844608,2.64471910308505,130.992432590977,26.0122689168331,654.962162954883,211,16,1.54053483820528,92.3024973235394,7.6975026764606
2019,13.240975863935,2.60012856514352,133.371402240793,26.1545272548677,666.857011203964,212,15,1.59868361260743,92.2468895668277,7.7531104331723
2020,3.37796979323132,0.672147774464998,54.5,19.9420239553624,272.5,141,16,0.294465112333295,92.4975433654492,7.50245663455076
2020,3.37990629390566,0.672655610685378,55.1166743508138,20.0101337740343,275.583371754069,142,16,0.293093885358222,92.3792247584101,7.62077524158992
2020,3.3828981503259,0.673169566038685,55.734008392029,20.0777865337765,278.670041960145,143,16,0.298397334976614,92.2530220755036,7.74697792449642
2020,3.42343190643005,0.681563498436317,56.3508781507917,20.1448687191706,281.754390753958,144,24,0.329155596232834,92.1189908669189,7.88100913308114
2020,3.4267745961009,0.682101758447596,56.9697009347201,20.2116509922384,284.8485046736,145,24,0.336667863428153,91.9767913788643,8.02320862113565
2020,3.42851256205636,0.68252167065446,57.5876876057993,20.2778403566016,287.938438028997,146,24,0.33680886788038,91.8267940877344,8.1732059122656
2020,3.43149946008843,0.682788635622833,58.2059913526975,20.34357008434,291.029956763488,147,24,0.352075280129797,91.669629266758,8.33037073324202
2020,3.39097691019453,0.674294695055894,58.8218367516073,20.4085564924354,294.109183758036,148,16,0.32868591801702,91.5044554207542,8.49554457924585
2020,3.39105373040735,0.67403535295977,59.4342529453008,20.4727124668602,297.171264726504,149,16,0.341696532786639,91.3324423644583,8.66755763554171
2020,3.38927485332146,0.673595113069546,60.0440796902599,20.5361409646818,300.220398451299,150,16,0.347848067447391,91.153965558253,8.84603444174698
2020,3.59971694631958,0.71480018899971,60.6523175335195,20.5989585273789,303.261587667597,151,17,0.382712677213938,91.2221595194146,8.77784048058538
2020,3.59725077691699,0.713991545338383,61.2956679155702,20.6649264436684,306.478339577851,152,17,0.39915001265962,91.031009795592,8.96899020440802
2020,3.5945793279419,0.713072828278148,61.9352343029234,20.7300297479993,309.676171514617,153,17,0.41931901382363,90.8358655611651,9.16413443883494
2020,3.59178305751666,0.712108374259499,62.570229150588,20.7942057883862,312.85114575294,154,17,0.441467333987094,90.6383037794157,9.36169622058427
2020,3.5860571267132,0.711187498806878,63.2002314749474,20.857430218537,316.001157374737,155,17,0.435116537917474,90.4409086445638,9.55909135543621
2020,3.58164800243304,0.710412271250647,63.8303550107701,20.9202289390898,319.15177505385,156,17,0.434066336789476,90.2436124076935,9.75638759230651
2020,3.57767343392835,0.709929075711212,64.4598028081009,20.982530399409,322.299014040504,157,17,0.423652551522002,90.0489488330958,9.95105116690417
2020,3.6230290709449,0.719290205134569,65.090534300242,21.0445350423598,325.45267150121,158,24,0.45758571826839,89.8597817895953,10.1402182104047
2020,3.5836820224952,0.710678303125923,65.7235459221024,21.1063442204688,328.617729610512,159,17,0.450996828288076,89.6800233718085,10.3199766281915
2020,3.59384607254607,0.712508575090328,66.3500013152846,21.1671060754607,331.750006576423,160,17,0.463443951315588,89.5160310616428,10.4839689383572
2020,3.61383133597526,0.71586306041082,66.9759953222919,21.2274250753002,334.879976611459,161,17,0.49772053924948,89.3735051506826,10.6264948493174
2020,3.63950429660119,0.7212764135539,67.5991260670611,21.2870791889967,337.995630335306,162,17,0.484620127926935,89.2603830993742,10.7396169006258
2020,3.6818037767975,0.729326684381874,68.2300062755312,21.3470860123716,341.150031377656,163,17,0.505276793309028,89.1830551476787,10.8169448523212
2020,3.73871401442093,0.740417331449034,68.8652095223975,21.4071145941579,344.326047611987,164,17,0.518575237915067,89.1469383508464,10.8530616491536
2020,3.81270722113591,0.754392320101324,69.509129302811,21.4675743092767,347.545646514055,165,17,0.559005897527496,89.1487215373202,10.8512784626798
2020,3.89416454307199,0.769997062609534,70.1597554086408,21.5282685103969,350.798777043204,166,17,0.592114028036461,89.1725709055426,10.8274290944574
2020,3.97145237152356,0.784727189310111,70.8200448083791,21.5894644062045,354.100224041895,167,17,0.62902591447807,89.1887102642745,10.8112897357256
2020,4.04929431704566,0.799682577543608,71.4884024393973,21.6510044194124,357.442012196987,168,17,0.659709709215641,89.2071004450119,10.7928995549881
2020,4.14406730980655,0.817935621113919,72.1661843225722,21.7130040163316,360.830921612861,169,17,0.693713328311945,89.2577479213839,10.7422520786161
2020,4.26122875130605,0.839321948357361,72.8561122403643,21.7756992368708,364.280561201822,170,17,0.817200306235445,89.3360884643698,10.6639115356302
2020,4.38518137945128,0.863577315896514,73.5447666859139,21.837867429945,367.723833429569,171,17,0.834915200561871,89.4384180302473,10.5615819697527
2020,4.52202478365896,0.89049848261253,74.2546599274055,21.9015297084656,371.273299637027,172,17,0.843308636931052,89.5574456660459,10.4425543339541
2020,4.66824450656806,0.919795939109084,74.9902337061387,21.9670490579643,374.951168530694,173,17,0.815537691108058,89.6876835279144,10.3123164720856
2020,4.82301273377975,0.951173042321485,75.760595335754,22.0351885967587,378.80297667877,174,17,0.766547329893968,89.8236156210235,10.1763843789764
2020,4.99662281838323,0.984314157275906,76.5716973644074,22.1064117785502,382.858486822037,175,17,0.840992425770882,89.9605879773382,10.0394120226618
2020,5.18136412399948,1.01880706164494,77.402619841198,22.1788322171662,387.01309920599,176,17,0.976709161363604,90.0967715045104,9.9032284954896
2020,5.36401358442005,1.05428663919003,78.2433336747698,22.2515566544519,391.216668373849,177,17,1.01644424103634,90.2300372944955,9.76996270550455
2020,5.55203119467468,1.09052440815062,79.1126159146081,22.3261818949453,395.563079573041,178,17,1.07784930181139,90.3567195758291,9.6432804241709
2020,5.73205056188209,1.12724512747159,80.0072048719283,22.4023853134587,400.036024359641,179,17,0.992503043420858,90.4755697569404,9.52443024305964
2020,5.92946779228656,1.16434221372434,80.9548497815857,22.4824631825329,404.774248907929,180,17,1.12098087112315,90.5836543772897,9.41634562271032
2020,6.11718784429384,1.20147892813314,81.9162633160621,22.5630396544622,409.58131658031,181,17,1.11224979116675,90.6834442745278,9.3165557254722
2020,6.31396917441089,1.23863152672682,82.9169463708347,22.6462102933751,414.584731854173,182,17,1.23100075915823,90.7730871447121,9.22691285528797
2020,6.50701491488156,1.27561302592437,83.9332126348902,22.7299631620139,419.666063174451,183,17,1.31071720141454,90.8545395189293,9.14546048107065
2020,6.6960581240786,1.31241045232382,84.9721201053293,22.81485452563,424.860600526647,184,17,1.34407926959767,90.9278288024566,9.07217119754341
2020,6.88194581029814,1.34906078712952,86.0421370357539,22.9015350366693,430.21068517877,185,17,1.34133467059974,90.9931183666828,9.00688163331724
2020,7.06745840567049,1.3856329521563,87.1498511183917,22.990481453751,435.749255591958,186,17,1.34012153482766,91.0508734847627,8.94912651523727
2020,7.24725352082367,1.42219801184311,88.2948780639559,23.0815995990653,441.47439031978,187,17,1.26262705947781,91.1021190127365,8.89788098726349
2020,7.42894527294673,1.45893077306522,89.4913273717967,23.1759341379156,447.456636858984,188,17,1.20699490852128,91.1470618686058,8.85293813139416
2020,7.6173332347626,1.49594492352556,90.7352018130696,23.2730805249469,453.676009065348,189,17,1.21958155513106,91.1870847290229,8.81291527097708
2020,7.80396207359588,1.53332888837599,92.0141924542504,23.3720063832136,460.070962271252,190,17,1.18973828002662,91.2242060575097,8.77579394249032
2020,7.99014937319185,1.57130674408718,93.3364290260853,23.4732747297023,466.682145130427,191,17,1.1253581045353,91.2600447765906,8.73995522340943
2020,8.1936029717424,1.610089204686,94.7087253820694,23.5773251863206,473.543626910347,192,17,1.20656019194999,91.2941481971068,8.70585180289326
2020,8.37897894503555,1.64970999737182,96.105412236392,23.6821515472684,480.52706118196,193,17,1.05455710533647,91.3288558597488,8.67114414025122
2020,8.58960850963904,1.69064071680005,97.5695095541014,23.7909035618174,487.847547770507,194,17,1.0937887085064,91.3628976717253,8.63710232827473
2020,8.81539653013222,1.73287249543704,99.0678128340014,23.9010251224806,495.339064170007,195,17,1.21965023704081,91.3988218414975,8.6011781585025
2020,8.59493812592967,1.68450744799061,100.586020319325,24.011431860944,502.930101596625,196,16,1.50940188684578,91.2344929746534,8.76550702534661
2020,8.81374661112473,1.72695634119492,102.002097359481,24.1133694470771,510.010486797407,197,16,1.5562337975491,91.2840997375475,8.71590026245248
2020,9.03382729416335,1.77112229291231,103.452481231527,24.2167592485857,517.262406157634,198,16,1.505384892297,91.3369323710537,8.66306762894628
2020,9.27669104023959,1.81764057548628,104.956954072885,24.3229427378606,524.784770364426,199,16,1.59467048172254,91.3931243497397,8.60687565026035
2020,9.51292752957229,1.86591607093142,106.49203487002,24.4301986449194,532.460174350102,200,16,1.48826368396947,91.4531062795056,8.54689372049441
2020,9.77327013781257,1.9167062090601,108.095526603618,24.5410898525648,540.477633018088,201,16,1.52311268842209,91.5161782735218,8.48382172647817
2020,10.0433996537079,1.9699656426599,109.74398517119,24.6539019991203,548.719925855949,202,16,1.52547746189628,91.5834331615698,8.41656683843021
2020,10.3344406103201,2.02592625737992,111.445851096382,24.7691367489745,557.22925548191,203,16,1.61145244276629,91.6547256432527,8.34527435674729
2020,10.6450439445231,2.08459655348553,113.188568697024,24.8858735437165,565.942843485121,204,16,1.76960727703248,91.7304772897504,8.26952271024961
2020,10.9589494415849,2.14596985614505,114.961598165009,25.0033622210138,574.807990825043,205,16,1.79867300287103,91.8108803661362,8.18911963386376
2020,11.2900047837737,2.21045211610293,116.791401060571,25.123296121214,583.957005302855,206,16,1.84400334662906,91.895101137574,8.10489886242597
2020,11.6389482336638,2.2781628556735,118.678133055812,25.2455977961757,593.390665279062,207,16,1.9069225038123,91.9830251167074,8.01697488329256
2020,11.9946682569649,2.3492082848237,120.621830337807,25.3701830583235,603.109151689036,208,16,1.84600812963864,92.0744867624503,7.92551323754969
2020,12.3850299949611,2.42404406857806,122.648588750851,25.4986109368094,613.242943754253,209,16,1.96911310596803,92.1687880438082,7.83121195619182
2020,12.7892573973371,2.50236392076387,124.728499869012,25.6288781497406,623.642499345062,210,16,2.04576378273773,92.2663145106124,7.73368548938759
2020,13.2107305304557,2.58442772088923,126.873595804622,25.7616515804567,634.36797902311,211,16,2.09968142012177,92.3674180640468,7.63258193595324
2020,12.9758825537408,2.53768923772645,129.09183513117,25.8973168706992,645.459175655852,212,15,2.12190572926169,92.3102387350944,7.68976126490564
2021,3.38908574798912,0.672161293033307,54.5,19.9420239553624,272.5,141,16,0.37609914228526,92.4965525520099,7.50344744799012
2021,3.39148990517129,0.672668343141347,55.1025707357749,20.0085820223573,275.512853678875,142,16,0.378128957535864,92.3799674780634,7.6200325219366
2021,3.39658085231105,0.673182523613365,55.7052145284076,20.0746426986466,278.526072642038,143,16,0.403090410939361,92.2555931895653,7.74440681043465
2021,3.39909194294412,0.673654504964653,56.3038823064144,20.1397761664797,281.519411532072,144,16,0.407711935250815,92.1238556314689,7.87614436853115
2021,3.39525331209784,0.674039366505643,56.9021259918663,20.2043830879368,284.510629959331,145,16,0.361889916279922,91.9842881080357,8.01571189196431
2021,3.39640802006588,0.674292386078669,57.5087642413789,20.2694149428267,287.543821206894,146,16,0.364009376932697,91.8364606575375,8.16353934246252
2021,3.39832108865043,0.674395800199319,58.1152072808887,20.3339497227803,290.576036404443,147,16,0.378537857952751,91.6802338152716,8.31976618472836
2021,3.39849064452289,0.67432486848643,58.7191248571594,20.3977509901779,293.595624285797,148,16,0.386156943865206,91.516699789189,8.48330021081098
2021,3.39581291420539,0.674069950627674,59.3215500301959,20.4609405552829,296.607750150979,149,16,0.37754049134197,91.3461273384019,8.65387266159815
2021,3.39388606853186,0.673633011758394,59.9251603256868,20.5238074384777,299.625801628434,150,16,0.382940865360885,91.1686236587662,8.83137634123385
2021,3.60635360190227,0.714839110804915,60.5273024135022,20.5860831885645,302.636512067511,151,17,0.436926406581562,91.2367261743562,8.76327382564376
2021,3.59942389828693,0.714033522481567,61.1611380009242,20.651172049624,305.805690004621,152,17,0.415082556716138,91.04699505482,8.95300494517999
2021,3.59853920070054,0.713114575331457,61.7979532068671,20.7160951421067,308.989766034335,153,17,0.452653959307081,90.8523958756359,9.14760412436406
2021,3.59392460918313,0.712152568982524,62.4270737955453,20.7797774996176,312.135368977727,154,17,0.458688965601122,90.6564225240548,9.34357747594522
2021,3.58887045844359,0.711227357595915,63.0540609327368,20.8428004181999,315.270304663684,155,17,0.458717045588802,90.4595575208652,9.5404424791348
2021,3.58545482495332,0.710445166732347,63.680027922904,20.9052865775656,318.40013961452,156,17,0.467592077496827,90.2629117707312,9.7370882292688
2021,3.58660456470365,0.70995143505052,64.3035328976659,20.9671028279675,321.517664488329,157,17,0.508708228175471,90.0690904196033,9.93090958039672
2021,3.58663441209526,0.709938113111232,64.9190405295475,21.0277177889649,324.595202647737,158,17,0.513707769864308,89.8819284416579,10.1180715583421
2021,3.59763241837305,0.710659254514011,65.5335500169704,21.0878361842506,327.667750084852,159,17,0.603879353283671,89.7044928702011,10.2955071297989
2021,3.6058210238071,0.712447488017346,66.1322203874134,21.1460283446209,330.661101937067,160,17,0.597465836901,89.5438507912516,10.4561492087484
2021,3.62062913003276,0.715740322648159,66.7338066919391,21.2041352624199,333.669033459696,161,17,0.579054361229314,89.4039458882566,10.5960541117434
2021,3.64525550734005,0.721074341555467,67.3420321922559,21.2625134835297,336.71016096128,162,17,0.555618009878061,89.2918845619131,10.708115438087
2021,3.68468689896052,0.729022788209939,67.9598652454484,21.3214388130459,339.799326227242,163,17,0.551206586911061,89.215007464352,10.784992535648
2021,3.74225536639683,0.739994693587016,68.5864615549005,21.3808198101729,342.932307774502,164,17,0.579398306482409,89.1784642157512,10.8215357842488
2021,3.81449594485864,0.753832351655679,69.218927581289,21.4403748622971,346.094637906445,165,17,0.610329121910304,89.1799285311087,10.8200714688913
2021,3.89098168152665,0.769308810810553,69.8596496094247,21.5003218483873,349.298248047124,166,17,0.593480447005334,89.203359846797,10.796640153203
2021,3.96793834219608,0.783972378327689,70.5190322093605,21.561615973857,352.595161046803,167,17,0.630519701721759,89.2186675216899,10.7813324783101
2021,4.04530885398072,0.798888639769776,71.1863914888479,21.6232461976275,355.931957444239,168,17,0.657883083695648,89.2365687255476,10.7634312744524
2021,4.13765021256675,0.817098437415315,71.8637449810581,21.6853889669436,359.318724905291,169,17,0.66449551244823,89.2865858747249,10.7134141252751
2021,4.24590928301219,0.838452218767315,72.5582365863931,21.7486816249171,362.791182931965,170,17,0.671135212899504,89.3637783986415,10.6362216013585
2021,4.37434035936234,0.862740621113106,73.273043817006,21.8133863438699,366.36521908503,171,17,0.742914833329961,89.4630071404767,10.5369928595233
2021,4.50994543240324,0.889669225716178,73.9991724295878,21.8786669892169,369.995862147939,172,17,0.737215982330986,89.5799366297774,10.4200633702226
2021,4.66050312686368,0.918987491666799,74.7535523242585,21.9460163384623,373.767761621293,173,17,0.766894143518683,89.7079497285146,10.2920502714853
2021,4.82289165547155,0.95035400954525,75.5320977510587,22.0150282466073,377.660488755293,174,17,0.814524591556953,89.8426539002705,10.1573460997295
2021,4.99263753401547,0.983423031786466,76.3335835289026,22.0855576579279,381.667917644513,175,17,0.845732628213777,89.9799083325628,10.0200916674372
2021,5.16825835876536,1.01787242505385,77.1627646613213,22.1579830968881,385.813823306606,176,17,0.8622187850597,90.1157422609081,9.88425773909194
2021,5.35121225374182,1.05339460378875,78.0237594051304,22.2326155304938,390.118797025652,177,17,0.90235553245861,90.2469805684729,9.75301943152714
2021,5.53961076570396,1.08968020811454,78.9133029745917,22.3091221734093,394.566514872959,178,17,0.962663286440555,90.3717365083504,9.62826349164964
2021,5.72838414468314,1.12645445838213,79.8284487466628,22.3872060536051,399.142243733314,179,17,0.9953442155213,90.4887279672145,9.51127203278551
2021,5.92244043175015,1.16351799945738,80.7747956465173,22.4672987178509,403.873978232587,180,17,1.07915672062888,90.5966139121353,9.40338608786473
2021,6.10618797500466,1.20065531869651,81.7431722841519,22.5485816564392,408.71586142076,181,17,1.0204714883124,90.6956267234209,9.30437327657909
2021,6.2915111510804,1.23784863259345,82.7600148429745,22.6332135317775,413.800074214873,182,17,0.984310696040298,90.7838806380191,9.2161193619809
2021,6.49031536839258,1.27499991278062,83.8211311914438,22.7207610637315,419.105655957219,183,17,1.11741192963958,90.8620482825737,9.13795171742628
2021,6.67352007155792,1.31193099655385,84.8953625988962,22.8086073325368,424.476812994481,184,17,1.06927514247451,90.9328154694893,9.06718453051067
2021,6.86673517478904,1.34879202586283,86.01583477776,22.8994133621124,430.0791738888,185,17,1.15103636082732,90.9947038587274,9.00529614127263
2021,7.05688744186947,1.38551168331013,87.1585671373713,22.9911781933725,435.792835686856,186,17,1.20430713290686,91.0501833322066,8.94981666779345
2021,7.2432249904952,1.42218327655739,88.3286425084327,23.0842739487581,441.643212542163,187,17,1.21181873972701,91.0998731340066,8.90012686599336
2021,7.42731173381819,1.45894847995569,89.5344466908412,23.1793174444203,447.672233454206,188,17,1.18641704449133,91.1442786894286,8.85572131057141
2021,7.61732765283072,1.49596723319528,90.7821085189967,23.2767257205194,453.910542594983,189,17,1.21864959954656,91.1841157210118,8.81588427898819
2021,7.80971858983894,1.53334440957171,92.0612827145365,23.3756303223051,460.306413572682,190,17,1.25767879909032,91.2219856519219,8.77801434807808
2021,8.00667270691823,1.57123165888873,93.3710806365558,23.4759151666732,466.855403182779,191,17,1.32123767150316,91.2585726866478,8.74142731335215
2021,8.20414359965844,1.60977074020701,94.7075042876033,23.5772330688899,473.537521438016,192,17,1.35015559680659,91.2946018797028,8.70539812029724
2021,8.39888088526785,1.64918261355622,96.077580241657,23.6800730591893,480.387901208285,193,17,1.29266276883983,91.3306138773807,8.66938612261931
2021,8.60754640205308,1.6897668593798,97.4980381626711,23.7856212260099,487.490190813355,194,17,1.33133497634351,91.3666640399227,8.63333596007732
2021,8.82517601738941,1.73161281855716,98.9524234880543,23.8925857125036,494.762117440271,195,17,1.4004032718034,91.4044106919484,8.59558930805159
2021,8.57737254078642,1.6829905955303,100.436442723009,24.0006061049591,502.182213615044,196,16,1.38205601391164,91.2406377557263,8.75936224427373
2021,8.79961309343524,1.72549416968733,101.874484823438,24.1042237326788,509.37242411719,197,16,1.46767678180042,91.2888613285586,8.71113867144146
2021,9.02864059920928,1.76968729317702,103.339761614301,24.20876043361,516.698808071503,198,16,1.53125705455006,91.3407110221344,8.65928897786557
2021,9.27168750313422,1.81604136044186,104.838030455497,24.3145880422733,524.190152277484,199,16,1.63496384587203,91.3967608609786,8.60323913902134
2021,9.49916611519777,1.8641116376565,106.364060656019,24.4212984326551,531.820303280094,200,16,1.4335926758271,91.4566644593888,8.54333554061114
2021,9.79075298642205,1.9148402510244,107.97574443545,24.532845963588,539.878722177251,201,16,1.8770992924027,91.5190220214096,8.4809779785904
2021,10.0664191634405,1.96728693977824,109.556912429458,24.6411593516228,547.784562147288,202,16,2.0105972491498,91.587998170708,8.41200182929197
2021,10.3462293269577,2.02209131788842,111.166375348342,24.7502977831561,555.83187674171,203,16,2.02560383737035,91.6614753872716,8.33852461272839
2021,10.6414098423226,2.07962522683108,112.828647744445,24.8618672362679,564.143238722224,204,16,2.06231813355729,91.7387078996329,8.26129210036714
2021,10.9523316677177,2.14000474220511,114.542446011477,24.9757019788586,572.712230057386,205,16,2.11677821217161,91.8197420943828,8.18025790561724
2021,11.2712053960905,2.20334277714617,116.307351573252,25.0916973748602,581.536757866262,206,16,2.06847534651321,91.9045262531461,8.09547374685389
2021,11.6096815695458,2.27002567870619,118.145487945249,25.211208806759,590.727439726246,207,16,2.0594798973227,91.9924456396904,8.00755436030964
2021,11.9678807692367,2.34013351188316,120.05288984443,25.3338613917906,600.264449222148,208,16,2.08223332012014,92.0835209389935,7.91647906100647
2021,12.3403076500648,2.41374675928407,122.027125556814,25.4593894697563,610.135627784068,209,16,2.05856546343557,92.1776642493136,7.82233575068643
2021,12.7432236460929,2.49113785488098,124.080295713123,25.5884438523054,620.401478565613,210,16,2.17972976563786,92.274476933844,7.725523066156
2021,13.1643984502533,2.57211692234776,126.189497397505,25.7194795153633,630.947486987525,211,16,2.30094405350394,92.3764069465584,7.62359305344162
2021,12.9165570496526,2.52465848965808,128.358338087753,25.8526379902768,641.791690438765,212,15,2.20484252707877,92.31781378459,7.68218621540995
2022,3.38188908473673,0.672161293033307,54.5,19.9420239553624,272.5,141,16,0.320686106544984,92.4965525520099,7.50344744799013
2022,3.3887617135072,0.672668039787022,55.1122140102725,20.0096430545379,275.561070051362,142,16,0.356035365692966,92.3787852011136,7.62121479888637
2022,3.39298792719839,0.673181629681388,55.7187308531358,20.0761186088372,278.593654265679,143,16,0.372411141574059,92.2539253544435,7.74607464555651
2022,3.398462078073,0.673652575074399,56.3228158558795,20.141828195554,281.614079279398,144,16,0.402270107309209,92.1215021547259,7.87849784527408
2022,3.40004982499742,0.674036623969039,56.9220218687508,20.2065235785902,284.610109343754,145,16,0.402566115899606,91.9817949179924,8.01820508200759
2022,3.40035035541216,0.674290190069032,57.5214841086991,20.270773388727,287.607420543495,146,16,0.397278623775485,91.8348529005758,8.16514709942423
2022,3.40158305333027,0.674394390639708,58.1220617172448,20.3346764508131,290.610308586224,147,16,0.40690212418197,91.6793594420488,8.32064055795119
2022,3.40238709299226,0.674324436946997,58.7209588055798,20.3979440407806,293.604794027899,148,16,0.420875697443435,91.5164636125504,8.48353638744964
2022,3.40170501801908,0.674071077824222,59.3172195098136,20.460487918025,296.586097549068,149,16,0.429929607539118,91.3466904139694,8.65330958603056
2022,3.39690159428213,0.673636817506874,59.9115304221553,20.5223927461601,299.557652110776,150,16,0.409082359341236,91.1704128494949,8.82958715050509
2022,3.60603991409345,0.714844418087822,60.5090473802809,20.5842015476684,302.545236901405,151,17,0.433734422287724,91.2390780102621,8.76092198973794
2022,3.60100887806175,0.714038715871544,61.1434587170199,20.6493629452221,305.717293585099,152,17,0.428694445472302,91.0492928191178,8.95070718088221
2022,3.59612900127447,0.713120303087305,61.7778686329967,20.7140546652107,308.889343164984,153,17,0.430070364493072,90.8550269900552,9.14497300994484
2022,3.59305461480008,0.712156785626604,62.4110240105935,20.7781584427364,312.055120052967,154,17,0.450129137101063,90.6585390735958,9.34146092640419
2022,3.58748000721117,0.711230606763544,63.0395492069426,20.8413466908327,315.197746034713,155,17,0.445323739312603,90.4614808028138,9.53851919718616
2022,3.58426760956252,0.710447174655176,63.6679168558721,20.9040816799801,318.33958427936,156,17,0.455936576526442,90.2645215391443,9.73547846085573
2022,3.5828889790801,0.709952283988866,64.2935155646878,20.9661129871937,321.467577823439,157,17,0.470477335695895,90.0704221854205,9.92957781457955
2022,3.58264543351806,0.709938039107684,64.9159263247474,21.027412113531,324.579631623737,158,17,0.472471708730254,89.8823411463404,10.1176588536596
2022,3.58707169191464,0.710659970800514,65.5378852504654,21.0882589082126,327.689426252327,159,17,0.48401998244224,89.7039226564094,10.2960773435906
2022,3.59612005852913,0.712456567494432,66.1584153179951,21.1485661544742,330.792076589975,160,17,0.487530661902109,89.5404498302317,10.4595501697683
2022,3.61449465656823,0.71576694282048,66.7800482633211,21.2085865788551,333.900241316606,161,17,0.508551392050416,89.3980602972505,10.6019397027495
2022,3.64416854650804,0.721125196095508,67.4011470910638,21.2681677801162,337.005735455319,162,17,0.540796009208479,89.2845699241766,10.7154300758234
2022,3.68183806121814,0.729097302611162,68.0217266548547,21.3273182014979,340.108633274274,163,17,0.51645360639019,89.2076365184752,10.7923634815248
2022,3.73888506445916,0.74010391687168,68.6547032481546,21.3872640439135,343.273516240773,164,17,0.535869058226762,89.1707059073327,10.8292940926673
2022,3.81072389290139,0.7539860011705,69.2952004347286,21.4475312995154,346.476002173643,165,17,0.558391241471394,89.1716989232525,10.8283010767475
2022,3.89325766506412,0.769512749068044,69.9455548924259,21.5083301140912,349.727774462129,166,17,0.608545899626402,89.194528559111,10.805471440889
2022,3.97175305927021,0.784187392006556,70.602378730321,21.5693351278941,353.011893651605,167,17,0.664647556200879,89.2103612526524,10.7896387473475
2022,4.04850181389178,0.799096437912239,71.2636744998202,21.630357182777,356.318372499101,168,17,0.685250887466388,89.2290198591952,10.7709801408048
2022,4.14142727019471,0.817302356017517,71.9361921659675,21.6920113215494,359.680960829838,169,17,0.699126541468709,89.2796721934474,10.7203278065526
2022,4.24819512426049,0.838647853704758,72.624512134847,21.754699558855,363.122560674235,170,17,0.687250799986058,89.3576133583869,10.6423866416132
2022,4.37684517102918,0.862937163458279,73.3365526083785,21.8191138773155,366.682763041892,171,17,0.763033991427238,89.457256790339,10.542743209661
2022,4.51414672620435,0.88986351995454,74.0591575389938,21.8840397915915,370.295787694969,172,17,0.778481283514395,89.5746528808726,10.4253471191274
2022,4.65820765397074,0.919165203973473,74.8061238262346,21.9506921166614,374.030619131173,173,17,0.72861408485948,89.7034447001986,10.2965552998014
2022,4.82701432352196,0.950564129313859,75.5918654276135,22.0203056514743,377.959327138067,174,17,0.855008718265671,89.8376687583282,10.1623312416718
2022,5.00210589900092,0.983614288997965,76.386078024833,22.090159042126,381.930390124165,175,17,0.962340134531035,89.975642705944,10.024357294056
2022,5.18141152824653,1.01798931599729,77.1938305065702,22.1606860017512,385.969152532851,176,17,1.03639719515186,90.1132803923216,9.88671960767839
2022,5.3602460320819,1.05339018915584,78.0226196891795,22.2325171183747,390.113098445897,177,17,1.02554771799467,90.2470687436381,9.7529312563619
2022,5.54040452373651,1.08958488738978,78.8893315970669,22.307068377467,394.446657985334,178,17,0.979382671674879,90.373548754898,9.62645124510206
2022,5.73457120120793,1.12634384136579,79.8012926852929,22.384897996554,399.006463426465,179,17,1.08791773776121,90.4907356593139,9.50926434068615
2022,5.92199494552048,1.16333283915399,80.7303628215523,22.4635528862616,403.651814107761,180,17,1.08555541198791,90.599828302527,9.40017169747295
2022,6.11109015203758,1.2004601834246,81.6973715415633,22.544752429211,408.486857707816,181,17,1.09735902533461,90.6988698555507,9.3011301444493
2022,6.3024334522253,1.23758640935296,82.6998180318248,22.6282235918047,413.499090159124,182,17,1.13997750100508,90.7880526673626,9.21194733263737
2022,6.49891481848466,1.27460255387735,83.7319868806807,22.7134360225238,418.659934403404,183,17,1.26390922749311,90.8680935594678,9.13190644053222
2022,6.68678584122532,1.3113977190257,84.7786409260863,22.7990999589671,423.893204630431,184,17,1.28048967876969,90.9405568175015,9.05944318249855
2022,6.87102651610933,1.34805857500115,85.8595264266214,22.8867953944259,429.297632133107,185,17,1.25583511906591,91.0048336316309,8.99516636836915
2022,7.05848066173704,1.38465940001021,86.9821616901652,22.9770672595074,434.910808450826,186,17,1.28151923998421,91.0613414754196,8.9386585245804
2022,7.2501753755981,1.42122781268084,88.1371185640433,23.0690946313281,440.685592820216,187,17,1.3690523962352,91.1116809308445,8.88831906915547
2022,7.43565202798455,1.45780364754248,89.312872210295,23.1619197702854,446.564361051475,188,17,1.36833230725437,91.1575720575369,8.84242794246309
2022,7.6217490061082,1.49459166383977,90.5258266031856,23.2567936060676,452.629133015928,189,17,1.3623733825264,91.1990497381269,8.80095026187314
2022,7.81173420158303,1.53175542389078,91.7771496594829,23.3537445539421,458.885748297414,190,17,1.38399458699752,91.2380326597483,8.76196734025168
2022,8.00962893841232,1.56942624802568,93.0620986344229,23.4523467250251,465.310493172114,191,17,1.47868420513927,91.2754470936986,8.72455290630142
2022,8.2030193980179,1.60769062175103,94.367637135646,23.5515617856987,471.83818567823,192,17,1.46963988549949,91.3125083243037,8.68749167569625
2022,8.40424133319287,1.64684418488841,95.713606599304,23.6528528678722,478.56803299652,193,17,1.50634841383478,91.3490661487054,8.65093385129457
2022,8.60762839677436,1.6870263407769,97.0924169354085,23.7555911780828,485.462084677043,194,17,1.50178879563279,91.3863965773801,8.61360342261987
2022,8.8312701539931,1.72848444291602,98.5127487626878,23.8603655355155,492.563743813439,195,17,1.6868984318273,91.4248773793725,8.57512262062751
2022,8.58427748645928,1.67942596155014,99.9407120736255,23.9646468099523,499.703560368127,196,16,1.71903217865905,91.2630113559717,8.73698864402833
2022,8.79426509589037,1.72123145890089,101.312769309214,24.0638715996809,506.563846546071,197,16,1.68355426027218,91.3129846472906,8.68701535270936
2022,9.02112755464539,1.76483338492383,102.733836600734,24.1656582291537,513.669183003671,198,16,1.76257158923992,91.3653987232161,8.63460127678389
2022,9.25642420535418,1.81051242179622,104.184381011176,24.2685491417394,520.92190505588,199,16,1.80954900249866,91.42194812846,8.57805187154004
2022,9.50328856327619,1.85793942152848,105.67248895778,24.3730721638472,528.362444788899,200,16,1.89621914588548,91.4818005989203,8.51819940107967
2022,9.75664597882571,1.90746870619139,107.192525666215,24.4787840011749,535.962628331075,201,16,1.91880938819378,91.5457890936823,8.45421090631774
2022,10.0236288203918,1.95937009903436,108.758595482227,24.5866101073301,543.792977411137,202,16,1.96417728233882,91.6135882139224,8.38641178607763
2022,10.3031403869301,2.01376594444871,110.36885555477,24.6963562431406,551.844277773851,203,16,2.00630022805968,91.6853880307689,8.31461196923104
2022,10.5957116074045,2.07081941424468,112.026447123187,24.8081686973427,560.132235615933,204,16,2.04079750019607,91.7611435370947,8.23885646290529
2022,10.9109040042559,2.13070115953964,113.735492095849,24.9222510539009,568.677460479247,205,16,2.19740106336894,91.8407359717488,8.15926402825114
2022,11.2324240607775,2.19328960097295,115.476076309199,25.0372171955436,577.380381545996,206,16,2.2405104772305,91.9245947360316,8.07540526396843
2022,11.5717412307598,2.25896120058162,117.272147518334,25.1545890292848,586.36073759167,207,16,2.31448933675211,92.0119597696305,7.98804023036946
2022,11.9230831174388,2.32778336359421,119.12107023013,25.2741131726033,595.605351150652,208,16,2.32660833418997,92.1027455737938,7.89725442620619
2022,12.2904337730208,2.40004578983419,121.037598489263,25.3966506240707,605.187992446314,209,16,2.31721657927457,92.196471598944,7.80352840105599
2022,12.6865403086515,2.4759558464643,123.029208880336,25.5225640890281,615.146044401682,210,16,2.45532516647986,92.2928406874259,7.70715931257407
2022,13.0892175093889,2.55530484568977,125.072121019923,25.6502535052174,625.360605099615,211,16,2.43320023690987,92.3943228727203,7.60567712727968
2022,12.8506826642609,2.50729203240669,127.199664650843,25.7816967276627,635.998323254213,212,15,2.50819252157569,92.3349208075498,7.66507919245017
