"year","assimilated_weight","ingested_weight","Weight","Length","Energy","JulianDay","feeding_hours","Metabolism","percentage_partic","percentage_filters"
1980,7.84140901512639,1.55071824176884,54.5,19.9420239553624,272.5,141,24,0.531387199421662,87.6476884706351,12.3523115293649
1980,7.87033080416399,1.55631175556539,55.9619777777751,20.1026373171513,279.809888888875,142,24,0.545796829638585,87.4984022399109,12.5015977600891
1980,7.90009323338441,1.56216586354838,57.4268534152236,20.260662077867,287.134267076118,143,24,0.557759543567455,87.3749934615532,12.6250065384468
1980,7.93068603712119,1.56826966531936,58.8952837761682,20.4162752089462,294.476418880841,144,24,0.567387838749468,87.2768084879082,12.7231915120917
1980,7.96217794167328,1.57461127319773,60.3679010958032,20.5696394956631,301.839505479016,145,24,0.575298451172671,87.2031024680138,12.7968975319862
1980,7.99445180054286,1.58111414583423,61.8452279237533,20.7208961570749,309.226139618767,146,24,0.582929402137374,87.1536550570173,12.8463449429827
1980,8.02832951555538,1.58789236912491,63.3274756845892,20.8701465473222,316.637378422946,147,24,0.59164331875893,87.1263795741855,12.8736204258145
1980,8.06369749655367,1.5948729968631,64.8147475592685,21.0174753252563,324.073737796342,148,24,0.602914778486955,87.1208954303511,12.8791045696489
1980,8.10069744393019,1.60203215852724,66.3068289885589,21.1629315168083,331.534144942795,149,24,0.618362656379742,87.1362767025189,12.8637232974811
1980,8.13912325663859,1.60935158383498,67.8032098649308,21.3065333813614,339.016049324654,150,24,0.637571204060477,87.1714678489816,12.8285321510184
1980,8.63863977311043,1.7077520008937,69.3034218909018,21.4483023645431,346.517109454509,151,24,0.663481435871758,87.5473944008691,12.4526055991309
1980,8.68276257729641,1.71602735152923,70.8983414061719,21.5966945572816,354.491707030859,152,24,0.688940317439096,87.603348831674,12.396651168326
1980,8.72792337476309,1.72442165337637,72.4969773511493,21.7431157727537,362.484886755747,153,24,0.717691449507011,87.6756115912341,12.3243884087659
1980,8.77408095657316,1.732921771842,74.0988768963048,21.887595743255,370.494384481524,154,24,0.75018540911146,87.7637914222019,12.2362085777981
1980,8.8202171575851,1.74149413308449,75.7034886690508,22.0301540499991,378.517443345254,155,24,0.781096155252164,87.86581508448,12.13418491552
1980,8.86551687886146,1.75010034060308,77.3111226762224,22.1708842566718,386.555613381112,156,24,0.805905174003598,87.9790173463369,12.0209826536631
1980,8.91022301349538,1.75870981036215,78.9228293867733,22.3099382471797,394.614146933866,157,24,0.826866753063853,88.1013247405903,11.8986752594097
1980,8.95456038779985,1.76728665857338,80.5392567394003,22.4474256217198,402.696283697001,158,24,0.846619823855389,88.2305788161284,11.7694211838716
1980,8.99873017215874,1.77578883303543,82.1605695850409,22.5834099486301,410.802847925205,159,24,0.86809607372622,88.364530501538,11.635469498462
1980,9.04266965741693,1.7841672853187,83.7863863928328,22.7179067088994,418.931931964164,160,24,0.892770722279607,88.5008317802205,11.4991682197795
1980,9.08575385227094,1.79236598308765,85.4160177613328,22.8509058431486,427.080088806664,161,24,0.918243678987592,88.636997410175,11.363002589825
1980,9.12725897607961,1.8003230630335,87.0491290168597,22.982426422138,435.245645084298,162,24,0.941350520893344,88.7703314645027,11.2296685354973
1980,9.16641582548802,1.80797049236287,88.6858732991045,23.1125252518789,443.429366495523,163,24,0.958576578187786,88.8979155095323,11.1020844904677
1980,9.20243057530358,1.81523463030658,90.3269524942087,23.2412992183442,451.634762471043,164,24,0.966339020766196,89.016610867906,10.983389132094
1980,9.23569939614165,1.82203225912842,91.9736259011222,23.3688834544278,459.868129505611,165,24,0.971000686375355,89.1230431515313,10.8769568484687
1980,9.26664361309663,1.82826982304699,93.6259590455617,23.4953158292633,468.129795227809,166,24,0.979666715379791,89.2137779263645,10.7862220736355
1980,9.29444924951556,1.83384072282547,95.2826802613924,23.6205321093458,476.413401306962,167,24,0.990189112486868,89.2853049799652,10.7146950200348
1980,9.31771155239332,1.83852211172746,96.9427842940063,23.744491092757,484.713921470032,168,24,1.00036435050498,89.3496517170459,10.6503482829541
1980,9.33566140395525,1.84221921853834,98.6054252332941,23.867165362701,493.027126166471,169,24,1.00781521243888,89.4213557285655,10.5786442714345
1980,9.35001988615536,1.84504487147101,100.270078363482,23.9885521908563,501.35039181741,170,24,1.02192057642782,89.5006057788121,10.4993942211879
1980,9.36219116763289,1.84713899974165,101.934686958024,24.1085392837335,509.673434790119,171,24,1.0487741116299,89.5878037349551,10.4121962650449
1980,9.37210867611016,1.84867242952496,103.596256026444,24.2269529922825,517.98128013222,172,24,1.08117143681052,89.6835050345466,10.3164949654534
1980,9.37984674204505,1.84984689312411,105.253217863986,24.3437273919795,526.266089319932,173,24,1.11106371470912,89.7881960845933,10.2118039154068
1980,9.38561930576605,1.85089169418667,106.905629065606,24.4589119684857,534.528145328029,174,24,1.12956172799322,89.902262592074,10.0977374079261
1980,9.3909565264588,1.85205883426872,108.555366418488,24.572678861539,542.776832092439,175,24,1.13842936088636,90.0259516587309,9.97404834126907
1980,9.39822398255783,1.85361444942706,110.204259359182,24.685189718414,551.021296795911,176,24,1.14680172340029,90.1594805235236,9.84051947647638
1980,9.29972532730239,1.83428024925706,111.852782762787,24.7965085063563,559.263913813935,177,17,1.04446002591056,90.3030831234915,9.69691687650848
1980,9.31759186883024,1.83783304615005,113.501915415619,24.9067301195406,567.509577078094,178,17,1.05594769948756,90.4568329380633,9.54316706193669
1980,9.34215562818409,1.84260613912463,115.152153023438,25.0159138763856,575.760765117188,179,17,1.07181479020614,90.6206609442777,9.37933905572226
1980,9.3750920812012,1.84885660107286,116.803947046071,25.1241139084601,584.019735230357,180,17,1.09549782154694,90.7942746761031,9.20572532389687
1980,9.4175930921052,1.856819241826,118.457396070576,25.231359506594,592.286980352878,181,17,1.12740934573598,90.9771287904132,9.02287120958683
1980,9.47025507818867,1.86669575601814,120.112753902201,25.3376888065725,600.563769511003,182,17,1.16411230261257,91.1683444283613,8.83165557163875
1980,9.53345282442825,1.87864208086905,121.771080360395,25.4431895777518,608.855401801973,183,17,1.20190908584757,91.3666316144356,8.63336838556439
1980,9.60723014368232,1.89275370098544,123.434248922083,25.5479973747134,617.171244610414,184,17,1.23646953228322,91.5702671451973,8.42973285480267
1980,9.69139841809453,1.90904973192862,125.105006860691,25.6522970603868,625.525034303453,185,17,1.26468000090037,91.7770832215207,8.22291677847932
1980,9.78570514525574,1.92745580503949,126.786685225137,25.7563026757467,633.933426125685,186,17,1.28747698126531,91.9844910227546,8.01550897724541
1980,9.88932998509628,1.94778589622645,128.482375806934,25.8602058733938,642.411879034669,187,17,1.30595696606704,92.1895431490831,7.81045685091692
1980,10.0008010524046,1.96972359522205,130.194785455222,25.9641680744954,650.97392727611,188,17,1.32142497472079,92.3889612893057,7.6110387106943
1980,10.1179262969515,1.99280843250774,131.926063974006,26.0683114599569,659.630319870031,189,17,1.335346216288,92.5791864465756,7.42081355342442
1980,10.237998828584,2.01642896156321,133.67762800813,26.1727102225521,668.38814004065,190,17,1.35169406773988,92.7571115461052,7.24288845389476
1980,10.3571821276667,2.03978721214641,135.449556460041,26.2773571359914,677.247782300204,191,17,1.37262801248375,92.918404339988,7.08159566001204
1980,10.4703718206763,2.06191425805471,137.240727541608,26.3821752002845,686.203637708039,192,17,1.39633927262169,93.0585347796108,6.94146522038918
1980,10.571708008346,2.08169144034591,139.049359105196,26.4870520079607,695.246795525978,193,17,1.42105973095443,93.1731669286269,6.8268330713731
1980,10.6546670062389,2.09787526112049,140.872849600567,26.5918322922881,704.364248002833,194,17,1.44468246210762,93.257812228648,6.74218777135203
1980,10.7126183677419,2.10915020773391,142.707713376352,26.6963162373003,713.538566881759,195,17,1.46771247284026,93.3078337660151,6.69216623398487
1980,10.1466974255979,1.99757134143077,144.549037333042,26.8002309819525,722.745186665212,196,16,1.45184421927967,93.1307427819986,6.8692572180014
1980,10.1367084742903,1.99540583823819,146.27979683543,26.8970682260739,731.398984177148,197,16,1.47758222468127,93.0999166158676,6.9000833841324
1980,10.0861679521263,1.98520648824578,148.002864118865,26.9926850524059,740.014320594324,198,16,1.50655903861827,93.0181237564912,6.9818762435088
1980,10.0117994565208,1.97025665396849,149.709457798282,27.0866259819844,748.547288991409,199,16,1.53956136247935,92.9056314505458,7.09436854945422
1980,9.93016351819674,1.95383866570331,151.393986822278,27.1786232119709,756.969934111388,200,16,1.57554312075453,92.7862379975258,7.21376200247416
1980,9.84148404388837,1.9360444238614,153.054383824229,27.2686069537298,765.271919121144,201,16,1.61177303824497,92.6593864465719,7.34061355342811
1980,9.74534445808343,1.91682507661922,154.68917388026,27.3565406666015,773.445869401298,202,16,1.64611609932347,92.5245755767021,7.47542442329789
1980,9.64135093450153,1.89613231349529,156.297227103326,27.4424065833743,781.486135516632,203,16,1.67643898883848,92.3812381854856,7.61876181451441
1980,9.52911196053002,1.87391957921964,157.877762848012,27.5262052037936,789.388814240058,204,16,1.70029698914549,92.2287371862717,7.77126281372836
1980,9.40846715440639,1.85014381285991,159.430412414944,27.6079579179106,797.152062074719,205,16,1.71799935841862,92.0663603012319,7.93363969876814
1980,9.27942024833381,1.82476616874038,160.954714382457,27.6876799889205,804.773571912285,206,16,1.73196394739405,91.8933363704123,8.10666362958765
1980,9.14187524531647,1.7977535088765,162.449725806049,27.7653606239146,812.248629030244,207,16,1.74299344094072,91.7088497499051,8.29115025009488
1980,8.99577727549761,1.76908230625771,163.914325585186,27.8409794041073,819.571627925929,208,16,1.75185410505982,91.512033327173,8.48796667282697
1980,8.84114507785538,1.73874255671499,165.347230131516,27.9145073437179,826.736150657581,209,16,1.75945315274947,91.3019768179507,8.69802318204926
1980,8.67843416461382,1.70674245390875,166.746980056663,27.9859064157134,833.734900283315,210,16,1.77209007830603,91.0777432436293,8.92225675637071
1980,8.50813098304421,1.67314449599878,168.110949235015,28.0550796335642,840.554746175076,211,16,1.79282610540181,90.8409100391852,9.15908996081483
1980,7.85995468812695,1.54553444800359,169.435999334451,28.1219055043958,847.179996672254,212,15,1.76463884432262,90.3260417300439,9.6739582699561
1981,7.82832187065962,1.55061756514843,54.5,19.9420239553624,272.5,141,24,0.470939294862761,87.6487266326786,12.3512733673214
1981,7.85775755653555,1.55623853634551,55.9714499297935,20.1036683418928,279.857249648968,142,24,0.48572460552907,87.4978194104015,12.5021805895985
1981,7.8885333819875,1.56212032528477,57.4458253309119,20.2626901615254,287.229126654559,143,24,0.500802873029786,87.3728442116022,12.6271557883978
1981,7.92035145641652,1.56825087264758,58.9233349835949,20.4192214043098,294.616674917974,144,24,0.515023098742564,87.2732244115098,12.7267755884902
1981,7.95298816309794,1.57461761270648,60.4043582141521,20.5734030450909,302.02179107076,145,24,0.527512802872906,87.1982539903711,12.8017460096289
1981,7.98656184317058,1.58120759937817,61.8894040382151,20.7253801801499,309.447020191075,146,24,0.539096621589081,87.1471105699592,12.8528894300408
1981,8.02093715362241,1.58794217746634,63.3788401205393,20.8752746792495,316.894200602697,147,24,0.551076905702275,87.1194922589759,12.8805077410241
1981,8.0569922032816,1.59494200543794,64.8727464872476,21.0231727337202,324.363732436238,148,24,0.564891926868075,87.1131990646332,12.8868009353667
1981,8.09456736408137,1.60212118151113,66.3710910247962,21.1691446617945,331.855455123981,149,24,0.582129241078815,87.1278589978221,12.8721410021779
1981,8.13338850177785,1.60946002432979,67.8734920675764,21.3132235513023,339.367460337882,150,24,0.602064122958353,87.162409682429,12.837590317571
1981,8.63264476045275,1.70787795331795,69.37965794681,21.4554492745222,346.89828973405,151,24,0.62675755588292,87.5387562379108,12.4612437620892
1981,8.67649772701253,1.71617352884188,70.9807224952952,21.6042958774068,354.903612476476,152,24,0.648922978782015,87.5941172169464,12.4058827830536
1981,8.72095113687002,1.72458978448496,72.5861080421519,21.7512128677031,362.930540210759,153,24,0.671479630931454,87.6657524533292,12.3342475466708
1981,8.76585722505528,1.73310581373556,74.1958544206166,21.8962722640861,370.979272103083,154,24,0.694173026157838,87.7524268186415,12.2475731813585
1981,8.81034301135559,1.74170841992018,75.8100226103203,22.0395439903013,379.050113051601,155,24,0.71205098792247,87.8536324447863,12.1463675552137
1981,8.85398557606443,1.75035108513539,77.4294892169515,22.1811649989828,387.147446084757,156,24,0.723654336316703,87.9658152201359,12.0341847798641
1981,8.89754147304116,1.75900313852336,79.0553378553692,22.3212823846569,395.276689276846,157,24,0.734423069803963,88.0869179486798,11.9130820513202
1981,8.94174038410394,1.76762706424468,80.6877151820583,22.4599561998964,403.438575910291,158,24,0.750122054996981,88.2148549662943,11.7851450337057
1981,8.98729844287631,1.77617771024597,82.3257605398573,22.597159684237,411.628802699287,159,24,0.777114716441323,88.3474965007117,11.6525034992883
1981,9.03365422761514,1.784601368114,83.9674835384643,22.7327751581166,419.837417692321,160,24,0.814448811187704,88.482658521845,11.517341478155
1981,9.07932794418817,1.79283854736795,85.6109716921331,22.8666978394863,428.054858460666,161,24,0.854958968416298,88.6179610155164,11.3820389844836
1981,9.12358854440903,1.80082619913746,87.255449367584,22.9989194805171,436.27724683792,162,24,0.895873413576156,88.7507241231062,11.2492758768939
1981,9.165670920187,1.80849497867488,88.9005487806948,23.1294645516737,444.502743903474,163,24,0.933913844452851,88.8780493216522,11.1219506783478
1981,9.20477581420013,1.81576993075137,90.5464044677354,23.2583954835777,452.732022338677,164,24,0.965319212331597,88.9968186684358,11.0031813315643
1981,9.23995277448584,1.82256673454242,92.1937429739689,23.3858171822043,460.968714869844,165,24,0.985233299830086,89.1036727274241,10.896327272576
1981,9.27089420420951,1.8287959676432,93.8440716062007,23.5118887666511,469.220358031003,166,24,0.994255449048358,89.1950201559905,10.8049798440095
1981,9.29764796023931,1.83435856281117,95.498715830406,23.6367481263348,477.49357915203,167,24,0.996646627910887,89.2671148896862,10.7328851103138
1981,9.31964401143584,1.8390312133489,97.1581580041476,23.7604642284746,485.790790020738,168,24,0.996931896497222,89.3318602744641,10.6681397255359
1981,9.33696979782905,1.84271974868138,98.8218609807427,23.8830282840788,494.109304903714,169,24,0.999649736368074,89.4037987583704,10.5962012416296
1981,9.35125290058707,1.84553423138372,100.488396943639,24.004367591471,502.441984718194,170,24,1.01349016425574,89.4831988539279,10.5168011460721
1981,9.36332758722945,1.84761304829077,102.154925166267,24.1243117973958,510.774625831337,171,24,1.03995936731199,89.5705303371348,10.4294696628652
1981,9.37319052668816,1.84912756225533,103.818470211168,24.2426887699709,519.092351055841,172,24,1.0724339845363,89.666350552552,10.333649447448
1981,9.38098872230957,1.85027992581464,105.477380367151,24.3594266332391,527.386901835753,173,24,1.10360399320042,89.771156390412,10.228843609588
1981,9.38700891563867,1.85129977383108,107.131494997579,24.4745597891085,535.657474987894,174,24,1.1253495891245,89.8853541326887,10.1146458673113
1981,9.39286901363698,1.85243944146092,108.78233435058,24.5882362105303,543.911671752898,175,24,1.14022263428448,90.0092210600712,9.99077893992876
1981,9.28933868009279,1.83198833351926,110.431231308646,24.7005849024311,552.156156543229,176,17,1.04388572155178,90.1430130636962,9.85698693630377
1981,9.30249223637851,1.83456137952546,112.078539566907,24.8116638373097,560.392697834537,177,17,1.05766733017588,90.2869734310142,9.71302656898581
1981,9.32026787271231,1.83808649227456,113.725561442909,24.9215916244568,568.627807214545,178,17,1.06966602682299,90.4411531593394,9.55884684066057
1981,9.34389022568776,1.8428350466155,115.373566511385,25.0304799888268,576.867832556926,179,17,1.0785247437512,90.605431257655,9.39456874234503
1981,9.37522553595366,1.84906615209996,117.024339976751,25.1384698472711,585.121699883757,180,17,1.08904837119319,90.7794301237825,9.22056987621747
1981,9.41598786913247,1.85701604592246,118.679078488689,25.2456587401129,593.395392443445,181,17,1.10585295758904,90.9625426039596,9.03745739604042
1981,9.46699851508492,1.86688727386011,120.338397482511,25.3521034136308,601.691987412555,182,17,1.12728857835836,91.1538818556443,8.84611814435567
1981,9.52883160341275,1.87883672139373,122.003405844255,25.4578897279209,610.017029221274,183,17,1.15150295082377,91.3521720095158,8.64782799048417
1981,9.60176867438952,1.89296103131371,123.675696838066,25.5631307181476,618.378484190328,184,17,1.17665368871877,91.5557238924558,8.44427610754424
1981,9.68562868601465,1.90928055604102,125.357287473781,25.66796156096,626.786437368905,185,17,1.20008125850151,91.7624264473255,8.23757355267447
1981,9.78015375328964,1.92772221348861,127.050689267687,25.7725428851589,635.253446338437,186,17,1.22277113510271,91.9697448075136,8.03025519248637
1981,9.88477023436941,1.94810099461627,128.758163679926,25.8770142223069,643.79081839963,187,17,1.24816362184248,92.1747764795131,7.82522352048686
1981,9.99825477344493,1.97010040338655,130.481167912142,25.9814614858873,652.40583956071,188,17,1.2800092694481,92.3742984118096,7.62570158819038
1981,10.1186541146297,1.99325799830122,132.220162945307,26.0859078980626,661.100814726536,189,17,1.32241542190558,92.5648133718081,7.43518662819193
1981,10.2421306874482,2.01694796640764,133.974396310413,26.190303949175,669.871981552065,190,17,1.36928012243901,92.7427211598465,7.25727884015346
1981,10.363886150882,2.04038583112963,135.74356730058,26.2946284454161,678.717836502902,191,17,1.41241861590789,92.9047589164161,7.09524108358393
1981,10.4791039874544,2.06259024045498,137.5280512731,26.3989002937607,687.640256365498,192,17,1.45336383379521,93.0457480493419,6.95425195065808
1981,10.582250407321,2.08243835203492,139.326952293636,26.5030644508621,696.634761468179,193,17,1.49383812018157,93.1612842910457,6.83871570895429
1981,10.6671544995924,2.09868148172082,141.137922092003,26.6069848907843,705.689610460015,194,17,1.53576037869453,93.2468459558947,6.75315404410535
1981,10.7267313820072,2.10999753052878,142.95699376396,26.710438811811,714.784968819799,195,17,1.57523321782704,93.2977971489529,6.70220285104706
1981,10.16043832873,1.99836110437727,144.779562840846,26.8131755382207,723.89781420423,196,16,1.56308453177534,93.1219311167305,6.87806888326946
1981,10.1499631119448,1.99619406453469,146.490751104418,26.9088165750583,732.45375552209,197,16,1.58504656399876,93.0919890076886,6.90801099231144
1981,10.0978383507231,1.98596610070356,148.194908035998,27.003293853393,740.974540179992,198,16,1.59916196526146,93.0109591814185,6.98904081858146
1981,10.0209623516931,1.97099505973509,149.885250052559,27.0962601416109,749.426250262793,199,16,1.60538050950819,92.8990725977281,7.10092740227189
1981,9.93656201200482,1.95456980078713,151.558385523777,27.187563242345,757.791927618882,200,16,1.60954962814104,92.7801127304002,7.21988726959982
1981,9.84556386322259,1.93678387780391,153.213200160408,27.2771781498582,766.066000802038,201,16,1.61718099562506,92.6534886907755,7.34651130922448
1981,9.74765198436156,1.9175872670354,154.847663472188,27.3650311626555,774.238317360938,202,16,1.62762481380845,92.5187207724092,7.48127922759077
1981,9.64251368049308,1.89692980753508,156.459813057809,27.4510539253815,782.299065289044,203,16,1.64026842888671,92.3752727944641,7.62472720553595
1981,9.52984281775917,1.87476233435746,158.047747964844,27.5351827873278,790.238739824222,204,16,1.65449322346236,92.2225487005377,7.77745129946226
1981,9.40974652945164,1.85103820164702,159.609631331781,27.617358677966,798.048156658905,205,16,1.67502867056759,92.0598895651406,7.94011043485937
1981,9.28217812246118,1.82571268213424,161.142703548846,27.6974754540417,805.713517744232,206,16,1.70487783111832,91.8866074119743,8.11339258802569
1981,9.1466213138218,1.79874618150591,162.643597343213,27.775397623707,813.217986716063,207,16,1.74041837572278,91.7019747203095,8.29802527969045
1981,9.00263807944762,1.77011056065253,164.109569415791,27.8510244237328,820.547847078957,208,16,1.77787645213052,91.5051843755678,8.49481562443219
1981,8.84987724060824,1.73979322347467,165.538546302409,27.9242908774791,827.692731512043,209,16,1.81302789417169,91.295356886521,8.704643113479
1981,8.68827664653605,1.70780223534404,166.929231627999,27.9951720124595,834.646158139996,210,16,1.84396695830866,91.071552352378,8.92844764762198
1981,8.51811076717997,1.67418335581589,168.280699933648,28.0636610776078,841.403499668242,211,16,1.87093438832803,90.8337351983804,9.16626480161962
1981,7.8689045676448,1.54648187629429,169.592034559377,28.1297507842948,847.960172796886,212,15,1.8376842234133,90.3204666200478,9.67953337995217
1982,7.83596928218077,1.55071824176884,54.5,19.9420239553624,272.5,141,24,0.504349558878575,87.6476884706351,12.3523115293649
1982,7.86484251951013,1.5563236735087,55.9662973592946,20.1031075100174,279.831486796473,142,24,0.517615689515365,87.4976750311424,12.5023249688576
1982,7.89523613423762,1.56219037461501,57.4357115534177,20.2616090643504,287.178557767089,143,24,0.531967274103357,87.37353120195,12.62646879805
1982,7.92695005910954,1.5683058864476,58.9083289147813,20.4176454508077,294.541644573907,144,24,0.546762821202922,87.2746995528312,12.7253004471688
1982,7.95971917426315,1.5746570376833,60.384323986117,20.5713350631797,301.921619930585,145,24,0.560971244679132,87.2005052611398,12.7994947388602
1982,7.99325258277695,1.5811666886898,61.8640244218418,20.7228043371308,309.320122109209,146,24,0.575082270340752,87.1507501723735,12.8492498276265
1982,8.02840638990179,1.58794880372244,63.347601662133,20.8721562336272,316.738008310665,147,24,0.590636042420078,87.1233429982221,12.8766570017779
1982,8.0650993681339,1.59493018789606,64.8350902424247,21.0194740524081,324.175451212123,148,24,0.609360023070162,87.1179016007933,12.8820983992067
1982,8.10350344687206,1.60208661758549,66.3261628558257,21.1648012439649,331.630814279128,149,24,0.633221548780084,87.1335035168205,12.8664964831795
1982,8.14278808484975,1.6093993056322,67.8201330039245,21.3081447382917,339.100665019622,150,24,0.658214112117128,87.1691037550953,12.8308962449047
1982,8.64242660222005,1.70779071614475,69.3169492668554,21.4495709166944,346.584746334277,151,24,0.684685313436458,87.5455932465026,12.4544067534974
1982,8.68594131214241,1.71605610611158,70.9083852413789,21.5976216334349,354.541926206895,152,24,0.707389413649311,87.6020487532426,12.3979512467574
1982,8.7303983326624,1.72444165181269,72.5039670051453,21.7437509998649,362.519835025726,153,24,0.732606703769669,87.6747325128588,12.3252674871413
1982,8.77620834469655,1.73293463079017,74.1033784063509,21.887998665758,370.516892031755,154,24,0.763631365806268,87.7632416124392,12.2367583875608
1982,8.8225210520393,1.74150050867467,75.7057264046087,22.0303513794874,378.528632023044,155,24,0.796430850184211,87.865549762006,12.134450237994
1982,8.86822628518938,1.75009929465556,77.3107542180918,22.1708522370675,386.553771090459,156,24,0.824728592965839,87.9790597448566,12.0209402551434
1982,8.91332081161121,1.75869966385286,78.9192381322531,22.3096306128099,394.596190661266,157,24,0.849173961446656,88.1017257311208,11.8982742688792
1982,8.95777264086279,1.76726577914311,80.5318236690657,22.4467978132152,402.659118345329,158,24,0.87055210865038,88.2313841170713,11.7686158829287
1982,9.00153930289523,1.77575653726105,82.1489926598857,22.5824456163843,410.744963299428,159,24,0.889901636379977,88.3657475792334,11.6342524207665
1982,9.0447423037568,1.78412473460993,83.7710104416508,22.7166432803712,418.855052208254,160,24,0.909846194064341,88.5024007000485,11.4975992999515
1982,9.08710427127799,1.79231559522394,85.3976416258684,22.8494160124898,426.988208129342,161,24,0.93041162379442,88.6388180362761,11.3611819637239
1982,9.127869946743,1.80026732694745,87.0285898765504,22.9807830516515,435.142949382752,162,24,0.948150943981974,88.7723085063377,11.2276914936623
1982,9.16626142311403,1.80791208391052,88.6640968820054,23.110805354226,443.320484410027,163,24,0.959505187562519,88.899953680778,11.100046319222
1982,9.20145905212688,1.81517640308643,90.3049601876409,23.2395843264911,451.524800938205,164,24,0.960804102606654,89.0186144292391,10.9813855707609
1982,9.23415640353691,1.82197724693223,91.9525470611,23.3672603662617,459.7627353055,165,24,0.960844206957588,89.1249148195172,10.8750851804828
1982,9.26500335139697,1.82822010417264,93.6066037274049,23.4938438466756,468.033018637025,166,24,0.968491935465704,89.2154557008103,10.7845442991897
1982,9.29303450196586,1.83379668116354,95.2652326726476,23.6192213441439,476.326163363238,167,24,0.980511257125966,89.2867843018452,10.7132156981548
1982,9.31667670163912,1.83848316389209,96.9269901375206,23.7433187501938,484.634950687603,168,24,0.993471829833066,89.3509636760128,10.6490363239872
1982,9.33501787578933,1.84218434183565,98.5908034088297,23.8660928310891,492.954017044148,169,24,1.00389942606323,89.4225468595263,10.5774531404737
1982,9.34942961117213,1.84501296062628,100.256111792828,23.9875396102442,501.280558964142,170,24,1.01827721527797,89.5017225385995,10.4982774614005
1982,9.36135642410115,1.84711005180644,101.921331835272,24.1075820837597,509.606659176362,171,24,1.04286300946965,89.5888526417566,10.4111473582434
1982,9.37111559471852,1.84864729795816,103.583917035171,24.2260785352383,517.919585175856,172,24,1.07355610539666,89.6844574095382,10.3155425904618
1982,9.37916852847863,1.84982601229454,105.242204181072,24.342955447332,526.211020905362,173,24,1.10586321620588,89.7890317209626,10.2109682790374
1982,9.38611134748748,1.8508740182049,106.895520666175,24.4582111277672,534.477603330873,174,24,1.13477083821319,89.903016506783,10.096983493217
1982,9.39304003337748,1.85204116569529,108.544315422284,24.571920800625,542.721577111422,175,24,1.15839287564074,90.0267616181616,9.97323838183838
1982,9.29040307263165,1.83165978518735,110.189633321713,24.6841968974976,550.948166608563,176,17,1.06536684576923,90.1605333017491,9.83946669825096
1982,9.30424376490189,1.83425771679504,111.832880883416,24.795171446589,559.164404417078,177,17,1.08431755520988,90.3044886363695,9.69551136363054
1982,9.32303266580228,1.83780596270464,113.474947708591,24.9049367096177,567.374738542955,178,17,1.10453591793539,90.4586991005732,9.54130089942684
1982,9.34833272618902,1.84257446792521,115.116558720181,25.0135704157957,575.582793600907,179,17,1.12783502278638,90.6230705108372,9.37692948916285
1982,9.38133953604241,1.84882049240786,116.758388191871,25.1211439448458,583.791940959355,180,17,1.15334045566709,90.7972858271533,9.20271417284675
1982,9.42307378702417,1.85677921401678,118.401523751875,25.2277526188805,592.007618759373,181,17,1.17950815647747,90.9807260972437,9.01927390275631
1982,9.47462502087223,1.86665241822557,120.047565248019,25.3335208987504,600.237826240096,182,17,1.20696496377432,91.1724227604306,8.82757723956937
1982,9.53684898918417,1.8785953785659,121.698204221059,25.4385743896233,608.491021105293,183,17,1.23639567814727,91.3710498459307,8.62895015406929
1982,9.61029523281369,1.89270252570849,123.355165473807,25.5430361393367,616.775827369033,184,17,1.26854904211916,91.5749002398336,8.42509976016644
1982,9.69475030590653,1.90899155436267,125.020132960144,25.6470221571896,625.100664800722,185,17,1.30042524392149,91.7818743856635,8.21812561433645
1982,9.78957921943893,1.92738667189921,126.695346823319,25.7506785062297,633.476734116594,186,17,1.32937959355937,91.989445524065,8.01055447593503
1982,9.89397219020947,1.94770068992227,128.383447878382,25.8541704191524,641.917239391911,187,17,1.35672824102664,92.1946864542591,7.8053135457409
1982,10.0064587271163,1.96961575350203,130.086650294543,25.9576313594343,650.433251472714,188,17,1.38390767902258,92.3943381773677,7.60566182263227
1982,10.1248395360965,1.99266959846374,131.806585327609,26.0611550408972,659.032926638046,189,17,1.41246995388771,92.5848592701432,7.41514072985676
1982,10.2459249947599,2.01624861789469,133.544132437913,26.1647871418612,667.720662189564,190,17,1.4416640621586,92.7631582592805,7.23684174071945
1982,10.3654988887045,2.03955374448741,135.299681887733,26.2685428802191,676.498409438664,191,17,1.46983271961812,92.9248808180789,7.07511918192109
1982,10.4786363822178,2.06161685912642,137.073110712085,26.3724069629798,685.365553560425,192,17,1.49690983167167,93.0654531595994,6.93454684040062
1982,10.5796513586904,2.08132111803988,138.863322826177,26.4763083807536,694.316614130887,193,17,1.52277729441321,93.1805196161634,6.81948038383661
1982,10.6622356238123,2.09742579284327,140.668107398115,26.5801148052468,703.340536990574,194,17,1.54740293096635,93.2655915396019,6.73440846039808
1982,10.7197655795953,2.10861866704727,142.483997588573,26.6836273369617,712.419987942864,195,17,1.57128361659441,93.3160510540196,6.68394894598045
1982,10.152943004902,1.99700293156973,144.3061021344,26.7865740117544,721.530510672002,196,16,1.55192737255809,93.1397025535627,6.86029744643725
1982,10.142253724362,1.99476898532939,146.018168833074,26.882481367962,730.09084416537,197,16,1.57526633748104,93.1093958840033,6.89060411599672
1982,10.0908897449974,1.98451413809298,147.722892654021,26.9772017960932,738.614463270107,198,16,1.60005290976988,93.0281920370372,6.97180796296278
1982,10.0155725497904,1.96951788863232,149.411826324796,27.0702965264108,747.059131623982,199,16,1.62695448732161,92.9163171460429,7.08368285395709
1982,9.93277331185005,1.95305478292145,151.079736193869,27.1615153614672,755.398680969344,200,16,1.65384415675319,92.797505591704,7.202494408296
1982,9.84291471029526,1.93521822079674,152.725110410919,27.2508165511792,763.625552054597,201,16,1.68005213926748,92.6711819001576,7.32881809984242
1982,9.74593937614515,1.91595983657844,154.346656751001,27.3381708416824,771.733283755008,202,16,1.70803401647532,92.5368389755665,7.46316102443349
1982,9.6417757731089,1.89522970655034,155.942581588085,27.4235225322352,779.712907940425,203,16,1.74043272413534,92.3939338982492,7.60606610175077
1982,9.53034416488416,1.87297736519936,157.510549921862,27.5067882213036,787.552749609311,204,16,1.78016123045944,92.241885621599,7.75811437840104
1982,9.41107750058042,1.84915312972625,159.047630111452,27.5878547389743,795.238150557262,205,16,1.82338318169933,92.0800740783614,7.91992592163861
1982,9.2833392384072,1.82371327970459,160.551546714166,27.6666453969881,802.75773357083,206,16,1.86418363005689,91.9077938346598,8.09220616534017
1982,9.14689437058071,1.79662371094624,162.02108220701,27.7431394757869,810.105411035049,207,16,1.90132900278105,91.7242402555446,8.27575974445545
1982,9.00157677762778,1.76786095250607,163.455220671673,27.8173262008354,817.276103358367,208,16,1.93368192323703,91.5285440079647,8.47145599203535
1982,8.84729056692491,1.73741609905379,164.853142313781,27.8892041100464,824.265711568905,209,16,1.95992729887552,91.3197800282754,8.68021997172456
1982,8.68402607493466,1.70529973371167,166.214273011113,27.9587832729809,831.071365055564,210,16,1.97841327774345,91.0969815875916,8.90301841240844
1982,8.51221489910018,1.67158100136008,167.538368823071,28.0260892329393,837.691844115357,211,16,1.98986668159189,90.8616394640617,9.13836053593827
1982,7.8620684484197,1.54396866234974,168.825128351059,28.0911430465484,844.125641755296,212,15,1.93877365526309,90.3489312352823,9.6510687647177
1983,7.82189744169036,1.55071824176884,54.5,19.9420239553624,272.5,141,24,0.440618824052149,87.6476884706351,12.3523115293649
1983,7.85076888296812,1.55635107607213,55.9762291381618,20.1041885029765,279.881145690809,142,24,0.451885903566808,87.4960030940625,12.5039969059375
1983,7.88126334868017,1.56224644572308,57.4559745289918,20.2637749115836,287.279872644959,143,24,0.464522250354213,87.3701866730118,12.6298133269882
1983,7.91326564869198,1.56839184910297,58.9392862609346,20.420896317946,294.696431304673,144,24,0.478383922800395,87.2696957267619,12.7303042732381
1983,7.94653535607691,1.57477380060975,60.4262200962358,20.5756591365408,302.131100481179,145,24,0.492751033075062,87.193881112607,12.806118887393
1983,7.98063794935288,1.58131459643375,61.9169276059584,20.7281727863585,309.584638029792,146,24,0.50744551969391,87.1425766245815,12.8574233754185
1983,8.01629415636896,1.58812804216101,63.4115089779696,20.8785347717428,317.057544889848,147,24,0.523198798456496,87.1137039479983,12.8862960520017
1983,8.05328488670588,1.59514101614252,64.9100621636278,21.0268364878064,324.550310818139,148,24,0.540833238177957,87.1068720975297,12.8931279024703
1983,8.09163996265796,1.60232981489269,66.4124767150993,21.1731437986773,332.062383575497,149,24,0.561267546073981,87.1211279982581,12.8788720017419
1983,8.13056668672601,1.60967668156067,67.9184642928697,21.3175019290854,339.592321464349,150,24,0.580952315203465,87.1553733229157,12.8446266770843
1983,8.6289492575386,1.70810947142286,69.4282877773892,21.460005321811,347.141438886946,151,24,0.601075410267615,87.5307754599444,12.4692245400556
1983,8.67193554007228,1.71641514148561,71.0337491801029,21.6091854084381,355.168745900514,152,24,0.617546999365989,87.5858295611045,12.4141704388955
1983,8.71595431654485,1.72484388711542,72.6444969061153,21.756513459359,363.222484530577,153,24,0.636457400334357,87.6570675935515,12.3429324064485
1983,8.76152772641352,1.73338293253995,74.2602476536961,21.9020291222575,371.301238268481,154,24,0.661293513690054,87.7440926322355,12.2559073677645
1983,8.80752120329138,1.74199762051384,75.8801249693974,22.0457178217931,379.400624846987,155,24,0.686960370196121,87.8448843866427,12.1551156133573
1983,8.85283699404575,1.7506482592074,77.5040442758717,22.1876348676392,387.520221379359,156,24,0.708067093353726,87.9568323643342,12.0431676356658
1983,8.89801214624777,1.75930330339447,79.1327793921952,22.327906071126,395.663896960976,157,24,0.728515937168035,88.077898852105,11.9221011478951
1983,8.94355456978972,1.76792514694646,80.7664308361313,22.4665936468934,403.832154180656,158,24,0.752651222038183,88.205985455627,11.794014544373
1983,8.9899581664134,1.77646924860502,82.4043315740829,22.6036928284426,412.021657870414,159,24,0.785472321995057,88.338924665982,11.661075334018
1983,9.03600938489155,1.78488315504753,84.0449132068694,22.7391254731009,420.224566034347,160,24,0.821394226890206,88.4744748156582,11.5255251843418
1983,9.0802419513233,1.79311080175479,85.6874813654253,22.8728885604019,428.437406827127,161,24,0.852282549362802,88.6101255890899,11.3898744109101
1983,9.12272596176025,1.80109298297388,87.33267501381,23.0050858363549,436.66337506905,162,24,0.880257562830716,88.7430625966409,11.2569374033591
1983,9.16348344954836,1.80876181859271,88.9807227396987,23.1357834895575,444.903613698494,163,24,0.907760723576344,88.8703441221503,11.1296558778497
1983,9.20251125704408,1.81604109343803,90.6313688934395,23.2650068277322,453.156844467198,164,24,0.937660802893577,88.9889030653147,11.0110969346853
1983,9.23893201519682,1.82284218729866,92.2837830823196,23.3927358968485,461.418915411598,165,24,0.966740740432705,89.0955280871057,10.9044719128943
1983,9.27171133679461,1.82907079858608,93.9376025008301,23.5189873394996,469.68801250415,166,24,0.990406403619366,89.1867875991311,10.8132124008689
1983,9.30047780980682,1.83462556409633,95.5931759129785,23.6438304363876,477.965879564893,167,24,1.00947133567192,89.2590048436218,10.7409951563782
1983,9.3242414845379,1.83928158019009,97.2506146648474,23.7673136823445,486.253073324237,168,24,1.02495017357839,89.3241023229828,10.6758976770172
1983,9.34268011097742,1.8429451384185,98.9096287458169,23.8894540232865,494.548143729085,169,24,1.03797843914899,89.3965937521888,10.6034062478112
1983,9.35676450820964,1.84572956101119,100.56963615231,24.0102465957986,502.848180761551,170,24,1.05182959699129,89.476670766483,10.523329233517
1983,9.36743623657656,1.84777842178731,102.229593916164,24.1296538722793,511.14796958082,171,24,1.06836379048487,89.5646576138529,10.4353423861471
1983,9.37544050914286,1.84926733197639,103.888274939306,24.2476270456125,519.441374696532,172,24,1.08642185140828,89.6609800589841,10.3390199410159
1983,9.38166143021905,1.8503998269495,105.544832603174,24.3641461048453,527.724163015871,173,24,1.10475725907583,89.7660835227991,10.2339164772009
1983,9.38711181050438,1.85140441449884,107.198845999572,24.479221364596,535.99422999786,174,24,1.12206352491448,89.8804054995568,10.1195945004432
1983,9.3933483865081,1.85253038091001,108.85035763706,24.5928944097469,544.251788185302,175,24,1.14097433512287,90.0043417696179,9.99565823038211
1983,9.29051343252098,1.83205258057543,110.499194149584,24.705190434254,552.49597074792,176,17,1.05164907788965,90.1382609694315,9.86173903056854
1983,9.30480367202584,1.83461103046244,112.1451782734,24.8161333078525,560.725891366999,177,17,1.07602410192506,90.2824421090222,9.71755789097779
1983,9.32408617151396,1.83812099503003,113.78898434121,24.9258024325218,568.944921706049,178,17,1.10221014352265,90.436975117719,9.56302488228095
1983,9.34957903839355,1.84285402718976,115.431237378595,25.0342707791651,577.156186892974,179,17,1.1288366304114,90.6017743104977,9.3982256895023
1983,9.38242218843507,1.84906939493903,117.073079553569,25.1416420974416,585.365397767846,180,17,1.15425906976954,90.7764916018374,9.22350839816255
1983,9.42384519738487,1.85700407657545,118.716209232729,25.2480519727059,593.581046163645,181,17,1.17862991435555,90.9604690827758,9.03953091722417
1983,9.47502555373584,1.86686116458796,120.362539407224,25.3536445368554,601.812697036118,182,17,1.20327524662165,91.1527202949724,8.84727970502757
1983,9.53689669314013,1.87879700620516,122.01395245376,25.4585565904117,610.069762268801,183,17,1.22953911878248,91.3519093331072,8.64809066689282
1983,9.61008732828927,1.89290692331099,123.672247656386,25.5629146772234,618.361238281931,184,17,1.25888987907577,91.5563256610322,8.44367433896779
1983,9.69421354573007,1.90920930564876,125.339055332558,25.6668302355453,626.695276662792,185,17,1.28662574809078,91.7638722760394,8.23612772396063
1983,9.7886449228412,1.92762910550018,127.016868275509,25.7704637010753,635.084341377547,186,17,1.31011939573121,91.9720059417399,8.02799405826015
1983,9.89291721803673,1.94797973789672,128.708577322566,25.8739939510473,643.542886612829,187,17,1.33417069895449,92.1777833892053,7.82221661079474
1983,10.0059142948374,1.96994319107786,130.41601894609,25.9775297448052,652.080094730448,188,17,1.36391141194367,92.3779610938259,7.62203890617408
1983,10.1258019441577,1.99305570164018,132.139778554543,26.0811010755482,660.698892772715,189,17,1.40495455533957,92.5690395696914,7.43096043030865
1983,10.2486896554175,2.01669988193826,133.878950771487,26.1846484847453,669.394753857435,190,17,1.44975304751367,92.7479927713204,7.25200722867956
1983,10.3696652755125,2.0400725426627,135.63336046598,26.2881575365806,678.166802329901,191,17,1.48943064535943,92.9104618421791,7.08953815782093
1983,10.4842234833743,2.06220239007212,137.403624093625,26.3916603892246,687.018120468123,192,17,1.52850455200672,93.0518113857784,6.94818861422158
1983,10.5870944346545,2.08196775403305,139.188552154798,26.4950838803685,695.94276077399,193,17,1.57182254307687,93.167665776762,6.83233422323801
1983,10.6723838727575,2.09812070695495,140.984930594189,26.5982417106559,704.924652970947,194,17,1.62486767516386,93.2535537864851,6.74644621351492
1983,10.7324683145688,2.10933881832341,142.78726947222,26.7008252251033,713.936347361099,195,17,1.67784493403598,93.3049117129472,6.69508828705282
1983,10.1661406158865,1.99766819782146,144.590513578016,26.8025610328243,722.952567890081,196,16,1.67247293922742,93.1292131504854,6.87078684951459
1983,10.1559021418193,1.99540881827031,146.281023169151,26.8971365564888,731.405115845755,197,16,1.70488351394792,93.0998721854973,6.90012781450269
1983,10.1045051950836,1.98510674379109,147.962468531658,26.9904523169681,739.812342658289,198,16,1.73483820829183,93.0195763934569,6.98042360654313
1983,10.0290839955456,1.97005247088147,149.627087489843,27.0821090275042,748.135437449213,199,16,1.76735608749817,92.9085886308046,7.09141136919541
1983,9.94624431793181,1.95352860496792,151.269543574002,27.1718514658296,756.347717870008,200,16,1.80120679223214,92.7906998090062,7.20930019099375
1983,9.85608432058893,1.93562751682901,152.888069832667,27.2596244676611,764.440349163334,201,16,1.83125954331932,92.6653440753654,7.33465592463458
1983,9.75832658338092,1.91630200532088,154.481946395212,27.3454300661876,772.409731976058,202,16,1.85668834946081,92.5319949046028,7.4680050953972
1983,9.65269081440842,1.89550491669323,156.050564135371,27.4292755190278,780.252820676856,203,16,1.87657572231823,92.3900681154225,7.60993188457749
1983,9.5389116075748,1.87319038989258,157.593442437046,27.5111740532053,787.967212185232,204,16,1.89008920800733,92.2389173975229,7.76108260247712
1983,9.41727442333871,1.84931538711664,159.110215184649,27.5911439217548,795.551075923245,205,16,1.90458619251545,92.0778317182682,7.9221682817318
1983,9.28784738481045,1.82383770765094,160.599102980023,27.6691284785913,802.995514900115,206,16,1.92456890668356,91.9060883496492,8.09391165035084
1983,9.1500906864319,1.79671973786702,162.057441399658,27.7450259479778,810.28720699829,207,16,1.94483342184669,91.7229346578801,8.27706534211988
1983,9.00354201534632,1.76793634911157,163.483501180426,27.8187845572681,817.417505902128,208,16,1.95989034166618,91.5275268595717,8.47247314042829
1983,8.84785182479355,1.73747911301563,164.876560523557,27.8904045961715,824.382802617786,209,16,1.96420525609392,91.3189361145626,8.68106388543737
1983,8.68366481378443,1.70536126025228,166.236936250894,27.9599384202941,831.184681254472,210,16,1.96702531653707,91.0961630133448,8.90383698665516
1983,8.5118929944283,1.6716490470647,167.563225849045,28.0273492052198,837.816129245224,211,16,1.9783067178512,90.8607394198092,9.13926058019083
1983,7.86223855154794,1.54403828605358,168.852219997928,28.0925089798832,844.261099989639,212,15,1.93559141950873,90.3479159341899,9.65208406581012
1984,7.82922684747781,1.55071824176884,54.5,19.9420239553624,272.5,141,24,0.472738477280517,87.6476884706351,12.3523115293649
1984,7.85763892555628,1.55633739637176,55.9712710886736,20.1036488765221,279.856355443368,142,24,0.482863785943497,87.4968377263462,12.5031622736538
1984,7.88761055949517,1.56221938353677,57.4461949281106,20.2627296665547,287.230974640553,143,24,0.49406224587707,87.3718007890815,12.6281992109185
1984,7.91865198541141,1.56835181158743,58.9248681403201,20.4193824023293,294.624340701601,144,24,0.504347939821713,87.2720260628214,12.7279739371786
1984,7.95026722008889,1.57472214566341,60.4076865018422,20.5737465527618,302.038432509211,145,24,0.511581477412687,87.1968111671894,12.8031888328106
1984,7.98271069104363,1.58125433312421,61.8953743861339,20.7259860192602,309.47687193067,146,24,0.518786682634518,87.1459061864988,12.8540938135012
1984,8.01726275762746,1.58806238730597,63.3881021928963,20.8761990794377,316.940510964482,147,24,0.529459777656091,87.1172337980458,12.8827662019542
1984,8.05319609813475,1.59507220859439,64.8855970485007,21.0244346023752,324.427985242503,148,24,0.541978939448792,87.1104705764608,12.8895294235392
1984,8.0900379785334,1.60226017509958,66.3877648728784,21.1707560798926,331.938824364392,149,24,0.554622110971962,87.1246702918446,12.8753297081554
1984,8.12733750816952,1.60960980541873,67.8947613342654,21.3152472232078,339.473806671327,150,24,0.565466509028907,87.1586821274289,12.8413178725711
1984,8.62468959875403,1.70804861536194,69.4070363517379,21.4580145850715,347.03518175869,151,24,0.580581192328091,87.5336028260662,12.4663971739338
1984,8.66759321135911,1.71636356331445,71.0157448737619,21.6075255369075,355.078724368809,152,24,0.595945823847062,87.588157994029,12.411842005971
1984,8.71133513003463,1.72480222025191,72.6299445660812,21.7551926632111,363.149722830406,153,24,0.61259624070664,87.6588960309878,12.3411039690122
1984,8.75545849335379,1.73335233139045,74.2495438862384,21.9010724294692,371.247719431192,154,24,0.62846810133313,87.7453985662215,12.2546014337785
1984,8.79939667731316,1.74198235715101,75.8747725838013,22.0452465837585,379.373862919006,155,24,0.641268259604594,87.8455182478128,12.1544817521872
1984,8.84297133821504,1.75065440034596,77.5062054884614,22.1878223524003,387.531027442307,156,24,0.650930930148698,87.9565840003681,12.0434159996319
1984,8.88653400916835,1.75933615587649,79.1443946698112,22.3288991529144,395.721973349056,157,24,0.660236188216891,88.0766037910105,11.9233962089895
1984,8.93021179763127,1.76798975967417,80.7894062189481,22.4685301228431,403.94703109474,158,24,0.67097336148239,88.2035002132278,11.7964997867721
1984,8.97410692317457,1.77657159413879,82.4409734992177,22.6067381027167,412.204867496088,159,24,0.685039926717009,88.3350790644571,11.6649209355429
1984,9.0183021081039,1.78503156031889,84.0984705250291,22.7435155364487,420.492352625146,160,24,0.704561426922606,88.4690199019616,11.5309800980384
1984,9.06239986732814,1.79331228687134,85.7608624388054,22.8788225146169,428.804312194027,161,24,0.729257251194042,88.6028692805508,11.3971307194492
1984,9.10563924761944,1.80134955040393,87.4270906953686,23.0126196302925,437.135453476843,162,24,0.756830238570872,88.7339926963442,11.2660073036558
1984,9.14748202780107,1.8090725353463,89.0964036675483,23.144893931549,445.482018337742,163,24,0.786350952087103,88.8595395835839,11.1404604164161
1984,9.18736014715102,1.81640369336747,90.7681276275941,23.2756393803082,453.84063813797,164,24,0.816784985168439,88.9764707826055,11.0235292173945
1984,9.22464251859561,1.82325485761111,92.4416817580976,23.4048575372442,462.208408790488,165,24,0.846885976933447,89.0815383132438,10.9184616867562
1984,9.25837513589473,1.82953125366391,94.1166079217034,23.5325593193054,470.583039608517,166,24,0.873189874221187,89.1713048593406,10.8286951406594
1984,9.28784186297965,1.83513052158388,95.7929495980049,23.6587927674225,478.964747990025,167,24,0.893913706549749,89.2421036047172,10.7578963952828
1984,9.31207821310176,1.83982565371199,97.4709632039576,23.783619454437,487.354816019788,168,24,0.910055533963135,89.3058381572346,10.6941618427654
1984,9.33080461523613,1.8435203952293,99.1505121860181,23.9070694198447,495.752560930091,169,24,0.92294181685826,89.3770120035787,10.6229879964213
1984,9.34478432306742,1.84632768026084,100.831138320761,24.0291481696388,504.155691603803,170,24,0.933892875264537,89.4558037419575,10.5441962580425
1984,9.35506000482438,1.84839168719995,102.51227150964,24.149853058186,512.561357548199,171,24,0.945223939709391,89.5424996579561,10.4575003420439
1984,9.36270809841151,1.84988857117343,104.193086676215,24.2691636342087,520.965433381074,172,24,0.958367600278725,89.6374975130261,10.3625024869739
1984,9.36876710479693,1.85102162809593,105.872687059355,24.3870554047454,529.363435296776,173,24,0.973465641406293,89.74125289544,10.25874710456
1984,9.37439468944618,1.85201904763832,107.550354793318,24.5035173273923,537.751773966592,174,24,0.990624242895162,89.8542335410374,10.1457664589626
1984,9.38086595847498,1.85313020080873,109.225581852302,24.6185531715689,546.12790926151,175,24,1.01004739295855,89.9768858296368,10.0231141703632
1984,9.38952218993946,1.85461980630852,110.898073962754,24.7321809795114,554.490369813768,176,24,1.03186375200828,90.1095925709676,9.89040742903236
1984,9.40179503121991,1.85676421577013,112.56777888502,24.8444342054353,562.838894425098,177,24,1.05647996302682,90.2526379594723,9.74736204052772
1984,9.41912805782409,1.85984366759452,114.234848864685,24.955358441556,571.174244323425,178,24,1.08426959534442,90.4061592723673,9.59384072763264
1984,9.33724949997227,1.84326836561717,115.899649604297,25.0650114047462,579.498248021484,179,17,1.00804401612299,90.5700993875189,9.42990061248111
1984,9.37101899933167,1.84945463588367,117.563129598578,25.1734863176897,587.815647992891,180,17,1.04021306467232,90.7441327402505,9.25586725974954
1984,9.41307953715625,1.8573658888131,119.226726631735,25.2809041928228,596.133633158673,181,17,1.0692288314208,90.9276257635484,9.07237423645162
1984,9.46411413664157,1.86720886547538,120.892715892764,25.3874346833493,604.463579463821,182,17,1.09162011842512,91.1195731685563,8.88042683144372
1984,9.52563089550082,1.87914395616823,122.564202465715,25.4932933320513,612.821012328576,183,17,1.11316747886457,91.3185672887483,8.68143271125169
1984,9.59884329764265,1.8932698678951,124.243435777238,25.5986341966348,621.21717888619,184,17,1.14019118874423,91.5228767203547,8.47712327964525
1984,9.68460409887164,1.90960775276853,125.931642737834,25.7035424074285,629.658213689172,185,17,1.17974745154293,91.7304312552761,8.26956874472389
1984,9.7817751506089,1.92808344744574,127.628808479427,25.8080239189279,638.144042397133,186,17,1.22544556408183,91.9388201669942,8.06117983300583
1984,9.88833594006592,1.94851025568118,129.335967709999,25.9121482584657,646.679838549997,187,17,1.26721049748756,92.1451706819548,7.85482931804521
1984,10.0028738741399,1.97057041552628,131.05576488066,26.0160793128895,655.278824403301,188,17,1.30662083012552,92.3461543779655,7.65384562203453
1984,10.1232470495567,1.99379992918838,132.790244649949,26.1199393117281,663.951223249745,189,17,1.34560073788113,92.5381583211665,7.46184167883347
1984,10.2465337713726,2.01758144847101,134.540636884977,26.2237979613781,672.703184424886,190,17,1.38623919907576,92.7180237516674,7.28197624833265
1984,10.3680641755657,2.04110925898792,136.307167801458,26.3276637147947,681.53583900729,191,17,1.42258129707606,92.881346953859,7.11865304614098
1984,10.4823521354526,2.06340741386066,138.090319258969,26.4315595427545,690.451596294846,192,17,1.44890679053331,93.0234704256393,6.97652957436072
1984,10.5839876177927,2.08335153984583,139.890618465702,26.535510189666,699.45309232851,193,17,1.46817113875543,93.1399209401877,6.86007905981228
1984,10.6669364453437,2.09969159621958,141.7069179909,26.6394441014707,708.534589954498,194,17,1.48361847171626,93.2261248502929,6.77387514970708
1984,10.7248021617047,2.11110387454126,143.536213624516,26.7431874228698,717.68106812258,195,17,1.49864855485524,93.2774063742149,6.72259362578512
1984,10.1575489960332,1.99948651187647,145.373541400598,26.8464627868532,726.867707002989,196,16,1.47108050467308,93.1003389987299,6.89966100127012
1984,10.1466285868886,1.9973940813828,147.1023666592,26.942811815876,735.511833296001,197,16,1.48260180775294,93.0701188503393,6.92988114966067
1984,10.0950568802678,1.9872282915405,148.826145107919,27.0380969938907,744.130725539595,198,16,1.49803433138424,92.9885228466094,7.01147715339061
1984,10.0200598190874,1.97229390733842,150.535939889281,27.1318523246696,752.679699446407,199,16,1.52251484300605,92.8759647308156,7.12403526918439
1984,9.93884722729186,1.95589785591433,152.225234956139,27.2237574766401,761.126174780694,200,16,1.56153783451132,92.7564395069238,7.2435604930762
1984,9.85137787041075,1.93812637291499,153.889859990646,27.3136277237192,769.44929995323,201,16,1.61066934120365,92.6294640169182,7.37053598308175
1984,9.75664317645418,1.91892593123472,155.526525420883,27.4013303119032,777.632627104413,202,16,1.66160748144498,92.4946020752159,7.50539792478411
1984,9.65436563657971,1.89824617084398,157.133402487432,27.4868130653569,785.667012437162,203,16,1.71423850906597,92.3513115839569,7.64868841604311
1984,9.54427447770217,1.87603739761879,158.708631460425,27.5700228394236,793.543157302124,204,16,1.76847368556182,92.1989943651954,7.80100563480461
1984,9.42611284429095,1.85225209937193,160.250318149581,27.6509052643991,801.251590747905,205,16,1.82424837845219,92.0369933400669,7.96300665993315
1984,9.29891768522131,1.82684691659229,161.756532025302,27.7294045765661,808.782660126512,206,16,1.87036693083885,91.8645910026359,8.13540899736407
1984,9.16209812441704,1.79979060323809,163.227391335715,27.805571181266,816.136956678575,207,16,1.89885448216654,91.68093518405,8.31906481595001
1984,9.01598426529452,1.77106595697571,164.664492521705,27.879529030344,823.322462608525,208,16,1.91481717313583,91.4850629230404,8.51493707695956
1984,8.86094788406663,1.74066746172694,166.068477478802,27.9513494360919,830.342387394011,209,16,1.92390583863223,91.2759962265648,8.72400377343525
1984,8.6974143734005,1.70860565081671,167.438933348722,28.0210476667522,837.194666743609,210,16,1.93191069452667,91.0527616716295,8.94723832837049
1984,8.52603375504889,1.67494581654114,168.77437587677,28.0885837470849,843.871879383847,211,16,1.9442014938871,90.8168996248653,9.18310037513465
1984,7.87572344715615,1.54715650919688,170.072379014085,28.1538704390792,850.361895070424,212,15,1.90306634221398,90.3022048999618,9.69779510003817
1985,7.8341950613721,1.55071824176884,54.5,19.9420239553624,272.5,141,24,0.495831973374306,87.6476884706351,12.3523115293649
1985,7.86426320550227,1.55632739458071,55.9676460322337,20.1032543098892,279.838230161169,142,24,0.514672456416152,87.4974479849025,12.5025520150975
1985,7.89551650297425,1.56219541476502,57.437533005672,20.2618037755705,287.18766502836,143,24,0.533274261962907,87.373230537986,12.626769462014
1985,7.92806069859078,1.56831037388286,58.9099450362896,20.4178151910717,294.549725181448,144,24,0.552450515010014,87.2744382986852,12.7255617013148
1985,7.96124396208241,1.57465899035261,60.3850246897926,20.5714073995927,301.925123448963,145,24,0.569068513029725,87.2003944555133,12.7996055444867
1985,7.99434995209603,1.58116497284114,61.8634106259936,20.7227420322792,309.317053129968,146,24,0.581097666170482,87.1508450239743,12.8491549760257
1985,8.02850233453367,1.58794432430246,63.3460042643601,20.8719967411913,316.7300213218,147,24,0.591281325644189,87.1235839935393,12.8764160064607
1985,8.06387841523343,1.59492538791205,64.833382986824,21.0193063264363,324.16691493412,148,24,0.602579014287683,87.1181528390705,12.8818471609295
1985,8.10091436139436,1.60208494086562,66.3255676232675,21.1647436862667,331.627838116338,149,24,0.618213469934906,87.1335888888185,12.8664111111815
1985,8.13937679526713,1.60940463152119,67.8220215746729,21.3083245434329,339.110107873364,150,24,0.637624064316373,87.1688399483875,12.8311600516125
1985,8.63868632958223,1.70780595502715,69.3222735728234,21.4500701650104,346.611367864117,151,24,0.662317191965014,87.5448843705023,12.4551156294977
1985,8.68236512817333,1.71608201624886,70.917435065496,21.598456880998,354.58717532748,152,24,0.68507098573166,87.6008774211842,12.3991225788158
1985,8.7268476592952,1.7244782712169,72.5167651798295,21.7449140008359,362.583825899147,153,24,0.709455568943362,87.6731230193079,12.3268769806921
1985,8.77210085704971,1.73298239017797,74.1200965181766,21.8894949261861,370.600482590883,154,24,0.735759586252358,87.7611998319153,12.2388001680847
1985,8.81744562335451,1.74156168528802,75.727197148948,22.0322445203781,378.63598574474,155,24,0.760771953465319,87.8630042401507,12.1369957598493
1985,8.86234956977091,1.75017761200779,77.3383413334678,22.1732493076998,386.691706667339,156,24,0.782096575253621,87.9758855848746,12.0241144151254
1985,8.90693393779092,1.75879838234606,78.9541758481754,22.3126230364417,394.770879240877,157,24,0.801371788236508,88.0978250784965,11.9021749215035
1985,8.95129322683932,1.76738719447428,80.5750437998227,22.4504476865248,402.875218999114,158,24,0.820405604616983,88.2267021799223,11.7732978200777
1985,8.99550687670315,1.77590148138447,82.2009453266202,22.5867724176264,411.004726633101,159,24,0.841253487821458,88.3602865153075,11.6397134846925
1985,9.03920819230566,1.78429210604378,83.8314850830639,22.7216114971898,419.157425415319,160,24,0.863164771242345,88.496230896591,11.503769103409
1985,9.08186181630136,1.79250399967484,85.4663442298317,22.8549848784732,427.331721149159,161,24,0.884307072504507,88.6320123233196,11.3679876766804
1985,9.12322576981644,1.80047595768234,87.1054630265434,22.9869324124548,435.527315132717,162,24,0.905132850944129,88.7649101363676,11.2350898636323
1985,9.16302092566948,1.80813887863199,88.7486425146528,23.1174811072667,443.743212573264,163,24,0.926155512330046,88.8920420327844,11.1079579672156
1985,9.20092584076935,1.81541621393398,90.3955248833236,23.2466444129864,451.977624416618,164,24,0.947893113433769,89.0103653163807,10.9896346836193
1985,9.2366212647522,1.82222008823086,92.0455840631791,23.374422340138,460.227920315896,165,24,0.971377124079545,89.1166553458185,10.8833446541815
1985,9.26958176750901,1.82845496631975,93.6980234721879,23.5007945043779,468.49011736094,166,24,0.996370177098795,89.2075326967246,10.7924673032754
1985,9.29906868949039,1.83401569669643,95.3519885447076,23.6257373025891,476.759942723538,167,24,1.02125259883992,89.2794298895978,10.7205701104022
1985,9.32374319430698,1.83867999238975,97.0068005405302,23.7492414221881,485.034002702651,168,24,1.04420770765002,89.3443352077142,10.6556647922858
1985,9.34291617857076,1.84235388055779,98.6618758957414,23.87130505928,493.309379478707,169,24,1.06327970697115,89.4167579090474,10.5832420909526
1985,9.35741317539539,1.84515182081943,100.316883979607,23.9919448956718,501.584419898035,170,24,1.0804110106748,89.4968637550906,10.5031362449094
1985,9.36830281300438,1.84721830008706,101.971270357295,24.1111608733757,509.856351786473,171,24,1.09848286814561,89.5849308041297,10.4150691958703
1985,9.3764012011589,1.84872917857593,103.624117645613,24.2289272618409,518.120588228065,172,24,1.11685175746297,89.6813547379309,10.3186452620691
1985,9.38265384190237,1.84988781111861,105.274799984058,24.3452399109401,526.37399992029,173,24,1.13474274813786,89.7865586973759,10.2134413026241
1985,9.38814526591019,1.8509221311906,106.923035178189,24.4601186697531,534.615175890944,174,24,1.15146829118853,89.9009644561489,10.0990355438511
1985,9.28131599420372,1.82977220051634,108.568895002897,24.5736068033914,542.844475014483,175,17,1.05658051603009,90.024960149729,9.97503985027105
1985,9.29196005263229,1.83168846785932,110.212228429885,24.6857306232764,551.061142149424,176,17,1.07784262528539,90.1589069312343,9.84109306876571
1985,9.30631987268123,1.83428082364922,111.853290123283,24.7965425899802,559.266450616415,177,17,1.10186142062813,90.3030472935907,9.69695270640932
1985,9.32559143897542,1.83782335131453,113.492261355477,24.9060881381225,567.461306777383,178,17,1.12700606679216,90.4575009844528,9.54249901554723
1985,9.35096282287621,1.84258632978437,115.129888238119,25.0144480648081,575.649441190593,179,17,1.15160851983683,90.6221681448281,9.37783185517191
1985,9.38372770892761,1.84882770628561,116.767487504032,25.1217371899337,583.837437520159,180,17,1.17546348212904,90.7966844012958,9.2033155987042
1985,9.42522359845736,1.85678290631716,118.406674981374,25.2280852107644,592.033374906871,181,17,1.1998780392824,90.9803944260508,9.01960557394923
1985,9.47647746198396,1.86665342058064,120.049071792006,25.3336172390902,600.245358960028,182,17,1.2248916210533,91.1723285044492,8.82767149555082
1985,9.53826884720651,1.87859428247984,121.696495712717,25.4384661680389,608.482478563585,183,17,1.25042612507268,91.3711534306502,8.62884656934982
1985,9.61108289299048,1.89269978452257,123.35093509998,25.5427706878423,616.754675499899,184,17,1.27653546555424,91.575148083462,8.42485191653804
1985,9.69489480339505,1.90898766226945,125.014463497668,25.6466697118281,625.072317488342,185,17,1.30204253500491,91.7821944370936,8.21780556290638
1985,9.78931017108878,1.92738215125081,126.689383747116,25.7503112310712,633.446918735579,186,17,1.32680267327485,91.9897689877378,8.01023101226225
1985,9.89348505576486,1.94769594469239,128.377947431148,25.8538347494685,641.889737155738,187,17,1.35188639902508,92.194972429169,7.80502757083103
1985,10.0059254285433,1.96961113013988,130.082021820135,25.9573514860229,650.410109100673,188,17,1.37854401672415,92.3945683252046,7.60543167479542
1985,10.1244074802558,1.99266533705432,131.80292384533,26.0609356575027,659.01461922665,189,17,1.40811287709696,92.5850331182163,7.41496688178366
1985,10.2454897281907,2.01624472686185,133.541256729796,26.164616405305,667.706283648979,190,17,1.43722199195885,92.7632885162404,7.23671148375963
1985,10.3649278057658,2.03955050906057,135.297608180099,26.2684208759257,676.488040900493,191,17,1.46387535749336,92.9249704293171,7.07502957068286
1985,10.4781489893984,2.06161508922153,137.072114747991,26.3723488961198,685.360573739957,192,17,1.49173851764025,93.0654942684786,6.93450573152141
1985,10.5798141649597,2.08132100054434,138.863263893763,26.4763049758076,694.316319468817,193,17,1.52455754950147,93.1805219453795,6.81947805462053
1985,10.6639636452969,2.09742495201273,140.667724991391,26.5800929088225,703.338624956954,194,17,1.56654254266013,93.2656060697145,6.73439393028548
1985,10.7234559547358,2.108609469813,142.480132969552,26.6834080182796,712.400664847758,195,17,1.61325545022082,93.3161930092829,6.68380699071712
1985,10.157950810171,1.99697593124838,144.294582349395,26.7859260117764,721.472911746974,196,16,1.61249931050449,93.1401274351972,6.85987256480279
1985,10.148433458871,1.99471379986404,145.99553975188,26.8812188461425,729.977698759401,197,16,1.65286138647441,93.1102158170683,6.88978418293173
1985,10.0978843301926,1.98442269208392,147.685987774424,26.9751593210262,738.42993887212,198,16,1.69178864001934,93.0295192775688,6.9704807224312
1985,10.0230431487201,1.96938395711218,149.357985609139,27.0673401517736,746.789928045695,199,16,1.72983315651441,92.9182502813512,7.08174971864879
1985,9.94033045822432,1.95287250188216,151.00683274676,27.1575429434123,755.0341637338,200,16,1.76362182230801,92.8001197629922,7.19988023700784
1985,9.85004598356702,1.9349834755096,152.631789518185,27.2457696300604,763.158947590927,201,16,1.79025480070168,92.6745251700044,7.32547482999563
1985,9.75206249407197,1.91567134989851,154.232757100855,27.3320558989593,771.163785504274,202,16,1.81068414787346,92.5409173701666,7.4590826298334
1985,9.64625397632779,1.89488986358806,155.809421588898,27.4164243419001,779.04710794449,203,16,1.82608597237397,92.3987012639621,7.60129873603794
1985,9.53249115034028,1.87259308302282,157.36120956506,27.4988825813996,786.806047825299,204,16,1.83769595292344,92.247233471204,7.75276652879604
1985,9.41117507485172,1.84873689539962,158.887275702596,27.5794231322345,794.436378512982,205,16,1.85462335057533,92.0858196857441,7.91418031425589
1985,9.28226312573665,1.82327711867383,160.385034305358,27.6579471506802,801.925171526791,206,16,1.88002248773297,91.9137656597693,8.08623434023074
1985,9.14498264304045,1.79617473087333,161.851262427649,27.7343245815894,809.256312138244,207,16,1.90553530607965,91.7303384841377,8.26966151586232
1985,8.99866521333408,1.76740470364944,163.284256813063,27.8085062671345,816.421284065317,208,16,1.92241116032495,91.5346932530357,8.46530674696426
1985,8.84277869984503,1.73696036103152,164.683932725912,27.8805263961824,823.41966362956,209,16,1.92178561970324,91.3258780627004,8.67412193729963
1985,8.67826510754575,1.70485846196046,166.051873261957,27.9505025301793,830.259366309784,210,16,1.91703712461783,91.1028475878872,8.89715241211285
1985,8.50629503641988,1.67116677513969,167.387174757684,28.0184225826904,836.935873788419,211,16,1.92197912389315,90.867114286172,9.13288571382798
1985,7.85673350997436,1.54361189114232,168.686406713902,28.0841464474962,843.432033569509,212,15,1.87279389411616,90.354130288699,9.645869711301
1986,7.82787271381784,1.55071824176884,54.5,19.9420239553624,272.5,141,24,0.466632809078346,87.6476884706351,12.3523115293649
1986,7.85668928248617,1.55634001834552,55.972221395582,20.1037523090402,279.86110697791,142,24,0.478443267243242,87.496677750244,12.503322249756
1986,7.88713732124228,1.56222393410376,57.4478394069707,20.262905437345,287.239197034853,143,24,0.491742592336308,87.3715293602505,12.6284706397495
1986,7.9194935745095,1.56835740344307,58.9268818959833,20.4195938639935,294.634409479916,144,24,0.508270402602714,87.2717005724757,12.7282994275244
1986,7.95374106526848,1.57472604069607,60.4090840740746,20.5738907902013,302.045420370373,145,24,0.528572286597848,87.1965902040245,12.8034097959755
1986,7.98902686556906,1.58125068219481,61.8940685587355,20.7258535143304,309.470342793678,146,24,0.55065807881237,87.1461079302002,12.8538920697998
1986,8.02548416219692,1.58804438968371,63.3816853283706,20.8755586549459,316.908426641853,147,24,0.572320674995171,87.1182016040239,12.8817983959761
1986,8.06230512263873,1.59503468068097,64.8722523252719,21.023124205707,324.36126162636,148,24,0.591020187444617,87.1124336897492,12.8875663102508
1986,8.09893262909282,1.60220007023537,66.3664337980214,21.1686945209516,331.832168990107,149,24,0.603953869771329,87.1277285172039,12.8722714827961
1986,8.13534561058625,1.60952681625799,67.8653430044322,21.3124480886951,339.326715022161,150,24,0.611095294387398,87.1627896009906,12.8372103990094
1986,8.63161204868628,1.7079428431744,69.3700941422617,21.4545529958245,346.850470711309,151,24,0.619305108779089,87.5385188029994,12.4614811970006
1986,8.6721473305108,1.7162395331062,70.9724427309008,21.6035321798614,354.862213654504,152,24,0.623032433022701,87.5937593526892,12.4062406473108
1986,8.71340733784285,1.7246653568251,72.5821363978752,21.7508522104648,362.910681989376,153,24,0.627054132273142,87.6649042565755,12.3350957434245
1986,8.75564014822507,1.73320859501558,74.1992591646574,21.8965767408308,370.996295823287,154,24,0.633043491885328,87.7515349679521,12.2484650320479
1986,8.79936717574591,1.74183647814997,75.8236097995855,22.0407409086929,379.118048997927,155,24,0.644808167294381,87.8515784307321,12.1484215692679
1986,8.84454978401551,1.75050701248447,77.4543295977467,22.1833211229145,387.271647988734,156,24,0.663561190818418,87.9625465203864,12.0374534796136
1986,8.89052333431006,1.75918319775301,79.0903092896136,22.3242741016505,395.451546448068,157,24,0.68700764697123,88.0826349643425,11.9173650356575
1986,8.93660012080538,1.76782486075149,80.730765421935,22.4635868332327,403.653827109675,158,24,0.712624926176047,88.20984411158,11.79015588842
1986,8.98206025787929,1.77638811982544,82.3752812658596,22.6012778151682,411.876406329298,159,24,0.737491114063519,88.3419741574708,11.6580258425292
1986,9.02629697998318,1.78482488318353,84.0238802211129,22.7374008778253,420.119401105564,160,24,0.75919039309475,88.4766175610942,11.5233824389058
1986,9.06918125963087,1.7930818829032,85.6769471942313,22.8720364248689,428.384735971157,161,24,0.778371906630944,88.6111675286298,11.3888324713702
1986,9.11062921587786,1.80109851489921,87.3347111242055,23.0052483653867,436.673555621027,162,24,0.796332562155984,88.7428669473241,11.2571330526758
1986,9.15052875232645,1.80880586466475,88.9971244391971,23.137075706105,444.985622195986,163,24,0.814580694873628,88.8688117733773,11.1311882266227
1986,9.18872184149281,1.8161271040383,90.6638151129262,23.267530428392,453.319075564631,164,24,0.834700776101897,88.9859526223652,11.0140473776348
1986,9.22473194674001,1.82297356732844,92.3340622411423,23.3965973187128,461.670311205711,165,24,0.856601737835598,89.0910720559459,10.9089279440541
1986,9.25785550301403,1.82924944973056,94.0070674434593,23.5242562279468,470.035337217296,166,24,0.878823247880927,89.1807776015694,10.8192223984306
1986,9.28750515649331,1.83485050290018,95.6821833011044,23.6504994590903,478.410916505522,167,24,0.900936569436993,89.2514724763602,10.7485275236398
1986,9.31246091088521,1.83954848776628,97.3587302626347,23.7753174408585,486.793651313173,168,24,0.922435453005194,89.3151383360553,10.6848616639447
1986,9.33217031293054,1.84324660530615,99.0358856085337,23.898690697221,495.179428042669,169,24,0.942791661847949,89.3863272895896,10.6136727104104
1986,9.34683991140328,1.84605701228588,100.712821356278,24.0206003675773,503.564106781389,170,24,0.959130857480755,89.4652418993583,10.5347581006417
1986,9.35729218765217,1.84812491297909,102.389325276927,24.1410725122404,511.946626384635,171,24,0.971943849920539,89.5521335091725,10.4478664908275
1986,9.36503782120482,1.84962799320738,104.065251009512,24.260136710273,520.326255047558,172,24,0.985937732470379,89.647342276732,10.352657723268
1986,9.37171064579302,1.85076960061613,105.739812427027,24.3777765665204,528.699062135134,173,24,1.00603446050402,89.7513125690687,10.2486874309313
1986,9.37905374750712,1.85177636726204,107.411565331218,24.493930949651,537.057826656091,174,24,1.03753962703219,89.8645633019659,10.1354366980341
1986,9.38774178616661,1.85289471768463,109.078352633377,24.6084926073279,545.391763166884,175,24,1.07649565991656,89.9876541215345,10.0123458784655
1986,9.39826391697368,1.85438938108569,110.738943388586,24.7214213976714,553.69471694293,176,24,1.11597695653849,90.1210255575113,9.87897444248867
1986,9.30246157085466,1.83489167349307,112.393589259725,24.8327779865229,561.967946298626,177,17,1.04557279138833,90.2649187113854,9.73508128861464
1986,9.32341968198697,1.83837525157582,114.042991875107,24.9426502650789,570.214959375533,178,17,1.08690535124967,90.419415468223,9.58058453177704
1986,9.35105134918077,1.84308154046849,115.688144889482,25.0511416659241,578.44072444741,179,17,1.13384150035485,90.5843979775588,9.41560202244123
1986,9.38567250995708,1.84927113291557,117.329250626318,25.1583000593655,586.646253131588,180,17,1.1772832898929,90.7595727184155,9.24042728158449
1986,9.42771910932613,1.85718326187934,118.968393675867,25.2642925318534,594.841968379337,181,17,1.20911767008421,90.9442421283891,9.05575787161093
1986,9.47872076068718,1.86702360854334,120.609367659029,25.3693887103613,603.046838295144,182,17,1.23324932286583,91.1372857348572,8.86271426514276
1986,9.53998970625306,1.87894999137318,122.255490101422,25.4738180406375,611.277450507109,183,17,1.25439087586563,91.3372713426119,8.66272865738809
1986,9.61250848455876,1.89305842905287,123.90939730338,25.5777588726328,619.5469865169,184,17,1.27740253480731,91.5424363747094,8.45756362529059
1986,9.69627415489142,1.90936752350821,125.572948858846,25.6813349059887,627.864744294231,185,17,1.30133616876641,91.7506718113188,8.24932818868118
1986,9.79055320483348,1.92780193983815,127.248192239556,25.7846769081773,636.240961197778,186,17,1.32260997644826,91.9594601636644,8.04053983633555
1986,9.89452199925825,1.94817472831786,128.937743283538,25.8879455142322,644.688716417692,187,17,1.34245939272368,92.1658703014941,7.83412969850593
1986,10.0066959643962,1.97016784040273,130.643804502429,25.9912706389706,653.219022512144,188,17,1.3622146540039,92.3666356344726,7.6333643655274
1986,10.1248596922124,1.99331826580721,132.36801387114,26.0947437659627,661.840069355698,189,17,1.38328535233826,92.5582036250003,7.44179637499965
1986,10.2461984665064,2.01701096291231,134.11128277319,26.1984100260536,670.556413865951,190,17,1.4088914705134,92.7374697350617,7.26253026493832
1986,10.366659568911,2.04044340093867,135.873314106461,26.3022419727382,679.366570532305,191,17,1.43937064423074,92.9000932866412,7.09990671335877
1986,10.4809674225269,2.06264166932437,137.652931353662,26.4061619619278,688.264656768308,192,17,1.47138712573359,93.0415217752336,6.95847822476642
1986,10.5830611395876,2.08248217286871,139.448568884856,26.5100726717254,697.242844424278,193,17,1.50123004991951,93.1573898222483,6.84261017775169
1986,10.6662341953139,2.09871733094597,141.258190052175,26.6138533452938,706.290950260875,194,17,1.52488707762768,93.2431719122253,6.75682808777465
1986,10.7240939182677,2.1100291221468,143.079218552455,26.717356987988,715.396092762274,195,17,1.54555065123956,93.294189099839,6.70581090016104
1986,10.1572430751176,1.99840583806012,144.907160505398,26.8203342757249,724.535802526989,196,16,1.52486156075904,93.1175359530498,6.88246404695017
1986,10.1466375524208,1.99624358186561,146.625314621796,26.9163044539361,733.126573108982,197,16,1.54451093083646,93.0873991512529,6.91260084874715
1986,10.0948204389887,1.9860292665093,148.336869728207,27.0111298775037,741.684348641033,198,16,1.56088928854559,93.006113612222,6.99388638777797
1986,10.0183551276924,1.97105965112433,150.034214323087,27.1044178518302,750.171071615436,199,16,1.57149073265089,92.8939732058686,7.1060267941314
1986,9.9346336931854,1.95463275532506,151.71355329315,27.1959950949084,758.56776646575,200,16,1.58358603616348,92.7747811369919,7.22521886300809
1986,9.84461341619636,1.93684111605125,153.373117407352,27.285802506712,766.86558703676,201,16,1.60323187892126,92.6479699506181,7.35203004938191
1986,9.74760679417799,1.91763271160401,155.010118677062,27.3737278181293,775.050593385312,202,16,1.62557438614988,92.5130860202867,7.48691397971332
1986,9.64296311551427,1.89695724633484,156.62260408012,27.4597059016861,783.113020400598,203,16,1.6457051334331,92.3695918089888,7.63040819101117
1986,9.53005018862624,1.87476741634012,158.209473699049,27.5437179153246,791.047368495245,204,16,1.65830920613501,92.2168616358159,7.78313836418411
1986,9.40904254569258,1.85102073788971,159.770565516603,27.6257940622019,798.852827583016,205,16,1.66817836005914,92.0541756408076,7.94582435919236
1986,9.28028586126923,1.82567680044694,161.304795111402,27.7059150923185,806.52397555701,206,16,1.68269900843202,91.880784650638,8.11921534936195
1986,9.14344435330789,1.79869840498579,162.809671423801,27.7839888815792,814.048357119004,207,16,1.70012726663383,91.6959281608673,8.30407183913271
1986,8.99825081329322,1.77005900674883,164.282987285435,27.8599395461669,821.414936427177,208,16,1.71878467570116,91.4987778158992,8.50122218410084
1986,8.84450967836072,1.73974663423055,165.722820072697,27.9337068286458,828.614100363486,209,16,1.73678479051688,91.2884462660457,8.71155373395436
1986,8.68254648658449,1.70776880743374,167.127587624494,28.0052483425464,835.637938122469,210,16,1.75848734324853,91.0640010836012,8.93599891639879
1986,8.51281074681531,1.67418833369964,168.494903157291,28.074481134133,842.474515786457,211,16,1.7863028544265,90.8270131250767,9.17298687492334
1986,7.86463573483033,1.54651940125959,169.821990405734,28.1413035467747,849.109952028672,212,15,1.76245920962135,90.3115826564307,9.68841734356933
1987,7.83696051521315,1.55071824176884,54.5,19.9420239553624,272.5,141,24,0.509171766236158,87.6476884706351,12.3523115293649
1987,7.86520254584707,1.55632155953296,55.9655311644295,20.1030241104134,279.827655822148,142,24,0.519448839302478,87.497804019511,12.502195980489
1987,7.89533271351107,1.56218743923357,57.4346507364207,20.2614956622102,287.173253682104,143,24,0.532524666243677,87.3737063111785,12.6262936888215
1987,7.9274434803057,1.56830268503082,58.9071759392414,20.4175243525008,294.535879696207,144,24,0.549405656929333,87.2748859391622,12.7251140608378
1987,7.96128574452289,1.57465262672478,60.3827411326413,20.571171656799,301.913705663206,145,24,0.569449612215134,87.200755567607,12.799244432393
1987,7.99617564050545,1.58115839958904,61.8610592166301,20.7225033427229,309.30529608315,146,24,0.591339914152398,87.1512083981455,12.8487916018545
1987,8.03266726616351,1.58793301034106,63.3419695560189,20.8715938826102,316.709847780095,147,24,0.615124229148265,87.1241927131484,12.8758072868516
1987,8.07035971987032,1.59490297989065,64.8254127090845,21.0185232614275,324.127063545422,148,24,0.640773482599097,87.119325782628,12.880674217372
1987,8.10911369734731,1.60204462441848,66.3112547681692,21.1633595557778,331.556273840846,149,24,0.668308185805909,87.1356418468181,12.8643581531819
1987,8.14827009334982,1.60934064289826,67.7993297549343,21.3061638925437,338.996648774671,150,24,0.694188455357593,87.1720099277058,12.8279900722942
1987,8.64784822085079,1.70771372686106,69.2900477316825,21.4470480108789,346.450238658412,151,24,0.720041362311736,87.5491753307629,12.4508246692371
1987,8.6904810209391,1.71596195603629,70.875497080659,21.5945856165146,354.377485403295,152,24,0.738580002479712,87.6063061639903,12.3936938360097
1987,8.73331697911537,1.72433231358466,72.4657490248475,21.7402771880985,362.328745124237,153,24,0.754582233315889,87.6795396677546,12.3204603322454
1987,8.77651550344552,1.73281458352719,74.0613495119373,21.884236066823,370.306747559686,154,24,0.769309119404564,87.7683756550817,12.2316243449183
1987,8.82014532142068,1.74137771737555,75.6626239579358,22.0265497756021,378.313119789679,155,24,0.784221771884287,87.8706610277484,12.1293389722516
1987,8.86404260191953,1.74998253601802,77.2696190871468,22.1672768590524,386.348095435734,156,24,0.799566899244003,87.9837938343667,12.0162061656334
1987,8.90793635448481,1.75859530952202,78.8822992876672,22.3064657877117,394.411496438336,157,24,0.814671038782419,88.1058507850384,11.8941492149616
1987,8.95154807561259,1.76717838688272,80.5007091980433,22.4441693988885,402.503545990216,158,24,0.828910337131766,88.2347554895479,11.7652445104521
1987,8.9945591770828,1.77568950591689,82.1249622636471,22.5804436351622,410.624811318236,159,24,0.841515640181716,88.3682741710999,11.6317258289001
1987,9.03741683688789,1.78408115541133,83.7552617593384,22.7153490572882,418.776308796692,160,24,0.857346091801017,88.5040078074185,11.4959921925815
1987,9.08021414226137,1.79229718796762,85.390928260316,22.8488716759584,426.95464130158,161,24,0.879285086562949,88.6394832173013,11.3605167826987
1987,9.12202279706507,1.80027311793456,87.0307239752895,22.9809538169943,435.153619876447,162,24,0.903195760860854,88.7721030726308,11.2278969273692
1987,9.16187232437081,1.80793878620984,88.6740525237008,23.1115916856109,443.370262618504,163,24,0.92450019490103,88.8990218473685,11.1009781526315
1987,9.19876439944601,1.81521897233253,90.3210386823147,23.2408381062433,451.605193411574,164,24,0.938277584402791,89.0171496085965,10.9828503914035
1987,9.23276350075442,1.82202955903951,91.9725913531964,23.3688037994298,459.862956765982,165,24,0.948083120460967,89.1231350078256,10.8768649921744
1987,9.26423822829523,1.82827743150603,93.6289208722294,23.4955410590987,468.144604361147,166,24,0.960388708933119,89.2135212020053,10.7864787979947
1987,9.29249169426982,1.83385671749267,95.2890164859533,23.6210080822918,476.445082429767,167,24,0.973989877955161,89.284767786154,10.715232213846
1987,9.31624005464266,1.83854476064966,96.9519685598353,23.7451727460621,484.759842799176,168,24,0.987673708117238,89.3488888639797,10.6511111360203
1987,9.33484692253322,1.84224647726085,98.6168528637037,23.8680035184709,493.084264318518,169,24,1.00018134066342,89.4204248637395,10.5795751362605
1987,9.34919936062534,1.84507409703537,100.28286924463,23.9894794473882,501.414346223151,170,24,1.01407056935414,89.4995830902259,10.5004169097741
1987,9.36046443730503,1.84716977119039,101.948882974248,24.1095566571257,509.744414871239,171,24,1.03309847964851,89.5866888525132,10.4133111474868
1987,9.3694867167647,1.84870702437418,103.613240908519,24.2281565821435,518.066204542596,172,24,1.05723108724672,89.6821941501954,10.3178058498046
1987,9.37726002642717,1.84988717646882,105.274465241762,24.3452164531678,526.37232620881,173,24,1.08656661103441,89.7865840924786,10.2134159075214
1987,9.3848963075721,1.85093650802541,106.931256925369,24.4606886054017,534.656284626844,174,24,1.12118191199841,89.9003513120877,10.0996486879123
1987,9.39322119478057,1.85210225263393,108.582523569008,24.5745415216267,542.912617845041,175,24,1.15752970652026,90.023961357625,9.97603864237501
1987,9.29195442938275,1.83170854711909,110.228047012394,24.6868042371254,551.14023506197,176,17,1.07702999264838,90.1577683924484,9.84223160755156
1987,9.30716530620705,1.83429891244809,111.86926863039,24.7976159440544,559.346343151948,177,17,1.10875350652582,90.3019189129175,9.69808108708246
1987,9.32721826182326,1.83783818096801,113.507028932625,24.9070701458101,567.535144663123,178,17,1.1413834762176,90.4564790965335,9.54352090346648
1987,9.35362787218031,1.84259719906178,115.14210411571,25.0152523267464,575.710520578551,179,17,1.17625330849681,90.6213411902578,9.37865880974218
1987,9.38693447879679,1.84883390396247,116.775306034797,25.1222469065699,583.876530173984,180,17,1.20597234523961,90.7961676372543,9.20383236274572
1987,9.42795431743862,1.85678459575333,118.409032137738,25.2282373984609,592.045160688691,181,17,1.22637356159599,90.9802426571221,9.01975734287788
1987,9.47839768000447,1.86665182634828,120.046675680506,25.3334640123711,600.233378402529,182,17,1.24385356875339,91.172478415745,8.82752158425502
1987,9.53974550767245,1.87859055845886,121.690691587834,25.4380985110081,608.45345793917,183,17,1.26528329342045,91.3715053287306,8.62849467126936
1987,9.6131860120723,1.89269428895462,123.342455730496,25.5422385972476,616.712278652479,184,17,1.29803751676646,91.5756448640544,8.42435513594556
1987,9.69827797603375,1.90897917603941,125.002105672378,25.6459014419786,625.01052836189,185,17,1.33719002384745,91.7828920622401,8.21710793775989
1987,9.79380196934439,1.92736796233566,126.670675117736,25.7491588592193,633.353375588681,186,17,1.37423729666811,91.9907838317856,8.0092161682144
1987,9.89909988351628,1.94767238625487,128.35065354397,25.8521689674392,641.753267719849,187,17,1.41220612820885,92.1963914781182,7.80360852188179
1987,10.0128614320048,1.9695729192064,130.043792067307,25.9550395536109,650.218960336537,188,17,1.45451526581104,92.3964692826982,7.60353071730179
1987,10.1330524014843,1.99260473938102,131.75089463175,26.0578177872828,658.754473158751,189,17,1.50501721108411,92.5875034881678,7.41249651183221
1987,10.2560726231826,2.01615037902638,133.471586564898,26.1604791646244,667.357932824489,190,17,1.55885793485853,92.7664442829947,7.23355571700534
1987,10.3770306695387,2.0394070396577,135.205742887087,26.2630147748633,676.028714435435,191,17,1.60669844802388,92.9289402317354,7.07105976826461
1987,10.4908337526584,2.06140518246976,136.954126983184,26.3654678724639,684.770634915918,192,17,1.64628894063372,93.0703643089627,6.9296356910373
1987,10.5916285396323,2.08102889184554,138.716932256654,26.4678472451976,693.584661283272,193,17,1.67522677262692,93.1863055600628,6.81369443993718
1987,10.6729526757114,2.09704170303778,140.49366067317,26.5701217596893,702.468303365849,194,17,1.69124810404305,93.2722200281519,6.72777997184812
1987,10.7287349652924,2.1081395792074,142.282973356258,26.6722136254421,711.414866781288,195,17,1.70102652743412,93.3234352707515,6.67656472924856
1987,10.1598101479427,1.99647451953247,144.080981589579,26.7739042072994,720.404907947896,196,16,1.66432310478175,93.1480058982576,6.85199410174239
1987,10.1472196270864,1.99416780771064,145.772011357904,26.8687404150753,728.860056789518,197,16,1.67011132766426,93.1183153929449,6.88168460705515
1987,10.0934616024411,1.98385890154724,147.458838146946,26.9625800425035,737.294190734728,198,16,1.67000434954353,93.0376888274953,6.96231117250468
1987,10.015001092327,1.96882678107346,149.134384309439,27.0550543295791,745.671921547193,199,16,1.66095357573379,92.9262790225673,7.07372097743269
1987,9.92995077161511,1.95234313620146,150.795477094426,27.1460188771084,753.977385472132,200,16,1.66127351788241,92.8076989489998,7.19230105100017
1987,9.83970303694223,1.93449745601489,152.438904601983,27.235331330301,762.194523009914,201,16,1.68326107347355,92.6814357457839,7.31856425421608
1987,9.74290119844229,1.9152312199606,154.059275503432,27.3227361232833,770.296377517158,202,16,1.71421877790729,92.5471295552827,7.45287044471726
1987,9.63826870838521,1.89449119821506,155.653469195749,27.4081058088779,778.267345978746,203,16,1.74111489742229,92.404284958793,7.59571504120696
1987,9.52458818032612,1.87223099010374,157.220718126943,27.49144060228,786.103590634714,204,16,1.7499230591479,92.2522647411499,7.74773525885006
1987,9.40231238292316,1.84841334039344,158.762817788983,27.572874912835,793.814088944913,205,16,1.74875352485718,92.0902793656663,7.90972063433366
1987,9.27245426630776,1.82300168364366,160.280032381852,27.6524588420565,801.400161909258,206,16,1.75431449162154,91.917531687454,8.08246831254597
1987,9.1346523680291,1.79595825060247,161.769487882289,27.7300775823566,808.847439411446,207,16,1.76445379664047,91.7332751757164,8.26672482428362
1987,8.98860815063822,1.76725619356742,163.228670710498,27.8056372234522,816.143353552491,208,16,1.7770282966426,91.5366926862726,8.4633073137274
1987,8.83410560036769,1.73688354272762,164.655438523734,27.8790644934117,823.277192618671,209,16,1.78983290731134,91.3269049966342,8.67309500336579
1987,8.67160899725313,1.70484806273701,166.048049079511,27.9503074675874,830.240245397553,210,16,1.80959269914309,91.1029857261137,8.89701427388628
1987,8.50165692046663,1.67121155701922,167.403510181356,28.0192511412257,837.01755090678,211,16,1.84060155148149,90.8665227498296,9.1334772501704
1987,7.85428156110323,1.54369339319999,168.718081516106,28.0857443589034,843.59040758053,212,15,1.8220160016809,90.352943134032,9.64705686596797
1988,7.84340352992357,1.55071824176884,54.5,19.9420239553624,272.5,141,24,0.541659867781713,87.6476884706351,12.3523115293649
1988,7.8735308954607,1.55630718761655,55.9603221470625,20.1024570925827,279.801610735313,142,24,0.562873605626794,87.4986809747128,12.5013190252872
1988,7.90449170101539,1.56215360298422,57.4224224530979,20.2601883440492,287.11211226549,143,24,0.581944129058771,87.3757249424989,12.6242750575011
1988,7.93600182766702,1.56824637558571,58.8868956072902,20.4153940164814,294.434478036451,144,24,0.597354310514641,87.2781646721902,12.7218353278098
1988,7.96778267124435,1.57457416240496,60.3545828267899,20.568264226075,301.772914133949,145,24,0.607577577550306,87.2052089416343,12.7947910583657
1988,7.99981301514046,1.58106200839158,61.8265748402096,20.7190021365205,309.132874201048,146,24,0.61448880535519,87.1565382047214,12.8434617952786
1988,8.03318213966174,1.58782538002345,63.3035830657291,20.8677601637756,316.517915328646,147,24,0.620967411891237,87.1299850789461,12.8700149210538
1988,8.06750561764134,1.59479207686253,64.7859607941773,21.0146461955021,323.929803970886,148,24,0.626903245132696,87.1251327861997,12.8748672138003
1988,8.10265749742395,1.60193971798722,66.274006353916,21.1597564563582,331.37003176958,149,24,0.632223397926573,87.1409856211867,12.8590143788133
1988,8.13853358117329,1.60925233029618,67.768007347477,21.3031806333354,338.840036737385,150,24,0.636792622609395,87.1763864775451,12.823613522455
1988,8.63573833978254,1.70765137345343,69.268257459989,21.4450039540324,346.341287299945,151,24,0.649523870817787,87.5520773422627,12.4479226577373
1988,8.67845171814687,1.71593302128015,70.8653885416893,21.5936522659526,354.326942708446,152,24,0.66615645982522,87.6076149302483,12.3923850697517
1988,8.72252277029675,1.72433795023272,72.4677194432377,21.740456319898,362.338597216188,153,24,0.687284963687315,87.6792917914093,12.3207082085907
1988,8.76734445918396,1.73285248667582,74.0746205186736,21.8854243024831,370.373102593368,154,24,0.709953147962421,87.7667543704467,12.2332456295533
1988,8.81220653133423,1.74144411383909,75.6859317713364,22.0286056948523,378.429658856682,155,24,0.730842888593325,87.8678969023417,12.1321030976583
1988,8.8569084593042,1.7500744858601,77.3020145699841,22.170092716404,386.51007284992,156,24,0.749764225539975,87.9800654481919,12.0199345518081
1988,8.90163315830842,1.75871093641525,78.9232279379854,22.3099723873082,394.616139689927,157,24,0.768844873368688,88.1012802399441,11.8987197600559
1988,8.94616384903937,1.76731555012515,80.549541688162,22.448294237651,402.74770844081,158,24,0.787917727967198,88.2294646059676,11.7705353940324
1988,8.99025757416778,1.77584559535922,82.180915435452,22.5851044834969,410.90457717726,159,24,0.806791274541946,88.3623917668353,11.6376082331647
1988,9.03363383997735,1.78425283805715,83.8172982254805,22.720446218369,419.086491127403,160,24,0.825194736849728,88.4976780744007,11.5023219255993
1988,9.07622811526519,1.79248286088416,85.4586368609628,22.8543602933093,427.293184304814,161,24,0.844573874697418,88.632775678026,11.367224321974
1988,9.11781349741487,1.80047354932609,87.1045757675454,22.9868614589849,435.522878837727,162,24,0.865600997763882,88.7649955081475,11.2350044918525
1988,9.15780476723245,1.80815480663917,88.7545791984202,23.1179497033396,443.772895992101,163,24,0.886681774925106,88.8914866319077,11.1085133680923
1988,9.19558218839361,1.81545008236779,90.4083128877149,23.2476409209402,452.041564438574,164,24,0.90608247442249,89.0092008548713,10.9907991451287
1988,9.23046531343408,1.82227251303809,92.0656650048215,23.3759675057991,460.328325024108,165,24,0.921894177005187,89.1148731870114,10.8851268129886
1988,9.26194036607107,1.82852882994787,93.7267690236479,23.5029790564164,468.63384511824,166,24,0.933655268301119,89.2050422259901,10.7949577740099
1988,9.28990767348183,1.83411608869104,95.3917475651071,23.6287220958503,476.958737825535,167,24,0.94448132016876,89.2760605713631,10.7239394286369
1988,9.31364948390171,1.83881141587584,97.060079756834,23.7531933440028,485.30039878417,168,24,0.957520754894049,89.3399117115047,10.6600882884954
1988,9.33308758819886,1.84251754114495,98.7304710551724,23.8763331271283,493.652355275862,169,24,0.976097721250153,89.411172638256,10.5888273617439
1988,9.34919383483837,1.84534393023814,100.400946036793,23.9980353643674,502.004730183966,170,24,1.00386519640922,89.4901451935482,10.5098548064518
1988,9.36247442968091,1.84743015692244,102.068992686538,24.1181605048713,510.344963432692,171,24,1.03986227003373,89.5772588490137,10.4227411509863
1988,9.37322870001821,1.84894973535468,103.732392099476,24.2365960604024,518.661960497382,172,24,1.07984504085148,89.6730007269044,10.3269992730956
1988,9.38226830463693,1.85010591682601,105.38983371825,24.3532980657721,526.949168591251,173,24,1.12220591661573,89.7778336592362,10.2221663407639
1988,9.39055573867761,1.85112751592361,107.040490505672,24.4682578352621,535.202452528359,174,24,1.16526080173802,89.8922068384967,10.1077931615033
1988,9.28582775564979,1.82993480551154,108.684064396192,24.5815031489733,543.42032198096,175,17,1.08971091899562,90.0165211772582,9.98347882274178
1988,9.2972474156827,1.83182736016156,110.321664053515,24.6931558677788,551.608320267575,176,17,1.11966539193495,90.1510314241784,9.84896857582161
1988,9.31094387034428,1.83439640337947,111.955408425667,24.803400533288,559.777042128336,177,17,1.13942900322372,90.2958366624241,9.70416333757591
1988,9.32880212454051,1.83791924192979,113.587780700143,24.912438366286,567.938903500716,178,17,1.15295769709872,90.4508918556905,9.54910814430949
1988,9.35268050503618,1.84266722800892,115.220849142627,25.0204352699056,576.104245713136,179,17,1.16460130446655,90.6160110350993,9.38398896490067
1988,9.38437657813406,1.84889797073591,116.856182954715,25.1275181532198,584.280914773574,180,17,1.17898007597605,90.7908225081013,9.2091774918987
1988,9.42588346586497,1.8568460035401,118.494786027484,25.2337725866482,592.473930137419,181,17,1.20389768451603,90.9747216235165,9.0252783764835
1988,9.47807736076244,1.86671152464697,120.136499380346,25.3392066079237,600.682496901731,182,17,1.23845961384757,91.1668589429517,8.83314105704825
1988,9.54078528266494,1.87864876131259,121.78151752759,25.4438503976685,608.907587637948,183,17,1.27356310038427,91.3659988698292,8.63400113017081
1988,9.61350504137445,1.89275213131667,123.431820232227,25.5478450458222,617.159101161135,184,17,1.29908430655903,91.5704094256585,8.42959057434153
1988,9.6953140546654,1.90904035490635,125.09131057784,25.6514460067819,625.456552889202,185,17,1.30425614856488,91.7778563665274,8.22214363347259
1988,9.78643501874096,1.92744006032123,126.765859129581,25.7550205558171,633.829295647904,186,17,1.29537604892724,91.9856206837932,8.01437931620676
1988,9.88735551735113,1.94776674989629,128.460119566501,25.858848333809,642.300597832504,187,17,1.28716521502572,92.1907002476901,7.80929975230989
1988,9.99667665414782,1.9697047819201,130.175896857371,25.9630265412602,650.879484286855,188,17,1.28163740205896,92.3899004931327,7.61009950686725
1988,10.112280432152,1.99279479546637,131.914311775713,26.0676077382473,659.571558878564,189,17,1.28076314049576,92.5797444342746,7.42025556572539
1988,10.2312933994584,2.01642631469789,133.675665732761,26.1725937997092,668.378328663805,190,17,1.28651968753763,92.7572004271132,7.24279957288679
1988,10.3508503813059,2.03980234701053,135.459288413308,26.2779292456734,677.29644206654,191,17,1.30998638691648,92.9179838005343,7.08201619946573
1988,10.4663294256302,2.06195143741184,137.261719170744,26.3833979473971,686.30859585372,192,17,1.35450369902057,93.0576683622306,6.94233163776936
1988,10.5708563334012,2.08174815854711,139.077904126399,26.4886996011809,695.389520631995,193,17,1.40976996507805,93.1720387687052,6.82796123129477
1988,10.6568682861357,2.0979423693544,140.903474709922,26.5935839601937,704.517373549612,194,17,1.46415100811978,93.2566486378444,6.74335136215564
1988,10.7163927077346,2.10921463000749,142.734876509651,26.6978559546757,713.674382548253,195,17,1.50410274737343,93.3068360717423,6.6931639282577
1988,10.1497091108053,1.99761952860607,144.569669313518,26.8013901027838,722.848346567591,196,16,1.48227032559982,93.1299818782751,6.87001812172487
1988,10.1378851082889,1.99544263224679,146.294939563615,26.8979119398038,731.474697818073,197,16,1.48866275941634,93.0993679924185,6.90063200758153
1988,10.0848019783144,1.98523896454607,148.016021169021,26.9934121741034,740.080105845107,198,16,1.48947382907051,93.0176506296466,6.98234937035343
1988,10.0077519660972,1.97029702565382,149.725754242008,27.0875194275571,748.628771210038,199,16,1.49101655438563,92.905046401557,7.09495359844298
1988,9.92398073644312,1.95390137219797,151.419176965596,27.1799934952087,757.09588482798,200,16,1.49961096371003,92.7853348502747,7.21466514972536
1988,9.83435708290441,1.93614239531809,153.093514548186,27.2707193842425,765.46757274093,201,16,1.52032376293643,92.657984776701,7.342015223299
1988,9.73840737041192,1.91696616300135,154.745154030207,27.3595402891782,773.725770151036,202,16,1.55159333781005,92.5225714314574,7.47742856854262
1988,9.63551107963887,1.89631886120087,156.37070202141,27.4463152169482,781.853510107052,203,16,1.5900709080471,92.3786081305493,7.62139186945069
1988,9.52507150970582,1.87414877149464,157.967312938507,27.5309355360122,789.836564692536,204,16,1.63220503996477,92.2255310528749,7.77446894712508
1988,9.40650719196551,1.8504079404262,159.532734316543,27.6133260187968,797.663671582713,205,16,1.67385737938947,92.062694833677,7.93730516632299
1988,9.27923299412775,1.82505451826446,161.065427185772,27.693449814675,805.327135928858,206,16,1.70975770293794,91.8893666898977,8.11063331010232
1988,9.14304079253116,1.79805594828354,162.564791548817,27.7713187442573,812.823957744083,207,16,1.73867312162232,91.7047188075494,8.2952811924506
1988,8.99797439277132,1.76939030183206,164.030433981236,27.8469540216316,820.152169906181,208,16,1.76223909113711,91.5078583137589,8.49214168624113
1988,8.84413459741131,1.73904881219808,165.461644294503,27.9203592073156,827.308221472515,209,16,1.78220617827752,91.2978548070145,8.70214519298553
1988,8.68171276330914,1.70704055145373,166.857384099372,27.991520155223,834.286920496859,210,16,1.80055719360107,91.0737567359134,8.92624326408656
1988,8.51103428231733,1.67343116174282,168.21625867381,28.0604040753159,841.08129336905,211,16,1.81699842259173,90.8370981610156,9.16290183898443
1988,7.86197997739808,1.54579250455508,169.536999308727,28.1269842467837,847.684996543637,212,15,1.77769055973601,90.3222580029923,9.6777419970077
1989,7.85727683607659,1.55071824176884,54.5,19.9420239553624,272.5,141,24,0.618824535198533,87.6476884706351,12.3523115293649
1989,7.88678973863161,1.55627226331747,55.9476638748098,20.1010790467325,279.738319374049,142,24,0.639955421971813,87.5008121874572,12.4991878125428
1989,7.91743904500724,1.56208326015975,57.3969996284269,20.2574697845156,286.984998142134,143,24,0.660376000857367,87.3799223422482,12.6200776577518
1989,7.9492721451153,1.56813943443833,58.8483759734366,20.4113463348926,294.241879867183,144,24,0.680694676311655,87.2843936204011,12.7156063795989
1989,7.9822978029933,1.5744277998008,60.3020493487527,20.5628374564819,301.510246743763,145,24,0.701376749561032,87.2135200307991,12.7864799692009
1989,8.01597071268029,1.5808708889529,61.7581848091494,20.7120544535485,308.790924045747,146,24,0.721391034930099,87.1671126720426,12.8328873279574
1989,8.05061454243067,1.58758281389244,63.2170445024166,20.8591114745677,316.085222512083,147,24,0.738907981899501,87.1430498103272,12.8569501896728
1989,8.08561849184663,1.59449241854257,64.6793211296101,21.0041581324786,323.396605648051,148,24,0.752014418088292,87.1408382300748,12.8591617699252
1989,8.12061349035686,1.60157927330724,66.1459677650254,21.1473603015122,330.729838825127,149,24,0.758668866752216,87.1593661711644,12.8406338288356
1989,8.1562078129698,1.60883036898312,67.6182718513779,21.2889059904847,338.091359256889,150,24,0.763555396794048,87.1973228711928,12.8026771288072
1989,8.65397583828047,1.70716072156165,69.0967055454236,21.4288956919403,345.483527727118,151,24,0.77660705433867,87.5749407343179,12.4250592656821
1989,8.69514505203049,1.71537995976943,70.6720691369873,21.5757846442904,353.360345684936,152,24,0.78720636027534,87.6326627250562,12.3673372749438
1989,8.736923302801,1.72372557802688,72.2535308023297,21.7209644099384,361.267654011649,153,24,0.797518016852953,87.7062569057125,12.2937430942875
1989,8.77897741268664,1.73218639517189,73.8412679437253,21.8645091249717,369.206339718626,154,24,0.805620614431463,87.7952845022445,12.2047154977555
1989,8.82192744375979,1.74073191478871,75.4357754141888,22.0065169863554,377.178877070944,155,24,0.816886171101285,87.8975867309479,12.1024132690521
1989,8.86623247461313,1.74932157973535,77.0365974590173,22.1469980326785,385.182987295086,156,24,0.836120758056121,88.0106363235225,11.9893636764775
1989,8.91122223005386,1.7579180638302,78.6424087046699,22.2858874034355,393.21204352335,157,24,0.860242579865086,88.1326645733452,11.8673354266548
1989,8.95620468170432,1.76648131790449,80.2523658628422,22.4231650190871,401.261829314211,158,24,0.885919700343772,88.2616888582278,11.7383111417722
1989,9.00046602140737,1.77496803983466,81.8661533904639,22.5588562496222,409.330766952319,159,24,0.90946307671381,88.3955101537301,11.6044898462699
1989,9.04357596128404,1.78333114098401,83.4840505327686,22.69303432216,417.420252663843,160,24,0.92923025507702,88.5317087517309,11.4682912482691
1989,9.08562649214312,1.79151801092495,85.1065786803876,22.8257884603419,425.532893401938,161,24,0.947846941059766,88.6676822713973,11.3323177286027
1989,9.12662527950241,1.79946774559226,86.733752166111,22.957162753342,433.668760830555,162,24,0.967787716458457,88.8007152075741,11.1992847924259
1989,9.16652926355271,1.80711058692464,88.3650916151829,23.0871601404381,441.825458075915,163,24,0.991646257488543,88.9279650210291,11.0720349789709
1989,9.20525770257825,1.81436838087264,89.9995899769176,23.2157423674329,449.997949884588,164,24,1.02229115043692,89.0464600680094,10.9535399319906
1989,9.24192601205592,1.82115068313977,91.6356500097926,23.3428277159441,458.178250048963,165,24,1.05655437951485,89.1530792764581,10.8469207235419
1989,9.27553784198187,1.82736142951889,93.2721308481353,23.4683734271186,466.360654240677,166,24,1.09018718898989,89.2444760988409,10.7555239011591
1989,9.305749217506,1.83289684173534,94.9085417799533,23.5923878813498,474.542708899767,167,24,1.12476679474723,89.3170562972507,10.6829437027493
1989,9.3316407498788,1.8375392993009,96.5440074966562,23.7148504999634,482.720037483281,168,24,1.16207868141525,89.3828085509949,10.6171914490051
1989,9.35293716044887,1.84119815388709,98.1771113665751,23.835701883331,490.885556832876,169,24,1.20412931879195,89.4562823658816,10.5437176341184
1989,9.24902708170453,1.82025866308712,99.8059800876883,23.9548521468263,499.029900438441,170,17,1.12333837412189,89.5377509521606,10.4622490478394
1989,9.2625098581154,1.82257825137603,101.430133867552,24.0723156166904,507.150669337759,171,17,1.15421732126138,89.6274741491013,10.3725258508987
1989,9.27286960448596,1.82437973258272,103.050710139908,24.1882209208204,515.253550699541,172,17,1.18091036033539,89.7256592256343,10.2743407743657
1989,9.28141412999969,1.82586647815813,104.667913864657,24.3026254161093,523.339569323287,173,17,1.20581780729896,89.8326540765688,10.1673459234311
1989,9.28955802042269,1.82726384796117,106.281731080633,24.4155687184594,531.408655403167,174,17,1.23151584830262,89.948845994724,10.051154005276
1989,9.29839342241193,1.82881584764716,107.891915091117,24.5270726999479,539.459575455584,175,17,1.25651903197237,90.0746299873059,9.92537001269408
1989,9.30905155173902,1.83078177299691,109.498734315391,24.6371933997701,547.493671576956,176,17,1.27882541159485,90.2103161394455,9.78968386055449
1989,9.32307840677571,1.83342983218766,111.103083353696,24.7460267984862,555.515416768482,177,17,1.30021789393386,90.3560797931336,9.64392020686643
1989,9.34203296036354,1.83703107014154,112.70580889939,24.853661813027,563.52904449695,178,17,1.32258589133884,90.5119730513345,9.48802694866551
1989,9.36745963246867,1.8418512844466,114.307691007969,24.9601794455935,571.538455039844,179,17,1.3480631127065,90.6778740864493,9.32212591355068
1989,9.40091238346478,1.84814291588799,115.909391304295,25.0656498062101,579.546956521476,180,17,1.37977965386488,90.8534427434178,9.14655725658216
1989,9.44345279945609,1.85613528160231,117.511255597188,25.1701198470729,587.55627798594,181,17,1.41686359106746,91.0380849608675,8.96191503913249
1989,9.49564088405196,1.86602396633517,119.114015820182,25.273659603925,595.57007910091,182,17,1.45453425193152,91.2308622503711,8.76913774962893
1989,9.55780592266611,1.87795839043356,120.719471393977,25.3764045388073,603.597356969887,183,17,1.48765195129582,91.4304168010862,8.56958319891382
1989,9.62995063056167,1.89202750714349,122.330514701215,25.4785541591926,611.652573506075,184,17,1.51058792451229,91.6349537980238,8.36504620197621
1989,9.71241688046994,1.90824448282667,123.95116335192,25.5803711343523,619.755816759601,185,17,1.52638586228563,91.8422375125192,8.15776248748081
1989,9.80536315005791,1.92652934043512,125.584893226446,25.6820751183392,627.924466132228,186,17,1.54176684824445,92.0496949272211,7.95030507277887
1989,9.90774545694046,1.94669111557845,127.233866239179,25.7837972010093,636.169331195894,187,17,1.55589999529438,92.2544643996621,7.74553560033787
1989,10.0178617481806,1.96841123157109,128.900200312332,25.8856610924426,644.501001561659,188,17,1.56786311771937,92.4533433657254,7.54665663427461
1989,10.1332787457989,1.99122633443534,130.585855905706,25.9877765430865,652.929279528529,189,17,1.57682305348373,92.6428249804042,7.35717501959581
1989,10.2516345854894,2.01453033122836,132.292471867239,26.0902300841889,661.462359336196,190,17,1.59132378623595,92.8198572850049,7.18014271499511
1989,10.369424627751,2.03752966576084,134.019504221828,26.192975765254,670.097521109139,191,17,1.61762015285331,92.9802054748292,7.01979452517079
1989,10.4813259646423,2.05926262162379,135.764455812243,26.2958545232741,678.822279061216,192,17,1.65075882279274,93.1194734653893,6.88052653461071
1989,10.5812440913877,2.07862185014958,137.524754723224,26.3987085400022,687.623773616118,193,17,1.68540546827745,93.2334307326262,6.76656926737376
1989,10.6624553132225,2.09438021240715,139.297676268037,26.5013767676213,696.488381340183,194,17,1.7158133902117,93.3176708788977,6.68232912110232
1989,10.7184175958795,2.10524417115627,141.080299773612,26.6036926580317,705.401498868059,195,17,1.74241048138367,93.3676211656838,6.63237883431623
1989,10.1506969792422,1.99359996703467,142.868310183076,26.7054165562662,714.34155091538,196,16,1.72198234872641,93.1927440186456,6.8072559813544
1989,10.1390164798925,1.99114555525166,144.546348701282,26.8000799240211,722.731743506408,197,16,1.74964645627121,93.1627383213465,6.83726167865348
1989,10.0870360141587,1.98074532122833,146.216012396711,26.8935136533922,731.080061983555,198,16,1.77970172224925,93.0823992967189,6.91760070328108
1989,10.0113194559487,1.96564373014559,147.868741897766,26.9852702434781,739.34370948883,199,16,1.81291176120534,92.9717360242351,7.02826397576494
1989,9.92807602490891,1.94906641716498,149.499140645881,27.0750893468256,747.495703229405,200,16,1.84643830983119,92.8541983195231,7.14580168047689
1989,9.83766102051831,1.93110730314112,151.105623768124,27.1629256217159,755.528118840621,201,16,1.87853126501515,92.7292175597504,7.27078244024957
1989,9.7399989118102,1.91171832756113,152.687028627467,27.2487572960663,763.435143137333,202,16,1.91159987198773,92.596282907477,7.40371709252301
1989,9.63498948814022,1.89084993182223,154.241696765856,27.3325359575112,771.208483829279,203,16,1.94806863882299,92.4548476040269,7.5451523959731
1989,9.52252908771144,1.86845217844807,155.76746622276,27.4141870047648,778.8373311138,204,16,1.9906483236669,92.3043255046195,7.69567449538055
1989,9.40190738280536,1.84447609258086,157.261613935634,27.4936073743052,786.308069678168,205,16,2.03240546700663,92.1440902659885,7.85590973401152
1989,9.27256449619497,1.81888041466862,158.722663644431,27.570761482327,793.613318222156,206,16,2.06734077809294,91.9734090396717,8.02659096032834
1989,9.13461036352022,1.7916338708949,160.150228781626,27.6456707185132,800.751143908129,207,16,2.09951805055353,91.7914485661244,8.20855143387559
1989,8.98818647899969,1.76271339887279,161.543133425716,27.7183139493333,807.715667128582,208,16,2.13336533496262,91.5973464415999,8.40265355840008
1989,8.83347345858647,1.73210780781467,162.89934615952,27.788625349082,814.4967307976,209,16,2.1735115856066,91.390222574653,8.60977742534697
1989,8.67008600955763,1.69982236386753,164.215948188129,27.8564939564262,821.079740940644,210,16,2.21269143350763,91.1691967146546,8.83080328534537
1989,8.49798436793049,1.66592369340887,165.491399557065,27.9218806174252,827.456997785324,211,16,2.24316272047045,90.9357993068478,9.06420069315224
1989,7.84866694185833,1.53852126731701,166.725703054061,27.9848242414036,833.628515270306,212,15,2.2038922251092,90.4276585058267,9.57234149417332
