"year","assimilated_weight","ingested_weight","Weight","Length","Energy","JulianDay","feeding_hours","Metabolism","percentage_partic","percentage_filters"
2008,4.29968873244887,0.849961941766559,54.5,19.9420239553624,272.5,141,24,0.549127084077477,84.2089208068629,15.791079193137
2008,4.28269905007369,0.846438256534137,55.2500857443084,20.0247987035296,276.250428721542,142,24,0.563180894488704,84.2350488558672,15.7649511441328
2008,4.25741321782143,0.841340997782358,55.9939605197399,20.1061180866238,279.9698025987,143,24,0.574134508933804,84.293403284613,15.706596715387
2008,4.221553039232,0.834671897873134,56.7305849971672,20.1859062401967,283.652924985836,144,24,0.558507530657959,84.3823646485463,15.6176353514537
2008,4.17777286147212,0.826433608318379,57.463160286707,20.2645428472883,287.315801433535,145,24,0.542992497184745,84.4994451707943,15.5005548292057
2008,4.12951287236519,0.816544931679154,58.1900798444824,20.3418847026811,290.950399222412,146,24,0.565831485099029,84.6431728729351,15.3568271270649
2008,4.07094871520004,0.805072379906184,58.9027767494209,20.4170622855103,294.513883747105,147,24,0.565438015400727,84.8120568788754,15.1879431211246
2008,4.00766156794465,0.791933354363967,59.6038365370648,20.4903963288646,298.019182685324,148,24,0.605433534799039,85.0033653715723,14.9966346284277
2008,3.93284044770715,0.777054158841588,60.2842366794698,20.5609966389296,301.421183397349,149,24,0.61633418556722,85.2156858129345,14.7843141870655
2008,3.84743307924219,0.760397567572224,60.9474892678305,20.629285115349,304.737446339153,150,24,0.608230525580038,85.445133777661,14.5548662223389
2008,3.9571017008825,0.78202267385183,61.5952778171088,20.6954832491095,307.976389085544,151,24,0.619639234565383,86.0234007639574,13.9765992360426
2008,3.84985049642328,0.760751579651359,62.2627149510592,20.7631836966632,311.313574755296,152,24,0.629521307698394,86.2633031572462,13.7366968427538
2008,3.73175697200537,0.737417797426298,62.9067217372562,20.8280297094151,314.533608686281,153,24,0.634413681838878,86.5085002263319,13.4914997736681
2008,3.53960912475,0.69917800400728,63.5261275891948,20.8899635488527,317.630637945974,154,17,0.591463110182874,86.754479835816,13.245520164184
2008,3.40253849386255,0.672351137266644,64.1156901896553,20.9485236452716,320.578450948277,155,17,0.579360449442701,86.9944351358192,13.0055648641808
2008,3.25523585736273,0.643347968274507,64.6802554072674,21.0042500714548,323.401277036337,156,17,0.576259555247294,87.2184531861217,12.7815468138783
2008,3.09702697603639,0.612179608081701,65.2159764819372,21.0568167768791,326.079882409686,157,17,0.57295079583665,87.4170872501737,12.5829127498263
2008,2.92912366666686,0.578933729392225,65.7207137758565,21.1060686070947,328.603568879283,158,17,0.580715048792744,87.5788204925114,12.4211795074886
2008,2.74886729157331,0.543814875668316,66.1903138748357,21.1516555959407,330.951569374178,159,17,0.544282663737561,87.6905632775226,12.3094367224774
2008,2.56639068929277,0.507230994583363,66.6311456209271,21.1942451897586,333.155728104636,160,17,0.587905732384998,87.7365899545021,12.2634100454979
2008,2.37798986611574,0.469838727155941,67.026753979547,21.2322987850391,335.133769897735,161,17,0.605671571855105,87.7043508373562,12.2956491626438
2008,2.19158112885914,0.432709769248116,67.3811258083076,21.2662531463627,336.905629041538,162,17,0.640753388011878,87.5825760770299,12.4174239229701
2008,2.01297904861762,0.397381038792945,67.6911965815023,21.295860828423,338.455982907511,163,17,0.651207995539101,87.3712742096886,12.6287257903114
2008,1.85460786183442,0.365890302008759,67.9634533764353,21.3217799355396,339.817266882176,164,17,0.684686659187344,87.0891412900535,12.9108587099465
2008,1.72650769010404,0.340630042727423,68.1973378324796,21.3439882352845,340.986689162398,165,17,0.684842847158816,86.7845504878579,13.2154495121421
2008,1.64261261712648,0.32406251612896,68.4055689436121,21.3637160176398,342.027844718061,166,17,0.689110148445242,86.5316101338011,13.4683898661989
2008,1.61294171139079,0.318270127625689,68.5961657043033,21.3817364697448,342.980828521516,167,17,0.680745118820143,86.4092466226765,13.5907533773235
2008,1.62101285605181,0.319629210957374,68.7824995479561,21.3993201694783,343.91249773978,168,17,0.720891247621158,86.3989114122425,13.6010885877575
2008,1.63993256972904,0.323382676394369,68.9624166685021,21.4162668678641,344.81208334251,169,17,0.718527047604266,86.4422745019169,13.5577254980831
2008,1.67086714806025,0.329383495576422,69.146588882747,21.4335824742343,345.732944413735,170,17,0.736586933077768,86.5319812251481,13.4680187748519
2008,1.71188441170589,0.337463769483801,69.3333342837391,21.4511072178254,346.666671418696,171,17,0.739040772969261,86.6607580011859,13.3392419988141
2008,1.76347169790371,0.347459883997765,69.527790569342,21.4693206447451,347.63895284671,172,17,0.769048159712546,86.8199078398454,13.1800921601546
2008,1.82128302038867,0.359200603891985,69.7265609345784,21.4879014862201,348.632804672892,173,17,0.716005778476644,87.0019413133592,12.9980586866408
2008,1.88916752782155,0.372546313906664,69.9475000706524,21.5085113681851,349.737500353262,174,17,0.723972489913106,87.1976011494644,12.8023988505356
2008,1.96381844104521,0.387333748960428,70.1804205433208,21.5301898350825,350.902102716604,175,17,0.716504899992224,87.4020005208893,12.5979994791107
2008,2.04484495027038,0.40342849312307,70.4297623354039,21.5533411715424,352.14881167702,176,17,0.703354011929996,87.6097081072384,12.3902918927616
2008,2.13269012434913,0.420706639515021,70.697937013961,21.5781774655043,353.489685069805,177,17,0.71212592511505,87.8167052087018,12.1832947912982
2008,2.22632609814322,0.43904835230639,70.9819235044947,21.6044066492888,354.909617522474,178,17,0.730396790910016,88.0205948053031,11.9794051946969
2008,2.32181616040629,0.458347745236348,71.2809799500542,21.6319487599201,356.404899750271,179,17,0.67840754862376,88.2195897310317,11.7804102689683
2008,2.42508145235225,0.478538158427246,71.6095289606721,21.6621143539383,358.04764480336,180,17,0.702088611750089,88.4111399998811,11.5888600001189
2008,2.53242181404648,0.499510460803425,71.9539911161384,21.6936376017746,359.769955580692,181,17,0.727317568065215,88.5960181925426,11.4039818074574
2008,2.64385082928585,0.521185535730489,72.3148715809162,21.7265507443436,361.574357904581,182,17,0.76300973549072,88.7739532385474,11.2260467614526
2008,2.75486940011882,0.543484084850301,72.690895151696,21.7607234153729,363.45447575848,183,17,0.723352853091073,88.945109178708,11.054890821292
2008,2.86935888549527,0.566370796015511,73.0970492568783,21.7974961929914,365.485246284391,184,17,0.698050423034435,89.1084571467311,10.8915428532689
2008,2.98670062615305,0.589772828682957,73.5311566906497,21.8366427277551,367.655783453248,185,17,0.680078671671117,89.2646368626774,10.7353631373226
2008,3.10605017927663,0.613618203431055,73.9923212641831,21.8780531445024,369.961606320915,186,17,0.660507688205316,89.4142147710161,10.5857852289839
2008,3.22973839283537,0.637836497449396,74.4812638588992,21.9217618998851,372.406319294496,187,17,0.68120502216317,89.5576433953901,10.4423566046099
2008,3.35571112122419,0.662326720278277,74.9907979680565,21.9670991458471,374.953989840283,188,17,0.715817471540075,89.6959546438986,10.3040453561014
2008,3.48114262263007,0.686994887224381,75.5185969564345,22.0138357417819,377.592984782173,189,17,0.726855489751397,89.8297559938564,10.1702440061436
2008,3.60866813667358,0.711771844286009,76.0692669483793,22.0623555227534,380.346334741897,190,17,0.76190706968738,89.9602180262884,10.0397819737116
2008,3.73219222984619,0.736543103558686,76.6384234116734,22.1122475678057,383.192117058367,191,17,0.735098972333312,90.0875955372958,9.91240446270421
2008,3.85718880043148,0.761250904364038,77.237637399338,22.164496162072,386.18818699669,192,17,0.736758354369717,90.2110062589691,9.78899374103089
2008,3.98115891637454,0.785770466725693,77.8615090792957,22.2185954566244,389.307545396478,193,17,0.737746217830069,90.3312642178821,9.66873578211791
2008,4.10518873535199,0.809993019620115,78.5099666578203,22.2745074596083,392.549833289102,194,17,0.760676537349468,90.4488327711112,9.55116722888878
2008,4.22895649136414,0.833787073812841,79.1786327160748,22.3318258429161,395.893163580374,195,17,0.810530936639752,90.5644559045034,9.43554409549663
2008,4.12467221930357,0.813092236815451,79.8620691708922,22.3900627739392,399.310345854461,196,16,0.806697075989567,90.4653653470213,9.53463465297865
2008,4.23520855055663,0.834395533185782,80.5254024567391,22.4462554352724,402.627012283696,197,16,0.848596643553326,90.582464824011,9.41753517598904
2008,4.33986894506611,0.854935816394008,81.2024498533603,22.5032781391935,406.012249266802,198,16,0.860292594826891,90.6994662271476,9.30053377285237
2008,4.44796418598538,0.875912159562646,81.8980760559301,22.5615215053955,409.490380279651,199,16,0.890262763648181,90.8256321513108,9.17436784868924
2008,4.56251191325927,0.898031500638853,82.6093121875198,22.6207164556398,413.046560937599,200,16,0.930089814419061,90.9664802929571,9.03351970704292
2008,4.67910985396222,0.921199198589419,83.3354763630895,22.6807884996105,416.677381815448,201,16,0.920003612465954,91.1188456518932,8.88115434810679
2008,4.80026311270848,0.945250575465079,84.0869602183056,22.7425722074821,420.434801091528,202,16,0.911968057870878,91.2789566718481,8.72104332815187
2008,4.93055124265332,0.969979016755122,84.8642632971808,22.8060750803884,424.321316485904,203,16,0.987571692451299,91.4439888484157,8.55601115158432
2008,5.05899126555667,0.995109274496958,85.6524832216045,22.8700571910082,428.262416108022,204,16,1.00536843680262,91.6122949833091,8.38770501669087
2008,5.18761036339483,1.02050612343011,86.4628105227389,22.9354074444106,432.314052613695,205,16,1.00570003209685,91.7812634985206,8.21873650147937
2008,5.31926869541309,1.04601072294385,87.2987724218801,23.0023792317354,436.4938621094,206,16,1.04289372480463,91.9490536437615,8.05094635623853
2008,5.44986767687337,1.07142758041308,88.1536024910014,23.0704019761184,440.768012455007,207,16,1.07094845897025,92.1146453774739,7.88535462252611
2008,5.57686018340549,1.09661901355672,89.0289148609487,23.139579858694,445.144574304744,208,16,1.06284953908377,92.2768763552353,7.72312364476468
2008,5.70071287452903,1.12148780130524,89.931216991771,23.2103963833925,449.656084958855,209,16,1.03492993387275,92.4345941518218,7.56540584817821
2008,5.82407426286395,1.14593584351688,90.8638427046722,23.2830742802611,454.319213523361,210,16,1.03129079995589,92.5869980053617,7.41300199463835
2008,5.94540070289799,1.16986112591197,91.8218349740197,23.3571896327816,459.109174870099,211,16,1.03647804654805,92.7361235797125,7.26387642028753
2008,5.72741701861994,1.12747728321645,92.8030188245583,23.432542635075,464.015094122792,212,15,0.984824266688582,92.6915938986316,7.30840610136839
2009,4.29398576764628,0.849857074153283,54.5,19.9420239553624,272.5,141,24,0.501557558235555,84.2094396262201,15.7905603737799
2009,4.27820562992269,0.846363511711515,55.2584590565163,20.0257182964351,276.292295282581,142,24,0.523915174277817,84.2340337436023,15.7659662563977
2009,4.25346145686757,0.841291213287674,56.0092882657337,20.1077857560717,280.046441328669,143,24,0.53786223327584,84.291157385671,15.708842614329
2009,4.21963732996162,0.834644891310094,56.7523767947649,20.1882556132288,283.761883973824,144,24,0.541222467656057,84.3790189885526,15.6209810114474
2009,4.17568145691608,0.82641850826301,57.4880258771245,20.2671996949913,287.440129385623,145,24,0.523810459235135,84.4956297777596,15.5043702222404
2009,4.12792568337034,0.816600424710627,58.2183634667714,20.3448803437516,291.091817333857,146,24,0.547095868828203,84.6385382541903,15.3614617458097
2009,4.07145847233116,0.805080060207472,58.9344899423321,20.4203927288377,294.672449711661,147,24,0.570621060305606,84.8072648295293,15.1927351704707
2009,4.00633611252326,0.791939171883991,59.634614935587,20.493602082078,298.173074677935,148,24,0.590444350576728,84.9988342911474,15.0011657088526
2009,3.92950999767022,0.777069647775727,60.3177476828884,20.5644594578053,301.588738414442,149,24,0.577619354987507,85.210821192559,14.789178807441
2009,3.84412202170497,0.760433528118388,60.988076985042,20.6334471748376,304.94038492521,150,24,0.568323146055097,85.4392845752809,14.5607154247191
2009,3.95581205704843,0.782076183104704,61.6431845910474,20.7003595833331,308.215922955237,151,24,0.601869849165522,86.0175851922174,13.9824148077826
2009,3.84792326899502,0.760813761135932,62.3139174148576,20.768356409762,311.569587074288,152,24,0.602889990003137,86.257115170623,13.742884829377
2009,3.72867772091878,0.737491460067122,62.9628647276016,20.8336608673856,314.814323638008,153,24,0.592125228628639,86.5017241679813,13.4982758320187
2009,3.6025647064673,0.712059139115679,63.5901120834582,20.8963372797652,317.950560417291,154,24,0.628307606780756,86.7458716470531,13.2541283529469
2009,3.40246570313871,0.672434246836177,64.1848964981386,20.9553731244772,320.924482490693,155,17,0.573561281921496,86.9853093221877,13.0146906778123
2009,3.25642100320807,0.643430464204063,64.7506065348387,21.0111704210227,323.753032674193,156,17,0.587097599477817,87.2093587003246,12.7906412996754
2009,3.09968027765579,0.612255517832212,65.2843965453065,21.0635086782815,326.421982726532,157,17,0.605961621497296,87.4084052567295,12.5915947432705
2009,2.93032595474814,0.578996713270553,65.7830618434857,21.1121341629572,328.915309217428,158,17,0.594511007717274,87.5710451914685,12.4289548085315
2009,2.75209803458508,0.543871434677828,66.2501427435471,21.1574473488546,331.250713717736,159,17,0.590399622024398,87.683194009052,12.316805990948
2009,2.56643012740899,0.507273681209835,66.6823967845784,21.1991839061618,333.411983922892,160,17,0.585228451047267,87.7303499730509,12.2696500269491
2009,2.3772545638312,0.469880778417363,67.0785480781682,21.2372692641655,335.392740390841,161,17,0.58811268815192,87.6980561037914,12.3019438962086
2009,2.18956472529354,0.432754682514057,67.436284197604,21.2715269809038,337.18142098802,162,17,0.593544126143845,87.5758457693011,12.4241542306989
2009,2.01140865427295,0.397435066496096,67.7553930771054,21.3019789332204,338.776965385527,163,17,0.608207630492413,87.3633726941796,12.6366273058204
2009,1.8512308509268,0.365952564270422,68.0359353118842,21.3286680843402,340.179676559421,164,17,0.589693962163557,87.0801425030336,12.9198574969664
2009,1.72364111930124,0.340711154092527,68.2881422665114,21.3525961876853,341.440711332557,165,17,0.594098700968557,86.7731847737019,13.2268152262981
2009,1.64011539419934,0.324162076232715,68.5139480783187,21.3739672821532,342.569740391594,166,17,0.601132777766731,86.5179842512711,13.482015748729
2009,1.60954358852827,0.318388300751652,68.7216398810664,21.3935807018311,343.608199405332,167,17,0.565534004326827,86.3934545040574,13.6065454959426
2009,1.61838838489944,0.319772423854744,68.9303351631591,21.4132473158498,344.651675815795,168,17,0.617835382666077,86.3803496351651,13.6196503648349
2009,1.63756234872356,0.323550540062164,69.1303371762116,21.4320558062019,345.651685881058,169,17,0.620755663078934,86.4213239956707,13.5786760043293
2009,1.66806405200488,0.329577567984993,69.3335880268562,21.4511310074399,346.667940134281,170,17,0.622111577202655,86.5088857789679,13.4911142210321
2009,1.709901594144,0.337690912548311,69.5426660772097,21.4707124720683,347.713330386049,171,17,0.645209032925437,86.6352566649224,13.3647433350776
2009,1.76185965058514,0.347720003551931,69.7554901005944,21.4906026750848,348.777450502972,172,17,0.680107533698281,86.7926385187107,13.2073614812893
2009,1.82214137545477,0.359497500928844,69.9717239226265,21.5107682822037,349.858619613132,173,17,0.699051169469123,86.9731650820248,13.0268349179752
2009,1.89003015077006,0.372867915737087,70.1962231830922,21.5316588070817,350.981115915461,174,17,0.704116956040782,87.1690691848444,12.8309308151556
2009,1.96697304246973,0.387684879108272,70.4332847429273,21.5536678168861,352.166423714636,175,17,0.757527379963369,87.373722755891,12.626277244109
2009,2.04816767187881,0.403796513323049,70.6750503293589,21.5760604406118,353.375251646794,176,17,0.744262515945821,87.5830257927638,12.4169742072362
2009,2.13506494956378,0.421093692531426,70.9357052557193,21.6001428898356,354.678526278597,177,17,0.724553714090789,87.7915981165484,12.2084018834516
2009,2.22940063631109,0.439465536580266,71.2176785901731,21.626125642691,356.088392950866,178,17,0.756538741748017,87.9964729387128,12.0035270612872
2009,2.32588286891093,0.458793308332678,71.5121189607314,21.6531807722326,357.560594803657,179,17,0.721319559495525,88.1967093125267,11.8032906874733
2009,2.42925270191019,0.479007990180395,71.8328963160521,21.6825676960806,359.16448158026,180,17,0.744129732547892,88.3897807056963,11.6102192943037
2009,2.53388808503655,0.500005797160558,72.169781932565,21.713332020049,360.848909662825,181,17,0.706745488138124,88.5761092005203,11.4238907994797
2009,2.64281642176641,0.521734335354585,72.5350675308373,21.746576931026,362.675337654186,182,17,0.685932144986181,88.7543676916191,11.2456323083809
2009,2.75659539531663,0.544117264631143,72.926297084357,21.7820538596442,364.631485421785,183,17,0.696399267743263,88.9249292345927,11.0750707654073
2009,2.87244880043611,0.567071291502903,73.3381841931582,21.8192609760568,366.690920965791,184,17,0.691530782523797,89.0885486952027,10.9114513047972
2009,2.99148511994545,0.590534233784167,73.7742104705112,21.8584903054504,368.871052352556,185,17,0.698049101445798,89.2453195181319,10.7546804818681
2009,3.11213334684639,0.614429358987577,74.2327346727155,21.8995698435624,371.163673363577,186,17,0.694742420550738,89.3958287147753,10.6041712852247
2009,3.23541927409773,0.638688240208006,74.7160437062049,21.9426788717647,373.580218531024,187,17,0.705071769975993,89.5403717897809,10.4596282102191
2009,3.35966501820722,0.663224699793857,75.2219373653911,21.9875946616483,376.109686826956,188,17,0.708073144763287,89.6795937122516,10.3204062877484
2009,3.48631685789234,0.687959754721804,75.7520726623744,22.0344374023883,378.760363311872,189,17,0.733186171023764,89.8138363739585,10.1861636260415
2009,3.61252153241708,0.71279026896403,76.3025078760009,22.0828326945905,381.512539380004,190,17,0.743192158422065,89.9440477078649,10.0559522921351
2009,3.73922358269148,0.737637466305352,76.876174387593,22.1330122722814,384.380871937965,191,17,0.759390669761493,90.0716324043637,9.92836759563635
2009,3.86513343841422,0.762388927561532,77.471932484552,22.184848746765,387.35966242276,192,17,0.770671938172141,90.1957465794354,9.80425342056463
2009,3.98945140717752,0.786942122074234,78.0906064617532,22.2383858839141,390.453032308766,193,17,0.773223234842811,90.3167714456583,9.68322855434175
2009,4.10844059762383,0.811193799804334,78.7336231537703,22.2937171438685,393.668115768851,194,17,0.723804432981288,90.4350729322751,9.56492706772491
2009,4.23129446489474,0.835074618932583,79.4103099568376,22.3516066194322,397.051549784188,195,17,0.753957136737328,90.5505839571081,9.44941604289191
2009,4.12674300155911,0.814400922462299,80.1055243922534,22.4107241426816,400.527621961267,196,16,0.743903107933878,90.4516779509227,9.54832204907731
2009,4.2348944733134,0.835805630331485,80.781825830868,22.4678912536491,403.90912915434,197,16,0.744774205209893,90.5683777005884,9.43162229941159
2009,4.34207607563279,0.856472201658626,81.4795696344408,22.5265223302494,407.397848172204,198,16,0.782766614067451,90.6845133003414,9.31548669965861
2009,4.44803735899306,0.877562444122341,82.1911365256228,22.5859556520829,410.955682628114,199,16,0.775486052809029,90.8101369006101,9.18986309938992
2009,4.55846069025866,0.899831856594137,82.9253360866666,22.6469046302567,414.626680433333,200,16,0.749965778886504,90.9500967691169,9.04990323088305
2009,4.68185214340375,0.923210821378213,83.6867074524312,22.7097133031854,418.433537262156,201,16,0.818314436959821,91.1009604336,8.89903956639996
2009,4.80151449087531,0.947405500029786,84.4590690377711,22.773022983522,422.295345188855,202,16,0.785952684508529,91.2603806615446,8.73961933845541
2009,4.92734889007786,0.972298716002628,85.26181598023,22.8383971203646,426.30907990115,203,16,0.787982935381192,91.4245110995679,8.57548890043208
2009,5.05742121206824,0.997660666209006,86.0893025740146,22.9053385182294,430.446512870073,204,16,0.812623040636973,91.5912461075523,8.40875389244776
2009,5.18529964953093,1.02328158945162,86.9378527294242,22.97351978622,434.689263647121,205,16,0.795541657354465,91.758745273133,8.24125472686698
2009,5.31534129291465,1.0490228036511,87.8153702354315,23.0435424874191,439.076851177158,206,16,0.79747620578508,91.9249488511336,8.07505114886643
2009,5.44441912171891,1.0747045656113,88.7184824356488,23.115100165536,443.592412178244,207,16,0.792454843322764,92.0886803897583,7.91131961024176
2009,5.57150239249267,1.10018559821247,89.6483855678621,23.1882520622914,448.24192783931,208,16,0.777773637956444,92.2488118745796,7.75118812542043
2009,5.69692136099007,1.12534214521131,90.6066102865183,23.2630807302727,453.033051432591,209,16,0.764218722422934,92.4044339587681,7.59556604123188
2009,5.82367881073155,1.15005549329767,91.5925958135303,23.3395037109516,457.962979067652,210,16,0.787562456487197,92.5549242535767,7.44507574642331
2009,5.94630804493072,1.17419832295266,92.5992272493281,23.4169376904479,462.996136246641,211,16,0.798332729637246,92.7009621048446,7.29903789515543
2009,5.73347438824924,1.13172770961501,93.6281908209029,23.4954855433671,468.140954104514,212,15,0.808604180156335,92.6548243242101,7.34517567578994
2010,4.30018294921123,0.849961941766559,54.5,19.9420239553624,272.5,141,24,0.553901005306191,84.208920806863,15.7910791931371
2010,4.2826822850415,0.846435544476106,55.2492298034152,20.0247046949734,276.246149017076,142,24,0.563143940993219,84.2352048131495,15.7647951868505
2010,4.25893735278709,0.841338344106626,55.9931086192191,20.1060253899206,279.965543096095,143,24,0.58996185241612,84.2935559363568,15.7064440636432
2010,4.2248832767558,0.834660545463452,56.7268724577943,20.1855059287372,283.634362288971,144,24,0.593263461311045,84.3830180053688,15.6169819946312
2010,4.18165444748271,0.826403648084758,57.4531626219691,20.2634743872928,287.265813109846,145,24,0.583830495550586,84.5011709609819,15.498829039018
2010,4.13316832047256,0.816493967183698,58.1726909353348,20.3400424641331,290.863454676674,146,24,0.607535250001418,84.6461136821526,15.3538863178473
2010,4.07433139913634,0.805000864520515,58.8777782473762,20.4144361219374,294.388891236881,147,24,0.605776753805835,84.8161947826986,15.1838052173014
2010,4.00753760770574,0.791843135995854,59.5714469317299,20.4870215126999,297.857234658649,148,24,0.608971538949803,85.0086082088911,14.9913917911089
2010,3.93233541538143,0.776964592707771,60.2511148291037,20.5575727141276,301.255574145518,149,24,0.615458289535756,85.2209252730899,14.7790747269101
2010,3.84616478060393,0.760311108069135,60.9144417501948,20.6258948371029,304.572208750974,150,24,0.598161293430539,85.4502402825043,14.5497597174957
2010,3.95584248309119,0.781941341567518,61.5639906547573,20.6922971646817,307.819953273787,151,24,0.609474411952267,86.0280323353278,13.9719676646722
2010,3.84964294543556,0.760678074211426,62.233209077924,20.7602015283056,311.16604538962,152,24,0.631313243132862,86.2675683219972,13.7324316780028
2010,3.73205656817521,0.737346775434353,62.8768161342781,20.8250287389524,314.384080671391,153,24,0.642668805457899,86.5127233245893,13.4872766754107
2010,3.53827152214444,0.699112880016151,63.4946310593637,20.8868244201684,317.473155296819,154,17,0.578673950505454,86.758828069552,13.241171930448
2010,3.40350067380542,0.672294202840596,64.0864841687791,20.9456315239706,320.432420843895,155,17,0.595406984881497,86.9983815985361,13.0016184014639
2010,3.25704672932696,0.643289146700998,64.6480327071103,21.0010786142407,323.240163535552,156,17,0.604833080345477,87.2227219929369,12.7772780070631
2010,3.10051045125622,0.612115797803112,65.1784014722043,21.0531396289827,325.892007361021,157,17,0.628230513787852,87.4219782144151,12.5780217855849
2010,2.92922916836151,0.578858430169972,65.6727797860993,21.1014026028535,328.363898930497,158,17,0.587681285272818,87.5849674952209,12.4150325047791
2010,2.75022856496616,0.543743499495538,66.1410080939373,21.1468797907995,330.705040469687,159,17,0.570216962334392,87.6968123519326,12.3031876480674
2010,2.56743974452234,0.507158715240871,66.576925614174,21.1890175037433,332.88462807087,160,17,0.612433152191706,87.7434058261611,12.2565941738389
2010,2.37750207794061,0.469766149029133,66.9678387307866,21.2266416612694,334.839193653933,161,17,0.602937256364985,87.7117251381841,12.2882748618159
2010,2.19051793266928,0.43264263619029,67.3226603471506,21.2606598282467,336.613301735753,162,17,0.624569006256965,87.5898890564661,12.4101109435338
2010,2.01464357201066,0.397320902353754,67.6357558486483,21.2905739170968,338.178779243242,163,17,0.700608953551146,87.3782239655195,12.6217760344805
2010,1.85462786829283,0.365822613898365,67.8984658332525,21.3155996438928,339.492329166263,164,17,0.694343818892158,87.0973174794783,12.9026825205217
2010,1.72774888504783,0.340562023348953,68.1304234283819,21.3376398630879,340.65211714191,165,17,0.733425116802719,86.7929970928462,13.2070029071538
2010,1.64427456763468,0.323985741234594,68.3291869212722,21.3564844639225,341.645934606361,166,17,0.756534763602346,86.5412684584615,13.4587315415385
2010,1.61450849414612,0.318180318877456,68.5066318403288,21.3732756165281,342.533159201644,167,17,0.747502132460728,86.4205642279103,13.5794357720897
2010,1.62107357957733,0.319525656622145,68.6799284590335,21.3896449935179,343.399642295168,168,17,0.739951287943033,86.4118345390235,13.5881654609765
2010,1.63995419470259,0.323273561052935,68.856046669364,21.4062514264592,344.28023334682,169,17,0.736889471995282,86.4555831757365,13.5444168242635
2010,1.6703100255812,0.329267714061084,69.0365517249637,21.4232408101992,345.182758624818,170,17,0.736648009243224,86.5456034314476,13.4543965685524
2010,1.71098616750814,0.337343774075504,69.2231745356792,21.440773484862,346.115872678396,171,17,0.728724148540014,86.6742049528511,13.3257950471489
2010,1.76254073393019,0.34733670728185,69.419515562136,21.4591836321287,347.09757781068,172,17,0.758081741753094,86.8328977416723,13.1671022583277
2010,1.82139198989633,0.35907332549251,69.620294079513,21.4779723734718,348.101470397565,173,17,0.737844085458087,87.0144346912376,12.9855653087624
2010,1.88841875256158,0.372405825316245,69.8368884047223,21.4981988523705,349.184442023611,174,17,0.721999259619851,87.210309130984,12.789690869016
2010,1.96327800718524,0.387184196256237,70.0700548854968,21.519924099808,350.350274427484,175,17,0.721614356771975,87.4143614870073,12.5856385129927
2010,2.04523900633449,0.403266516466654,70.3182678326561,21.5429960015239,351.59133916328,176,17,0.734681846763724,87.6218557671598,12.3781442328402
2010,2.13236734812987,0.420522678459101,70.5802569205741,21.5672869316543,352.901284602871,177,17,0.726688281273193,87.8291552057727,12.1708447942273
2010,2.22751223249168,0.438844900437628,70.8612676375706,21.5932717443633,354.306338187853,178,17,0.786387186379216,88.0329704481189,11.9670295518811
2010,2.3236854382409,0.458108036205017,71.1493645412484,21.6198373575843,355.746822706242,179,17,0.748791846224444,88.2326621074246,11.7673378925754
2010,2.42667683376051,0.47825219544759,71.4642120069058,21.6487840595438,357.321060034529,180,17,0.77061542810461,88.4251003937902,11.5748996062098
2010,2.53129295244101,0.499173216656834,71.795289522721,21.6791272167975,358.976447613605,181,17,0.738709206138304,88.6107537878194,11.3892462121806
2010,2.64105228220972,0.520816103063703,72.1536677292036,21.7118627562574,360.768338646018,182,17,0.741772275740475,88.7884114338494,11.2115885661506
2010,2.75279561438689,0.543095553997473,72.5333810001224,21.7464237070527,362.666905000612,183,17,0.720023337905762,88.9587511206244,11.0412488793756
2010,2.86933449327748,0.565954316367572,72.9397881740613,21.7832748711577,364.698940870307,184,17,0.73613214458414,89.1216067220858,10.8783932779142
2010,2.98789809300722,0.589305371221493,73.3662763587501,21.8217933229653,366.831381793751,185,17,0.74281333326328,89.2779483642511,10.7220516357489
2010,3.10930562024726,0.613082173494928,73.8151356238372,21.8621640421778,369.075678119186,186,17,0.762042660326122,89.4280306757799,10.5719693242201
2010,3.2297412855771,0.637203310616235,74.2844246730435,21.9041896881191,371.422123365217,187,17,0.732669734047724,89.5724744982546,10.4275255017454
2010,3.35471203069001,0.6616208818686,74.783669126341,21.9486952465501,373.918345631705,188,17,0.756854904914449,89.7110454603488,10.2889545396512
2010,3.48000726164635,0.686219797067678,75.3030637565428,21.9947778667833,376.515318782714,189,17,0.770458774888244,89.8449545193868,10.1550454806132
2010,3.60466987509767,0.710923307030245,75.8447891931482,22.0426063390672,379.223945965741,190,17,0.76493535238537,89.9755539925764,10.0244460074236
2010,3.73148705274465,0.735649197332728,76.4125437735101,22.0924780511829,382.062718867551,191,17,0.792350569222977,90.102563874142,9.89743612585803
2010,3.8576674026189,0.760271025823701,77.0001699833643,22.1438240504608,385.000849916822,192,17,0.817582940232175,90.2262896122781,9.77371038772185
2010,3.97715538134554,0.784684059860558,77.6079763736674,22.1966468338103,388.039881868337,193,17,0.757047429823545,90.3471340689568,9.65286593104323
2010,4.10542729582004,0.808848795298626,78.2517773416554,22.25228428994,391.258886708277,194,17,0.847810289244835,90.4645726851723,9.53542731482766
2010,4.2186333136554,0.832529058478976,78.9030689648542,22.3082454072583,394.515344824271,195,17,0.753220497240619,90.5808420465267,9.41915795347327
2010,4.1163566759336,0.811906008864415,79.5959079929653,22.3674241211344,397.979539964827,196,16,0.771330675282175,90.4811425760853,9.51885742391471
2010,4.22393062213256,0.833208193118704,80.2646566129817,22.4242056107484,401.323283064908,197,16,0.770577469705496,90.5975968338248,9.40240316617525
2010,4.32851237685617,0.853789113550408,80.9550575284925,22.4824806657462,404.775287642463,198,16,0.779214073310382,90.7135403401146,9.28645965988542
2010,4.43746851509511,0.874812852882903,81.6646333351004,22.5420143942633,408.323166675502,199,16,0.816965947512315,90.8386522494032,9.16134775059684
2010,4.55143968395263,0.896975824631219,82.3884348290922,22.6023713720934,411.942174145461,200,16,0.844180959229135,90.978552410293,9.021447589707
2010,4.67056491544868,0.920201747797134,83.1295714006597,22.6637921598166,415.647857003299,201,16,0.867919614651131,91.1298724430453,8.8701275569547
2010,4.79138845060929,0.944284144885478,83.8897680056261,22.7263972929308,419.448840028131,202,16,0.855053359866804,91.2893055908997,8.71069440910035
2010,4.91789417272585,0.96905091245803,84.6766840359093,22.7907877588553,423.383420179547,203,16,0.872608656021681,91.4536397736708,8.54636022632919
2010,5.04622216170054,0.994276368678339,85.48537007633,22.8565265156361,427.42685038165,204,16,0.883364026197874,91.6207282905896,8.37927170941043
2010,5.17617938474676,1.01977852789468,86.3175490313171,22.9237240751188,431.587745156585,205,16,0.897125291712707,91.7884575745063,8.21154242549365
2010,5.31396923852418,1.04537883297932,87.1729438666085,22.9923273317703,435.864719333043,206,16,1.01118122100762,91.9551725272948,8.04482747270518
2010,5.44282801345869,1.07082199980417,88.0330603467318,23.0608378095485,440.165301733659,207,16,1.01246454772493,92.1204041421117,7.87959585788828
2010,5.57444658116993,1.09606615287051,88.9186653871256,23.1308927654159,444.593326935628,208,16,1.067532601823,92.2820530653762,7.71794693462379
2010,5.69737831401843,1.12093002603839,89.8195518540902,23.2016593546371,449.097759270451,209,16,1.02704971897457,92.4397493327597,7.56025066724034
2010,5.82290409483602,1.14538592239704,90.753090602122,23.2744708464177,453.76545301061,210,16,1.05225320447727,92.5920266624466,7.40797333755341
2010,5.94784607298394,1.16929365828013,91.7066604298634,23.348307707595,458.533302149317,211,16,1.10810842070129,92.7412670623348,7.25873293766524
2010,5.73360978901128,1.12688709693389,92.6740117373332,23.4226669451896,463.370058686666,212,15,1.11070719443354,92.697440195383,7.30255980461701
2011,4.29477603646711,0.849961941766559,54.5,19.9420239553624,272.5,141,24,0.503853354063778,84.2089208068629,15.7910791931371
2011,4.27604400729816,0.846463831926344,55.2581579511148,20.0256852294375,276.290789755574,142,24,0.499893987111721,84.2335781089165,15.7664218910835
2011,4.25015165097764,0.841401416643107,56.013359074184,20.1082286094104,280.06679537092,143,24,0.502324609979074,84.2899275558307,15.7100724441693
2011,4.21747272430772,0.83477066963222,56.7628931530504,20.1893891565743,283.814465765252,144,24,0.514933728282057,84.376679689298,15.623320310702
2011,4.17561430826418,0.826554060861553,57.5033670244947,20.2688384720284,287.516835122473,145,24,0.516873815182117,84.4925061317978,15.5074938682022
2011,4.12089251548391,0.816676769688974,58.2350784546271,20.3466502237641,291.175392273136,146,24,0.478000056158124,84.6355646463244,15.3644353536756
2011,4.06781870189346,0.805246351599395,58.9636173911499,20.4234505232556,294.81808695575,147,24,0.525463394782755,84.8019896784318,15.1980103215682
2011,4.00404764520423,0.792123248796141,59.6720458374204,20.4974991794712,298.360229187102,148,24,0.556052433658426,84.9923289962475,15.0076710037526
2011,3.9241809705396,0.777263249573648,60.3615991028421,20.5689887663391,301.80799551421,149,24,0.512178179945193,85.2034535786037,14.7965464213963
2011,3.84339055841058,0.760649792039703,61.0439506214968,20.639173569086,305.219753107484,150,24,0.548782208494955,85.4302365093668,14.5697634906332
2011,3.95455650398606,0.782302090168869,61.7028198353442,20.7064260459487,308.514099176721,151,24,0.575465457709866,86.0074900516806,13.9925099483194
2011,3.84972954791497,0.761040095202994,62.3785821037039,20.7748849086635,311.89291051852,152,24,0.611250137826913,86.2465644315624,13.7534355684376
2011,3.73118239487509,0.737701473738594,63.0262182728081,20.8400110449508,315.131091364041,153,24,0.610111024861063,86.4916363275212,13.5083636724788
2011,3.60314620438452,0.71225248650722,63.6503690226851,20.9023356096686,318.251845113426,154,24,0.623589491910089,86.7373392718262,13.2626607281738
2011,3.40508981343006,0.672605517491576,64.2462129787352,20.9614374332399,321.231064893676,155,17,0.596770715419342,86.9768105606401,13.0231894393599
2011,3.25951009790773,0.643580777032602,64.8078055444875,21.0167931522708,324.039027722437,156,17,0.620025693735773,87.2015675462688,12.7984324537312
2011,3.10285773423479,0.612382798010173,65.3356273591638,21.0685161661777,326.678136795819,157,17,0.644856553854954,87.4015238872743,12.5984761127257
2011,2.93194376004445,0.579100944760484,65.8271487929122,21.1164207609843,329.135743964561,158,17,0.611740439725766,87.5651810327655,12.4348189672345
2011,2.75463598559175,0.543960816703211,66.2911070376766,21.1614108083854,331.455535188383,159,17,0.625391861207697,87.6777975662979,12.3222024337021
2011,2.57181295621296,0.507345304611835,66.7168699035419,21.2025043516399,333.58434951771,160,17,0.67839802575347,87.7258209188503,12.2741790811497
2011,2.38091812733411,0.469923399668715,67.0954635720175,21.2388919991525,335.477317860088,161,17,0.656125225575934,87.6957559336561,12.3042440663439
2011,2.19270678747318,0.432777775023985,67.4403297573145,21.2719136688471,337.201648786573,162,17,0.658671228703357,87.5751750773686,12.4248249226314
2011,2.01210163721606,0.397441636417497,67.7470415945342,21.3011832423473,338.735207972671,163,17,0.623363705833799,87.3642777904996,12.6357222095004
2011,1.85298613172914,0.365954112514607,68.0246912830909,21.3275998700113,340.123456415454,164,17,0.633055207663754,87.0814420360458,12.9185579639542
2011,1.72621255952555,0.340702492732841,68.2685771440719,21.3507421550033,341.34288572036,165,17,0.665866243988049,86.7755647975152,13.2244352024848
2011,1.64221034965573,0.324137914888938,68.4805439112506,21.3708088856072,342.402719556253,166,17,0.665311313088616,86.5221378305847,13.4778621694153
2011,1.61278063499443,0.318350070095185,68.6758193032154,21.3892571813174,343.379096516077,167,17,0.663576869848923,86.3991876409017,13.6008123590983
2011,1.6196187406287,0.319713111615324,68.8655538462854,21.40714702892,344.327769231427,168,17,0.662971840281654,86.3884582849887,13.6115417150113
2011,1.63865980898839,0.323479531544763,69.0567752482363,21.4251423465327,345.283876241182,169,17,0.663233073255603,86.4304820988066,13.5695179011933
2011,1.66939094659922,0.329494220054054,69.2517508105767,21.4434552339692,346.258754052883,170,17,0.67261837161843,86.5189784027567,13.4810215972433
2011,1.71050509838096,0.337592019587706,69.4509936728248,21.4621318374175,347.254968364124,171,17,0.676685145357854,86.646414045823,13.3535859541769
2011,1.76083264038213,0.34760770647111,69.6576440746605,21.4814633976693,348.288220373303,172,17,0.666143123789114,86.8043500166596,13.1956499833404
2011,1.82031305700798,0.359380268173353,69.8764663518357,21.5018900794849,349.382331759179,173,17,0.663483494320655,86.9843428842961,13.0156571157039
2011,1.88838680703491,0.372749933981954,70.1077144478591,21.5234282949431,350.538572239296,174,17,0.674640144658764,87.1792223655099,12.8207776344901
2011,1.9628696750023,0.387564143773443,70.3503436117286,21.5459733672621,351.751718058643,175,17,0.661839061632552,87.3829990171971,12.6170009828029
2011,2.04578770403777,0.403691103009752,70.6104270561546,21.5700801888124,353.052135280773,176,17,0.694787640797431,87.5900563599504,12.4099436400496
2011,2.1332558475186,0.420992168315278,70.8805016521946,21.5950476687037,354.402508260973,177,17,0.691703135226248,87.7974232038493,12.2025767961507
2011,2.22651865231888,0.439363399994785,71.1686838809651,21.6216161228719,355.843419404826,178,17,0.697919196594588,88.0014717880259,11.9985282119741
2011,2.32409344748899,0.458699906000715,71.4742723060417,21.6497075247762,357.371361530209,179,17,0.690866270416169,88.2004262984305,11.7995737015695
2011,2.42585018886728,0.478914616060771,71.8007828626297,21.6796298565069,359.003914313149,180,17,0.679126084135886,88.3928009789259,11.6071990210741
2011,2.53381213569598,0.499927031992852,72.1499890773878,21.7115273114039,360.749945386939,181,17,0.713421162728843,88.5778554337496,11.4221445662504
2011,2.6433089284566,0.521641741019967,72.5139245851182,21.7446558815029,362.569622925591,182,17,0.704847985437152,88.7561358973426,11.2438641026574
2011,2.75688847369244,0.544003482492668,72.9014697284466,21.7798064474814,364.507348642233,183,17,0.71297095086586,88.926908548854,11.073091451146
2011,2.87210481895557,0.566934956557367,73.3101014256806,21.8167288005124,366.550507128403,184,17,0.697635912757597,89.0906782587738,10.9093217412262
2011,2.99148699445331,0.590378503278479,73.744838240518,21.8558527667622,368.72419120259,185,17,0.711876755501116,89.2474203003372,10.7525796996628
2011,3.11365015246151,0.614248078082764,74.2005976743775,21.896696437348,371.002988371888,186,17,0.736716419368347,89.3980074344467,10.6019925655533
2011,3.2349701749261,0.638462049638562,74.6758157064656,21.9390981400591,373.379078532328,187,17,0.716305227935618,89.5430141053391,10.4569858946609
2011,3.36027817432213,0.662968982955189,75.1793734192942,21.983823746076,375.896867096471,188,17,0.738737088786443,89.6822428029184,10.3177571970816
2011,3.4840385829541,0.687659391358941,75.7034991768687,22.030154976616,378.517495884344,189,17,0.720905188402552,89.8167428318404,10.1832571681596
2011,3.60939961510534,0.712476921013983,76.2559356623263,22.0787474194745,381.279678311632,190,17,0.719389434891755,89.9474897643938,10.0525102356063
2011,3.73771831099328,0.73731537171022,76.8337390609884,22.1293093386287,384.168695304942,191,17,0.761000445291031,90.0746772441347,9.92532275586525
2011,3.86424127977782,0.762039233608065,77.4288748349416,22.1811116650377,387.144374174708,192,17,0.783685514013899,90.198721126235,9.80127887376503
2011,3.99086122605623,0.786554871052254,78.0447683888738,22.2344294334284,390.223841944369,193,17,0.823794973519261,90.3198138293211,9.68018617067892
2011,4.1141127990751,0.810736610675594,78.6779534981432,22.2889392787585,393.389767490716,194,17,0.837657048104561,90.4386089605125,9.56139103948755
2011,4.23261955407637,0.834490914473543,79.3330052315076,22.3450107607223,396.665026157538,195,17,0.813165778182162,90.5552909102397,9.44470908976024
2011,4.12757058555998,0.813780194461395,80.0166444230169,22.4031862252923,400.083222115084,196,16,0.799261890382456,90.456215804285,9.54378419571496
2011,4.23796748467837,0.835107766265882,80.6820413816889,22.4594776003958,403.410206908444,197,16,0.837056156043214,90.5733866744336,9.42661332556642
2011,4.34533524268416,0.855673987476464,81.3619454561187,22.5166630163893,406.809727280593,198,16,0.887819550553887,90.6904035706976,9.30959642930236
2011,4.45242814283856,0.876641334499754,82.0531561241551,22.5744590052365,410.265780620775,199,16,0.903225686997097,90.8169919582295,9.18300804177052
2011,4.56471952602095,0.898763423916221,82.7626890121434,22.63343514502,413.813445060717,200,16,0.908464046807447,90.9581054007462,9.04189459925382
2011,4.68349753665094,0.921964049222277,83.4936163030864,22.6938222341803,417.468081515432,201,16,0.928927513369878,91.110383952118,8.88961604788204
2011,4.8070887151188,0.94601989841819,84.2441890812199,22.755450149921,421.2209454061,202,16,0.956278906988881,91.270711224509,8.72928877549098
2011,4.93449459914176,0.970718644460072,85.013991127425,22.8182606955509,425.069955637125,203,16,0.991775169226954,91.4362902914139,8.56370970858613
2011,5.0684152766602,0.995854072722659,85.8021550598424,22.8821600830816,429.010775299212,204,16,1.09531984129607,91.6047459082595,8.39525409174048
2011,5.19623383252905,1.02117415177075,86.5963727315522,22.9461377753684,432.981863657761,205,16,1.08670173839358,91.7746516277908,8.22534837220921
2011,5.32760862013422,1.04660794948972,87.4178551058374,23.0118829370201,437.089275529187,206,16,1.12584611330851,91.9432647193126,8.05673528068735
2011,5.45663604047861,1.07195019050414,88.2577590595452,23.0786587251394,441.288795297726,207,16,1.13494565389148,92.1096707565681,7.89032924343189
2011,5.58374998850603,1.09708336813598,89.1216223410397,23.1468789314349,445.608111705198,208,16,1.13116503001807,92.2725242600157,7.72747573998434
2011,5.70913605786839,1.12188904789456,90.0116362320908,23.2166839532478,450.058181160454,209,16,1.12723616508816,92.4308821530953,7.56911784690469
2011,5.83073485257341,1.14625150469586,90.9274825089157,23.2880146351607,454.637412544579,210,16,1.101915841517,92.5841088828749,7.41589111712505
2011,5.94994127631364,1.1701113823815,91.8726795365424,23.3611081468294,459.363397682712,211,16,1.08097900431322,92.7338532316337,7.26614676836628
2011,5.73633513937682,1.12767310339661,92.8458693336093,23.4358207901099,464.229346668047,212,15,1.09382629890795,92.6896522245832,7.31034777541675
2012,4.29534270024189,0.849961941766559,54.5,19.9420239553624,272.5,141,24,0.508878983699013,84.2089208068629,15.7910791931371
2012,4.2792832932097,0.846461006565551,55.2572661579427,20.0255872931521,276.286330789714,142,24,0.529325945908164,84.2337405877478,15.7662594122522
2012,4.2528354406324,0.841382324701661,56.007228749229,20.1075616977403,280.036143746145,143,24,0.527607453709985,84.2910258942568,15.7089741057432
2012,4.21863259534929,0.834738114686534,56.7522430378282,20.1882411948155,283.761215189141,144,24,0.527163157587545,84.3785535224209,15.6214464775791
2012,4.17621528788745,0.82651552879944,57.4905030357579,20.26746433147,287.452515178789,145,24,0.524242508687455,84.4947260026873,15.5052739973127
2012,4.1267248622815,0.816635122248873,58.2208609722525,20.3451448166437,291.104304861263,146,24,0.533559972645998,84.6379681937576,15.3620318062424
2012,4.06792390742059,0.805177272165214,58.9394544526785,20.420913976707,294.697272263393,147,24,0.529724180798773,84.8059872843476,15.1940127156524
2012,4.00225354883628,0.792053680927711,59.6470518873988,20.4948971374299,298.235259436994,148,24,0.541001994981723,84.9963723468019,15.0036276531981
2012,3.92798086435407,0.777202878915137,60.3392565360585,20.5666813425966,301.696282680293,149,24,0.553911539101121,85.2069855008038,14.7930144991962
2012,3.84548948871233,0.760571556360122,61.0140214703076,20.6361066356645,305.070107351538,150,24,0.576016888488952,85.4348574327741,14.5651425672259
2012,3.95320283554164,0.782211291325613,61.6678636881192,20.7028705882714,308.339318440596,151,24,0.565495998227118,86.0126602115929,13.9873397884071
2012,3.84644757190261,0.760957365631944,62.3453493042827,20.7715303394143,311.726746521414,152,24,0.577705755337874,86.2513637357943,13.7486362642057
2012,3.72812196438083,0.737636965907095,62.9990381450008,20.8372872178974,314.995190725004,153,24,0.577159470890802,86.4954706070202,13.5045293929798
2012,3.60135335234948,0.712204792100872,63.6291672834899,20.9002255154003,318.145836417449,154,24,0.603530253501309,86.7402630027363,13.2597369972637
2012,3.4011843621464,0.672571322877771,64.2286646511429,20.9597022846786,321.143323255714,155,17,0.549330981661582,86.979178953105,13.020821046895
2012,3.25517628395958,0.643564641069537,64.7989641898693,21.0159242625644,323.994820949346,156,17,0.561882318131233,87.2027373869979,12.7972626130021
2012,3.09748077369724,0.612386059551754,65.3375479781825,21.0687038413056,326.687739890913,157,17,0.565628744528784,87.4012742031501,12.5987257968499
2012,2.9294421320138,0.579127169018206,65.8438395678166,21.1180430919297,329.219197839083,158,17,0.571802016667078,87.5630433448636,12.4369566551364
2012,2.75216093290326,0.543995830714769,66.3152850463826,21.1637493265354,331.576425231913,159,17,0.581777282935312,87.6747371421655,12.3252628578345
2012,2.56681710671137,0.507388526898865,66.7492756294925,21.2056245759488,333.746378147462,160,17,0.582376611125833,87.7217522623675,12.2782477376325
2012,2.37796373259395,0.469985787956525,67.1460741509599,21.243745464544,335.730370754799,161,17,0.591916297279871,87.6894287103016,12.3105712896984
2012,2.19037642539028,0.432850008751826,67.5031908249788,21.2779200608487,337.515954124894,162,17,0.600786821378753,87.5673216932226,12.4326783067774
2012,2.01101958004877,0.3975219378553,67.8210129384358,21.3082285146444,339.105064692179,163,17,0.590082362529833,87.355016649765,12.644983350235
2012,1.85246268517004,0.366037941964095,68.1051018426719,21.3352363941738,340.525509213359,164,17,0.609693842253257,87.0713398960809,12.9286601039191
2012,1.72439073551544,0.340788960379978,68.3535545755386,21.3587921106805,341.767772877693,165,17,0.603875982559388,86.7648554864928,13.2351445135072
2012,1.64065514650391,0.324235529396835,68.5775542642576,21.3799783427726,342.887771321288,166,17,0.606244083345614,86.5098934786031,13.4901065213969
2012,1.61170046945894,0.31845904225173,68.7843311731764,21.3994928489325,343.921655865882,167,17,0.615610751566013,86.385498985904,13.614501014096
2012,1.61904518364894,0.319832277639774,68.9834418985301,21.4182452581791,344.91720949265,168,17,0.628486383403455,86.3736379468386,13.6263620531614
2012,1.63820196087198,0.32360758707671,69.1814445695824,21.4368559372268,345.907222847912,169,17,0.631232936076509,86.4149209610933,13.5850790389067
2012,1.66872083580049,0.329632223266482,69.382727398374,21.45573691209,346.91363699187,170,17,0.633246251893269,86.5028053122462,13.4971946877538
2012,1.71004236100253,0.33774333377704,69.5897093928375,21.4751127159767,347.948546964188,171,17,0.642023065016631,86.6295275219395,13.3704724780605
2012,1.76048880740668,0.347773527525,69.8031982989834,21.4950556043325,349.015991494917,172,17,0.634293728167392,86.7869380743104,13.2130619256896
2012,1.82035964588401,0.359562408235852,70.0283202355212,21.5160391869889,350.141601177606,173,17,0.640972064097866,86.9665458848106,13.0334541151894
2012,1.88915359426719,0.372948808030089,70.2640783951701,21.5379638315034,351.32039197585,174,17,0.669389790224316,87.1613170811882,12.8386829188118
2012,1.96532997641479,0.38777793125426,70.507909374956,21.5605853495814,352.53954687478,175,17,0.699042016739604,87.3654116435141,12.6345883564859
2012,2.04676067040569,0.403910168852768,70.7610426356653,21.5840122804191,353.805213178327,176,17,0.69247242766903,87.5737035461805,12.4262964538195
2012,2.13429177412803,0.421228880733571,71.0317732587345,21.6090032565882,355.158866293672,177,17,0.688900635532101,87.7814760950321,12.2185239049679
2012,2.22757351230352,0.439619987662896,71.3207215259512,21.6356027618036,356.603607629756,178,17,0.693336051218081,87.9859335976608,12.0140664023392
2012,2.32506230888528,0.45897905547026,71.6274358632462,21.663755694552,358.137179316231,179,17,0.682132923734513,88.1852706570958,11.8147293429042
2012,2.42606275036591,0.479219992978756,71.9558851234747,21.6938106396706,359.779425617374,180,17,0.652688886583889,88.3779571262268,11.6220428737732
2012,2.53303717245181,0.500268064688764,72.3104194897117,21.7261454014201,361.552097448559,181,17,0.663394079501421,88.5630179989672,11.4369820010328
2012,2.64347167381793,0.522032025932859,72.6842035135682,21.760116363572,363.421017567841,182,17,0.670564838657353,88.7409251274054,11.2590748725946
2012,2.75690479831803,0.544440459666545,73.0786357584872,21.7958321395824,365.393178792436,183,17,0.672698263615189,88.9116279379791,11.0883720620209
2012,2.87357541337567,0.567425350769104,73.4953230388929,21.8334174630189,367.476615194465,184,17,0.680713179340132,89.0752550208417,10.9247449791584
2012,2.99247857889791,0.590913793371381,73.933736133381,21.8728024668994,369.668680666905,185,17,0.683087466290232,89.2322331911141,10.7677668088859
2012,3.11383445069621,0.61483714143812,74.3954492360668,21.9141050482835,371.977246180334,186,17,0.689860046043532,89.3828767272395,10.6171232727605
2012,3.237719107391,0.639118507562338,74.8800727369638,21.9572653546264,374.400363684819,187,17,0.708303419430618,89.5276863762664,10.4723136237335
2012,3.36300133315187,0.663671581425347,75.3857777131936,22.0020960894957,376.928888565968,188,17,0.726592450606057,89.6672641447044,10.3327358552956
2012,3.48950944860405,0.688411360120896,75.9128740162452,22.0486006291623,379.564370081226,189,17,0.748944288297464,89.8020354532578,10.1979645467422
2012,3.61547427933689,0.713250133828543,76.4607936903272,22.0967044148289,382.303968451636,190,17,0.754164391859731,89.9335468351691,10.0664531648309
2012,3.74271470481898,0.738102006939803,77.0328538212818,22.1466718919735,385.164269106409,191,17,0.778272518624706,90.061531067087,9.93846893291299
2012,3.86992633923165,0.762849166474074,77.6255312221239,22.1981681865698,388.12765611062,192,17,0.809858602915859,90.1861090148654,9.81389098513464
2012,3.99659587133569,0.787378272314387,78.2373238488953,22.2510387225921,391.186619244476,193,17,0.850102721751702,90.3078011929169,9.69219880708313
2012,4.1192938898838,0.811569898794442,78.8663909561745,22.305102484612,394.331954780872,194,17,0.854079920960662,90.4271564615478,9.57284353845226
2012,4.23851811461131,0.835338935388817,79.5191908897596,22.3608890636283,397.595954448798,195,17,0.838241860098457,90.5442510674134,9.4557489325866
2012,4.13298074110108,0.814590851049498,80.1989910328678,22.4186447705194,400.994955164339,196,16,0.819960427879215,90.4454348293256,9.55456517067435
2012,4.24132493964638,0.835922011669313,80.8613266944105,22.4745894467973,404.306633472052,197,16,0.82706993827286,90.5630071655521,9.4369928344479
2012,4.34752846832471,0.856515014502252,81.5438957953674,22.5319099839152,407.719478976837,198,16,0.857878253447323,90.6800755052739,9.3199244947261
2012,4.455609575669,0.87752585707677,82.2415294455584,22.5901510803377,411.207647227792,199,16,0.884999187502613,90.8065067579692,9.1934932420308
2012,4.57016069850393,0.899681446369211,82.9553396855052,22.6493873418373,414.776698427526,200,16,0.921978234214331,90.9475952142107,9.05240478578934
2012,4.68928003064561,0.922886575210519,83.6846478546875,22.7095439367441,418.423239273438,201,16,0.94725066090638,91.1001705207014,8.8998294792986
2012,4.81214965956852,0.946940864579628,84.432707823417,22.7708688475632,422.163539117085,202,16,0.963771257898021,91.2608320021742,8.73916799782581
2012,4.93988861752178,0.971645965535642,85.2020187638038,22.8335421761623,426.010093819019,203,16,1.00396173570504,91.4266286214589,8.57337137854106
2012,5.06749473839515,0.996781394212956,85.9888191547452,22.8972336730967,429.944095773726,204,16,1.00861217490327,91.5953363860684,8.40466361393162
2012,5.19428005836681,1.0221917825457,86.8001890253511,22.9624900801341,434.000945126756,205,16,0.981365149368216,91.7645670352473,8.23543296475273
2012,5.32383681107664,1.04773172525517,87.6423419887796,23.0297741909323,438.211709943898,206,16,0.985849267029285,91.9323568592424,8.06764314075764
2012,5.4567208493712,1.07321073903422,88.5094840545751,23.0985855861346,442.547420272875,207,16,1.04192586454619,92.0976532303597,7.90234676964029
2012,5.58568449648455,1.09843463238874,89.391960146926,23.168133077536,446.95980073463,208,16,1.06048244972487,92.2598382942712,7.74016170572876
2012,5.71467866218952,1.12330725319282,90.2964883176532,23.2389236386847,451.482441588266,209,16,1.10533982771557,92.417738419613,7.58226158038703
2012,5.84199601790961,1.14768851153142,91.2178122712322,23.3105223952799,456.089061356161,210,16,1.16288619114185,92.5709323386913,7.42906766130874
2012,5.9692573826207,1.17148858738401,92.1530566324471,23.3826892840375,460.765283162235,211,16,1.26721944259064,92.7213366575543,7.2786633424457
2012,5.75085612852961,1.12879969497797,93.0928505670427,23.4546948539265,465.464252835214,212,15,1.23092025913619,92.6784628601223,7.32153713987773
2013,4.30223571313081,0.849961941766559,54.5,19.9420239553624,272.5,141,24,0.574178098523094,84.2089208068629,15.7910791931371
2013,4.28598445419405,0.846423995341431,55.2455849375557,20.0243043655724,276.227924687778,142,24,0.597401787230308,84.2358689408632,15.7641310591368
2013,4.26029350639808,0.8413077028555,55.9832726293517,20.1049550484122,279.916363146759,143,24,0.605868061587457,84.2953185217273,15.7046814782727
2013,4.22742692189701,0.834621566180677,56.7141264897189,20.1841314320605,283.570632448595,144,24,0.622878996926017,84.385261275242,15.614738724758
2013,4.18488215330755,0.82634921759028,57.435002321294,20.2615332470611,287.17501160647,145,24,0.621709495140799,84.5043061401889,15.4956938598111
2013,4.13451958753847,0.816420412678848,58.1476004449588,20.3373836180414,290.738002224794,146,24,0.626720814355746,84.6503577149447,15.3496422850553
2013,4.07561062881286,0.804918858565014,58.8491209990271,20.4114246404353,294.245604995136,147,24,0.624821251809304,84.8209393396449,15.1790606603551
2013,4.00580162481865,0.791753388139538,59.5392367527875,20.4836641232479,297.696183763938,148,24,0.594218537439218,85.0138233755757,14.9861766244243
2013,3.93155495184613,0.776884508740151,60.2215082005168,20.5545110598611,301.107541002584,149,24,0.610814239787492,85.2256098722324,14.7743901277676
2013,3.84944233269868,0.76023565274561,60.8856079814896,20.6229357915332,304.428039907448,150,24,0.642356836296882,85.4546968154241,14.5453031845759
2013,3.96041337117148,0.781845089457971,61.5269734346126,20.6885261100228,307.634867173063,151,24,0.670769349547282,86.0335137103406,13.9664862896594
2013,3.85230235779576,0.760557564572392,62.1848472463931,20.7553114499737,310.924236231965,152,24,0.672618381416021,86.2745614644925,13.7254385355075
2013,3.66620973833798,0.723658926139611,62.8207254311548,20.8193974596364,314.103627155774,153,17,0.619364476227203,86.520647034639,13.479352965361
2013,3.54097673018271,0.69897928370301,63.4300321900294,20.8803827211773,317.150160950147,154,17,0.621377578883782,86.7677499261277,13.2322500738723
2013,3.40446105952712,0.672152657740498,64.0138860190049,20.9384385225301,320.069430095024,155,17,0.617375240693207,87.0081957955124,12.9918042044875
2013,3.25714876617504,0.643148939777964,64.5712334582438,20.9935153513686,322.856167291219,156,17,0.615719485962073,87.2329011543969,12.7670988456031
2013,3.100296985527,0.611981713608291,65.0994458742274,21.0454080966603,325.497229371137,157,17,0.634769454043531,87.4322609052307,12.5677390947693
2013,2.93317599605681,0.578732289768056,65.5924742686599,21.0935801577426,327.962371343299,158,17,0.660598330444609,87.5952718481188,12.4047281518812
2013,2.75555218930473,0.543607307292209,66.0469091262241,21.1377583835832,330.23454563112,159,17,0.671507871288195,87.7087465550117,12.2912534449882
2013,2.56974272968676,0.507007741779356,66.463633909312,21.1780847650972,332.31816954656,160,17,0.669232529318357,87.7576588213774,12.2423411786226
2013,2.37975932973121,0.469613233240914,66.8436486422889,21.2147053847471,334.218243211445,161,17,0.662756810146491,87.7272836168422,12.2727163831578
2013,2.19164712101651,0.432486910903882,67.1869588076915,21.247664369661,335.934794038458,162,17,0.666104120201493,87.606879369752,12.393120630248
2013,2.01252356155767,0.397165047866704,67.4919742560007,21.2768486004796,337.459871280004,163,17,0.665404038618452,87.3962662012828,12.6037337987172
2013,1.85241023578693,0.365679851146156,67.7613024484961,21.3025419096699,338.80651224248,164,17,0.652312779551405,87.1145928725424,12.8854071274576
2013,1.72484429699936,0.340430779146299,68.0012239186109,21.3253700079321,340.006119593054,165,17,0.664010460853497,86.8093236091418,13.1906763908582
2013,1.64077009011524,0.323869324120613,68.2132905689801,21.3455010787843,341.066452844901,166,17,0.660802174311986,86.555939218124,13.444060781876
2013,1.61132790742448,0.318082630264309,68.409182151998,21.3640579627618,342.04591075999,167,17,0.658479318145443,86.4328955805409,13.5671044194591
2013,1.61850523865786,0.319444654768683,68.5996481040122,21.3820653972011,342.998240520061,168,17,0.668544816253777,86.4219597477124,13.5780402522876
2013,1.63845065973136,0.323205369821932,68.7895346815823,21.3999834006878,343.947673407911,169,17,0.698084698903516,86.4639131182281,13.5360868817719
2013,1.66875084906614,0.329205612517196,68.9775006069741,21.417686248937,344.887503034871,170,17,0.695867981795714,86.5529207547029,13.4470792452971
2013,1.70942498868716,0.337288022207187,69.1719681476435,21.4359660752604,345.859840738217,171,17,0.688333952835699,86.6804613033309,13.3195386966691
2013,1.75952768794594,0.347287309505999,69.3760754695801,21.4551135502256,346.8803773479,172,17,0.673086823811568,86.8381137691353,13.1618862308647
2013,1.81961698486751,0.359040946319732,69.5932507848546,21.4754438797265,347.966253924273,173,17,0.689959307043984,87.0176164516353,12.9823835483647
2013,1.88750337758337,0.372383197605306,69.8190673323607,21.4965362985523,349.095336661804,174,17,0.699112219769946,87.212358041375,12.787641958625
2013,1.96338665237196,0.387166007237691,70.0566283252692,21.5186744506401,350.283141626346,175,17,0.727097224103241,87.4158663090417,12.5841336909583
2013,2.04541094099358,0.403245454398814,70.303766565256,21.5416496416145,351.51883282628,176,17,0.742158025371962,87.6234368414752,12.3765631585248
2013,2.13526254517728,0.420497731672296,70.564294955249,21.565808780201,352.821474776245,177,17,0.808590167600289,87.8308451730016,12.1691548269984
2013,2.22924031956434,0.438791351972287,70.8295045035389,21.5903382396401,354.147522517695,178,17,0.841291179365468,88.0362311710961,11.9637688289039
2013,2.32745342645041,0.458030831846667,71.106966569149,21.615932522026,355.534832845745,179,17,0.85677447754213,88.2368772887834,11.7631227112166
2013,2.43026604695324,0.478127767715294,71.400971573332,21.642976953278,357.00485786666,180,17,0.878209607270696,88.4311828996668,11.5688171003332
2013,2.53620740149765,0.498994650171856,71.7112488076811,21.6714341610174,358.556244038406,181,17,0.877949891408452,88.6185676062597,11.3814323937403
2013,2.64507147456504,0.520561956103993,72.0427627340136,21.7017444316512,360.213813670068,182,17,0.862293289868133,88.7983733842554,11.2016266157446
2013,2.75717445779401,0.54276451531271,72.3991769475599,21.7342230887093,361.995884737799,183,17,0.848874969688212,88.9703928780549,11.0296071219451
2013,2.87369010782402,0.56553293069258,72.780691185861,21.7688657633806,363.903455929305,184,17,0.871780475651152,89.1349327138714,10.8650672861286
2013,2.99221854481484,0.588779759585698,73.1809228025882,21.8050722676914,365.904614012941,185,17,0.884498235724237,89.2929408950234,10.7070591049766
2013,3.11269528994221,0.612438112902873,73.6023115444001,21.8430438874606,368.011557722,186,17,0.893780521170729,89.4446596164281,10.5553403835719
2013,3.23485759684885,0.636435767297761,74.0459337540158,21.882855611943,370.229668770079,187,17,0.902139068948774,89.5904843398245,10.4095156601755
2013,3.35854837843165,0.66069556288683,74.5123108362503,21.9245305669026,372.561554181252,188,17,0.914507469342316,89.7308635514399,10.2691364485601
2013,3.48286397501484,0.685132429935751,75.0009460227184,21.967999914188,375.004730113592,189,17,0.921147707371895,89.8663126567948,10.1336873432052
2013,3.60808635074682,0.709668250047661,75.5131093892823,22.0133509907807,377.565546946411,190,17,0.935798504217251,89.9982735443925,10.0017264556075
2013,3.73117929751979,0.734202298176731,76.0473796053244,22.0604316989057,380.236898026622,191,17,0.91022554930838,90.1268274097967,9.87317259020329
2013,3.8580696538824,0.758664384526589,76.6113749411125,22.1098823642568,383.056874705563,192,17,0.963051168376456,90.2513808972625,9.74861910273752
2013,3.98552658390283,0.782890687282963,77.1901744054695,22.1603679395699,385.950872027347,193,17,1.05054965531432,90.3733595704656,9.62664042953439
2013,4.11159322058168,0.806740245743034,77.7769561676141,22.2112811555304,388.88478083807,194,17,1.15169001991779,90.4936031046229,9.50639689537704
2013,4.23339158588542,0.830083686790525,78.3687133013575,22.2623556588097,391.843566506787,195,17,1.21894796196526,90.612713383816,9.38728661618396
2013,4.12581013879491,0.809114402150904,78.9713681724747,22.3140952242802,394.856840862373,196,16,1.18334657119993,90.5182777200146,9.48172227998536
2013,4.23336774218596,0.82998683634414,79.5596160897957,22.3643331848457,397.798080448978,197,16,1.21462688096532,90.638641138293,9.36135886170696
2013,4.3355542284995,0.850104126613387,80.1631083792979,22.4156047340751,400.815541896489,198,16,1.21295444924385,90.7587359252464,9.24126407475358
2013,4.44039527290016,0.870663638106287,80.7873606497657,22.4683577279842,403.936803248829,199,16,1.22020270731974,90.8877337889875,9.11226621101255
2013,4.54975548901583,0.892377980372524,81.4311187982716,22.5224623606962,407.155593991358,200,16,1.19993052361528,91.0310336173928,8.96896638260716
2013,4.66361844458654,0.915191185259645,82.1007898348491,22.5784294092042,410.503949174246,201,16,1.16061322162679,91.1851265871397,8.81487341286035
2013,4.78390925516096,0.938917036914414,82.8010822100067,22.6366163088229,414.005411050034,202,16,1.15723552524974,91.346598056732,8.65340194326801
2013,4.90670365423902,0.963321399549503,83.5260922546732,22.6964967394847,417.630461273366,203,16,1.1377514450596,91.5129899519301,8.48701004806987
2013,5.03298842325733,0.98822503592566,84.2795406783051,22.7583433407314,421.397703391526,204,16,1.13627643915917,91.6817242929944,8.31827570700562
2013,5.1590970365977,1.01342604500953,85.0585222590336,22.8218819802032,425.292611295168,205,16,1.10763657676142,91.850945963172,8.14905403682803
2013,5.28611483302232,1.038777138971,85.8684332106629,22.8875148231629,429.342166053315,206,16,1.08395151836235,92.018733857311,7.98126614268901
2013,5.4152001562727,1.06411374088994,86.7084626087838,22.9551341296196,433.542313043919,207,16,1.09479165133279,92.183796826367,7.816203173633
2013,5.54217974142864,1.08925706460686,87.5721169884241,23.0241808045395,437.86058494212,208,16,1.08896944026827,92.3453790956288,7.65462090437125
2013,5.66690484499676,1.11409155757997,88.4623057720085,23.0948539056288,442.311528860042,209,16,1.07416382603069,92.5024964781604,7.49750352183964
2013,5.79133446445149,1.13850859325292,89.3803725995648,23.1672229761404,446.901862997824,210,16,1.08641276892406,92.6544324138667,7.34556758613335
2013,5.91509549969657,1.1624021608248,90.320845094513,23.2408230114477,451.604225472565,211,16,1.1272112287457,92.8032241421361,7.1967758578639
2013,5.702493449829,1.12043765047338,91.2778772635105,23.3151726871108,456.389386317553,212,15,1.12217335082407,92.7607713096887,7.23922869031123
2014,4.29079007084028,0.849961941766559,54.5,19.9420239553624,272.5,141,24,0.469877524675475,84.2089208068629,15.7910791931371
2014,4.27371731275004,0.846482833730085,55.2641559238671,20.0263438952217,276.320779619336,142,24,0.479082923508746,84.232485349322,15.767514650678
2014,4.24860160583928,0.841431606640943,56.0230539019493,20.1092831957982,280.115269509747,143,24,0.487485176546282,84.2881906976274,15.7118093023726
2014,4.21557730671294,0.834808423552973,56.7752458259559,20.1907204467445,283.87622912978,144,24,0.496213645170331,84.3745065048633,15.6254934951367
2014,4.17571560349285,0.826601132361639,57.5190845862237,20.2705171425282,287.595422931119,145,24,0.515715001503427,84.4897941507888,15.5102058492112
2014,4.12589816465583,0.816723541383189,58.2510479780244,20.348340838972,291.255239890122,146,24,0.521528789203204,84.6328652373396,15.3671347626604
2014,4.06790199668023,0.805269975831632,58.9718822327194,20.4243179731102,294.859411163597,147,24,0.525171030489312,84.8006224924547,15.1993775075453
2014,4.00223107132881,0.792146458170329,59.6803857749968,20.4983672552903,298.401928874984,148,24,0.53626496548317,84.9909800009677,15.0090199990323
2014,3.93062572686245,0.777295490833552,60.3735331809266,20.5702210117786,301.867665904633,149,24,0.577749870367366,85.2015672986889,14.7984327013111
2014,3.84582218277453,0.760650075973477,61.0440592546381,20.6391846991536,305.220296273191,150,24,0.575514771642314,85.4302197389807,14.5697802610193
2014,3.95637836770351,0.782289749352806,61.6980682801695,20.7059428384943,308.490341400848,151,24,0.596437941445901,86.0081927383502,13.9918072616498
2014,3.8497229816978,0.761018733766419,62.3700004503286,20.7740187828567,311.850002251643,152,24,0.612398123613251,86.2478036201446,13.7521963798555
2014,3.73113974772337,0.737680559622621,63.0174057582262,20.8391279980574,315.087028791131,153,24,0.610821124402445,86.4928794051359,13.5071205948641
2014,3.60316463149986,0.712232324267205,63.6414060119493,20.9014436295378,318.207030059747,154,24,0.625091246078016,86.7385752105891,13.2614247894109
2014,3.40335419797613,0.672587474457261,64.2369533594032,20.9605218991175,321.184766797016,155,17,0.575375817587418,86.978060230672,13.021939769328
2014,3.25537664332347,0.643571053710066,64.8024778431127,21.0162695789481,324.012389215563,156,17,0.564093678827491,87.2022724682267,12.7977275317733
2014,3.09703203989067,0.612391343290415,65.3406594068009,21.0690078693748,326.703297034005,157,17,0.559150163933789,87.4008697206763,12.5991302793237
2014,2.92732986757659,0.579133952496286,65.8481569433155,21.1184626909668,329.240784716578,158,17,0.541133968021431,87.5624904457721,12.4375095542279
2014,2.74915720932649,0.544010354428922,66.3253135463111,21.164719117466,331.626567731556,159,17,0.534858142855118,87.6734679484857,12.3265320515143
2014,2.56435406941191,0.507413620040536,66.7680871346965,21.207435380055,333.840435673482,160,17,0.539885640356019,87.719390983788,12.280609016212
2014,2.37582190957943,0.470018852252116,67.1728910916203,21.246316128567,335.864455458101,161,17,0.550347642654053,87.6860773756021,12.3139226243979
2014,2.18827540983457,0.432889896881289,67.5378929098461,21.2812341845194,337.68946454923,162,17,0.555272827528522,87.5629883880918,12.4370116119082
2014,2.01026718546542,0.397569053268359,67.8643973237676,21.3123580937806,339.321986618838,163,17,0.568885262438431,87.3495882477447,12.6504117522553
2014,1.85137507118808,0.366087455046065,68.1525747912133,21.3397419109617,340.762873956067,164,17,0.577726554158916,87.0653798372774,12.9346201627226
2014,1.72388529157047,0.340843575334238,68.4072030366518,21.3638706657303,342.036015183259,165,17,0.583972790602074,86.7580995786783,13.2419004213217
2014,1.6402135068584,0.324293444781628,68.6350817889691,21.3854115979108,343.175408944846,166,17,0.586534303625547,86.5026388552623,13.4973611447377
2014,1.61256870112337,0.318520717156221,68.84571179614,21.4052777549352,344.2285589807,167,17,0.632274553128671,86.3777633640822,13.6222366359178
2014,1.61973274868284,0.319891162713104,69.0416628336681,21.4237214237949,345.208314168341,168,17,0.640416659963798,86.3663259950616,13.6336740049384
2014,1.63989635342795,0.323665111469066,69.2374164102978,21.4421101142942,346.187082051489,169,17,0.673754220583104,86.4079417385043,13.5920582614957
2014,1.67105993046232,0.329682620960216,69.4305333223408,21.460215649422,347.152666611704,170,17,0.696115698492839,86.4969081574935,13.5030918425065
2014,1.71240228750972,0.337782295019539,69.6254087800523,21.4784505107214,348.127043900262,171,17,0.706519666128899,86.6251859333755,13.3748140666245
2014,1.76347133151182,0.347800051740534,69.8264699979771,21.4972269399264,349.132349989885,172,17,0.716726601739752,86.7841568341228,13.2158431658772
2014,1.82342869992818,0.359571265375405,70.035701630884,21.5167264092092,350.17850815442,173,17,0.726529044168898,86.9656815708454,13.0343184291546
2014,1.89151886777636,0.3729372093884,70.2549621300369,21.537117005991,351.274810650184,174,17,0.737321438446569,87.1623601271509,12.8376398728491
2014,1.96681481724636,0.387747761487212,70.4856799293772,21.5585252646647,352.428399646886,175,17,0.744218637327246,87.3678909998885,12.6321090001115
2014,2.04841682974076,0.403865117543619,70.7300750684524,21.5811494386146,353.650375342262,176,17,0.742021374815484,87.5770635454097,12.4229364545903
2014,2.13585561290835,0.421165422926108,70.9912274661455,21.6052647311359,354.956137330727,177,17,0.736035361237237,87.7857478038537,12.2142521961463
2014,2.22874425750921,0.439536168190874,71.2710619990896,21.6310366418495,356.355309995448,178,17,0.731421680489876,87.991005882756,12.0089941172441
2014,2.32713906813936,0.458875083043514,71.570393913165,21.6585262527566,357.851969565825,179,17,0.741772735941438,88.1909119744408,11.8090880255592
2014,2.42968169435524,0.479085010339866,71.8873312122279,21.6875454811107,359.43665606114,180,17,0.745472663868323,88.3845148293873,11.6154851706127
2014,2.53521507537094,0.500084424549322,72.224033409916,21.7182768911343,361.12016704958,181,17,0.726993101462872,88.5710041556768,11.4289958443231
2014,2.64420990326215,0.521805869916849,72.5855342398979,21.7511607626942,362.927671199489,182,17,0.706806112158209,88.7497356375099,11.25026436249
2014,2.75649152380046,0.544179584845431,72.9728670823878,21.7862680128626,364.864335411939,183,17,0.688805147863298,88.9207469567562,11.0792530432438
2014,2.87277872799546,0.567136580741752,73.3862516591259,21.8235935701381,366.93125829563,184,17,0.691881419029392,89.0843335655261,10.9156664344739
2014,2.99291249386651,0.590597950443565,73.8222731772081,21.8628046150191,369.111365886041,185,17,0.718134628275982,89.2411909563387,10.7588090436613
2014,3.11346439502463,0.61447927436256,74.2770651129934,21.9035320570303,371.385325564967,186,17,0.71347238167391,89.3920658756919,10.6079341243081
2014,3.23708142729759,0.638722661872646,74.7568937592148,21.9463135982544,373.784468796074,187,17,0.730270967931273,89.5369260646532,10.4630739353468
2014,3.362757440903,0.663236945447201,75.2580794340983,21.9907954692621,376.290397170491,188,17,0.758204576694023,89.6765275108661,10.3234724891339
2014,3.4895528220422,0.687929916450851,75.7788064029665,22.0367935355505,378.894032014833,189,17,0.789169807650339,89.8114495007674,10.1885504992326
2014,3.61711900117481,0.712713849565546,76.3186916791692,22.0842519171958,381.593458395846,190,17,0.82488014360703,89.9432156620438,10.0567843379562
2014,3.74356598725267,0.737486099599372,76.8769398347378,22.1330790526055,384.384699173689,191,17,0.841899146459569,90.071822993327,9.92817700667301
2014,3.87442776819502,0.762155379879129,77.4570647048702,22.1835584984312,387.285323524351,192,17,0.945550791924341,90.1969119200984,9.80308807990157
2014,3.99813832285144,0.786545688245926,78.04262202737,22.2342441334853,390.21311013685,193,17,0.946256871147021,90.3199478379609,9.6800521620391
2014,4.1213076986234,0.810625181546794,78.6527702139326,22.2867771416938,393.263851069663,194,17,0.96571143310291,90.440140778757,9.55985922124298
2014,4.24291978003117,0.834265959155809,79.2836505073092,22.3407973322153,396.418252536546,195,17,0.996839223965746,90.5582199303508,9.44178006964923
2014,4.13550589196339,0.813406301719371,79.9326159874735,22.3960543984451,399.663079937367,196,16,0.956020501818108,90.4611883747159,9.53881162528408
2014,4.24407002473911,0.834590437311498,80.5682499399747,22.4498740459524,402.841249699874,197,16,0.97694713781513,90.5799806554726,9.42001934452746
2014,4.34786337191192,0.85502356028988,81.2213986585145,22.5048692822675,406.106993292573,198,16,0.981319008773798,90.698389091125,9.30161090887499
2014,4.45198558969212,0.875894949214532,81.8944180611058,22.5612161324265,409.472090305529,199,16,0.954621027247882,90.8258360435542,9.17416395644581
2014,4.55988580027997,0.897956406033089,82.5935869017137,22.6194115149621,412.967934508568,200,16,0.895977126149256,90.9673393147035,9.03266068529646
2014,4.6798556198982,0.921153568222789,83.3260487555728,22.6800109414158,416.630243777864,201,16,0.934567717528698,91.1193502967033,8.88064970329675
2014,4.80248954953604,0.945190878235448,84.0747691703673,22.741572990119,420.373845851836,202,16,0.948924181833937,91.2795962258746,8.72040377412538
2014,4.92677067421764,0.969884408672684,84.8451266191426,22.8045165601525,424.225633095713,203,16,0.938628045642112,91.4449731132177,8.55502688678229
2014,5.05328933282833,0.995058956982793,85.6423796639076,22.8692396575574,428.211898319538,204,16,0.926612301622202,91.6128047197025,8.38719528029755
2014,5.18245195679041,1.02052868366931,86.4673180844459,22.9357697682938,432.336590422229,205,16,0.931280732638503,91.7810403123046,8.21895968769542
2014,5.31136961252035,1.0461028503901,87.3171320317782,23.0038450573459,436.585660158891,206,16,0.925975951055752,91.9481610132367,8.05183898676328
2014,5.44193234115592,1.0716291705652,88.1937652821253,23.0735865850072,440.968826410627,207,16,0.945949990616352,92.1127270157189,7.88727298428105
2014,5.57304714961516,1.09693749768922,89.0924889998405,23.1445857670302,445.462444999203,208,16,0.987880174003808,92.2738918143866,7.72610818561336
2014,5.70598225577883,1.12187600169224,90.0090202710144,23.2164794862269,450.045101355072,209,16,1.08196225608613,92.4310028920493,7.56899710795069
2014,5.83606349808015,1.14628030179557,90.9332906613598,23.2884654017283,454.666453306799,210,16,1.17869009267171,92.5838452193154,7.41615478068463
2014,5.95810434650893,1.1700696489551,91.8641983528577,23.3604546197945,459.320991764289,211,16,1.20243781400452,92.7342319278239,7.26576807217612
2014,5.74370864045252,1.12753080900259,92.8147293321058,23.4334386185375,464.073646660529,212,15,1.21691589699305,92.6910632530476,7.30893674695241
2015,4.29253106618801,0.849961941766559,54.5,19.9420239553624,272.5,141,24,0.484426235535231,84.2089208068629,15.7910791931371
2015,4.27684867480963,0.846474718846096,55.2615943807647,20.0260626061423,276.307971903823,142,24,0.506553023632995,84.2329520254344,15.7670479745656
2015,4.2512312489983,0.841408471954183,56.0156246192632,20.1084750628271,280.078123096316,143,24,0.511705222908897,84.2895216639973,15.7104783360027
2015,4.21770298323964,0.83477251987185,56.7634984875512,20.1894544002664,283.817492437756,144,24,0.516970676813269,84.3765731887144,15.6234268112856
2015,4.18154113491612,0.826554791651669,57.5036110189068,20.268864533617,287.518055094534,145,24,0.575064484588623,84.492464029215,15.507535970785
2015,4.1329435593322,0.816646865683715,58.2248696795558,20.3455693014491,291.124348397779,146,24,0.596993287329102,84.6372904705422,15.3627095294578
2015,4.07602777535421,0.805156014818165,58.9320202201537,20.4201334094035,294.660101100769,147,24,0.61651283969163,84.8072173890875,15.1927826109125
2015,4.01026907553177,0.791989170897049,59.6238807288054,20.4924841816013,298.119403644027,148,24,0.63264649953804,85.0001215531609,14.9998784468391
2015,3.93505636144083,0.77709504435181,60.2993596880848,20.5625595227406,301.496798440424,149,24,0.640643013632856,85.2132940153523,14.7867059846477
2015,3.8504611936312,0.760425567263645,60.9581936203841,20.6303829785894,304.790968101921,150,24,0.64367877147228,85.4434800385087,14.5565199614913
2015,3.95753556505328,0.782033643182992,61.5994980886589,20.6959129282202,307.997490443295,151,24,0.624152131758536,86.022776111579,13.977223888421
2015,3.84838462357423,0.760760059952523,62.266119393277,20.7635277213789,311.330596966385,152,24,0.611233118760367,86.2628111027547,13.7371888972453
2015,3.72945647103475,0.737433871102253,62.9134906233467,20.8287088162737,314.567453116733,153,24,0.604682377649548,86.5075445121438,13.4924554878562
2015,3.59937195931894,0.712000519613578,63.5383825954373,20.8911846614242,317.691912977186,154,24,0.591009785332255,86.752788297855,13.247211702145
2015,3.39995280383429,0.67239850043383,64.1399883507886,20.9509290669476,320.699941753943,155,17,0.54439503478058,86.9911526160463,13.0088473839537
2015,3.2534350888373,0.643404142338375,64.7110293534109,21.0072779099709,323.555146767054,156,17,0.549329315377421,87.2143774481877,12.7856225518123
2015,3.095041111175,0.612240403070689,65.2517761107247,21.0603188099172,326.258880553623,157,17,0.542113376545534,87.4124289209698,12.5875710790302
2015,2.92777734425156,0.57899903489005,65.7622834589779,21.1101131751084,328.81141729489,158,17,0.556494491059948,87.5734918281968,12.4265081718032
2015,2.74988232594123,0.543881684015279,66.2364580953995,21.1561229237309,331.182290476998,159,17,0.554778438902389,87.6847175058306,12.3152824941694
2015,2.56680755752334,0.50728999216058,66.675393337184,21.1985091889827,333.37696668592,160,17,0.590266550118706,87.7310302796766,12.2689697203234
2015,2.37813588950371,0.469892771598115,67.0706125529536,21.2365078960929,335.353062764768,161,17,0.60354741370065,87.6988638925321,12.3011361074679
2015,2.19104653047788,0.432760667043554,67.4254380577291,21.2704901912876,337.127190288645,162,17,0.623853779588297,87.5770362552296,12.4229637447704
2015,2.01240145963171,0.397432671885053,67.7387814592335,21.3003961873724,338.693907296167,163,17,0.631414527850625,87.365312389565,12.6346876104349
2015,1.85293835120549,0.365943888309462,68.0148810192935,21.3266677668557,340.074405096468,164,17,0.633084433036388,87.0826751120876,12.9173248879124
2015,1.72576572388393,0.340692498073937,68.2587515656608,21.3498109225687,341.293757828304,165,17,0.654362039321826,86.776803716323,13.2231962836771
2015,1.64269361185155,0.324130256115362,68.472929894902,21.3700888226784,342.36464947451,166,17,0.681395763768226,86.5230994161022,13.4769005838978
2015,1.61359960743189,0.318339294557266,68.6650851186303,21.3882440385944,343.325425593152,167,17,0.691159243548994,86.4005426656908,13.5994573343092
2015,1.6208292144702,0.319696857423292,68.8494670807576,21.4056315604813,344.247335403788,168,17,0.703976585456002,86.390482177871,13.609517822129
2015,1.6409798790389,0.323454844427322,69.0327297792989,21.4228814044448,345.163648896494,169,17,0.742024301828588,86.4334859676891,13.5665140323109
2015,1.67143999082817,0.329452791430721,69.2124113384906,21.439763209348,346.062056692453,170,17,0.744560814900242,86.5238407491495,13.4761592508505
2015,1.7127961105739,0.337533891701569,69.397675899926,21.4571376058181,346.98837949963,171,17,0.757953366618005,86.6529117009018,13.3470882990982
2015,1.76359659732694,0.347529016869871,69.5885313807426,21.4750025547405,347.942656903713,172,17,0.762175902093987,86.8126276170365,13.1873723829635
2015,1.82356468099413,0.359275062529259,69.7887005783808,21.4937026583013,348.943502891904,173,17,0.775342821493518,86.9946427151563,13.0053572848437
2015,1.89063940909269,0.372610768530746,69.9982280163882,21.5132370204711,349.991140081941,174,17,0.758304639380844,87.191778383726,12.808221616274
2015,1.96534942776679,0.387393602215573,70.2245759201568,21.5342938256145,351.122879600784,175,17,0.751494507460547,87.3970594010775,12.6029405989225
2015,2.04682262176889,0.403482934118826,70.4672255322289,21.5568146834149,352.336127661145,176,17,0.749252486610383,87.6056297894913,12.3943702105087
2015,2.13334818827301,0.420751481471844,70.7266156565982,21.58082957401,353.633078282991,177,17,0.723298813425391,87.8136736334417,12.1863263665583
2015,2.22631160559876,0.439093172991717,71.0084988753397,21.6068574235933,355.042494376699,178,17,0.724653144409989,88.0178712244148,11.9821287755852
2015,2.32391088342868,0.458398241424781,71.3087008615871,21.634497682839,356.543504307936,179,17,0.720382841203681,88.2168388745061,11.7831611254939
2015,2.42631959669316,0.478577017731787,71.6292734492895,21.6639241108846,358.146367246447,180,17,0.725362019125268,88.4092449226098,11.5907550773902
2015,2.53125396822163,0.49954305547875,71.9693283270377,21.6950387293657,359.846641635189,181,17,0.699109799274791,88.5945954960575,11.4054045039425
2015,2.63956310931692,0.521233079127554,72.3356165973575,21.7284392556829,361.678082986788,182,17,0.670586894527855,88.7720945126507,11.2279054873493
2015,2.75278166226301,0.543578733016103,72.7292669440179,21.7642036745108,363.646334720089,183,17,0.674524539754154,88.941789455048,11.058210544952
2015,2.86841341713466,0.566497164106612,73.1447686927276,21.8018073054219,365.723843463638,184,17,0.669913914535697,89.1044714647075,10.8955285352925
2015,2.98742795016368,0.589923515884824,73.584313731454,21.841425194381,367.92156865727,185,17,0.679862116704103,89.2603502693264,10.7396497306736
2015,3.10759676860988,0.613779553098305,74.0456663888449,21.8828316680799,370.228331944225,186,17,0.672696428219005,89.4100602676176,10.5899397323825
2015,3.23061078501795,0.638001201545844,74.5324798371739,21.926328741074,372.66239918587,187,17,0.682195090721794,89.5537893852494,10.4462106147506
2015,3.35475369765463,0.66250110564784,75.0419897006243,21.9716421939697,375.209948503121,188,17,0.687189566823094,89.6922297923432,10.3077702076568
2015,3.48228206529613,0.687198789236285,75.5753220507383,22.0188451848769,377.876610253691,189,17,0.728973382269999,89.8257612739072,10.1742387260928
2015,3.60688916670042,0.71198541337242,76.1257955099013,22.0673224089239,380.628977549507,190,17,0.718086642156661,89.9563611930149,10.0436388069851
2015,3.73174259105831,0.736799927531679,76.703359394055,22.1179234008056,383.516796970275,191,17,0.710034217168723,90.0832981023854,9.91670189761456
2015,3.85768334409751,0.761538958179113,77.3074953669768,22.1705690330325,386.537476834884,192,17,0.723520759384553,90.2065162111308,9.79348378886924
2015,3.98212574208135,0.786081318143446,77.9341123139117,22.2248716272528,389.670561569558,193,17,0.729850534710699,90.3267257593583,9.67327424064168
2015,4.10772100914815,0.810322322771053,78.5843411387575,22.2808996544555,392.921705693787,194,17,0.773431849442919,90.4443046232475,9.5556953767525
2015,4.22777616532777,0.834116927161761,79.2509612493795,22.338005633394,396.254806246897,195,17,0.770859953909996,90.5601605047523,9.43983949524769
2015,4.12113479021493,0.813448487548814,79.9420944767422,22.3968591368432,399.710472383711,196,16,0.732120616991709,90.460627321062,9.53937267893805
2015,4.2295759599737,0.834824095306028,80.6196339996215,22.4542118302514,403.098169998107,197,16,0.738998676412586,90.5770024603833,9.42299753961668
2015,4.3352201453157,0.855468247728868,81.3174725462507,22.5129326880986,406.587362731254,198,16,0.757849664671648,90.6929296883331,9.30707031166686
2015,4.44275828919368,0.876544991290319,82.0326551241544,22.5727496946446,410.163275620772,199,16,0.772670003380898,90.8181337357244,9.1818662642756
2015,4.55452328453699,0.898780957562761,82.766365636102,22.6337398253591,413.83182818051,200,16,0.766191269374659,90.9579047244436,9.0420952755564
2015,4.67325669915583,0.922109470258268,83.5237081484805,22.6963004248662,417.618540742403,201,16,0.778263031400986,91.1087745069957,8.89122549300432
2015,4.79619644537457,0.946304273062737,84.3023649219976,22.7602108379275,421.511824609988,202,16,0.788020503395808,91.2676617225867,8.73233827741336
2015,4.92447033640472,0.971160979686237,85.103638711809,22.8255495160648,425.518193559045,203,16,0.822396254933872,91.4316829607028,8.56831703929719
2015,5.05244517167178,0.996457944322251,85.9236711822737,22.8919754053823,429.618355911368,204,16,0.825050415534729,91.5986197477188,8.40138025228123
2015,5.18256426934157,1.02203492815106,86.7687453219421,22.959969079847,433.84372660971,205,16,0.836819967924065,91.7661224291953,8.23387757080472
2015,5.31367645772663,1.04770734041744,87.637465089968,23.0293858493176,438.18732544984,206,16,0.854785350631634,91.9325937589202,8.06740624107982
2015,5.44395651803366,1.07330726103695,88.5287880190955,23.100112080281,442.643940095478,207,16,0.86709985760477,92.0967319428847,7.90326805711531
2015,5.57314626286427,1.09869265393338,89.4436758200484,23.1721938932706,447.218379100242,208,16,0.879438669390874,92.2574122904183,7.74258770958173
2015,5.69828399799784,1.12373158882871,90.3819033365405,23.2455828429899,451.909516682703,209,16,0.865137519144184,92.4137985334702,7.58620146652983
2015,5.81921992551004,1.14833118584099,91.3479857564143,23.3205978600453,456.739928782072,210,16,0.830598545117351,92.5650264927379,7.4349735072621
2015,5.94371740498801,1.17242929763243,92.3451275178027,23.39744693134,461.725637589014,211,16,0.863612538104378,92.7127651850502,7.28723481494977
2015,5.73107409043816,1.13001670726119,93.3605272101823,23.4751110727171,466.802636050911,212,15,0.876164379883239,92.6663397913526,7.33366020864741
2016,4.29670411267142,0.849961941766559,54.5,19.9420239553624,272.5,141,24,0.521158924117777,84.2089208068629,15.7910791931371
2016,4.27969828473794,0.846454088056192,55.2550824523449,20.0253474750313,276.275412261724,142,24,0.533515043709563,84.234138449612,15.765861550388
2016,4.25315146308203,0.841373172612487,56.0042902292172,20.1072420011685,280.021451146086,143,24,0.530978536711742,84.291552393342,15.708447606658
2016,4.2202420495579,0.834727263666435,56.7486935155517,20.1878585631695,283.743467577758,144,24,0.543018222161003,84.3791780790202,15.6208219209798
2016,4.17736481754697,0.826496360508124,57.4841044041113,20.2667807452119,287.420522020556,145,24,0.536098092151583,84.4958302676252,15.5041697323748
2016,4.12370071812179,0.816610103225023,58.2123211542664,20.3442404614501,291.061605771332,146,24,0.506047743992268,84.6394120327959,15.3605879672041
2016,4.07086846073356,0.805166858015062,58.9358122863001,20.4205315710943,294.679061431501,147,24,0.559880398574208,84.806589925859,15.193410074141
2016,4.00494993117938,0.792028390927647,59.6379674038682,20.4939511919339,298.189837019341,148,24,0.570427649485144,84.9978421762435,15.0021578237565
2016,3.93021291301693,0.777163880866703,60.3248262397539,20.5651907403505,301.62413119877,149,24,0.58018586818304,85.2092669907621,14.7907330092379
2016,3.84690575775273,0.760521255316537,60.9947827879941,20.6341346342434,304.973913939971,150,24,0.595017318408021,85.4378283977721,14.5621716022279
2016,3.95462433611041,0.782152171322658,61.6451082723613,20.7005553358191,308.225541361807,151,24,0.584147539972735,86.0160266394889,13.9839733605111
2016,3.8497354900342,0.760892127804254,62.3191480034235,20.7688846615681,311.595740017117,152,24,0.619871126713971,86.2551485324076,13.7448514675924
2016,3.73152402320831,0.737556314450556,62.965061503187,20.8338811334457,314.825307515935,153,24,0.623024430856191,86.5002649108659,13.4997350891341
2016,3.60292291373996,0.712109243169581,63.5866982658587,20.8959973297404,317.933491329293,154,24,0.629659505926556,86.7461211079882,13.2538788920118
2016,3.40400036945806,0.672478987836763,64.1812839637066,20.9550157124798,320.906419818533,155,17,0.590390632845863,86.9855754536499,13.0144245463501
2016,3.25583339647973,0.643464204614833,64.7439350873635,21.010514384331,323.719675436818,156,17,0.576840560832824,87.2100206054342,12.7899793945659
2016,3.09831608908984,0.61228775365576,65.2796590302751,21.0630454778386,326.398295151376,157,17,0.583838693797347,87.4088017734431,12.591198226557
2016,2.93060522694,0.579030758616418,65.7824761103567,21.1120771983313,328.912380551783,158,17,0.596145416680988,87.5709041390167,12.4290958609833
2016,2.75341107741655,0.54390025796773,66.2492859874401,21.1573644360365,331.2464299372,159,17,0.609560490570795,87.6830928534544,12.3169071465456
2016,2.56691124833144,0.507293428706253,66.677970469959,21.1987574775588,333.389852349795,160,17,0.591781758890146,87.7307065379449,12.2692934620551
2016,2.37864689981267,0.469895599706439,67.072907361543,21.2367280762511,335.364536807715,161,17,0.613136824890987,87.6985768639613,12.3014231360387
2016,2.19139765762807,0.432761217432883,67.4259171672582,21.2705359921353,337.129585836291,162,17,0.63137788818044,87.5769763713859,12.4230236286141
2016,2.01252793108448,0.397431634945135,67.7378259684271,21.3003051405048,338.689129842135,163,17,0.634530420552242,87.3654320724516,12.6345679275484
2016,1.85327245232881,0.365942269462149,68.0133276524965,21.3265201681343,340.066638262482,164,17,0.64194999655123,87.0828703703906,12.9171296296094
2016,1.72536798663858,0.340689182483803,68.2554919200867,21.3495019646284,341.277459600433,165,17,0.643535085685675,86.7772147585277,13.2227852414723
2016,1.64121770380556,0.324129075477111,68.4717561218715,21.3699778131654,342.358780609358,166,17,0.636903128756998,86.5232476610084,13.4767523389916
2016,1.61158161477272,0.318346752682377,68.6725147016975,21.3889452892753,343.362573508488,167,17,0.627863013855424,86.3996047780925,13.6003952219075
2016,1.61810389774553,0.319716747692038,68.8691522425033,21.4074859853533,344.345761212517,168,17,0.617316439863783,86.3880056176168,13.6119943823832
2016,1.63715326868055,0.323492291073076,69.0692017221926,21.4263105652599,345.346008610963,169,17,0.617060463437638,86.4289300483466,13.5710699516534
2016,1.66761510957768,0.32951671807654,69.2731103801643,21.4454592255416,346.365551900822,170,17,0.617728015221177,86.5163392725832,13.4836607274168
2016,1.7084926575015,0.33762689579888,69.48297594006,21.4651263077895,347.4148797003,171,17,0.614649075758347,86.6425183503921,13.3574816496079
2016,1.76025371029939,0.347657803914471,69.7016307542902,21.4855730660217,348.508153771451,172,17,0.643136203489246,86.7990851001165,13.2009148998835
2016,1.82029467440841,0.359438392085434,69.9249381919485,21.5064088086625,349.624690959742,173,17,0.655309807862767,86.9786587778295,13.0213412221705
2016,1.88796009531134,0.372813641767558,70.1578168589169,21.5280882550225,350.789084294585,174,17,0.655126618267937,87.1734817078333,12.8265182921667
2016,1.96360864011179,0.387637286301092,70.4042628710085,21.5509761761327,352.021314355043,175,17,0.671687442992262,87.3769770989225,12.6230229010775
2016,2.0461058905944,0.403766862503916,70.6625238685995,21.5749015370643,353.312619342998,176,17,0.693518073766299,87.5843969268681,12.4156030731319
2016,2.13511706480024,0.421074173566428,70.9329154607864,21.5998854616909,354.664577303932,177,17,0.728410339134432,87.7918946681298,12.2081053318702
2016,2.23069040485294,0.439440083400654,71.2141279236033,21.6257989086339,356.070639618017,178,17,0.793759050375494,87.9968246595605,12.0031753404395
2016,2.32896191627052,0.458749309047685,71.5013822255065,21.6521955752288,357.506911127532,179,17,0.802808515129526,88.1977418673332,11.8022581326668
2016,2.43094857476327,0.478925827286753,71.8064777206311,21.6801509067944,359.032388603156,180,17,0.794396911748866,88.3922555072567,11.6077444927433
2016,2.53602955084489,0.499892300909976,72.133649381284,21.7100372010973,360.66824690642,181,17,0.765987732044525,88.5793680934431,11.420631906557
2016,2.64668611681735,0.5215812120524,72.4875152513178,21.7422557791549,362.437576256589,182,17,0.78276551239587,88.758497560416,11.241502439584
2016,2.75905861208412,0.543901572360834,72.8601526468719,21.7760651759963,364.300763234359,183,17,0.767022413549623,88.9304764093018,11.0695235906982
2016,2.87392241876058,0.566798082211501,73.258408592956,21.8120659772835,366.29204296478,184,17,0.744772140125971,89.0949881832676,10.9050118167324
2016,2.99463208732073,0.590206308735321,73.684082342841,21.8503947437868,368.420411714205,185,17,0.787273027819196,89.2523114779806,10.7476885220194
2016,3.11574908943505,0.614020666993198,74.1253923400546,21.8899688498354,370.626961700273,186,17,0.796493954952946,89.4038555666939,10.596144433306
2016,3.23982303385574,0.638183184323091,74.5890756719618,21.9313727516822,372.945378359809,187,17,0.828260789625789,89.5495328978001,10.4504671021999
2016,3.36404913696376,0.662600647762295,75.0712140575218,21.9742347626464,375.356070287609,188,17,0.837519346580499,89.6901042038182,10.3098957961818
2016,3.48932262900025,0.687202444810715,75.5763391191233,22.0189349791645,377.881695595617,189,17,0.848751629491546,89.8256896695723,10.1743103304277
2016,3.6133279564873,0.711904074925549,76.1042650264428,22.0654309346122,380.521325132214,190,17,0.828503763475383,89.9578299341299,10.0421700658701
2016,3.73764172934305,0.736632535461454,76.66103357628,22.1142242254899,383.3051678814,191,17,0.813395128343829,90.0860989199406,9.91390108005936
2016,3.86215326622917,0.761284063392914,77.2456778717065,22.1651953287988,386.228389358532,192,17,0.809274995691351,90.2104893275538,9.78951067244622
2016,3.98685472687372,0.785747041784637,77.856038983224,22.2181224301677,389.28019491612,193,17,0.823616541324175,90.3316062661866,9.66839373381344
2016,4.11163770577587,0.809897778355354,78.4884617535035,22.2726584109021,392.442308767517,194,17,0.863848958115159,90.4501425482769,9.54985745172307
2016,4.23242235116845,0.83360071830956,79.137783507966,22.3283339249472,395.68891753983,195,17,0.876594911949329,90.566882847573,9.43311715242705
2016,4.12527032710448,0.812854552396586,79.8087011043862,22.38552770968,399.043505521931,196,16,0.833342348735467,90.4685265324027,9.53147346759729
2016,4.23482447870379,0.834128986547497,80.4668259992528,22.4413062890599,402.334129996264,197,16,0.86289026180951,90.5858620156545,9.41413798434554
2016,4.34001396999295,0.854650900757626,81.1409390490706,22.4981112541434,405.704695245353,198,16,0.88393079673623,90.7029636205818,9.29703637941822
2016,4.44976063323866,0.87560058310547,81.831867919821,22.555992913968,409.159339599105,199,16,0.942283446163256,90.8293231515215,9.17067684847854
2016,4.56328424102669,0.897667277408001,82.5330606676085,22.6143872142062,412.665303338043,200,16,0.970712080656149,90.9706463084986,9.02935369150142
2016,4.67807669463966,0.92079143533276,83.2512566136065,22.6738401566997,416.256283068032,201,16,0.934807668674118,91.1233545824882,8.87664541751179
2016,4.79884993991168,0.944822519728842,83.9995750526995,22.7354076058351,419.997875263497,202,16,0.92218584943084,91.283541705632,8.716458294368
2016,4.92139465916712,0.969535361915117,84.7745541367755,22.7987669109463,423.872770683878,203,16,0.887512342122753,91.448603514297,8.55139648570303
2016,5.05175435594779,0.994752951831453,85.5809569755168,22.8642681688665,427.904784877584,204,16,0.92633668069549,91.6159039434283,8.38409605657171
2016,5.1829543318964,1.02021992086922,86.4056452169897,22.9308112775135,432.028226084949,205,16,0.959287827808202,91.7840942313487,8.2159057686513
2016,5.31346566977603,1.04576569661642,87.2499600012808,22.9984810178038,436.249800006404,206,16,0.976944008565503,91.9514270826519,8.04857291734814
2016,5.44508444551089,1.07124288263863,88.1168208864726,23.0674845827883,440.584104432363,207,16,1.01489904396672,92.1164024002008,7.8835975997992
2016,5.57277699522669,1.09648605308753,89.0023876617499,23.1374903366927,445.011938308749,208,16,1.01455918559656,92.2781218159107,7.72187818408934
2016,5.70242803998015,1.12139951285673,89.9135321105024,23.2090131672154,449.567660552512,209,16,1.06492085586609,92.4354105274555,7.56458947254447
2016,5.82930294534535,1.14582001654659,90.8405032920107,23.2812618383943,454.202516460054,210,16,1.11202508907576,92.5880576454956,7.41194235450442
2016,5.95014893750888,1.1696718222028,91.783395300356,23.3542261409137,458.91697650178,211,16,1.11423045440438,92.7378401279881,7.26215987201186
2016,5.7321386076259,1.1272347554843,92.7499798070611,23.4284835761196,463.749899035306,212,15,1.06488938695893,92.6939973867906,7.30600261320941
2017,4.29960810434524,0.849961941766559,54.5,19.9420239553624,272.5,141,24,0.548352164545713,84.2089208068629,15.7910791931371
2017,4.28106496924722,0.846438696505284,55.2502246025941,20.0248139543316,276.25112301297,142,24,0.547205296677221,84.2350235552057,15.7649764447943
2017,4.25556817523339,0.841350364880072,55.9969676809878,20.1064452929492,279.984838404939,143,24,0.555251275577016,84.2928644410867,15.7071355589133
2017,4.22269125677522,0.834691512149581,56.7369997865025,20.1865978837541,283.684998932513,144,24,0.569004032223126,84.3812357791135,15.6187642208865
2017,4.18165478664924,0.826447221584625,57.4677033963144,20.2650283309439,287.338516981572,145,24,0.581635074450017,84.4986609887846,15.5013390112154
2017,4.1317250443692,0.816537871721049,58.1876708063655,20.3416295041133,290.938354031828,146,24,0.589483353186192,84.6435802642067,15.3564197357933
2017,4.07352874224046,0.805053223196746,58.8960797818555,20.4163588262535,294.480398909277,147,24,0.594078906771378,84.813165319126,15.186834680874
2017,4.00750078730958,0.791900186022132,59.5919274254821,20.4891556145011,297.95963712741,148,24,0.605419153361476,85.0052929136032,14.9947070863968
2017,3.93188222372189,0.777021879100695,60.2722983424549,20.559762681252,301.361491712275,149,24,0.606925171887028,85.2175741439907,14.7824258560093
2017,3.84722045428005,0.76037075886201,60.9372411464712,20.6282339183112,304.686205732356,150,24,0.60723435700696,85.4467171693273,14.5532828306727
2017,3.95739056796549,0.78199644299602,61.5851864567981,20.6944557328015,307.92593228399,151,24,0.624551420653389,86.0248944990359,13.9751055009641
2017,3.84948799170849,0.760724138136999,62.251698981262,20.7620704241978,311.25849490631,152,24,0.626684449194084,86.2648954257457,13.7351045742543
2017,3.73162608773585,0.737392812592274,62.8962007007772,20.8269740567815,314.481003503886,153,24,0.634272624477678,86.5099858243488,13.4900141756512
2017,3.60230339349642,0.71194926440778,63.5156086502283,20.8889152904387,317.578043251141,154,24,0.631603947841951,86.7559318899386,13.2440681100614
2017,3.40235790365356,0.67233942527593,64.1096820029334,20.9479287606203,320.548410014667,155,17,0.57776277749706,86.9952469094577,13.0047530905423
2017,3.25534733810791,0.643337518172463,64.6745306763888,21.0036867062954,323.372653381944,156,17,0.578414258531787,87.2192114991622,12.7807885008378
2017,3.09689250098969,0.612169192408099,65.209843145863,21.056216660095,326.049215729315,157,17,0.571769240346318,87.4178854847611,12.5821145152389
2017,2.92885080418569,0.578924423346151,65.7147898997543,21.10549209192,328.573949498771,158,17,0.57731145291234,87.5795800176257,12.4204199823743
2017,2.75112132635119,0.543807206144646,66.1850161894564,21.1511425759809,330.925080947282,159,17,0.579502765761196,87.6912345747612,12.3087654252388
2017,2.56574821882629,0.507215141781616,66.6192547629081,21.1930989725138,333.09627381454,160,17,0.578200406034059,87.7380844259027,12.2619155740973
2017,2.37614069932988,0.469826310144534,67.0166757873557,21.2313313088541,335.083378936779,161,17,0.572272729566202,87.7056120043825,12.2943879956175
2017,2.18834677166907,0.432705441702463,67.3773576338427,21.2658927517897,336.886788169214,162,17,0.573683784244981,87.5830472792023,12.4169527207977
2017,2.01017815523257,0.397390802003836,67.7001954880745,21.2967186929164,338.500977440373,163,17,0.585319363770509,87.3701465293127,12.6298534706873
2017,1.85071639968932,0.365912823407793,67.985069753142,21.323834732185,339.92534876571,164,17,0.581872864974219,87.0864229549362,12.9135770450638
2017,1.72290011134983,0.340672142678445,68.2387384854916,21.3479138669403,341.193692427458,165,17,0.579814023307332,86.7793276042669,13.2206723957331
2017,1.63934835200297,0.324124546580523,68.4672534749995,21.3695519633087,342.336267374998,166,17,0.585086405346708,86.5238163534531,13.4761836465469
2017,1.61028213881565,0.318352260861564,68.6780015702018,21.3894631404181,343.390007851009,167,17,0.590114138168659,86.3989121836989,13.6010878163011
2017,1.61660517955531,0.319729658857618,68.8819289401729,21.4086894062103,344.409644700864,168,17,0.574044619764432,86.3863984971878,13.6136015028122
2017,1.63613619420457,0.323513990905422,69.0903329202718,21.428296782937,345.451664601359,169,17,0.586022394915994,86.4262912910971,13.5737087089029
2017,1.66706351269277,0.329545303753867,69.3002455756906,21.4480044752897,346.501227878453,170,17,0.598789876790073,86.5129874407098,13.4870125592902
2017,1.70824698181658,0.337660502220606,69.5137881814478,21.4680103212747,347.568940907239,171,17,0.60370138461337,86.6387665016696,13.3612334983304
2017,1.75878044568904,0.347695341996329,69.7345830962053,21.4886506138493,348.672915481026,172,17,0.599155203959151,86.7951426271657,13.2048573728343
2017,1.81880288001471,0.359488111578566,69.9663917521516,21.5102715355301,349.831958760758,173,17,0.609952802022228,86.9738001301941,13.0261998698059
2017,1.88678155606146,0.372877521898035,70.2080430411646,21.5327573994629,351.040215205823,174,17,0.617351078986545,87.1677301022854,12.8322698977146
2017,1.96234150325605,0.387715365569838,70.4618079354433,21.5563124544102,352.309039677217,175,17,0.630562375466411,87.3705542438958,12.6294457561042
2017,2.04441782846838,0.403862157002094,70.7280399153151,21.5809612653318,353.640199576576,176,17,0.640660773203888,87.5772844014385,12.4227155985615
2017,2.13227675560928,0.42119271270501,71.0086646548817,21.6068727097363,355.043323274408,177,17,0.645542921726908,87.783910468854,12.216089531146
2017,2.22573621110581,0.439594938670256,71.3058817138564,21.634238495269,356.529408569282,178,17,0.654207768136928,87.987449059896,12.012550940104
2017,2.32352440015976,0.458965600359094,71.6200544131597,21.6630791479926,358.100272065799,179,17,0.650322900931282,88.1860004635917,11.8139995364083
2017,2.42676347284957,0.479217380100267,71.9545581803867,21.6936894095121,359.772790901933,180,17,0.667316551756358,88.3780840110331,11.6219159889669
2017,2.53469658859495,0.500259322377605,72.3063071735702,21.7257709780375,361.531535867851,181,17,0.697862392881903,88.5633979983481,11.4366020016519
2017,2.64452114344789,0.522007560006876,72.6735294671467,21.7591479551624,363.367647335733,182,17,0.693300963861282,88.7418777877429,11.2581222122571
2017,2.75779953772318,0.544403435306123,73.06362451185,21.794475336147,365.31812255925,183,17,0.692788303384781,88.9129215168667,11.0870784831333
2017,2.87451880323147,0.567375446176627,73.4764729212532,21.831720388309,367.382364606266,184,17,0.702269706028183,89.0768232455163,10.9231767544837
2017,2.993655880277,0.590848701893978,73.9107636325578,21.8707427708081,369.553818162789,185,17,0.709343474055203,89.2340785175558,10.7659214824442
2017,3.11586475296951,0.614752542734473,74.3674613004181,21.911606479898,371.837306502091,186,17,0.731959697124045,89.3850481669624,10.6149518330376
2017,3.23870339219745,0.639002825719229,74.8440713165533,21.9540657930895,374.220356582767,187,17,0.7344096667499,89.5303856503587,10.4696143496413
2017,3.36276546669879,0.663531964011471,75.3447524115798,21.9984670235467,376.723762057899,188,17,0.733997657089342,89.6702388788669,10.3297611211331
2017,3.48943496227927,0.688258573433923,75.8703211023614,22.0448546460356,379.351605511807,189,17,0.760024469541437,89.8050221403758,10.1949778596243
2017,3.61604857691704,0.713081155737166,76.4160104895908,22.092781773877,382.080052447954,190,17,0.776663364646634,89.9365925642045,10.0634074357955
2017,3.74292080443767,0.737907824578284,76.9836863906908,22.1423874656383,384.918431953454,191,17,0.796782306675662,90.0647750662584,9.93522493374156
2017,3.86650187172927,0.762631669312939,77.5727038570703,22.1935892926137,387.863519285352,192,17,0.773556183900045,90.1894948803846,9.81050511961538
2017,3.99100812572836,0.787180569629198,78.1910729704282,22.2470518547584,390.955364852141,193,17,0.779132855058935,90.3106848369166,9.68931516308346
2017,4.11433985756688,0.811423265340178,78.833217317884,22.3022589724395,394.16608658942,194,17,0.790328022123058,90.4291714077655,9.57082859223448
2017,4.23675974531113,0.835241451686209,79.4977774339208,22.359064198819,397.488887169604,195,17,0.819392848292583,90.5455200046748,9.45447999532519
2017,4.13188515870487,0.814510894599793,80.1809961152364,22.4171203305195,400.904980576182,196,16,0.80953931984278,90.4464981576962,9.55350184230381
2017,4.24053638236207,0.835848799804406,80.845197241033,22.4732308618283,404.225986205165,197,16,0.820816375592819,90.563940476258,9.43605952374202
2017,4.34582079848448,0.856445556362579,81.5288596783273,22.5306508955292,407.644298391637,198,16,0.837782328097239,90.6809285798393,9.31907142016068
2017,4.45210256394071,0.877472561095975,82.230171305402,22.5892056225495,411.15085652701,199,16,0.837622378219492,90.8071386658955,9.19286133410451
2017,4.56444728046715,0.899669143111176,82.9527557615413,22.6491735541856,414.763778807707,200,16,0.83965436355679,90.9477361144626,9.05226388553745
2017,4.68356056737151,0.922948035742816,83.6973860821989,22.7105913899859,418.486930410994,201,16,0.859539490512921,91.0994897947387,8.9005102052613
2017,4.80695330505674,0.947083061478534,84.461844078495,22.7732497217994,422.309220392475,202,16,0.878394225663194,91.2593058242852,8.74069417571483
2017,4.9330882813091,0.971868495972448,85.2471904040344,22.837209887118,426.235952020172,203,16,0.889485596353425,91.4243085235892,8.57569147641078
2017,5.06382321404803,0.997112359564944,86.0555247385922,22.9026147836085,430.277623692961,204,16,0.931711754344433,91.5919752683967,8.40802473160335
2017,5.19462049244954,1.02259735063286,86.8815385070673,22.969009326177,434.407692535337,205,16,0.957819555827888,91.760543684088,8.23945631591203
2017,5.32362505930335,1.0481621422858,87.7284662723733,23.0366296844011,438.642331361866,206,16,0.953588261605799,91.9281738047015,8.07182619529847
2017,5.45380141926025,1.07367321887928,88.6020155204075,23.1059005624218,443.010077602038,207,16,0.969318689049292,92.0932375220345,7.90676247796545
2017,5.5826548022004,1.09896564994996,89.4984261525913,23.1764912134931,447.492130762957,208,16,0.98223319467811,92.2548442166189,7.74515578338112
2017,5.70828494127345,1.12391075976886,90.4179945993823,23.248395305033,452.089972996912,209,16,0.976181055763952,92.4121339617798,7.58786603822024
2017,5.83344152142352,1.14840952464659,91.3638672022645,23.3218264034145,456.819336011322,210,16,0.99376153112018,92.5643060530981,7.43569394690187
2017,5.95397668656805,1.17236125741525,92.3312200841939,23.3963790811349,461.65610042097,211,16,0.98797326685398,92.7133857466867,7.28661425331328
2017,5.73737285248156,1.12984996883758,93.3238000420406,23.4723122369801,466.619000210203,212,15,0.962341272274179,92.6680029253966,7.3319970746034
2018,4.2944714633128,0.849961941766559,54.5,19.9420239553624,272.5,141,24,0.501172693497049,84.208920806863,15.7910791931371
2018,4.27793072562491,0.846465337487236,55.2586331685973,20.0257374171366,276.293165842986,142,24,0.51669404463943,84.2334915279216,15.7665084720784
2018,4.25057626673909,0.841393607754734,56.0108516223373,20.107955832483,280.054258111686,143,24,0.506448293275157,84.2903767962019,15.7096232037981
2018,4.21823902674998,0.834760743969461,56.7596458961028,20.1890391549745,283.798229480514,144,24,0.522462796211654,84.3772510101508,15.6227489898492
2018,4.17519686351997,0.826540283562683,57.4987672260818,20.2683471428539,287.493836130409,145,24,0.513613545716246,84.4932998680789,15.5067001319211
2018,4.12937617376135,0.816664961683551,58.2310472387355,20.3462234076094,291.155236193678,146,24,0.558519850631948,84.6362461184234,15.3637538815766
2018,4.07031736824129,0.805193639599249,58.9451789644265,20.4215149828021,294.725894822132,147,24,0.552887947995667,84.8050401290474,15.1949598709525
2018,4.00310975064213,0.792058052549754,59.6486223131221,20.4950606519167,298.243111565611,148,24,0.549561612499518,84.9961182698477,15.0038817301523
2018,3.93091102772076,0.777202959269907,60.3392862714349,20.5666844139069,301.696431357174,149,24,0.585884796527383,85.2069807997947,14.7930192002053
2018,3.84610599313252,0.760556447884346,61.0082425867275,20.6355143346816,305.041212933638,150,24,0.583838891481826,85.4357497969016,14.5642502030984
2018,3.95586865914596,0.782192534511421,61.6606437344977,20.7021360577413,308.303218672488,151,24,0.595946707883879,86.0137282599368,13.9862717400632
2018,3.85033796793157,0.760925554204207,62.3325724125438,20.7702402888722,311.662862062719,152,24,0.625255588667114,86.2532092629015,13.7467907370985
2018,3.72906655790399,0.737585911689751,62.9775294388385,20.8351311656343,314.887647194192,153,24,0.591180172124512,86.4985054510668,13.5014945489332
2018,3.60128711362646,0.712150519240805,63.6050434852498,20.8978240083365,318.025217426249,154,24,0.605980349797742,86.7435903362316,13.2564096637684
2018,3.40211987277632,0.672523331851702,64.2040377384696,20.9572666604508,321.020188692348,155,17,0.563672729617895,86.9825033118661,13.0174966881339
2018,3.25602948157523,0.643514800971026,64.771656192928,21.0132400300797,323.85828096464,156,17,0.576239504315058,87.2063512140419,12.7936487859581
2018,3.10016562158019,0.612335099642867,65.3075393726175,21.0657710822478,326.537696863087,157,17,0.607351909765827,87.4051758723238,12.5948241276762
2018,2.93149253462577,0.579067753903798,65.8060235152914,21.1143669885364,329.030117576457,158,17,0.607146358936897,87.5678871423789,12.4321128576211
2018,2.75329863228828,0.543931425527701,66.2708104893725,21.159447249469,331.354052446863,159,17,0.605227026506032,87.6803672118415,12.3196327881585
2018,2.56785942702133,0.507323258157603,66.7003390089662,21.2009122476963,333.501695044831,160,17,0.605952743037467,87.7278969149784,12.2721030850216
2018,2.37872548531128,0.46991990861114,67.0926311605537,21.2386203004957,335.463155802769,161,17,0.612418596309043,87.6961101274442,12.3038898725558
2018,2.19141540876243,0.432784059969662,67.4458001666459,21.2724365229075,337.22900083323,162,17,0.629404248003769,87.5744914502366,12.4255085497634
2018,2.01374471145963,0.397453646305692,67.7581070779942,21.3022374960341,338.790535389971,163,17,0.661511007612282,87.3628919537556,12.6371080462444
2018,1.85397093359768,0.365958036083998,68.0284558252951,21.3279575258011,340.142279126476,164,17,0.658427850752505,87.0809688957841,12.9190311042159
2018,1.72578007485253,0.340701360486168,68.2674640847975,21.3506366680025,341.337320423987,165,17,0.653556528910548,86.7757051377384,13.2242948622616
2018,1.64174488612729,0.324139184743957,68.4818063080582,21.3709282659762,342.409031540291,166,17,0.651056809679782,86.5219784085914,13.4780215914086
2018,1.61271458092141,0.318354105970282,68.6798394964789,21.3896365976182,343.399197482394,167,17,0.660929325722944,86.3986801962978,13.6013198037022
2018,1.61943307256694,0.3197176955865,68.8700903003458,21.4075743451176,344.350451501729,168,17,0.656589566785411,86.3878876158163,13.6121123841837
2018,1.63911487962385,0.323485461955163,69.0625509808105,21.4256853441211,345.312754904052,169,17,0.676379113959529,86.4297606901123,13.5702393098877
2018,1.66957145917739,0.329497629906635,69.254988294179,21.4437590079485,346.274941470895,170,17,0.677622856175636,86.5185783471287,13.4814216528713
2018,1.71005286845018,0.337594497675743,69.4532663307935,21.4623446560177,347.266331653968,171,17,0.662974706362802,86.6461371715709,13.3538628284291
2018,1.76165966013082,0.347613314243932,69.6625683521992,21.4819235620149,348.312841760996,172,17,0.689359479710957,86.8037604834999,13.1962395165001
2018,1.82146828252279,0.35938080335187,69.8769127132234,21.5019317009549,349.384563566117,173,17,0.695930994903889,86.9842905271005,13.0157094728995
2018,1.89061513616775,0.372742544568683,70.1019023497302,21.522887569028,350.509511748651,174,17,0.738487658615201,87.1798885155396,12.8201114844604
2018,1.96507280695588,0.38753954583877,70.3322077362255,21.5442900595956,351.661038681127,175,17,0.72359422556162,87.3850253215238,12.6149746784762
2018,2.04706834301735,0.40364741645386,70.5803809633378,21.5672984176728,352.901904816689,176,17,0.734110178390501,87.5933218577043,12.4066781422957
2018,2.13379048055056,0.420933264044992,70.8428474985731,21.5915706522078,354.214237492865,177,17,0.712081473980009,87.80139691268,12.19860308732
2018,2.22946023667577,0.439293173188309,71.1270613934155,21.6177834491992,355.635306967077,178,17,0.780064430370502,88.005730193846,11.994269806154
2018,2.32659812339356,0.458595199381192,71.4168095478425,21.6444316250364,357.084047739213,179,17,0.761907491494411,88.2061189615027,11.7938810384973
2018,2.43060445309856,0.4787745158869,71.7296134426828,21.6731157891887,358.648067213414,180,17,0.80424131525717,88.3996207309017,11.6003792690983
2018,2.5375784274662,0.499724598955935,72.0547482837159,21.7028384462714,360.273741418579,181,17,0.822022907016991,88.5866762812573,11.4133237187427
2018,2.64749047283641,0.521375404982617,72.3977178236472,21.7340903517769,361.988589118236,182,17,0.824368443908933,88.7665328709706,11.2334671290294
2018,2.76124416040258,0.543659957092485,72.7621965876663,21.7671893193878,363.810982938331,183,17,0.841205844947784,88.9389416699741,11.0610583300259
2018,2.87865855075923,0.56650056817972,73.1460541692919,21.8019234119904,365.73027084646,184,17,0.876501798458989,89.1043641260512,10.8956358739488
2018,2.99848419585872,0.589815844124501,73.5463306416859,21.8380081531636,367.73165320843,185,17,0.910772227392551,89.2634129841121,10.7365870158879
2018,3.11846754544763,0.613531667659784,73.9637130207518,21.875489500022,369.818565103759,186,17,0.902006904850784,89.4164437322799,10.5835562677201
2018,3.24073751519938,0.637597124578722,74.406839628435,21.9151217157888,372.034198142175,187,17,0.905209397210389,89.563247449721,10.436752550279
2018,3.36471011322864,0.661927982994306,74.8737737151083,21.9567056177757,374.368868575541,188,17,0.915970961792908,89.704476837559,10.295523162441
2018,3.48772409264587,0.686436626531033,75.3633434735811,22.0001117448846,376.816717367906,189,17,0.889930412551244,89.8407006179968,10.1592993820032
2018,3.61401439837758,0.711066725967428,75.8827170657144,22.0459460284096,379.413585328572,190,17,0.916542660370046,89.9729605387165,10.0270394612835
2018,3.73971522052214,0.73568671006737,76.4220185138062,22.0933081205451,382.110092569031,191,17,0.932392500031183,90.1019353953462,9.89806460465383
2018,3.86641733343569,0.760201297851903,76.9832818220626,22.1423522038121,384.916409110313,192,17,0.976965225117009,90.2273777347625,9.77262226523747
2018,3.99013557115994,0.784482445451071,77.5609620171522,22.1925712551963,387.804810085761,193,17,0.98697711131093,90.3500806017963,9.64991939820372
2018,4.11198156077348,0.808447764763964,78.1613738837196,22.2444908997879,390.806869418598,194,17,0.992166719128393,90.4700915006233,9.52990849937668
2018,4.23127864825181,0.831989897867989,78.7851066680657,22.2981336369612,393.925533340328,195,17,0.990580946679125,90.587866854677,9.41213314532303
2018,4.12802874332599,0.811178956666313,79.4330048385065,22.3535421613827,397.165024192533,196,16,1.02077713190722,90.4908132717867,9.50918672821327
2018,4.2327808989064,0.832248277520747,80.0542016986888,22.4063721724816,400.271008493444,197,16,0.982769739563167,90.6098288629631,9.39017113703694
2018,4.33700707911746,0.852622981411923,80.7039384077693,22.4613245408663,403.519692038847,198,16,0.999562380696984,90.7278478931656,9.27215210683442
2018,4.44058784154573,0.873427941173924,81.3711487054526,22.5174347951689,406.855743527263,199,16,0.968343261934356,90.8550451539496,9.14495484605039
2018,4.55258214951573,0.895427951900174,82.0653049536227,22.5754717969744,410.326524768114,200,16,0.977267791185583,90.9962377458309,9.00376225416909
2018,4.67070678696618,0.91850452864735,82.7800599504538,22.6348745846508,413.900299752269,201,16,0.996856097634248,91.148614032616,8.85138596738396
2018,4.78983672161248,0.942440176486809,83.5145058780923,22.6955426450569,417.572529390462,202,16,0.963734130377909,91.309023725628,8.69097627437196
2018,4.91571100101635,0.967079642460227,84.2793846607557,22.7583305740424,421.396923303779,203,16,0.980503605433983,91.4741035774316,8.52589642256844
2018,5.04352640341231,0.99218039032126,85.0660653277601,22.8224952538822,425.3303266388,204,16,0.991192829652231,91.6419095987308,8.35809040126923
2018,5.17651406033019,1.01756087918998,85.8761507008455,22.8881381468687,429.380753504228,205,16,1.05849964866403,91.8103374379039,8.18966256209609
2018,5.30584673796825,1.04299284318282,86.6993501025597,22.9544030609827,433.496750512799,206,16,1.06595706709611,91.9782215854083,8.02177841459167
2018,5.43350531912172,1.06837137915158,87.5469009825568,23.0221715994041,437.734504912784,207,16,1.05289692276328,92.1436468879695,7.85635311203048
2018,5.56257992914106,1.09356976549311,88.4225701609911,23.0917098449924,442.112850804955,208,16,1.07475197022067,92.3053620979254,7.69463790207462
2018,5.68900416458101,1.11842400997388,89.3196556607092,23.162452842096,446.598278303546,209,16,1.08352655520334,92.4628411223822,7.53715887761778
2018,5.8131476102295,1.14282986489636,90.2402414012873,23.2345360670084,451.201207006436,210,16,1.09252603607142,92.6153245313792,7.38467546862082
2018,5.92719390893592,1.16670748397523,91.1838239118325,23.3078900368936,455.919119559163,211,16,1.0023314314749,92.7646269675546,7.23537303244537
2018,5.71370589099636,1.12456382436085,92.1682200797107,23.3838551370986,460.841100398553,212,15,0.993579940229798,92.7203706895039,7.27962931049613
2019,4.29360150775944,0.849961941766559,54.5,19.9420239553624,272.5,141,24,0.493594182329229,84.208920806863,15.7910791931371
2019,4.27686967352215,0.846469588180939,55.2599748797202,20.0258847602304,276.299874398601,142,24,0.506959604992568,84.233247080261,15.766752919739
2019,4.25178161140631,0.841403188419618,56.0139280067647,20.1082905004139,280.069640033824,143,24,0.516944168268934,84.2898256259639,15.7101743740361
2019,4.21833480412446,0.834764467810585,56.7608641641514,20.1891704661348,283.804320820757,144,24,0.523189137534005,84.3770366668628,15.6229633331372
2019,4.17705450577681,0.826543554837088,57.4998593769771,20.2684638038371,287.499296884886,145,24,0.530938581262345,84.4931114049969,15.5068885950031
2019,4.1289261342447,0.816659099296439,58.2290459068002,20.3460115033944,291.145229534001,146,24,0.554241123293604,84.6365844494238,15.3634155505762
2019,4.07217131186449,0.805190106915923,58.943943378199,20.4213852642901,294.719716890995,147,24,0.572347311327373,84.8052445605803,15.1947554394197
2019,4.00666386568802,0.79204481112401,59.643865648296,20.4945653734228,298.21932824148,148,24,0.588229713053335,84.9968878538905,15.0031121461095
2019,3.93166840484321,0.777171125595994,60.3275068313262,20.5654676554549,301.637534156631,149,24,0.59619143897011,85.2088431577171,14.7911568422829
2019,3.84792490487305,0.760520655385032,60.9945533507634,20.6341111138765,304.972766753817,150,24,0.607040999239128,85.4378638318306,14.5621361681694
2019,3.95702995917995,0.782145856549779,61.6426779295649,20.7003080251012,308.213389647825,151,24,0.611868371433595,86.0163862211524,13.9836137788476
2019,3.84827086431922,0.760873468270255,62.3116546320865,20.7681278754083,311.558273160432,152,24,0.603416295287082,86.2562311084066,13.7437688915935
2019,3.73156360248476,0.737545642747464,62.9605662157463,20.8334303947098,314.802831078731,153,24,0.624166896102845,86.5008993260617,13.4991006739383
2019,3.60213790075345,0.712098632198523,63.5819824282272,20.8955277028484,317.909912141136,154,24,0.620069474465024,86.7467717349466,13.2532282650534
2019,3.40163441195108,0.672473229098758,64.1783291595191,20.9547233636744,320.891645797595,155,17,0.560604913398851,86.9859744466638,13.0140255533362
2019,3.25569355817417,0.643468820928254,64.7464642550894,21.0107630955479,323.732321275447,156,17,0.574684775792817,87.2096857867774,12.7903142132226
2019,3.09682432312618,0.612292733322404,65.282591369889,21.0633321838622,326.412956849445,157,17,0.562717873028757,87.4084203732296,12.5915796267704
2019,2.92921698388073,0.579041533293814,65.7893342398415,21.1127441536059,328.946671199208,158,17,0.574485797264992,87.570025378288,12.429974621712
2019,2.75167321084476,0.543916058864849,66.2601983409433,21.1584204263245,331.300991704717,159,17,0.580051162446898,87.6817109568871,12.3182890431129
2019,2.56620636305152,0.507315387338496,66.6944370312875,21.2003437567897,333.472185156437,160,17,0.577894695953115,87.728638180869,12.271361819131
2019,2.37657537950293,0.469919143292961,67.0920102267313,21.2385607364409,335.460051133657,161,17,0.572158887312104,87.6961877766825,12.3038122233175
2019,2.18898520832769,0.43279210370817,67.4528011585787,21.273105624792,337.264005792893,162,17,0.578167733357144,87.5736166034341,12.4263833965659
2019,2.01101560277419,0.397471840795504,67.7748692735271,21.3038342701481,338.874346367635,163,17,0.595295154014144,87.3607929639782,12.6392070360218
2019,1.85248376086682,0.365988743458321,68.0579152246204,21.3307558825094,340.289576123102,164,17,0.616084346848828,87.0772669957104,12.9227330042896
2019,1.72570541698906,0.340739644344873,68.3050944899632,21.3542023171526,341.525472449816,165,17,0.646218998363503,86.7709614576502,13.2290385423499
2019,1.64185298094765,0.324178503556558,68.5208889491912,21.3746234135797,342.604444745956,166,17,0.648638082234737,86.5170439743758,13.4829560256242
2019,1.61403171405186,0.318393853683004,68.7194271448882,21.393371959497,343.597135724441,167,17,0.696648090380784,86.3936845275453,13.6063154724547
2019,1.62160736418096,0.319750749071233,68.9027972554208,21.4106546316812,344.513986277104,168,17,0.721171300079599,86.3837740720978,13.6162259279022
2019,1.64044444851668,0.323506230445592,69.0827761401921,21.4275865353531,345.413880700961,169,17,0.715749353471913,86.4272348710151,13.5727651289848
2019,1.6707011749756,0.329510919118113,69.2676051268069,21.4449427543985,346.338025634034,170,17,0.711044125706847,86.5170194257131,13.4829805742869
2019,1.71246637482204,0.337601212910033,69.4594247308687,21.462921322925,347.297123654343,171,17,0.736371210313296,86.6453869392947,13.3546130607053
2019,1.76320585819123,0.347604160342883,69.654530092467,21.4811723902693,348.272650462335,172,17,0.737949810726459,86.8047228386125,13.1952771613875
2019,1.82283622538409,0.359359885644452,69.8594657067411,21.5003046972437,349.297328533705,173,17,0.739600128198251,86.9863372174002,13.0136627825998
2019,1.89055207405783,0.372709609166973,70.0759952810628,21.5204769365166,350.379976405314,174,17,0.741340535395564,87.1828583662541,12.8171416337459
2019,1.96600963253873,0.38750362049072,70.3057177451029,21.5418308087954,351.528588725515,175,17,0.755149438166909,87.3879857632424,12.6120142367575
2019,2.04756397681691,0.403600002608854,70.5477675705558,21.5642780227207,352.738837852779,176,17,0.754033779143539,87.5968676207013,12.4031323792987
2019,2.13566218668445,0.420876174146225,70.8063488578059,21.5881991071534,354.03174428903,177,17,0.768328478387418,87.8052502767022,12.1947497232978
2019,2.22904031949925,0.439213252782615,71.0796880866887,21.6134193271884,355.398440433443,178,17,0.779267013259474,88.0105793796176,11.9894206203824
2019,2.32748321191371,0.458509025285361,71.369512262166,21.6400868401747,356.84756131083,179,17,0.794904573318793,88.2108073034665,11.7891926965335
2019,2.42759641212361,0.478668777289988,71.675894289187,21.6681959437556,358.379471445935,180,17,0.744295126868384,88.4047719077111,11.5952280922889
2019,2.53391737758365,0.499634631003513,72.0124173757143,21.6989740067976,360.062086878571,181,17,0.746819078560931,88.5905998061519,11.4094001938481
2019,2.64488672629521,0.521311183038602,72.3696959680005,21.7315408334913,361.848479840002,182,17,0.772215260594434,88.7690419710388,11.2309580289612
2019,2.75910458781458,0.543615283094447,72.7440849561443,21.7655473015789,363.720424780722,183,17,0.798118240185216,88.9405078529541,11.0594921470459
2019,2.87485494760981,0.566474294156757,73.1361323674419,21.801027220025,365.68066183721,184,17,0.795825187043078,89.1051926458,10.8948073541999
2019,2.99268003360581,0.589831301998585,73.5517835670516,21.8384987857696,367.758917835258,185,17,0.785151731837639,89.2629732184505,10.7370267815495
2019,3.11705535809344,0.613620647080562,73.9931291418394,21.8781255300769,369.965645709197,186,17,0.862392850540271,89.4141518363694,10.5858481636306
2019,3.24030796986906,0.637716314241486,74.4438957290238,21.9184284664341,372.219478645119,187,17,0.883949465595965,89.5604566337653,10.4395433662347
2019,3.36575859175009,0.662068452424293,74.9149953817196,21.9603680176326,374.574976908598,188,17,0.92329649728169,89.7014737618543,10.2985262381457
2019,3.48907926164637,0.686580361970149,75.4033091421073,22.0036464861397,377.016545710537,189,17,0.902457281278819,89.83788164651,10.16211835349
2019,3.61510975862665,0.711209379468792,75.9204478068379,22.0492672054364,379.60223903419,190,17,0.924046969677235,89.9703814863155,10.0296185136845
2019,3.74114902891847,0.735831003964181,76.458466891364,22.0965006457737,382.29233445682,191,17,0.94606271871986,90.0995182053035,9.90048179469652
2019,3.86328062849205,0.760341673900366,77.0172823435527,22.1453152071443,385.086411717763,192,17,0.906341687161683,90.2251872078753,9.77481279212466
2019,3.99145094416315,0.784686130786171,77.6084593500802,22.1966886931191,388.042296750401,193,17,0.99271506509857,90.3471038053367,9.65289619466332
2019,4.1142465764141,0.808654561117956,78.2079858953777,22.2485099548681,391.039929476888,194,17,1.01506655314246,90.4672455076123,9.53275449238771
2019,4.23442737064986,0.832184120828925,78.8275908952523,22.3017766151827,394.137954476261,195,17,1.0300748280662,90.5853361501666,9.41466384983343
2019,4.12889097922631,0.811336187870624,79.4682192559061,22.3565446740256,397.34109627953,196,16,1.02230656331671,90.4887218554228,9.51127814457725
2019,4.23595326134152,0.832408382073031,80.0892820056448,22.4093470600042,400.446410028224,197,16,1.02546429697719,90.6077887722436,9.39221122775643
2019,4.33846437970992,0.852749280683831,80.7311135807133,22.4636161896322,403.655567903567,198,16,1.01415904723975,90.7262985363006,9.27370146369936
2019,4.44275595664353,0.873543895938271,81.3956954450233,22.5194929720332,406.978477225117,199,16,0.994990055495972,90.853673038193,9.14632696180703
2019,4.55574920280333,0.895522200913172,82.0849554305604,22.5771097451901,410.424777152802,200,16,1.02212253707666,90.9951614099872,9.00483859001277
2019,4.67174924149467,0.918559542889992,82.7913724490544,22.6358118795924,413.956862245272,201,16,1.00936627254124,91.148006949872,8.85199305012795
2019,4.79605158317722,0.942484566960498,83.5235245684293,22.6962853081596,417.617622842147,202,16,1.0594500808583,91.3085494697003,8.69145053029974
2019,4.9186760514556,0.967035488371891,84.2705029133381,22.757603766419,421.352514566691,203,16,1.029759876003,91.4745614083785,8.52543859162151
2019,5.04596244912781,0.992089516886554,85.0479255627741,22.8210203735902,425.23962781387,204,16,1.03506749242633,91.642826624457,8.35717337554297
2019,5.17402161743961,1.01742778342049,85.8497236964597,22.8860035371954,429.248618482299,205,16,1.03049621817004,91.8116483518624,8.18835164813763
2019,5.29892872837306,1.04288512514185,86.6780260342903,22.9526920865766,433.390130171451,206,16,0.973110994827596,91.9792600972905,8.02073990270948
2019,5.43003946361246,1.06835046437818,87.5427631514856,23.0218418595214,437.713815757428,207,16,1.00470534762631,92.1438448310399,7.85615516896013
2019,5.55585108454232,1.09359402500087,88.4273776010477,23.0920902836733,442.136888005238,208,16,0.979077944516736,92.3051361008797,7.69486389912035
2019,5.68099081552965,1.11853760535161,89.3422519817709,23.1642283516805,446.711259908854,209,16,0.966653959457999,92.4617968523142,7.53820314768579
2019,5.80589977007478,1.14305161859254,90.2846088047787,23.2379971294486,451.423044023893,210,16,0.980010707131022,92.613308201547,7.38669179845298
2019,5.92856558378143,1.16703198895466,91.2492432288745,23.3129560775919,456.246216144373,211,16,0.999381817523961,92.7617030948165,7.2382969051835
2019,5.71811870821352,1.12486912767916,92.2345011954435,23.3889496418943,461.172505977218,212,15,1.03253128332531,92.7173649387881,7.28263506121192
2020,4.29376835486914,0.849857074153283,54.5,19.9420239553624,272.5,141,24,0.499651059064871,84.2094396262201,15.7905603737799
2020,4.27545360741038,0.846364581764378,55.258796873795,20.0257553949331,276.293984368975,142,24,0.49911352336645,84.2339721953039,15.7660278046961
2020,4.24936077059697,0.841305996387681,56.0140360076337,20.1083022491768,280.070180038169,143,24,0.499588473376887,84.2903067569968,15.7096932430032
2020,4.215858234239,0.834680288988047,56.7639591354748,20.1895040491375,283.819795677374,144,24,0.504413563402677,84.3769811184928,15.6230188815072
2020,4.17388377655123,0.826472977911337,57.5062141380619,20.269142573796,287.531070690309,145,24,0.504737887730836,84.4924910833507,15.5075089166493
2020,4.12435316458559,0.816663819487954,58.2400066364591,20.3471719806995,291.200033182295,146,24,0.509765310761804,84.6348793675174,15.3651206324826
2020,4.06695411266116,0.805161223667151,58.9628846318156,20.4233736112213,294.814423159078,147,24,0.521250749550286,84.8025669032866,15.1974330967134
2020,4.00134417928369,0.792043164964666,59.6719826924597,20.4974926066038,298.359913462299,148,24,0.5325370271312,84.9927887404368,15.0072112595632
2020,3.92501465298595,0.77719919416695,60.365698346293,20.5694120501886,301.828491731465,149,24,0.523681924824865,85.2032403889966,14.7967596110034
2020,3.84183644461307,0.760584700674669,61.0459158325027,20.6393749137139,305.229579162514,150,24,0.53578946799866,85.4303533720598,14.5696466279402
2020,3.95128018104869,0.782242098638257,61.7070727615711,20.7068585235423,308.535363807855,151,24,0.543833963104666,86.0081350333997,13.9918649666003
2020,3.84502873204493,0.760999400102003,62.3885060411607,20.7758864044583,311.942530205804,152,24,0.55986288504814,86.2463424199652,13.7536575800348
2020,3.72954603051536,0.737687482798842,63.0454794407159,20.841940786406,315.227397203579,153,24,0.59127448443253,86.4900687925349,13.5099312074651
2020,3.60218830257896,0.712245705499266,63.6730701094338,20.9045943828825,318.365350547169,154,24,0.61183821225625,86.7344302521631,13.2655697478369
2020,3.40089041260904,0.672602115454046,64.2710725969787,20.9638949443521,321.355362984893,155,17,0.544177399394363,86.9736770245318,13.0263229754682
2020,3.25501449715828,0.643597831848541,64.8423437804913,21.0201866276825,324.211718902456,156,17,0.557912219639842,87.1972190645447,12.8027809354553
2020,3.09639589764024,0.612420677223964,65.3816889299507,21.0730160574436,326.908444649754,157,17,0.548863756414772,87.3957559095364,12.6042440904636
2020,2.92883842790712,0.579166424863949,65.8911162226205,21.1226367925284,329.455581113103,158,17,0.560453224123897,87.5572054006917,12.4427945993083
2020,2.75310108063221,0.544037290530919,66.3647103633745,21.1685279380571,331.823551816873,159,17,0.593876290702241,87.668691895448,12.331308104552
2020,2.56866632898496,0.507425778780709,66.7964687893616,21.2101667383068,333.982343946808,160,17,0.61180135822806,87.7160278603002,12.2839721396999
2020,2.37962665693033,0.47001535815784,67.1877518260459,21.2477403661848,335.938759130229,161,17,0.621287563722929,87.6844045669872,12.3155954330128
2020,2.19056712847466,0.432873062393638,67.5393264862517,21.2813710686166,337.696632431258,162,17,0.602577117137512,87.5629738082036,12.4370261917964
2020,2.01233523582455,0.397545166247377,67.8568283737684,21.3116377694493,339.284141868842,163,17,0.617421866821859,87.350675312591,12.649324687409
2020,1.85430180551768,0.36605657149209,68.1357121964239,21.3381417826525,340.678560982119,164,17,0.654765240406476,87.0676094983567,12.9323905016433
2020,1.72608832028544,0.340800054992685,68.3755182016316,21.3608716017608,341.877591008158,165,17,0.648932067937746,86.7621751919717,13.2378248080282
2020,1.64233526003647,0.324239450470295,68.5908459914885,21.3812339777854,342.954229957442,166,17,0.654365450039544,86.5082805794743,13.4917194205257
2020,1.61340791166766,0.318455278827006,68.7883345275695,21.3998702605386,343.941672637848,167,17,0.667386379662093,86.3850431340124,13.6149568659876
2020,1.62057048111126,0.319820034019036,68.977431578396,21.4176797539209,344.88715789198,168,17,0.676631929287508,86.3744307041112,13.6255692958888
2020,1.64007904117393,0.323587288277394,69.1661102566289,21.4354159607595,345.830551283145,169,17,0.691304102375344,86.416860207616,13.583139792384
2020,1.67022577657027,0.329600926185059,69.3557544153351,21.4532089768024,346.778772076675,170,17,0.682439952610456,86.5061494706027,13.4938505293973
2020,1.71123662581947,0.337702403617504,69.5531989202367,21.4716978523571,347.765994601183,171,17,0.682650723619186,86.6339748445991,13.3660251554009
2020,1.76186630817309,0.347723776640447,69.7588015080221,21.4909118197061,348.79400754011,172,17,0.679770829320786,86.7922425116018,13.2077574883982
2020,1.82135351199113,0.359501555725431,69.9751039693243,21.5110831547512,349.875519846622,173,17,0.676063220880141,86.9727690448508,13.0272309551492
2020,1.88851008725017,0.372877863211893,70.2040432124815,21.5323856512814,351.020216062408,174,17,0.661383461023777,87.1681738722174,12.8318261277826
2020,1.96342730845367,0.387706676614486,70.4493473778953,21.555157217679,352.246736889477,175,17,0.658425042781253,87.3719301546218,12.6280698453782
2020,2.04462830879836,0.403847680921173,70.7102241163074,21.5793138289468,353.551120581537,176,17,0.647266372038163,87.5792073081236,12.4207926918763
2020,2.13218941096278,0.421177996769659,70.9895700229271,21.6051118749005,354.947850114636,177,17,0.645110562138876,87.7859203670567,12.2140796329432
2020,2.22528224385833,0.439582309663999,71.2868562933888,21.6324891442289,356.434281466944,178,17,0.6454852057412,87.9894040265237,12.0105959734763
2020,2.32290106988813,0.458958404357997,71.60268292382,21.6614867729347,358.0134146191,179,17,0.63793585852687,88.1877492387179,11.8122507612821
2020,2.42672987413633,0.479218010205718,71.9395396314194,21.6923171990256,359.697698157097,180,17,0.666443016324876,88.3795762924428,11.6204237075572
2020,2.53455070396597,0.500264513291052,72.2914567871008,21.724418737605,361.457283935504,181,17,0.694181752961063,88.5648572001052,11.4351427998948
2020,2.64384805076014,0.522019357575286,72.6593862091737,21.757864648019,363.296931045869,182,17,0.678856110324411,88.7432634493015,11.2567365506985
2020,2.75640112385108,0.54442798319604,73.052235779343,21.7934458269024,365.261178896715,183,17,0.664451471803483,88.9140681964941,11.0859318035059
2020,2.87362305482342,0.567421647773239,73.4704720156035,21.8311800635366,367.352360078017,184,17,0.68171496862317,89.0775348465876,10.9224651534124
2020,2.99252892454489,0.590915453546866,73.9086946023776,21.8705572413117,369.543473011888,185,17,0.683623757374669,89.2345089910359,10.7654910089641
2020,3.11539441736825,0.614845411413518,74.3703108500052,21.9118608978448,371.851554250026,186,17,0.715494615169051,89.385147621805,10.614852378195
2020,3.23615396509518,0.639119293325522,74.8501197762458,21.9546034140321,374.250598881229,187,17,0.682663420153958,89.5303127208706,10.4696872791294
2020,3.36175607145359,0.663697004765837,75.3606401493547,21.9998726037119,376.803200746774,188,17,0.704351246325089,89.6695307416086,10.3304692583914
2020,3.48754017121126,0.688462239624494,75.8919360101754,22.0467576147702,379.459680050877,189,17,0.713572958195304,89.8040148741244,10.1959851258755
2020,3.61557129114248,0.713334059904184,76.446536413211,22.0954557681162,382.232682066055,190,17,0.748906225993775,89.934247797582,10.065752202418
2020,3.73900161402622,0.738204542355006,77.0196678044267,22.1455230558606,385.098339022133,191,17,0.71449937711165,90.0621611348649,9.9378388651351
2020,3.86759689062077,0.763016873720743,77.6243574310754,22.1980664700027,388.121787155377,192,17,0.761133289847719,90.1859743229665,9.81402567703354
2020,3.99499814694686,0.787604337741466,78.2454292506859,22.2517372464311,391.227146253429,193,17,0.807192756254831,90.3071162829904,9.69288371700956
2020,4.11800245755095,0.811853415578079,78.8827586629451,22.306505152145,394.413793314725,194,17,0.812515083911015,90.4260128415824,9.57398715841757
2020,4.24216689991812,0.835681825064318,79.5436129764562,22.3629699073645,397.718064882281,195,17,0.867462733026136,90.5426837697736,9.45731623022642
2020,4.13875640670065,0.814902276862822,80.2182982341036,22.4202801155769,401.091491170518,196,16,0.885454703868535,90.4450138187603,9.5549861812397
2020,4.24917734799082,0.836200121148315,80.8686897878104,22.4752095778706,404.343448939052,197,16,0.927638897562273,90.5633512431993,9.43664875680076
2020,4.35594987527674,0.856717839666435,81.5327154254232,22.530973781974,407.663577127116,198,16,0.975355789037788,90.6814979139722,9.31850208602779
2020,4.46386559147831,0.877644146649905,82.2085380921554,22.5874046102644,411.042690460777,199,16,1.0073921108158,90.8091686870487,9.19083131295126
2020,4.57756271607388,0.899708862703049,82.8995216956868,22.6447680624834,414.497608478434,200,16,1.03914477261294,90.9515045715266,9.04849542847344
2020,4.69634585856701,0.922825395334455,83.6068782752897,22.7031466012243,418.034391376449,201,16,1.06615609951451,91.1052269860181,8.89477301398186
2020,4.81925415361044,0.946787687109195,84.3325722329511,22.7626818816317,421.662861164756,202,16,1.08990338384718,91.2670076426248,8.7329923573752
2020,4.94543430279165,0.971392875302451,85.07808021621,22.8234720213987,425.39040108105,203,16,1.11347592679511,91.4339496060168,8.5660503939832
2020,5.07523394983719,0.99644307848866,85.8440902288774,22.8855484413717,429.220451144387,204,16,1.16013085222156,91.6036036957034,8.39639630429657
2020,5.20391849923687,1.0217291276149,86.6267082636799,22.9485733114231,433.133541318399,205,16,1.16679224465325,91.7741363639052,8.22586363609482
2020,5.33303758247235,1.04711382834376,87.4337085852871,23.0131474847284,437.168542926435,206,16,1.17264391633598,91.9434894533237,8.05651054667636
2020,5.46046450821438,1.07243779018843,88.2653382867431,23.07925928411,441.326691433715,207,16,1.15644392434337,92.1103090087155,7.88969099128454
2020,5.58934903103525,1.09757643257622,89.1256673651953,23.1471972849627,445.628336825976,208,16,1.17962291871071,92.2733357751433,7.72666422485671
2020,5.71113284749308,1.12236251085807,90.0071093512802,23.2163301235637,450.035546756401,209,16,1.12104406424753,92.4320905424903,7.56790945750969
2020,5.82921184516624,1.14675642671463,90.9245935656333,23.2877904188602,454.622967828166,210,16,1.04489443024249,92.5852349802301,7.41476501976988
2020,5.95156605899101,1.17067976742743,91.8808903809479,23.3617408025127,459.404451904739,211,16,1.0638163558706,92.7330267595361,7.26697324046393
2020,5.73678659426655,1.12822615784482,92.857837344538,23.4367361799986,464.28918672269,212,15,1.06038149390654,92.689718351469,7.31028164853097
2021,4.29749008883078,0.849961941766559,54.5,19.9420239553624,272.5,141,24,0.528382898224294,84.2089208068629,15.7910791931371
2021,4.27935961984588,0.846450008536207,55.2537948527554,20.0252060656423,276.268974263777,142,24,0.530529512625843,84.2343730481796,15.7656269518204
2021,4.25420412341704,0.84137081105598,56.0035320068991,20.1071595083998,280.017660034496,143,24,0.541069415008602,84.2916882472611,15.7083117527389
2021,4.21980125230442,0.834719419432248,56.7461276521812,20.1875819576665,283.730638260906,144,24,0.539128197553518,84.3796295671284,15.6203704328716
2021,4.1769030938619,0.82649074029883,57.4822283953918,20.2665803151541,287.411141976959,145,24,0.531916560312649,84.4961540369355,15.5038459630645
2021,4.12869100415371,0.816606786516185,58.2111891143352,20.3441205730089,291.055945571676,146,24,0.554404641229857,84.6396034359041,15.3603965640959
2021,4.0711727241205,0.805138819246382,58.9260069287269,20.4195019855251,294.630034643634,147,24,0.56444318430921,84.8082124322606,15.1917875677394
2021,4.00476692658469,0.7919987202357,59.6273103841769,20.4928413739981,298.136551920884,148,24,0.569994342988964,84.9995665736278,15.0004334263722
2021,3.9275437984292,0.777135212204311,60.3142193292718,20.5640949228326,301.571096646359,149,24,0.552723576389791,85.2109441591105,14.7890558408895
2021,3.84591639619294,0.760506486023578,60.989134564408,20.6335555982958,304.94567282204,150,24,0.58441625180443,85.4387007232803,14.5612992767197
2021,3.95688204522287,0.782142490370511,61.6413824187407,20.7001761916573,308.206912093703,151,24,0.610335844519074,86.0165779015826,13.9834220984174
2021,3.84866030242381,0.760870931792536,62.3106360508558,20.768024999835,311.553180254279,152,24,0.608176392847767,86.2563782692728,13.7436217307272
2021,3.7304224748383,0.737541149429913,62.958673508434,20.8332406078103,314.79336754217,153,24,0.61022014321363,86.501166449111,13.498833550889
2021,3.60234906847118,0.712100136224347,63.5826508573302,20.8955942698658,317.913254286651,154,24,0.622719016416308,86.7466795126074,13.2533204873926
2021,3.40262082753528,0.672473581371351,64.1785099095594,20.9547412473821,320.892549547797,155,17,0.572960036767658,86.9859500393349,13.0140499606651
2021,3.25559513172768,0.643465000736024,64.7443712623785,21.0105572770343,323.721856311892,156,17,0.573619193131863,87.2099628627676,12.7900371372324
2021,3.09871826220585,0.61228950753298,65.2806918228692,21.063146458932,326.403459114346,157,17,0.589455883890638,87.408667440201,12.591332559799
2021,2.92786146449602,0.579030742562824,65.7824658921277,21.1120762045692,328.912329460639,158,17,0.555542162586185,87.5709054483621,12.4290945516379
2021,2.75260205404365,0.543911207097668,66.2568476676176,21.1580961939978,331.284238338088,159,17,0.595362171299254,87.6821352577343,12.3178647422657
2021,2.56798034566221,0.507307083172745,66.6882099507799,21.1997439132805,333.4410497539,160,17,0.609480233070987,87.7294203234956,12.2705796765044
2021,2.37885231165429,0.46990412009864,67.079820885135,21.2373913768425,335.399104425675,161,17,0.616348307601852,87.6977121774646,12.3022878225354
2021,2.19093958613323,0.432768468946184,67.4322294197657,21.2711393956376,337.161147098829,162,17,0.620769295473295,87.5761874304372,12.4238125695628
2021,2.01186431508441,0.397440688597283,67.7461682718426,21.3011000322272,338.730841359213,163,17,0.61795161853583,87.3643871718136,12.6356128281864
2021,1.85337589156938,0.365954280978553,68.024852920986,21.3276152269373,340.12426460493,164,17,0.643151375727251,87.081421720464,12.918578279536
2021,1.72579038962873,0.340700682413485,68.2667974988956,21.3505734936613,341.333987494478,165,17,0.65394415076156,86.7757891851326,13.2242108148674
2021,1.64166442335817,0.324138438317374,68.4810642667304,21.370858093957,342.405321333652,166,17,0.648762278168883,86.5220721171301,13.4779278828699
2021,1.61232172340716,0.318353805578642,68.6795402756712,21.3896083584015,343.397701378356,167,17,0.648942263615457,86.398717964325,13.601282035675
2021,1.61913036967862,0.319719736406793,68.8721099232269,21.4077645793686,344.360549616135,168,17,0.647103906161784,86.3876335641783,13.6123664358217
2021,1.63775761533245,0.32348942154131,69.0664071762807,21.4260478614376,345.332035881403,169,17,0.634866388603834,86.4292790644455,13.5707209355545
2021,1.66846285621209,0.329510150627801,69.2668755451562,21.4448743071057,346.334377725781,170,17,0.64276392352876,86.5171095659302,13.4828904340698
2021,1.70924020189304,0.337614820763672,69.4719035329475,21.4640897171992,347.359517664737,171,17,0.636879080273693,86.6438668989747,13.3561331010253
2021,1.76009408388257,0.347640298672603,69.6862619637172,21.4841373679108,348.431309818586,172,17,0.641070008679101,86.8009243473334,13.1990756526666
2021,1.82052259470116,0.359420418838752,69.9099508680922,21.505011866585,349.549754340461,173,17,0.663909349687082,86.9804159534654,13.0195840465346
2021,1.8887196352177,0.372792454162762,70.1411553623873,21.5265388483869,350.705776811936,174,17,0.678071500440633,87.1753903989135,12.8246096010865
2021,1.96355269661789,0.387608663942195,70.383164477395,21.5490189148688,351.915822386975,175,17,0.67382564213538,87.3793330188855,12.6206669811145
2021,2.04559531837447,0.403735541498187,70.6409868672427,21.5729086756144,353.204934336213,176,17,0.684410342762855,87.586736156002,12.413263843998
2021,2.133921042913,0.421043166283552,70.9130981206941,21.5980566148012,354.56549060347,177,17,0.701983787913033,87.7939845927085,12.2060154072915
2021,2.22810705807245,0.439415157417461,71.1993569046182,21.6244395504365,355.996784523091,178,17,0.730243804326907,87.9983348918705,12.0016651081295
2021,2.32659899871084,0.458744599178374,71.4987977500191,21.6519584097624,357.493988750095,179,17,0.744105763400007,88.1979977477395,11.8020022522605
2021,2.42813802535637,0.478942922349132,71.8151612412009,21.6809453489352,359.075806206005,180,17,0.726053800847756,88.3914238384994,11.6085761615006
2021,2.53491668654066,0.499938616940155,72.1554393138292,21.7120242973142,360.777196569146,181,17,0.73603315569175,88.577350934936,11.422649065064
2021,2.64656308369344,0.521644373762584,72.5150732686653,21.744760260998,362.575366343327,182,17,0.773157245949196,88.7560331915486,11.2439668084514
2021,2.76082797138287,0.543974223637771,72.8896073770095,21.7787324600312,364.448036885047,183,17,0.797258323304708,88.9279327354667,11.0720672645334
2021,2.87676264508753,0.566860998316614,73.2821696469301,21.8142095686616,366.410848234651,184,17,0.795962809386158,89.0930067903821,10.9069932096179
2021,2.99485279295819,0.590246245701527,73.6981730048833,21.8516608616238,368.490865024416,185,17,0.787753738673625,89.2511768214893,10.7488231785107
2021,3.11645230432284,0.614063119811423,74.1394308159817,21.89122504032,370.697154079908,186,17,0.80609248380814,89.4027635541798,10.5972364458201
2021,3.23890147409941,0.638222600523986,74.601334895168,21.9324649832656,373.00667447584,187,17,0.806979094572134,89.5486112258723,10.4513887741277
2021,3.36422471769676,0.662656270116795,75.0875451367345,21.9756832287788,375.437725683672,188,17,0.83565916260406,89.6889166587492,10.3110833412508
2021,3.48875378285225,0.687262603227556,75.5930771159848,22.0204126118339,377.965385579924,189,17,0.83297829064469,89.8245113715032,10.1754886284968
2021,3.61493165912706,0.711978795477888,76.1240436725378,22.0671685222106,380.620218362689,190,17,0.850168227311937,89.9564806866818,10.0435193133182
2021,3.73959671120078,0.736694891781677,76.6767997651756,22.1156023190425,383.383998825878,191,17,0.840919362819063,90.085055501862,9.91494449813802
2021,3.86532363991329,0.761327990844504,77.2563299580844,22.1661215127356,386.281649790422,192,17,0.85738403384735,90.2098045479027,9.79019545209734
2021,3.98964503154644,0.78575416846404,77.8577031599579,22.2182663422715,389.288515799789,193,17,0.86774884541765,90.3315022026053,9.66849779739466
2021,4.11162529160752,0.809868527055303,78.4818575016512,22.2720904889439,392.409287508256,194,17,0.865953423284024,90.4505448310438,9.54945516895622
2021,4.23346527020363,0.833568653969398,79.1307559987686,22.3277330648566,395.653779993843,195,17,0.895610839610758,90.5673004417613,9.43269955823869
2021,4.1280237524445,0.812807235504582,79.7980791248231,22.384624832327,398.990395624115,196,16,0.880214175356887,90.469155849097,9.53084415090294
2021,4.23701077151622,0.834040477655592,80.4473805464167,22.4396627805362,402.236902732083,197,16,0.904277423194172,90.5869900536877,9.41300994631228
2021,4.34217877373632,0.854524474947925,81.1136538170198,22.4958184305514,405.568269085099,198,16,0.927975159895537,90.7045154215651,9.29548457843486
2021,4.44876186170966,0.875432696801333,81.796207352574,22.5530138504968,408.98103676287,199,16,0.939622252342558,90.8313117328284,9.16868826717155
2021,4.56258798170026,0.8974984548991,82.4977333705297,22.6114534977555,412.488666852649,200,16,0.972985947316465,90.9725769693245,9.02742303067552
2021,4.6836081432966,0.92061742934554,83.215336103158,22.6708751330971,416.07668051579,201,16,1.03663281477181,91.1252782196667,8.87472178033329
2021,4.80546964719459,0.94455205230172,83.9443966642224,22.7308809219125,419.721983321112,202,16,1.04544403219138,91.286437742661,8.71356225733902
2021,4.93030584617531,0.969146805722915,84.6960494353649,22.7923670907454,423.480247176825,203,16,1.04822177878291,91.4526431084336,8.54735689156638
2021,5.05513054817033,0.994210143398542,85.4720946801892,22.8554508544707,427.360473400946,204,16,1.014381568392,91.621398434811,8.37860156518905
2021,5.18344486199683,1.01958952998709,86.2798521669704,22.920689880273,431.399260834852,205,16,1.01123702927741,91.7903250318784,8.20967496812157
2021,5.3135202921087,1.04508192326255,87.1138788303019,22.9876053932384,435.569394151509,206,16,1.02600473347305,91.9580455050526,8.04195449494739
2021,5.44393996041406,1.07050961538093,87.9709425939,23.0559056411142,439.8547129695,207,16,1.05059529090783,92.1233723997864,7.87662760021363
2021,5.57390404072382,1.09571717905448,88.8491458340339,23.1254111210772,444.24572917017,208,16,1.08486517849338,92.2853179475711,7.71468205242888
2021,5.69949635710071,1.12056452824732,89.7464595797813,23.1959362867586,448.732297898907,209,16,1.08203738180575,92.4431243300979,7.55687566990211
2021,5.82477214764377,1.14497001773455,90.6694269466296,23.2679668414994,453.347134733148,210,16,1.10734040675965,92.5958259939948,7.4041740060052
2021,5.9467176090576,1.1688284186205,91.6123560051403,23.3410294343716,458.061780025701,211,16,1.12477566246103,92.7454791721148,7.25452082788521
2021,5.73191503330948,1.12643875805319,92.5761518011645,23.4151692246666,462.880759005822,212,15,1.11839027291838,92.7018756111429,7.2981243888571
2022,4.29738876158074,0.849961941766559,54.5,19.9420239553624,272.5,141,24,0.527445997439391,84.2089208068629,15.7910791931371
2022,4.27994252138442,0.846450538011948,55.2539619674624,20.0252244189843,276.269809837312,142,24,0.535972362963433,84.234342600007,15.765657399993
2022,4.25436580689577,0.841368304168538,56.0027271313229,20.1070719390168,280.013635656614,143,24,0.542735120035023,84.2918324611752,15.7081675388248
2022,4.22044239924528,0.834716039132622,56.7450219749915,20.1874627606373,283.725109874958,144,24,0.545486222920302,84.3798241244951,15.6201758755049
2022,4.17961911383312,0.826484002358219,57.4799793464722,20.2663400240118,287.399896732361,145,24,0.558911482802796,84.4965421935895,15.5034578064105
2022,4.12990507168393,0.816585969472775,58.2040842934911,20.3433681014071,291.020421467455,146,24,0.567846533970458,84.6408047454101,15.3591952545899
2022,4.07288588427094,0.805111506814545,58.9164565716951,20.4184990608149,294.582282858476,147,24,0.584024789781518,84.8097928676248,15.1902071323752
2022,4.00538189725454,0.791962176708428,59.6141863792971,20.4914744552012,298.070931896486,148,24,0.578528128959018,85.0016903559726,14.9983096440274
2022,3.92962680301888,0.777095455078768,60.2995116214044,20.562575222868,301.497558107022,149,24,0.577333505303076,85.2132699876569,14.7867300123431
2022,3.84712983790981,0.760456241401191,60.9699215429495,20.6315856673035,304.849607714747,150,24,0.601300522919194,85.4416683331675,14.5583316668325
2022,3.95709489198062,0.782084419921892,61.619035329802,20.697901808843,308.09517664901,151,24,0.616073248697862,86.0198846440964,13.9801153559036
2022,3.85021442285228,0.760812527189199,62.2871841711008,20.7656560617911,311.435920855504,152,24,0.630401477987313,86.2597668588638,13.7402331411362
2022,3.73245582538338,0.737475654830762,62.9310875693664,20.8304740393738,314.655437846832,153,24,0.639831653736469,86.5050602174879,13.494939782512
2022,3.60304882529234,0.712025650052338,63.5495494517421,20.8922972056992,317.74774725871,154,24,0.63663143383771,86.7512471110645,13.2487528889355
2022,3.40268253636444,0.672403914892762,64.1427661803659,20.9512040206128,320.71383090183,155,17,0.577980090146395,86.9907773942075,13.0092226057925
2022,3.25768669303675,0.643397948508015,64.7076361001197,21.0069440981222,323.538180500599,156,17,0.606529771008894,87.2148268000496,12.7851731999504
2022,3.10094202416185,0.612216657155536,65.2377931105063,21.0589511079761,326.188965552532,157,17,0.62747922913092,87.4142482418077,12.5857517581923
2022,2.93162100200632,0.578952099844665,65.7324075711301,21.107206547958,328.66203785565,158,17,0.617839319587321,87.5773213028149,12.4226786971851
2022,2.75437637758443,0.543821778922192,66.1950821960184,21.1521173285895,330.975410980092,159,17,0.632310210745237,87.6899590871345,12.3100409128655
2022,2.56792314186046,0.507215349021673,66.6194102131652,21.1931139580348,333.097051065826,160,17,0.616295192845982,87.7380648874534,12.2619351125466
2022,2.37804985745523,0.469817650923451,67.0096472636205,21.2306565316619,335.048236318102,161,17,0.608753517627101,87.706491614498,12.293508385502
2022,2.19011524115845,0.432689430033539,67.363414841707,21.2645591174229,336.817074208535,162,17,0.611272446371823,87.584790949859,12.415209050141
2022,2.01144117495344,0.397367903565569,67.6790887747099,21.2947064674814,338.395443873549,163,17,0.616194962627585,87.3727916409213,12.6272083590787
2022,1.85154478025953,0.36588466325026,67.9580407057427,21.3212653498109,339.790203528713,164,17,0.605122839713377,87.0898220505282,12.9101779494718
2022,1.72403689749696,0.340640096177088,68.2072253569223,21.3449259264838,341.036126784611,165,17,0.613450152855826,86.7833029142639,13.2166970857361
2022,1.6405175421001,0.324086317674156,68.4292407599764,21.3659560310288,342.146203799882,166,17,0.6225978194047,86.5286185808036,13.4713814191964
2022,1.61194816730547,0.318306810080263,68.6327207564483,21.385188669873,343.163603782242,167,17,0.644487529187953,86.4046291684439,13.5953708315561
2022,1.61854310672342,0.319673257277577,68.826107072382,21.4034304701095,344.13053536191,168,17,0.636243953982729,86.3934217840415,13.6065782159585
2022,1.63825054898669,0.323444301010312,69.0224592944201,21.4219155262494,345.1122964721,169,17,0.655962594482596,86.434769252842,13.565230747158
2022,1.66892357990282,0.329459526514491,69.2188074265725,21.4403635842305,346.094037132863,170,17,0.663559889639692,86.523050047383,13.476949952617
2022,1.70998710648397,0.337557975579234,69.4197688293277,21.4592073565737,347.098844146638,171,17,0.666211212378761,86.6502188367827,13.3497811632173
2022,1.76166323111713,0.347574418620992,69.6284107246173,21.4787311299281,348.142053623086,172,17,0.695035785507642,86.8078504979101,13.1921495020899
2022,1.8210432730741,0.359338492909872,69.8416208776379,21.4986403019793,349.208104388189,173,17,0.689605663507381,86.9884309907169,13.0115690092831
2022,1.88938338570645,0.372699179897229,70.0677909341225,21.5197133989412,350.338954670612,174,17,0.70895878886725,87.1837990495325,12.8162009504675
2022,1.96447905453127,0.387500960287225,70.3037560937199,21.5416486693222,351.518780468599,175,17,0.712379293331401,87.3882050264454,12.6117949735546
2022,2.04610119747507,0.403609141253277,70.5540538529375,21.5648602842645,352.770269264687,176,17,0.71325947782423,87.5961840685933,12.4038159314067
2022,2.13353418877501,0.42089830397768,70.8204973780673,21.5895062138998,354.102486890337,177,17,0.709912007023589,87.803756352059,12.196243647941
2022,2.22678560698845,0.439256112444863,71.1050941491466,21.6157600355135,355.525470745733,178,17,0.716842110150287,88.0079784665463,11.9920215334537
2022,2.32471341035564,0.458577238706994,71.4069520835143,21.6435262721172,357.034760417572,179,17,0.718731617602794,88.2070958780123,11.7929041219877
2022,2.42692454803417,0.478771368117285,71.7280143213048,21.6729693714402,358.640071606524,180,17,0.717631101968514,88.3997740275217,11.6002259724783
2022,2.53388326190863,0.499756452338944,72.0697352423534,21.7042062444615,360.348676211767,181,17,0.732926534478686,88.5852876269472,11.4147123730528
2022,2.64235901325719,0.521448898711861,72.4297848475014,21.7370070687133,362.148924237507,182,17,0.704735622690231,88.7636625153396,11.2363374846603
2022,2.75781020366404,0.543795537204468,72.8171634976684,21.7721709284153,364.085817488342,183,17,0.751888371923848,88.9341903695401,11.0658096304599
2022,2.87393107486993,0.566691605091981,73.2181971033595,21.8084372140295,366.090985516797,184,17,0.755246766502545,89.0983425096977,10.9016574903023
2022,2.99443605946426,0.590086402387624,73.6417781714395,21.8465924841232,368.208890857197,185,17,0.795136515597957,89.255719063924,10.744280936076
2022,3.11781095645138,0.613887858194997,74.0814768201108,21.8860381316079,370.407384100554,186,17,0.850720141106375,89.407272666019,10.592727333981
2022,3.24154039098873,0.638008430532607,74.5347278811758,21.9265291451973,372.673639405879,187,17,0.879637789099782,89.5536202660636,10.4463797339364
2022,3.3671846402788,0.662381694295119,75.006935094906,21.9685314803163,375.03467547453,188,17,0.920764365775876,89.6947802558396,10.3052197441604
2022,3.49178472505416,0.686913791379091,75.496039176982,22.0118429155645,377.48019588491,189,17,0.923368287308815,89.8313451807917,10.1686548192083
2022,3.6182639915848,0.711546125027429,76.009535364189,22.0571044066889,380.047676820945,190,17,0.953265938810881,89.9642956251551,10.0357043748449
2022,3.74476428408328,0.736162962618947,76.5423401411502,22.1038431041907,382.711700705751,191,17,0.984541502529499,90.0939589244835,9.90604107551648
2022,3.87019848083153,0.760659081726206,77.0941815615707,22.1520132913952,385.470907807853,192,17,1.00631686661064,90.2202352712995,9.77976472870046
2022,3.99120808125116,0.784936016550205,77.6667458425742,22.2017390198889,388.333729212871,193,17,0.96520429750104,90.3434524275425,9.65654757245751
2022,4.11324787050513,0.808937256157532,78.2717249774748,22.2540030660305,391.358624887374,194,17,0.971190866557836,90.4633554823466,9.53664451765342
2022,4.23464679155676,0.832514598723918,78.8999042471718,22.3079742641178,394.499521235859,195,17,1.00423933250601,90.5810304288014,9.41896957119857
2022,4.1267304419373,0.811682197381418,79.5457422621104,22.3631513085425,397.728711310552,196,16,0.952111998880515,90.4841194889819,9.51588051101811
2022,4.23508957803807,0.832824103160476,80.1804103341593,22.4170707020503,400.902051670796,197,16,0.973176556107878,90.6024913835726,9.39750861642745
2022,4.33874647176329,0.853220375133966,80.8325249082533,22.4721633378419,404.162624541266,198,16,0.978414400369904,90.7205189487615,9.27948105123849
2022,4.44912304748246,0.874056705484863,81.5043100216413,22.5285948182617,407.521550108207,199,16,1.06192010961411,90.8476039536802,9.1523960463198
2022,4.55936020386991,0.895984816869826,82.1814550734833,22.5851494240843,410.907275367417,200,16,1.04469656289578,90.9898773153579,9.01012268464205
2022,4.67702021688546,0.919010175139407,82.8840773196262,22.6434895632322,414.420386598131,201,16,1.06023053872727,91.1430331794263,8.85696682057372
2022,4.79775944311443,0.942895797796225,83.6071086091341,22.7031655546381,418.03554304567,202,16,1.05388701438692,91.3041549956897,8.69584500431034
2022,4.92299316479913,0.967458077115755,84.3555390950832,22.7645602233012,421.777695475416,203,16,1.06555823605593,91.4701786567799,8.52982134322013
2022,5.04958044402763,0.992483844267024,85.1266633221856,22.8274206743231,425.633316610928,204,16,1.06120213347442,91.6388465841257,8.36115341587425
2022,5.17785123855745,1.01780155098055,85.9239560220471,22.8919984016119,429.619780110236,205,16,1.06072728027881,91.8079663222583,8.1920336777417
2022,5.30588599641436,1.0432333350449,86.7469759941552,22.9582233500101,433.734879970776,206,16,1.04856385325661,91.9759023578477,8.02409764215231
2022,5.44115745434215,1.0686296416156,87.5980119707383,23.0262436907364,437.990059853692,207,16,1.15064506499365,92.1412020361707,7.85879796382932
2022,5.56600167352898,1.09373671967951,88.455660374119,23.0943281603479,442.278301870595,208,16,1.11338943722347,92.303806579479,7.69619342052098
2022,5.68974801008858,1.11855494478681,89.3457016601053,23.1644993831751,446.728508300527,209,16,1.0849070928514,92.461637432288,7.53836256771199
2022,5.8195333601863,1.14295941952257,90.2661591781821,23.2365580341849,451.330795890911,210,16,1.17740945707871,92.6141466485871,7.38585335141286
2022,5.9419193895654,1.1667581830535,91.1940412295456,23.3086814279904,455.970206147728,211,16,1.2056499079904,92.7641702925724,7.23582970742761
2022,5.7261526013729,1.12443707088658,92.1407184147518,23.3817405522173,460.703592073759,212,15,1.18131796437995,92.7216179241471,7.27838207585291
