"year","assimilated_weight","ingested_weight","Weight","Length","Energy","JulianDay","feeding_hours","Metabolism","percentage_partic","percentage_filters"
2008,2.53602377964907,0.501470051666941,54.5,19.9420239553624,272.5,141,16,0.47335395058509,85.928341207603,14.071658792397
2008,2.5388525843277,0.501820650187944,54.9125073804469,19.987643229596,274.562536902235,142,16,0.491341856921131,85.8487046820343,14.1512953179657
2008,2.54566995244974,0.503093467836331,55.3219817111888,20.0326914644732,276.609908555944,143,16,0.499791857285313,85.7928807245255,14.2071192754745
2008,2.55648196908468,0.505516644668002,55.7311282487038,20.077472118575,278.655641243519,144,16,0.481693680260976,85.7654410582944,14.2345589417056
2008,2.63485759721111,0.52144054194473,56.1460555115786,20.1226520647151,280.730277557893,145,24,0.516157487088478,85.7690340350727,14.2309659649273
2008,2.60100000092822,0.514530577932777,56.5697637567294,20.1685486284104,282.848818783647,146,16,0.472536120325497,85.8062771833834,14.1937228166166
2008,2.63647712348856,0.521358468502541,56.9954232911654,20.2144159362491,284.977116455827,147,16,0.488527230859502,85.877196918279,14.122803081721
2008,2.68084088809483,0.529791480729499,57.4249785002877,20.2604616255029,287.124892501438,148,16,0.515687001612941,85.9810913085308,14.0189086914692
2008,2.73195172993884,0.539805083097237,57.8579729076832,20.3066336616998,289.289864538416,149,16,0.525020886681728,86.1154144805419,13.8845855194581
2008,2.78902534224738,0.55133805544752,58.2993210315352,20.3534493073755,291.496605157676,150,16,0.509959220148192,86.2754923630137,13.7245076369863
2008,3.02351072667652,0.597632593125473,58.7550944383735,20.4015365617865,293.775472191867,151,17,0.528581463248306,86.7832753729132,13.2167246270868
2008,3.09870897763791,0.612542497268846,59.2540385711345,20.453881461138,296.270192855672,152,17,0.529058674514562,86.964866434939,13.0351335650611
2008,3.18046692655716,0.628697838881219,59.7679247431878,20.5074737925009,298.839623715939,153,17,0.533021346536157,87.1579000547707,12.8420999452292
2008,3.27002609805652,0.645935141555036,60.2973676397835,20.5623536705956,301.486838198918,154,17,0.566667580073544,87.358993823948,12.641006176052
2008,3.3614287554021,0.664061170285958,60.8379906157646,20.6180469532844,304.189953078823,155,17,0.566025615784158,87.5640883806382,12.4359116193618
2008,3.45606818393249,0.682906203694288,61.3970198390653,20.6752748161248,306.985099195327,156,17,0.560789973641042,87.7677276240773,12.2322723759227
2008,3.55418665945178,0.702292134053527,61.9760211808006,20.7341656384026,309.880105904003,157,17,0.565024983692315,87.9666437562711,12.0333562437289
2008,3.6541918129255,0.722035337192501,62.5737960746998,20.7945649962985,312.868980373499,158,17,0.570312752764348,88.1584142674222,11.8415857325778
2008,3.75276932581049,0.74196102541367,63.1905110456132,20.8564580603976,315.952555228066,159,17,0.549170386339399,88.3409260057777,11.6590739942223
2008,3.85659017907305,0.761919097808,63.8311663110443,20.9203095149466,319.155831555221,160,17,0.585519101225407,88.511994823811,11.488005176189
2008,3.95846658287234,0.781710612500484,64.4853119855985,20.9850462886653,322.426559927992,161,17,0.609635146719361,88.6714290060973,11.3285709939027
2008,4.05783233917908,0.801188778731234,65.1550054160598,21.0508493087251,325.775027080299,162,17,0.623030704509033,88.8179882816337,11.1820117183663
2008,4.15594580606578,0.820214882330394,65.8418882362013,21.1178534387405,329.209441181007,163,17,0.648499758784684,88.9507498032545,11.0492501967456
2008,4.25251002257412,0.838641212006967,66.5432949158,21.1857734690137,332.716474579,164,17,0.692188232820408,89.0694009845023,10.9305990154977
2008,4.34261778374932,0.856321375414903,67.255271338298,21.2542086037974,336.27635669149,165,17,0.703625581383791,89.1738635729408,10.8261364270592
2008,4.42793727313213,0.873154302269072,67.9829760585202,21.3236357309283,339.914880292601,166,17,0.709138009436895,89.2633127174952,10.7366872825048
2008,4.50754072446198,0.889024747410699,68.7266359550923,21.3940519979762,343.633179775462,167,17,0.704867173854155,89.3374474353628,10.6625525646372
2008,4.59000099393799,0.904727503939658,69.4870639840641,21.4655089983547,347.43531992032,168,17,0.745152471393568,89.4078885568888,10.5921114431112
2008,4.6734642823013,0.921049631154929,70.2559197463499,21.5372059642134,351.279598731749,169,17,0.759732794896137,89.4863298700661,10.5136701299339
2008,4.75938082427854,0.93794975436513,71.0385443473817,21.609627439984,355.192721736908,170,17,0.768485417638109,89.5710108782119,10.4289891217881
2008,4.84653667519292,0.955369347599422,71.8365933940857,21.6829058576276,359.182966970428,171,17,0.760594367886713,89.6605647147804,10.3394352852196
2008,4.94014847380472,0.973257713457036,72.6536428354032,21.7573434657288,363.268214177016,172,17,0.80188823911402,89.7535460976495,10.2464539023505
2008,5.02966178852627,0.991508049410419,73.4811461347488,21.8321411456641,367.405730673744,173,17,0.772118281185038,89.8495514194261,10.1504485805739
2008,5.1227052044901,1.01011296194953,74.3324956675735,21.9084840701928,371.662478337867,174,17,0.764100242765061,89.9465032550339,10.0534967449661
2008,5.21846025143558,1.02898686581166,75.2040461448606,21.9860097858385,376.020230724303,175,17,0.771695764189225,90.0437587200484,9.95624127995158
2008,5.31329269840766,1.04804824058292,76.0932162246568,22.0644601416181,380.466081123284,176,17,0.758953085824452,90.1406394390176,9.8593605609824
2008,5.41116879817161,1.0672452241391,77.003888028595,22.1441480574356,385.019440142975,177,17,0.772178409461665,90.2360419186749,9.76395808132508
2008,5.5099668254792,1.08648631672435,77.9314755434472,22.2246437635376,389.657377717236,178,17,0.793028277007853,90.3295473886534,9.67045261134659
2008,5.60472809020757,1.10569495061049,78.8746370822091,22.305809180331,394.373185411046,179,17,0.772654947899393,90.4205364448218,9.57946355517819
2008,5.70273513586364,1.12483574928177,79.8408086988559,22.3882563735828,399.20404349428,180,17,0.790496165790247,90.5078212729702,9.4921787270298
2008,5.80153042244359,1.143805792336,80.8229951655767,22.4713604704571,404.114975827884,181,17,0.826033666833089,90.5912733994389,9.4087266005611
2008,5.89898925909543,1.16251924819642,81.8178134135802,22.5548189165745,409.089067067901,182,17,0.86184352565887,90.6705242234791,9.32947577652092
2008,5.98911220934893,1.18090490373913,82.8249401805048,22.638592602362,414.124700902524,183,17,0.836304080879506,90.7450176666342,9.25498233336579
2008,6.07716709442643,1.1989435832245,83.8551765468069,22.7235571581164,419.275882734034,184,17,0.80949737310812,90.8134963227957,9.18650367720434
2008,6.16532763195747,1.21656470917315,84.908360364642,22.809665480491,424.54180182321,185,17,0.806242987304085,90.8754639076604,9.12453609233956
2008,6.25150246846212,1.23367673730605,85.9798001429084,22.8965058900699,429.899000714542,186,17,0.809152623504101,90.9307177491548,9.06928225084521
2008,6.33577016104847,1.25020248001133,87.0678637236313,22.9839251812579,435.339318618156,187,17,0.822605134404244,90.9788502486611,9.02114975133886
2008,6.41780304625052,1.2660608662071,88.1700587597677,23.0717069573871,440.850293798838,188,17,0.847516923012492,91.0194985179045,8.98050148209547
2008,6.49656749763088,1.28116977707938,89.2836439871694,23.1596225718804,446.418219935847,189,17,0.87815968048146,91.0522986353802,8.94770136461981
2008,6.57258998370064,1.2954609049795,90.4068169895605,23.2475243578333,452.034084947803,190,17,0.924157599447536,91.0777385790146,8.92226142098535
2008,6.63826312132051,1.30884434725732,91.5359556945581,23.335129143878,457.679778472791,191,17,0.910209548919501,91.0950678552101,8.90493214478986
2008,6.70040307251664,1.32128862891403,92.6809767429784,23.4232003716296,463.404883714892,192,17,0.909459166264723,91.1026275429633,8.89737245703667
2008,6.75631617120709,1.3327066974418,93.8385307186373,23.5114680836049,469.192653593187,193,17,0.898560114587545,91.0999946140891,8.90000538591094
2008,6.81065969227069,1.34302866883089,95.0093986423076,23.5999823492142,475.046993211538,194,17,0.928244953765503,91.0864581399856,8.91354186001437
2008,6.85985648167104,1.35214389694985,96.1851462106534,23.6881037437512,480.925731053267,195,17,0.968855873421317,91.0617904827294,8.93820951727063
2008,6.53543396081699,1.28783600667792,97.3625554099022,23.7756005016371,486.812777049511,196,16,0.974634035264274,90.8021329774707,9.19786702252932
2008,6.56903467661142,1.29367730850595,98.4738654519159,23.8575112744222,492.36932725958,197,16,1.02955531091285,90.754182651748,9.24581734825202
2008,6.59344713266637,1.29814663008989,99.5808524138095,23.9384653692536,497.904262069048,198,16,1.05969337755809,90.6927083568704,9.30729164312964
2008,6.61246300903512,1.30150998417294,100.686632230222,24.0187073897761,503.433161151109,199,16,1.09323471142556,90.6162657624704,9.38373423752959
2008,6.62507558661466,1.3036908582499,101.789441590143,24.0981244335986,508.947207950714,200,16,1.12251962915832,90.5246112790389,9.47538872096113
2008,6.63015474327172,1.30488472933002,102.888847760217,24.1767017084872,514.444238801086,201,16,1.11977531594083,90.4186043481554,9.58139565184466
2008,6.63025226076819,1.30516632832393,103.989746462375,24.2548014388961,519.948732311876,202,16,1.11256583898732,90.2986833254637,9.70131667453631
2008,6.63260343263881,1.30458981980185,105.092030505823,24.3324242119757,525.460152529114,203,16,1.19195287322246,90.1655648884915,9.83443511150846
2008,6.62678453215069,1.30314871663096,106.17882726872,24.4084027921326,530.8941363436,204,16,1.22297804484142,90.0209477851786,9.97905221482142
2008,6.61500566517412,1.30092583965931,107.258172213713,24.4833258285414,536.290861068566,205,16,1.2265277789483,89.8650750189394,10.1349249810606
2008,6.60250854703512,1.29798915387426,108.334364906575,24.5575086766952,541.671824532873,206,16,1.27169817269895,89.6984166560524,10.3015833439476
2008,6.58526425733459,1.29436210857205,109.39893360583,24.6303866495722,546.99466802915,207,16,1.29989956542954,89.5222181143802,10.4777818856198
2008,6.56241582581448,1.29010666661397,110.454319371382,24.7021496966657,552.27159685691,208,16,1.29225341296936,89.3371053174519,10.6628946825481
2008,6.53639497672572,1.2852971074274,111.506567343762,24.7732251690448,557.53283671881,209,16,1.27915318506934,89.1435165120012,10.8564834879988
2008,6.50761721772029,1.27998935082702,112.556129688866,24.8436550704697,562.780648444329,210,16,1.26260802184872,88.9422598950514,11.0577401049486
2008,6.47967820614622,1.274270195115,113.603139694767,24.9134591012897,568.015698473834,211,16,1.28930739143471,88.7374844805092,11.2625155194908
2008,6.08119677015659,1.19675458245863,114.639111762611,24.9820872928507,573.195558813053,212,15,1.19842865100606,88.2235410504692,11.7764589495308
2009,2.59295507610721,0.513332192597791,54.5,19.9420239553624,272.5,141,24,0.490889478443439,85.9303879920155,14.0696120079846
2009,2.53617293457877,0.501820576298949,54.9203865341669,19.9885122585238,274.601932670835,142,16,0.453849085400966,85.8489208204306,14.1510791795694
2009,2.54299432794984,0.503088551789611,55.3368234653286,20.0343199063726,276.684117326643,143,16,0.462182523146636,85.7915170623888,14.2084829376112
2009,2.55517476160612,0.505509262781168,55.7529566979691,20.0798547719764,278.764783489846,144,16,0.464153738558012,85.7625620146217,14.2374379853783
2009,2.6344691418167,0.521437933263546,56.1711304362546,20.1253749170245,280.855652181273,145,24,0.510832943752128,85.7654747815884,14.2345252184116
2009,2.60113192420993,0.514535121411097,56.5958258138296,20.1713638677365,282.979129069148,146,16,0.474200332582865,85.8016612650414,14.1983387349586
2009,2.63660969542571,0.521351674529246,57.021178798567,20.21718357247,285.105893992835,147,16,0.491034534397713,85.8735472672715,14.1264527327284
2009,2.68113354636229,0.529784748551565,57.4502589670875,20.2631640466345,287.251294835438,148,16,0.520622165386202,85.9775709924655,14.0224290075345
2009,2.73078582462631,0.539798477239456,57.8823247773101,20.3092232421111,289.411623886551,149,16,0.509044128652224,86.1120857682995,13.8879142317005
2009,2.78745654510866,0.551336909147551,58.3266349756339,20.3563384840857,291.633174878169,150,16,0.489064480832258,86.2717210257211,13.7282789742789
2009,3.02278402036722,0.597639340997599,58.7862734589742,20.4048166504424,293.931367294871,151,17,0.518872746678276,86.7799138579091,13.2200861420909
2009,3.0976327204303,0.612556471719205,59.2870138609341,20.457330104255,296.43506930467,152,17,0.514739232793682,86.9612935769653,13.0387064230347
2009,3.17970009831497,0.628722364435097,59.8035485233219,20.5111770154964,299.01774261661,153,17,0.522139257549003,87.1540281167218,12.8459718832782
2009,3.26739763520305,0.64596686770938,60.3350143067439,20.5662431600187,301.675071533719,154,17,0.531653671713278,87.3541017527109,12.6458982472891
2009,3.36006492886647,0.664117275060708,60.8821141892497,20.6225771771837,304.410570946248,155,17,0.545814316994639,87.5585338005694,12.4414661994306
2009,3.45651346013118,0.68298193445731,61.4449126832207,20.6801606946764,307.224563416103,156,17,0.561897628070788,87.761903875913,12.238096124087
2009,3.55697496400793,0.702376877526555,62.0237812950483,20.7390062216637,310.118906475241,157,17,0.594364336933549,87.9610322395574,12.0389677604426
2009,3.65553408228137,0.722111663103606,62.6162457135179,20.7988388017882,313.081228567589,158,17,0.581979009235075,88.1535806564564,11.8464193435436
2009,3.75498620925451,0.742038524332482,63.2308956393463,20.8604963156613,316.154478196731,159,17,0.569939517928328,88.3364671646033,11.6635328353967
2009,3.85549077651695,0.761991049795721,63.8678402077609,20.923951108809,319.339201038805,160,17,0.569274969518672,88.5080578080436,11.4919421919564
2009,3.95665411127505,0.781801917573555,64.5250145919508,20.9889606511972,322.625072959754,161,17,0.584079016820203,88.6673015045426,11.3326984954574
2009,4.05436848791528,0.80130710509812,65.1994564850266,21.0552002866642,325.997282425133,162,17,0.5780474126746,88.8135117098492,11.1864882901508
2009,4.15157353075731,0.820375755730138,65.8946428761057,21.1229793725373,329.473214380528,163,17,0.590618997467264,88.9456011494498,11.0543988505502
2009,4.24302152150283,0.838856067709891,66.6067508561913,21.1918935067247,333.033754280956,164,17,0.574155223062771,89.0633856958405,10.9366143041595
2009,4.33313927735979,0.856638362544119,67.3404356772086,21.2623607300725,336.702178386043,165,17,0.580917030556832,89.1660121923229,10.8339878076771
2009,4.41907779974846,0.873579760210206,68.0907856936716,21.333877261357,340.453928468358,166,17,0.58850244241364,89.2536080598842,10.7463919401158
2009,4.49707775481096,0.889558928555894,68.8567998564707,21.4063223819191,344.283999282354,167,17,0.566291367862682,89.3259723085085,10.6740276914915
2009,4.57986265334311,0.905386268567164,69.642849237856,21.4800807119785,348.21424618928,168,17,0.598089412349207,89.3944217701309,10.6055782298691
2009,4.66390611600375,0.921843103533327,70.4390884067757,21.5542059863875,352.195442033878,169,17,0.611365004024383,89.4708019787465,10.5291980212535
2009,4.75149708244302,0.93888183064441,71.2494730221873,21.6290508758311,356.247365110936,170,17,0.630692925488215,89.5534739980091,10.446526001991
2009,4.84114012120847,0.956433967524092,72.0735014923223,21.7045499434653,360.367507461612,171,17,0.644645604828964,89.6412459582032,10.3587540417968
2009,4.93568919777093,0.974438795444193,72.9126586109574,21.7808193491316,364.563293054787,172,17,0.685489093389785,89.7328290049497,10.2671709950503
2009,5.03007358425218,0.992807931755589,73.7625466851385,21.8574430199232,368.812733425692,173,17,0.705940811775682,89.8274725548758,10.1725274451242
2009,5.12619608771682,1.01149054222599,74.6272103921326,21.9347699418094,373.136051960663,174,17,0.728115470842262,89.9238186849259,10.0761813150741
2009,5.22450419626255,1.03041700128536,75.5066519196699,22.0127805308056,377.533259598349,175,17,0.760807199781082,90.0209065634669,9.97909343653311
2009,5.32147395929387,1.04950955188275,76.3992040614131,22.0913092551895,381.996020307066,176,17,0.769821397199736,90.1179649455858,9.88203505441419
2009,5.4168821595805,1.06871863619656,77.3093336965957,22.1707287904688,386.546668482979,177,17,0.755933657705719,90.2138282958066,9.78617170419339
2009,5.51825341237496,1.08799390171674,78.2413077963472,22.2513820656398,391.206538981736,178,17,0.802599125813982,90.3074265243269,9.69257347567307
2009,5.61271573543763,1.10721418167721,79.1842070606253,22.3323022579401,395.921035303126,179,17,0.778114660527287,90.3988327322621,9.60116726773795
2009,5.71102633656374,1.12636911972293,80.1508785149759,22.4145683834803,400.754392574879,180,17,0.798434502226444,90.4864671686762,9.51353283132378
2009,5.80538198976318,1.14535033518827,81.1331294400367,22.4974550545598,405.665647200183,181,17,0.786814447145122,90.5702846985046,9.42971530149544
2009,5.89776163957149,1.1641138940717,82.1365553498171,22.5814095104351,410.682776749086,182,17,0.767445461967388,90.6493128659149,9.35068713408509
2009,5.99283458273276,1.18259516761128,83.1623091133046,22.6664964409425,415.811545566523,183,17,0.789387138901061,90.7229247292709,9.27707527072906
2009,6.08367900099502,1.20068839316293,84.2026653658004,22.7520507492564,421.013326829002,184,17,0.789087199944696,90.7910959787813,9.20890402121873
2009,6.17335196276486,1.21834063336021,85.261224866137,22.8383491393459,426.306124330685,185,17,0.799394012621352,90.8530621087265,9.1469378912735
2009,6.26037113967959,1.23547139119133,86.3356298749706,22.9251790621545,431.678149374853,186,17,0.809689095486273,90.9084582694287,9.09154173057133
2009,6.34455333935148,1.25200870170208,87.4253497816129,23.0124807673501,437.126748908065,187,17,0.821743877777402,90.9568009795801,9.04319902041985
2009,6.4252181375085,1.26787877907391,88.5294628974609,23.1001654432495,442.647314487305,188,17,0.832563942174291,90.9976267945306,9.0023732054694
2009,6.50390447927329,1.28300980364979,89.6475101834792,23.1881834484283,448.237550917396,189,17,0.860949577963843,91.0304329752206,8.96956702477942
2009,6.57902776725065,1.29731624102383,90.7755801617198,23.2762184700219,453.877900808599,190,17,0.89613240365622,91.055102762881,8.94489723711897
2009,6.64457668418115,1.310729710903,91.911598059019,23.364106517768,459.557990295095,191,17,0.880199474929754,91.0722255037695,8.92777449623049
2009,6.70801559837422,1.32320409275377,93.0638693269526,23.4524819446727,465.319346634763,192,17,0.891236522962134,91.0795426772834,8.92045732271657
2009,6.76688430022865,1.33464161013056,94.226574623209,23.5408879461085,471.132873116045,193,17,0.909287956450787,91.0767741125765,8.92322588742351
2009,6.81390957789417,1.34495937165988,95.3973936873555,23.629145891807,476.986968436778,194,17,0.866325800216618,91.0633841474184,8.93661585258162
2009,6.86247298949087,1.35412484962682,96.5861570999934,23.717987456904,482.930785499967,195,17,0.895902831029577,91.0380846411067,8.9619153588933
2009,6.53571759279353,1.28973326251566,97.7786604972789,23.8063460952155,488.893302486394,196,16,0.878045962022449,90.7777656505319,9.22223434946805
2009,6.56779416108658,1.29564245365945,98.9093231793668,23.8894316587527,494.546615896834,197,16,0.908318204040846,90.7287868300649,9.27121316993504
2009,6.59303574037463,1.30018404643421,100.040285459924,23.9718796223442,500.201427299622,198,16,0.940411166726653,90.6659838005844,9.33401619941558
2009,6.60898995321648,1.3036255161925,101.169812703655,24.0535770992792,505.849063518273,199,16,0.933021363612769,90.5882025604869,9.4117974395131
2009,6.6182486964784,1.30591189605335,102.30394045497,24.1349701937837,511.51970227485,200,16,0.916888911665632,90.4947461083347,9.50525389166529
2009,6.63355716342082,1.30723999403637,103.443074082893,24.2160919304289,517.215370414466,201,16,1.0202128444554,90.3864189520813,9.61358104791872
2009,6.63164073435452,1.30758380847503,104.564527957784,24.2953486808368,522.82263978892,202,16,0.98727761180819,90.2652703543969,9.7347296456031
2009,6.62612455676666,1.30708560116207,105.692106072555,24.3744431764187,528.460530362773,203,16,0.962689600930084,90.1306194705255,9.86938052947454
2009,6.62175922858894,1.30578974168325,106.823414387376,24.4532104779533,534.11707193688,204,16,0.995879893374207,89.9833104710608,10.0166895289392
2009,6.60901936350704,1.30370918179613,107.947122725434,24.5308751593637,539.735613627171,205,16,0.979708255138135,89.8247190585126,10.1752809414874
2009,6.59588734342963,1.30092535259337,109.071424626306,24.6080189650768,545.357123131532,206,16,0.999265211393055,89.6550842294833,10.3449157705167
2009,6.57685909911132,1.29746591591363,110.189091198582,24.6841600962106,550.945455992909,207,16,0.990647072550967,89.4755740175381,10.5244259824619
2009,6.55412664236168,1.29339912460652,111.304573970786,24.7596176284055,556.522869853931,208,16,0.974866962687519,89.2866906655022,10.7133093344978
2009,6.52872915638743,1.28878071959442,112.418559730164,24.8344497041756,562.092798650819,209,16,0.960538120608163,89.0891902573713,10.9108097426287
2009,6.50461102262553,1.28366243543401,113.530220239694,24.9086121311843,567.651101198469,210,16,0.98892812987053,88.8839589967037,11.1160410032963
2009,6.47689425127732,1.27808478270132,114.631262557488,24.9815689489286,573.156312787439,211,16,1.00321081849806,88.6736094007901,11.3263905992099
2009,6.0854751553525,1.20046919364141,115.723784166794,25.053480002359,578.618920833971,212,15,1.00775621034152,88.155616588315,11.844383411685
2010,2.53665759873946,0.501470051666941,54.5,19.9420239553624,272.5,141,16,0.482344824929543,85.928341207603,14.071658792397
2010,2.53853050970773,0.501821323770032,54.9108359693961,19.9874588706357,274.554179846981,142,16,0.486608722935876,85.8490651874913,14.1509348125087
2010,2.5458413781427,0.503093655562771,55.3211925170861,20.0326048653243,276.60596258543,143,16,0.502313743844287,85.7930473403503,14.2069526596497
2010,2.55880259874238,0.505516708981064,55.7298689649147,20.0773346433976,278.649344824574,144,16,0.515749257056851,85.7657001416615,14.2342998583385
2010,2.57747299184198,0.509283124133826,56.1384492424787,20.1218259426581,280.692246212394,145,16,0.5127650092029,85.7705522221702,14.2294477778298
2010,2.60536971847316,0.514523570001856,56.5513590879292,20.1665600002102,282.756795439646,146,16,0.536631502411864,85.8098258518687,14.1901741481313
2010,2.63990664273045,0.521339657323283,56.9650735542307,20.2111534941511,284.825367771154,147,16,0.540027120183047,85.8828278595463,14.1171721404537
2010,2.6824347264141,0.529756731974581,57.3850148001635,20.2561879100734,286.925074000817,148,16,0.541681522307448,85.9882024633322,14.0117975366678
2010,2.73221450934813,0.539754587454458,57.8131292225257,20.3018629912962,289.065646112629,149,16,0.532253244009882,86.1230474757343,13.8769525242657
2010,2.78877824765357,0.551273981095564,58.253083607182,20.3485563178446,291.26541803591,150,16,0.510699727429632,86.2830068499219,13.7169931500781
2010,3.02340718980131,0.597553914508948,58.7086596825325,20.3966492930268,293.543298412662,151,17,0.532137855466317,86.7903551500716,13.2096448499284
2010,3.1002649286183,0.612449742894313,59.2068720266818,20.44894633329,296.034360133409,152,17,0.555400342611571,86.9717209413144,13.0282790586856
2010,3.18204372636565,0.628581529442169,59.7158012642513,20.5020525919203,298.579006321257,153,17,0.560675835415699,87.1651225415507,12.8348774584494
2010,3.2689991322914,0.645792580244166,60.2400288640437,20.5564264250283,301.200144320219,154,17,0.562266225532032,87.3665760807761,12.6334239192239
2010,3.3613770128672,0.663906546111777,60.7813269947686,20.6122258667043,303.906634973843,155,17,0.574950684772517,87.5712495318341,12.4287504681659
2010,3.45728164492877,0.682733337988212,61.3385611419602,20.6693074408949,306.692805709801,156,17,0.58646864972506,87.7748017107789,12.2251982892211
2010,3.55709804274425,0.702091336964292,61.9126697496965,20.7277408307805,309.563348748483,157,17,0.613591922354207,87.9740000829838,12.0259999170162
2010,3.65500185144724,0.721791408873049,62.5013138833791,20.7872628571973,312.506569416895,158,17,0.594324258555739,88.1665099877134,11.8334900122866
2010,3.75210702179143,0.741687729847613,63.113388981788,20.8487412435606,315.56694490894,159,17,0.556619265559491,88.3492319383121,11.6507680616879
2010,3.85798477460678,0.761627423940357,63.7524224808217,20.9124855892899,318.762112404108,160,17,0.618702710487624,88.520192303052,11.4798076969479
2010,3.95625883242848,0.781383231074001,64.4002108574932,20.9766503291372,322.001054287466,161,17,0.602642096698981,88.6800146052369,11.3199853947631
2010,4.05737946921936,0.800854527435172,65.0708619217885,21.042607472283,325.354309608943,162,17,0.636897514804783,88.8262350817928,11.1737649182072
2010,4.15778725702264,0.819859808352861,65.754881403335,21.1093931143919,328.774407016675,163,17,0.692081703516543,88.9590536542335,11.0409463457665
2010,4.25167526206939,0.838243244222038,66.4479406350231,21.1765693278278,332.239703175116,164,17,0.706072866483811,89.0782831793992,10.9217168206008
2010,4.34224259160341,0.855903524069452,67.156973930389,21.2447904004844,335.784869651945,165,17,0.724441030123019,89.1828194601643,10.8171805398357
2010,4.43114041918703,0.872711994114831,67.8804413394153,21.3138847908375,339.402206697077,166,17,0.777230324676165,89.2724685016792,10.7275314983208
2010,4.51155488342892,0.888520745339517,68.6111243011047,21.3831492904387,343.055621505523,167,17,0.78581768217346,89.3475757144489,10.6524242855511
2010,4.59113710493624,0.904150797437871,69.3561661287696,21.4532475681517,346.780830643848,168,17,0.795482412737359,89.419166169702,10.580833830298
2010,4.67392998462563,0.920423743924953,70.1151844033171,21.5241232129829,350.575922016586,169,17,0.804520377246933,89.4982396896309,10.5017603103691
2010,4.75864406746543,0.937278511961955,70.8889460795628,21.5958272575543,354.444730397814,170,17,0.800403605668149,89.5834424795786,10.4165575204214
2010,4.84706751531472,0.954662985692953,71.6804657667631,21.6686147205762,358.402328833816,171,17,0.80956588482328,89.6733025767749,10.3266974232251
2010,4.93947914118325,0.972501823592298,72.4878288700045,21.7422842846589,362.439144350022,172,17,0.840174025559817,89.7668264062467,10.2331735937533
2010,5.02873691573426,0.990711184623748,73.3075431640029,21.8164980927965,366.537715820014,173,17,0.807600526451818,89.8632008494545,10.1367991505455
2010,5.1200995478376,1.00927770357937,74.1516135082025,21.8923150372706,370.758067541013,174,17,0.781154468767609,89.9604646382904,10.0395353617096
2010,5.2156639540255,1.02812912996891,75.019234474135,21.969623031347,375.096172370675,175,17,0.787680816483438,90.0577634891811,9.94223651081894
2010,5.3138017152303,1.04716942706711,75.9046509523873,22.0478768572671,379.523254761937,176,17,0.812813949479672,90.154670605027,9.84532939497299
2010,5.41080403410919,1.06631367138875,76.8046552726611,22.1267706454061,384.023276363306,177,17,0.818899184783588,90.2506022821212,9.74939771787876
2010,5.51178223508527,1.08550847692476,77.7228289127195,22.2065959345108,388.614144563598,178,17,0.868342693808055,90.3445276087306,9.65547239126942
2010,5.60409790265677,1.10464671257755,78.651294241786,22.2866504056025,393.25647120893,179,17,0.821097717192897,90.4362950085696,9.56370499143037
2010,5.70177320072374,1.12374101538547,79.6076553459193,22.3684244181514,398.038276729596,180,17,0.83803831908334,90.5239934006937,9.4760065993063
2010,5.79555987980455,1.14266610247142,80.5801455160637,22.4508784285371,402.900727580319,181,17,0.821976007088764,90.6078394602953,9.3921605397047
2010,5.89149236276183,1.16137941305168,81.5745861886912,22.5344794217391,407.872930943456,182,17,0.841082294928508,90.6868487937815,9.31315120621849
2010,5.98140935283474,1.17978011103036,82.5843711435961,22.618646677785,412.921855717981,183,17,0.813547394712586,90.7609115727906,9.23908842720939
2010,6.0737885648064,1.19783653769383,83.6176238669658,22.7040307818385,418.088119334829,184,17,0.830350188378225,90.828953574731,9.17104642526902
2010,6.16342172424398,1.21543984983922,84.6659672845665,22.7899136533337,423.329836422832,185,17,0.842629278295126,90.8910063027033,9.10899369729666
2010,6.25220742196084,1.23252225823289,85.7297549904633,22.8763074457441,428.648774952317,186,17,0.873738722065966,90.9465268300056,9.05347316999445
2010,6.33238353716478,1.24899620961029,86.8050493273483,22.962879698259,434.025246636741,187,17,0.847676973121688,90.9952453751071,9.00475462489291
2010,6.41504710937778,1.26483685367651,87.9015604784878,23.0503938095238,439.507802392439,188,17,0.880423795671477,91.0360366838151,8.96396331618486
2010,6.4916737558949,1.27992275610095,89.0080216275373,23.137934155067,445.040108137687,189,17,0.890624008124578,91.0690739368359,8.93092606316409
2010,6.56457584089436,1.2942086959102,90.1277322760935,23.2257540080207,450.638661380468,190,17,0.90437136192235,91.094535370411,8.90546462958903
2010,6.63344289194914,1.30761393096616,91.2592353678743,23.3137296411974,456.296176839372,191,17,0.922749723095978,91.1115502831771,8.88844971682293
2010,6.70241239739357,1.32005502279284,92.4007948386059,23.40172009625,462.003974193029,192,17,0.995824562460012,91.1191585903299,8.88084140967013
2010,6.75231771785619,1.33141257363898,93.541488899407,23.4888902703959,467.707444497035,193,17,0.922267535690873,91.1173717027208,8.88262829727917
2010,6.81149550457402,1.34172541232221,94.7068283698393,23.5771820783694,473.534141849197,194,17,1.00553236164937,91.1040257708544,8.89597422914559
2010,6.84700506103178,1.35079123295288,95.8672993824165,23.6643557458648,479.336496912083,195,17,0.904503502840711,91.0801264223871,8.9198735776129
2010,6.52674693548959,1.2866225766478,97.0550241150789,23.752818412791,485.275120575394,196,16,0.944078018025581,90.8202678632848,9.17973213671518
2010,6.5566479381816,1.29249638955206,98.1707237081264,23.8352319293979,490.853618540632,197,16,0.954086550941601,90.7719890860585,9.22801091394156
2010,6.57695281174874,1.29703008034132,99.290343481565,23.9172813655954,496.451717407825,198,16,0.933662451216323,90.7097274664819,9.29027253351812
2010,6.60009995309815,1.30049191702462,100.418047220862,23.999273945183,502.090236104311,199,16,1.0046487225426,90.6319783257916,9.36802167420842
2010,6.61466507929646,1.30274359590673,101.536117364761,24.0799349522741,507.680586823803,200,16,1.05082460261541,90.5394258005163,9.46057419948373
2010,6.62202684495276,1.30399530671713,102.647796544079,24.1595234538102,513.238982720393,201,16,1.07251182204478,90.4327101005293,9.56728989947072
2010,6.6210750962106,1.30431707004615,103.756538506622,24.2383055268645,518.782692533109,202,16,1.05055733746235,90.3123508661291,9.68764913387094
2010,6.61647089868336,1.30378952661546,104.869405253575,24.3167928451878,524.347026267876,203,16,1.0367626935562,90.178642247275,9.82135775272496
2010,6.61353165521637,1.30245724668322,105.984030050955,24.3948244075089,529.920150254773,204,16,1.09252376236035,90.032424847533,9.96757515246703
2010,6.60118867664347,1.30032504770966,107.086830454842,24.4714672885694,535.434152274212,205,16,1.08291994004983,89.8752066221408,10.1247933778592
2010,6.59537132992975,1.29748551505333,108.188995333054,24.5475183237487,540.944976665269,206,16,1.20532765901019,89.7070479023308,10.2929520976692
2010,6.57886471133931,1.29390486650496,109.265423166021,24.6212740094939,546.327115830105,207,16,1.23913854477623,89.5301814090278,10.4698185909722
2010,6.55899680019103,1.28969137817773,110.331693228506,24.6938360938997,551.658466142532,208,16,1.27174518093499,89.3444552944595,10.6555447055405
2010,6.53598804143811,1.28489780688701,111.387370578878,24.7651974071541,556.936852894389,209,16,1.30229561784791,89.150697797092,10.849302202908
2010,6.50981452519388,1.27957868773445,112.43223477644,24.8353651085419,562.1611738822,210,16,1.32594468573477,88.949764033031,11.0502359669689
2010,6.48307226415009,1.2738236653645,113.467029645179,24.9044100851325,567.335148225897,211,16,1.37618775373651,88.7457719858701,11.2542280141299
2010,6.08856306822403,1.19629007827441,114.486319056645,24.9719927556744,572.431595283224,212,15,1.35115322796518,88.2331605075711,11.7668394924289
2011,2.59419935236087,0.513325028943873,54.5,19.9420239553624,272.5,141,24,0.509464056000593,85.928341207603,14.071658792397
2011,2.59616256321992,0.513753474202502,54.9169204739062,19.9881299811387,274.584602369531,142,24,0.509522563111028,85.8477528535256,14.1522471464743
2011,2.60282386574328,0.515102635366854,55.334220645785,20.0340343462125,276.671103228925,143,24,0.510232830773695,85.7902969951398,14.2097030048602
2011,2.61588370533261,0.517603200294295,55.7527097326711,20.0798278184665,278.763548663356,144,24,0.519537338976053,85.7610014542258,14.2389985457742
2011,2.63527092409175,0.521449710547512,56.1719485404273,20.1254637395831,280.859742702137,145,24,0.521782316225403,85.7638668297029,14.2361331702971
2011,2.66022474905263,0.526773790321208,56.5946143971809,20.1712330297958,282.973071985904,146,24,0.496634549155233,85.8014868340335,14.1985131659665
2011,2.63515283708403,0.521378261262385,57.0272991078488,20.2178411207541,285.136495539244,147,16,0.469265321032595,85.8712850075861,14.1287149924139
2011,2.67953482275085,0.529822358979669,57.4604417249386,20.2642523248174,287.302208624693,148,16,0.495170212469581,85.9747838389621,14.025216161038
2011,2.78842825656209,0.552296456829305,57.8972781422657,20.3108130082632,289.486390711329,149,24,0.496115646245536,86.1087276433551,13.8912723566449
2011,2.84891061957823,0.563935949584114,58.3557024643648,20.3594121092693,291.778512321824,150,24,0.522258525114408,86.2663350518487,13.7336649481513
2011,3.02234627942513,0.597744322873314,58.8209928343355,20.4084677642063,294.104964171678,151,17,0.506748011082824,86.7732348804245,13.2267651195755
2011,3.10012094291285,0.612680274631992,59.3240704868734,20.4612039893702,296.620352434367,152,17,0.538838389803512,86.9546961802936,13.0453038197064
2011,3.18165355427907,0.628850409343765,59.8362827971613,20.5145785084592,299.181413985806,153,17,0.538773229978857,87.1484347755708,12.8515652244292
2011,3.26977814848505,0.646102841187197,60.3648123249434,20.5693205621921,301.824061624717,154,17,0.553019060372985,87.3500816261631,12.6499183738369
2011,3.36377418187184,0.664252514465507,60.9081150874577,20.6252456513294,304.540575437289,155,17,0.584302124459528,87.5552323359577,12.4447676640423
2011,3.46080231070932,0.683104108525147,61.4639577382896,20.6821028741792,307.319788691448,156,17,0.608844067772543,87.7596329490329,12.2403670509671
2011,3.55987149396014,0.702476788599723,62.0342947309081,20.7400714305472,310.17147365454,157,17,0.625337355429212,87.9598813275747,12.0401186724253
2011,3.65920208150054,0.722194626361399,62.621143793045,20.7993318076896,313.105718965225,158,17,0.622318366063317,88.1531290109662,11.8468709890338
2011,3.75859269222201,0.742095451012646,63.2284594187211,20.8602527568698,316.142297093605,159,17,0.609153743773226,88.3368412328079,11.6631587671921
2011,3.86230560307523,0.762019498210046,63.8582824535063,20.9230021965955,319.291412267532,160,17,0.648439218126248,88.509173281671,11.490826718329
2011,3.96036850596887,0.78177088847318,64.5009870149072,20.9865919230211,322.504935074536,161,17,0.628578401805663,88.6698482727691,11.3301517272309
2011,4.06188332583156,0.801237485476305,65.1672720728468,21.0520502053383,325.836360364234,162,17,0.668763349458483,88.8167865054463,11.1832134945537
2011,4.15127458147503,0.820230914539014,65.8458184739089,21.1182354211277,329.229092369544,163,17,0.594936300614996,88.9503748341775,11.0496251658225
2011,4.24624282399628,0.838698394232927,66.5570035707225,21.1870959509575,332.785017853612,164,17,0.616238647917854,89.0681245305555,10.9318754694445
2011,4.3391044322317,0.856438812536811,67.2829163619751,21.2568556372883,336.414581809875,165,17,0.655340448791426,89.1713459094577,10.8286540905423
2011,4.42418183525663,0.873312060296699,68.0195752075731,21.3271137877258,340.097876037865,166,17,0.656438560774098,89.2600460820159,10.7399539179841
2011,4.50523023494338,0.889226960439681,68.7730235837895,21.3984267563212,343.865117918947,167,17,0.666945281049215,89.3333821015651,10.6666178984349
2011,4.58371250073991,0.90496300151609,69.5405734617804,21.470516688988,347.702867308902,168,17,0.659253458755854,89.4032808878529,10.5967191121471
2011,4.66748173451538,0.921358022926847,70.3253508019305,21.5436535444512,351.626754009652,169,17,0.673048427383222,89.4804576548138,10.5195423451862
2011,4.75299082393136,0.938333158466015,71.1241150456165,21.6175120849464,355.620575228082,170,17,0.673945500614169,89.5639043807365,10.4360956192635
2011,4.84207703876453,0.955835500612656,71.9397931359033,21.6923403628074,359.698965679517,171,17,0.684693953791485,89.6521505200887,10.3478494799113
2011,4.93244868060659,0.973792341054849,72.7711295340621,21.7679990839405,363.85564767031,172,17,0.684767353133299,89.7441427528799,10.2558572471201
2011,5.02495332530243,0.992146499016035,73.6205156078857,21.8446808497601,368.102578039428,173,17,0.686376592262401,89.8386013394386,10.1613986605614
2011,5.12040838530453,1.01082979348046,74.4880699725364,21.9223689154756,372.440349862682,174,17,0.701363911589399,89.9345039370317,10.0654960629683
2011,5.21420245658549,1.02976320506651,75.3717062080321,22.0008514903343,376.858531040161,175,17,0.686718181628364,90.0310628079779,9.96893719202208
2011,5.3138409972357,1.04890274610787,76.2770177963413,22.0805969417642,381.385088981707,176,17,0.720679329484462,90.1269726019263,9.87302739807371
2011,5.41134385561793,1.06813858457927,77.1954511642186,22.1608269873568,385.977255821093,177,17,0.728176398926121,90.2220521321036,9.77794786789635
2011,5.51040913328657,1.08742290920852,78.1318709447527,22.2419461870574,390.659354723763,178,17,0.749177199659723,90.3151698744962,9.6848301255038
2011,5.60723873005135,1.10667418066299,79.0838876657664,22.3237248172266,395.419438328832,179,17,0.749187089198084,90.4057828259531,9.59421717404691
2011,5.70507646087411,1.12583957256407,80.0552511084717,22.4064611779313,400.276255542359,180,17,0.763954607792473,90.4929575350458,9.5070424649542
2011,5.80385847861382,1.14483599926201,81.0432099355306,22.4898964271472,405.216049677653,181,17,0.797256719377544,90.5762618933053,9.42373810669472
2011,5.89934871724709,1.16357696998452,82.044244584611,22.5737160249389,410.221222923055,182,17,0.810180400986369,90.6553372418023,9.3446627581977
2011,5.99166370643281,1.18200860225074,83.0617708438244,22.6581891699785,415.308854219122,183,17,0.806704936012684,90.7293810496491,9.27061895035087
2011,6.08309492409119,1.20007347281898,84.0984317555325,22.7435123592397,420.492158777663,184,17,0.813436661141858,90.7976780656567,9.20232193434329
2011,6.1728461453964,1.21769162479373,85.1520071866408,22.8294799053614,425.760035933204,185,17,0.826189687361265,90.8598507414026,9.14014925859742
2011,6.2610520701557,1.23478642746389,86.2209548365388,22.9159474243419,431.104774182694,186,17,0.850322482522976,90.9154798842028,9.08452011579718
2011,6.34167901711543,1.25127661563554,87.302687533765,23.0026918310871,436.513437668825,187,17,0.828997776772281,90.9642098016886,9.03579019831136
2011,6.42567161624928,1.26712722344366,88.4047787381151,23.090301788257,442.023893690576,188,17,0.874302522248303,91.0050491565271,8.9949508434729
2011,6.49896725212637,1.28221099288266,89.5145730389147,23.1777582228833,447.572865194574,189,17,0.851081683371015,91.0382513046885,8.96174869531147
2011,6.57264753141473,1.29651974548286,90.6436337246426,23.2659608352574,453.218168623213,190,17,0.871317907723372,91.0634934405092,8.93650655949084
2011,6.64287564342902,1.30994044078291,91.7833433005275,23.3542221314211,458.916716502638,191,17,0.90246746755481,91.0803404676997,8.91965953230027
2011,6.70963653073063,1.32238477241465,92.9308257478013,23.4423170199188,464.654128739006,192,17,0.949971723456702,91.0878939988931,8.91210600110688
2011,6.77421203852217,1.33376409457959,94.0821136861212,23.529945407334,470.410568430606,193,17,1.03570650148956,91.0857524557383,8.91424754426165
2011,6.8274911778178,1.34397179728729,95.2291209264726,23.6165078863485,476.145604632363,194,17,1.06279637609876,91.0737071479481,8.92629285205186
2011,6.86421857218395,1.35297590409888,96.3813143783535,23.7027332093755,481.906571891768,195,17,0.971990939465118,91.0504793983322,8.94952060166783
2011,6.53880412611524,1.28860838911522,97.5589593893669,23.7901239857801,487.794796946834,196,16,0.97006570042564,90.7905565941707,9.20944340582925
2011,6.57246377867628,1.29444603873669,98.6718469442157,23.872036094645,493.359234721079,197,16,1.02564011145231,90.7425586269324,9.25744137306759
2011,6.59771021338981,1.29891072473307,99.7802919183392,23.9529836382139,498.901459591696,198,16,1.06609194420578,90.6810296284924,9.31897037150761
2011,6.61700736285568,1.30226202418166,100.885633104147,24.0330827907514,504.428165520737,199,16,1.10410129213841,90.6046288627013,9.39537113729874
2011,6.62330474416645,1.30442808769216,101.987165882836,24.1122997525507,509.935829414182,200,16,1.05569822492703,90.5130529503971,9.48694704960293
2011,6.63352170203848,1.30566002546294,103.099569460267,24.1916955997087,515.497847301333,201,16,1.11436280205,90.4062784065604,9.59372159343963
2011,6.63883933818575,1.30593788832864,104.202209797422,24.2698075545723,521.011048987112,202,16,1.17533526129252,90.2862365473792,9.71376345262084
2011,6.63578392923259,1.3053126746092,105.293642243678,24.3465602382038,526.468211218391,203,16,1.18711856807464,90.1537264336858,9.84627356631423
2011,6.63513153670342,1.30386826050992,106.382026874976,24.4225483780123,531.91013437488,204,16,1.29225243685457,90.0089800011871,9.99101999881293
2011,6.62398031712511,1.30159409214073,107.449170368259,24.496529233211,537.245851841296,205,16,1.30922427632512,89.8537848638872,10.1462151361128
2011,6.61235374468213,1.29859856958242,108.510602943238,24.5696079063342,542.553014716191,206,16,1.37577660660866,89.6879557241489,10.3120442758512
2011,6.59455672269569,1.29490016505376,109.556309765401,24.6411182760587,547.781548827004,207,16,1.40330707888795,89.5128338925253,10.4871661074747
2011,6.57198177027419,1.29057513653635,110.592858284892,24.7115343913758,552.96429142446,208,16,1.40533674544753,89.3288036141227,10.6711963858773
2011,6.54742735012183,1.28569127020354,111.624389673187,24.7811544885409,558.121948365934,209,16,1.42134246231914,89.1364196486207,10.8635803513793
2011,6.51807879435605,1.28029253289321,112.647708988731,24.8497786677111,563.238544943654,210,16,1.40153998143605,88.9367142317825,11.0632857682175
2011,6.48617794741516,1.27448606915628,113.669015463143,24.9178360122254,568.345077315717,211,16,1.37394065428709,88.7334742195892,11.2665257804108
2011,6.09001225865738,1.19690715309702,114.689353728907,24.9854045739912,573.446768644533,212,15,1.32494739506993,88.2203785889127,11.7796214110873
2012,2.53474695315595,0.501470051666941,54.5,19.9420239553624,272.5,141,16,0.455747515379927,85.928341207603,14.071658792397
2012,2.5372677540578,0.501819334417183,54.9157733021894,19.9880034540131,274.578866510947,142,16,0.468890602669421,85.8480002748013,14.1519997251987
2012,2.54271946388056,0.50309169973517,55.3294209078088,20.0335077335056,276.647104539044,143,16,0.458177099670786,85.7913102165939,14.2086897834061
2012,2.61554112817251,0.517602258775838,55.7463002756818,20.0791282685617,278.731501378409,144,24,0.51446759033664,85.7623198596411,14.2376801403589
2012,2.6345103913858,0.521447773395947,56.166484538723,20.124870489216,280.832422693615,145,24,0.510679017388048,85.764957100681,14.235042899319
2012,2.66222548016727,0.526771825843227,56.5912189672782,20.1708662991098,282.956094836391,146,24,0.525646849852936,85.8021412756187,14.1978587243813
2012,2.63531336602386,0.521372794805581,57.0185013760137,20.2168959024872,285.092506880068,147,16,0.471735533879896,85.8729164738676,14.1270835261324
2012,2.67816272715775,0.529814292635727,57.4511820885684,20.2632627104156,287.255910442842,148,16,0.476928474532137,85.9764304926306,14.0235695073694
2012,2.72914526959493,0.539842750704382,57.8913924696088,20.3101873074622,289.456962348044,149,16,0.483594672317701,86.1097287440821,13.8902712559179
2012,2.78753934413148,0.551395111504937,58.3404644123683,20.3578009555911,291.702322061841,150,16,0.486374056961692,86.2688093472406,13.7311906527593
2012,3.07603424722898,0.608724571062812,58.800657483514,20.4063294668063,294.00328741757,151,24,0.53935713061072,86.7763323832343,13.2236676167657
2012,3.09736119751675,0.612648555849841,59.3079509926511,20.4595190710917,296.539754963256,152,17,0.505748165825806,86.957036344729,13.042963655271
2012,3.17935057047518,0.628827968543774,59.8262294705776,20.5135339824151,299.131147352888,153,17,0.511489749124607,87.1498263414167,12.8501736585833
2012,3.26838076901463,0.646090266182224,60.3597551446026,20.5687983544906,301.798775723013,154,17,0.536246605649833,87.350749645649,12.649250354351
2012,3.36058360902826,0.664247106110315,60.9061329467871,20.6250422520414,304.530664733935,155,17,0.544299679571434,87.5554825657822,12.4445174342178
2012,3.45663159117716,0.683120013853194,61.4693379821195,20.6826514655135,307.346689910597,156,17,0.555009881226691,87.7589825798863,12.2410174201137
2012,3.55544335676845,0.702525303823871,62.0496076394711,20.7416226912568,310.248038197356,157,17,0.566481602244703,87.9581049974877,12.0418950025123
2012,3.655487913425,0.722282746008473,62.6473421393317,20.8019682909545,313.236710696658,158,17,0.571367321101881,88.1502056448128,11.8497943551872
2012,3.75711561426995,0.742221688594883,63.2641049870593,20.8638157359021,316.320524935297,159,17,0.584100141346835,88.3330056603959,11.6669943396041
2012,3.85799035784867,0.762168899770529,63.8986431077694,20.9270086066152,319.493215538847,160,17,0.587571504101088,88.5049748584498,11.4950251415502
2012,3.95853614426201,0.781969525201745,64.5526579024038,20.9916850714874,322.763289512019,161,17,0.595893804367047,88.6646390531332,11.3353609468668
2012,4.05728791443331,0.801467079524298,65.2251130567543,21.057710672871,326.125565283772,162,17,0.601343129397241,88.8111213559427,11.1888786440573
2012,4.1530787120131,0.820518009276092,65.9162240062318,21.1250754906425,329.581120031159,163,17,0.599252754315203,88.9436595971792,11.0563404028207
2012,4.24762221416332,0.838989850913198,66.6269061084526,21.1938365390265,333.134530542263,164,17,0.615706884223452,89.0616176433623,10.9383823566377
2012,4.33796112287019,0.856737226906476,67.353200575435,21.2635819961394,336.766002877175,165,17,0.626317492283497,89.1649471726857,10.8350528273143
2012,4.42293854794038,0.873638844631628,68.0954347614523,21.3343186519281,340.477173807262,166,17,0.62536243105316,89.2532777335143,10.7467222664857
2012,4.5044055607515,0.889583394354658,68.8548490349183,21.4061385998572,344.274245174591,167,17,0.638834296793693,89.3262138723985,10.6737861276015
2012,4.58501832961756,0.905346818368717,69.6278554099974,21.4786792202287,348.139277049987,168,17,0.653031132264645,89.3957681769172,10.6042318230828
2012,4.66807553826913,0.921752015194521,70.4141375188705,21.551892089595,352.070687594352,169,17,0.658648765180777,89.4729517061521,10.5270482938479
2012,4.75413339140167,0.938743960605676,71.2158995282091,21.6259619339668,356.079497641045,170,17,0.664683466185974,89.5562854027528,10.4437145972472
2012,4.84283085606057,0.956258968867327,72.0336575246214,21.7009132433683,360.168287623107,171,17,0.670728681462521,89.64450124162,10.35549875838
2012,4.93270497391097,0.974232271685985,72.8679366430073,21.7767701317093,364.339683215037,172,17,0.66515508576557,89.7363984982334,10.2636015017666
2012,5.02616634876679,0.992607461572114,73.7212952303432,21.8537381459495,368.606476151716,173,17,0.675674657226895,89.8306875048247,10.1693124951753
2012,5.12325864677999,1.01130432939545,74.5912312648165,21.9315648126057,372.956156324082,174,17,0.70678050470842,89.9265516002032,10.0734483997968
2012,5.22173422612562,1.03023766370619,75.4743527998778,22.0099266805037,377.371763999389,175,17,0.740366933593791,90.02329425531,9.97670574468995
2012,5.31795436968955,1.04933627470543,76.3704394789513,22.0887884821451,381.852197394756,176,17,0.741284619614493,90.1200298119456,9.8799701880544
2012,5.41457691134473,1.06855808221885,77.2855730031066,22.1686636969101,386.427865015533,177,17,0.740202978542765,90.2154739663409,9.78452603365911
2012,5.51194954532883,1.08783508725464,78.2202325844784,22.2495656314407,391.101162922392,178,17,0.744260467843325,90.3088334952704,9.69116650472956
2012,5.60879127960639,1.10709287686834,79.1735391791406,22.3313904999916,395.867695895703,179,17,0.744163272842402,90.3994649054129,9.60053509458713
2012,5.70263924504522,1.12626450643906,80.1462162198242,22.4141732746635,400.731081099121,180,17,0.719643138942905,90.4866554730834,9.51334452691663
2012,5.79843860567405,1.14529971175665,81.1425480920465,22.4982464479303,405.712740460232,181,17,0.721382180703381,90.5694935110374,9.43050648896257
2012,5.89391614571324,1.1641055898865,82.1576715791018,22.5831685600353,410.788357895509,182,17,0.731162874536983,90.6477332888273,9.35226671117275
2012,5.98746846097179,1.18260428844353,83.1899122866335,22.6687760097289,415.949561433167,183,17,0.737594472283336,90.7209248246779,9.27907517532206
2012,6.08009465049758,1.20072724069566,84.2395531883483,22.7550706835821,421.197765941742,184,17,0.753216461787845,90.7885059472991,9.21149405270088
2012,6.17031202673878,1.21839534193516,85.3045690286424,22.8418667915083,426.522845143212,185,17,0.767959486588824,90.8500792959119,9.14992070408812
2012,6.2580621216228,1.2355376064817,86.3846517837691,22.9291228453933,431.923258918846,186,17,0.78465850745225,90.9051414313146,9.0948585686854
2012,6.34306580408913,1.25208045631887,87.4789145948964,23.0167524502856,437.394572974482,187,17,0.804256446971028,90.9532279356525,9.04677206434746
2012,6.425046072932,1.26794922247008,88.586226051737,23.1046527197088,442.931130258685,188,17,0.82784105382126,90.9938845019126,9.00611549808743
2012,6.50351688785956,1.28306795313005,89.7051816562855,23.1927028221923,448.525908281428,189,17,0.854608491401187,91.0266619810484,8.9733380189516
2012,6.5768095025668,1.29737041358879,90.834440338891,23.2807909615272,454.172201694455,190,17,0.871317422486228,91.0520211850617,8.94797881493834
2012,6.64636240216909,1.31078699956695,91.9749754153113,23.3689873593088,459.874877076556,191,17,0.89577485119946,91.0689374877807,8.93106251221929
2012,6.7113675826651,1.32323188026032,93.1244862751735,23.4571099012972,465.622431375868,192,17,0.924509108462552,91.0764789392371,8.92352106076292
2012,6.77327317520114,1.33462580361854,94.2812049345316,23.5450230025863,471.406024672658,193,17,0.977782605903045,91.0741167293723,8.9258832706277
2012,6.82546919404529,1.34487267830141,95.439600434784,23.6323133618163,477.19800217392,194,17,0.989732909436539,91.0614975513587,8.93850244864132
2012,6.87012016861914,1.3539261910447,96.605992373195,23.7194633541301,483.029961865975,195,17,0.985495292261969,91.0375295392883,8.96247046071166
2012,6.54310454294024,1.28948351872345,97.7821057286931,23.8066002789674,488.910528643465,196,16,0.970309366410217,90.7774090755705,9.22259092442951
2012,6.57374224595753,1.29531319028199,98.8957929383808,23.8884413265895,494.478964691904,197,16,0.991303555798737,90.7294152260465,9.27058477395355
2012,6.5974255241152,1.29979348266657,100.011348518977,23.969778217999,500.056742594886,198,16,1.01134390569336,90.6675047464136,9.3324952535864
2012,6.6171182263233,1.30317372859749,101.127568873172,24.0505331228761,505.637844365862,199,16,1.05058106968101,90.5904868853704,9.40951311462956
2012,6.63077642508607,1.30536739999978,102.239812958956,24.130384768315,511.199064794781,200,16,1.0909525187539,90.4982899741506,9.50171002584945
2012,6.63864429743476,1.30656644802431,103.34664360673,24.2092489681444,516.73321803365,201,16,1.1231582662416,90.3918319952769,9.6081680047231
2012,6.64106848219772,1.30682984914498,104.448532471926,24.2871784586629,522.242662359631,202,16,1.14709671011839,90.2718121257244,9.72818787427564
2012,6.64488613209144,1.30621508597546,105.546040732661,24.3642306156101,527.730203663307,203,16,1.25226160170091,90.1389118958698,9.86108810413019
2012,6.63517645894737,1.30471995228967,106.623198109019,24.4393129119381,533.115990545095,204,16,1.23282796184414,89.9947815432402,10.0052184567598
2012,6.62145412176993,1.30247706815544,107.702216333285,24.5139967380538,538.511081666427,205,16,1.21062634211893,89.8388330591038,10.1611669408962
2012,6.60559204555972,1.29953744197091,108.78284218565,24.5882709943319,543.914210928249,206,16,1.20787043709307,89.6718031628581,10.3281968371419
2012,6.59008112724474,1.29593822042539,109.86075414496,24.6618481626049,549.303770724802,207,16,1.25731448627704,89.4946879397653,10.5053120602347
2012,6.56913056247635,1.29169716876988,110.925578248374,24.7340395854038,554.627891241868,208,16,1.27639893944619,89.3088748410785,10.6911251589215
2012,6.54647856338734,1.28688536591891,111.982295162368,24.8052054366719,559.911475811839,209,16,1.31379685605034,89.1148715479909,10.8851284520091
2012,6.52255529952673,1.28154456268575,113.026898101317,24.875096895359,565.134490506583,210,16,1.37478969942903,88.9137626251888,11.0862373748112
2012,6.49793913796679,1.27574585832544,114.054410400377,24.9434070194177,570.272052001883,211,16,1.46653896882335,88.7100233219491,11.2899766780509
2012,6.10110728607401,1.19802569856707,115.058539331199,25.0097494478591,575.292696655997,212,15,1.420706714506,88.1971502009385,11.8028497990615
2013,2.53828294140918,0.501470051666941,54.5,19.9420239553624,272.5,141,16,0.506188905394012,85.928341207603,14.071658792397
2013,2.54020016150815,0.501823115287658,54.9063922218372,19.986968700085,274.531961109186,142,16,0.511147685273058,85.8500236850454,14.1499763149546
2013,2.5469227100228,0.503095802709805,55.3121749209089,20.0316152933067,276.560874604544,143,16,0.518412576424842,85.7949512442883,14.2050487557117
2013,2.55943580716667,0.505517326553347,55.717847897001,20.0760222023799,278.589239485005,144,16,0.525318590983496,85.7681735155782,14.2318264844217
2013,2.57836173959064,0.509280968742623,56.1246409887399,20.1203260194496,280.623204943699,145,16,0.526325946377991,85.7733086332354,14.2266913667646
2013,2.60474630992543,0.514517358493223,56.5350164430906,20.1647937959796,282.675082215453,146,16,0.527397804077825,85.8129775628373,14.1870224371627
2013,2.63863257022843,0.521330607165953,56.9504530247781,20.209581429343,284.75226512389,147,16,0.521308861481092,85.8855412010735,14.1144587989265
2013,2.67879063768638,0.529747062016682,57.3738831612349,20.2549971239896,286.869415806175,148,16,0.489554008137197,85.9901838414363,14.0098161585637
2013,2.72998439370741,0.53975297260488,57.8116943107752,20.3017102964341,289.058471553876,149,16,0.500604609999623,86.12329178601,13.87670821399
2013,2.79075398904892,0.551280143980865,58.2575324047382,20.3490272212474,291.287662023691,150,16,0.538266475499071,86.2822836474798,13.7177163525202
2013,3.02586445015047,0.597552780554706,58.7079902606123,20.3965788165187,293.539951303062,151,17,0.565807714139645,86.790457244167,13.209542755833
2013,3.1009797951859,0.612436152998218,59.1999600879342,20.4482228934398,295.999800439671,152,17,0.56602872210035,86.9727257500841,13.0272742499159
2013,3.18369202301883,0.628561684127813,59.7069066534685,20.5011271617969,298.534533267342,153,17,0.58431574729079,87.1663554681284,12.8336445318716
2013,3.27083887722152,0.645759531506143,60.2267359712391,20.5550517456777,301.133679856196,154,17,0.588788940618164,87.3683345989823,12.6316654010177
2013,3.36230894899213,0.663856799679044,60.7630975719598,20.6103523434419,303.815487859799,155,17,0.590276417320327,87.5735543343288,12.4264456656712
2013,3.4575023661893,0.682670913312401,61.3174530516574,20.6671517850152,306.587265258287,156,17,0.593211141104403,87.7773570987732,12.2226429012268
2013,3.55719095981663,0.702020286457244,61.8902574165893,20.7254667789374,309.451287082946,157,17,0.619333609250184,87.9766037448763,12.0233962551237
2013,3.65955335391191,0.721712160819029,62.477771920005,20.7848898780867,312.388859600025,158,17,0.658052966175569,88.1691406987022,11.8308593012978
2013,3.75988442135008,0.7415623177225,63.0780117135834,20.8451992028754,315.390058567917,159,17,0.658720892887343,88.3530440361414,11.6469559638585
2013,3.85967593410551,0.761426406558865,63.69818058182,20.9070922378679,318.4909029091,160,17,0.651915263394184,88.525842410464,11.474157589536
2013,3.95903368523543,0.78115017141028,64.3396650257779,20.9706722522228,321.69832512889,161,17,0.649328735135245,88.6861266608149,11.3138733391851
2013,4.05773422303647,0.800578938558048,65.0015341389734,21.0358112483677,325.007670694867,162,17,0.657412966967094,88.8330339917544,11.1669660082456
2013,4.15393626202756,0.819560197109194,65.6815219702273,21.1022537639946,328.407609851136,163,17,0.662788209822655,88.9660592684938,11.0339407315062
2013,4.24525522191126,0.837958075187712,66.3796702470912,21.1699738226156,331.898351235456,164,17,0.645827373960946,89.0846462621564,10.9153537378436
2013,4.33549674186291,0.855658874820093,67.0994691678353,21.2392762217013,335.497345839177,165,17,0.657825753693011,89.1880615033314,10.8119384966686
2013,4.42048223694689,0.872515427213475,67.8349109373898,21.3095516077217,339.174554686949,166,17,0.658770583395758,89.2765360602313,10.7234639397688
2013,4.50051984296979,0.888416077513305,68.5871546079071,21.3808852793585,342.935773039536,167,17,0.658812255063023,89.3496783235243,10.6503216764757
2013,4.58145887136985,0.904147378599351,69.3553907335209,21.4531748874932,346.776953667605,168,17,0.678491911527461,89.4192330002717,10.5807669997283
2013,4.66586012141605,0.92051581060247,70.1358714691339,21.5260474284307,350.67935734567,169,17,0.700934966243845,89.4964884479588,10.5035115520412
2013,4.75170893060175,0.937457167453401,70.9287360425252,21.5994997929399,354.643680212626,170,17,0.707002918068079,89.5801349762517,10.4198650237483
2013,4.83979516486448,0.954921400863619,71.7375484081341,21.6738422918668,358.687742040671,171,17,0.708616037446266,89.668644259957,10.331355740043
2013,4.92970065671438,0.972847645817765,72.563646355896,21.7491729848663,362.81823177948,172,17,0.704819667183689,89.76075275593,10.23924724407
2013,5.02370601143105,0.991174692274509,73.4084749045833,21.8255960090529,367.042374522916,173,17,0.723632115598753,89.8552638438487,10.1447361561513
2013,5.11948579236159,1.00981689517885,74.2683314538768,21.9027515811059,371.341657269384,174,17,0.744470809158816,89.9514545234446,10.0485454765554
2013,5.2163008483357,1.02870453667538,75.1431648133397,21.9806147048057,375.715824066698,175,17,0.763112024385513,90.0483710536704,9.95162894632963
2013,5.31624424818108,1.04777073069994,76.0336206431054,22.0592221348422,380.168103215527,176,17,0.806924293439584,90.1450728441654,9.85492715583457
2013,5.41621586026309,1.06692475715883,76.9352894313294,22.1381683148347,384.676447156647,177,17,0.846902572299758,90.2410540461801,9.75894595381995
2013,5.51696998645836,1.08609984725811,77.8489426439102,22.2175087398387,389.244713219551,178,17,0.89592139339554,90.3354717005882,9.66452829941184
2013,5.61514129927863,1.1052179797172,78.7729276180483,22.2970890436083,393.864638090241,179,17,0.917462480020875,90.4277113778495,9.57228862215045
2013,5.71234215968298,1.12423242141345,79.7122222346719,22.3773238465675,398.56111117336,180,17,0.933618027724343,90.5167388855987,9.48326111440127
2013,5.809049306009,1.14307746848786,80.6677082352855,22.4582684585322,403.338541176428,181,17,0.954418660470855,90.6018649383244,9.3981350616756
2013,5.90311474493406,1.16167862662185,81.6383564677864,22.5398161949987,408.191782338932,182,17,0.957968956604537,90.6825676421596,9.31743235784041
2013,5.99482524751188,1.17998010302736,82.6270871792346,22.6221912798385,413.135435896173,183,17,0.951739577386432,90.7580886390346,9.24191136096539
2013,6.0874183841436,1.1979194269598,83.6353836580744,22.7054919389502,418.176918290372,184,17,0.978654968427048,90.8277976311917,9.17220236880832
2013,6.17688688639885,1.21539719543228,84.6567916476077,22.7891651866214,423.283958238039,185,17,0.996268489643227,90.891594838316,9.10840516168402
2013,6.26379810235562,1.23235011689137,85.6925447829432,22.8732981269645,428.462723914716,186,17,1.01535253592907,90.9488802670421,9.05111973295792
2013,6.34786471365834,1.24870542127812,86.7418355241012,22.9578110799518,433.709177620506,187,17,1.03695510776981,90.9991903477542,9.00080965224584
2013,6.42804626424833,1.264389108603,87.8035891442903,23.0426056362816,439.017945721451,188,17,1.05287415712386,91.0420737423661,8.95792625763389
2013,6.5053264297474,1.27933360119352,88.8781631160739,23.1276995086197,444.39081558037,189,17,1.07962099539305,91.0769810774201,8.92301892257988
2013,6.58088787830964,1.29346647384284,89.9628092163834,23.2128668853151,449.814046081917,190,17,1.13774895720512,91.1044659709132,8.89553402908679
2013,6.64771098421052,1.30668456253588,91.0509050164737,23.2975890535468,455.254525082369,191,17,1.14338575221701,91.1239653805632,8.87603461943684
2013,6.71487362155776,1.31895215696773,92.1511987051217,23.3825464267014,460.755993525608,192,17,1.21828557365443,91.1338928855732,8.86610711442685
2013,6.77418054312259,1.33013719662137,93.2499027346969,23.4666784812715,466.249513673484,193,17,1.26312945657979,91.1344394498325,8.86556055016754
2013,6.83188917019491,1.34018799861441,94.3514546841621,23.5503378659014,471.757273420811,194,17,1.37115681956067,91.1246722707671,8.87532772923291
2013,6.87924505954301,1.34897620383755,95.4428954329291,23.6325605989123,477.214477164646,195,17,1.42375452964523,91.1046265429697,8.89537345703029
2013,6.55084446227785,1.28455244082327,96.5332380659871,23.7140488389618,482.666190329936,196,16,1.40356289396361,90.85106092024,9.14893907975998
2013,6.57994630666859,1.29011035935356,97.5618863693341,23.7903402729788,487.809431846671,197,16,1.42820839443177,90.8077819301971,9.19221806980286
2013,6.60073793851353,1.29432626069815,98.5913736689219,23.8661346625551,492.956868344609,198,16,1.42879575996948,90.7507126262723,9.24928737372765
2013,6.61508106904845,1.29746459046272,99.6248467674098,23.9416696946748,498.124233837049,199,16,1.41383968830979,90.6784261021756,9.32157389782438
2013,6.6229228930513,1.29945931698579,100.664121574348,24.0170800214276,503.320607871739,200,16,1.38838946551989,90.5904722397828,9.40952776021722
2013,6.62587715842334,1.30050904556076,101.709993325795,24.0924231959017,508.549966628973,201,16,1.36233701218328,90.4876464147179,9.51235358528214
2013,6.62642866788425,1.30066581740695,102.761601405402,24.1676371339737,513.808007027011,202,16,1.37001522415358,90.3707254456053,9.62927455439473
2013,6.62076556969549,1.29995699160357,103.811715454115,24.2422107876852,519.058577270575,203,16,1.34943174683383,90.2408447230736,9.75915527692635
2013,6.61244828271597,1.29845194757197,104.864741541031,24.3164651409521,524.323707705156,204,16,1.3505521343546,90.0984501464452,9.90154985355482
2013,6.59960129425314,1.29618542494458,105.915804271041,24.3900646011287,529.579021355203,205,16,1.34143979851701,89.94453602799,10.05546397201
2013,6.57983660755975,1.29321371711328,106.96604068008,24.4630994948835,534.830203400398,206,16,1.28213912996458,89.7797525207843,10.2202474792157
2013,6.56185532325542,1.28961900233272,108.024101123009,24.5361748314892,540.120505615043,207,16,1.29720034904048,89.6043162798732,10.3956837201268
2013,6.53825575122853,1.28540274768662,109.075465270771,24.6082952115609,545.377326353855,208,16,1.27550496130922,89.4198499424044,10.5801500575956
2013,6.51300752926859,1.28063995170459,110.126357215427,24.679900633104,550.631786077134,209,16,1.27045749671016,89.2267715365777,10.7732284634223
2013,6.48702680604496,1.2753724826672,111.173113431887,24.7507523735576,555.865567159436,210,16,1.29256083201861,89.0261303311131,10.9738696688869
2013,6.45983926013745,1.26966824642602,112.210153269718,24.8204894110984,561.050766348588,211,16,1.33067875004973,88.8224067450654,11.1775932549346
2013,6.0670289435387,1.19245348145813,113.234028934767,24.888901902376,566.170144673834,212,15,1.30589077855542,88.3121142330489,11.6878857669511
2014,2.59155842291692,0.513325028943873,54.5,19.9420239553624,272.5,141,24,0.471901399399279,85.928341207603,14.071658792397
2014,2.59396112308829,0.513752042395002,54.9239048193377,19.988900278682,274.619524096688,142,24,0.478182648697572,85.8462465345056,14.1537534654944
2014,2.60114448726592,0.515102127851873,55.3470326648489,20.0354398862258,276.735163324245,143,24,0.48618400566326,85.7875926307311,14.2124073692689
2014,2.61415315647776,0.517605748775292,55.7699956006192,20.081714177418,278.849978003096,144,24,0.494248626866463,85.7574462548316,14.2425537451684
2014,2.63405603613207,0.521457522135153,56.19394598436,20.1278516906745,280.9697299218,145,24,0.503582125847421,85.7594781927613,14.2405218072388
2014,2.66076030875314,0.526788497019119,56.6200088267235,20.1739753234906,283.100044133618,146,24,0.503327870254823,85.7965930723057,14.2034069276943
2014,2.69535108832042,0.53370428300803,57.0514618953687,20.2204366202924,285.257309476843,147,24,0.501496551247556,85.8668050909623,14.1331949090377
2014,2.73904827358729,0.542231246243584,57.4901978279708,20.2674317263516,287.450989139854,148,24,0.513307820433751,85.9694935151507,14.0305064848492
2014,2.72946079697035,0.539892296496592,57.9353093004213,20.3148549996425,289.676546502107,149,16,0.484754295495783,86.102260615736,13.8977393842639
2014,2.78806874292821,0.551455821431726,58.3842122501159,20.362425726012,291.921061250579,150,16,0.489595045119463,86.2617069876563,13.7382930123437
2014,3.02268014876619,0.597783125103045,58.8438668233511,20.4108723881776,294.219334116755,151,17,0.508646368831603,86.7697516029624,13.2302483970376
2014,3.09853261722323,0.612724674620376,59.34663148023,20.4635616808419,296.73315740115,152,17,0.515775116682104,86.9514216261801,13.0485783738199
2014,3.18036883902904,0.628910360571125,59.8631386791774,20.5173681959665,299.315693395887,153,17,0.519082674906598,87.1447182370824,12.8552817629176
2014,3.26857132986995,0.646178774733022,60.3953492496249,20.5724731769452,301.976746248124,154,17,0.533330114919984,87.3460487320821,12.653951267918
2014,3.3604568691565,0.66434591948889,60.9423482886269,20.6287577968194,304.711741443135,155,17,0.536965097542513,87.5509115359549,12.4490884640451
2014,3.45550927208226,0.683231329745923,61.5069947077507,20.686490160439,307.534973538753,156,17,0.53525806281637,87.7544316534695,12.2455683465305
2014,3.55224158582227,0.702656398082679,62.0909900639547,20.74581356688,310.454950319774,157,17,0.522219236789083,87.9533059537208,12.0466940462792
2014,3.70863158307097,0.733989429194471,62.6969364511987,20.8069571350745,313.484682255994,158,24,0.562203355582788,88.144673686947,11.855326313053
2014,3.80958979916864,0.754065798664797,63.326160534833,20.8700152071039,316.630802674165,159,24,0.561217728494139,88.3263313535625,11.6736686464375
2014,3.91238970478804,0.774166243810918,63.9757695924181,20.9346596827743,319.878847962091,160,24,0.579468860457595,88.4969561506345,11.5030438493655
2014,3.95485900368454,0.782313869541492,64.6422842850364,21.000512721069,323.211421425182,161,17,0.538093101774073,88.6556087189518,11.3443912810482
2014,4.05399226757173,0.801865521838584,65.3255635400932,21.0675327075875,326.627817700466,162,17,0.545536607122231,88.8012890952936,11.1987109047064
2014,4.15198834503789,0.820970044667659,66.0271759425101,21.1358444146957,330.13587971255,163,17,0.564406291232483,88.9330843128328,11.0669156871672
2014,4.24585229854938,0.839480138187932,66.7446084230512,21.2051752534503,333.723042115256,164,17,0.571797831174152,89.0506686500578,10.9493313499422
2014,4.33505903562399,0.857272189390995,67.4793297763664,21.2756405904258,337.396648881832,165,17,0.569027870926706,89.1534718925219,10.846528107478
2014,4.42092251844102,0.874228338461471,68.2324404044978,21.3473167866673,341.162202022489,166,17,0.57524704105194,89.2410621609025,10.7589378390975
2014,4.50530435009393,0.89022126551988,69.0014733283315,21.4199416090953,345.007366641657,167,17,0.615464696371807,89.3133779768381,10.6866220231619
2014,4.58625956130175,0.906012001688698,69.7793319993319,21.4928282661954,348.89665999666,168,17,0.631703246349615,89.3827390268598,10.6172609731402
2014,4.67340597392719,0.922443209858446,70.5701264223199,21.5663488279054,352.8506321116,169,17,0.679603391814198,89.4597734738345,10.5402265261655
2014,4.76075735623025,0.939427114462513,71.3687619497428,21.6400178994159,356.843809748714,170,17,0.700073465251979,89.5436045400863,10.4563954599137
2014,4.84983820931422,0.956921653979342,72.1807650356476,21.7143333084126,360.903825178238,171,17,0.711102529351944,89.6325202411435,10.3674797588565
2014,4.94107538163165,0.974869501982768,73.0083691204121,21.7894793593054,365.041845602061,172,17,0.7206326680484,89.7251706735162,10.2748293264838
2014,5.03518774032708,0.993205807780375,73.8523045199615,21.8654993602501,369.261522599807,173,17,0.740225726365372,89.8204052164842,10.1795947835158
2014,5.13153643357164,1.0118550750545,74.711132887083,21.9422418271976,373.555664435415,174,17,0.76720872215907,89.9173132138363,10.0826867861637
2014,5.22738413289767,1.03074295991845,75.5838226567888,22.0195956550895,377.919113283944,175,17,0.775053678239866,90.0150128634792,9.98498713652075
2014,5.32407501081809,1.04981669319877,76.4741003437075,22.0978696598921,382.370501718537,176,17,0.781920478867831,90.1123290027507,9.88767099724931
2014,5.41976330826923,1.06900790118168,77.3823291936266,22.1770702222091,386.911645968133,177,17,0.771567338729659,90.2084139605489,9.79158603945108
2014,5.5173536752499,1.08826147850755,78.3117515683233,22.2574510125518,391.558757841616,178,17,0.778767642376862,90.3022727568768,9.69772724312317
2014,5.61713141397726,1.10749263004507,79.259235934186,22.3387123764924,396.29617967093,179,17,0.810802695183406,90.393427436646,9.60657256335406
2014,5.71385684622774,1.1266099677247,80.2202515071811,22.4204455450661,401.101257535906,180,17,0.8161689275975,90.4815276428329,9.51847235716712
2014,5.8074555610737,1.14556537621347,81.1995202649955,22.5030321167211,405.997601324978,181,17,0.797466160284695,90.5656126369978,9.43438736300218
2014,5.89989864488558,1.16430836998492,82.2012291398717,22.5867960493593,411.006145699358,182,17,0.779329167358764,90.6448139216357,9.35518607836428
2014,5.98910186264634,1.18276736646795,83.2250321076439,22.6716755682395,416.125160538219,183,17,0.745388260959902,90.718607739834,9.28139226016603
2014,6.07907542825415,1.20088403936691,84.2734400909877,22.7578441262809,421.367200454939,184,17,0.736716826980353,90.7863039910235,9.21369600897656
2014,6.17290419638418,1.21856570708337,85.3415511507119,22.844867139216,426.707755753559,185,17,0.784635057311929,90.847711190821,9.15228880917904
2014,6.25835844625616,1.23569416967105,86.4188162235807,22.9318704318806,432.094081117904,186,17,0.780229743842083,90.9029842572466,9.09701574275344
2014,6.3449490881598,1.2522403689625,87.5140230677123,23.0195512893627,437.570115338562,187,17,0.814850506124055,90.9510406353084,9.04895936469161
2014,6.42616176307333,1.26810015390225,88.6195912931782,23.1072893945938,443.097956465891,188,17,0.831514626847938,90.9918319979255,9.0081680020745
2014,6.50964584542013,1.28321543161175,89.738034233235,23.1952763799275,448.690171166175,189,17,0.909936598482596,91.0246649751323,8.97533502486774
2014,6.58427709112465,1.29747285734658,90.8574519468659,23.2825780328108,454.287259734329,190,17,0.943821326580111,91.0506379232936,8.9493620767064
2014,6.6538671338703,1.31083113128119,91.9849789122209,23.3697575382783,459.924894561105,191,17,0.973080669399021,91.0683423573484,8.93165764265165
2014,6.72326518733924,1.32321459309992,93.120529163144,23.4568078494822,465.60264581572,192,17,1.05792932429719,91.076712141735,8.92328785826497
2014,6.77860741363549,1.33450362124628,94.2529434648026,23.5428840548626,471.264717324013,193,17,1.04467724871666,91.0757681731408,8.92423182685923
2014,6.83151448367763,1.34469921876869,95.3990281312551,23.6292685693303,476.995140656275,194,17,1.06822867013276,91.0638507077754,8.93614929222458
2014,6.88010619141762,1.35369356988986,96.5509318746403,23.7153659078283,482.754659373202,195,17,1.11373428872326,91.0407025804911,8.95929741950892
2014,6.5517284207097,1.28917513553538,97.7033973682578,23.8007917416759,488.516986841289,196,16,1.09073858837404,90.7820458599723,9.21795414002767
2014,6.58105963824002,1.29492216481602,98.7947276490548,23.8810409672611,493.973638245274,197,16,1.10226275088285,90.7353460869714,9.26465391302856
2014,6.60341113494331,1.29932851777988,99.8895604810798,23.9609293072764,499.447802405399,198,16,1.11171090189006,90.6746328960456,9.32536710395443
2014,6.61935790452235,1.30264402494151,100.986911693464,24.0403913536276,504.93455846732,199,16,1.11019433153827,90.5987080324786,9.40129196752143
2014,6.62440531197419,1.30480218594983,102.087689751872,24.1194992013977,510.43844875936,200,16,1.04696531006575,90.5071782187547,9.49282178124526
2014,6.63084917465624,1.30603634406079,103.202053521071,24.1989801284319,516.010267605356,201,16,1.05848961529861,90.400285393392,9.599714606608
2014,6.63557898282964,1.3063478383872,104.31532700438,24.2777882348657,521.576635021898,202,16,1.10687626025849,90.2796117193754,9.7203882806246
2014,6.63356171690521,1.30576405135897,105.419791065049,24.3553955826139,527.098955325246,203,16,1.12864459247038,90.146321281706,9.85367871829405
2014,6.6258247421124,1.30435375654805,106.51941653564,24.432101987155,532.597082678201,204,16,1.13091938879612,90.0008907072693,9.9991092927307
2014,6.61395368034615,1.30217985650821,107.616954396441,24.5081143917797,538.084771982207,205,16,1.12976796868962,89.8438701841387,10.1561298158613
2014,6.59806372336136,1.29929431295761,108.712258960969,24.5834353609189,543.561294804846,206,16,1.12325077068907,89.6759902428031,10.3240097571969
2014,6.58032547368754,1.295750421804,109.805595375599,24.6580953258448,549.027976877995,207,16,1.13593191253012,89.4979748302509,10.502025169749
2014,6.56308787682522,1.29158665348918,110.89274992964,24.731821170127,554.463749648199,208,16,1.19797021530503,89.3108405859258,10.6891594140742
2014,6.54461562985165,1.28682426911064,111.963947208319,24.8039737734689,559.819736041597,209,16,1.29024228491188,89.115975847579,10.884024152421
2014,6.5227034980134,1.28149840559368,113.01289032008,24.8741626581931,565.064451600398,210,16,1.38078073948664,88.9146101889269,11.0853898110731
2014,6.49375316820103,1.27569635561716,114.039235522283,24.9424013040228,570.196177611417,211,16,1.40058369932291,88.7109463609691,11.2890536390309
2014,6.10213363450485,1.19801717366376,115.055719975778,25.0095637400862,575.27859987889,212,15,1.43968954282169,88.1973275231923,11.8026724768077
2015,2.59196946830981,0.513325028943873,54.5,19.9420239553624,272.5,141,24,0.477560443975482,85.928341207603,14.071658792397
2015,2.59546560510745,0.513752257411082,54.922855219501,19.988784523564,274.614276097505,142,24,0.49946690762812,85.8464728958853,14.1535271041147
2015,2.6022367782975,0.515102325203338,55.3420271128203,20.034890780126,276.710135564102,143,24,0.501726736361142,85.7886491617052,14.2113508382948
2015,2.61487789257211,0.517604583034107,55.7620999764635,20.0808526003597,278.810499882317,144,24,0.504688459012637,85.7590700732191,14.2409299267809
2015,2.57488859345246,0.50929030930669,56.1841073668881,20.126783731799,280.920536834441,145,16,0.475256902302436,85.7614409301815,14.2385590698185
2015,2.60381579570869,0.514543650453187,56.604001798931,20.1722468564479,283.020008994655,146,16,0.511910061281161,85.7996776211947,14.2003223788053
2015,2.63890076203135,0.521375185540765,57.0223495833536,20.2173093619976,285.111747916768,147,16,0.522465108376945,85.8722028349378,14.1277971650622
2015,2.68347511180959,0.529809432840937,57.4456018461086,20.2626662738837,287.228009230543,148,16,0.554047275068236,85.9774229234759,14.0225770765241
2015,2.73386174606806,0.539820270694465,57.8714509651982,20.3080670136214,289.357254825991,149,16,0.552346964559688,86.1131211524299,13.8868788475701
2015,2.79203586282737,0.551349693900229,58.3077158235526,20.3543373805102,291.538579117763,150,16,0.552327785433596,86.2741285029103,13.7258714970897
2015,3.02468225008686,0.597633479783444,58.7556175870754,20.4015916079701,293.778087935377,151,17,0.544177022273583,86.7831956326443,13.2168043673557
2015,3.09875111504576,0.612537852251029,59.2516769104872,20.4536344210894,296.258384552436,152,17,0.529886416173693,86.9652095521256,13.0347904478744
2015,3.17952168026388,0.628692217911749,59.7654059721718,20.507211898763,298.827029860859,153,17,0.521556979257264,87.1582489656543,12.8417510343457
2015,3.26573282912937,0.645934109868433,60.2969527046351,20.5623107918771,301.484763523176,154,17,0.513341121430061,87.3590486753152,12.6409513246848
2015,3.35770425854053,0.66408679761277,60.8473823205686,20.6190114034553,304.236911602843,155,17,0.519238095659291,87.5629018956372,12.4370981043628
2015,3.45364865166335,0.682959437697197,61.4150241009581,20.6771118662458,307.07512050479,156,17,0.528989551623081,87.7655498276087,12.2344501723914
2015,3.55136396528334,0.702367810538658,61.999901525175,20.7365862840063,309.999507625875,157,17,0.528072276858687,87.9638720381839,12.0361279618161
2015,3.65185395129752,0.72213864507071,62.6045022888868,20.7976566825775,313.022511444434,158,17,0.537863436887861,88.154986360901,11.845013639099
2015,3.75237859323878,0.742091129729842,63.2272393715858,20.8601307813841,316.136196857929,159,17,0.537987371367804,88.3369725363461,11.6630274636539
2015,3.85443856125003,0.762063073028241,63.8700528685393,20.9241707719155,319.350264342697,160,17,0.553753301819822,88.507948735629,11.492051264371
2015,3.95585673726128,0.781882898359457,64.5301211289436,20.9894639934485,322.650605644718,161,17,0.570844251191862,88.6669108268723,11.3330891731277
2015,4.05761887750602,0.801395394782784,65.2070504656778,21.055943397033,326.035252328389,162,17,0.609008636868345,88.8128901885615,11.1871098114385
2015,4.15491541414044,0.820438393369746,65.8966946355423,21.1231786750864,329.483473177712,163,17,0.623958832506991,88.9455219385245,11.0544780614755
2015,4.24829290325458,0.838889377184634,66.6028030098354,21.1915128734187,333.014015049177,164,17,0.628545857864832,89.0638609159385,10.9361390840615
2015,4.33884987628604,0.856624583587824,67.3266640116196,21.2610429618138,336.633320058098,165,17,0.64219848713483,89.1673627265704,10.8326372734296
2015,4.4240589103701,0.873511648535506,68.0658999720964,21.331514210514,340.329499860482,166,17,0.644226550489896,89.2559124965731,10.7440875034269
2015,4.50666077263778,0.889439322587493,68.8217657559372,21.403021353388,344.108828779686,167,17,0.67129869113922,89.3291116644853,10.6708883355147
2015,4.58905513639129,0.905174817760907,69.5887306043398,21.475021185131,347.943653021699,168,17,0.707606818197418,89.3991353348995,10.6008646651005
2015,4.67423979377998,0.921533598133279,70.3649053246013,21.5473247149255,351.824526623006,169,17,0.740314646566452,89.4771132950016,10.5228867049984
2015,4.75969136989083,0.93845607627058,71.1515675238027,21.6200402070317,355.757837619014,170,17,0.742390860827754,89.5616251798673,10.4383748201327
2015,4.85014307672494,0.955903671832294,71.9548963485588,21.6937203048669,359.774481742794,171,17,0.772305873206618,89.6509194733794,10.3490805266206
2015,4.94233800291058,0.973788675379208,72.7703233942814,21.7679260108485,363.851616971407,172,17,0.796747506377365,89.7442072564022,10.2557927435978
2015,5.03671134602277,0.992049344165155,73.5992913118651,21.8427722720814,367.996456559325,173,17,0.824700303677976,89.8402684600145,10.1597315399855
2015,5.13028553106473,1.01061551792974,74.4415328156237,21.9182176429485,372.207664078118,174,17,0.823863485927467,89.9380924703809,10.0619075296191
2015,5.22430000412726,1.02944362883479,75.3026452091293,21.9947408210242,376.513226045646,175,17,0.812895860304243,90.0362913421767,9.96370865782331
2015,5.32023899202528,1.04847400840458,76.1847417832674,22.0724989904136,380.923708916337,176,17,0.813133045331033,90.1338327070175,9.86616729298248
2015,5.41376453545926,1.06762827399547,77.0859654405449,22.1512978721496,385.429827202724,177,17,0.779922037529419,90.2300466295936,9.76995337040636
2015,5.51144013299139,1.08686540909668,78.0125220332201,22.2316451628675,390.0626101661,178,17,0.788829721460486,90.3237314374639,9.67626856253614
2015,5.60947990527955,1.1060798559834,78.9568165365352,22.3128491745074,394.784082682676,179,17,0.803016141527519,90.4147409996242,9.58525900037578
2015,5.70640579926786,1.12519679174831,79.9178647622105,22.3948018642984,399.589323811053,180,17,0.810614776990274,90.5024790923559,9.49752090764408
2015,5.7991341420922,1.14415122340656,80.8967601307599,22.4775733444926,404.4838006538,181,17,0.783211768441098,90.5862439099981,9.41375609000191
2015,5.89107382755089,1.16290196290424,81.8996619685117,22.5616538959675,409.498309842559,182,17,0.760289106197693,90.665033409913,9.33496659008702
2015,5.98427778675095,1.18137404704311,82.925514724783,22.6469194139,414.627573623915,183,17,0.76439110456697,90.7383760405839,9.26162395941613
2015,6.07644566724802,1.19947351148329,83.9691644405033,22.7329130589063,419.845822202517,184,17,0.776837664109986,90.8060827213654,9.19391727863459
2015,6.16691959230373,1.21712192742787,85.0287330694185,22.8194596609444,425.143665347093,185,17,0.79510558017099,90.867749084695,9.13225091530498
2015,6.2526569186592,1.23424279886875,86.1027155257392,22.9064198883569,430.513577628696,186,17,0.793522929700296,90.9229499667247,9.07705003327528
2015,6.3374316664342,1.2507804894958,87.1941324647559,22.9940207051283,435.970662323779,187,17,0.811248073152262,90.9709768320728,9.02902316792715
2015,6.41687747362281,1.26664675252448,88.2989274217503,23.0819203704826,441.494637108751,188,17,0.810558578992512,91.0115644150568,8.98843558494324
2015,6.49552756763229,1.28178369181045,89.4197150864333,23.1703126531448,447.098575432166,189,17,0.837853815268294,91.0440206222577,8.95597937774233
2015,6.56830159975447,1.29610480347231,90.5507366524193,23.2587326888243,452.753683262097,190,17,0.848448613580824,91.0690806403784,8.93091935962157
2015,6.63775726696956,1.3095456909039,91.6941542784142,23.3473428018022,458.470771392071,191,17,0.870358612128864,91.0856491483129,8.91435085168711
2015,6.70096144553685,1.3220175876593,92.8470382687949,23.4359102013601,464.235191343975,192,17,0.879173631260392,91.0928341082634,8.90716589173661
2015,6.75895177832706,1.33345467832129,94.0107542499427,23.5245357949193,470.053771249714,193,17,0.888373302167856,91.0899240999455,8.91007590005447
2015,6.8181451512226,1.34377911458425,95.1841791912636,23.6131299361745,475.920895956318,194,17,0.968332488873393,91.0763147851871,8.92368521481295
2015,6.86374813160083,1.35285763504648,96.3533982963199,23.7006526028775,481.7669914816,195,17,0.973145680449959,91.0520887897136,8.94791121028639
2015,6.53590827584213,1.28849745586706,97.5307196419768,23.7880369964551,487.653598209884,196,16,0.944044011280264,90.7922208335784,9.20777916642155
2015,6.56593015077682,1.29435445735911,98.648233835476,23.8703047973363,493.24116917738,197,16,0.956306505168235,90.7439447948505,9.25605520514952
2015,6.58984287024349,1.29886843466321,99.7692401046511,23.9521796471409,498.846200523256,198,16,0.976480886735812,90.6816766873852,9.31832331261483
2015,6.60792126031286,1.30228201780482,100.890930675356,24.0334652058888,504.454653376778,199,16,0.994064515517963,90.6043191355647,9.39568086443525
2015,6.61734820238789,1.30452298401961,102.012653264216,24.1141256087469,510.063266321082,200,16,0.981114973955678,90.5115633380368,9.48843666196324
2015,6.62613353246882,1.30580406493321,103.13878053714,24.1944833042078,515.693902685701,201,16,1.01615207165674,90.4039853102468,9.59601468975325
2015,6.62759390386789,1.30614588690258,104.259582717602,24.2738561008461,521.29791358801,202,16,1.02202287349906,90.2828762738993,9.71712372610073
2015,6.62625311617199,1.3056196908557,105.379424444031,24.3525691446694,526.897122220155,203,16,1.04679262022045,90.1486906882406,9.85130931175938
2015,6.61953179220548,1.30426386756684,106.493961639032,24.4303325887909,532.469808195162,204,16,1.05782860804571,90.0023893005623,9.99761069943765
2015,6.60911643044716,1.30213767615314,107.604861087426,24.5072797936253,538.02430543713,205,16,1.07150750766052,89.844584699147,10.155415300853
2015,6.59503584692112,1.29928946210366,108.710851302713,24.5833389004644,543.554256513565,206,16,1.08524528432377,89.6760737522991,10.3239262477009
2015,6.57769043015914,1.29576945270303,109.811183362513,24.6584755754702,549.055916812567,207,16,1.10088171240599,89.4976418287817,10.5023581712183
2015,6.55726640139072,1.29162729325504,110.904820435137,24.7326369030477,554.524102175683,208,16,1.117665179575,89.3101177953441,10.6898822046559
2015,6.53129406875856,1.28691405891821,111.990913265606,24.8057839049778,559.954566328032,209,16,1.10036712046117,89.1143528677071,10.8856471322929
2015,6.50088952212511,1.2817035496205,113.075164385518,24.87831535657,565.375821927591,210,16,1.05930027329323,88.9108423713298,11.0891576286702
2015,6.47522566976652,1.27609475761996,114.161436337629,24.9504975187932,570.807181688146,211,16,1.10293375446146,88.7035140624673,11.2964859375327
2015,6.08554627501049,1.19855491531929,115.233731861478,25.0212829665368,576.168659307389,212,15,1.13388314414979,88.1861335168139,11.8138664831861
2016,2.59358698104201,0.513325028943873,54.5,19.9420239553624,272.5,141,24,0.500496199142037,85.928341207603,14.071658792397
2016,2.59595743061234,0.513753131403519,54.9185915710141,19.9883142912374,274.592957855071,142,24,0.506540404692619,85.8473924373442,14.1526075626558
2016,2.60230067807805,0.515102546608644,55.3364471429782,20.0342786199284,276.682235714891,143,24,0.502598222005723,85.7898270000118,14.2101729999882
2016,2.61442409299232,0.517603737112472,55.7563585070601,20.0802260330591,278.7817925353,144,24,0.498165227137782,85.7602509529783,14.2397490470217
2016,2.63365654254942,0.521452418181736,56.1795798027618,20.1262922315283,280.897899013809,145,24,0.498138170132935,85.7623442205193,14.2376557794807
2016,2.65790715270774,0.526780758271265,56.6066515864671,20.1725330086988,283.033257932336,146,24,0.464764646932021,85.7991669688795,14.2008330311205
2016,2.69663922936963,0.533699196290784,57.0452467157968,20.2197690761627,285.226233578984,147,24,0.52017173812241,85.8679572981307,14.1320427018693
2016,2.73996835896851,0.542220895714595,57.4805052620651,20.2663962140652,287.402526310326,148,24,0.527126397187851,85.9712165435794,14.0287834564206
2016,2.72914090634522,0.539878445978308,57.9230370732281,20.3135508966085,289.61518536614,149,16,0.481344950419912,86.1043471245071,13.8956528754929
2016,2.7884734754796,0.551439644261672,58.3725579624753,20.3611939376569,291.862789812376,150,16,0.495989416871283,86.2635986612527,13.7364013387473
2016,3.02252858732992,0.597761322114513,58.8310146558978,20.4095213865962,294.155073279489,151,17,0.508034629506634,86.7717086268486,13.2282913731514
2016,3.09800360630209,0.612699561943865,59.3338714034282,20.4622282913038,296.669357017141,152,17,0.510673867055219,86.9532735437425,13.0467264562575
2016,3.18007904362777,0.628883916584511,59.851293107166,20.5161378302646,299.25646553583,153,17,0.517086684201551,87.1463573796124,12.8536426203876
2016,3.26767236167535,0.646150167730536,60.3838449719756,20.5712856123179,301.919224859878,154,17,0.524062257801659,87.3475678909547,12.6524321090454
2016,3.36121061059493,0.664319097533842,60.9325178448945,20.6277493860191,304.662589224473,155,17,0.547704076543095,87.5521521323614,12.4478478676386
2016,3.45600485983464,0.683196368269695,61.4951672666794,20.6852846575335,307.475836333397,156,17,0.543074703435824,87.7558608357262,12.2441391642738
2016,3.55450042732879,0.702614294549468,62.0776984755107,20.7444677151036,310.388492377554,157,17,0.550202218378029,87.954847131199,12.045152868801
2016,3.65463815655912,0.72238753100024,62.6785001091833,20.8051028881081,313.392500545917,158,17,0.555567565081491,88.1467298380918,11.8532701619082
2016,3.75659739780846,0.742342593909431,63.2982527739737,20.8672276910963,316.491263869869,159,17,0.571257078259564,88.329332457203,11.670667542797
2016,3.85535606465037,0.762304387710381,63.9352556536626,20.9306414343801,319.676278268313,160,17,0.550936548488165,88.5011676288752,11.4988323711248
2016,3.95729686070318,0.782136347927857,64.5960703437376,20.9959619970187,322.980351718688,161,17,0.57303117740683,88.6602641671627,11.3397358328373
2016,4.05804468426301,0.801656475439979,65.2728498710078,21.0623796857537,326.364249355039,162,17,0.599443563421573,88.8064478148599,11.1935521851401
2016,4.15544337211977,0.820714719150165,65.9644917451538,21.1297618778812,329.822458725769,163,17,0.614681350845643,88.9390579130343,11.0609420869657
2016,4.24929744354984,0.839180094303033,66.6725606951351,21.1982362761728,333.362803475675,164,17,0.623877353708028,89.0573696356008,10.9426303643993
2016,4.33971684301125,0.856925436207541,67.3975557500221,21.2678243696217,336.987778750111,165,17,0.635449676076991,89.1609106066238,10.8390893933762
2016,4.42441714692885,0.873823438023941,68.138314270018,21.3383887170853,340.69157135009,166,17,0.631505864370094,89.2494533944388,10.7505466055612
2016,4.50428166056646,0.889765984545456,68.8967951955571,21.4100894440364,344.483975977786,167,17,0.628033858338347,89.3225406159209,10.6774593840791
2016,4.58292251166729,0.90554051386648,69.6719364844114,21.4827989335182,348.359682422057,168,17,0.62113836732086,89.3919753913927,10.6080246086073
2016,4.66815916973075,0.921973884962387,70.4641775451131,21.5565321283159,352.320887725565,169,17,0.648052133262335,89.4687229937562,10.5312770062438
2016,4.7531548393477,0.938977279815344,71.2680750818024,21.6307619285392,356.340375409012,170,17,0.642684782316785,89.5519559801714,10.4480440198286
2016,4.84102013614795,0.956513085738184,72.0900365251166,21.7060587430844,360.450182625583,171,17,0.63956355851155,89.6399084800433,10.3600915199567
2016,4.93130196659565,0.97451487435694,72.9301858613636,21.7824058296824,364.650929306818,172,17,0.637414434397476,89.7314206416643,10.2685793583357
2016,5.02770236616972,0.992915945750024,73.788811202583,21.8598011353355,368.944056012915,173,17,0.675911681047097,89.8253877449807,10.1746122550193
2016,5.12154069766107,1.01161574550419,74.6590061451711,21.9376015070978,373.295030725856,174,17,0.673816793272564,89.9213289839631,10.0786710160369
2016,5.21839883050539,1.03057942217318,75.5483758851508,22.0164658721099,377.741879425754,175,17,0.688653673176952,90.0176940088552,9.98230599114479
2016,5.31855060300043,1.04972422395207,76.4541370399266,22.0961214482067,382.270685199633,176,17,0.727669009199413,90.1138118077579,9.88618819224208
2016,5.41739366306125,1.06896042709035,77.3721116170955,22.1761828285565,386.860558085478,177,17,0.748946714539165,90.2091593882411,9.79084061175887
2016,5.52213791672095,1.08823276162837,78.3055843585038,22.2569198405297,391.527921792519,178,17,0.833045396578291,90.302714801245,9.69728519875496
2016,5.61966554923353,1.10741772243061,79.243170131274,22.3373401448484,396.21585065637,179,17,0.843055862603974,90.3945591669991,9.60544083300086
2016,5.7156936511219,1.12650730475821,80.198242200341,22.418581337903,400.991211001705,180,17,0.8418082979957,90.4830519260183,9.51694807398165
2016,5.80926408492877,1.14544057473552,81.172750884817,22.5007837774133,405.863754424085,181,17,0.822952321902094,90.5674360514027,9.43256394859735
2016,5.90453028431793,1.16416171512973,82.1697247999529,22.5841724907135,410.848623999764,182,17,0.834515847928672,90.6469254068805,9.35307459311953
2016,5.99663310980163,1.18257412134036,83.1834174693138,22.6682396919163,415.917087346569,183,17,0.829333722734774,90.721353354806,9.27864664519397
2016,6.08412408437582,1.20062073121608,84.2165436060361,22.7531870419833,421.082718030181,184,17,0.796939753073303,90.7900012117011,9.20999878829891
2016,6.17817551012018,1.21825270891985,85.2736212599183,22.8393553121181,426.368106299592,185,17,0.852657429998157,90.8520611681019,9.14793883189812
2016,6.26596256245763,1.23532525031826,86.338337959939,22.9253969666922,431.691689799695,186,17,0.873912167621918,90.9080660135451,9.09193398645493
2016,6.35422716784883,1.25179521154672,87.4163314589476,23.0117613953954,437.081657294738,187,17,0.933791390064904,90.9571273848464,9.04287261515361
2016,6.43461987957575,1.26755871610821,88.4999701133516,23.09783316953,442.499850566758,188,17,0.947382403104281,90.9991913565719,9.0008086434281
2016,6.51023018442425,1.28258155756131,89.5969350125648,23.1842185020748,447.984675062824,189,17,0.94974173549506,91.0332429680919,8.96675703190805
2016,6.58094945715707,1.29680924350425,90.7085134443964,23.2710059426286,453.542567221982,190,17,0.94298424223766,91.0595920261225,8.94040797387746
2016,6.64733885746608,1.31017127720472,91.8355477695313,23.3582466062314,459.177738847657,191,17,0.937308171807191,91.0772336208794,8.92276637912062
2016,6.7093536073798,1.32258674002379,92.9769526933674,23.4458424035972,464.884763466837,192,17,0.936473288538737,91.0851747075124,8.91482529248757
2016,6.7675070288985,1.33397538504754,94.1308818329514,23.533640775658,470.654409164757,193,17,0.950000868049778,91.0829018233885,8.91709817661154
2016,6.82275365301743,1.34424841647969,95.2936870638767,23.6213589188551,476.468435319384,194,17,0.993454965684959,91.0699612430866,8.9300387569134
2016,6.87067638120591,1.35330394396217,96.4587982947528,23.7085059437574,482.293991473764,195,17,1.02529869337634,91.0460128103382,8.95398718966182
2016,6.54121376585581,1.28887577413013,97.6270695014577,23.795155764912,488.135347507288,196,16,0.982495527514596,90.7865430515962,9.21345694840378
2016,6.57463105377382,1.29470226129527,98.7379494628143,23.876881151852,493.689747314072,197,16,1.0364763092599,90.7386785076823,9.26132149231766
2016,6.59839717080828,1.2991568990735,99.8446570069326,23.9576648002675,499.223285034663,198,16,1.05979084125762,90.6772614542576,9.32273854574237
2016,6.62145292058525,1.30251010928424,100.951392058844,24.0378287335106,504.756960294221,199,16,1.14564609299997,90.6007844169463,9.39921558305366
2016,6.63538761617203,1.30464523926563,102.045500953278,24.116478271247,510.227504766391,200,16,1.19717425736884,90.5096436522132,9.49035634778684
2016,6.64022067195876,1.30577924341799,103.132022127582,24.194002868981,515.660110637912,201,16,1.19483629776081,90.4043805361522,9.59561946384779
2016,6.63967018730559,1.30600205731164,104.219905351072,24.2710564150425,521.099526755359,202,16,1.18228062373817,90.2852000999043,9.71479990009567
2016,6.63217769510815,1.30537165126001,105.310113628005,24.3477142970372,526.550568140025,203,16,1.13554394808014,90.1527594395601,9.84724056043992
2016,6.62508391783856,1.30396042520948,106.408090697386,24.4243614281311,532.040453486931,204,16,1.14628194345795,90.0074452479622,9.99255475203782
2016,6.61702573466349,1.30178011299278,107.502416706087,24.5002071534659,537.512083530434,205,16,1.19660160462498,89.850638105936,10.149361894064
2016,6.60228396189854,1.2988553704787,108.58497848475,24.5747098838772,542.924892423749,206,16,1.20825897510241,89.6835420505613,10.3164579494387
2016,6.58550505980099,1.29526152858644,109.662168414202,24.6483308327994,548.31084207101,207,16,1.23917072126796,89.506523174876,10.493476825124
2016,6.56459223077354,1.29103721244432,110.729724242125,24.7207977167818,553.648621210625,208,16,1.25728646646694,89.3206042983671,10.6793957016329
2016,6.54145410953479,1.28624232200154,111.789374754063,24.792248014591,558.946873770316,209,16,1.28557612528481,89.1264846996071,10.8735153003928
2016,6.52040427730421,1.28092361410721,112.838636280069,24.8625341794618,564.193181400343,210,16,1.38909952944716,88.9251556444695,11.0748443555305
2016,6.49063891092822,1.27512043641951,113.862876113719,24.9307062332886,569.314380568595,211,16,1.3958159757561,88.7216757628375,11.2783242371625
2016,6.09360370162528,1.19748445280782,114.879710508922,24.9979639093528,574.398552544608,212,15,1.33758152119638,88.2083995710001,11.7916004289999
2017,2.53448374871489,0.501470051666941,54.5,19.9420239553624,272.5,141,16,0.452200359164991,85.928341207603,14.071658792397
2017,2.59583819090865,0.513753574822711,54.9164300925441,19.9880758948283,274.582150462721,142,24,0.504744913595012,85.8478586183284,14.1521413816715
2017,2.54282535826672,0.503090465405294,55.3346209213535,20.0340782617967,276.673104606768,143,16,0.459734140459444,85.7902124994894,14.2097875005106
2017,2.61593139127338,0.517602979830483,55.7512100435444,20.079664142325,278.756050217722,144,24,0.520256086800787,85.7613099275358,14.2386900724642
2017,2.57447584231195,0.509288129344873,56.1703146438359,20.125286344558,280.85157321918,145,16,0.469617276094207,85.7641928457373,14.2358071542627
2017,2.60123698941689,0.514538777943722,56.5912544978153,20.170870136741,282.956272489077,146,16,0.475360095492439,85.8021344272637,14.1978655727363
2017,2.63584583486542,0.521371487393478,57.0163965591474,20.2166697482971,285.081982795737,147,16,0.479038841052793,85.873306819788,14.126693180212
2017,2.67950472018753,0.529811280119617,57.447723111747,20.262893007198,287.238615558735,148,16,0.495444126828103,85.9770456543226,14.0229543456774
2017,2.72963234170955,0.539834978223579,57.8844987740926,20.3094543882379,289.422493870463,149,16,0.490619115145453,86.1109013921114,13.8890986078886
2017,2.7886017808117,0.551383735409815,58.3322632699478,20.3569337088587,291.661316349739,150,16,0.501249551066658,86.2701412084548,13.7298587915452
2017,3.02371256768159,0.597691245233844,58.7896937632844,20.4051763987576,293.948468816422,151,17,0.527581698189306,86.7780027063428,13.2219972936572
2017,3.09850551632427,0.612611030213026,59.2888780698097,20.4575250282255,296.444390349048,152,17,0.522277925595584,86.9598058624029,13.0401941375971
2017,3.18033166941619,0.628778528996959,59.8040795445178,20.5112322054719,299.020397722589,153,17,0.526461436920933,87.1528928836601,12.8471071163399
2017,3.26752020891024,0.646028232568727,60.3348072038175,20.5662217676753,301.674036019088,154,17,0.529357731855347,87.3540456713752,12.6459543286248
2017,3.35988252891505,0.664182323781129,60.8823907900423,20.6226055689234,304.411953950212,155,17,0.539595785480041,87.5584802595265,12.4415197404735
2017,3.45544203234024,0.683052191541461,61.4463965089206,20.6803120275476,307.231982544603,156,17,0.544703045232509,87.7617560301943,12.2382439698057
2017,3.55211280939783,0.702458396081837,62.0284897438643,20.7394832916857,310.142448719321,157,17,0.531533095445083,87.9605547919676,12.0394452080324
2017,3.65303348923146,0.722232986481931,62.6325479534609,20.8004795653633,313.162739767305,158,17,0.545903748130067,88.1518563745221,11.8481436254779
2017,3.75372418019494,0.742185596054292,63.2539127175663,20.8627971029697,316.269563587831,159,17,0.547620220938727,88.3341022487854,11.6658977512146
2017,3.85421229155968,0.762155669976554,63.8950685982167,20.9266538532649,319.475342991083,160,17,0.546462520696977,88.5053466275617,11.4946533724383
2017,3.95342907637935,0.781984482452696,64.5565495993805,20.9920685571457,322.782747996902,161,17,0.539932771669607,88.6642468022555,11.3357531977445
2017,4.05306817803526,0.8015228808939,65.239175520221,21.059086333012,326.195877601105,162,17,0.553199134064546,88.8097444242571,11.1902555757429
2017,4.15036702234062,0.820611132039105,65.9390712207224,21.1272940590129,329.695356103612,163,17,0.565787133202888,88.9414812114503,11.0585187885497
2017,4.24235412924604,0.839110695588457,66.655903936648,21.1966313060356,333.27951968324,164,17,0.554909067687551,89.0589193311279,10.9410806688721
2017,4.33284747906934,0.85690739940246,67.3933041188526,21.2674178045096,336.966520594263,165,17,0.564832387820372,89.1612974760387,10.8387025239613
2017,4.41863864206379,0.873860010924577,68.146812259546,21.3391951228332,340.73406129773,166,17,0.570556250166628,89.2486956005447,10.7513043994552
2017,4.50011848513476,0.889850977570545,68.9163273312912,21.4119285737173,344.581636656456,167,17,0.581712320064916,89.3208304935406,10.6791695064594
2017,4.57843592270265,0.90566333656118,69.6999001088978,21.4854114062687,348.499500544489,168,17,0.571298244026362,89.3895698735709,10.6104301264291
2017,4.66228163324438,0.922138003127678,70.5012115981709,21.5599646894958,352.506057990854,169,17,0.581780948556296,89.4655941254411,10.5344058745589
2017,4.74991275030449,0.939196766018469,71.3171874745217,21.6352778842577,356.585937372608,170,17,0.600168612005575,89.5478818170417,10.4521181829583
2017,4.83870687498027,0.956769671346811,72.1470031867195,21.711255028527,360.735015933597,171,17,0.604998178170065,89.6352691586195,10.3647308413805
2017,4.93143448485578,0.974802548474883,72.9936022745282,21.7881437525027,364.968011372641,172,17,0.625102545805884,89.7263509577589,10.2736490422411
2017,5.02584562569905,0.993216810780271,73.8547157042788,21.8657156853324,369.273578521394,173,17,0.642984658532153,89.8202160309569,10.1797839690431
2017,5.12070302078777,1.01194681672091,74.7311238300244,21.9440208213593,373.655619150122,174,17,0.649861650920313,89.9157733766873,10.0842266233127
2017,5.21813464826045,1.03093337620496,75.6251160501457,22.0232403774777,378.125580250728,175,17,0.669054840015925,90.0118899724691,9.98811002753088
2017,5.3153669908258,1.05009743820953,76.5347429919345,22.1031782631935,382.673714959673,176,17,0.677738232322954,90.1078253744132,9.89217462558679
2017,5.41289984748193,1.0693781606175,77.4620657281527,22.1839925140348,387.310328640764,177,17,0.683742442046776,90.2025977022401,9.79740229775992
2017,5.50797496225718,1.08870784788156,78.4076790523891,22.2657093438686,392.038395261945,178,17,0.664822131315984,90.2953982228442,9.70460177715577
2017,5.60785643898748,1.10803691044714,79.3760750698791,22.3486861539974,396.880375349395,179,17,0.690572627615138,90.3851986921723,9.61480130782768
2017,5.70701151636009,1.12725775994366,80.359279452278,22.4322131009203,401.79639726139,180,17,0.714970537924264,90.4719015195848,9.52809848041514
2017,5.8064509306179,1.14630057794053,81.357416030366,22.516283159214,406.78708015183,181,17,0.75112447975483,90.5548604384277,9.44513956157232
2017,5.9008984082608,1.1650845282113,82.3681889472414,22.6006881256449,411.840944736207,182,17,0.751903568637059,90.6336271139404,9.36637288605959
2017,5.9953107009598,1.18356788426812,83.397673203245,22.685916755479,416.988366016225,183,17,0.767167836740626,90.7072207148815,9.2927792851185
2017,6.08860771689228,1.20166735117882,84.4429628795738,22.7717069065858,422.214814397869,184,17,0.790615746380101,90.7752914114424,9.22470858855758
2017,6.17781437568225,1.21930475013973,85.5021962697595,22.8578897188011,427.510981348798,185,17,0.797113315983164,90.8374270336468,9.16257296635323
2017,6.26559772971169,1.23642242927113,86.5779433491726,22.9446578529509,432.889716745863,186,17,0.81553740134472,90.8929391725252,9.10706082747484
2017,6.35019211509988,1.25293867479908,87.6675319070737,23.0317797942069,438.337659535368,187,17,0.832718195266322,90.9414789491371,9.05852105086284
2017,6.4298826745652,1.26878226926068,88.7705704688669,23.1192118223465,443.852852344334,188,17,0.835261122016741,90.9825462515171,9.01745374848288
2017,6.51012053821545,1.2838923025535,89.8890033441754,23.207094345281,449.445016720877,189,17,0.880459046955544,91.0154898659878,8.98451013401223
2017,6.5832889019967,1.29817074194285,91.0144062459431,23.2947586283159,455.072031229716,190,17,0.897316372011429,91.041204956984,8.95879504301598
2017,6.6531961210022,1.31156282311823,92.1510307526972,23.3825335126227,460.755153763486,191,17,0.927205566444842,91.0584653413373,8.94153465866271
2017,6.71454139205325,1.32397860381624,93.2956152902385,23.4701638651597,466.478076451192,192,17,0.919540174398921,91.0663956385468,8.93360436145325
2017,6.76989555314878,1.33537165371884,94.4539553502609,23.5580877809604,472.269776751304,193,17,0.904101409884949,91.0640241260081,8.93597587399196
2017,6.82373069377489,1.34567012148892,95.6264039028325,23.6463206033953,478.132019514162,194,17,0.929865257983755,91.0506654671997,8.94933453280033
2017,6.87435451011117,1.35476308723332,96.8044128765017,23.7342157582151,484.022064382509,195,17,0.987030182898505,91.0260976174808,8.97390238251919
2017,6.54693505709437,1.29026159546155,97.9810562110274,23.8212679568789,489.905281055137,196,16,0.970607658010762,90.7656917178861,9.23430828211394
2017,6.57742564649243,1.29608411547146,99.0954393286026,23.9030446677665,495.477196643013,197,16,0.990334036988757,90.7177024969692,9.28229750303077
2017,6.60106755601629,1.30055761028232,100.211914325368,23.9843346324592,501.059571626842,198,16,1.0102681808345,90.6557692208044,9.34423077919557
2017,6.6183651595819,1.30393088638662,101.329066388667,24.0650445316252,506.645331943336,199,16,1.02154803054319,90.5787133534212,9.42128664657885
2017,6.62798819303471,1.30613675579856,102.4473539194,24.1452177037056,512.236769597002,200,16,1.01247167454327,90.4861676880831,9.51383231191691
2017,6.63519617027057,1.30738091078861,103.569309465462,24.2250432115219,517.846547327308,201,16,1.03203036060167,90.3788182071073,9.62118179289275
2017,6.63821383037207,1.307696955438,104.688718890967,24.3040891558811,523.443594454835,202,16,1.05808584667135,90.2577531727667,9.74224682723332
2017,6.6352617609599,1.30713249230574,105.803440917754,24.3822208544617,529.01720458877,203,16,1.0662964836279,90.1238107196561,9.87618928034392
2017,6.63030721171381,1.30575008063407,106.91584675122,24.4596203393532,534.579233756101,204,16,1.10111721807172,89.9775607955984,10.0224392044016
2017,6.62299088537829,1.30358286657835,108.020209761144,24.5359069890897,540.10104880572,205,16,1.15825782727933,89.8200534892781,10.1799465107219
2017,6.60724093845193,1.3006671576462,109.111589856124,24.6107646219311,545.557949280621,206,16,1.15545319870464,89.6523086493961,10.3476913506039
2017,6.5886583678265,1.29709155535453,110.200285976631,24.6849200128001,551.001429883156,207,16,1.15937403235168,89.4744628147867,10.5255371852133
2017,6.56833737764214,1.29290234333699,111.284382166286,24.7582564358286,556.421910831432,208,16,1.18175515062085,89.2873977721503,10.7126022278497
2017,6.54397383641657,1.28813970808852,112.359834408794,24.8305177625435,561.799172043971,209,16,1.18887553084829,89.0921573826252,10.9078426173748
2017,6.51681652825351,1.28286606257611,113.428882381856,24.9018725801203,567.144411909282,210,16,1.19313744311574,88.8894497298361,11.1105502701639
2017,6.48651853251055,1.2771682740386,114.491534786801,24.9723374974291,572.457673934006,211,16,1.18352222080691,88.6834462939682,11.3165537060318
2017,6.0918119913709,1.19950753812652,115.549934605987,25.0420687689928,577.749673029935,212,15,1.15676585545941,88.1662595059208,11.8337404940792
2018,2.59249838044825,0.513325028943873,54.5,19.9420239553624,272.5,141,24,0.484942169507086,85.928341207603,14.071658792397
2018,2.5951221255422,0.513752538260309,54.9214846568224,19.9886333687377,274.607423284112,142,24,0.494490419057466,85.8467684810593,14.1532315189407
2018,2.60228459509524,0.515102342764611,55.3415831561083,20.0348420766659,276.707915780542,143,24,0.50241612930866,85.7887428710743,14.2112571289257
2018,2.61491492184076,0.517604498651463,55.761527705923,20.080790150419,278.807638529615,144,24,0.505228373194499,85.7591877720155,14.2408122279845
2018,2.6342165256998,0.521453786808234,56.1834345212411,20.1267106912188,280.917172606205,145,24,0.506093141556147,85.7615751661531,14.2384248338469
2018,2.60116250400061,0.514545573159702,56.609027294173,20.1727895549563,283.045136470865,146,16,0.473983537645918,85.7987091489099,14.2012908510901
2018,2.63594269838298,0.52138269389036,57.0344297072224,20.2186071496458,285.172148536112,147,16,0.479709358804156,85.8699628214795,14.1300371785205
2018,2.7398041743669,0.542205028666354,57.4656414628636,20.2648079928905,287.328207314318,148,24,0.525805440716587,85.9738592431209,14.0261407568791
2018,2.72940435274266,0.539861937158142,57.9084046850606,20.3119957403538,289.542023425303,149,16,0.485874180300355,86.1068353137724,13.8931646862276
2018,2.78846424070724,0.551418153808893,58.3570724755652,20.3595569492829,291.785362377826,150,16,0.497218056418912,86.2661126174684,13.7338873825316
2018,3.02268693469771,0.59773463631794,58.8152816578656,20.4078672761355,294.076408289328,151,17,0.511649744459605,86.7741047358412,13.2258952641588
2018,3.09878769261625,0.612667241206068,59.317447119216,20.4605117089254,296.58723559608,152,17,0.522451937306082,86.9556576797101,13.04434232029
2018,3.1794379889097,0.628842345067023,59.8326700995081,20.5142031684958,299.16335049754,153,17,0.511712179068019,87.148934820525,12.851065179475
2018,3.26713613797553,0.64610621401591,60.3661687412325,20.5694606214264,301.830843706163,154,17,0.52016332175285,87.3499024593306,12.6500975406694
2018,3.36161856384813,0.664272703279486,60.9155142427639,20.6260048820783,304.577571213819,155,17,0.555525816630308,87.5542982992254,12.4457017007746
2018,3.45464783849748,0.683141721222767,61.4766809938714,20.6834001345682,307.383404969357,156,17,0.530308229539838,87.7580950102951,12.2419049897049
2018,3.55530323631362,0.702562961284652,62.0614941918759,20.7428266640398,310.307470959379,157,17,0.562612206493316,87.9567263258136,12.0432736741864
2018,3.65621917937493,0.722325231049995,62.6599744803739,20.8032392781246,313.299872401869,158,17,0.577572238556628,88.1487963236231,11.8512036763769
2018,3.75645156450413,0.742262542015318,63.2756425237556,20.8649686791404,316.378212618778,159,17,0.574070841907852,88.3317644610104,11.6682355389896
2018,3.85694009918131,0.762218530909422,63.9120536233936,20.9283394142787,319.560268116968,160,17,0.572920524932645,88.5035801948383,11.4964198051617
2018,3.95862278984326,0.782031517870977,64.5687884753824,20.9932744641847,322.843942376912,161,17,0.593441361391037,88.6630133086769,11.3369866913231
2018,4.05874610415494,0.80153310124429,65.2417513376655,21.0593382898944,326.208756688327,162,17,0.614154150222331,88.8094922288196,11.1905077711804
2018,4.15854153835093,0.820576572435029,65.9305916016908,21.1264707119964,329.652958008454,163,17,0.658251697801287,88.942289663569,11.057710336431
2018,4.25250474128493,0.839005106556032,66.6305663719869,21.1941893564586,333.152831859935,164,17,0.670536255602884,89.0612770168778,10.9387229831222
2018,4.34033875813563,0.856710363670047,67.3468714409744,21.2629764840856,336.734357204872,165,17,0.654231330665659,89.1655232577696,10.8344767422304
2018,4.42493561522202,0.873589597278082,68.0839984395345,21.3332328299408,340.419992197672,166,17,0.649678049576781,89.2542978946645,10.7457021053355
2018,4.50506198176559,0.889514159757309,68.8389491041828,21.4046405714573,344.194745520914,167,17,0.649570877515705,89.3276064874245,10.6723935125755
2018,4.58455766674217,0.905268066533912,69.609939596311,21.4770043309718,348.049697981555,168,17,0.652232084227845,89.3973099519603,10.6026900480397
2018,4.66918134426147,0.921672848092779,70.3962895596643,21.5502365539727,351.981447798322,169,17,0.674736785523132,89.4744602598966,10.5255397401034
2018,4.75499576449382,0.938650707845474,71.1950553130544,21.6240436434504,355.975276565272,170,17,0.678742436571033,89.5580153460558,10.4419846539442
2018,4.84504165048115,0.95615307032815,72.0101742209152,21.6987691823326,360.050871104576,171,17,0.699854422199909,89.6464146266087,10.3535853733913
2018,4.93547776201792,0.974101148906037,72.8390706253302,21.7741556242119,364.195353126651,172,17,0.700799296073642,89.7387073135085,10.2612926864915
2018,5.03072325974469,0.992445428090148,73.6858552864595,21.8505540610918,368.429276432298,173,17,0.732149184667481,89.8334700570221,10.1665299429779
2018,5.12940452235881,1.01109362442149,74.5454082635115,21.9274812009787,372.727041317557,174,17,0.785584294049583,89.9300834991109,10.0699165008891
2018,5.22321829732496,1.02995876959543,75.4139988540475,22.0045917104027,377.069994270238,175,17,0.771533049917944,90.0278616017733,9.9721383982267
2018,5.32221453726727,1.04902870983451,76.3041500147957,22.0829767098906,381.520750073978,176,17,0.80452862004864,90.1249559676431,9.8750440323569
2018,5.41975566673976,1.06819464170332,77.2074878093998,22.1618740247091,386.037439046999,177,17,0.815615500376937,90.2211734286429,9.77882657135712
2018,5.51998237056346,1.08740531713436,78.1281019327777,22.2416210507718,390.640509663888,178,17,0.855098748397332,90.3154401922573,9.6845598077427
2018,5.62141869884645,1.10656650241844,79.0608490576389,22.3217539151716,395.304245288194,179,17,0.91311120478083,90.4074067056777,9.59259329432231
2018,5.71962448938399,1.12559180757085,80.0022640999664,22.4019660805361,400.011320499832,180,17,0.941038842819839,90.4966293085165,9.50337069148354
2018,5.81277853910844,1.14443641272909,80.9577167327277,22.4827044518039,404.788583663639,181,17,0.918461955878021,90.5820885734519,9.41791142654809
2018,5.90618588037603,1.16307312154017,81.9362961396509,22.5647115867768,409.681480698254,182,17,0.912687422171174,90.6625762246785,9.33742377532148
2018,6.00110179442604,1.18141681805128,82.9346908310609,22.6476787756327,414.673454155304,183,17,0.942406549348234,90.7377701710722,9.26222982892779
2018,6.09388119684398,1.19936636149755,83.9461020432165,22.7310208575884,419.730510216082,184,17,0.970837734717967,90.8075824850709,9.1924175149291
2018,6.18493956240382,1.21685181933396,84.9703583411325,22.8147111820564,424.851791705663,185,17,1.00738363394164,90.8714900934751,9.12850990652492
2018,6.27095910580025,1.23379512884487,86.0054907331288,22.8985788347222,430.027453665644,186,17,1.01612869959893,90.9290940099603,9.0709059900397
2018,6.35635740392838,1.25014834890322,87.0560497027409,22.9829800967553,435.280248513705,187,17,1.05446257894349,90.9795870245106,9.02041297548944
2018,6.43672105618401,1.26581474667433,88.1159910520001,23.0674187533156,440.579955260001,188,17,1.07381192341458,91.0228280123725,8.97717198762749
2018,6.51035576754222,1.28073804128619,89.1881025998599,23.1521098174348,445.940512999299,189,17,1.05644842525182,91.0581124576764,8.94188754232362
2018,6.58505733126777,1.29488520851265,90.2783787330523,23.2375111985405,451.391893665262,190,17,1.10172114352749,91.0854674154865,8.91453258451347
2018,6.6512278173271,1.30812701825489,91.3745028047916,23.3226490600897,456.872514023958,191,17,1.0979179091049,91.1046834096335,8.89531659036646
2018,6.71718414161956,1.320424411399,92.4845812672419,23.4081483738925,462.422906336209,192,17,1.15252658367468,91.1142141222645,8.88578587773549
2018,6.77439531081182,1.33165431357077,93.5968859111054,23.4931047214111,467.984429555527,193,17,1.16494255261662,91.114130190345,8.885869809655
2018,6.8233802608141,1.3417740718303,94.7181035390853,23.578032632028,473.590517695427,194,17,1.14423318129941,91.1033709367804,8.89662906321966
2018,6.86657527181099,1.35073114455402,95.8532108299142,23.6633018471623,479.266054149571,195,17,1.12587073615309,91.0809394161529,8.9190605838471
2018,6.5460354218007,1.2864072294389,97.0005768324778,23.7487796874561,485.002884162389,196,16,1.19464726183246,90.8234796571815,9.1765203428185
2018,6.57280063479619,1.2921030603161,98.0700230379016,23.8278203439747,490.350115189508,197,16,1.17497803956928,90.7779063973089,9.22209360269109
2018,6.5957874480897,1.29648415313731,99.1487004493392,23.906937042007,495.743502246696,198,16,1.19511816923447,90.7180287075047,9.28197129249532
2018,6.61081503086883,1.29976898456134,100.227887982284,23.98549307529,501.139439911419,199,16,1.1827361343966,90.6431074879069,9.35689251209311
2018,6.62148492278518,1.30190484421829,101.312495001769,24.0638518561247,506.562475008844,200,16,1.19058663651112,90.5525089530365,9.44749104696347
2018,6.62709827960411,1.30306926303539,102.397599800573,24.1416636908483,511.987999002863,201,16,1.19681481809962,90.4473574934741,9.55264250652587
2018,6.62558551941007,1.30331598908708,103.482512013457,24.2188892695849,517.412560067283,202,16,1.16965977211884,90.3284179832164,9.6715820167836
2018,6.62310217767494,1.30271869689556,104.572479446628,24.2959085180466,522.86239723314,203,16,1.18726384771361,90.1960923361579,9.80390766384212
2018,6.61729676989226,1.30129750140452,105.658352024326,24.3720840434608,528.291760121632,204,16,1.21701450046354,90.0516222380079,9.94837776199211
2018,6.61037388612251,1.29909464765842,106.73703238425,24.4472166926215,533.68516192125,205,16,1.28891834025991,89.8959004134956,10.1040995865044
2018,6.59665970657617,1.29613304421641,107.799862908306,24.5207295330731,538.999314541529,206,16,1.3198844392868,89.7301638943463,10.2698361056537
2018,6.57804786122645,1.29249017630509,108.853670064488,24.5931211912406,544.26835032244,207,16,1.32942466325245,89.5547531746656,10.4452468253344
2018,6.55839989744493,1.28823066825627,109.901756114682,24.6646369624648,549.508780573408,208,16,1.37179640936243,89.3702384192722,10.6297615807279
2018,6.53373224321066,1.28338533567585,110.937343813521,24.7348345470042,554.686719067605,209,16,1.38246343743305,89.1778255471215,10.8221744528785
2018,6.50645482467945,1.27802738134976,111.965767031542,24.8040959410192,559.828835157708,210,16,1.39304433575168,88.9780335928517,11.0219664071483
2018,6.46903324074283,1.27224187350639,112.986517389139,24.8724035187481,564.932586945696,211,16,1.27856816471522,88.7750474037243,11.2249525962757
2018,6.0740769058193,1.19487547514046,114.022573822898,24.9412969420769,570.112869114488,212,15,1.22979946424452,88.2623750389955,11.7376249610045
2019,2.59250004725071,0.513325028943873,54.5,19.9420239553624,272.5,141,24,0.484965611554143,85.928341207603,14.071658792397
2019,2.59501888096721,0.513752539152874,54.9214803017735,19.9886328884296,274.607401508867,142,24,0.493013172474085,85.8467694203061,14.1532305796939
2019,2.60221058940233,0.515102332065683,55.3418536014743,20.0348717454132,276.709268007372,143,24,0.501345399842332,85.7886857860331,14.2113142139668
2019,2.61557908764536,0.517604567921912,55.7619974951899,20.0808414169592,278.80998747595,144,24,0.514970292642654,85.7590911504744,14.2409088495256
2019,2.63481471221711,0.521453308920298,56.1820887582392,20.126564600445,280.910443791196,145,24,0.514835996457539,85.7618436554102,14.2381563445898
2019,2.60134315935194,0.514544434950117,56.6060526020749,20.1724683248078,283.030263010374,146,16,0.476526890905035,85.7992824004612,14.2007175995388
2019,2.63668776968723,0.521380550749913,57.0309824860554,20.2182368285216,285.154912430277,147,16,0.490152093120888,85.8706020060145,14.1293979939855
2019,2.67992784056876,0.529822196048598,57.46025472174,20.2642323401368,287.3012736087,148,16,0.500678960995004,85.9748170921753,14.0251829078247
2019,2.73083206804724,0.539848022990648,57.8960679936377,20.3106843620234,289.480339968188,149,16,0.506280750168609,86.108933473026,13.891066526974
2019,2.79017638894772,0.55139577134224,58.3409400620343,20.3578512515398,291.704700310172,150,16,0.522220914371976,86.2687321061019,13.7312678938981
2019,3.0241233667816,0.597699379542107,58.7944911687073,20.405680966274,293.972455843537,151,17,0.532496171189727,86.7772717941233,13.2227282058767
2019,3.0992491837218,0.612618696389421,59.2927747199737,20.4579324529586,296.463873599869,152,17,0.53132907142096,86.9592399907324,13.0407600092676
2019,3.18120916788346,0.628783517727654,59.806314681647,20.5114645034969,299.031573408235,153,17,0.537208300718847,87.1525834040846,12.8474165959154
2019,3.26795756882985,0.646028882172762,60.3350684574909,20.5662487534193,301.675342287454,154,17,0.53468113940944,87.3540111506293,12.6459888493707
2019,3.35986517522562,0.664180370212064,60.8816748329198,20.6225320791868,304.408374164599,155,17,0.539500357768681,87.5585706689154,12.4414293310846
2019,3.45569525194621,0.683050121048876,61.4456961702401,20.6802406015085,307.2284808512,156,17,0.547837538977339,87.7618407066269,12.2381592933731
2019,3.5531393791998,0.702454351274314,62.0272131540816,20.7393539473948,310.136065770408,157,17,0.543450257821927,87.9607029006935,12.0392970993065
2019,3.65363452569479,0.722221366175409,62.629093252281,20.8001318865994,313.145466261405,158,17,0.55335454509668,88.1522418834932,11.8477581165068
2019,3.75455747750884,0.742168510368264,63.2490880844988,20.8623148809555,316.245440422494,159,17,0.557782443753895,88.3346213686487,11.6653786313513
2019,3.85511803954809,0.762130906889188,63.8883782096988,20.9259898263294,319.441891048494,160,17,0.557532049184128,88.5060424974374,11.4939575025626
2019,3.95499320382367,0.78195095562555,64.5478264979936,20.9912089651606,322.739132489968,161,17,0.557990068478474,88.6651260366712,11.3348739633288
2019,4.05537317335117,0.801475178030203,65.2271538442885,21.057910325683,326.135769221442,162,17,0.579904993763644,88.8109215218328,11.1890784781672
2019,4.15316807375883,0.820542244272327,65.9221694580599,21.1256528726192,329.610847290299,163,17,0.598934184197949,88.9430926871929,11.0569073128071
2019,4.24980899096813,0.839014970565633,66.6329331017713,21.1944174813452,333.164665508856,164,17,0.638669955512268,89.0610567722232,10.9389432277768
2019,4.34124485556248,0.856745170703454,67.3550722618652,21.2637610538941,336.775361309326,165,17,0.662644910650445,89.1647768143709,10.8352231856291
2019,4.4252695734828,0.873618446520922,68.0906976950203,21.3338689064097,340.453488475101,166,17,0.651812454585291,89.2537002878178,10.7462997121822
2019,4.508091740322,0.889541764238577,68.8452882109125,21.4052378458502,344.226441054562,167,17,0.681809820968544,89.3270512527138,10.6729487472862
2019,4.59094802941507,0.905270252323613,69.6104368066812,21.4770508175527,348.052184033406,168,17,0.724376714995458,89.3972671615275,10.6027328384725
2019,4.67270476550513,0.921616710881875,70.3836359114939,21.5490626534561,351.91817955747,169,17,0.717437023427747,89.4755298679519,10.5244701320481
2019,4.7575547074335,0.938559021755799,71.1745664339308,21.6221576729403,355.872832169654,170,17,0.711919443990608,89.5597159836405,10.4402840163595
2019,4.84888481568117,0.956033024441049,71.9835619555394,21.6963388532514,359.917809777697,171,17,0.749862336126941,89.6485832263702,10.3514167736298
2019,4.93969801493192,0.973938258497772,72.8032257216436,21.7709080065282,364.016128608218,172,17,0.756684327196426,89.7415747673907,10.2584252326093
2019,5.03249279607608,0.992234192231378,73.639677870995,21.8464036714061,368.198389354975,173,17,0.763635814479011,89.8370963240462,10.1629036759538
2019,5.12692927126389,1.01085381146823,74.4932880347052,21.9228342716362,372.466440173526,174,17,0.770719981451204,89.934101610897,10.0658983891029
2019,5.22167655340194,1.02972921145779,75.3643571611171,22.0002014160595,376.821785805586,175,17,0.766923427765956,90.031619126624,9.96838087337595
2019,5.31709468849121,1.04880106291876,76.2551226274775,22.0786760853046,381.275613137388,176,17,0.760105179625973,90.1286001402388,9.87139985976121
2019,5.41653444664875,1.06800288643041,77.1663219045216,22.1582926356835,385.831609522608,177,17,0.790109108401105,90.2241787971724,9.77582120282761
2019,5.51366470586676,1.08723393305183,78.0913937425401,22.2384538228364,390.456968712701,178,17,0.793333202154316,90.3180731305114,9.68192686948864
2019,5.61028206414814,1.10644672936366,79.0352310870514,22.3195618842757,395.176155435257,179,17,0.792300711338116,90.409212537856,9.59078746214395
2019,5.70402067566441,1.12557458069501,79.9985813774103,22.4016535835117,399.992906887052,180,17,0.7664185269934,90.4968845283126,9.50311547168736
2019,5.80042975328621,1.14456789715161,80.9858373832353,22.4850706393311,404.929186916176,181,17,0.775635097583565,90.5801718807556,9.41982811924444
2019,5.89932688405886,1.16332626561607,81.9905118159107,22.5692349793643,409.952559079554,182,17,0.822796739366645,90.6589402604312,9.3410597395688
2019,5.99342555621624,1.18174674223295,83.0055116392886,22.6535375289148,415.027558196443,183,17,0.838254129631395,90.7330946101859,9.26690538981409
2019,6.08313512416486,1.19978484876457,84.0362164155898,22.7384124179952,420.181082077949,184,17,0.828250474606071,90.8017228029034,9.19827719709658
2019,6.17158177936794,1.21739057583589,85.0868386911801,22.8241839935461,425.434193455901,185,17,0.828319900336132,90.8640258704991,9.1359741295009
2019,6.26590389755253,1.23448379755918,86.1551091704134,22.9106428094601,430.775545852067,186,17,0.917823158581663,90.9196395943515,9.08036040564853
2019,6.3500882146287,1.25091850106172,87.2243139726851,22.9964322884501,436.121569863425,187,17,0.935571639562399,90.9690952257661,9.03090477423387
2019,6.43193287878277,1.26668239561564,88.3067746155383,23.0825419597375,441.533873077691,188,17,0.965470068582477,91.0110813586987,8.98891864130126
2019,6.50735195991551,1.28169296829199,89.3995908116862,23.1687323552041,446.997954058431,189,17,0.966169645326431,91.0452447463329,8.9547552536671
2019,6.58365558661245,1.29591066569706,90.5073147760767,23.2553523417434,452.536573880383,190,17,1.02320780699798,91.0716925415836,8.92830745841639
2019,6.65482861281054,1.30921203785096,91.6188529337229,23.3415310249547,458.094264668614,191,17,1.07661480854113,91.0901319685148,8.90986803148519
2019,6.71172531024583,1.32152113469456,92.7339028518051,23.4272528924031,463.669514259025,192,17,1.02002424125628,91.0995058860743,8.90049411392567
2019,6.77174034054535,1.33285048008795,93.8716061067857,23.5139790229436,469.358030533929,193,17,1.05914534460346,91.0980603171038,8.90193968289617
2019,6.82719688790141,1.3430460423401,95.0134403895967,23.6002865735044,475.067201947984,194,17,1.11394062748551,91.086223539681,8.91377646031897
2019,6.8768093936532,1.35201735978015,96.1553560770264,23.6858802921619,480.776780385132,195,17,1.17567217540767,91.0635085501581,8.93649144984195
2019,6.54895362724953,1.28756906263798,97.2947940468138,23.7705850149177,486.473970234069,196,16,1.15686522768766,90.8061279245822,9.1938720754178
2019,6.5781580497124,1.29328242663904,98.3723652753109,23.850056867969,491.861826376555,197,16,1.1692722818991,90.7601436331054,9.23985636689464
2019,6.60028385978417,1.29765667689177,99.4532390384587,23.9291650733026,497.266195192293,198,16,1.17810710268524,90.7001833247103,9.29981667528971
2019,6.61547463774721,1.30094214423643,100.536710776844,24.0078642977617,502.683553884218,199,16,1.16811857264185,90.6250354189954,9.37496458100464
2019,6.62765506335172,1.30307688552299,101.625154757154,24.086331719983,508.125773785769,200,16,1.19645626047022,90.5342180826124,9.46578191738756
2019,6.63375440172127,1.30422619034081,102.710299963006,24.1639803901671,513.551499815031,201,16,1.21043807134455,90.4290519603225,9.57094803967749
2019,6.63620268955927,1.30445292210908,103.7937980191,24.2409428033834,518.968990095499,202,16,1.23910206391007,90.3101668252168,9.68983317478321
2019,6.63014094440781,1.30379879033775,104.871978725275,24.3169736705039,524.359893626373,203,16,1.21127320184871,90.1784910474132,9.82150895258677
2019,6.62286335171706,1.30235204999745,105.954435240297,24.3927599727688,529.772176201485,204,16,1.22266740897645,90.0341688705299,9.96583112947015
2019,6.61068116827871,1.30013630537262,107.03307554848,24.4677441937094,535.165377742402,205,16,1.22007246422554,89.8783858578039,10.1216141421961
2019,6.5899176872036,1.29721046946705,108.109712795309,24.5420657813929,540.548563976544,206,16,1.1498208962783,89.7117562431863,10.2882437568137
2019,6.57400349531709,1.2936673666487,109.196158022291,24.616543319022,545.980790111457,207,16,1.18749924455783,89.5343135466104,10.4656864533896
2019,6.55089606511478,1.28948829353271,110.27178990104,24.6897725264435,551.358949505199,208,16,1.17157026432018,89.3480464070478,10.6519535929522
2019,6.5263328059713,1.28475871469746,111.345887701548,24.7624021797426,556.729438507742,209,16,1.17367720815225,89.1531974149796,10.8468025850204
2019,6.49826143235136,1.27952001830241,112.414548601078,24.8341811854218,562.072743005391,210,16,1.16305594901398,88.9508354072404,11.0491645927596
2019,6.47057599140573,1.27386497328076,113.479612411061,24.9052469435074,567.398062055304,211,16,1.18639065382412,88.7450057494661,11.2549942505339
2019,6.07907091429988,1.19643621298133,114.534360641264,24.9751677247087,572.671803206318,212,15,1.18998428718585,88.230135605269,11.769864394731
2020,2.59383724362112,0.513332192597791,54.5,19.9420239553624,272.5,141,24,0.503610056720168,85.9303879920155,14.0696120079846
2020,2.59580229274003,0.513756351316113,54.9180188520143,19.9882511248546,274.590094260072,142,24,0.504023782044131,85.8494314829563,14.1505685170437
2020,2.60151270239317,0.515101160008405,55.3363467226737,20.0342676027519,276.681733613369,143,24,0.4913778887057,85.791617702085,14.208382297915
2020,2.61433806079917,0.51759774430564,55.7583445585955,20.0804427762077,278.791722792977,144,24,0.497378149810476,85.7614537569931,14.2385462430069
2020,2.63359253586645,0.521441672757204,56.1817060568157,20.1265230554282,280.908530284078,145,24,0.498011950636803,85.7633645743817,14.2366354256183
2020,2.66060889422071,0.526776588631198,56.6087902758479,20.1727639603246,283.043951379239,146,24,0.501952635857059,85.7991626749476,14.2008373250524
2020,2.69595722199361,0.533672494917557,57.0404881481368,20.2192579458206,285.202440740684,147,24,0.512257605268084,85.869966516196,14.130033483804
2020,2.73927058109497,0.5421885856901,57.4771931369729,20.2660423328875,287.385965684865,148,24,0.519420910822133,85.972781229355,14.027218770645
2020,2.7905473558062,0.552293922676983,57.9211265024663,20.3133478532909,289.605632512332,149,24,0.525626951185512,86.1054858435958,13.8945141564042
2020,2.84954133983776,0.563925949844888,58.3740722890239,20.3613540025857,291.870361445119,150,24,0.531864608684009,86.2640177334552,13.7359822665448
2020,3.07589856793817,0.608747287140285,58.8375675107176,20.4102102390841,294.187837553588,151,24,0.536324700684925,86.7721001967104,13.2278998032896
2020,3.09682833738315,0.612671366738563,59.3454402120614,20.4634372053685,296.727201060307,152,17,0.498091954671652,86.9528108469011,13.0471891530989
2020,3.17936864047948,0.628859784400232,59.8651431927715,20.5175763822762,299.325715963858,153,17,0.510024259728539,87.1455019656366,12.8544980343634
2020,3.26687807616194,0.646125816975921,60.3989653971812,20.5728464323885,301.994826985906,154,17,0.516122703895986,87.3456537901157,12.6543462098843
2020,3.35849856867089,0.664299889778858,60.9490672499914,20.6294469653064,304.745336249957,155,17,0.516642435877596,87.5500814572275,12.4499185427725
2020,3.45409082313005,0.683196108755355,61.5173865070349,20.6875492033193,307.586932535175,156,17,0.521054750062063,87.7531437489086,12.2468562510914
2020,3.55292916252954,0.702630745328584,62.1039387804201,20.7471245077636,310.519693902101,157,17,0.531427995369886,87.9517351590417,12.0482648409583
2020,3.65538548718804,0.722420774286543,62.7081808586883,20.8080878620332,313.540904293442,158,17,0.562449764799297,88.1433240996165,11.8566759003835
2020,3.75757662927237,0.742377696751212,63.3267063751365,20.8700697188337,316.633531875682,159,17,0.580721869994548,88.3261601578735,11.6738398421265
2020,3.86001692972721,0.76233948964568,63.962011967068,20.9332953746238,319.81005983534,160,17,0.60154626501136,88.4982644883883,11.5017355116117
2020,3.96119386804505,0.782142437542468,64.613636713196,20.9976920388305,323.06818356598,161,17,0.616922704563375,88.6583698549361,11.3416301450639
2020,4.05654417179718,0.801636238854892,65.2824172165454,21.0633151564765,326.412086082727,162,17,0.58414833888886,88.8053888632255,11.1946111367745
2020,4.15114847158656,0.820710635129461,65.9768179643128,21.1309582658832,329.884089821564,163,17,0.568910250333728,88.9377663595419,11.0622336404581
2020,4.24869488612276,0.839216199780132,66.6931820608774,21.2002228708792,333.465910304387,164,17,0.615398106743637,89.0553433961323,10.9446566038677
2020,4.33990822873769,0.856974883996219,67.4197522888182,21.2699466384725,337.098761444091,165,17,0.634965947998354,89.1587940519459,10.8412059480541
2020,4.42743963792407,0.873880458911027,68.1606456443108,21.3405076741326,340.803228221554,166,17,0.661785256600706,89.2473776651824,10.7526223348175
2020,4.50801078379044,0.889806468589489,68.9136749906759,21.4116788528461,344.568374953379,167,17,0.666307918052996,89.3209919537026,10.6790080462974
2020,4.58952006498786,0.905557862385851,69.6819071333922,21.4837305149245,348.409535666961,168,17,0.691377113964713,89.3910614091041,10.6089385908959
2020,4.67387706036745,0.921942102922167,70.4614198562647,21.5562764771635,352.307099281324,169,17,0.712561358974739,89.4689149332581,10.5310850667419
2020,4.75959133493525,0.938900100761347,71.2535591549377,21.62942675275,356.267795774688,170,17,0.716042120317954,89.5531349553457,10.4468650446543
2020,4.84806141630758,0.956382746500991,72.0621365911946,21.7035127715424,360.310682955973,171,17,0.720787572272808,89.6421717416935,10.3578282583065
2020,4.93902008092207,0.974324351766992,72.8874497090123,21.7785370971061,364.437248545061,172,17,0.727492017745361,89.7348448644221,10.2651551355779
2020,5.0295422704616,0.99265739515418,73.7296036887937,21.8544844610598,368.648018443969,173,17,0.708138630652003,89.8300585643928,10.1699414356072
2020,5.12279978703874,1.0113366370531,74.5937220035423,21.9317867298359,372.968610017711,174,17,0.700352620380752,89.9263994039464,10.0736005960536
2020,5.21818414516692,1.03028485546737,75.478037308774,22.0102522753182,377.39018654387,175,17,0.700948075116791,90.023071581666,9.97692841833395
2020,5.31405909377674,1.04942652814617,76.3812976888609,22.0897401149028,381.906488444305,176,17,0.696978727310518,90.1192953492576,9.88070465074241
2020,5.41144534493759,1.06869621717549,77.3045131660053,22.1703098634419,386.522565830027,177,17,0.701872248182696,90.2141800712406,9.78581992875938
2020,5.50812137983237,1.08801675902239,78.2462122650067,22.2518047239641,391.231061325034,178,17,0.697629234716167,90.3070749077491,9.69292509225089
2020,5.60453533479416,1.10732557015218,79.2080790143092,22.33434222581,396.040395071546,179,17,0.691975561697218,90.3971507910039,9.6028492089961
2020,5.70554246819331,1.12655329578947,80.1903417603508,22.417912076891,400.951708801754,180,17,0.733807515876221,90.4837337301716,9.51626626982844
2020,5.80389191555085,1.14558955076879,81.1844205223764,22.5017639646733,405.922102611882,181,17,0.760052452123422,90.566790639777,9.43320936022298
2020,5.89717276586444,1.16437625722631,82.1928997301783,22.5861024767409,410.964498650891,182,17,0.749272858771422,90.6455362657431,9.35446373425693
2020,5.98845442263981,1.18287318433871,83.222168971662,22.6714392142765,416.11084485831,183,17,0.734351042132516,90.7189751416238,9.28102485837621
2020,6.08239437285299,1.20101232667213,84.2726549793955,22.7577798783337,421.363274896977,184,17,0.76149796211154,90.7865477568422,9.21345224315781
2020,6.1718686533313,1.21868739408807,85.3364736210289,22.8444552545346,426.682368105144,185,17,0.768924267350679,90.8482432274061,9.15175677259386
2020,6.26071534743817,1.23584291245427,86.4166738809832,22.9316981617823,432.083369404916,186,17,0.795433199721281,90.9033406080911,9.09665939190891
2020,6.34075798872311,1.25239127780803,87.5093114759755,23.019175727863,437.546557379877,187,17,0.768204019419314,90.9515695347404,9.04843046525956
2020,6.42042852854804,1.26830372651702,88.6233709234664,23.107588034738,443.116854617332,188,17,0.768071736106838,90.9918493678214,9.00815063217857
2020,6.50171470622237,1.28348507762308,89.7533556714003,23.1964763840957,448.766778357001,189,17,0.817017201663553,91.0239983977036,8.97600160229638
2020,6.57696456119515,1.29782466594011,90.8897705046296,23.2850873451329,454.448852523148,190,17,0.850545902632491,91.0482377851046,8.95176221489544
2020,6.64346987366426,1.31127188220105,92.0344888561039,23.3735684978793,460.172444280519,191,17,0.843430225466888,91.0649136252703,8.93508637472967
2020,6.70992724256374,1.32377201325287,93.1938878023834,23.4624059618543,465.969439011917,192,17,0.882605184528011,91.0718796487576,8.92812035124244
2020,6.77353238253729,1.33521257662599,94.3586962873234,23.5508855847772,471.793481436617,193,17,0.949238895430625,91.0690531684215,8.93094683157845
2020,6.82603106025525,1.34549540244664,95.5228489423859,23.6385580128399,477.61424471193,194,17,0.96238184842362,91.0561075551662,8.94389244483381
2020,6.87317015749701,1.35458351671027,96.6948195570918,23.7260701918304,483.474097785459,195,17,0.983162834973404,91.03182254985,8.96817745014998
2020,6.54884071467317,1.29009856353081,97.8720049770679,23.8132306986909,489.36002488534,196,16,1.00079611645951,90.7722670649024,9.22773293509756
2020,6.58514648181126,1.29591837317902,98.9807373227598,23.8946571802216,494.903686613799,197,16,1.09165890982057,90.724596434679,9.27540356532101
2020,6.61166654253361,1.30032971541717,100.078497941439,23.974653968626,500.392489707193,198,16,1.15455362567948,90.6637475203655,9.33625247963446
2020,6.63136163956072,1.30362216178682,101.168920603256,24.0535128260895,505.844603016282,199,16,1.20482694711626,90.588254695856,9.41174530414401
2020,6.64358943100043,1.30572352275401,102.253161630546,24.1313394279285,511.265808152728,200,16,1.23691895562121,90.4977126524949,9.50228734750508
2020,6.65063779607605,1.30683837843482,103.333360719831,24.2083060306003,516.666803599153,201,16,1.2673518213812,90.3928325521148,9.60716744788517
2020,6.65343886697345,1.30702113705116,104.408810487118,24.2843791596691,522.044052435591,202,16,1.30571817712265,90.274387202692,9.72561279730798
2020,6.65196377864914,1.30631842968808,105.477071403199,24.3594050109315,527.385357015993,203,16,1.34862550317729,90.1432383510096,9.85676164899036
2020,6.64565335750741,1.30477838300731,106.536376766327,24.4332807481941,532.681883831634,204,16,1.38374383537577,90.0002053667051,9.99979463329487
2020,6.6340310425891,1.30245671192218,107.587314112771,24.5060687042115,537.936570563853,205,16,1.39822121701319,89.8459737548653,10.1540262451347
2020,6.61874398575983,1.29941703862151,108.632945971008,24.5779990425478,543.16472985504,206,16,1.4125801195056,89.6810927743547,10.3189072256453
2020,6.59834908849976,1.29570950440025,109.672559497364,24.6490385556625,548.362797486821,207,16,1.39923956160151,89.5063513181237,10.4936486818763
2020,6.57735936662329,1.2914022725875,110.710669415264,24.7195085313908,553.553347076319,208,16,1.42560894185543,89.3222502402993,10.6777497597007
2020,6.54810825890884,1.28652153262015,111.739210677104,24.7888762115937,558.696053385522,209,16,1.36535101348988,89.1300736082303,10.8699263917697
2020,6.51248359584435,1.28117408353339,112.773853056509,24.8582078151345,563.869265282543,210,16,1.24774668448491,88.9297169162537,11.0702830837463
2020,6.48538473322591,1.27545949627978,113.824786068177,24.9281786782628,569.123930340883,211,16,1.28628241581199,88.7226565577206,11.2773434422794
2020,6.09272026234259,1.19787182909428,114.862480478907,24.9968277059153,574.312402394534,212,15,1.29081650937501,88.2097681291605,11.7902318708395
2021,2.59404148235624,0.513325028943873,54.5,19.9420239553624,272.5,141,24,0.507136874143449,85.928341207603,14.071658792397
2021,2.59623176048006,0.513753385189233,54.9173543362767,19.9881778334411,274.586771681384,142,24,0.510555048279333,85.8476592790893,14.1523407209107
2021,2.60288725545782,0.515102625739992,55.3344618492559,20.0340608094863,276.672309246279,143,24,0.511170903991937,85.7902460785654,14.2097539214346
2021,2.61547786697149,0.517603210038168,55.7527759986803,20.079835050671,278.763879993401,144,24,0.513508105676262,85.7609878239848,14.2390121760152
2021,2.63454698464445,0.521450132941433,56.1731394852072,20.1255930402853,280.865697426036,145,24,0.511086275637321,85.7636292008289,14.2363707991711
2021,2.60100647934729,0.51454127899035,56.597799758139,20.1715770575942,282.988998790695,146,16,0.472070942139137,85.800872904723,14.199127095277
2021,2.63549780020421,0.52137593361025,57.0235535250231,20.2174387120352,285.117767625116,147,16,0.474044838116943,85.8719795740923,14.1280204259077
2021,2.67815004558749,0.529818323147396,57.4558092450518,20.2637572470445,287.279046225259,148,16,0.476516138650262,85.9756076161523,14.0243923838477
2021,2.79105998796111,0.552294897351454,57.896099539346,20.3106877155499,289.48049769673,149,24,0.532691528000993,86.1089281074954,13.8910718925046
2021,2.78734773013611,0.551405198120078,58.3477350360342,20.3585697316452,291.738675180171,150,16,0.483246528317915,86.2676287139848,13.7323712860152
2021,3.02300120082162,0.597723160853117,58.8085152602349,20.4071557867455,294.042576301175,151,17,0.516368573699265,86.775135387474,13.224864612526
2021,3.09849510316453,0.612652193690389,59.3097998378946,20.4597123410724,296.548999189473,152,17,0.519657369864402,86.9567679136506,13.0432320863494
2021,3.17982819443835,0.62882639216198,59.8255232478986,20.5134606023049,299.127616239493,153,17,0.51739887269516,87.1499241018816,12.8500758981184
2021,3.26716474897285,0.646085808984557,60.3579626252906,20.5686132504712,301.789813126453,154,17,0.521688593428813,87.3509864347438,12.6490135652562
2021,3.3591539129917,0.664249496008933,60.9070088346349,20.6251321326916,304.535044173174,155,17,0.526999066456034,87.5553719910779,12.4446280089221
2021,3.45585425793525,0.683131986692568,61.4733880489239,20.6830644045624,307.366940244619,156,17,0.544996132179621,87.7584930287249,12.2415069712751
2021,3.55430019326473,0.702543987227282,62.0555049678468,20.7422200437457,310.277524839234,157,17,0.551859506954859,87.957420969782,12.042579030218
2021,3.65213761200723,0.722311646551698,62.6559352211184,20.8028328925383,313.279676105592,158,17,0.531699133446185,88.1492469425843,11.8507530574157
2021,3.75582861429344,0.74227783467343,63.279961595733,20.865400245262,316.399807978665,159,17,0.566094866225066,88.3312998531145,11.6687001468855
2021,3.85757508128181,0.762239956343055,63.9178432738676,20.9289138966335,319.589216369338,160,17,0.57888493351977,88.5029781356171,11.4970218643829
2021,3.95899872424883,0.782049670416316,64.5735122030807,20.9937398545509,322.867561015403,161,17,0.596693840430492,88.6625372624311,11.3374627375689
2021,4.05886449393863,0.801549560746374,65.2458997242631,21.0597440550686,326.229498621316,162,17,0.614585382197381,88.8090860757741,11.1909139242259
2021,4.15499960813,0.820593224861237,65.9346773900989,21.1268674397038,329.673386950495,163,17,0.616371530119424,88.9419001155153,11.0580998844847
2021,4.24980387448813,0.839054089820494,66.6423197770123,21.1953221907134,333.211598885062,164,17,0.636442884701557,89.0601832976869,10.9398167023131
2021,4.33988192603544,0.856786892719942,67.3649032531853,21.2647014938253,336.824516265927,165,17,0.644839970056123,89.1638820465798,10.8361179534202
2021,4.42540789865951,0.873674936498655,68.1038170059107,21.3351144237082,340.519085029554,166,17,0.650273612528451,89.2525300547273,10.7474699452727
2021,4.50635186500594,0.88960034761298,68.858742838828,21.4065054218628,344.29371419414,167,17,0.659066378707258,89.3258728494297,10.6741271505703
2021,4.58564272409219,0.905347858324206,69.6280920218623,21.4787013382676,348.140460109311,168,17,0.659715065181197,89.3957478159671,10.6042521840329
2021,4.66807265853089,0.921747689558756,70.4131622207019,21.5518016307361,352.065811103509,169,17,0.658843832654414,89.4730341369192,10.5269658630808
2021,4.75265447174188,0.938739420798728,71.2148846508185,21.6258685439907,356.074423254092,170,17,0.649505164591062,89.5563696270196,10.4436303729804
2021,4.8412835569786,0.956266746630093,72.0353825348682,21.7010707201966,360.176912674341,171,17,0.654376566258743,89.6443606991807,10.3556393008193
2021,4.93316059332692,0.974253552956512,72.8726225962388,21.7771944886134,364.363112981194,172,17,0.668734929436028,89.7360237274788,10.2639762725212
2021,5.0264004336097,0.992626024248252,73.7253562805036,21.854102940931,368.626781402518,173,17,0.677125934557083,89.8303686815486,10.1696313184514
2021,5.12238292080139,1.01132187779557,74.5950488230244,21.9319049433001,372.975244115122,174,17,0.696844379213841,89.9262573855291,10.0737426144709
2021,5.21730931188833,1.0302636666576,75.4799823847298,22.0104241544484,377.399911923649,175,17,0.693231413288565,90.0228682877529,9.97713171224714
2021,5.31531536632059,1.04940199220442,76.3846111017557,22.0900304895043,381.923055508779,176,17,0.71078746560861,90.1189768421953,9.88102315780471
2021,5.41533272924217,1.06864991452323,77.3053160337612,22.1703796377307,386.526580168806,177,17,0.743358522686202,90.2140331744548,9.78596682554523
2021,5.51524493745642,1.08792487683822,78.2394953413547,22.2512258668421,391.197476706774,178,17,0.773912579469617,90.3074524290309,9.6925475709691
2021,5.61390140884941,1.10715817317695,79.1875302519463,22.3325862655511,395.937651259732,179,17,0.793669417990813,90.3984790958382,9.60152090416183
2021,5.71018836934023,1.12628836921735,80.1513278271684,22.4146064598477,400.756639135842,180,17,0.793927314973884,90.4863013946242,9.51369860537582
2021,5.80617630771855,1.14526129209075,81.1343125872895,22.4975544709106,405.671562936447,181,17,0.799666360400421,90.5700545583942,9.42994544160581
2021,5.90296780234178,1.16400151878494,82.1353269529938,22.5813071713407,410.676634764969,182,17,0.826267525270773,90.6492310387598,9.3507689612402
2021,5.99982185129478,1.18242052328923,83.1503575639692,22.6655092756514,415.751787819846,183,17,0.871530772431767,90.7235347762988,9.27646522370118
2021,6.09135562769037,1.2004315073391,84.1756828287946,22.749841157431,420.878414143973,184,17,0.881790501566963,90.7926567484826,9.20734325151742
2021,6.1805130427828,1.21799269123926,85.2172376786794,22.8347780271825,426.086188393397,185,17,0.891142810319629,90.855672328326,9.14432767167402
2021,6.26702192489526,1.23503336171809,86.2747263300773,22.9202772338098,431.373631650387,186,17,0.900538268942833,90.9120834364726,9.08791656352738
2021,6.35017304110368,1.25148170060221,87.3476083047437,23.0062777994364,436.738041523718,187,17,0.906249110958409,90.9614100642216,9.03858993577838
2021,6.43007430359892,1.26726856614606,88.4359466830487,23.0927683656395,442.179733415243,188,17,0.913254560530727,91.0031310335977,8.99686896640234
2021,6.50774396704388,1.28232017386319,89.5388301076111,23.1796613204507,447.694150538056,189,17,0.936544949225688,91.0367761669039,8.96322383309607
2021,6.58029252147359,1.29655955745532,90.6525526510094,23.2666545284505,453.262763255047,190,17,0.949132839503733,91.0629570866998,8.93704291330023
2021,6.64753107756598,1.30991781295192,91.7782279133784,23.3538276972459,458.891139566892,191,17,0.952698735993511,91.0806449178641,8.91935508213589
2021,6.71062001589636,1.32232243933394,92.916595391953,23.4412291781357,464.582976959765,192,17,0.963853349337205,91.0887329622667,8.91126703773333
2021,6.76895151159359,1.33369123514451,94.0653042876844,23.52867137888,470.326521438422,193,17,0.980540419449057,91.0867350741693,8.91326492583072
2021,6.82209790967886,1.3439425323108,95.2222933734241,23.6159947793962,476.11146686712,194,17,1.00275377820683,91.0741032860493,8.92589671395072
2021,6.86958398744451,1.35299328159877,96.3854170077162,23.7030389460135,481.927085038581,195,17,1.03013661421933,91.0502428845454,8.94975711545465
2021,6.54255238861269,1.28858304119722,97.5525057651887,23.7896470836204,487.762528825943,196,16,1.0144470002932,90.7909369148229,9.20906308517705
2021,6.5741336173373,1.29438949522668,98.6572670488841,23.8709671405985,493.286335244421,197,16,1.04885879069138,90.7434145081505,9.25658549184951
2021,6.59763556895248,1.29883844231055,99.7614030573673,23.9516094844547,498.807015286836,198,16,1.06950615355648,90.6821355367662,9.31786446323378
2021,6.61644038286674,1.30218809435852,100.866047569518,24.0316688505789,504.330237847592,199,16,1.10151344505579,90.6057739737564,9.39422602624364
2021,6.63057729333501,1.30435665448672,101.967985721148,24.1109255210501,509.83992860574,200,16,1.15164412626631,90.5141739816182,9.48582601838176
2021,6.63980581186262,1.30552436047317,103.062655865776,24.1890705589589,515.313279328879,201,16,1.20623725287511,90.4084372914825,9.59156270851753
2021,6.64337527292963,1.30574187583594,104.148180642777,24.2659935419587,520.740903213883,202,16,1.25132412699444,90.2894012965381,9.71059870346193
2021,6.63995593499594,1.30506793790389,105.225326363924,24.3417723785915,526.12663181962,203,16,1.26210041064253,90.1577373963704,9.84226260362961
2021,6.63114293670537,1.30357643416658,106.299554157198,24.41680937503,531.497770785991,204,16,1.25502816392183,90.0138368384841,9.98616316151587
2021,6.6162742826827,1.30132900526663,107.373351286044,24.4912899376898,536.866756430221,205,16,1.21668695019013,89.8582661578928,10.1417338421072
2021,6.60247109851507,1.29839522548398,108.45175638695,24.5655694512609,542.258781934751,206,16,1.24250906655202,89.6914482901316,10.3085517098684
2021,6.58573277052679,1.29478344390875,109.522145286218,24.6387894819997,547.61072643109,207,16,1.27628695590783,89.5148708598778,10.4851291401222
2021,6.56463695452224,1.2905395822118,110.58233613864,24.7108219035894,552.911680693198,208,16,1.29377169578468,89.3294340589766,10.6705659410234
2021,6.53857633440805,1.28572577919093,111.634712571878,24.7818489308419,558.173562859391,209,16,1.28038545310692,89.135797939728,10.864202060272
2021,6.51370094897095,1.28041408670617,112.684452062773,24.8522345771626,563.422260313864,210,16,1.32279408941069,88.9344895013286,11.0655104986714
2021,6.48521039171324,1.27465509402334,113.720628342942,24.9212640347652,568.603141714712,211,16,1.34542646174868,88.7303325925613,11.2696674074387
2021,6.09160919188531,1.19708049832181,114.746470361648,24.9891745325817,573.732351808242,212,15,1.33732541031604,88.2167837948251,11.7832162051749
2022,2.5343697089648,0.501470051666941,54.5,19.9420239553624,272.5,141,16,0.450672052102124,85.928341207603,14.071658792397
2022,2.53645862684404,0.501818955953185,54.9167129460067,19.9881070920179,274.583564730033,142,16,0.457801822611297,85.847797612806,14.152202387194
2022,2.54298144135161,0.503090988516451,55.3324164793407,20.0338364022716,276.662082396703,143,16,0.46181167775365,85.7906778476122,14.2093221523878
2022,2.55494455493594,0.505515758759081,55.7486213176438,20.0793816014387,278.743106588219,144,16,0.460546541477196,85.761842418085,14.238157581915
2022,2.57431222187661,0.509287680831649,56.1674704682102,20.1249775388313,280.837352341051,145,16,0.467388794169347,85.7647603662947,14.2352396337053
2022,2.60092416278428,0.514537849378797,56.5888233041562,20.170607541151,282.944116520781,146,16,0.471125031867245,85.8026030356103,14.1973969643897
2022,2.63654074977253,0.521370464629452,57.0147498214655,20.2164928088341,285.073749107328,147,16,0.488699885499096,85.8736122200252,14.1263877799748
2022,2.67900542162741,0.52980828454626,57.4442831541892,20.2625253214149,287.221415770946,148,16,0.488726590806542,85.9776574589777,14.0223425410223
2022,2.72911486907188,0.539832502223928,57.8823024771093,20.3092208710528,289.411512385546,149,16,0.483820032304196,86.1112750126701,13.8887249873299
2022,2.78857383043468,0.551382431646775,58.3313233036798,20.3568343047575,291.656616518399,150,16,0.500954205474814,86.2702938670536,13.7297061329464
2022,3.02321783792405,0.597689742193491,58.7888072799176,20.4050831596541,293.944036399588,151,17,0.521212938887285,86.7781377718262,13.2218622281738
2022,3.09905228752574,0.612611597452067,59.289166396135,20.4575551755989,296.445831980675,152,17,0.529228847116771,86.9597639907352,13.0402360092648
2022,3.18087922927554,0.628776313781602,59.8030870394957,20.5111290523858,299.015435197478,153,17,0.533465333857552,87.153030309634,12.846969690366
2022,3.26883325403736,0.646022554016419,60.3325234359928,20.5659858663808,301.662617179964,154,17,0.545964356082415,87.3543474413976,12.6456525586024
2022,3.36015900207108,0.664167746213424,60.8770483174893,20.6220571739342,304.385241587446,155,17,0.54381003138112,87.5591549119156,12.4408450880844
2022,3.45613887971803,0.683034068573824,61.4402665089575,20.679686822754,307.201332544788,156,17,0.55410105013045,87.7624972169104,12.2375027830895
2022,3.55694446760542,0.702433459420216,62.0206195450002,20.7386858522758,310.103097725001,157,17,0.590361442073548,87.9614679160401,12.0385320839599
2022,3.65575078513335,0.722170186735686,62.6138784607819,20.7986005213045,313.069392303909,158,17,0.581008982766419,88.1539398535255,11.8460601464745
2022,3.7574510268657,0.74209653598831,63.2287657463076,20.8602833820323,316.143828731538,159,17,0.595297863892224,88.3368082655508,11.6631917344492
2022,3.85655270363055,0.762030046366977,63.8611316221186,20.923285077887,319.305658110593,160,17,0.578924508873761,88.5088768539859,11.4911231460141
2022,3.95650526638966,0.781830873906145,64.5165885271167,20.9881300482972,322.582942635584,161,17,0.580743157620131,88.6682751610356,11.3317248389644
2022,4.05519756513422,0.801334336888145,65.1916678802238,21.0544380686475,325.958339401119,162,17,0.585463610434207,88.814396774943,11.185603225057
2022,4.15343994629763,0.820392899592824,65.8855369028475,21.1220947898964,329.427684514237,163,17,0.609936678449165,88.9465860750441,11.0534139249559
2022,4.24652232185854,0.838853320691257,66.5941546984347,21.1906789877936,332.970773492173,164,17,0.61101597062959,89.0646659075606,10.9353340924394
2022,4.3358577546732,0.856601248378029,67.3211676300897,21.2605169775437,336.605838150448,165,17,0.610870968633529,89.1678631020982,10.8321368979018
2022,4.42171960245127,0.873512383989571,68.066070716026,21.3315304257415,340.33035358013,166,17,0.619009884285007,89.2558972632737,10.7441027367263
2022,4.50509926591442,0.889459994829068,68.8265119700123,21.4034686259114,344.132559850061,167,17,0.652872439001432,89.3286959035797,10.6713040964203
2022,4.58382270395793,0.905210517504648,69.5968497230963,21.4757804127237,347.984248615482,168,17,0.647393852078412,89.3984365244134,10.6015634755866
2022,4.6676707391014,0.921618417078351,70.3840204698285,21.5490983317556,351.920102349142,169,17,0.661318385079481,89.4754973602777,10.5245026397223
2022,4.75450725210848,0.938606465364202,71.1851679106329,21.6231335701618,355.925839553164,170,17,0.675826369193959,89.5588360068022,10.4411639931978
2022,4.84324954215482,0.95611066412895,72.0007724389049,21.6979106488507,360.003862194524,171,17,0.6828048123276,89.64718073293,10.35281926707
2022,4.93409229395873,0.974072297103144,72.8327204537203,21.7735803675674,364.163602268602,172,17,0.687602483331111,89.7392152671422,10.2607847328579
2022,5.02758499543717,0.992427190938081,73.6818674624989,21.8501957101465,368.409337312494,173,17,0.699420252112564,89.8337831871395,10.1662168128604
2022,5.12366693428857,1.01110250320114,74.5473386255522,21.9276532644814,372.736693127761,174,17,0.721482935328832,89.9299346986584,10.0700653013416
2022,5.22027085961888,1.03002164835916,75.4276019433713,22.0057944113615,377.138009716856,175,17,0.736064516488434,90.0268320764314,9.97316792356856
2022,5.31708831687471,1.04912202973921,76.3242571228187,22.0847399248002,381.621285614094,176,17,0.74323463571186,90.123461619155,9.87653838084504
2022,5.41416103842838,1.06834055795094,77.2388281561309,22.1645997086324,386.194140780655,177,17,0.746949369796037,90.2188856913027,9.78111430869733
2022,5.51322373157855,1.0876104201743,78.1720560608607,22.2454121029898,390.860280304303,178,17,0.76886293064451,90.3122879735968,9.68771202640323
2022,5.60986485587947,1.10684615523917,79.1206978491744,22.3268730168268,395.603489245872,179,17,0.767369569253743,90.403188512051,9.59681148794898
2022,5.70592434958799,1.12599705139588,80.0889493343441,22.4093188530088,400.444746671721,180,17,0.764720460092033,90.4906227114209,9.50937728857911
2022,5.80376571355284,1.14499344703525,81.076923901037,22.4927311053895,405.384619505185,181,17,0.788341581520248,90.5739645733674,9.42603542663258
2022,5.89495171591317,1.1637423998649,82.0797223150245,22.5766735701502,410.398611575123,182,17,0.757961529729874,90.6529586088377,9.3470413911623
2022,5.9918197330923,1.18221810304864,83.106812154788,22.6619117071555,415.53406077394,183,17,0.797907228004596,90.7264083742805,9.27359162571949
2022,6.08291615864475,1.20029056496263,84.1452627427249,22.7473494736728,420.726313713624,184,17,0.800996992623367,90.7946339312788,9.20536606872122
2022,6.17294582537918,1.21791910692696,85.2012891710377,22.8334829257633,426.006445855188,185,17,0.816004733391038,90.8566938645298,9.14330613547019
2022,6.25963256969536,1.23502218843988,86.272292423644,22.9200812904798,431.36146211822,186,17,0.824339325664852,90.9122371633038,9.08776283669625
2022,6.34760752854897,1.25153339888658,87.3589363855631,23.0071819028597,436.794681927815,187,17,0.876365769603524,90.9607040752543,9.03929592474567
2022,6.43202400744362,1.26734468770567,88.4527379851105,23.0940969491895,442.263689925553,188,17,0.930326377668997,91.0020977270865,8.99790227291349
2022,6.51012025876227,1.28238212009215,89.5525964442977,23.1807412038131,447.762982221488,189,17,0.959353746285188,91.035939033536,8.96406096646396
2022,6.58448691783477,1.29660275839698,90.6622320138806,23.2674073127907,453.311160069403,190,17,0.993542428533731,91.0623750142718,8.93762498572822
2022,6.65627166488585,1.30992504981365,91.7798638846428,23.3539538443942,458.899319423214,191,17,1.05177018830986,91.0805475501606,8.91945244983937
2022,6.7226800747939,1.32225045520953,92.9001651268493,23.4399730195022,464.500825634246,192,17,1.10841655928708,91.0897016529459,8.91029834705408
2022,6.77617198889677,1.3335050822234,94.0223740679036,23.5254168644938,470.111870339518,193,17,1.07371842248145,91.0892447704143,8.91075522958569
2022,6.82777851323365,1.34368472580704,95.1621735211298,23.6114755212503,475.810867605649,194,17,1.08292444279191,91.077591693469,8.92240830653095
2022,6.87831162559592,1.35267539179906,96.3104019250491,23.6974472290978,481.552009625246,195,17,1.15357424221283,91.0545677402948,8.94543225970521
2022,6.55018044198808,1.28819804470783,97.4545523649378,23.7824059398022,487.272761824689,196,16,1.13231419634884,90.796709996797,9.203290003203
2022,6.57946413928503,1.29392371845115,98.5372709115871,23.8621652001033,492.686354557935,197,16,1.14482510923468,90.7504594887071,9.24954051129286
2022,6.60118414307579,1.29830936914715,99.6232863436016,23.9415560581962,498.116431718008,198,16,1.14747781919666,90.6902231679344,9.30977683206556
2022,6.62391835780993,1.30160994599816,100.713054229159,24.0206171983372,503.565271145796,199,16,1.23932329407648,90.614720453019,9.38527954698096
2022,6.63476326688076,1.30368896826149,101.788935337619,24.0980881145449,508.944676688093,200,16,1.25395853953303,90.5246408782045,9.4753591217955
2022,6.63876132799456,1.30479314015813,102.863991294049,24.1749316371883,514.319956470247,201,16,1.24164223864768,90.4200586079747,9.57994139202533
2022,6.63972837707048,1.304993526687,103.942239601448,24.2514431445959,519.711198007239,202,16,1.25158071596857,90.3014670789878,9.69853292101221
2022,6.63724617847721,1.3043261646938,105.018619255284,24.3272722810888,525.09309627642,203,16,1.27546043733622,90.1698765997879,9.83012340021206
2022,6.62721757949771,1.30283236402595,106.089648515659,24.4021887234632,530.448242578295,204,16,1.25098089226572,90.026201514196,9.97379848580404
2022,6.61619027266159,1.30059398765614,107.163486465529,24.4767742742113,535.817432327644,205,16,1.26659730917819,89.8706734848647,10.1293265151353
2022,6.59890711967485,1.29763428520806,108.231909932012,24.5504685518799,541.159549660059,206,16,1.24478903576552,89.7044996275843,10.2955003724157
2022,6.58751575567978,1.29402728937318,109.301148973249,24.6237132038251,546.505744866247,207,16,1.35940754227351,89.5280503308949,10.4719496691051
2022,6.5634743682661,1.28973678429499,110.345092240285,24.6947448110572,551.725461201426,208,16,1.3357693298982,89.3436521000956,10.6563478999044
2022,6.53855233625065,1.2849027963983,111.388859016828,24.7652976886063,556.944295084142,209,16,1.34118750732594,89.1506081125592,10.8493918874408
2022,6.51235534352211,1.27955952452272,112.426457549394,24.834978391796,562.132287746969,210,16,1.3672177850008,88.9501139956476,11.0498860043524
2022,6.48594743729064,1.27377926403927,113.453506554139,24.9035106152148,567.267532770694,211,16,1.42684038085926,88.7465955052974,11.2534044947026
2022,6.09181117717995,1.19621985402276,114.463241921368,24.9704673053373,572.31620960684,212,15,1.41292736026374,88.2346136467951,11.7653863532049
