"year","assimilated_weight","ingested_weight","Weight","Length","Energy","JulianDay","feeding_hours","Metabolism","percentage_partic","percentage_filters"
2008,4.46227137975149,0.881575327555578,54.5,19.9420239553624,272.5,141,16,0.504477352549829,90.4546094144004,9.5453905855996
2008,4.54260838648761,0.897236845166415,55.2915322200745,20.0293495833936,276.457661100372,142,16,0.519283896355815,90.5295843308422,9.47041566915779
2008,4.62643821481599,0.913822021136695,56.0961681324067,20.1172323398801,280.480840662034,143,16,0.524002514687842,90.6209572937094,9.37904270629058
2008,4.71533267488429,0.931302723014152,56.9166236644321,20.2059428663021,284.58311832216,144,16,0.533344873029894,90.7264360836905,9.27356391630946
2008,4.80944081301775,0.949635023746901,57.7529867425391,20.2954607164352,288.764933712696,145,16,0.550483691893735,90.8440144943553,9.15598550564473
2008,4.90539541340311,0.968668868896833,58.6047405338478,20.385702009091,293.023702669239,146,16,0.553059265827314,90.9717386062461,9.02826139375386
2008,5.00509367760314,0.988569025211573,59.4751666791776,20.4769820905451,297.375833395888,147,16,0.550486609854137,91.1073951596749,8.8926048403251
2008,5.10642817150947,1.00919975639357,60.3660432134743,20.5694476599212,301.830216067371,148,16,0.53190925869971,91.2489133797407,8.75108662025929
2008,5.2135398468029,1.0305095329054,61.2808979349343,20.6634173835557,306.404489674672,149,16,0.532714761214755,91.3941529843444,8.60584701565556
2008,5.32393503036136,1.05242355755417,62.2170092641264,20.7585637886983,311.085046320632,150,16,0.535517179540897,91.5415861728744,8.45841382712558
2008,5.74632753909271,1.13536358362181,63.1746340419476,20.8548699476782,315.873170209738,151,17,0.575377701254511,91.8849822393186,8.11501776068144
2008,5.87493573025447,1.15990162718302,64.2087595840958,20.9577337057575,321.043797920479,152,17,0.616837768338574,92.0232239011482,7.97677609885185
2008,6.00151887756695,1.18485225637712,65.2603081710392,21.0611532454562,326.301540855196,153,17,0.626495765046869,92.1593679277037,7.84063207229632
2008,6.13245041508614,1.21017764326971,66.3352345336235,21.1656784109949,331.676172668117,154,17,0.655762582966935,92.2921463334019,7.70785366659809
2008,6.26092635495445,1.23577828380756,67.4304857978918,21.270972722536,337.152428989459,155,17,0.654436510687745,92.4199530271585,7.58004697284148
2008,6.39176122953026,1.26159778076693,68.551688575425,21.377534391914,342.758442877125,156,17,0.66330221839097,92.5403820782806,7.45961792171941
2008,6.52192264905699,1.28754406794098,69.6972753114144,21.4851662183433,348.486376557072,157,17,0.662188740289806,92.6521338744838,7.34786612551623
2008,6.65377048584151,1.31354296434072,70.8691060728514,21.5939955271154,354.345530364257,158,17,0.672268829571217,92.7537048510166,7.2462951489834
2008,6.78492535719029,1.33949917368177,72.06527821377,21.7037994904729,360.32639106885,159,17,0.678901643063202,92.8438651219157,7.15613487808431
2008,6.91720749604814,1.36533142288361,73.2863412686711,21.8145858594001,366.431706343355,160,17,0.698996430360538,92.9212408278735,7.07875917212649
2008,7.049291221237,1.39094331179353,74.5298268193142,21.9260922297327,372.649134096571,161,17,0.72640322194851,92.9846579252158,7.01534207478421
2008,7.18056397202738,1.41624655320273,75.7942311806233,22.0381527087774,378.971155903116,162,17,0.760222485083932,93.0328848699073,6.96711513009271
2008,7.30545469336625,1.44115740605164,77.0781079185349,22.1506136282171,385.390539592675,163,17,0.759481010178536,93.0646914063933,6.93530859360674
2008,7.43138243781134,1.46563673164232,78.3870908772359,22.2639375157257,391.935454386179,164,17,0.784434618323031,93.0784512533569,6.92154874664311
2008,7.55176213717925,1.48959504414373,79.7162462598791,22.3776661587402,398.581231299396,165,17,0.786539955055121,93.0731615598827,6.92683844011727
2008,7.67586742678211,1.51299831749279,81.0690317925442,22.4920676086882,405.345158962721,166,17,0.841383948516367,93.0473532637423,6.95264673625771
2008,7.79110664166232,1.53575157494232,82.4356422420315,22.606295085838,412.178211210158,167,17,0.851327248082845,93.0003093886581,6.9996906113419
2008,7.91314883585292,1.55967812307894,83.8232818692174,22.7209377191167,419.116409346087,168,17,0.868464581731008,92.9309161639421,7.06908383605792
2008,8.04524401709495,1.58633466754248,85.2318693863428,22.8359660490467,426.159346931714,169,17,0.854756391804474,92.8397651549873,7.16023484501266
2008,8.19364753696404,1.61540622810023,86.6695811221009,22.9520144129842,433.347905610504,170,17,0.874295485485372,92.7273593177953,7.27264068220474
2008,8.34829198098133,1.64654486784828,88.1330253500581,23.0687699709869,440.665126750291,171,17,0.860369628202179,92.5951249340238,7.40487506597617
2008,8.51727626729661,1.67950770217233,89.6301390010391,23.1868217740504,448.150695005196,172,17,0.886844551400058,92.444149961912,7.55585003808799
2008,8.69422956542398,1.71402812492042,91.1557049417794,23.305711738828,455.778524708897,173,17,0.914139802025125,92.2764607615857,7.7235392384143
2008,8.88088686542831,1.749924483485,92.7111476211738,23.4255107354837,463.555738105869,174,17,0.963784934232879,92.0939092064139,7.9060907935861
2008,9.06254783632443,1.78703936765854,94.2939319750952,23.545986092987,471.469659875476,175,17,0.924309828239761,91.8987002393474,8.10129976065261
2008,9.26706642087952,1.82537157926164,95.9208764009128,23.6683626064422,479.604382004564,176,17,1.01817081289118,91.6921014493516,8.30789855064838
2008,9.46844519434289,1.86471897923171,97.5698773744496,23.7909307398525,487.849386872248,177,17,1.04606278696791,91.4774856932078,8.52251430679226
2008,9.67099361967741,1.90510952016082,99.2534931564165,23.914591142097,496.267465782082,178,17,1.04011636475641,91.2563799402369,8.74362005976316
2008,9.8824184296419,1.94655638894338,100.978716363807,24.0398001443884,504.893581819035,179,17,1.06338386007803,91.0305677577553,8.96943224224466
2008,10.098822966384,1.9890050334795,102.741469126021,24.1662022658443,513.707345630107,180,17,1.08602648103046,90.8023232022253,9.1976767977747
2008,10.3229803966122,2.03243048269828,104.542861130096,24.2938230428015,522.714305650481,181,17,1.13183914267996,90.5735348240872,9.42646517591275
2008,10.5512207358125,2.07676418355157,106.37979644657,24.4223932106996,531.898982232851,182,17,1.17382239513633,90.3461553639883,9.65384463601171
2008,10.9119611457838,2.14755594092636,108.25384396415,24.5519761248061,541.269219820749,183,24,1.32891818470908,90.1217305134504,9.87826948654962
2008,11.1521731641453,2.19472938632021,110.168866100175,24.6827870528954,550.844330500874,184,24,1.35293999112179,89.9015219576629,10.0984780423371
2008,11.3928158853094,2.24261300649219,112.126954987153,24.8149112525504,560.634774935766,185,24,1.34854581985238,89.6866949189831,10.3133050810169
2008,11.6404802288719,2.29110265825702,114.133860999311,24.9486710878528,570.669304996557,186,24,1.3802295282274,89.4780770550227,10.5219229449773
2008,11.8784598842305,2.33995848566477,116.183751314136,25.0836140651754,580.918756570678,187,24,1.31222394651538,89.2768587368887,10.7231412631113
2008,12.1280033025436,2.38912155372038,118.294603661235,25.2208469878855,591.473018306174,188,24,1.3316065480668,89.0829955735941,10.9170044264058
2008,12.3754091585935,2.43819086988429,120.451225284328,25.3593040373025,602.256126421642,189,24,1.33772735807278,88.8977815223031,11.1022184776969
2008,12.6190613776386,2.48690143070298,122.655812152332,25.4990660012158,613.27906076166,190,24,1.32903992044755,88.7226583974167,11.2773416025833
2008,12.8607325093951,2.53492555437609,124.910543079084,25.6402074654173,624.552715395418,191,24,1.33329678257477,88.5574715600403,11.4425284399597
2008,13.1009322772552,2.58184093932259,127.212397307893,25.7824787433802,636.061986539467,192,24,1.37065284065748,88.40206328507,11.59793671493
2008,13.3300472275596,2.6271506325805,129.554422043789,25.9254031252752,647.772110218947,193,24,1.38518586413614,88.2568756860698,11.7431243139302
2008,13.5506349970388,2.67041860815685,131.938923928764,26.0690814640688,659.694619643818,194,24,1.41447245487045,88.1219391453126,11.8780608546875
2008,13.7551566889558,2.71109599037489,134.361201739538,26.2131947447421,671.806008697688,195,24,1.42110992540002,87.9975180203735,12.0024819796265
2008,13.2934952470993,2.62001044388105,136.822524184034,26.3577879465298,684.112620920171,196,24,1.43096721182304,87.6237303534408,12.3762696465592
2008,13.4585055407095,2.65139123240285,139.18895861384,26.4951073261217,695.944793069198,197,24,1.49925793886196,87.5226697182393,12.4773302817607
2008,13.6030135354392,2.67850788596328,141.574132087664,26.6318772709503,707.870660438321,198,24,1.57951207035866,87.4330775247203,12.5669224752797
2008,13.7016052786064,2.69790549255365,143.971502182695,26.7677377095706,719.857510913473,199,24,1.60224990029199,87.3450573045344,12.6549426954656
2008,13.737032042541,2.70527022315169,146.383338916098,26.9028361091275,731.916694580489,200,24,1.60681740138402,87.2450240708819,12.7549759291181
2008,13.7271095970819,2.70129775393526,148.800590347779,27.036690037142,744.002951738893,201,24,1.72336575962548,87.1338133913389,12.866186608661
2008,13.6519854002131,2.68611037301426,151.191738218945,27.1676156102526,755.958691094727,202,24,1.76623545948218,87.0122234324906,12.9877765675094
2008,13.5198196227981,2.66033796072976,153.558435543829,27.2957889005538,767.792177719144,203,24,1.77734117554894,86.8801852487129,13.1198147512871
2008,13.3381588134751,2.62467206145957,155.895584310941,27.421017790838,779.477921554706,204,24,1.79559123638134,86.7380697988655,13.2619302011345
2008,13.1118469258829,2.57987354872937,158.191816857982,27.5427863656133,790.959084289912,205,24,1.83169190986278,86.5867145407596,13.4132854592404
2008,12.8436641251755,2.52682308600358,160.434599117915,27.660536966407,802.172995589576,206,24,1.8690086405209,86.4273233644252,13.5726766355748
2008,12.5380498151224,2.46655503368084,162.615287726971,27.7739325155018,813.076438634854,207,24,1.89837452897811,86.2613649406348,13.7386350593652
2008,12.2030818674561,2.40022333090513,164.727967716138,27.8827852765969,823.639838580688,208,24,1.94535760843962,86.0906697865202,13.9093302134798
2008,11.8427555654977,2.32903123431726,166.763232686735,27.9867329794734,833.816163433676,209,24,1.98585354190895,85.917716749135,14.082283250865
2008,11.4654802008238,2.25427368017935,168.717305083584,28.0857051924015,843.586525417922,210,24,2.04337503239228,85.745345422135,14.254654577865
2008,11.0705634004142,2.17728857215195,170.583393287598,28.1794780581834,852.916966437989,211,24,2.01526733463615,85.5807466985087,14.4192533014913
2008,10.1140214717141,1.99167955548935,172.375106619396,28.2688430937785,861.87553309698,212,24,1.82411417245916,85.0571085872319,14.9428914127681
2009,4.51663199633631,0.894434291014002,54.5,19.9420239553624,272.5,141,24,0.478403944345456,90.4545806748616,9.54541932513843
2009,4.59763593953977,0.910259475286403,55.3076190250323,20.0311152961305,276.538095125162,142,24,0.492602462444201,90.5278592321387,9.47214076786127
2009,4.68376248211307,0.926993582795573,56.1285966841653,20.1207557336208,280.642983420827,143,24,0.511261231680774,90.6175962156705,9.38240378432946
2009,4.77353280678497,0.944597505831497,56.963065216563,20.2109375653528,284.815326082815,144,24,0.523902114705824,90.7217621960725,9.2782378039275
2009,4.86810179370319,0.963037505268226,57.8129567037255,20.3018446330007,289.064783518628,145,24,0.541397156949722,90.8381534799071,9.16184652009286
2009,4.96598578074267,0.982266709948802,58.6782597633421,20.393448235079,293.39129881671,146,24,0.553356639777885,90.9647854977488,9.03521450225122
2009,5.06744589283524,1.00214234237976,59.5607441975043,20.4859060663962,297.803720987521,147,24,0.567979576977667,91.0995145200303,8.90048547996966
2009,5.10538114132415,1.0095226457872,60.4605921930645,20.5792051007274,302.302960965322,148,16,0.511926889989981,91.2404672491033,8.75953275089666
2009,5.21250455236619,1.03085850873577,61.3792335199977,20.6734596349153,306.896167599989,149,16,0.512249522528831,91.3856337571012,8.61436624289877
2009,5.32397599364286,1.05279934315424,62.3192303198178,20.7688929746846,311.596151599089,150,16,0.522297046031139,91.5329998161064,8.46700018389356
2009,5.745913986924,1.13577479020298,63.2795067359699,20.8653547961731,316.397533679849,151,17,0.55760631599688,91.8771585062707,8.12284149372931
2009,5.87298596835161,1.16033899848187,64.3171032014777,20.9684435763612,321.585516007389,152,17,0.585530837951688,92.0153583469704,7.98464165302961
2009,6.00383488889744,1.18532895368185,65.374522501549,21.0723160930009,326.872612507745,153,17,0.62659842516113,92.1512885938249,7.84871140617507
2009,6.13335015080697,1.21065860313286,66.4498907106456,21.1767576524698,332.249453553228,154,17,0.644376015714087,92.2837289784274,7.71627102157263
2009,6.26446685374882,1.23628001147317,67.5475983385938,21.2821608614294,337.737991692969,155,17,0.663279432296192,92.4116169314853,7.58838306851472
2009,6.39560809067735,1.26210073990589,68.66773963765,21.3884945948319,343.33869818825,156,17,0.674460206415103,92.5323637341786,7.46763626582144
2009,6.52867633534498,1.28804585194012,69.8118630793013,21.4958641193326,349.059315396507,157,17,0.696144396196919,92.6444416689458,7.35555833105417
2009,6.65911165171415,1.31402148404784,70.9782523008384,21.6040680414994,354.891261504192,158,17,0.695723063695137,92.7465759213022,7.25342407869784
2009,6.78986768842325,1.3399643933384,72.1708006425884,21.7134248964939,360.854003212942,159,17,0.699515970883673,92.837152215981,7.16284778401896
2009,6.91972861783605,1.36578606071381,73.388728052924,21.8238167280145,366.94364026462,160,17,0.701450297272119,92.9148883056316,7.0851116943684
2009,7.0494961016355,1.39140480087565,74.6322257414593,21.9352166387242,373.161128707296,161,17,0.710797130164771,92.9784534328168,7.02154656718315
2009,7.17906022590067,1.41673233220192,75.899790869776,22.0474490602133,379.49895434888,162,17,0.730010638100066,93.0266287565406,6.97337124345936
2009,7.30624502280768,1.4416817820938,77.1894076283678,22.160301232534,385.947038141839,163,17,0.745847302770658,93.0582272222341,6.94177277776589
2009,7.43218705246936,1.46618427437771,78.5012735614754,22.2737600466413,392.506367807377,164,17,0.769798254941225,93.0719374453461,6.92806255465394
2009,7.5569147920781,1.49016725869974,79.8335150958456,22.3876365938769,399.167575479228,165,17,0.805397363439654,93.0665759264306,6.93342407356941
2009,7.67714317661419,1.51356396229209,81.1835573967022,22.5016914700873,405.917786983511,166,17,0.829250346986214,93.0410062037949,6.95899379620512
2009,7.79509014007008,1.53634096213843,82.5528472960499,22.6160299905925,412.764236480249,167,17,0.860559624690955,92.9938854598443,7.00611454015568
2009,7.91660243658971,1.56027202215833,83.9394344576003,22.7304737344423,419.697172288002,168,17,0.873109206225431,92.9246035165381,7.0753964834619
2009,8.05328537397648,1.58693907507729,85.3477808758942,22.8453724656367,426.738904379471,169,17,0.896598549357597,92.8335035974723,7.16649640252771
2009,8.19838278708944,1.61598725345351,86.7787293168658,22.9607696160542,433.893646584329,170,17,0.889733972294536,92.7214872435862,7.27851275641383
2009,8.35891368143405,1.64712980351033,88.2400296936864,23.0772537542173,441.200148468432,171,17,0.922928982319294,92.5893850090381,7.41061499096187
2009,8.52788894604327,1.68005279548678,89.726752404543,23.1943926743646,448.633762022715,172,17,0.951555528429824,92.4389795617409,7.5610204382591
2009,8.70358616344043,1.71453223585191,91.2414953437047,23.3123562172362,456.207476718523,173,17,0.970484584501607,92.2718815047641,7.72811849523588
2009,8.88570573156494,1.7503967211375,92.7875371644976,23.4313579957402,463.937685822488,174,17,0.984512739641791,92.0898466793766,7.9101533206234
2009,9.07447915325836,1.78751720081542,94.3671366159075,23.5515239323153,471.835683079538,175,17,1.00111775521575,91.8948269078142,8.10517309218576
2009,9.27048792728347,1.82579812900599,95.9811024788711,23.6728648679427,479.905512394355,176,17,1.02918420354388,91.6889441661931,8.31105583380691
2009,9.4763640983086,1.86516438983789,97.6285821793192,23.7952674894237,488.142910896596,177,17,1.09492276373891,91.4744421743716,8.52555782562838
2009,9.68169093571511,1.90553376605137,99.3040066808084,23.9182786578265,496.520033404042,178,17,1.11237874595807,91.2538094655563,8.74619053444374
2009,9.89395044108013,1.94693202033053,101.016914010369,24.0425554287786,505.084570051847,179,17,1.14495517779278,91.0286890949906,8.97131090500943
2009,10.1042399438822,1.98931795963199,102.765656558266,24.1679261291847,513.828282791333,180,17,1.11780753932865,90.8012214990355,9.19877850096454
2009,10.3271334738542,2.03273916220212,104.561774127663,24.2951547861328,522.808870638316,181,17,1.15364718233218,90.5727596186161,9.42724038138385
2009,10.5537543841219,2.07708195640516,106.39517707655,24.423463170271,531.975885382752,182,17,1.18172452732436,90.34562228614,9.65437771385996
2009,10.7880158509969,2.12229733689005,108.268149682432,24.552959272706,541.340748412158,183,17,1.23760348009927,90.1213237365989,9.87867626340106
2009,11.0239320995478,2.16826360492154,110.176644472863,24.6833151325547,550.883222364315,184,17,1.27536153807259,89.9015126667061,10.0984873332939
2009,11.40538231744,2.24290665503408,112.124600112587,24.8147533243394,560.623000562935,185,24,1.45138419274353,89.687250451694,10.312749548306
2009,11.649908086692,2.29127944890797,114.113451974944,24.9473191140461,570.567259874718,186,24,1.45866832444045,89.4795500928268,10.5204499071732
2009,11.8986324515511,2.34004987351494,116.149542345345,25.0813757804796,580.747711726727,187,24,1.48715639715079,89.279027847846,10.720972152154
2009,12.1422591250418,2.38896004662548,118.229446798455,25.2166365783709,591.147233992277,188,24,1.46210922232635,89.0865863753419,10.9134136246581
2009,12.3901452473617,2.43783744542536,120.362827494911,25.353662925912,601.814137474557,189,24,1.47891979766099,88.9024028959362,11.0975971040638
2009,12.6253916577701,2.48631189727793,122.542135529502,25.4919023624146,612.71067764751,190,24,1.40426637339755,88.727498664084,11.272501335916
2009,12.8789240500781,2.53422441132752,124.783104578128,25.6322776400655,623.915522890639,191,24,1.51373600775076,88.5628095752087,11.4371904247913
2009,13.1188774303033,2.58082880609894,127.052530382497,25.7726560587206,635.262651912487,192,24,1.56423215566403,88.4086039022856,11.5913960977144
2009,13.346132257812,2.62579017028303,129.359456996313,25.9135742353983,646.797284981563,193,24,1.57606157849313,88.2646589064998,11.7353410935002
2009,13.5633367322889,2.66870529694744,131.709038662784,26.0553089296522,658.545193313922,194,24,1.5914978370707,88.130896626444,11.869103373556
2009,13.7680228853294,2.70905054696189,134.098500117225,26.1976533130368,670.492500586126,195,24,1.61213488427405,88.0075196363628,11.9924803636372
2009,13.2953836658157,2.61761989685702,136.524250546725,26.340362556547,682.621252733627,196,24,1.54694352047358,87.6358081620567,12.3641918379433
2009,13.454275335722,2.64879156832768,138.867940601398,26.4765751794443,694.33970300699,197,24,1.57375354978099,87.5354200263726,12.4645799736274
2009,13.5976045103821,2.67575091504091,141.237453506676,26.612669380442,706.18726753338,198,24,1.65361458787197,87.4461809022886,12.5538190977114
2009,13.6911507777838,2.69504084948401,143.619016399061,26.7478614942875,718.095081995304,199,24,1.63559248691342,87.3586017995979,12.6413982004021
2009,13.72505194539,2.70240944104758,146.022200239249,26.8827062738856,730.111001196246,200,24,1.62620497607035,87.2588472073623,12.7411527926377
2009,13.7060400806155,2.6984952179252,148.43329468204,27.0164493771629,742.166473410201,201,24,1.65627886615994,87.1479003641328,12.8520996358672
2009,13.6318481362178,2.68355227315532,150.83377233038,27.1481077413238,754.168861651902,202,24,1.69436595342002,87.0261431753988,12.9738568246012
2009,13.5036411827545,2.65804646082507,153.210946900011,27.2770565864337,766.054734500056,203,24,1.72954778873466,86.8939583633358,13.1060416366642
2009,13.323029360541,2.62261236410735,155.554553185819,27.4028265972836,777.772765929097,204,24,1.74553280518236,86.751875109197,13.248124890803
2009,13.0981772722726,2.5780541753823,157.857911009761,27.5251563107651,789.289555048803,205,24,1.78238724431377,86.6005713906959,13.3994286093041
2009,12.8285136679303,2.52524254962415,160.107964109978,27.6434596455607,800.539820549891,206,24,1.78919980878379,86.4412596108716,13.5587403891284
2009,12.5278537797921,2.46525296117842,162.301732120539,27.7576931641082,811.508660602697,207,24,1.85484202263036,86.2751977786282,13.7248022213718
2009,12.1905204741767,2.39913553841172,164.421227824014,27.8670415637627,822.106139120072,208,24,1.85944207258409,86.1046288447873,13.8953711552127
2009,11.828489197612,2.32819884074345,166.471315096404,27.9718782983195,832.356575482022,209,24,1.85974949316989,85.9314986131483,14.0685013868517
2009,11.4481568019442,2.25371826356962,168.447904957022,28.0721079333823,842.239524785109,210,24,1.85430854220468,85.7586073303354,14.2413926696646
2009,11.0588147801086,2.17700950527582,170.348485259317,28.1677131472717,851.742426296583,211,24,1.87572159647584,85.5906103980097,14.4093896019903
2009,10.1160058111231,1.99157539710731,172.165887382121,28.2584413789379,860.829436910607,212,24,1.85686688871219,85.0680380906983,14.9319619093017
2010,4.52055621372018,0.894587623648884,54.5,19.9420239553624,272.5,141,24,0.504151544444644,90.4546094144004,9.5453905855996
2010,4.60016784242431,0.910390532377166,55.3032543484893,20.0306362578313,276.516271742446,142,24,0.507868063875041,90.5283500244673,9.47164997553269
2010,4.68678842390424,0.927110693121427,56.1216852816469,20.1200049219957,280.608426408235,143,24,0.531591050385137,90.6183383774729,9.38166162252708
2010,4.77606720416557,0.944695664958776,56.9526930620661,20.2098223064301,284.76346531033,144,24,0.54092810812942,90.7228320669066,9.27716793309343
2010,4.87053428158526,0.963118969183333,57.7996862678214,20.300432367628,288.998431339107,145,24,0.558475008193095,90.8394763093098,9.16052369069016
2010,4.90173552510952,0.968948533803899,58.6620603068321,20.3917419887477,293.31030153416,146,16,0.511962701281404,90.9663256537332,9.03367434626678
2010,5.00528729387925,0.9888886301054,59.5399735460058,20.4837409361529,297.699867730029,147,16,0.539273400851024,91.1014518940798,8.89854810592023
2010,5.10948282463174,1.00953392974162,60.4331311515151,20.5763722217796,302.165655757575,148,16,0.54319410932864,91.2429416073771,8.75705839262287
2010,5.21830907420649,1.03083848234929,61.3463395058656,20.6701016730526,306.731697529328,149,16,0.557619394333046,91.3885009332329,8.61149906676709
2010,5.32270236038118,1.05273479921763,62.2784234095032,20.7647709539892,311.392117047516,150,16,0.515080127803742,91.5364407146394,8.46355928536064
2010,5.74328103765219,1.13571688606051,63.2398887151661,20.8613953330557,316.199443575831,151,17,0.540494040311246,91.879811012002,8.120188987998
2010,5.87391604257807,1.16029152430269,64.2803812895868,20.9648149897504,321.401906447934,152,17,0.594120105864029,92.0177196893774,7.98228031062264
2010,5.99849592250096,1.18526766519812,65.336268995828,21.068578864747,326.68134497914,153,17,0.587973709243106,92.1537051013019,7.84629489869809
2010,6.12667276920609,1.21063349671128,66.4182946315179,21.1737058499694,332.091473157589,154,17,0.594282628900185,92.2861376723039,7.71386232769609
2010,6.25821819157915,1.23629663789388,67.5246857084433,21.2799730083305,337.623428542216,155,17,0.614412613013901,92.4133368222508,7.58666317774923
2010,6.39283527759991,1.2621581597506,68.6533508340531,21.387136375439,343.266754170265,156,17,0.650413590812406,92.5334444816754,7.46655551832458
2010,6.52624084342807,1.28812035219124,69.8017291692354,21.494918512163,349.008645846177,157,17,0.673797780847654,92.6452019004467,7.35479809955328
2010,6.66026538279062,1.31411126932302,70.9721007171842,21.6035006323341,354.860503585921,158,17,0.701203689078513,92.7470507160696,7.25294928393043
2010,6.79088309838715,1.34004241714925,72.1637837471309,21.7127851431138,360.818918735655,159,17,0.704296498897101,92.8376618786104,7.16233812138957
2010,6.92041406282094,1.36585263472755,73.3809582169424,21.82311653902,366.904791084712,160,17,0.704057463463476,92.9154249628297,7.08457503717031
2010,7.05084286036177,1.39146165591964,74.6240716612016,21.9344903770736,373.120358306008,161,17,0.718830984117487,92.9789946268551,7.02100537314491
2010,7.17674120790202,1.41677394260534,75.8902994844962,22.0466135488546,379.451497422481,162,17,0.710789015853557,93.0272314673456,6.97276853265444
2010,7.3015888272994,1.44173370362478,77.1832969082072,22.1597696038698,385.916484541036,163,17,0.708862824737233,93.0586180101606,6.94138198983942
2010,7.42887834057683,1.46626297974067,78.5016285987954,22.2737905730853,392.508142993977,164,17,0.741362104504584,93.0719498299004,6.92805017009954
2010,7.55246583452124,1.49026444790483,79.8388956144962,22.3880938115385,399.194478072481,165,17,0.766646259425572,93.0663027651277,6.9336972348723
2010,7.6700563516958,1.51368923842511,81.1957982395847,22.5027195376415,405.978991197924,166,17,0.768698401197055,93.0403537791032,6.95964622089678
2010,7.78647232387963,1.53651481621106,82.5757809034069,22.6179337002254,412.878904517035,167,17,0.785066327189137,92.9926519601231,7.00734803987692
2010,7.90796527040397,1.56050885549227,83.9757426326594,22.7334527136748,419.878713163297,168,17,0.795169013368889,92.9226511469795,7.07734885302045
2010,8.0443599096387,1.58724175195059,85.3979487475726,22.8494409139751,426.989743737863,169,17,0.813194684264748,92.8308109267976,7.16918907320243
2010,8.19405488358077,1.61636219391967,86.8437915054753,22.965984857813,434.218957527376,170,17,0.840634525082887,92.7180000443928,7.28199995560725
2010,8.35466411705022,1.64754563358943,88.3140442718481,23.0831177669382,441.570221359241,171,17,0.871986479724365,92.5854212801895,7.4145787198105
2010,8.5238481281058,1.68051357435949,89.8101032001951,23.2009197151563,449.050516000975,172,17,0.899955584680118,92.4345181064429,7.56548189355709
2010,8.70150938405052,1.71504043038699,91.3343550671774,23.3195433100701,456.671775335887,173,17,0.932819258324477,92.2669096715571,7.73309032844293
2010,8.88476449843564,1.75094165048841,92.8875110934289,23.4390054631361,464.437555467144,174,17,0.954808014447582,92.0844949184899,7.91550508151013
2010,9.08089945483316,1.78809358988745,94.4728591480557,23.5595164272658,472.364295740279,175,17,1.03161943827649,91.8891713099587,8.11082869004132
2010,9.28191190239344,1.8263448860959,96.0820040326475,23.6804034551072,480.410020163238,176,17,1.10530539026901,91.6835508288825,8.31644917111752
2010,9.48419986831974,1.86563032404487,97.7165394186744,23.8017618284233,488.582697093372,177,17,1.14460765537554,91.4697418285929,8.53025817140707
2010,9.69497443058544,1.90594360673478,99.383589485461,23.924085595965,496.917947427305,178,17,1.21488668128646,91.2495576933428,8.7504423066572
2010,9.90329972943816,1.9472191103727,101.07864739923,24.0470068658633,505.393236996149,179,17,1.21676109375792,91.0253737132288,8.97462628677119
2010,10.1216667398027,1.9895097460325,102.814894809632,24.1714345167595,514.074474048162,180,17,1.26474962332704,90.798548805853,9.20145119414698
2010,10.3427349209447,2.03273191043967,104.585106020958,24.2967974511202,522.925530104791,181,17,1.29387268823893,90.5713919242759,9.42860807572413
2010,10.5668635335152,2.07686638749314,106.393582460057,24.4233522451569,531.967912300284,182,17,1.30836406512261,90.3454668271754,9.65453317282463
2010,10.7921873412588,2.12187312113861,108.243849114255,24.5512891838082,541.219245571276,183,17,1.29354220414173,90.1222209398948,9.87777906010517
2010,11.0244185671969,2.16771251381905,110.141992542681,24.6809623865583,550.709962713404,184,17,1.30414697948118,89.9028146848824,10.0971853151176
2010,11.2633021959453,2.21423968308033,112.084291615361,24.8120497013025,560.421458076803,185,17,1.34349587872893,89.6887029171547,10.3112970828453
2010,11.649090693986,2.29050379685948,114.066309192445,24.9441955469042,570.331545962223,186,24,1.48810205996935,89.4811822639937,10.5188177360064
2010,11.9011495419008,2.33915586755903,116.09635451176,25.0778948004587,580.481772558802,187,24,1.55493900899766,89.2807761803185,10.7192238196815
2010,12.1474666550317,2.38787370381393,118.163212197247,25.2123548679379,590.816060986233,188,24,1.56252726821086,89.0887304627994,10.9112695372006
2010,12.3942182197079,2.43648862625932,120.277559352036,25.348218796483,601.387796760181,189,24,1.58011263547331,88.9051544838445,11.0948455161555
2010,12.6523717201084,2.48469745137216,122.437455370621,25.4853015625813,612.187276853105,190,24,1.73250467690106,88.731667571236,11.268332428764
2010,12.8948226278846,2.53189446864627,124.618188689687,25.6220074118286,623.090943448433,191,24,1.77993887023132,88.5691886727527,11.4308113272473
2010,13.1269206090666,2.57785999520029,126.837580815623,25.7594353507778,634.187904078115,192,24,1.78529360515847,88.4166522822374,11.5833477177626
2010,13.3456216349591,2.62224158907835,129.101942126649,25.8979312722153,645.509710633245,193,24,1.73805332148846,88.2739810126169,11.7260189873831
2010,13.560653034821,2.66467419723843,131.419073021634,26.0379130365499,657.095365108168,194,24,1.75471008191929,88.1410290208281,11.8589709791719
2010,13.7610654301746,2.70452604555866,133.775415784777,26.1785105153587,668.877078923883,195,24,1.75737559557763,88.0184339392741,11.9815660607259
2010,13.2902736836691,2.61287325267857,136.170799368372,26.3196792646987,680.853996841858,196,24,1.72011064147714,87.6465760766149,12.3534239233851
2010,13.4328684880053,2.64355339323056,138.478919881629,26.454077224396,692.394599408147,197,24,1.61676655549281,87.5469434877773,12.4530565122227
2010,13.5697048734746,2.6703213055065,140.835650252358,26.5897042398626,704.178251261789,198,24,1.6468961309886,87.4577356220965,12.5422643779035
2010,13.6647891733292,2.68951401497575,143.213089210068,26.7249296197397,716.065446050339,199,24,1.647329893206,87.3698935349423,12.6301064650577
2010,13.702919457205,2.69679516064994,145.608774634723,26.8596193271683,728.043873173616,200,24,1.68055575871658,87.2700830037034,12.7299169962966
2010,13.691713071419,2.69275897437075,148.004704461959,26.9927867613022,740.023522309795,201,24,1.7932676120978,87.1594261825413,12.8405738174587
2010,13.6161100605454,2.67759010769623,150.375064827686,27.1230625884948,751.87532413843,202,24,1.83246765666033,87.0385463667171,12.9614536332829
2010,13.4797950513305,2.65191732565236,152.721637349612,27.2506287618011,763.60818674806,203,24,1.79702314408801,86.9073763591297,13.0926236408703
2010,13.2996059836412,2.61650392959576,155.047166880307,27.3757102165255,775.235834401533,204,24,1.81779614504334,86.7660362711758,13.2339637288242
2010,13.0710631994282,2.57201501000178,157.331592859041,27.4973141386803,786.657964295206,205,24,1.81452937295778,86.6156520639542,13.3843479360458
2010,12.8038660071968,2.51939108646362,159.570019289422,27.6152814990516,797.850096447108,206,24,1.83853421497419,86.4571715574424,13.5428284425576
2010,12.4894786358573,2.45961020100878,161.749231949358,27.7290253497974,808.746159746788,207,24,1.74410768831035,86.2922093809271,13.7077906190729
2010,12.1590784657822,2.39396213707324,163.883458704132,27.8393905833378,819.41729352066,208,24,1.79585765974839,86.1218390044959,13.8781609955041
2010,11.8161037661396,2.3234419382233,165.94023781824,27.9448069787307,829.701189091199,209,24,2.00022530149256,85.9493201210266,14.0506798789734
2010,11.4415902634069,2.24915473643635,167.886526074445,28.0437250454048,839.432630372225,210,24,2.06408710492761,85.7786446994854,14.2213553005146
2010,11.0507311533873,2.17264271761965,169.744134090772,28.1373933412398,848.720670453861,211,24,2.05979250001507,85.6159312665905,14.3840687334095
2010,10.1059236543245,1.98762847187328,171.523435697489,28.226445561151,857.617178487447,212,24,1.99456281546333,85.0950632874087,14.9049367125913
2011,4.46129464120834,0.881575327555578,54.5,19.9420239553624,272.5,141,16,0.496224819119971,90.4546094144004,9.5453905855996
2011,4.54133838671046,0.897243614593038,55.2929873790518,20.0295093186346,276.464936895259,142,16,0.508177782577068,90.529431101799,9.47056889820097
2011,4.62590888284887,0.91383814152172,56.099590509611,20.117604251491,280.497952548055,143,16,0.51883825432898,90.6206060192328,9.37939398076719
2011,4.71348510594599,0.931323463044399,56.9209730157536,20.2064107511444,284.604865078768,144,16,0.516986897341411,90.7260014606378,9.2739985393622
2011,4.80909701124996,0.949670017060431,57.7602381594136,20.2962328890524,288.801190797068,145,16,0.546060284091357,90.8433097351088,9.15669026489124
2011,4.90423047533175,0.968708245784456,58.6128078436002,20.3865523378824,293.064039218001,146,16,0.541643210429513,90.9709766742229,9.02902332577716
2011,5.00378687206927,0.988618943996923,59.4852841784903,20.4780376040207,297.426420892452,147,16,0.537782270655708,91.1064671791841,8.8935328208159
2011,5.10631649228817,1.00926153530326,60.3784401737508,20.5707276308657,301.892200868754,148,16,0.52867720306087,91.2478097252524,8.75219027474762
2011,5.21404644615734,1.03057501271052,61.2939189100933,20.6647477596831,306.469594550466,149,16,0.534155936434799,91.3930282489536,8.60697175104638
2011,5.32597404082187,1.05248862510525,62.2298432557302,20.7598612809298,311.149216278651,150,16,0.548716639158911,91.5405107828238,8.45948921717617
2011,5.74706389165653,1.13542100962353,63.1852358710319,20.8559304367878,315.926179355159,151,17,0.578827923849973,91.8841419758347,8.11585802416531
2011,5.87025145312064,1.15995641381506,64.2188185743865,20.9587285767732,321.094092871933,152,17,0.578855346491439,92.0224507540195,7.97754924598054
2011,5.9975845383601,1.18494372853014,65.277026723627,21.0627880995364,326.385133618135,153,17,0.592943248545762,92.1581214181338,7.84187858186619
2011,6.12841178977558,1.21030196702526,66.3578766015411,21.167867374,331.789383007705,154,17,0.619336671093038,92.2905081813232,7.70949181867682
2011,6.26004687546039,1.23593859915928,67.4596051466114,21.2737558521562,337.298025733057,155,17,0.641459600331335,92.4179075453783,7.58209245462165
2011,6.39084283453245,1.26177171866233,68.583227163987,21.3805142676493,342.916135819935,156,17,0.649608068730512,92.5382295439965,7.46177045600353
2011,6.52380061082935,1.28773226333382,69.7313687612917,21.4883504591842,348.656843806459,157,17,0.669569888454895,92.6498709965207,7.35012900347931
2011,6.65438231842859,1.31372510251698,70.9020985454635,21.5970413632373,354.510492727318,158,17,0.670157645887865,92.7515730406584,7.24842695934161
2011,6.78693675802487,1.33968420813039,72.0988149322356,21.7068596629735,360.494074661178,159,17,0.687312614390759,92.8417529414597,7.15824705854027
2011,6.91515354614291,1.36550918775383,73.3185976782585,21.8174949645237,366.592988391292,160,17,0.677081412834532,92.9192578793248,7.08074212067524
2011,7.0450423485111,1.3911426422038,74.5660550297268,21.9293213967857,372.830275148634,161,17,0.68692238553951,92.9824806897823,7.01751931021771
2011,7.17452476194497,1.41648419616714,75.8375052798658,22.041964830356,379.187526399329,162,17,0.704819248850046,93.030338036178,6.96966196382206
2011,7.30599572867774,1.44144867014076,77.1312541686312,22.1552407302635,385.656270843156,163,17,0.752600907890655,93.0616225495726,6.9383774504274
2011,7.42232296578482,1.46593552953698,78.4417204812345,22.2686382542352,392.208602406173,164,17,0.70496227114376,93.0753499953127,6.92465000468731
2011,7.54799943892274,1.4899701727983,79.7849574628686,22.3835093641726,398.924787314343,165,17,0.743783331526054,93.0693186871391,6.93068131286086
2011,7.6693721613538,1.5134154259656,81.145540446029,22.4984978642556,405.727702230145,166,17,0.77364343243989,93.0431283663576,6.95687163364241
2011,7.78313769302067,1.53623509229338,82.5243983305637,22.6136679409772,412.621991652818,167,17,0.770224605701094,92.9954590809767,7.00454091902328
2011,7.908845269386,1.56024155437007,83.9266626611721,22.7294256325012,419.63331330586,168,17,0.811916473746882,92.9253112223468,7.07468877765322
2011,8.04578956983271,1.58695650100089,85.3456965117116,22.8452033945409,426.728482558558,169,17,0.835009049224418,92.8336274118902,7.16637258810984
2011,8.18293888624314,1.61605324050858,86.7874637484347,22.9614699071892,433.937318742173,170,17,0.769433168793948,92.7210253668634,7.27897463313659
2011,8.33938813172389,1.64730078642889,88.2697352485502,23.0796076718717,441.348676242751,171,17,0.76780200175275,92.5877957080947,7.41220429190531
2011,8.50823037880101,1.68036509083657,89.7835772954939,23.1988429806613,448.917886477469,172,17,0.788721042826255,92.4359360903085,7.56406390969154
2011,8.68741824220688,1.71499850857751,91.3269534444764,23.3189706312218,456.634767222382,173,17,0.826892277496341,92.2673051986748,7.73269480132519
2011,8.8679404556845,1.75100486920405,92.8984769184508,23.439843940533,464.492384592254,174,17,0.825379870437567,92.0839098734812,7.91609012651881
2011,9.06156389804292,1.78829081232954,94.5063453428312,23.5620466428993,472.531726714156,175,17,0.871205142245142,91.8873891046218,8.11261089537821
2011,9.25713692848445,1.82671747738694,96.1437044806075,23.6850105192396,480.718522403037,176,17,0.889865192345889,91.6802788450214,8.31972115497864
2011,9.46161993787832,1.86625050427612,97.8163699199382,23.8091278974009,489.081849599691,177,17,0.932988278934482,91.4644750063438,8.5355249936562
2011,9.6703238227132,1.90682585037674,99.5212226188183,23.9341206622883,497.606113094091,178,17,0.968803290853595,91.2423469343887,8.75765306561128
2011,9.98782542294032,1.96961137040497,101.260559217362,24.0601130539253,506.302796086809,179,24,1.08177575114004,91.0159283172823,8.98407168271772
2011,10.2090252441829,2.01331498290801,103.040697536841,24.1875087228972,515.203487684204,180,24,1.09392487868333,90.7869547919002,9.21304520809984
2011,10.4380625899237,2.05807370115183,104.862530165034,24.3163097510495,524.312650825172,181,24,1.12654662956037,90.5573372435723,9.44266275642767
2011,10.6699637350658,2.10382061566572,106.723517020524,24.4462785966718,533.617585102618,182,24,1.14197421505726,90.3290117177886,9.67098828221136
2011,10.9063072263685,2.1505173686068,108.627655423437,24.5776363162689,543.138277117185,183,24,1.15475269897326,90.1034184051494,9.89658159485063
2011,11.1493876883521,2.19808378250174,110.576347543369,24.7104163757726,552.881737716844,184,24,1.18649545358406,89.8819579507336,10.1180420492664
2011,11.3975969902768,2.24637597155187,112.56712993971,24.8443908034051,562.835649698548,185,24,1.23028042196877,89.6660229428047,10.3339770571953
2011,11.6568883972549,2.29522431579282,114.598600286301,24.9794117400297,572.993001431506,186,24,1.34472381299553,89.4567668613732,10.5432331386268
2011,11.9008750884404,2.34432332571086,116.658821788415,25.1146504379755,583.294108942073,187,24,1.31879223267379,89.2556212560231,10.7443787439769
2011,12.1490846731712,2.39366528683819,118.772786244523,25.2516975961401,593.863931222614,188,24,1.31965112877424,89.0621857647541,10.9378142352459
2011,12.3893442133804,2.44294480846594,120.935952601259,25.3901857635381,604.679763006297,189,24,1.26132155194052,88.8772691161603,11.1227308838396
2011,12.6430437635881,2.4919789257324,123.158538702386,25.5306913046378,615.79269351193,190,24,1.31941242371664,88.701990874313,11.298009125687
2011,12.8876743179498,2.54021039441019,125.419913973112,25.6718467342629,627.099569865561,191,24,1.3388021078819,88.5371389903408,11.4628610096592
2011,13.1274038318376,2.58729990710195,127.725970145786,25.8139760415582,638.629850728931,192,24,1.36553820695066,88.3821632569945,11.6178367430054
2011,13.3678560176903,2.63279480730464,130.07421880204,25.9568796393986,650.371094010199,193,24,1.46375058898685,88.2373224839136,11.7626775160864
2011,13.5824672332787,2.67607548817465,132.450467180253,26.0996683537415,662.252335901267,194,24,1.44391712949694,88.1032499755981,11.8967500244019
2011,13.7866878880971,2.71684271525212,134.87311355051,26.2434187156614,674.365567752549,195,24,1.44426792856018,87.9793415471345,12.0206584528655
2011,13.335565212407,2.6256389407978,137.33599279076,26.3877232855768,686.679963953799,196,24,1.54967453076046,87.6058378908164,12.3941621091836
2011,13.4878056730772,2.65689393506384,139.686972157168,26.5237984367659,698.434860785841,197,24,1.51525125404866,87.5057484325057,12.4942515674943
2011,13.6264439018136,2.6840621202558,142.074674155123,26.6603749943914,710.373370775614,198,24,1.54269660681566,87.4164681993342,12.5835318006658
2011,13.7184992871678,2.70358099594022,144.483950315182,26.7965735864524,722.419751575909,199,24,1.50479283276586,87.3283816327499,12.6716183672502
2011,13.7418263821369,2.71113155800845,146.91850053269,26.9326024138309,734.592502663448,200,24,1.4051854488712,87.2278211249674,12.7721788750326
2011,13.7306822273668,2.70748663094165,149.37686243843,27.0683767563326,746.884312192152,201,24,1.48319555958626,87.115390057473,12.884609942527
2011,13.6515125282356,2.69263589850876,151.816558293782,27.2015890917365,759.08279146891,202,24,1.47151163896955,86.9922203718753,13.0077796281247
2011,13.5293310520221,2.66722290411924,154.241874711573,27.3325455129703,771.209373557866,203,24,1.54743737335028,86.8581316886862,13.1418683113138
2011,13.3546282506734,2.6317182556635,156.62663866404,27.4599202511275,783.133193320202,204,24,1.61579722377442,86.7141409455208,13.2858590544792
2011,13.1213037985624,2.58691607462716,158.961821207561,27.5833435521484,794.809106037805,205,24,1.58046890917021,86.5609934110543,13.4390065889457
2011,12.8470969604645,2.53389584267132,161.256403691095,27.7033961103482,806.282018455475,206,24,1.55055772472014,86.3991500702946,13.6008499297054
2011,12.5515843453862,2.47366699532157,163.50109283594,27.8196916270693,817.505464179701,207,24,1.6643039331738,86.2300366819385,13.7699633180615
2011,12.2078003530953,2.40716325334384,165.662869424022,27.9306442943579,828.314347120111,208,24,1.61790731110259,86.0563970223818,13.9436029776181
2011,11.8486571049709,2.33583691892926,167.764100860497,28.03752653715,838.820504302486,209,24,1.66212585643841,85.8795347308866,14.1204652691134
2011,11.475122292479,2.26085169614784,169.783578802199,28.139374543268,848.917894010994,210,24,1.75601830175186,85.7028809908838,14.2971190091162
2011,11.0882727026147,2.1835240262658,171.708492019627,28.2356704150201,858.542460098134,211,24,1.84194373738212,85.533870712304,14.466129287696
2011,10.1454432243573,1.99721595267786,173.537784992471,28.3264880079585,867.688924962357,212,24,1.88007078986039,85.0056023000146,14.9943976999854
2012,4.51919863987241,0.894587623648884,54.5,19.9420239553624,272.5,141,24,0.492889722978197,90.4546094144004,9.5453905855996
2012,4.59988989839662,0.91040017201419,55.305235198013,20.0308536661617,276.526175990065,142,24,0.505176702191238,90.5281414557839,9.47185854421606
2012,4.6835312519482,0.927122817678275,56.1241488084696,20.1202725515621,280.620744042348,143,24,0.504024077173869,90.6180855584823,9.38191444151773
2012,4.77127738002378,0.944732120699313,56.9600185407992,20.2106099882766,284.800092703996,144,24,0.500198930147953,90.7221002056857,9.2778997943143
2012,4.86705010186193,0.963191973861629,57.8141995906282,20.3019768918491,289.070997953141,145,24,0.526288685983732,90.8380661705175,9.16193382948246
2012,4.96413881241754,0.982334238394052,58.6823140011902,20.393875205969,293.411570005951,146,24,0.535335690088433,90.9644134106227,9.03558658937728
2012,5.00354383527634,0.989026903313409,59.5680332144824,20.4866657479178,297.840166072412,147,16,0.519995351144257,91.0988792353356,8.90112076466437
2012,5.17261663882645,1.02299380792339,60.4646976104904,20.5796285382148,302.323488052452,148,24,0.572436534486851,91.2401324370972,8.7598675629028
2012,5.27919215208939,1.04432879001654,61.3846840878724,20.6740159310889,306.923420439362,149,24,0.568548057193854,91.3851900143248,8.61480998567519
2012,5.3241627483727,1.05297953743614,62.3267586718587,20.7696532291241,311.633793359293,150,16,0.517025867806131,91.5323920674177,8.46760793258227
2012,5.74447843076877,1.13597781569019,63.2881266316222,20.8662160479726,316.440633158111,151,17,0.539960251955468,91.8759892714752,8.12401072852483
2012,5.87065568683829,1.16055575179849,64.3289651455988,20.969615377034,321.644825727994,152,17,0.560432428418131,92.0139869243257,7.98601307567426
2012,5.99905998639271,1.18556632522644,65.390937992015,21.0739193593118,326.954689960075,153,17,0.581411489709496,92.149630669543,7.85036933045703
2012,6.12787207837518,1.21094101830414,66.4743884887199,21.1791231481761,332.3719424436,154,17,0.592082848390637,92.2820809164442,7.71791908355576
2012,6.26131931141595,1.23660868167475,67.5814589430079,21.285393154441,337.907294715039,155,17,0.626194693397973,92.4093504910701,7.59064950892986
2012,6.39342456039134,1.2624611718122,68.7083873924064,21.3923304351582,343.541936962032,156,17,0.643618624369134,92.5296898288765,7.47031017112349
2012,6.52451372010494,1.2884317701078,69.8582420678678,21.5001905773571,349.291210339339,157,17,0.648977587626703,92.6414526198036,7.35854738019638
2012,6.66118577223658,1.31444817944123,71.0332316615766,21.6091377009311,355.166158307883,158,17,0.695464444312029,92.7431024624043,7.25689753759567
2012,6.7915840906141,1.34038649804481,72.2262459506971,21.7184785031146,361.131229753486,159,17,0.69667536459437,92.8337295844116,7.16627041558842
2012,6.91631340472617,1.36620550020806,73.4450841047986,21.8288937819931,367.225420523993,160,17,0.66076859566328,92.9114844621631,7.0885155378369
2012,7.04545369455217,1.39185701578016,74.6960343643947,21.9408979896254,373.480171821973,161,17,0.664702946315267,92.9746716227734,7.02532837722656
2012,7.17359501683328,1.41722199993158,75.9720089536568,22.0538039180576,379.860044768284,162,17,0.67206865850451,93.0224246440796,6.97757535592035
2012,7.2998038137856,1.44221976253457,77.2721199657048,22.1674942679625,386.360599828524,163,17,0.679096325361688,93.0534914273907,6.94650857260926
2012,7.42489228728828,1.46677859276142,78.5960464818251,22.2819052986976,392.980232409125,164,17,0.694018166658733,93.0665926038343,6.93340739616567
2012,7.54924084934891,1.49082638445271,79.94198337317,22.3968497043633,399.70991686585,165,17,0.722297018892789,93.0605404439131,6.93945955608688
2012,7.66899758255471,1.51429516373888,81.3071088296795,22.5120631891162,406.535544148397,166,17,0.738945513690689,93.034210638947,6.96578936105297
2012,7.78195856047622,1.53715148604349,82.6928279467453,22.6276439933459,413.464139733727,167,17,0.729211660590184,92.986259700484,7.013740299516
2012,7.90218097629124,1.56120166852278,84.1030551477113,22.7438912448502,420.515275738557,168,17,0.728625068802805,92.9157535647774,7.08424643522263
2012,8.03756137968155,1.58800246955592,85.5374099910394,22.8607420143511,427.687049955197,169,17,0.736883534600769,92.8232969307467,7.17670306925327
2012,8.18539462455907,1.61720268270563,86.9971514625371,22.9782670886801,434.985757312685,170,17,0.747444584558466,92.7097672040407,7.2902327959593
2012,8.34584804293938,1.64848578457929,88.4843056134221,23.0965942089138,442.42152806711,171,17,0.772541420746734,92.576302095516,7.42369790448404
2012,8.51462726871845,1.68156496019313,89.9984848494185,23.215655981635,449.992424247093,172,17,0.792523708010891,92.4244438338153,7.57555616618466
2012,8.69125804819368,1.71621795009542,91.5423723229072,23.3356248232267,457.711861614536,173,17,0.811866618141486,92.2558001157451,7.74419988425486
2012,8.87459056488864,1.75226784154003,93.1176606974666,23.4565888899509,465.588303487333,174,17,0.828766661220354,92.072223690078,7.92777630992197
2012,9.06684284000422,1.78958493829531,94.7261727264968,23.5786412959219,473.630863632484,175,17,0.863638586283308,91.8756982919567,8.12430170804327
2012,9.26320367631399,1.8280598771896,96.3660910876677,23.7015986581997,481.830455438339,176,17,0.886233325472239,91.668496198362,8.33150380163795
2012,9.55502432907992,1.88687618325785,98.0406853901592,23.8256600907125,490.203426950796,177,24,0.948945201409674,91.4526533523871,8.54734664761294
2012,9.76857094246384,1.9285715620663,99.7610156752162,23.9515813007287,498.805078376081,178,24,0.980565958784042,91.2298003826689,8.7701996173311
2012,9.98771925258598,1.97136466441237,101.517635323514,24.0786066457592,507.588176617568,179,24,1.01281385777316,91.0026015098585,8.99739849014147
2012,10.2153386719268,2.01522961278208,103.311528653946,24.2067560126823,516.557643269728,180,24,1.0691206062755,90.7730750405704,9.22692495942956
2012,10.440823752802,2.06010672317071,105.139566339475,24.3357588932118,525.697831697374,181,24,1.06903676039071,90.5433330732787,9.45666692672129
2012,10.6734242694606,2.10602464017829,107.01258684302,24.4663247914928,535.062934215099,182,24,1.08374168958133,90.3146314498888,9.68536855011122
2012,10.9138738883511,2.15290573873776,108.929040529852,24.5982800432258,544.645202649258,183,24,1.12156259928675,90.0886968095637,9.91130319043633
2012,11.1578446183174,2.20063272590956,110.885857550814,24.7313553507493,554.42928775407,184,24,1.15378026985289,89.867144665417,10.132855334583
2012,11.4037135607658,2.24909344016117,112.884844829141,24.8656190290196,564.424224145707,185,24,1.17208006547452,89.6511533005472,10.3488466994528
2012,11.6532582897914,2.29815759200929,114.929145589912,25.0012231580339,574.645727949562,186,24,1.19547008563982,89.4416660088299,10.5583339911701
2012,11.8983888886404,2.34762977697638,117.018454526544,25.1380867262335,585.092272632721,187,24,1.17004815262926,89.2396080050886,10.7603919949114
2012,12.1549573839096,2.39736279212687,119.161626479313,25.2767204045061,595.808132396564,188,24,1.22139194557169,89.0453349733955,10.9546650266045
2012,12.4116992661458,2.44696521340071,121.345567432268,25.4162149292369,606.727837161342,189,24,1.28005888636296,88.8600114270704,11.1399885729296
2012,12.6637845878144,2.49612605141926,123.568817833482,25.5564343554259,617.844089167409,190,24,1.32067656183904,88.6852005238636,11.3147994761364
2012,12.9078071167815,2.54451039806714,125.834024018347,25.6975029957688,629.170120091733,191,24,1.32929802709627,88.520685563885,11.479314436115
2012,13.1427973945089,2.59176757593659,128.145937027897,25.8396669705527,640.729685139486,192,24,1.31321666349502,88.3659670165917,11.6340329834084
2012,13.3770471432012,2.63750511246135,130.507651156263,25.9830593589307,652.538255781314,193,24,1.35072675372907,88.2210968172414,11.7789031827586
2012,13.5984726338426,2.68114213462144,132.908255833395,26.1269713425253,664.541279166973,194,24,1.37204526182666,88.0866069464483,11.9133930535517
2012,13.8083867583645,2.72218247158223,135.348378605871,26.2714075231557,676.741893029354,195,24,1.40635560662188,87.9625506239798,12.0374493760202
2012,13.341344806534,2.63098249559986,137.823068964949,26.4160479308111,689.115344824747,196,24,1.37726342758214,87.5889514416197,12.4110485583803
2012,13.5047794871745,2.66267290495165,140.209563579949,26.5538289513408,701.047817899745,197,24,1.41841142532762,87.4880835883455,12.5119164116545
2012,13.6484456072416,2.69011695914662,142.619886800846,26.691336469819,713.099434004228,198,24,1.47453237403045,87.3984713290086,12.6015286709914
2012,13.7581232528121,2.70982244068643,145.047037939656,26.828176911045,725.235189698278,199,24,1.57706277942139,87.3101556530585,12.6898443469415
2012,13.8027610523682,2.71723027905125,147.474884178256,26.9634690959439,737.374420891278,200,24,1.6615965137375,87.2100311576356,12.7899688423644
2012,13.7830710697179,2.71304452057428,149.893966442981,27.0967376317314,749.469832214906,201,24,1.69870181082764,87.0989447956942,12.9010552043058
2012,13.7025469017791,2.69769789284361,152.300856301146,27.2278549553177,761.504281505731,202,24,1.69712058180971,86.9767964821725,13.0232035178275
2012,13.5793166412467,2.67175182182729,154.691076226607,27.3566426137414,773.455381133035,203,24,1.80313698830988,86.8437115499109,13.1562884500891
2012,13.3990078163776,2.63565276119861,157.034518948915,27.4815702906215,785.172594744578,204,24,1.85871434100634,86.700857652762,13.299142347238
2012,13.1699714918187,2.59028456798187,159.329822903803,27.6026783621122,796.649114519013,205,24,1.8986672426168,86.5487607958849,13.4512392041151
2012,12.9007376914227,2.53659983513492,161.570336795416,27.7197283146122,807.851683977081,206,24,1.96321280894886,86.3884383475802,13.6115616524198
2012,12.5969161075524,2.47561138123769,163.74307763709,27.8321620716645,818.715388185449,207,24,2.06247922927576,86.221516752458,13.778483247542
2012,12.2603151105642,2.40843580393646,165.834168253489,27.9393929193172,829.170841267445,208,24,2.15266046884309,86.0501436766937,13.9498563233063
2012,11.8879017177734,2.33634567059079,167.838865472307,28.0413123171388,839.194327361536,209,24,2.10031318114768,85.8766935714557,14.1233064285443
2012,11.5015914432633,2.26082043916042,169.778515616581,28.1391202509861,848.892578082903,210,24,2.09250232484349,85.7030819087518,14.2969180912482
2012,11.1070840334382,2.18315211696877,171.641428614608,28.2323281790479,858.20714307304,211,24,2.12049126033029,85.5366555059683,14.4633444940317
2012,10.1528416214929,1.9966491141206,173.41881205809,28.3206017850794,867.094060290451,212,24,2.02865369822078,85.0108564798975,14.9891435201025
2013,4.51559016584315,0.894587623648884,54.5,19.9420239553624,272.5,141,24,0.464163423869842,90.4546094144004,9.5453905855996
2013,4.59426885635256,0.910424617397549,55.3102587630288,20.0314050036907,276.551293815144,142,24,0.459917355484879,90.5276125236031,9.4723874763969
2013,4.67828481787485,0.927186550787407,56.1371000186074,20.12167939439,280.685500093037,143,24,0.461000294406917,90.6167565053598,9.38324349464019
2013,4.76796015332491,0.94483415047495,56.9805251767976,20.2128146161951,284.902625883988,144,24,0.471020847299383,90.7200516311687,9.27994836883134
2013,4.86303509362,0.963321100730954,57.8398783230388,20.3047089896632,289.199391615194,145,24,0.489834678140878,90.8355714634888,9.16442853651117
2013,4.96021195080734,0.982497629577569,58.7144804325905,20.3972620759718,293.572402162953,146,24,0.498355159912807,90.9613768612002,9.03862313879979
2013,5.0637234643545,1.00252632096576,59.6068102433739,20.4907061084024,298.034051216869,147,24,0.522480465599784,91.0953245672577,8.90467543274231
2013,5.16781780242549,1.02325412404551,60.5150133653067,20.5848165361864,302.575066826534,148,24,0.524051415860032,91.2356556361069,8.76434436389315
2013,5.27524309936094,1.04463665668952,61.4437168515928,20.6800387319796,307.218584257964,149,24,0.526044781713955,91.3800939304098,8.61990606959022
2013,5.38615153546163,1.06661702629498,62.3935019668984,20.7763905371849,311.967509834492,150,24,0.531703376837731,91.5268030111969,8.47319698880306
2013,5.79808639310294,1.14801504506609,63.3643318001018,20.8738264885336,316.821659000509,151,24,0.547558526941301,91.8699534375066,8.13004656249344
2013,5.92220815411281,1.1726408628497,64.4143717804656,20.9780479622897,322.071858902328,152,24,0.552917645728321,92.007426895209,7.99257310479106
2013,6.05014431307875,1.19771365414321,65.4881575040528,21.0834088381904,327.440787520264,153,24,0.569368643989278,92.1423872652262,7.85761273477383
2013,6.12262972656687,1.21154243425265,66.5842327275273,21.1897222006705,332.921163637636,154,17,0.535480758581572,92.2741395390462,7.72586046095384
2013,6.25424044433635,1.23726797781649,67.7015742613,21.296850124152,338.5078713065,155,17,0.553219340730666,92.40091952328,7.59908047671996
2013,6.3853881362495,1.26319399954594,68.841680976911,21.404897974825,344.208404884555,156,17,0.561282171793148,92.5205996863987,7.47940031360131
2013,6.51818392167889,1.28924694240548,70.0063944154936,21.5139975528718,350.031972077468,157,17,0.576142512777632,92.631627427392,7.36837257260799
2013,6.650981566115,1.31533656332864,71.1946835639777,21.6240094278767,355.973417819889,158,17,0.589911620344748,92.7326791251187,7.26732087488128
2013,6.78434234819067,1.34137922381119,72.4067657995231,21.7349134187447,362.033828997616,159,17,0.609200258474967,92.822370109232,7.177629890768
2013,6.91772725764298,1.36728522067291,73.641648466822,21.8465808240519,368.20824233411,160,17,0.633621282570915,92.8994115045403,7.10058849545968
2013,7.0475521106144,1.39296629979267,74.8983084034324,21.9588856076457,374.491542017162,161,17,0.641591644343756,92.962526615114,7.03747338488598
2013,7.17485033310166,1.41835673232458,76.1793220758725,22.0720231556444,380.896610379362,162,17,0.642563353730706,93.0102353537769,6.98976464622306
2013,7.30148358639698,1.44338573026665,77.4855820236196,22.1860331224032,387.427910118098,163,17,0.651621799302902,93.0411781098399,6.95882189016006
2013,7.42524183773801,1.4679739471914,78.8153358283813,22.3007258964298,394.076679141907,164,17,0.656517202263352,93.0541577213628,6.9458422786372
2013,7.54766142583114,1.49206073660187,80.1688388322462,22.4160902909454,400.844194161231,165,17,0.669562438166431,93.0478680502099,6.95213194979014
2013,7.66603605079828,1.51558338968856,81.5441908302018,22.5319346878061,407.720954151009,166,17,0.674807609215727,93.0211354389298,6.97886456107022
2013,7.78336181785208,1.53850516979604,82.9421401193385,22.6482951927845,414.710700596692,167,17,0.693457149269689,92.972654396929,7.02734560307101
2013,7.90390473137486,1.56259634197824,84.35979304064,22.7649080925305,421.7989652032,168,17,0.694241945888074,92.9018553540101,7.09814464598989
2013,8.04063693499261,1.58943980460676,85.8013627301035,22.8820960517936,429.006813650518,169,17,0.710252232210066,92.8090882467123,7.19091175328767
2013,8.19074048111316,1.61867940009904,87.2670382773641,22.9998450806649,436.33519138682,170,17,0.734818259031588,92.6952930794903,7.30470692050966
2013,8.34856010664229,1.64999355501514,88.7577787580927,23.1182022428672,443.788893790463,171,17,0.740862179867992,92.561670714815,7.43832928518501
2013,8.51779694406711,1.68312738322937,90.278827329068,23.237546188753,451.39413664534,172,17,0.761916823621579,92.4094696563877,7.59053034361232
2013,8.69053352661318,1.71784097756655,91.8294601713165,23.3577773916583,459.147300856583,173,17,0.753253796305223,92.2404880875588,7.75951191244114
2013,8.87497702222962,1.75398680058561,93.4163151405546,23.4793609878236,467.081575702773,174,17,0.774302456899255,92.0563237791213,7.94367622087867
2013,9.15380958653121,1.80890376413777,95.0357847899531,23.6019682846724,475.178923949765,175,24,0.877888532721604,91.8592586334702,8.14074136652978
2013,9.35555551760171,1.84838214485759,96.6902324109674,23.7257291101307,483.451162054837,176,24,0.904575996929618,91.6513518606277,8.34864813937232
2013,9.56226442760667,1.8890402584543,98.3796124995559,23.8505892984562,491.89806249778,177,24,0.924135682004176,91.4348248599168,8.5651751400832
2013,9.77824031560849,1.93084724244807,100.10633446498,23.9766745229613,500.531672324898,178,24,0.969353138828854,91.2117692193619,8.78823078063816
2013,9.99622308027087,1.97374759904438,101.867110336721,24.103694975182,509.335551683604,179,24,0.988684058927938,90.984524764997,9.01547523500295
2013,10.2244133696778,2.01774602197185,103.667508142989,24.2320011684363,518.337540714945,180,24,1.04340431288256,90.7548750535086,9.24512494649138
2013,10.4547341435938,2.06277014147713,105.502479377845,24.3611829966461,527.512396889225,181,24,1.07524667913762,90.5250343743877,9.47496562561235
2013,10.6890330348052,2.10880376439937,107.377012651103,24.4915430067682,536.885063255516,182,24,1.0985185388069,90.2965512637315,9.70344873626851
2013,10.9283998756347,2.1557956422479,109.293602882525,24.6231980376403,546.468014412627,183,24,1.12367590840096,90.0709398066933,9.92906019330673
2013,11.1713443084292,2.20365641300521,111.252869977668,24.7561317568251,556.26434988834,184,24,1.14268825360774,89.8496316023479,10.1503683976521
2013,11.4140632084629,2.25227581224053,113.256740062558,24.8904144992009,566.28370031279,185,24,1.13115200409892,89.6338022788766,10.3661977211234
2013,11.6704173396735,2.30155029316373,115.311257216626,25.0263828233074,576.55628608313,186,24,1.19839298785611,89.4242671370168,10.5757328629832
2013,11.9306652551084,2.35117080534663,117.403369651119,25.1631150469168,587.016848255594,187,24,1.28463825877267,89.2225295742718,10.7774704257282
2013,12.1901077453862,2.40086821889671,119.530030980728,25.3003756768024,597.65015490364,188,24,1.36381263295763,89.0294282351101,10.9705717648899
2013,12.4422087799652,2.45037231466061,121.69246808899,25.4382110431618,608.462340444951,189,24,1.39044375392988,88.8454502667423,11.1545497332576
2013,12.6957462369491,2.49947273857208,123.899692531729,25.5771517988476,619.498462658645,190,24,1.44713820728295,88.6717096177921,11.3282903822078
2013,12.9451369711589,2.54775138966165,126.145946057294,25.71678935116,630.72973028647,191,24,1.50494073949674,88.5083374087003,11.4916625912997
2013,13.1876003735501,2.59479286977432,128.430142676105,25.8570196070591,642.150713380524,192,24,1.55790243846047,88.355045440224,11.644954559776
2013,13.4191001667448,2.64016024608766,130.751827126504,25.9977811394685,653.75913563252,193,24,1.58943622488841,88.211987396959,11.788012603041
2013,13.6396800476973,2.6834100219526,133.113051120392,26.1391643282288,665.565255601958,194,24,1.61991563892585,88.079186571967,11.920813428033
2013,13.8486730970749,2.72401950688968,135.511796511949,26.2810155307911,677.558982559747,195,24,1.66736366262106,87.9567957997885,12.0432042002115
2013,13.3889972545599,2.6322912292341,137.942303935994,26.4229710968806,689.711519679971,196,24,1.7380716359832,87.584830425087,12.415169574913
2013,13.5519548682514,2.66329879868455,140.266137038447,26.5570752408502,701.330685192233,197,24,1.81451695969134,87.4861768653866,12.5138231346134
2013,13.6892185918085,2.68996999530327,142.606658779543,26.6905862557297,713.033293897717,198,24,1.85528296884518,87.3989068076018,12.6010931923982
2013,13.7832592000524,2.70892184734516,144.965818263772,26.8236237357138,724.829091318859,199,24,1.85588840778899,87.3127782894497,12.6872217105503
2013,13.8227281123905,2.71578366706301,147.342951943141,26.9561571979213,736.714759715704,200,24,1.92855510733197,87.2142408588016,12.7857591411985
2013,13.805950357352,2.71109555514205,149.712679862844,27.0868026356749,748.56339931422,201,24,2.03168073843964,87.104700909713,12.895299090287
2013,13.7293125815933,2.69515502675142,152.057614052381,27.2146700194968,760.288070261903,202,24,2.11022165524925,86.9845344919995,13.0154655080005
2013,13.5926319344369,2.66852102290717,154.370658366921,27.3394590177751,771.853291834605,203,24,2.12483784601754,86.8539914566773,13.1460085433227
2013,13.4063572813992,2.63196814828349,156.65255144035,27.4612968538139,783.262757201752,204,24,2.14981499035691,86.7132956209169,13.2867043790831
2013,13.1748515745604,2.58627044464872,158.891265414872,27.5796329875123,794.456327074361,205,24,2.19115667975887,86.563343157562,13.436656842438
2013,12.8995447990405,2.53232918077342,161.074450900168,27.6939199659882,805.37225450084,206,24,2.20934802732976,86.4053712638131,13.5946287361869
2013,12.5866340367527,2.47123216744708,163.197955408854,27.8040515792845,815.989777044271,207,24,2.21096291342765,86.2407328759753,13.7592671240247
2013,12.2438963463231,2.40415344751469,165.257556239007,27.9099188808375,826.287781195034,208,24,2.21914437020622,86.0712255984559,13.9287744015441
2013,11.8767741919736,2.33231254840841,167.245963088843,28.0112577530592,836.229815444215,209,24,2.22353182455192,85.8992667548032,14.1007332451968
2013,11.4900375393218,2.25699780268704,169.159053817079,28.1079685785172,845.795269085393,210,24,2.19761753175354,85.7277155140534,14.2722844859466
2013,10.8631403901791,2.13389081465402,170.998968202863,28.2002636897647,854.994841014316,211,16,1.97699904253307,85.5633934051516,14.4366065948484
2013,9.89379910376902,1.94329368386726,172.75662043148,28.2877881166734,863.783102157402,212,15,1.95009268134291,85.0401685037704,14.9598314962296
2014,4.51979007564394,0.894587623648884,54.5,19.9420239553624,272.5,141,24,0.497764747421359,90.4546094144004,9.5453905855996
2014,4.60017099123477,0.910396002907191,55.3043784802787,20.0307596376903,276.521892401393,142,24,0.507672761007821,90.528231661451,9.47176833854902
2014,4.68421057820221,0.927116421060723,56.1228491002352,20.120131356494,280.614245501176,143,24,0.509807317222489,90.6182189403294,9.3817810596706
2014,4.77127690571714,0.944720573106583,56.9576980542064,20.2103604825093,284.788490271032,144,24,0.500639111854991,90.7223320334377,9.27766796656233
2014,4.86386718196431,0.963179859297527,57.8117909812905,20.3017205836242,289.058954906452,145,24,0.501482293945713,90.838300187082,9.16169981291797
2014,4.96105955742626,0.982343973676979,58.6842300957361,20.3940769917591,293.421150478681,146,24,0.510560785465487,90.964232514265,9.03576748573497
2014,5.06343979025516,1.00235955562358,59.5742884308506,20.4873176322234,297.871442154253,147,24,0.526607834394984,91.0983057749719,8.90169422502806
2014,5.1691402564866,1.0230813275321,60.4816094926908,20.5813726379852,302.408047463454,148,24,0.540825930482717,91.2386275920117,8.76137240798831
2014,5.27964989361661,1.04444636741117,61.4072227313179,20.6763159059722,307.036113656589,149,24,0.567605814595391,91.3832441654964,8.61675583450363
2014,5.32622747677438,1.05309500804739,62.3495771927151,20.7719571780738,311.747885963576,150,16,0.528117419032609,91.5304810607134,8.46951893928664
2014,5.74737140811685,1.13609141597753,63.3091396574843,20.8683152095625,316.545698287421,151,17,0.556764855149992,91.8743247302066,8.12567526979343
2014,5.87361632359027,1.1606548471696,64.3471957166758,20.9714160189155,321.735978583379,152,17,0.578524513772983,92.0125864445597,7.98741355544026
2014,6.00140953090104,1.18564934047265,65.4061421514167,21.0754040672643,327.030710757083,153,17,0.595780409167807,92.1484976811092,7.8515023188908
2014,6.13063128017313,1.21101115453755,66.4871886627975,21.1803588862287,332.435943313988,154,17,0.60993801816264,92.2811553252453,7.71884467475474
2014,6.25575680448836,1.23666241302492,67.5912398226958,21.2863266154621,337.956199113479,155,17,0.583790324421136,92.4086638165465,7.59133618345348
2014,6.38573896562015,1.26255553778512,68.7255365608987,21.3939482905442,343.627682804493,156,17,0.584672363572113,92.5285200565012,7.47147994349883
2014,6.51588572640024,1.28858267240379,69.8856432103708,21.5027457487341,349.428216051854,157,17,0.582429708435526,92.6396350118856,7.36036498811437
2014,6.64914114249227,1.31466288123125,71.0722165048435,21.6127308453416,355.361082524217,158,17,0.599630228809261,92.7405850253861,7.2594149746139
2014,6.78002208878607,1.3406933074054,72.2819882838327,21.7235564574206,361.409941419164,159,17,0.602627837189426,92.8302211062711,7.16977889372886
2014,6.91161256175266,1.3666026399959,73.5173228790629,21.8353977234224,367.586614395315,160,17,0.614673927066557,92.9070465471319,7.09295345286811
2014,7.04229556980735,1.39229892703978,74.7765509683037,21.9480621498769,373.882754841518,161,17,0.627993209632487,92.9698361270937,7.03016387290631
2014,7.17366379218432,1.41769979456377,76.0592347459314,22.0614737737935,380.296173729657,162,17,0.656300949937669,93.0172949220845,6.98270507791546
2014,7.30524916081044,1.44271386702524,77.3625117184589,22.1753490056335,386.812558592295,163,17,0.700711751515479,93.0482760695826,6.95172393041738
2014,7.43569712227705,1.46725404843309,78.6832027125029,22.2893898947681,393.416013562514,164,17,0.756428500030089,93.0616491240409,6.93835087595913
2014,7.55973792921214,1.49124479203836,80.0188169247528,22.4033705449,400.094084623764,165,17,0.785923428458353,93.0562471751251,6.94375282487488
2014,7.67758869324987,1.51465522663895,81.3733150016413,22.5176164505777,406.866575008207,166,17,0.790293371021467,93.0305580782967,6.96944192170328
2014,7.7929693236539,1.53746481904028,82.750481351863,22.6324234334874,413.752406759315,167,17,0.799341504071059,92.9831122279422,7.0168877720578
2014,7.9164439376618,1.56145086034941,84.1488833954789,22.7476460712178,420.744416977394,168,17,0.82514779535809,92.9132715853948,7.08672841460523
2014,8.05119087742692,1.58816258756567,85.5667851274198,22.8631207611158,427.833925637099,169,17,0.831201587146386,92.8217148296806,7.17828517031943
2014,8.19981301405329,1.6172751795415,87.0103880814701,22.9793264700735,435.05194040735,170,17,0.850757519947318,92.7090568960542,7.29094310394586
2014,8.3602042946346,1.64846071503023,88.4797629284571,23.0962348833243,442.398814642286,171,17,0.880454025497343,92.576545303217,7.42345469678297
2014,8.52767262796549,1.68143524209642,89.9752310409749,23.2138381024339,449.876155204874,172,17,0.894553642943463,92.4256868754073,7.5743131245927
2014,8.70118962487852,1.71598568066326,91.5013224173152,23.3324533330362,457.506612086576,173,17,0.893666239336058,92.257991477692,7.742008522308
2014,8.88918634523508,1.75194860559546,93.0622387513951,23.4523574251794,465.311193756976,174,17,0.950713212956703,92.0751772387713,7.92482276122868
2014,9.08076879592544,1.78913240209861,94.6492829266118,23.5728399807225,473.246414633059,175,17,0.987757293381429,91.8797856803845,8.12021431961554
2014,9.2789406844216,1.8274628354763,96.2671662046669,23.6942230060139,481.335831023334,176,17,1.03171270183437,91.6737354688685,8.32626453113154
2014,9.47902992027312,1.86686817594463,97.9158168793198,23.8164604588081,489.579084396599,177,17,1.04637914061887,91.4592318816074,8.5407681183926
2014,9.68484151850093,1.9073401562202,99.6014681395691,23.9399670369031,498.007340697845,178,17,1.06388304598235,91.2381459641086,8.76185403589146
2014,9.89371588659707,1.948850578563,101.324687712423,24.0647294028484,506.623438562117,179,17,1.06354787070302,91.0126015621119,8.98739843788814
2014,10.1083802073914,1.99139824593616,103.089645694515,24.1909899541864,515.448228472575,180,17,1.06815556249203,90.7844441402232,9.21555585977683
2014,10.4474459190348,2.05832298036795,104.896499855333,24.318696495717,524.482499276664,181,24,1.19499617591381,90.5556184194555,9.44438158054449
2014,10.6816375305911,2.10398951600558,106.745670960442,24.4478162493453,533.728354802211,182,24,1.23301934471532,90.3279084189161,9.67209158108391
2014,10.9177523192347,2.15056711209073,108.633933319284,24.578066734965,543.169666596419,183,24,1.24783945255219,90.1031113654538,9.89688863454623
2014,11.1628943600639,2.19800102373744,110.566296559615,24.7097357220703,552.831482798074,184,24,1.30375954072717,89.8824396734262,10.1175603265738
2014,11.4103817209267,2.24611258314561,112.536328425675,24.8423305705904,562.681642128377,185,24,1.35068223597706,89.6674667912501,10.3325332087499
2014,11.6560952083723,2.29476014350386,114.546278529004,24.9759552095825,572.73139264502,186,24,1.35792938862448,89.459161424697,10.540838575303
2014,11.9072698464624,2.34381676399667,116.603706135097,25.1110542524546,583.018530675486,187,24,1.39553453262646,89.2580802176182,10.7419197823818
2014,12.1550864831709,2.39300771957015,118.703607783031,25.2472398147728,593.518038915157,188,24,1.39792270258518,89.0651903440169,10.9348096559831
2014,12.4039976634933,2.44212439096197,120.852329318624,25.3848643329835,604.261646593122,189,24,1.41379652750272,88.8808008512186,11.1191991487814
2014,12.6532638317582,2.49085567322109,123.047363097772,25.5237052773883,615.236815488858,190,24,1.450027170706,88.70655248133,11.29344751867
2014,12.8961944982149,2.53880681131932,125.284676724228,25.6634552987615,626.423383621142,191,24,1.46609144119974,88.5425270989883,11.4574729010117
2014,13.1364583677229,2.58560964189107,127.567001878667,25.8042360036018,637.835009393335,192,24,1.50987745117807,88.3883119338177,11.6116880661823
2014,13.3674041605737,2.63077459335684,129.888222655702,25.9456266529386,649.441113278508,193,24,1.54543475856658,88.2443072358021,11.7556927641979
2014,13.5852414750139,2.67383681063422,132.248080646714,26.0875768430958,661.240403233572,194,24,1.56017817090364,88.1106325153821,11.8893674846179
2014,13.7896031935919,2.71431579821457,134.648072980343,26.2301418795115,673.240364901715,195,24,1.57229239546496,87.9873204313856,12.0126795686144
2014,13.3318378866719,2.62289780722581,137.085982427867,26.3731573853822,685.429912139334,196,24,1.63952676398023,87.61453810983,12.38546189017
2014,13.5001593421718,2.6539248420982,139.418308257864,26.5083292852041,697.09154128932,197,24,1.76445009345715,87.514866363097,12.485133636903
2014,13.6396985038463,2.68055557355892,141.758713127544,26.6423943176377,708.793565637721,198,24,1.82973710177708,87.4269429023733,12.5730570976267
2014,13.7341565821679,2.69947574990975,144.113322677815,26.7757252149375,720.566613389076,199,24,1.83630474553078,87.3404337934028,12.6595662065972
2014,13.7675534085706,2.70638128168307,146.484815549021,26.908486176649,732.424077745106,200,24,1.84353017758475,87.2417551441565,12.7582448558435
2014,13.7439950063166,2.70194408491097,148.860795747356,27.0400044693907,744.30397873678,201,24,1.85809388104585,87.131883859642,12.868116140358
2014,13.6719871129802,2.68649262205907,151.228354258962,27.1696092388204,756.141771294808,202,24,1.95252337016261,87.0110479604313,12.9889520395687
2014,13.5437992012024,2.66037164524034,153.561780899557,27.2959690973396,767.808904497783,203,24,2.03066488340564,86.8800769624632,13.1199230375367
2014,13.3669839414604,2.62426241744164,155.853059540196,27.4187509601396,779.26529770098,204,24,2.13920833735033,86.7394665167593,13.2605334832407
2014,13.1398755151783,2.57890955126744,158.086351144939,27.5372206355385,790.431755724693,205,24,2.21391868645443,86.5902508116753,13.4097491883247
2014,12.8666946588796,2.52530720041017,160.258339314018,27.6513246624022,801.291696570089,206,24,2.2382248095655,86.4333910328376,13.5666089671624
2014,12.5580052340713,2.46458619205648,162.369870640025,27.7612239829941,811.849353200123,207,24,2.27215751722957,86.2700837970065,13.7299162029935
2014,11.97566597641,2.34973442449911,164.411901363149,27.8665625538558,822.059506815744,208,16,2.08616790114016,86.1023117372552,13.8976882627448
2014,11.6133642796323,2.27902645577429,166.373677161565,27.966905788479,831.868385807824,209,16,2.08074093025252,85.932652470312,14.067347529688
2014,11.2348990215237,2.20500914822343,168.263093713517,28.0627713070321,841.315468567584,210,16,2.08244532602832,85.7635278572091,14.2364721427909
2014,10.8474033531771,2.12900091740979,170.07549312669,28.1540266537875,850.377465633449,211,16,2.09807675004191,85.6020172601961,14.3979827398039
2014,9.88171970309084,1.93902283297072,171.806291608809,28.2405428184283,859.031458044044,212,15,2.09057917781615,85.0824365451983,14.9175634548017
2015,4.51671691271467,0.894587623648884,54.5,19.9420239553624,272.5,141,24,0.47294870590168,90.4546094144004,9.5453905855996
2015,4.59750152841877,0.910417164101329,55.3087270559967,20.0312369021557,276.543635279984,142,24,0.485170250073994,90.5277737955611,9.4722262044389
2015,4.68343374385648,0.927157342531819,56.1311642718922,20.1210346439078,280.655821359461,143,24,0.50187737701465,90.6173656186334,9.38263438136659
2015,4.77239744922352,0.944769068705608,56.9674438188735,20.2114083291297,284.837219094368,144,24,0.507662440372576,90.7213584059177,9.27864159408232
2015,4.86634813269711,0.963222937339417,57.8203561534222,20.3026319985917,289.101780767111,145,24,0.519395742134014,90.8374680232865,9.16253197671345
2015,4.96465425690147,0.982371807857244,58.6897087347431,20.3946539272553,293.448543673716,146,24,0.538036741003982,90.9637152923546,9.03628470764541
2015,5.06664403370852,1.00236315813092,59.5749907954659,20.4873908258282,297.874953977329,147,24,0.5521301520768,91.0982413853503,8.90175861464969
2015,5.17250802430942,1.02306186496146,60.4778482392579,20.5809847743482,302.38924119629,148,24,0.568774970498664,91.2389622631413,8.76103773685871
2015,5.21450039510954,1.03110064505789,61.3985452419353,20.6754304739143,306.992726209677,149,16,0.51811841508895,91.3839933021169,8.61600669788313
2015,5.32605016968444,1.05303525093619,62.3377673295334,20.7707648287734,311.688836647667,150,16,0.528971108845145,91.5314700887096,8.46852991129038
2015,5.74615341673732,1.13602646003637,63.2971236624563,20.8671148938156,316.485618312281,151,17,0.550229657755043,91.8752765550816,8.12472344491835
2015,5.86898515109771,1.16059531657988,64.336243236996,20.9703342801114,321.68121618498,152,17,0.547194671878613,92.0134278053279,7.98657219467215
2015,5.99613517007995,1.18561869741212,65.4005294789053,21.0748560097627,327.002647394526,153,17,0.558650859428881,92.1489159197307,7.8510840802693
2015,6.12674871242592,1.21101530964586,66.4879470688148,21.1804320980901,332.439735344074,154,17,0.581365705310252,92.2811004857738,7.71889951422619
2015,6.25762861085304,1.23669370225051,67.596936171759,21.2868702164144,337.984680858795,155,17,0.595997613606573,92.4082639119236,7.5917360880764
2015,6.39069689448099,1.2625755049187,68.7291657646785,21.3942906341536,343.645828823393,156,17,0.619158823938934,92.5282725125511,7.47172748744888
2015,6.52004303050895,1.28857013749178,69.8833666741345,21.5025334870963,349.416833370672,157,17,0.611517673629762,92.639786014858,7.360213985142
2015,6.65215061238515,1.31462289268932,71.0649538593688,21.6120615679479,355.324769296844,158,17,0.621788626124315,92.7410539812443,7.25894601875565
2015,6.78460650457375,1.34063227348742,72.2708959325622,21.7225461960719,361.354479662811,159,17,0.636198080040471,92.8309192122198,7.16908078778021
2015,6.91498857017906,1.36650982386044,73.5004334947114,21.833877504709,367.502167473557,160,17,0.640851676677888,92.9080840230643,7.09191597693566
2015,7.04525152987029,1.39218124816921,74.7551014548385,21.9461541529305,373.775507274193,161,17,0.652147000607771,92.9711241556566,7.02887584434338
2015,7.17316706427028,1.41755913457175,76.0335459689776,22.0592155697491,380.167729844888,162,17,0.657604088175651,93.0188054977333,6.98119450226667
2015,7.29981003359752,1.44257153567045,77.3364633626175,22.1730861479357,386.682316813088,163,17,0.667226811426417,93.0497788061445,6.95022119385546
2015,7.42643270704399,1.46714259383501,78.6627639541898,22.2876352223971,393.313819770949,164,17,0.692371770167072,93.0628082568516,6.93719174314836
2015,7.55123332009521,1.491193186993,80.0093370005277,22.4025662226312,400.046685002639,165,17,0.723768290103931,93.0567768198861,6.94322318011395
2015,7.67359636236576,1.51466202438919,81.3745653704142,22.5177212990875,406.872826852071,166,17,0.759636060531668,93.0304891054459,6.96951089455413
2015,7.79258469859498,1.5375005866981,82.757064689731,22.6329690414447,413.785323448655,167,17,0.795025128851786,92.9827528715237,7.01724712847627
2015,7.91950161268645,1.56149092256358,84.1562529299263,22.748249743123,420.781264649631,168,17,0.847973029495497,92.912872509463,7.08712749053701
2015,8.05812795521022,1.58818120403309,85.5702009634831,22.8633973325571,427.851004817415,169,17,0.886290985167882,92.8215308712605,7.17846912873947
2015,8.20523682223317,1.61724114248573,87.0041733596163,22.978829094153,435.020866798082,170,17,0.895680600820303,92.7093903871497,7.29060961285026
2015,8.36163765860943,1.64838281746554,88.4656485374259,23.0951183554063,442.32824268713,171,17,0.894996403156908,92.577300998272,7.42269900172798
2015,8.52887143272165,1.68134187286556,89.9584953041194,23.2125295743973,449.792476520597,172,17,0.907759354273875,92.4265815824524,7.57341841754764
2015,8.71252326934794,1.7158773850034,91.4821858872108,23.3309745177095,457.410929436054,173,17,0.990544563500355,92.259013206348,7.74098679365199
2015,8.89718826741717,1.75173979055352,93.0259940153415,23.4495891901303,465.129970076707,174,17,1.02648847717771,92.0771092975218,7.92289070247826
2015,9.08650893704157,1.78883924991166,94.599485022998,23.5690809892186,472.99742511499,175,17,1.04854210700229,91.8824338929377,8.11756610706233
2015,9.28403242723068,1.82709578031244,96.2063616047491,23.6896869083557,481.031808023746,176,17,1.09130196120827,91.6769574297078,8.32304257029224
2015,9.48512281966342,1.86642284802152,97.8441157426307,23.8111742133469,489.220578713154,177,17,1.11780241390534,91.4630118206242,8.53698817937583
2015,9.68998778801886,1.90679689282737,99.5167047251541,23.9337914085542,497.583523625771,178,17,1.13081336950978,91.2425835224756,8.75741647752436
2015,9.90084540536261,1.94820665336755,101.227572360257,24.0577376708912,506.137861801285,179,17,1.15059167984385,91.0176401623299,8.98235983767006
2015,10.115950704968,1.99062092190807,102.976553546475,24.1829450067995,514.882767732376,180,17,1.16317044427458,90.7902462866301,9.20975371336995
2015,10.3406988780622,2.03402214049652,104.765926497229,24.3095193334084,523.829632486147,181,17,1.21667403385539,90.5622278033127,9.43777219668734
2015,10.5675249606953,2.07831835706525,106.589422237606,24.4369666426355,532.947111188029,182,17,1.24872544616663,90.3356941407991,9.6643058592009
2015,10.8014537474039,2.12347519783259,108.451733359508,24.5655678706607,542.258666797541,183,17,1.30579703029703,90.1120291115296,9.88797088847037
2015,11.035183973998,2.16937266926265,110.349261197797,24.6950275328797,551.746305988986,184,17,1.32716663119532,89.89285214976,10.10714785024
2015,11.4102674770215,2.24399880654672,112.289090043776,24.8257791858742,561.445450218882,185,24,1.44669811145123,89.6790709454887,10.3209290545113
2015,11.6506115152279,2.29239699561051,114.279839448875,24.9583363634054,571.399197244375,186,24,1.41394963376222,89.4713734121911,10.5286265878089
2015,11.9008926479457,2.34125585970025,116.324995900134,25.092850804404,581.624979500669,187,24,1.45278826077586,89.2705345258138,10.7294654741862
2015,12.1500576698519,2.39023867149526,118.412205021326,25.2284422495234,592.061025106632,188,24,1.47586423059467,89.0778687818705,10.9221312181294
2015,12.3949060538181,2.43910407727947,120.544370687225,25.3652449968296,602.721853436126,189,24,1.4656763195952,88.8938322438711,11.1061677561289
2015,12.6397454785238,2.48762271216903,122.727253992234,25.5035657337456,613.636269961169,190,24,1.47228582877601,88.7197150409594,11.2802849590406
2015,12.8862523454729,2.5354121452173,124.957461612362,25.6431255379738,624.787308061811,191,24,1.5270098091959,88.5555943490804,11.4444056509196
2015,13.1248157545401,2.58198195133721,127.225669405887,25.7832938324736,636.128347029433,192,24,1.5666698442927,88.4015477104765,11.5984522895235
2015,13.3512908210166,2.6269210094403,129.533265045808,25.9241200914714,647.666325229038,193,24,1.57253686493861,88.2576737402813,11.7423262597187
2015,13.5684951273924,2.66981760415537,131.884549576176,26.0658253820749,659.422747880881,194,24,1.58884624903067,88.1239314330524,11.8760685669476
2015,13.7789785838543,2.71013479213888,134.275536128687,26.2081290948711,671.377680643435,195,24,1.66288184200935,88.000568998336,11.999431001664
2015,13.3117860695759,2.61859454081272,136.693288103661,26.3502411228147,683.466440518303,196,24,1.65268097761247,87.6282485387588,12.3717514612412
2015,13.4759042278858,2.64951508181109,139.019069744472,26.4853034752115,695.095348722361,197,24,1.74234352130089,87.528461708263,12.471538291737
2015,13.6141504103185,2.67612369071618,141.359150708883,26.6196160213831,706.795753544415,198,24,1.79529911154668,87.4402368913387,12.5597631086613
2015,13.7095181747878,2.69507353776092,143.715651605342,26.7533140077791,718.57825802671,199,24,1.8095766315068,87.3534148451919,12.6465851548081
2015,13.7443747406523,2.70203407587071,146.087682995688,26.886358849821,730.438414978439,200,24,1.82864404842148,87.2545667600869,12.7454332399131
2015,13.7147218121151,2.6976653373181,148.462133134317,27.0180398474168,742.310665671587,201,24,1.7787245239522,87.1446814724683,12.8553185275317
2015,13.6520363269489,2.68243789519022,150.839848124031,27.1484391195361,754.199240620155,202,24,1.95578040413841,87.023540704112,12.976459295888
2015,13.5200994617055,2.65641556988238,153.168775231348,27.2747811944888,765.843876156742,203,24,1.98633186246045,86.8928209732665,13.1071790267335
2015,13.3351668916636,2.62051894317016,155.46433260881,27.3980094259386,777.321663044048,204,24,1.98562920944951,86.7522587441522,13.2477412558478
2015,13.1063148220715,2.57558159470582,157.722135375286,27.5179799946452,788.61067687643,205,24,2.00746889817995,86.6024877589718,13.3975122410282
2015,12.8262864061461,2.52247458196045,159.928857839747,27.6340851979175,799.644289198736,206,24,1.91682602844014,86.4447571730003,13.5552428269997
2015,12.5209751814549,2.46239578665445,162.096735723098,27.7470643758068,810.483678615492,207,24,1.94047418668666,86.2798074692691,13.7201925307309
2015,12.1895759145438,2.39629199750943,164.197825794854,27.8555623565198,820.989128974269,208,24,2.01985849115333,86.1102128932172,13.8897871067828
2015,11.8200092685667,2.32531236588551,166.215750617877,27.958858590072,831.078753089385,209,24,1.93236984649482,85.9387194048828,14.0612805951172
2015,11.4415144398633,2.25093928789682,168.176251001673,28.0583815624535,840.881255008364,210,24,1.94562808083243,85.7670106236154,14.2329893763846
2015,11.0536523551692,2.1743762145885,170.05738289498,28.153118153724,850.286914474901,211,24,1.98134724569841,85.6027769685759,14.3972230314241
2015,10.1146749237672,1.98919463779551,171.852786982477,28.2428585532443,859.263934912386,212,24,2.00955022016515,85.080363009915,14.919636990085
2016,4.51929989251458,0.894587623648884,54.5,19.9420239553624,272.5,141,24,0.493720917301316,90.4546094144004,9.5453905855996
2016,4.60020535988183,0.910399461584717,55.3050892096768,20.0308376433831,276.525446048384,142,24,0.507818112801799,90.5281568271776,9.47184317282239
2016,4.68328565188045,0.927119809735208,56.1235376307677,20.1202061559619,280.617688153838,143,24,0.502158536751537,90.6181482801282,9.38185171987181
2016,4.77213599442664,0.944730691572048,56.9597313532376,20.2105791093817,284.798656766188,144,24,0.50706821100666,90.7221288969312,9.2778711030688
2016,4.86634128430946,0.963184483096656,57.8127102708223,20.301818409195,289.063551354111,145,24,0.520848558221549,90.8382108700331,9.16178912996695
2016,4.96259609174884,0.982331479204067,58.6817709492732,20.3938180158055,293.408854746366,146,24,0.523071776435611,90.9644646798909,9.03553532010906
2016,5.06593338499546,1.00233568356303,59.5696344034587,20.4868326195847,297.848172017294,147,24,0.547422629356945,91.0987324411372,8.9012675588628
2016,5.17119351480976,1.02303828327148,60.4732912464707,20.580514830871,302.366456232354,148,24,0.558934537470387,91.2393677464421,8.76063225355788
2016,5.21323933782423,1.03108633002636,61.3956934562468,20.6751394648917,306.978467281234,149,16,0.509283521127518,91.3842395065043,8.61576049349569
2016,5.32576756454432,1.05302848505988,62.3364303262908,20.7706298321171,311.682151631454,150,16,0.5271078973113,91.5315820606794,8.46841793932059
2016,5.74657961013294,1.13602094082099,63.296102788134,20.8670129081316,316.48051394067,151,17,0.553506579977767,91.8753574240943,8.1246425759057
2016,5.8730590479788,1.16058666798832,64.3346522232044,20.9701771304669,321.673261116022,152,17,0.576861209599421,92.0135500290211,7.9864499709789
2016,6.00140652213687,1.18558206234202,65.3938199475868,21.0742008048825,326.969099737934,153,17,0.598220138661862,92.1494159055691,7.85058409443091
2016,6.13211175865832,1.21094096083144,66.474378000746,21.1791221355915,332.37189000373,154,17,0.623763390730722,92.2820816748579,7.71791832514212
2016,6.26269357847746,1.23657847119027,67.5759602827051,21.2848683356478,337.879801413526,155,17,0.637772537284208,92.4097365405118,7.59026345948821
2016,6.39421593792801,1.26241967776258,68.7008480637139,21.3916190845811,343.50424031857,156,17,0.651207251746858,92.5302041230043,7.46979587699569
2016,6.52762406732286,1.28838275043323,69.8493433591317,21.4993606176884,349.246716795658,157,17,0.674588306787597,92.6420429408938,7.3579570591062
2016,6.65893290834145,1.3143743607943,71.0198329680773,21.6079024564393,355.099164840386,158,17,0.680717835460846,92.7439677644205,7.25603223557947
2016,6.79316770835575,1.34032647684383,72.2153461527732,21.7174852459589,361.076730763866,159,17,0.711349754529181,92.8344157132513,7.16558428674873
2016,6.92444792198591,1.36613114130628,73.4315662819743,21.8276762239814,367.157831409872,160,17,0.724874970797381,92.9123150473099,7.08768495269007
2016,7.05578209585804,1.39172129126747,74.6713223445428,21.9386980982677,373.356611722714,161,17,0.74762442396397,92.9761560141383,7.02384398586173
2016,7.18305745415386,1.41700693693704,75.9327786653752,22.0503523564874,379.663893326876,162,17,0.750536586349645,93.024732309542,6.97526769045796
2016,7.31059440921852,1.44192962985224,77.2190891778561,22.1628830907726,386.09544588928,163,17,0.770292908445381,93.0565519880031,6.94344801199689
2016,7.43664540302123,1.46640123478178,78.5269353760797,22.2759662258604,392.634676880398,164,17,0.796710567190469,93.0705137448076,6.92948625519242
2016,7.55824999076885,1.49035056177256,79.8546856567339,22.3894354701399,399.27342828367,165,17,0.80884266916304,93.0654199942886,6.93458000571143
2016,7.67550353612626,1.51373557319366,81.2043055226071,22.5034339723358,406.021527613036,166,17,0.809199645736711,93.0398841721086,6.96011582789142
2016,7.78941962225371,1.53652295981272,82.5772771938047,22.6180578938905,412.886385969023,167,17,0.807496388826082,92.9925702240719,7.00742977592814
2016,7.90921158277454,1.56049578571231,83.9733423358938,22.7332558040823,419.866711679469,168,17,0.805169462451439,92.9227812271871,7.07721877281293
2016,8.0459692174734,1.5872190954345,85.3937976835985,22.8491043396509,426.968988417993,169,17,0.826418894999795,92.8310346523319,7.16896534766813
2016,8.19270715464843,1.61632669172949,86.8373175738682,22.96546604374,434.186587869341,170,17,0.831590844277926,92.7183477142517,7.28165228574831
2016,8.35296415797883,1.64751836947731,88.3091097218985,23.0827269199587,441.545548609493,171,17,0.859728496788385,92.5856856870597,7.4143143129403
2016,8.52238587518194,1.68049781083278,89.8072804133395,23.2006987372221,449.036402066697,172,17,0.888979677242046,92.4346691372849,7.56533086271515
2016,8.69700699306359,1.71503521995747,91.3334351095625,23.3194721328081,456.667175547812,173,17,0.897264726496049,92.266958831295,7.73304116870505
2016,8.87738878236477,1.75097215098647,92.8928015987807,23.4394099984622,464.464007993903,174,17,0.895634595596138,92.0842126566815,7.91578734331851
2016,9.07255122684825,1.78818576505953,94.4885089766513,23.5606990055208,472.442544883257,175,17,0.95874423796657,91.888338348913,8.11166165108706
2016,9.26782035288783,1.8265173266396,96.1105585574951,23.6825358275907,480.552792787476,176,17,0.978603943274514,91.6820364201357,8.31796357986431
2016,9.46992013599253,1.86594763553243,97.7676145397333,23.8055310997592,488.838072698667,177,17,1.00873500480608,91.4670467902129,8.53295320978715
2016,9.67501148729017,1.90642689223112,99.4589805037799,23.9295836824197,497.294902518899,178,17,1.02039936715194,91.2456070156051,8.75439298439495
2016,9.88720590634519,1.94795048077232,101.188938986339,24.054954996251,505.944694931694,179,17,1.04673178441491,91.0196455554041,8.98035444459592
2016,10.1039678234931,1.9904794184399,102.955966655679,24.1814798708805,514.779833278394,180,17,1.06901934994157,90.7913030265246,9.20869697347541
2016,10.443583555878,2.05733433860656,104.761774640305,24.3092273953262,523.808873201526,181,24,1.20376527087893,90.5624380751007,9.43756192489928
2016,10.6744810454012,2.10294322917451,106.608429373635,24.438287053061,533.042146868173,182,24,1.21574164234485,90.3347464975383,9.66525350246172
2016,10.9133102112825,2.14949585388205,108.498726957627,24.5687930175567,542.493634788134,183,24,1.25519814718213,90.1097276892501,9.89027231074986
2016,11.1531080062596,2.19686850801801,110.428741794956,24.7004161619381,552.143708974779,184,24,1.26730204991141,89.8890366796936,10.1109633203064
2016,11.398699216771,2.24498218078586,112.404120887362,24.8334830872134,562.020604436812,185,24,1.29726165236655,89.6736687237974,10.3263312762026
2016,11.6449642382867,2.29366158640738,114.422432181559,24.9677691653366,572.112160907794,186,24,1.3087129637414,89.4648340395405,10.5351659604595
2016,11.8956479917557,2.34274878873722,116.48749069247,25.1034675440403,582.437453462351,187,24,1.34055495486093,89.2632693486418,10.7367306513582
2016,12.1556888380535,2.3919857610257,118.59607796507,25.2403071196062,592.98038982535,188,24,1.44816413304234,89.0698646129594,10.9301353870406
2016,12.4095187417596,2.44097236932627,120.734885831245,25.3773863933972,603.674429156223,189,24,1.51412048279071,88.8857658572314,11.1142341427686
2016,12.6568599926555,2.48947799794635,122.910975800969,25.5151289921362,614.554879004843,190,24,1.54345295468764,88.7121554505541,11.2878445494459
2016,12.905622913125,2.53720546009828,125.13034461963,25.6538713157437,625.651723098148,191,24,1.62357375897853,88.5486849483091,11.4513150516909
2016,13.1369794374998,2.58365469550581,127.383084892977,25.7929567885049,636.915424464885,192,24,1.6017029742667,88.3954379559,11.6045620441
2016,13.3623110476812,2.62857972669623,129.686078204006,25.9333839318002,648.430391020031,193,24,1.59732959669563,88.2519133976919,11.7480866023081
2016,13.5777367311561,2.67147602066703,132.034578359496,26.0748072387061,660.172891797482,194,24,1.59756691722845,88.1184370228346,11.8815629771654
2016,13.7815412603498,2.71181907260779,134.425637389294,26.2170035237934,672.128186946468,195,24,1.61048868270542,87.9952248970943,12.0047751029057
2016,13.3159476551846,2.62035913090225,136.854346268002,26.3596454551692,684.27173134001,196,24,1.60970074445628,87.6226187454046,12.3773812545954
2016,13.4795981834169,2.65139739556761,139.189516623447,26.4951395136796,695.947583117236,197,24,1.68746489240389,87.5226507105702,12.4773492894298
2016,13.6250150628114,2.67814335327234,141.541267087355,26.6300036889297,707.706335436774,198,24,1.80311198989406,87.4341710008576,12.5658289991424
2016,13.7313461415967,2.69709541724555,143.898326828302,26.763614238377,719.491634141511,199,24,1.93064524537281,87.347445457153,12.652554542847
2016,13.7756184692438,2.70381554287497,146.250454865291,26.895433193959,731.252274326454,200,24,2.06809252575598,87.2493096599711,12.7506903400289
2016,13.7610182780907,2.69896457621453,148.58321157245,27.0247150987404,742.91605786225,201,24,2.21554638009689,87.1407894996694,12.8592105003306
2016,13.6746021678888,2.68288584942807,150.88277995027,27.1507803875451,754.41389975135,202,24,2.18931491195819,87.022157949227,12.977842050773
2016,13.5363414876784,2.65642284030158,153.169497696481,27.274820179106,765.847488482403,203,24,2.17517298629887,86.8927975036704,13.1072024963296
2016,13.3458148529244,2.62019356784332,155.430534976109,27.3962043582557,777.152674880547,204,24,2.12901634337682,86.7533730533976,13.2466269466024
2016,13.1093952998235,2.57503049166768,157.661803643023,27.5147898258801,788.309018215117,205,24,2.0762817088083,86.6045185057409,13.3954814942591
2016,12.8372835747968,2.52184327794285,159.855405439099,27.6302385730612,799.277027195494,206,24,2.08372346673282,86.4472953151566,13.5527046848434
2016,12.5362871440067,2.46155717453265,161.992136221287,27.7416374218747,809.960681106435,207,24,2.18319003310129,86.2835368554609,13.7164631445391
2016,12.19920262809,2.39517994825905,164.047794609708,27.8478470983124,820.238973048539,208,24,2.21944849643199,86.1157579634104,13.8842420365896
2016,11.59663257272,2.27676745524288,166.027800206016,27.9492745677803,830.139001030082,209,16,2.00738117139547,85.945948757869,14.0540512421311
2016,11.2229435113487,2.20303335366261,167.928718614676,28.0458605649927,839.64359307338,210,16,2.0525830251018,85.7769490092704,14.2230509907296
2016,10.8383674069125,2.12725165677531,169.744875900157,28.1374306032953,848.724379500787,211,16,2.09281753073293,85.6159000848802,14.3840999151198
2016,9.87210125250844,1.93753553644525,171.475099348052,28.2240349048915,857.375496740259,212,15,2.05475120506244,85.0972231523135,14.9027768476865
2017,4.51960105687956,0.894587623648884,54.5,19.9420239553624,272.5,141,24,0.49620150363222,90.4546094144004,9.5453905855996
2017,4.60029462203621,0.9103973404114,55.3046533252836,20.0307898032272,276.523266626418,142,24,0.508645881310496,90.5282027223713,9.4717972776287
2017,4.68637896558493,0.92711693756696,56.1229540464751,20.1201427575154,280.614770232376,143,24,0.527849159208938,90.6182081702397,9.38179182976035
2017,4.77686700213929,0.944705296265302,56.9546283091703,20.2100304033125,284.773141545852,144,24,0.547383181442238,90.7226387205451,9.27736127945492
2017,4.87173530696583,0.963123014828864,57.8004904528074,20.3005179569767,289.002452264037,145,24,0.56876573630661,90.8393981703374,9.16060182966264
2017,4.90113711513249,0.968943589976312,58.661046548118,20.3916352012792,293.30523274059,146,16,0.507465295717761,90.96642137278,9.03357862721998
2017,5.00178320126598,0.988887476941527,59.5397395906887,20.4837165456805,297.698697953444,147,16,0.511606746199121,91.1014733459114,8.89852665408856
2017,5.10721059066246,1.00955682207029,60.4377297096694,20.5768466712195,302.188648548347,148,16,0.524430275535389,91.2425323438819,8.75746765611813
2017,5.21667017480719,1.03087815269994,61.3542363614623,20.670907932348,306.771181807311,149,16,0.543055641220277,91.3878190180612,8.61218098193885
2017,5.32838809249248,1.05278788863465,62.2889051941583,20.7658299281366,311.444525970792,150,16,0.556161986023027,91.5355626652565,8.46443733474348
2017,5.75001286515924,1.13573529763722,63.2432912149469,20.8617354500085,316.216456074734,151,17,0.589659427260808,91.8795414156892,8.1204585843108
2017,5.87540394593675,1.16026386134454,64.2752970565853,20.96431248975,321.376485282926,152,17,0.606621732086628,92.0181103629384,7.98188963706156
2017,6.00343432575604,1.18522783662262,65.3289820521068,21.0678667839611,326.644910260534,153,17,0.627129018772056,92.1542482605001,7.84575173949986
2017,6.13373801561364,1.21055598823849,66.4041643591572,21.1723407075902,332.020821795786,154,17,0.651249303581049,92.2871597302144,7.71284026978558
2017,6.26426065285185,1.23616403679281,67.5005752611186,21.2776702207612,337.502876305593,155,17,0.665960539006161,92.4150300054605,7.58496999453946
2017,6.39551891108451,1.26197518801688,68.6201394987612,21.3840006608649,343.100697493806,156,17,0.678447923949702,92.5357105786353,7.46428942136473
2017,6.52275834175235,1.28790925372163,69.7634480005264,21.4913455872487,348.817240002632,157,17,0.654973845092834,92.6477420736181,7.35225792638191
2017,6.6534328265934,1.31391706839948,70.9368882188996,21.6002520455551,354.684441094498,158,17,0.655983041047886,92.7493253884627,7.25067461153733
2017,6.7839494610551,1.33989064413255,72.1362492505075,21.710274313773,360.681246252537,159,17,0.657470303391672,92.8393955957097,7.16060440429033
2017,6.91646301650584,1.36574496449894,73.3614025575978,21.8213540263254,366.807012787989,160,17,0.678254927842119,92.916626833166,7.08337316683403
2017,7.04572706807998,1.39137818172996,74.6088865510852,21.9331377333797,373.044432755426,161,17,0.68351662492308,92.9799069867984,7.02009301320164
2017,7.17526535202895,1.41672376569039,75.8811542999399,22.0458084440916,379.405771499699,162,17,0.701653959181912,93.0277695535304,6.97223044646961
2017,7.30211066679397,1.44169201806007,77.1756837027334,22.1591072189213,385.878418513667,163,17,0.714190875162371,93.0590575000383,6.94094249996168
2017,7.42770119332002,1.46621612758843,78.4930542768833,22.2730533178907,392.465271384417,164,17,0.734256569819053,93.0724364290676,6.92756357093241
2017,7.55261293716014,1.49022414825899,79.8315071240658,22.3874659579529,399.157535620329,165,17,0.769283677576146,93.0667158508023,6.93328414919773
2017,7.67379571762258,1.5136462815477,81.1879118303101,22.5020571968179,405.939559151551,166,17,0.79914090317219,93.0407891278481,6.9592108721519
2017,7.79246019135813,1.53644282339269,82.5625540342615,22.6168357880577,412.812770171308,167,17,0.834798017464219,92.9933745103578,7.00662548964215
2017,7.91613689286833,1.56038918756555,83.9537673038881,22.7316498096935,419.76883651944,168,17,0.86444484153852,92.9238421143005,7.07615788569954
2017,8.05584910461253,1.58705508842685,85.3637531278861,22.8466679432185,426.818765639431,169,17,0.913503752883303,92.8326540553196,7.16734594468038
2017,8.2049881252062,1.61607720944743,86.7918328406904,22.9618201847736,433.959164203452,170,17,0.941702133022509,92.7207906778122,7.27920932218782
2017,8.36523808917475,1.64715887475499,88.244060267032,23.0775731759459,441.22030133516,171,17,0.975954390371512,92.5891718110499,7.41082818895008
2017,8.53440377397671,1.68001798903343,89.7214426490067,23.1939767344491,448.607213245034,172,17,1.00963458428943,92.4392615106851,7.56073848931493
2017,8.71343004043632,1.71442583906969,91.225872926709,23.3111465832582,456.129364633545,173,17,1.06190725341078,92.2727083068399,7.7272916931601
2017,8.89941502405513,1.75018093246186,92.7555995768947,23.4289137319114,463.777997884474,174,17,1.11631782266579,92.0915354714192,7.90846452858085
2017,9.08940117850815,1.78714338524745,94.3115811739212,23.5473215068109,471.557905869606,175,17,1.15112517749478,91.897759861918,8.102240138082
2017,9.28053200866971,1.82523657349999,95.8985324180948,23.6666917582901,479.492662090474,176,17,1.14251620870209,91.6932878710113,8.30671212898875
2017,9.47975813376274,1.86444228807612,97.5253585022959,23.7876407469993,487.62679251148,177,17,1.15743287897567,91.4798378114023,8.52016218859765
2017,9.68525632769766,1.9046957555815,99.1889651728442,23.9098786597796,495.944825864221,178,17,1.18138543492074,91.2597660763719,8.74023392362808
2017,9.89615733381889,1.94595997660744,100.888790757194,24.033310733558,504.443953785968,179,17,1.20802699582755,91.0352449916467,8.96475500835333
2017,10.107084271032,1.98820696106812,102.625368195841,24.1579236926277,513.126840979206,180,17,1.18980320042381,90.8082955990894,9.19170440091059
2017,10.3198804742857,2.03146584173203,104.407664860561,24.2842984137374,522.038324302806,181,17,1.14563656613664,90.5803975751839,9.41960242481608
2017,10.6601825301369,2.1001442239583,106.24123050305,24.4127489517186,531.206152515249,182,24,1.21153241152574,90.3530803335037,9.64691966649634
2017,10.8962485044174,2.14657138502918,108.129539284015,24.5434295808581,540.647696420075,183,24,1.23262746429874,90.1278328644519,9.87216713554808
2017,11.1322493231508,2.19383912095972,110.060687670035,24.6754400413958,550.303438350175,184,24,1.21771114539414,89.9067276461179,10.0932723538821
2017,11.3796292788966,2.24188569770703,112.041847615243,24.8092021105232,560.209238076214,185,24,1.26538330494868,89.6907013622908,10.3092986377092
2017,11.6263407524457,2.29047231119897,114.062757408437,24.9439601778115,570.313787042186,186,24,1.28486544910841,89.4813455858055,10.5186544141945
2017,11.8781911181565,2.33945474355629,116.128900451071,25.0800249639691,580.644502255353,187,24,1.33095543293881,89.2793169716788,10.7206830283212
2017,12.1317056850093,2.38856456265241,118.235959291165,25.2170574856882,591.179796455827,188,24,1.38635178134764,89.0855543416089,10.9144456583911
2017,12.3816033181857,2.4375159980932,120.382379944813,25.3549109155771,601.911899724067,189,24,1.41800587431768,88.9007028313252,11.0992971686748
2017,12.6295362936701,2.48605698522534,122.572159630969,25.4937948620461,612.860798154844,190,24,1.45103620437363,88.7261074936737,11.2738925063263
2017,12.8754147343551,2.53382696101546,124.804599063481,25.6336155240506,624.022995317404,191,24,1.500745790836,88.561713645824,11.438286354176
2017,13.113026465653,2.5803910747637,127.075917493896,25.774093567967,635.379587469482,192,24,1.53206753222485,88.4073690751535,11.5926309248465
2017,13.3357904689895,2.62534574842835,129.388102649375,25.9153129984846,646.940513246873,193,24,1.50571424100201,88.2631539858962,11.7368460141038
2017,13.5563872786028,2.66832712168045,131.749679869994,26.057744981976,658.748399349969,194,24,1.54785599349197,88.1288778528429,11.8711221471571
2017,13.7642564396256,2.70868690187267,134.14647127708,26.2004928702022,670.732356385399,195,24,1.59568049795358,88.0051706604888,11.9948293395112
2017,13.2987780261433,2.61729609126594,136.574748423363,26.3433145483875,682.873742116815,196,24,1.59239732944775,87.6323980186949,12.3676019813051
2017,13.4593178754388,2.64831100787632,138.910014242142,26.4790057605531,694.550071210708,197,24,1.64176740653132,87.5321849855949,12.4678150144052
2017,13.5995143234526,2.67510109639447,141.266921842702,26.6143518555935,706.334609213512,198,24,1.70256151421133,87.4433130744055,12.5566869255945
2017,13.7005000117593,2.69422607730797,143.639069024862,26.7489931473345,718.195345124308,199,24,1.76234093890549,87.3559206115621,12.6440793884379
2017,13.7369002525154,2.70127995145422,146.018766989312,26.882514738448,730.093834946562,200,24,1.79164228285193,87.2567950939384,12.7432049060616
2017,13.7112807366523,2.69698952873819,148.399144734734,27.0145656939597,741.995723673668,201,24,1.77804772376329,87.1467079799181,12.8532920200819
2017,13.6339001466019,2.68177517689885,150.776328425087,27.1449742489929,753.881642125435,202,24,1.80126147113105,87.0255875818692,12.9744124181308
2017,13.5018561972756,2.65605108453385,153.132555174257,27.2728265759285,765.662775871283,203,24,1.81165286779311,86.8939977972251,13.1060022027749
2017,13.3189812217962,2.62047158648807,155.459413641829,27.3977467302168,777.297068209143,204,24,1.81362574036606,86.7524209017929,13.2475790982071
2017,13.0920064863626,2.57582136029843,157.748381967827,27.5193675736114,788.741909839135,205,24,1.8354082045664,86.6016046372702,13.3983953627298
2017,12.8234814983923,2.52297128234672,159.986643669873,27.6371105156757,799.933218349365,206,24,1.85803246890808,86.4427614782915,13.5572385217085
2017,12.5207503110649,2.46294871246712,162.165693322879,27.7506407800067,810.828466614395,207,24,1.90585954461242,86.2773505606977,13.7226494393023
2017,12.1829948244961,2.39685394769703,164.273628926178,27.8594586160512,821.368144630889,208,24,1.90557179760232,86.1074136591712,13.8925863408288
2017,11.8223261219972,2.32597314010956,166.313057685766,27.9638175332019,831.565288428832,209,24,1.92046207249141,85.9349804216191,14.0650195783809
2017,11.4437487339488,2.25155602024201,168.276353350927,28.0634414191473,841.381766754637,210,24,1.93503750831293,85.7629962692845,14.2370037307155
2017,11.0562086768175,2.17494421560151,170.159997248207,28.1582649133148,850.799986241036,211,24,1.97785626931019,85.5984735366013,14.4015264633987
2017,10.1149461988638,1.98968819854565,171.956554635991,28.2480251999379,859.782773179957,212,24,1.97716244043955,85.0757373881005,14.9242626118995
2018,4.52070321678776,0.894587623648884,54.5,19.9420239553624,272.5,141,24,0.505386352115257,90.4546094144004,9.5453905855996
2018,4.60114286154529,0.91038947361666,55.3030367875686,20.0306123790807,276.515183937843,142,24,0.516073816368112,90.5283729321697,9.47162706783035
2018,4.68513820316992,0.927102504707063,56.1200215747363,20.1198241776391,280.600107873682,143,24,0.518021996353086,90.6185091172395,9.3814908827605
2018,4.77627682183028,0.944699248603627,56.9534131274467,20.2098997355474,284.767065637233,144,24,0.542568313373147,90.7227601264725,9.2772398735275
2018,4.86894145199827,0.963121152255514,57.800120213063,20.3004785524911,289.000601065315,145,24,0.544803347458307,90.839434144794,9.16056585520599
2018,4.96556886385879,0.9822457985455,58.6649100166017,20.3920421650164,293.324550083008,146,24,0.550655104367278,90.9660565870842,9.03394341291578
2018,5.06734960620629,1.00222392764447,59.5478514308755,20.4845621878936,297.739257154377,147,24,0.563608688730103,91.100729570208,8.89927042979204
2018,5.17225567633568,1.02291024408844,60.4485544054461,20.5779633938938,302.242772027231,148,24,0.572829465144965,91.24156900217,8.75843099782996
2018,5.21347301081598,1.03094924234593,61.3683901834016,20.6723528392804,306.841950917008,149,16,0.515962331728629,91.3865968611107,8.61340313888932
2018,5.32531216011976,1.05288375950854,62.3078381704186,20.7677424109856,311.539190852093,150,16,0.528979684265513,91.5339767748143,8.46602322518566
2018,5.74681929726583,1.13586380751311,63.267045357208,20.8641095802904,316.33522678604,151,17,0.560855852351995,91.8776593748842,8.12234062511579
2018,5.87134395629442,1.16042094362468,64.3041730542261,20.9671660799795,321.520865271131,152,17,0.570194111915654,92.0158916380795,7.98410836192048
2018,5.99779388005326,1.18542100405631,65.3643313834068,21.0713206068256,326.821656917034,153,17,0.577359836127039,92.1516135211303,7.84838647886966
2018,6.12631271491613,1.21079824253373,66.4483391823329,21.176607817048,332.241695911665,154,17,0.585837005746773,92.2839647106776,7.71603528932241
2018,6.25737630048296,1.23647069276794,67.5563471372849,21.2829961195211,337.781735686424,155,17,0.602025923678115,92.4111136062935,7.58888639370654
2018,6.38716018032561,1.26234521705695,68.6873209528172,21.3903426385099,343.436604764086,156,17,0.601789646302962,92.5311269100998,7.4688730899002
2018,6.51973730492606,1.28835490356914,69.8442887431667,21.4988891538433,349.221443715833,157,17,0.616799032138575,92.6423782620208,7.35762173797917
2018,6.65235966082872,1.31440150136701,71.0247589054461,21.6083566044466,355.123794527231,158,17,0.630932113518309,92.7436496370661,7.25635036293389
2018,6.7898184181002,1.34040119154407,72.2289145311534,21.7187216647885,361.144572655767,159,17,0.682602396039826,92.8335616047832,7.1664383952168
2018,6.91875707703029,1.36623371580033,73.4502141127335,21.82935580385,367.251070563668,160,17,0.677582186218956,92.9111692663159,7.08883073368405
2018,7.05114898745835,1.39186940386061,74.6982903223969,21.9410987922349,373.491451611985,161,17,0.705995317114523,92.9745361195904,7.0254638804096
2018,7.17763813536537,1.41719534377392,75.9671454643892,22.0533760857186,379.835727321946,162,17,0.702184778427457,93.0227107135228,6.97728928647715
2018,7.30310230973921,1.44216463988129,77.2620419504446,22.1666181257824,386.310209752223,163,17,0.704568765437826,93.0540730117206,6.94592698827939
2018,7.42843683278994,1.46669937652492,78.5815338451368,22.2806584551728,392.907669225684,164,17,0.72226684290396,93.0674159176741,6.93258408232588
2018,7.55128254742796,1.49072039308802,79.9225301724867,22.3951980241126,399.612650862433,165,17,0.740989933910983,93.0616276458657,6.93837235413431
2018,7.67271537190247,1.51417120027334,81.2843257677131,22.5101514556394,406.421628838565,166,17,0.771024388295449,93.0354677937063,6.96453220629372
2018,7.7869112854936,1.53699677542594,82.6643731542122,22.6252842484153,413.321865771061,167,17,0.770654073207137,92.9878134098492,7.01218659015082
2018,7.90617607590395,1.56100719348513,84.0673030779541,22.740960995394,420.336515389771,168,17,0.763794817787969,92.9176901736084,7.08230982639161
2018,8.04019076937807,1.58777354280038,85.4954238929186,22.8573410654621,427.477119464593,169,17,0.763218840899161,92.8255585984008,7.17444140159916
2018,8.18495537465057,1.61694670523734,86.950425331453,22.9745265045416,434.752126657265,170,17,0.753029432152908,92.712274987051,7.28772501294899
2018,8.34411038014048,1.64822123803791,88.4363760538663,23.092802341074,442.181880269331,171,17,0.769424939363652,92.5788684345388,7.42113156546115
2018,8.51603714931459,1.68129911925519,89.9508326040989,23.2119303892165,449.754163020495,172,17,0.811748021791371,92.4269912626389,7.57300873736114
2018,8.69814733580074,1.7159281653883,91.4911588660814,23.3316679502333,457.455794330407,173,17,0.872512768295759,92.258534112142,7.74146588785796
2018,8.88582539681236,1.75191092411278,93.0556978243495,23.4518579096305,465.278489121748,174,17,0.925394013648037,92.0755258794583,7.9244741205417
2018,9.07835137077852,1.78911975231918,94.6471339208054,23.572677791622,473.235669604027,175,17,0.968586395841025,91.8798999464994,8.12010005350059
2018,9.27276406311994,1.82747008959354,96.2683679900457,23.6943126405491,481.341839950229,176,17,0.98080140253344,91.6736718001805,8.32632819981951
2018,9.47264660411664,1.86693120292986,97.925965541574,23.8172084621541,489.62982770787,177,17,0.992001174729633,91.4586970097296,8.54130299027039
2018,9.67640019975866,1.90746670949809,99.6212151932432,23.941405226594,498.106075966216,178,17,0.991232200519956,91.237112536568,8.76288746343199
2018,9.89588527309232,1.94906664211654,101.357275533308,24.0670744869385,506.786377666539,179,17,1.07258093803184,91.0109116192823,8.98908838071766
2018,10.11750062927,1.99161278120669,103.120858738747,24.1932092488243,515.604293693734,180,17,1.13452840497796,90.7828436477581,9.21715635224185
2018,10.3405974714705,2.03509487544325,104.916260292335,24.3200846361111,524.581301461675,181,17,1.16961268996233,90.5546187791251,9.44538122087491
2018,10.5648881704235,2.07950262231483,106.749136945037,24.448056795033,533.745684725186,182,17,1.1751317634935,90.3277358260106,9.67226417398939
2018,10.9279707305364,2.15050129365167,108.625626669881,24.5774972192289,543.128133349405,183,24,1.34232221273383,90.1035176310671,9.89648236893288
2018,11.1698373644888,2.19779387300835,110.541137764778,24.7080317766798,552.705688823889,184,24,1.37605440860751,89.8836456692439,10.1163543307561
2018,11.4179029051595,2.24578571535807,112.498101641347,24.8397731342187,562.490508206736,185,24,1.43504257031248,89.6692592672352,10.3307407327648
2018,11.6610280214312,2.29428475177975,114.492687847428,24.9724137092778,572.463439237138,186,24,1.42369022490237,89.4616152709544,10.5383847290456
2018,11.9116073287119,2.34321251940006,116.537955834925,25.1067626276071,582.689779174626,187,24,1.46209891756479,89.2610153267054,10.7389846732946
2018,12.1673858162789,2.39226460868508,118.625420076247,25.2421993076132,593.127100381234,188,24,1.54414665678782,89.0685886421418,10.9314113578582
2018,12.4162682095439,2.44109478768247,120.74736697915,25.3781813420203,603.736834895751,189,24,1.57190106036559,88.8852379351767,11.1147620648233
2018,12.6679389253288,2.48950095674389,122.913248948653,25.5152719862021,614.566244743263,190,24,1.64804513218357,88.7120620042081,11.2879379957919
2018,12.9128696819325,2.53703500962946,125.113914767262,25.6528505411192,625.569573836312,191,24,1.70255740913871,88.5493410628022,11.4506589371978
2018,13.1488931515779,2.58332764005577,127.352310413155,25.7910683505687,636.761552065774,192,24,1.7317034970816,88.3966316369377,11.6033683630623
2018,13.3785498989433,2.62798933769816,129.63169193454,25.9300877994431,648.158459672698,193,24,1.78064575045422,88.253962479906,11.746037520094
2018,13.5954865248466,2.67050552704719,131.946787279294,26.0695522651676,659.733936396468,194,24,1.8118971733133,88.1216511217852,11.8783488782148
2018,13.8050392695896,2.71039298862818,134.298548790865,26.2094901198946,671.492743954325,195,24,1.90526810377862,87.9997491420458,12.0002508579542
2018,13.3438368591192,2.61837262591696,136.673030408133,26.3490577109118,683.365152040664,196,24,1.99554438845605,87.6289573031119,12.3710426968881
2018,13.5001014452764,2.6486051215528,138.936654497847,26.4805444945335,694.683272489234,197,24,2.0477873929657,87.5312750766845,12.4687249233155
2018,13.6329598582758,2.67458653340611,141.220507816779,26.6117017666859,706.102539083894,198,24,2.08044619747522,87.4448622397251,12.5551377602749
2018,13.7291363930917,2.69295048255087,143.523780219383,26.7424854166861,717.618901096917,199,24,2.13858129640032,87.3596964440029,12.6403035559971
2018,13.7608576982149,2.69925840740866,145.833992023288,26.8722018097098,729.169960116441,200,24,2.16173770029985,87.2627770574543,12.7372229425457
2018,13.737228274451,2.69426558496776,148.145201363535,27.0005488999556,740.726006817676,201,24,2.21219716135896,87.1548905039247,12.8451094960753
2018,13.6567377594232,2.67827586459101,150.440831221489,27.1266566607842,752.204156107446,202,24,2.2534593603028,87.0364190853814,12.9635809146186
2018,13.5183982816407,2.65181343872893,152.711307272548,27.250070194106,763.556536362741,203,24,2.23838004994241,86.9077133346685,13.0922866653315
2018,13.3320180755799,2.61562960518513,154.956290003632,27.3708469313127,774.781450018162,204,24,2.24096342855625,86.7690444306809,13.2309555693191
2018,13.1048642862777,2.57047233546313,157.162601495494,27.4883607479961,785.813007477468,205,24,2.30734396560599,86.6213621690316,13.3786378309684
2018,12.5847483423988,2.46806715215615,159.309296772288,27.6016007391987,796.546483861438,206,16,2.10614904733288,86.4662148236929,13.5337851763071
2018,12.281998748339,2.40819862528918,161.391278769,27.7104156279369,806.956393844999,207,16,2.16276990057674,86.3050202717235,13.6949797282765
2018,11.9493129420526,2.34250897255538,163.400443470467,27.8145009747254,817.002217352334,208,16,2.21814010370887,86.1397565224158,13.8602434775842
2018,11.5907646432634,2.2722201943569,165.331047151231,27.9136794160013,826.655235756152,209,16,2.24022843998965,85.9728345343886,14.0271654656114
2018,11.2154240832655,2.19863950952399,167.184574043253,28.0081416668224,835.922870216266,210,16,2.26140942525657,85.8069270918525,14.1930729081475
2018,11.0345679576576,2.16829432158713,168.957851113928,28.0978333351496,844.789255569641,211,24,2.13744638504692,85.6490648837702,14.3509351162298
2018,9.8441814348868,1.93414139328678,170.71881389462,28.1862552051125,853.594069473101,212,15,1.8863701035338,85.1310978874176,14.8689021125824
2019,4.52056824784569,0.894587623648884,54.5,19.9420239553624,272.5,141,24,0.504252516136253,90.4546094144004,9.5453905855996
2019,4.59976104660479,0.910390445814348,55.303236560976,20.0306343055365,276.51618280488,142,24,0.50450441898847,90.5283518973717,9.47164810262831
2019,4.68428986871292,0.927113516121972,56.1222588640031,20.1200672348543,280.611294320015,143,24,0.510572923238378,90.6182795133491,9.38172048665089
2019,4.77538273960252,0.944716952723979,56.9569705568715,20.2102822583272,284.784852784358,144,24,0.534249763062093,90.7224047145629,9.2775952854371
2019,4.86928782067879,0.963146517761315,57.8051625231424,20.3010151886609,289.025812615712,145,24,0.546680694975518,90.838944213644,9.16105578635604
2019,4.9665402019191,0.982269867876807,58.6696461111366,20.3925410225284,293.348230555683,146,24,0.557827111987992,90.9656094190865,9.03439058091348
2019,5.00271651981976,0.988944686165534,59.5513473714944,20.4849266075653,297.756736857472,147,16,0.516670202646369,91.1004090365826,8.89959096341741
2019,5.10771518898853,1.00961048816464,60.4485114100975,20.5779589585824,302.242557050488,148,16,0.526310610610178,91.2415728284302,8.7584271715698
2019,5.21506022913628,1.03093092472992,61.3647428617013,20.6719805210483,306.823714308507,149,16,0.528606267805998,91.3869117928368,8.61308820716323
2019,5.32782565520487,1.05285409628017,62.3019795244451,20.7671506529668,311.509897622226,150,16,0.549240356085109,91.5344675001405,8.46553249985951
2019,5.75000725741266,1.13581291591327,63.2576373092864,20.8631693583313,316.288186546432,151,17,0.586693902892335,91.8784047508485,8.12159524915146
2019,5.87801314436281,1.16034513147481,64.2902350460924,20.9657888065841,321.451175230462,152,17,0.624085571253828,92.0169625488203,7.9830374511797
2019,6.00847619211838,1.18529324255547,65.3409490139639,21.0690361673435,326.704745069819,153,17,0.665449536322189,92.153356267562,7.84664373243802
2019,6.13403206400946,1.21058512335529,66.409475504354,21.1728538473756,332.04737752177,154,17,0.65246504291534,92.2867755625049,7.71322443749513
2019,6.26488853379306,1.2361922367661,67.5057020265361,21.2781599258435,337.528510132681,155,17,0.669902387483533,92.4146699591902,7.58533004080982
2019,6.39349105619906,1.26199978654225,68.6246034271164,21.3844221931019,343.123017135582,156,17,0.661472624257677,92.5354059762091,7.46459402379091
2019,6.5243511123178,1.28795036413167,69.7709013766874,21.4920413458791,348.854506883437,157,17,0.665597543355311,92.6472474709308,7.35275252906921
2019,6.65529792489777,1.31394821952435,70.9425353349142,21.6007731051623,354.712676674571,158,17,0.668839050866244,92.74896057346,7.25103942654005
2019,6.78426155869794,1.33990965789019,72.139698122813,21.7105888478418,360.698490614065,159,17,0.659074290205308,92.8391784268348,7.16082157316519
2019,6.91524975955936,1.36576253256788,73.3645930113139,21.8216415979272,366.82296505657,160,17,0.668719143042614,92.9164307452944,7.08356925470555
2019,7.04644391243361,1.39140487155605,74.6137414693848,21.9335702156868,373.068707346924,161,17,0.687820153338864,92.9796152854088,7.02038471459116
2019,7.17332499343246,1.41674646772221,75.8852918136138,22.0461727023031,379.426459068069,162,17,0.68669319159602,93.0275261074052,6.97247389259478
2019,7.29906261822383,1.44172893103817,77.1824252353632,22.1596937665108,385.912126176816,163,17,0.690777330153948,93.0586683288492,6.94133167115079
2019,7.4233744616264,1.46627521995315,78.5038687974536,22.273983185262,392.519343987268,164,17,0.700645974282098,93.071822699594,6.92817730040597
2019,7.54562525814622,1.49031507412277,79.8481782231609,22.3888825646829,399.240891115804,165,17,0.714245228158361,93.0657837974994,6.93421620250056
2019,7.66781399779313,1.51378941866329,81.2141927578939,22.5042642287544,406.07096378947,166,17,0.748326779628497,93.03933841112,6.96066158887997
2019,7.78124233661983,1.53663464845758,82.597800884631,22.619761223378,412.989004423155,167,17,0.742063553642522,92.9914491522247,7.00855084777529
2019,7.90353151576092,1.56066986447148,84.005316662956,22.7358785127636,420.02658331478,168,17,0.75654889185574,92.921048539763,7.07895146023702
2019,8.03604789887083,1.58744044675408,85.4343593096386,22.8523926469369,427.171796548193,169,17,0.745404133114686,92.8288487219748,7.17115127802517
2019,8.18974999579368,1.61662703782546,86.8920967837586,22.9698551413449,434.460483918793,170,17,0.798397893234256,92.7154062337275,7.28459376627252
2019,8.3492942521089,1.64785437030957,88.3699344694739,23.0875435553076,441.849672347369,171,17,0.819453147420563,92.5824269717973,7.41757302820266
2019,8.51661869482248,1.68087827698474,89.8754242950713,23.2060319344591,449.377121475356,172,17,0.830917814551965,92.4310237653137,7.56897623468631
2019,8.69193910796214,1.71548030444637,91.4120355495942,23.3255516593517,457.060177747971,173,17,0.84260010650456,92.2627595414294,7.73724045857059
2019,8.87435312523898,1.75148235761385,92.9813184064615,23.4461760025499,464.906592032308,174,17,0.854509825021242,92.0794913187707,7.9205086812293
2019,9.06780067202833,1.78875184941161,94.5846399621567,23.567960143932,472.923199810784,175,17,0.900564911066241,91.8832234940299,8.11677650597009
2019,9.26400729686826,1.82716224456999,96.2173709962054,23.6905083705599,481.086854981027,176,17,0.924556292468291,91.6763739641025,8.32362603589753
2019,9.46938270119209,1.86667348386012,97.8844687053088,23.8141496121084,489.422343526544,177,17,0.976303305838136,91.4608842730248,8.53911572697517
2019,9.67716879578386,1.90721671600177,99.5822073504478,23.9385640706856,497.911036752239,178,17,1.00679135372544,91.2391540806474,8.76084591935262
2019,9.88923340317572,1.94878841364084,101.31531182627,24.064054598148,506.576559131351,179,17,1.03014837031038,91.0130878522298,8.98691214777018
2019,10.1073965112064,1.99137355781495,103.086053798243,24.1907345348843,515.430268991216,180,17,1.06129259925715,90.784628344143,9.21537165585695
2019,10.3328309026775,2.03493663039229,104.894084056594,24.318526777058,524.47042028297,181,17,1.11133547410123,90.5557406405601,9.44425935943993
2019,10.5636619490931,2.07941310231888,106.737064477206,24.4472189200821,533.68532238603,182,17,1.16855021031404,90.3283370105233,9.67166298947673
2019,10.7974436411087,2.12473076291721,108.61462623727,24.5767429671552,543.073131186351,183,17,1.21557101372007,90.104055689901,9.89594431009898
2019,11.1616724200791,2.19769709042989,110.529383112921,24.707235569396,552.646915564607,184,24,1.30624531876867,89.8842092244095,10.1157907755905
2019,11.4029160567077,2.24579063439431,112.498676931177,24.8398116265677,562.493384655887,185,24,1.29912153335856,89.6692322869538,10.3307677130462
2019,11.6502405419852,2.29450440615236,114.517449915819,24.9740502356919,572.587249579094,186,24,1.3181072200538,89.4604812965491,10.5395187034509
2019,11.8994303463311,2.34361428399658,116.581674244106,25.1096163844345,582.908371220532,187,24,1.33623897282918,89.2590635219351,10.7409364780649
2019,12.1506093095316,2.39289615306166,118.691869778224,25.2464832514281,593.459348891121,188,24,1.36421304821949,89.0657003524746,10.9342996475254
2019,12.4043306177284,2.44206660979144,120.846439356972,25.3844894241055,604.232196784858,189,24,1.4191487861752,88.8810497167467,11.1189502832533
2019,12.654293387562,2.49078603789213,123.040470117836,25.5232719930783,615.202350589179,190,24,1.4619976003949,88.7068354712302,11.2931645287698
2019,12.9030303853936,2.53871258414632,125.275596639288,25.6628916557681,626.377983196439,191,24,1.5302514838114,88.5428891295315,11.4571108704685
2019,13.1429869790348,2.58539124436417,127.546458490376,25.8029766863132,637.732292451878,192,24,1.57755574847712,88.389107246639,11.610892753361
2019,13.3753612522444,2.63041873150526,129.855453074293,25.9436428911023,649.277265371466,193,24,1.63290904051109,88.2455392072479,11.7544607927521
2019,13.5979561971489,2.6732986065935,132.199414090239,26.0846673539348,660.997070451194,194,24,1.69982891659486,88.1124100139479,11.8875899860521
2019,13.7981996072369,2.71348459518869,134.574029594323,26.2257701219348,672.870147971613,195,24,1.68608249470683,87.9899496521288,12.0100503478712
2019,13.3319003550938,2.62185580031127,136.990917346319,26.3676139224896,684.954586731594,196,24,1.68921500096107,87.6178521474518,12.3821478525482
2019,13.4955052223506,2.65276516744156,139.313341615932,26.5022798630616,696.566708079658,197,24,1.77571811956098,87.5184354784006,12.4815645215994
2019,13.6307879917045,2.67935601581923,141.650589995273,26.6362348434775,708.252949976363,198,24,1.80029089151555,87.4305350347297,12.5694649652704
2019,13.728083756534,2.69832437740399,144.009337490921,26.7698691769943,720.046687454605,199,24,1.83303483962646,87.3438231921374,12.6561768078626
2019,13.7655510922351,2.70523696865473,146.380301435877,26.9026669446872,731.901507179385,200,24,1.88157153940071,87.2451219691162,12.7548780308838
2019,13.7440073730535,2.70073651433889,148.748306834843,27.0338109628406,743.741534174216,201,24,1.92101227696992,87.1354899395106,12.8645100604894
2019,13.6677214657796,2.68518745632991,151.103323009569,27.1628002916331,755.516615047846,202,24,1.97706410676936,87.01506346451,12.98493653549
2019,13.5355789433995,2.65905527321578,153.431034232198,27.2889244222459,767.155171160992,203,24,2.01205051020308,86.8843115910703,13.1156884089297
2019,13.3571161104381,2.62302359228519,155.724442449437,27.4118922568754,778.622212247186,204,24,2.09501074839124,86.7436941425746,13.2563058574254
2019,13.1353184219724,2.57779736058763,157.964652687016,27.5307950396618,789.823263435081,205,24,2.22672648895006,86.5943353671917,13.4056646328083
2019,12.8607246372166,2.52423137080365,160.133220302183,27.6447809701636,800.666101510913,206,24,2.230336014312,86.4377036014964,13.5622963985036
2019,12.5451582857775,2.46358622607898,162.245191879485,27.7547625633181,811.225959397423,207,24,2.16679396743484,86.2745197632468,13.7254802367532
2019,12.2014949076269,2.39709234591135,164.305784757198,27.8611110381582,821.528923785992,208,24,2.12190081361205,86.1062267067316,13.8937732932683
2019,11.8433285620527,2.3259227117083,166.305631939826,27.9634391751196,831.528159699131,209,24,2.20029943644028,85.935265660284,14.064734339716
2019,11.4609839432368,2.25119134651471,168.217164411906,28.0604498593263,841.085822059532,210,24,2.19474253537596,85.7653695641199,14.2346304358801
2019,11.0538232895865,2.17434833387222,170.052345677262,28.1528654496304,850.261728386308,211,24,1.98554422006645,85.6029882909261,14.3970117090739
2019,10.1067386495841,1.9891668635891,171.846947310958,28.2425677282735,859.234736554792,212,24,1.89561796970709,85.080623407967,14.919376592033
2020,4.52411427983433,0.894434291014002,54.5,19.9420239553624,272.5,141,24,0.541850310761964,90.4545806748616,9.54541932513844
2020,4.60252336212126,0.910205010521073,55.2964262084486,20.029886793061,276.482131042243,142,24,0.535917316332018,90.5290377700737,9.47096222992626
2020,4.68561353812367,0.926900674549688,56.1097184165289,20.1187047640667,280.548592082644,143,24,0.530535356189561,90.6195336328497,9.38046636715033
2020,4.77349603914349,0.944486217335649,56.9407023991205,20.2085328420439,284.703511995602,144,24,0.52809821426196,90.7239964248185,9.27600357518151
2020,4.86686631207658,0.96292075642884,57.7897473943022,20.2993745055308,288.948736971511,145,24,0.535853958763249,90.8404085831124,9.15959141688758
2020,4.96520647690115,0.982153138730543,58.6559120882531,20.3910943270152,293.279560441266,146,24,0.551474004173843,90.9668954922478,9.03310450775225
2020,5.00200475219976,0.988734216186559,59.5386172831567,20.4835995411665,297.693086415784,147,16,0.519333137117465,91.1015432454673,8.89845675453268
2020,5.10845107751695,1.0093958066153,60.4351064392427,20.5765760222537,302.175532196213,148,16,0.540547897938426,91.2427352537491,8.75726474625089
2020,5.21833518420581,1.03070485011942,61.3486376767749,20.670336320953,306.743188383875,149,16,0.563321873518509,91.3882755661581,8.61172443384192
2020,5.32928661524397,1.0525986087724,62.279586294447,20.7648884463193,311.397931472235,150,16,0.570888622596142,91.5363204468584,8.46367955314159
2020,5.75099156898074,1.13551349619755,63.2312067455083,20.8605274177269,316.156033727542,151,17,0.606035636230812,91.8809850647185,8.11901493528148
2020,5.87833034876049,1.16002909002622,64.2601331602989,20.9628136020132,321.300665801494,152,17,0.639394662327076,92.0197354582422,7.9802645417578
2020,6.00711085885257,1.18496459028552,65.3078489512258,21.0658013423455,326.539244756129,153,17,0.667692060955092,92.1562578704103,7.84374212958965
2020,6.1378414415176,1.21025141509032,66.3756541088853,21.169585681994,331.878270544427,154,17,0.69784874284505,92.2890984788641,7.71090152113589
2020,6.26829491412134,1.2358178165125,67.4635660311555,21.2741343555112,337.317830155778,155,17,0.713739863542585,92.4175182711738,7.58248172882619
2020,6.39807125113732,1.2615862899457,68.5743815700737,21.3796786015026,342.871907850369,156,17,0.71525725516164,92.5387340955335,7.46126590446646
2020,6.52910369111453,1.28748859951019,69.7108390947087,21.4864331709491,348.554195473543,157,17,0.721972844094356,92.6511456345627,7.34885436543733
2020,6.65751717012799,1.31343607702768,70.8721491086345,21.5942764988763,354.360745543172,158,17,0.705773600934326,92.7534306897284,7.24656931027162
2020,6.78817926181202,1.33936644121784,72.0623695992078,21.7035340372248,360.311847996039,159,17,0.709160444937382,92.8439803807864,7.15601961921359
2020,6.91811658867922,1.3651762832192,73.2780317088544,21.8138363015248,366.390158544272,160,17,0.711970809626633,92.9216924778325,7.07830752216751
2020,7.04796823921324,1.39078263865495,74.5191043083398,21.925136279113,372.595521541699,161,17,0.722373563877148,92.9852510358632,7.01474896413679
2020,7.17538518721254,1.41609695784882,75.7840501537676,22.037255616724,378.920250768838,162,17,0.725623998923341,93.03343981023,6.96656018977001
2020,7.30291440788946,1.44104848601728,77.0738109856338,22.1502394247681,385.369054928169,163,17,0.74400690500011,93.0649014905578,6.93509850944225
2020,7.42396578120339,1.46555062502133,78.3853807787779,22.2637903292506,391.926903893889,164,17,0.730728614874689,93.0785158016389,6.92148419836108
2020,7.54255388583768,1.48956843792631,79.7237940612884,22.3783081958723,398.618970306442,165,17,0.718409702704054,93.0727117187697,6.92728828123026
2020,7.66117157401765,1.51304515654522,81.0883638478341,22.4936927921555,405.44181923917,166,17,0.726552935645819,93.0462623051488,6.95373769485116
2020,7.77690773671269,1.53591702944482,82.4750009219565,22.6095652435993,412.375004609782,167,17,0.736145283700416,92.9981389920395,7.0018610079605
2020,7.89925835873516,1.55996366790453,83.8828362598008,22.7258282267235,419.414181299004,168,17,0.750638121422196,92.9276716061509,7.07232839384907
2020,8.03505015031297,1.58674482134222,85.3122094921606,22.8424867341545,426.561047460803,169,17,0.762370338400768,92.8354213189488,7.16457868105116
2020,8.18446965873843,1.61591937324022,86.766357494794,22.9597776096906,433.83178747397,170,17,0.785092684100922,92.7221518598239,7.27784814017606
2020,8.34318789924301,1.6471617216511,88.2458038677255,23.077711352627,441.229019338628,171,17,0.799522026048082,92.5890755089568,7.41092449104324
2020,8.51233553371147,1.68020537008401,89.7540626288432,23.1965317509008,448.770313144216,172,17,0.8235962906036,92.4375178411505,7.56248215884947
2020,8.68627832215572,1.71481434212143,91.2912857852276,23.3162104970691,456.456428926138,173,17,0.825142778633285,92.2692199003414,7.73078009965864
2020,8.87030487122862,1.75083152419582,92.8629325223467,23.4371258667733,464.314662611734,174,17,0.848184223337162,92.085822704558,7.91417729544198
2020,9.05890773669257,1.78810386320079,94.4667144185505,23.559052063861,472.333572092752,175,17,0.858601981604357,91.8895249533523,8.11047504664768
2020,9.26117856816351,1.82655294113743,96.1060647248404,23.6822002699485,480.530323624202,176,17,0.925638738189253,91.6823146753758,8.31768532462419
2020,9.45918994991547,1.86605795289491,97.7723856089807,23.8058831277936,488.861928044904,177,17,0.921888745272469,91.4668523990651,8.53314760093493
2020,9.6708658163807,1.90665556399279,99.4789745364287,23.9310413120054,497.394872682143,178,17,0.979151667968401,91.2446392567733,8.75536074322669
2020,9.88235217648514,1.94825476666975,101.216352280194,24.0569295901525,506.081761400969,179,17,0.997012759661701,91.0183303330569,8.98166966694308
2020,10.2109750679446,2.01312014499442,102.992351303261,24.1840691693217,514.961756516307,180,24,1.11752286594451,90.7895782984113,9.2104217015887
2020,10.4401614456917,2.05786129934476,104.809857573731,24.312607855889,524.049287868655,181,24,1.15225825219482,90.5601888516014,9.43981114839858
2020,10.6728245186542,2.10358733843442,106.666125755382,24.4422941695233,533.330628776912,182,24,1.1746120979847,90.3321075850832,9.66789241491685
2020,10.9088044156228,2.15025311038094,108.564313334358,24.5732925502692,542.821566671792,183,24,1.18527794744629,90.1068145146503,9.8931854853497
2020,11.1495069099512,2.19779057777759,110.507405357773,24.7057467367039,552.537026788863,184,24,1.19886560219006,89.8856306738078,10.1143693261922
2020,11.3961877578776,2.24608046051751,112.495744096064,24.8396153906339,562.478720480319,185,24,1.23037726203369,89.6698181325434,10.3301818674566
2020,11.6425880518517,2.29494758659658,114.526920576683,24.9746760869677,572.634602883417,186,24,1.23618522274862,89.4605872511553,10.5394127488447
2020,11.8876172708899,2.34424519102308,116.605997748422,25.1112037992175,583.029988742111,187,24,1.21491366131233,89.2586196383699,10.7413803616301
2020,12.1457824327044,2.39379509526079,118.738092777213,25.2494622148369,593.690463886063,188,24,1.28723436897509,89.0644469642743,10.9355530357256
2020,12.3990955204325,2.44317738719042,120.907086620432,25.3883491450359,604.535433102158,189,24,1.32869388471443,88.8793659596459,11.1206340403541
2020,12.653637930325,2.49213195490697,123.11815265713,25.5281540440686,615.590763285652,190,24,1.39874018068028,88.7038084434705,11.2961915565295
2020,12.8965822118575,2.54027238144663,125.365787499317,25.6684889581636,626.828937496584,191,24,1.40746308050329,88.5395387100228,11.4604612899772
2020,13.136653028439,2.58728746520816,127.659902199701,25.8099290634093,638.299510998507,192,24,1.44010075606168,88.385052882704,11.614947117296
2020,13.3689018851125,2.63269509084072,129.995100283339,25.9520942471335,649.975501416694,193,24,1.4759274224671,88.2407263013209,11.7592736986791
2020,13.5893227039433,2.67600805093504,132.369138158021,26.0948109292434,661.845690790107,194,24,1.50216038528602,88.1067546899901,11.8932453100099
2020,13.8034472585103,2.71672146377991,134.78152441501,26.2380170481517,673.907622075052,195,24,1.58765799050362,87.9832379133354,12.0167620866646
2020,13.3407110062621,2.62523939941788,137.219098741039,26.3809152020464,686.095493705194,196,24,1.61290577756176,87.6115586574233,12.3884413425767
2020,13.4979481967132,2.65642456579187,139.558490240057,26.5164032841943,697.792451200284,197,24,1.62421123438659,87.511918546608,12.488081453392
2020,13.6296078677137,2.68339929881515,141.926463204963,26.6519440954634,709.632316024816,198,24,1.59823282968103,87.4232771654168,12.5767228345832
2020,13.7314616856601,2.7028662898083,144.325307499291,26.7876542535013,721.626537496453,199,24,1.64727679302763,87.3355759716477,12.6644240283523
2020,13.7701407728807,2.71020863002385,146.734002161863,26.9223489505833,733.670010809317,200,24,1.68263502222108,87.2359218415837,12.7640781584163
2020,13.7581092573402,2.70611594188786,149.142597569601,27.0555058359989,745.712987848004,201,24,1.78966604961334,87.125175944725,12.874824055275
2020,13.6836580353907,2.69079079510758,151.526566630406,27.1858334529815,757.632833152029,202,24,1.84838821231981,87.0039140991587,12.9960859008413
2020,13.5522563520579,2.66482005568504,153.883044534543,27.3132611535928,769.415222672716,203,24,1.87918240778068,86.8722183502358,13.1277816497642
2020,13.3697952340215,2.62889579046107,156.206185718105,27.4375616923232,781.030928590523,204,24,1.9052215472436,86.7304914187743,13.2695085812257
2020,13.1409904022191,2.58380762516882,158.486691498563,27.5583340400386,792.433457492817,205,24,1.93384510753713,86.5795122591946,13.4204877408054
2020,12.8731358053992,2.53046708176949,160.714743906421,27.6751643647527,803.573719532107,206,24,1.99627974916506,86.4204005389306,13.5795994610694
2020,12.5678937486705,2.46986368210587,162.875745112259,27.7874052727978,814.378725561294,207,24,2.05617831420677,86.2548379383395,13.7451620616605
2020,12.2316615432624,2.40315687598283,164.962709122464,27.8948198036021,824.813545612322,208,24,2.11974065223234,86.0847191799314,13.9152808200686
2020,11.8667127392422,2.33158249089009,166.96869688481,27.9971774814992,834.843484424048,209,24,2.13234029990893,85.9124651516813,14.0875348483187
2020,11.4846827983375,2.25649730188703,168.898157344827,28.094824745239,844.490786724137,210,24,2.15454655438472,85.7406198143575,14.2593801856425
2020,10.8585540557189,2.13357400659871,170.745755050985,28.1876030328989,853.728775254924,211,16,1.93403677080376,85.5740073967753,14.4259926032248
2020,9.89229161593125,1.94308376222864,172.511222902153,28.2756056385748,862.556114510763,212,15,1.9412604695429,85.0526938213565,14.9473061786435
2021,4.51537147673486,0.894587623648884,54.5,19.9420239553624,272.5,141,24,0.462477303519369,90.4546094144004,9.5453905855996
2021,4.59584275252183,0.91042604548263,55.3105522492773,20.0314372128014,276.552761246386,142,24,0.471853592319786,90.5275816228976,9.47241837710238
2021,4.68138211552423,0.927177797171287,56.1353210357988,20.1214861633645,280.676605178994,143,24,0.484837413616839,90.6169390583503,9.38306094164974
2021,4.76894284583172,0.944804664730544,56.974598235707,20.2121774792937,284.872991178535,144,24,0.479454618097324,90.7206436962157,9.27935630378425
2021,4.86281097785206,0.963283808766452,57.832461187928,20.3039199277921,289.16230593964,145,24,0.489514096738541,90.8362920064565,9.16370799354352
2021,4.96057610245451,0.982460059476923,58.7070826197827,20.3964832595117,293.535413098914,146,24,0.502505256070873,90.9620751769142,9.03792482308582
2021,5.06190274002426,1.00248451210893,59.5986552730259,20.4898565559539,297.993276365129,147,24,0.510085526344293,91.0960720695062,8.90392793049382
2021,5.16732529815842,1.02322288582638,60.5089732752153,20.5841939084689,302.544866376076,148,24,0.521464522351155,91.2361929888021,8.76380701119789
2021,5.27670725207455,1.04460735368857,61.4380956691197,20.6794654062154,307.190478345599,149,24,0.538231675628195,91.3805791247429,8.61942087525709
2021,5.39014200476138,1.06657625712288,62.3857362660761,20.7756068977347,311.928681330381,150,24,0.563720619632451,91.5274532195879,8.47254678041215
2021,5.74451035613895,1.13631739354613,63.3509607891517,20.8724916170563,316.754803945758,151,17,0.528590328428509,91.871012341631,8.12898765836898
2021,5.87210884179347,1.16090955769216,64.3940792846861,20.9760450980749,321.970396423431,152,17,0.558472846219906,92.0089853317926,7.99101466820735
2021,6.00010019532854,1.18592543112976,65.4567342421557,21.0803427261715,327.283671210779,153,17,0.576235087431742,92.144728157232,7.85527184276797
2021,6.12461415574487,1.21130819137331,66.5414275827106,21.1855933116064,332.707137913553,154,17,0.556453562168451,92.2772337929939,7.72276620700615
2021,6.25479712072374,1.23701232759469,67.6549717807453,21.2924067190654,338.274858903727,155,17,0.565353149548446,92.4041901083681,7.59580989163194
2021,6.38614816783818,1.26292522935657,68.7927634709232,21.4002877762159,343.963817354616,156,17,0.575145887232969,92.5239351437573,7.47606485624273
2021,6.51743435533969,1.28896357002266,69.9548566301368,21.5091968296588,349.774283150684,157,17,0.58036046242553,92.6350446955567,7.36495530444328
2021,6.65045673768775,1.31504774075832,71.1421527991983,21.6191732736367,355.710763995992,158,17,0.595836841226075,92.7360698231902,7.26393017680978
2021,6.78774517989206,1.34108351478604,72.3529456053025,21.7300165031985,361.764728026512,159,17,0.642855921440157,92.8257560291765,7.17424397082351
2021,6.92110480174766,1.36695666148036,73.5817783529957,21.841197144526,367.908891764978,160,17,0.668929589207081,92.9030877908301,7.09691220916985
2021,7.05022148105721,1.39260327466112,74.8320529192618,21.9529974408165,374.160264596309,161,17,0.672769752793669,92.9665037478825,7.03349625211749
2021,7.18360760904226,1.41796321512202,76.1073657852679,22.0657033623347,380.536828926339,162,17,0.718767018501578,93.0144650651003,6.98553493489968
2021,7.31092852699906,1.44291937978084,77.4001375668272,22.178616679234,387.000687834136,163,17,0.735353210122407,93.0461056853658,6.9538943146342
2021,7.43736394591493,1.46742758330033,78.7150355128337,22.2921221158466,393.575177564169,164,17,0.762746240142684,93.0598439879518,6.94015601204825
2021,7.56258744140377,1.49141297336646,80.0497189627639,22.4059919611073,400.24859481382,165,17,0.801998678443053,93.0545208104194,6.94547918958061
2021,7.68285222071518,1.51480882300429,81.4015712812722,22.5199855806328,407.007856406361,166,17,0.826139667579938,93.0289994898353,6.97100051016469
2021,7.79805771881182,1.53758509299409,82.7726204709548,22.6342581393173,413.863102354774,167,17,0.834948537425582,92.981903786477,7.018096213523
2021,7.92008982368914,1.56153802557934,84.1649182706461,22.7489595132526,420.82459135323,168,17,0.850873293863062,92.9124032789712,7.08759672102882
2021,8.051936966177,1.58822590700332,85.5784036740617,22.8640614534651,427.892018370308,169,17,0.834612872514225,92.8210891291369,7.17891087086313
2021,8.19930456198152,1.61733588734838,87.0214732694281,22.9802135771232,435.107366347141,170,17,0.844477700477558,92.7084620725084,7.29153792749165
2021,8.35463170313796,1.64852825688693,88.4920020591052,23.097202967083,442.460010295526,171,17,0.834752411938979,92.5758900530599,7.42410994694006
2021,8.52331937328323,1.68154828599231,89.9954955795394,23.2154223121643,449.977477897697,172,17,0.85653437399303,92.4246036181397,7.57539638186033
2021,8.69580271664061,1.71613844139207,91.5283194459547,23.3345392182908,457.641597229774,173,17,0.84736033247817,92.2565502441371,7.74344975586294
2021,8.87967156783079,1.75215125367792,93.0974185486509,23.4550436057112,465.487092743255,174,17,0.869524557048685,92.0733023277815,7.9266976722185
2021,9.07152817947243,1.78942382646446,94.6987960400923,23.5765761085002,473.493980200462,175,17,0.903870595347612,91.8771533949129,8.12284660508715
2021,9.26621621702439,1.82785176951573,96.3316063033843,23.6990281373113,481.658031516921,176,17,0.915810390116805,91.6703222144815,8.3296777855185
2021,9.46897385194889,1.8673964679348,98.0008893930583,23.822729025397,490.004446965292,177,17,0.946013209850631,91.4547493598097,8.54525064019035
2021,9.67528695961621,1.90800104965101,99.7045981031653,23.9474758637473,498.522990515827,178,17,0.962760200608252,91.2327504031426,8.76724959685742
2021,9.99269281078033,1.97087699082855,101.44612537735,24.0734656291328,507.230626886749,179,24,1.0707796839921,91.0063060732573,8.99369392674268
2021,10.2122385599432,2.01464919529987,103.229424761764,24.2009248128401,516.147123808821,180,24,1.06717995439085,90.7772797363229,9.22272026367709
2021,10.438774074826,2.05950253307051,105.057236182951,24.3299826926859,525.286180914754,181,24,1.07619891399626,90.5474916440037,9.45250835599625
2021,10.6757863337651,2.10538287125444,106.928420456782,24.460491983424,534.642102283909,182,24,1.12690530361781,90.3188149115865,9.6811850884135
2021,10.9173105218527,2.15217406732694,108.836720656868,24.5919607190827,544.18360328434,183,24,1.17757358126399,90.0932022822611,9.90679771773892
2021,11.1564038012074,2.19978580495976,110.78303094748,24.7244034477388,553.915154737398,184,24,1.17538087188332,89.872061507597,10.127938492403
2021,11.402013487417,2.24817448503904,112.777419799201,24.8584460550077,563.887098996005,185,24,1.19434076534116,89.6561761939464,10.3438238060536
2021,11.6494043023283,2.29716170655268,114.816939602109,24.9938240224153,574.084698010545,186,24,1.20380378060779,89.4467868957496,10.5532131042505
2021,11.8935377935897,2.34657565649213,116.903823716388,25.1306220049289,584.519118581941,187,24,1.17275583654547,89.2447061885555,10.7552938114445
2021,12.1474381959539,2.39625826483344,119.045498031403,25.2692532260107,595.227490157017,188,24,1.20594771700431,89.050360871487,10.949639128513
2021,12.39762933896,2.44584082361335,121.231039538729,25.4089433760451,606.155197693645,189,24,1.2155574529367,88.8648296559625,11.1351703440375
2021,12.650116292419,2.49507023319843,123.46439289731,25.5498878491619,617.321964486549,190,24,1.25590241880771,88.6894675241782,11.3105324758218
2021,12.8954118996728,2.54353210668416,125.739836740304,25.6916727822216,628.699183701522,191,24,1.27192438086806,88.5244217983981,11.4755782016019
2021,13.1343595785808,2.59086120002125,128.06076157052,25.8344612215219,640.3038078526,192,24,1.28384076448587,88.3692462919137,11.6307537080863
2021,13.3727793508221,2.63662488314752,130.426679134366,25.9781731809841,652.133395671832,193,24,1.35153233366713,88.2241226083968,11.7758773916032
2021,13.5931098785182,2.68023462286413,132.826285428174,26.1220873654581,664.131427140872,194,24,1.36556760750949,88.0895813167181,11.9104186832819
2021,13.7990173421027,2.72126391044004,135.26664902439,26.2665992732743,676.33324512195,195,24,1.36989516593533,87.9654323391915,12.0345676608085
2021,13.3369717023517,2.63014523921449,137.746776815211,26.4116159728155,688.733884076053,196,24,1.37564235635528,87.5915908863521,12.4084091136479
2021,13.4922100975752,2.66182307063625,140.132740392371,26.5494192330966,700.663701961854,197,24,1.35377163372648,87.49067454442,12.50932545558
2021,13.6474263368517,2.68937941426386,142.553498631763,26.6875708415411,712.767493158813,198,24,1.49634859020726,87.4006574708329,12.5993425291671
2021,13.7554777925419,2.70903587180771,144.976102068557,26.8242003441408,724.880510342785,199,24,1.58814673412282,87.3124461019525,12.6875538980475
2021,13.8057186008869,2.71642258076689,147.401224591101,26.9593873247956,737.006122955507,200,24,1.72643568926316,87.2123808236164,12.7876191763836
2021,13.7935748734257,2.71211977044241,149.807955093651,27.0920250213154,749.039775468254,201,24,1.8456507824431,87.1016745358366,12.8983254641634
2021,13.7189305593265,2.69651365345567,152.187586442869,27.2217169947745,760.937932214344,202,24,1.91932837426412,86.9803976229664,13.0196023770337
2021,13.5887722545309,2.67019489001909,154.536684202403,27.3483658688637,772.683421012014,203,24,1.98483111568063,86.8486611233948,13.1513388766052
2021,13.4023869419015,2.63383148052071,156.845740759569,27.4715549363347,784.228703797845,204,24,1.9943506338547,86.7069995440703,13.2930004559297
2021,13.1749785257718,2.58831498313712,159.114672656534,27.5913781515164,795.573363282671,205,24,2.06767333923728,86.5559078296309,13.4440921703691
2021,12.9027052351898,2.53446489295105,161.322481876609,27.7068356332368,806.612409383043,206,24,2.11412118427149,86.3968930972608,13.6031069027392
2021,12.5955059885442,2.47338145407665,163.465549452062,27.8178588510758,817.327747260311,207,24,2.18650294968796,86.2312894941384,13.7687105058616
2021,12.2504150153532,2.40618892982072,165.531687741936,27.9239402803794,827.658438709681,208,24,2.16993550356127,86.0611913726426,13.9388086273574
2021,11.8825825324022,2.33425176107154,167.531102551266,28.0257208898883,837.655512756332,209,24,2.16968392283608,85.8883988020975,14.1116011979026
2021,11.4970415277298,2.25882969840003,169.455975954078,28.1229101879047,847.279879770388,210,24,2.16741256000837,85.7158951682443,14.2841048317557
2021,11.0947389437911,2.18127672173138,171.303171919093,28.2154566080564,856.515859595463,211,24,2.07687830110272,85.5507195358484,14.4492804641516
2021,10.1468564871578,1.99506859409794,173.086998479761,28.3041703203014,865.434992398805,212,24,2.05668735237435,85.0255298856832,14.9744701143168
2022,4.46204166115127,0.881575327555578,54.5,19.9420239553624,272.5,141,16,0.502524184013184,90.4546094144004,9.5453905855996
2022,4.54149224608915,0.897238448685506,55.2918769100618,20.0293874208563,276.459384550309,142,16,0.509689699005548,90.5295480346685,9.47045196533154
2022,4.62760457941987,0.913831631651497,56.0982084327011,20.1174540623375,280.491042163506,143,16,0.533646393356589,90.6207478754025,9.3792521245975
2022,4.71714784616364,0.931304367215048,56.9169684550215,20.2059799583266,284.584842275108,144,16,0.548976391187805,90.7264016289671,9.2735983710329
2022,4.80820028210557,0.949623351890842,57.7505682625008,20.2952031677302,288.752841312504,145,16,0.540364271818791,90.8442495508364,9.15575044916358
2022,4.90380787436479,0.968665731656773,58.6040978410864,20.3856342630294,293.020489205432,146,16,0.539856111486071,90.971799307983,9.02820069201695
2022,5.00414778676512,0.988577316893801,59.4768471121769,20.4771574112742,297.384235560884,147,16,0.542370223960505,91.1072410264152,8.89275897358477
2022,5.10986726771359,1.00921527848829,60.3691577378854,20.5697692479774,301.845788689427,148,16,0.55896411782944,91.2486360990022,8.75136390099781
2022,5.219953443294,1.03050144238904,61.2792892915915,20.6632530119389,306.396446457957,149,16,0.584764313807791,91.394291941792,8.60570805820795
2022,5.33007819520432,1.0523691170244,62.2062734380062,20.7574782737258,311.031367190031,150,16,0.58633592199913,91.5424858016316,8.45751419836836
2022,5.75190258650701,1.13525700786679,63.1549631610517,20.8529019628295,315.774815805258,151,17,0.623255634256371,91.8865413885823,8.11345861141771
2022,5.87488744363293,1.1597483618395,64.1806282461467,20.954950836488,320.903141230733,152,17,0.622409814469014,92.0253862895178,7.97461371048221
2022,6.00195280724803,1.18469213396381,65.2310529526473,21.0582917682543,326.155264763236,153,17,0.636144492000204,92.1615493598848,7.83845064011523
2022,6.13043400506573,1.21000681775943,66.3041365656186,21.1626711095678,331.520682828093,154,17,0.646299530543315,92.2943965129562,7.70560348704384
2022,6.2606165399232,1.23561520230122,67.4008774003097,21.2681419922438,337.004387001548,155,17,0.658287880963697,92.4220331020105,7.57796689798949
2022,6.39183859561656,1.2614298209282,68.5212481907065,21.3746573719836,342.606240953533,156,17,0.670368694890262,92.5424599068477,7.45754009315229
2022,6.52391243616439,1.28736823728628,69.6654373835183,21.4821916570684,348.327186917592,157,17,0.684364219404957,92.6542473104776,7.34575268952235
2022,6.65519982408677,1.31334481576648,70.8332313233024,21.5906824799542,354.166156616512,158,17,0.690784353091699,92.7560231978814,7.24397680211863
2022,6.78603494389623,1.33928227642478,72.025986614853,21.7002129313236,360.129933074265,159,17,0.695464764043164,92.8463400851697,7.15365991483025
2022,6.92005246059265,1.36509773784422,73.2439594242642,21.8107622159493,366.219797121321,160,17,0.73005008131911,92.9238465924072,7.07615340759278
2022,7.04964328919985,1.39067893837267,74.4818037785034,21.9218100550062,372.409018892517,161,17,0.739292514990558,92.9875444542683,7.01245554573174
2022,7.17936591905684,1.41596889931423,75.7437013608914,22.0336994926958,378.718506804457,162,17,0.761487633697671,93.0358592488486,6.96414075115139
2022,7.30696784689174,1.44087760753202,77.0270862202427,22.1461694046761,385.135431101214,163,17,0.782414335618631,93.0676381633283,6.93236183667173
2022,7.43418924141236,1.46533404611343,78.3317859804545,22.2591763435989,391.658929902272,164,17,0.819337387925226,93.0815915094967,6.91840849050326
2022,7.55435460356521,1.48925782295325,79.6545231545817,22.37241422791,398.272615772909,165,17,0.820584096037594,93.0766144856086,6.92338551439138
2022,7.67309150062103,1.51262724806431,81.001019546323,22.4863478911257,405.005097731615,166,17,0.833447612339094,93.0511100703589,6.94888992964114
2022,7.78836741245248,1.53538641344805,82.3686635072364,22.6007275839529,411.843317536182,167,17,0.843479279226722,93.0039707949903,6.99602920500967
2022,7.9127849384518,1.55931838133942,83.7573264111503,22.7155187395582,418.786632055752,168,17,0.880098764233415,92.9344933309345,7.06550666906547
2022,8.04610900718691,1.58596096574822,85.1635159468876,22.8304148701967,425.817579734438,169,17,0.876616350782677,92.8434523760492,7.15654762395079
2022,8.19100000047782,1.61500773202876,86.5970305275852,22.9461905938675,432.985152637926,170,17,0.86866652227132,92.7312592571541,7.26874074284593
2022,8.34610172879912,1.64614672983733,88.0610731595154,23.0630612418326,440.305365797577,171,17,0.858460183923261,92.5989843595348,7.40101564046515
2022,8.5135934746398,1.67910506651433,89.5581329300875,23.1811754740139,447.790664650437,172,17,0.873459495341888,92.4480068197568,7.55199318024325
2022,8.68933157818944,1.71363085821582,91.0856418028069,23.3002821051796,455.428209014034,173,17,0.890966735565185,92.280209024129,7.71979097587097
2022,8.87238193870722,1.74954128759936,92.6447421181824,23.4204249776668,463.223710590912,174,17,0.910922664932273,92.097456376423,7.90254362357698
2022,9.06430633318478,1.78670025407906,94.2364006380493,23.5416318162565,471.182003190247,175,17,0.951011039756492,91.901766289632,8.09823371036804
2022,9.25429788543882,1.82499381850707,95.8583590593352,23.6636869746373,479.291795296676,176,17,0.931423531438185,91.6954214174491,8.30457858255093
2022,9.45475360461479,1.86442240035069,97.5221587791814,23.7874042436804,487.610793895907,177,17,0.94869395938036,91.4800068928721,8.51999310712793
2022,9.66085846201251,1.90491087148664,99.2225124943035,23.9123288891567,496.112562471517,178,17,0.968263873004953,91.2580054753296,8.74199452467038
2022,9.9792979357947,1.96756162920134,100.960080922055,24.0384556633183,504.800404610277,179,24,1.09450400500731,91.0315367774195,8.9684632225805
2022,10.1990209663736,2.01116068888876,102.735986702948,24.1658114885536,513.679933514739,180,24,1.09873459749232,90.8026051070781,9.1973948929219
2022,10.4257058324643,2.05581613137272,104.554877050334,24.2946691534962,522.774385251671,181,24,1.11648639995306,90.5729252355186,9.42707476448145
2022,10.6604136050515,2.1014719803381,106.415427129022,24.4248717087434,532.077135645108,182,24,1.15849355669675,90.3443759644138,9.6556240355862
2022,10.8993079292047,2.14803542558038,108.31437617238,24.5561355287097,541.571880861902,183,24,1.19751176139353,90.1187612189198,9.88123878108024
2022,11.1406952354792,2.19542303367728,110.253143750298,24.6885073429746,551.265718751492,184,24,1.22284065472426,89.89746984754,10.10253015246
2022,11.38665898747,2.24353601934519,112.234949051293,24.8221513253284,561.174745256464,185,24,1.25589610698145,89.6816155350796,10.3183844649204
2022,11.6366437267371,2.29221346765635,114.25914267054,24.9569665474145,571.295713352702,186,24,1.29898280337472,89.4723232982843,10.5276767017157
2022,11.8853803220771,2.3412513153863,116.324501218622,25.0928184681773,581.622506093108,187,24,1.31652112860933,89.2705566602904,10.7294433397097
2022,12.1336471450899,2.39046341441878,118.435861360484,25.2299694545045,592.17930680242,188,24,1.32325601213441,89.0768381980759,10.9231618019241
2022,12.3827528274553,2.43960309819624,120.595263480166,25.3684896672277,602.976317400829,189,24,1.34048184547122,88.8916759674794,11.1083240325206
2022,12.6361547345851,2.48836480582564,122.80074783041,25.5081928058428,614.003739152051,190,24,1.40954932477085,88.7166893318153,11.2833106681847
2022,12.8830974178983,2.53629701443684,125.04277331301,25.648429496557,625.213866565048,191,24,1.46076425939812,88.5521832989598,11.4478167010402
2022,13.125846152757,2.5830223772988,127.32358501986,25.7893053652815,636.617925099302,192,24,1.52966075261893,88.3977461739179,11.6022538260821
2022,13.3624348293839,2.62806617992935,129.638770886098,25.9305168806899,648.193854430489,193,24,1.62177363847466,88.2536957058863,11.7463042941137
2022,13.5889171730957,2.67089937276192,131.98241625426,26.0716852279502,659.912081271301,194,24,1.72772702773667,88.1203463712248,11.8796536287752
2022,13.7884517697522,2.7109668209359,134.349690392881,26.2125141771979,671.748451964407,195,24,1.71223738615334,87.9979278420829,12.0020721579171
2022,13.3141837168779,2.61931935813048,136.75944898947,26.3541052510986,683.797244947351,196,24,1.64128997969365,87.6259347620506,12.3740652379493
2022,13.4714886893947,2.65027593636154,139.087972095607,26.4892806591795,695.439860478034,197,24,1.66379247582103,87.5261114290387,12.4738885709613
2022,13.6111500986082,2.67705197362445,141.442861990777,26.6243919552885,707.214309953884,198,24,1.72067145668633,87.4374472742291,12.5625527257709
2022,13.7150474501201,2.69615829273706,143.813664712175,26.7588416578961,719.068323560873,199,24,1.81070842247899,87.3502106625637,12.6497893374363
2022,13.7496256664202,2.70311603643223,146.186546004187,26.8918711883176,730.932730020936,200,24,1.82712304355159,87.251372746698,12.748627253302
2022,13.726484335481,2.69874036728691,148.562318680335,27.0235635103254,742.811593401676,201,24,1.84262546472528,87.1414607618788,12.8585392381212
2022,13.6473069377689,2.68337410966006,150.929571628934,27.1533316221465,754.64785814467,202,24,1.85634599177623,87.0206515119151,12.9793484880849
2022,13.5170442857025,2.65750885533716,153.277407061347,27.2806415894028,766.387035306735,203,24,1.89381330110904,86.889293767841,13.110706232159
2022,13.3374793707863,2.6217367523183,155.590815221845,27.4047621972347,777.954076109225,204,24,1.94362134761071,86.748091587107,13.251908412893
2022,13.1115461627551,2.57681762797923,157.8574305602,27.5251309245612,789.287152801001,205,24,1.99665280717579,86.5979376106478,13.4020623893522
2022,12.8402346713261,2.52366467429017,160.067304532142,27.6413321590105,800.336522660711,206,24,2.0096753077759,86.4399773743993,13.5600226256007
2022,12.532155841913,2.46337890692294,162.21933996089,27.7534223663305,811.09669980445,207,24,2.01560362311285,86.2754401054827,13.7245598945173
2022,12.199319418776,2.39710567513953,164.30758259909,27.8612034189067,821.537912995449,208,24,2.09256272988634,86.106160352451,13.893839647549
2022,11.839423275431,2.32597180724135,166.312861417552,27.9638075330564,831.56430708776,209,24,2.14263152496295,85.9349879605012,14.0650120394988
2022,11.4583535860241,2.25130211118703,168.23514272313,28.0613586065588,841.175713615649,210,24,2.14906220260579,85.7646485882067,14.2353514117933
2022,10.8364569273603,2.12901907612914,170.078924470365,28.1541987796,850.394622351823,211,16,1.94225539544689,85.6018733281384,14.3981266718616
2022,9.87245051774305,1.93916838342511,171.838696061353,28.2421567911192,859.193480306767,212,15,1.936236679815,85.0809913565963,14.9190086434037
