"year","assimilated_weight","ingested_weight","Weight","Length","Energy","JulianDay","feeding_hours","Metabolism","percentage_partic","percentage_filters"
2008,3.54157736575884,0.709785871871605,54.5,19.9420239553624,272.5,141,24,0.195518969940483,91.5134951720086,8.48650482799139
2008,3.54202461853154,0.709736419378999,55.1691850937978,20.0159088416667,275.845925468989,142,24,0.200302792307113,91.3476166805419,8.65238331945806
2008,3.54185727496519,0.709682109288315,55.8375008557268,20.0890769385244,279.187504278634,143,24,0.202654539491769,91.1761513632366,8.82384863676339
2008,3.54025237468502,0.709631716660651,56.5053106585039,20.1615824811179,282.526553292519,144,24,0.198839299556462,90.9995567249246,9.00044327507535
2008,3.538940740923,0.709593312166258,57.1735602582229,20.2335403831039,285.867801291114,145,24,0.196034299969925,90.8182248769782,9.18177512302177
2008,3.53919533096388,0.709570278217508,57.8421061205512,20.3049459771112,289.210530602756,146,24,0.199384124298985,90.6334646347123,9.36653536528767
2008,3.53928001466999,0.70957570799524,58.5100303795732,20.3757130491994,292.550151897866,147,24,0.201447641815847,90.4444267265042,9.55557327349582
2008,3.54018012117062,0.709609052179476,59.177556166266,20.4458775764672,295.88778083133,148,24,0.206419415770901,90.2522929175556,9.74770708244441
2008,3.54178475077477,0.709670941594776,59.8442647571606,20.5154077354156,299.221323785803,149,24,0.213999768720902,90.0577329632946,9.94226703670542
2008,3.54102020921324,0.70975987239183,60.509775179282,20.5842765732559,302.54887589641,150,24,0.210482595566037,89.8613109486714,10.1386890513286
2008,3.75525371766895,0.752010610905689,61.1758329368029,20.6526754911557,305.879164684014,151,24,0.228564762719777,89.9488534445552,10.0511465554448
2008,3.75488636674997,0.752101052974849,61.8811175889918,20.7245392479086,309.405587944959,152,24,0.226964076218909,89.7474293785999,10.2525706214001
2008,3.75323000428413,0.752195148233744,62.5866451307809,20.7958588451569,312.933225653904,153,24,0.219598314464665,89.545242194337,10.454757805663
2008,3.75517373495398,0.752285072882418,63.2933105527496,20.8667339570325,316.466552763748,154,24,0.228236835025572,89.3435583374806,10.6564416625194
2008,3.75469254424986,0.752353742997705,63.9986327789928,20.9369265136947,319.993163894964,155,24,0.226549308313199,89.1427551804995,10.8572448195005
2008,3.75345530283069,0.752378284482409,64.7041918010961,21.0066052521637,323.520959005481,156,24,0.222483078599559,88.9422002717915,11.0577997282085
2008,3.75747792758172,0.752337739083317,65.4103118956277,21.0758112067298,327.051559478138,157,24,0.24399769049978,88.7421258776296,11.2578741223704
2008,3.75775693285423,0.752210560658816,66.1129285997968,21.1441588750844,330.564642998984,158,24,0.250592135868252,88.5433938501129,11.4566061498871
2008,3.75651306433062,0.751971152121289,66.8142769742218,21.2118801272069,334.071384871109,159,24,0.252484965769551,88.3458887575602,11.6541112424398
2008,3.7559793162071,0.751592859691052,67.5149924927967,21.2790472787037,337.574962463983,160,24,0.261540882265563,88.1497030090704,11.8502969909296
2008,3.75484091021881,0.7510485209486,68.2137842719331,21.3455478941094,341.068921359665,161,24,0.272113357289604,87.9551973995556,12.0448026004444
2008,3.75399631551263,0.750309809599009,68.9102277779576,21.4113542838555,344.551138889788,162,24,0.290296153798439,87.7625813993523,12.2374186006477
2008,3.74807288158316,0.749348351837058,69.6028594123235,21.4763423455192,348.014297061617,163,24,0.286240160161188,87.5722105007138,12.4277894992862
2008,3.74200293096453,0.74813378681683,70.2951108735217,21.5408459177935,351.475554367609,164,24,0.288556405767265,87.3836722518179,12.6163277481821
2008,3.74936605254441,0.746638006698551,70.9856780754063,21.6047529337033,354.928390377032,165,24,0.391011225789864,87.1972827398593,12.8027172601406
2008,3.74004700578763,0.744840325605473,71.6572195839169,21.6664850269726,358.286097919585,166,24,0.391695147550622,87.0158779140637,12.9841220859363
2008,3.7308478363597,0.742707476082371,72.3267529986519,21.7276324089667,361.63376499326,167,24,0.406769049207538,86.8369436891711,13.1630563108289
2008,3.70483943644694,0.738271905202712,72.9914239659256,21.7879467165771,364.957119829628,168,24,0.380130903670825,86.5501104933847,13.4498895066153
2008,3.66508665166183,0.730338107451635,73.6562127417117,21.8478900209635,368.281063708558,169,24,0.383460021484182,86.0566191959728,13.9433808040272
2008,3.61428419131121,0.720341878728862,74.3123766185934,21.9066869873835,371.561883092967,170,24,0.381253399205524,85.3825614480162,14.6174385519838
2008,3.55840447141171,0.709737453447855,74.9588125376255,21.9642594779088,374.794062688127,171,24,0.363119961394265,84.5569264289826,15.4430735710174
2008,3.50941136682349,0.699681308455178,75.597690155734,22.020819811534,377.98845077867,172,24,0.37702194292222,83.6088132298903,16.3911867701097
2008,3.46895487885178,0.690923604016706,76.2239794298681,22.0759432397642,381.11989714934,173,24,0.409182922986785,82.5667887446992,17.4332112553008
2008,3.43758888804856,0.683838520184457,76.8357356804289,22.129483596865,384.178678402144,174,24,0.451536319667188,81.4557465739566,18.5442534260434
2008,3.40965367084263,0.678524373672495,77.4327383626622,22.1814470494709,387.163691813311,175,24,0.442566159461543,80.296622299743,19.703377700257
2008,3.38717741027193,0.674905420473078,78.0259382008688,22.2328036622184,390.129691004344,176,24,0.4052901416905,79.1044887959786,20.8955112040214
2008,3.37852170320053,0.672821786325885,78.6220878418095,22.2841422225765,393.110439209048,177,24,0.424580815714448,77.892022311288,22.107977688712
2008,3.37523012108264,0.672087087795236,79.2126376155186,22.3347317304515,396.063188077593,178,24,0.43114302450297,76.6728007776115,23.3271992223885
2008,3.37750009115821,0.67251113885295,79.8012057406408,22.384890606046,399.006028703204,179,24,0.435284949378061,75.455934051036,24.544065948964
2008,3.38434325178089,0.673920368031262,80.3893882142608,22.4347596869337,401.946941071304,180,24,0.435813974027932,74.2494946952506,25.7505053047494
2008,3.39526551762376,0.676162337848606,80.9788218444772,22.4844803765788,404.894109222386,181,24,0.435347534956428,73.0604073143818,26.9395926856182
2008,3.41217319457058,0.679105202966667,81.5705210895194,22.5341391253055,407.852605447597,182,24,0.459043433083585,71.8948550319612,28.1051449680388
2008,3.43114795097403,0.682633351538392,82.160850071425,22.5834333113501,410.804250357125,183,24,0.474645806449445,70.7594948378756,29.2405051621244
2008,3.45206391074102,0.686643867552145,82.7518404821251,22.6325360767415,413.759202410625,184,24,0.485487439341897,69.6590005186801,30.3409994813199
2008,3.4720247511299,0.691042664931176,83.3448322244288,22.6815600798078,416.724161122144,185,24,0.466314198188405,68.597708405687,31.402291594313
2008,3.49546648387315,0.695743334235792,83.9456367161356,22.7309826751523,419.728183580678,186,24,0.467408930688776,67.5783447926393,32.4216552073607
2008,3.52489419967084,0.700657820207225,84.5508958439014,22.7805230559289,422.754479219507,187,24,0.52005314312916,66.6056907418635,33.3943092581365
2008,3.54867431174055,0.705691357687078,85.1514962634698,22.8294383962253,425.757481317349,188,24,0.506411071478765,65.6858346941633,34.3141653058367
2008,3.57420941931114,0.710761907487996,85.7595652835206,22.8787176509964,428.797826417603,189,24,0.509834428305048,64.8189637341654,35.1810362658346
2008,3.59554132293527,0.715753722081333,86.372040051099,22.9281083881027,431.860200255495,190,24,0.474172479521879,64.0118262470453,35.9881737529547
2008,3.62469545194571,0.720581586988563,86.9958962710713,22.9781666246809,434.979481355356,191,24,0.527822407246635,63.264672098097,36.735327901903
2008,3.64918387980886,0.725136518413832,87.6148350603107,23.0275836500155,438.074175301554,192,24,0.548350937472385,62.5837645095993,37.4162354904007
2008,3.68083095605464,0.729319426436829,88.2345470553383,23.076819240448,441.172735276692,193,24,0.684679284400789,61.9707901838275,38.0292098161725
2008,3.69844717413309,0.732992086490264,88.8333033358847,23.124161515605,444.166516679424,194,24,0.675694929188185,61.4350206751835,38.5649793248165
2008,3.70969620064781,0.736079411848863,89.4373602815814,23.1716980725795,447.186801407907,195,24,0.62243298612136,60.9729079445305,39.0270920554695
2008,3.55976695637524,0.706527397133773,90.0542991379207,23.2200179587008,450.271495689603,196,24,0.6079736902583,59.7948460189881,40.2051539810119
2008,3.56838167142649,0.708197892782009,90.6441225849136,23.265998858896,453.220612924568,197,24,0.613676910961918,59.4914930406144,40.5085069593856
2008,3.57470478389731,0.708954589916546,91.234507170334,23.3118151451876,456.17253585167,198,24,0.65020784064508,59.2765453226877,40.7234546773124
2008,3.57807065033075,0.709033975397585,91.8188283269724,23.3569578676576,459.094141634862,199,24,0.695459686152833,59.1134282606155,40.8865717393845
2008,3.57741039191556,0.708720013074865,92.394749955794,23.4012561625499,461.97374977897,200,24,0.712571805910907,58.9673475931439,41.0326524068561
2008,3.5749240339121,0.708039448009357,92.9670944087579,23.4450890584531,464.83547204379,201,24,0.730451579651072,58.8343724437557,41.1656275562443
2008,3.57022784578374,0.707000845133828,93.535342382106,23.4884225532033,467.67671191053,202,24,0.742452153101249,58.7144148052737,41.2855851947263
2008,3.56323977500407,0.705616436392619,94.1002272158145,23.5313181017438,470.501136079073,203,24,0.745996220959439,58.6071386613641,41.3928613386359
2008,3.55333546882296,0.70390064602084,94.6629812675129,23.5738737573467,473.314906337565,204,24,0.730075690531552,58.5121587100108,41.4878412899892
2008,3.54279574630873,0.701868543673746,95.2269135840325,23.616342002086,476.134567920163,205,24,0.729094490690075,58.4286218117421,41.5713781882579
2008,3.53621017219198,0.699523535130423,95.7889084290169,23.6584903140088,478.944542145084,206,24,0.819041005680088,58.357435255036,41.642564744964
2008,3.52215479788186,0.696862395959673,96.3315704297557,23.699025462931,481.657852148778,207,24,0.812115457390224,58.3032832922633,41.6967167077367
2008,3.50631765623965,0.693931729990366,96.8727802239052,23.7392939332272,484.363901119526,208,24,0.797918878377319,58.2616720551788,41.7383279448212
2008,3.49132364845027,0.690751291629515,97.413635010725,23.7793796479058,487.068175053625,209,24,0.820173675220616,58.2325682346575,41.7674317653425
2008,3.47573613204264,0.687328878869921,97.9470124224021,23.8187595424197,489.735062112011,210,24,0.854737777881853,58.2181117008087,41.7818882991913
2008,3.45502698694786,0.683581159433597,98.4703315413379,23.8572518259012,492.35165770669,211,24,0.825978767466653,58.2275061385077,41.7724938614923
2008,3.28107941128026,0.649278421579099,98.9952324666681,23.8957174992337,494.976162333341,212,24,0.811423463200933,57.3634994030402,42.6365005969599
2009,3.55106417633242,0.709776244897526,54.5,19.9420239553624,272.5,141,24,0.238802809812383,91.5146428480135,8.48535715198655
2009,3.53966864001576,0.709728123776563,55.1624256879382,20.0151656653293,275.812128439691,142,24,0.190791540786821,91.3496967327218,8.65030326727816
2009,3.54096354382926,0.709674777735671,55.8321725254705,20.0884960060587,279.160862627353,143,24,0.199027745353527,91.1780326153193,8.82196738468075
2009,3.53968441525271,0.709625321813376,56.5005289584305,20.1610654501576,282.502644792153,144,24,0.196602023285458,91.0013593760574,8.99864062394264
2009,3.5394896973152,0.709587803066773,57.1691124382607,20.2330633794811,285.845562191303,145,24,0.198406604741107,90.8199764251632,9.18002357483676
2009,3.53947976846268,0.709569266485032,57.8372936474287,20.304434030456,289.186468237143,146,24,0.200585425180995,90.6345077256249,9.36549227437512
2009,3.53556480168051,0.709571838102207,58.5050345527101,20.3751858328688,292.525172763551,147,24,0.186404398527024,90.4462671375607,9.55373286243933
2009,3.53593652191725,0.709605482562903,59.1748259662788,20.4455917277598,295.874129831394,148,24,0.188899884429512,90.2538152332009,9.74618476679909
2009,3.53953116279862,0.709667539550739,59.8441897556302,20.5153999440426,299.220948778151,149,24,0.204190347033813,90.058852273181,9.94114772681897
2009,3.5403183604035,0.709756736473962,60.5112113448436,20.5844246193813,302.556056724218,150,24,0.207478025570994,89.8621874471389,10.1378125528611
2009,3.75238763335893,0.752010439181684,61.1777296395239,20.652869524811,305.88864819762,151,24,0.215965115448424,89.9503344628656,10.0496655371344
2009,3.74611935767565,0.752100764375602,61.8849609944336,20.7249292972928,309.424804972168,152,24,0.190820085642522,89.7485810422093,10.2514189577907
2009,3.75656317165815,0.752193565752704,62.595963911342,20.7967970934881,312.97981955671,153,24,0.23463604059375,89.5455386415912,10.4544613584088
2009,3.75208911970557,0.752280494137025,63.3002883672076,20.8674310415868,316.501441836038,154,24,0.214837042362014,89.3434203638383,10.6565796361617
2009,3.75457170042121,0.752348864198913,64.0076735858985,20.937822732614,320.038367929492,155,24,0.226142001562036,89.1422747704248,10.8577252295752
2009,3.75625344147109,0.75237368868282,64.7132898416588,21.0075002791023,323.566449208294,156,24,0.235280798550421,88.941671319453,11.058328680547
2009,3.7567741084241,0.752334104093931,65.4174099573002,21.0765042294703,327.087049786501,157,24,0.240729818436261,88.7418556079464,11.2581443920536
2009,3.75754602514762,0.752206984439497,66.120539420481,21.1448964466165,330.602697102405,158,24,0.249658924611683,88.54300296509,11.45699703491
2009,3.75710513776211,0.751967723324907,66.8220321973,21.2126261853586,334.1101609865,159,24,0.255571608949042,88.3454300851702,11.6545699148298
2009,3.75494130293572,0.751589783800416,67.5222487392993,21.2797402795714,337.611243696497,160,24,0.256317957685064,88.1492723620313,11.8507276379687
2009,3.75254520282337,0.751045258641802,68.2218774389808,21.3463152940701,341.109387194904,161,24,0.260116704462296,87.9545878941675,12.0454121058325
2009,3.74984430160634,0.750305887980964,68.9202610616379,21.4122989265482,344.601305308189,162,24,0.267474720468154,87.7616193092975,12.2383806907025
2009,3.74644514110633,0.749343010738086,69.6166264854065,21.4776295009155,348.083132427033,163,24,0.277322401134102,87.5706131349905,12.4293868650095
2009,3.74028352052441,0.748127881276438,70.3103358140474,21.5422595828478,351.551679070237,164,24,0.279062500828059,87.3817870341195,12.6182129658805
2009,3.73420033334029,0.746631468298863,71.0024577565309,21.6063003692205,355.012288782655,165,24,0.289221770805381,87.1950909559693,12.8049090440307
2009,3.71523246284993,0.744826702945432,71.6913238290412,21.6696093144806,358.456619145206,166,24,0.238951773516962,87.0109064423101,12.9890935576899
2009,3.70806986722373,0.742683305041014,72.386442619684,21.7330645802717,361.93221309842,167,24,0.258465199066215,86.8278771836524,13.1721228163476
2009,3.68981128110823,0.738237102651946,73.0762180471338,21.795613625948,365.381090235669,168,24,0.282002882945404,86.5369063554168,13.4630936445832
2009,3.65202457593288,0.730295682850127,73.7576257306962,21.8570011352341,368.788128653481,169,24,0.29542358169106,86.0403496670061,13.9596503329939
2009,3.60332487137666,0.720292247656533,74.4287831469775,21.917080013544,372.143915734888,170,24,0.305930966819681,85.3631780081237,14.6368219918763
2009,3.55396727378421,0.709681671539195,75.088090088379,21.9757315588472,375.440450441895,171,24,0.333253105818205,84.5344695472929,15.4655304527071
2009,3.50926754307124,0.699623372004674,75.7320517823482,22.0326725163264,378.660258911741,172,24,0.378739859454636,83.5843991055487,16.4156008944513
2009,3.46771039202183,0.690866823973366,76.3579666966161,22.0876952290149,381.78983348308,173,24,0.401375211087173,82.5412973831874,17.4587026168126
2009,3.43025692344711,0.683783340788229,76.971033502406,22.141284590485,384.85516751203,174,24,0.387795691309985,81.4288144644549,18.5711855355451
2009,3.40290460838111,0.678468385464241,77.5793157219541,22.1941625052374,387.89657860977,175,24,0.384595588551818,80.266175032667,19.733824967333
2009,3.38532941514331,0.674851194733586,78.1827573896985,22.2463348698164,390.913786948492,176,24,0.392073966404069,79.0705897350825,20.9294102649175
2009,3.37439377973519,0.672774166094349,78.781177919219,22.2977966816855,393.905889596095,177,24,0.390205386325446,77.8563174616924,22.1436825383076
2009,3.37227607020553,0.672047143281961,79.3777742998675,22.3488311304139,396.888871499337,178,24,0.406309993267954,76.6344564363088,23.3655435636913
2009,3.37451036946563,0.672481668546265,79.9707151031328,22.3992886687898,399.853575515664,179,24,0.40944160293565,75.4153324870243,24.5846675129757
2009,3.38192089337944,0.673903762026866,80.5634649816604,22.449470007047,402.817324908302,180,24,0.414586050956092,74.206616489889,25.793383510111
2009,3.39597651035796,0.676161078754199,81.1566561890245,22.4994317477336,405.783280945123,181,24,0.443055903489335,73.0154885390272,26.9845114609727
2009,3.40947147637088,0.679121094502514,81.746952213873,22.5488976152922,408.734761069365,182,24,0.432638542757205,71.8492433348611,28.1507566651389
2009,3.42711240161823,0.682668834081057,82.3420179791424,22.5985118390524,411.710089895712,183,24,0.433738744863599,70.7117316670875,29.2882683329125
2009,3.44949699636454,0.686702085192823,82.9403785942482,22.6481494327751,414.701892971241,184,24,0.457137653519592,69.6084613798886,30.3915386201114
2009,3.46851790009356,0.691125424867971,83.5385224919226,22.6975202200981,417.692612459613,185,24,0.429329814596446,68.5450185846905,31.4549814153095
2009,3.4962699715897,0.695853566389271,84.146017787399,22.7474113263468,420.730088936995,186,24,0.470810782909716,67.5231643079872,32.4768356920128
2009,3.52509841915651,0.700792850725599,84.7507522011372,22.7968269781814,423.753761005686,187,24,0.515805825684341,66.5500057625423,33.4499942374577
2009,3.54821927717866,0.705852361548621,85.3522377195193,22.8457339683515,426.761188597597,188,24,0.494013589788458,65.6293551363979,34.3706448636021
2009,3.56190407285158,0.710950349834937,85.962689812098,22.8951250373242,429.81344906049,189,24,0.387018606335119,64.7613685026083,35.2386314973917
2009,3.59719513726417,0.716006329490621,86.5972609983123,22.946209099717,432.986304991561,190,24,0.478988170849874,63.9457482710582,36.0542517289418
2009,3.6215692168156,0.720862428499995,87.2204783211676,22.9961258418833,436.102391605838,191,24,0.481597144694204,63.1982913754396,36.8017086245604
2009,3.64216886978034,0.725455499292679,87.8480301792293,23.0461392002332,439.240150896147,192,24,0.460434470115904,62.5146403447419,37.4853596552581
2009,3.66499021887534,0.729686380131595,88.4839152217053,23.096563329502,442.419576108526,193,24,0.478314831883853,61.8969394453172,38.1030605546828
2009,3.68441373671624,0.73343819497047,89.1207682233073,23.1468117089433,445.603841116537,194,24,0.486783568591165,61.3505650432345,38.6494349567655
2009,3.70642844631579,0.736602273637876,89.7597911849425,23.1969803831732,448.798955924713,195,24,0.554041504045891,60.878804714851,39.121195285149
2009,3.56237198090702,0.707080935237216,90.389743682155,23.2461938794096,451.948718410775,196,24,0.60741715702298,59.6991423253302,40.3008576746698
2009,3.56824352676955,0.708767758706637,90.980187489207,23.2921042961453,454.900937446035,197,24,0.577784357037728,59.3957521821716,40.6042478178284
2009,3.57272655963687,0.7095449515197,91.5777105951394,23.3383542423361,457.888552975697,198,24,0.587760323586113,59.179256566432,40.820743433568
2009,3.57138048799721,0.709650280535011,92.1741125779514,23.384308150195,460.870562889757,199,24,0.567963589959863,59.0131341903146,40.9868658096854
2009,3.56724510277362,0.709380740194517,92.7741814717439,23.4303359223601,463.870907358719,200,24,0.538519653228437,58.8608207918441,41.1391792081559
2009,3.56597196242138,0.708757519367267,93.3792879601367,23.4765404609589,466.896439800683,201,24,0.562841536956454,58.7193492934914,41.2806507065086
2009,3.56403205699912,0.707772626555779,93.9792503434085,23.5221466377551,469.896251717042,202,24,0.602706325942079,58.5912122024524,41.4087877975476
2009,3.55704795012222,0.706431287166148,94.5708261064525,23.5669170474993,472.854130532263,203,24,0.602743059889992,58.4771134046564,41.5228865953436
2009,3.54508710349338,0.70475726112928,95.1609715857407,23.611385150504,475.804857928703,204,24,0.562135995772934,58.3751474944642,41.6248525055358
2009,3.53576315294906,0.702771405066633,95.756819452644,23.6560883614008,478.78409726322,205,24,0.572896303857583,58.2834651717012,41.7165348282988
2009,3.52667470202368,0.700466612794696,96.3486225191899,23.7002966185475,481.743112595949,206,24,0.607158583963795,58.204710385202,41.795289614798
2009,3.51393328801703,0.697859567163822,96.9317268325738,23.743670351748,484.658634162869,207,24,0.615037215972661,58.1402303628382,41.8597696371618
2009,3.49871529949589,0.694974893317429,97.5106781046638,23.7865556202289,487.553390523319,208,24,0.60878749555908,58.0890318931762,41.9109681068238
2009,3.48336728883402,0.691834285536968,98.0878060486582,23.8291295619201,490.439030243291,209,24,0.617702770037868,58.050760251279,41.9492397487211
2009,3.46797908508972,0.688451661994737,98.6600508937898,23.8711712522328,493.300254468949,210,24,0.642939234340644,58.0264997981086,41.9735002018914
2009,3.44984007644429,0.684803817911538,99.2241397539154,23.9124477262659,496.120698769577,211,24,0.649095271400637,58.0204826007113,41.9795173992887
2009,3.27827976141835,0.650504830681572,99.7833381328353,23.9532052315867,498.916690664176,212,24,0.664579704574376,57.1508473859558,42.8491526140442
2010,3.54642560095869,0.709785871871605,54.5,19.9420239553624,272.5,141,24,0.216446427795584,91.5134951720086,8.48650482799139
2010,3.5458501683639,0.70973659529184,55.1659692492668,20.0155552771506,275.829846246334,142,24,0.217023964462342,91.3480624656275,8.65193753437248
2010,3.54287616399998,0.709682558500744,55.8317058967248,20.0884451290335,279.158529483624,143,24,0.207005918662241,91.1769605308008,8.82303946919925
2010,3.54289664318712,0.709632360864165,56.4988492205966,20.1608838178797,282.494246102983,144,24,0.210147999379904,91.0004657793161,8.99953422068388
2010,3.54359528849559,0.709594304854144,57.1653659566748,20.2326615703766,285.826829783374,145,24,0.216096037359617,90.819386662121,9.18061333787899
2010,3.54081537373248,0.709571874614711,57.8308304114615,20.3037464303883,289.154152057308,146,24,0.206211361353025,90.6350757506286,9.36492424937138
2010,3.54258767886687,0.709577695261988,58.4977132759817,20.3744131519971,292.488566379909,147,24,0.215842840700668,90.4462005555821,9.55379944441795
2010,3.54438823760109,0.709611671149518,59.1630216070424,20.4443557195204,295.815108035212,148,24,0.225365711767701,90.2544026165897,9.74559738341025
2010,3.54625117995481,0.709674404189445,59.8267826260837,20.5135914576498,299.133913130419,149,24,0.234880064941448,90.0602903476507,9.93970965234925
2010,3.54703902393085,0.709764335735203,60.4890103562655,20.5821357722192,302.445051781327,150,24,0.238628188448801,89.8643719200152,10.1356280799848
2010,3.75745002622997,0.75201730689301,61.1506428603914,20.6500981357873,305.753214301957,151,24,0.238485527039214,89.9524965237108,10.0475034762892
2010,3.7558510571924,0.752108608314958,61.8543827523884,20.7218255860709,309.271913761942,152,24,0.231087506738737,89.7513246545412,10.2486753454588
2010,3.75377038819755,0.752203310441401,62.5592786933165,20.7931029308989,312.796393466582,153,24,0.221703546326122,89.5492581871857,10.4507418128143
2010,3.75492076723892,0.752293730431557,63.2656313050783,20.8639682689015,316.328156525391,154,24,0.226824112978495,89.3476480769139,10.6523519230861
2010,3.75649381103488,0.752362696002367,63.9711856526659,20.9342051280333,319.85592826333,155,24,0.234481929397864,89.1468370930736,10.8531629069264
2010,3.76161354023559,0.7523879909309,64.6755185825544,21.0037839276549,323.377592912772,156,24,0.261114817348003,88.9464911023423,11.0535088976577
2010,3.75738510982068,0.752349900302202,65.3755441739081,21.0724158857717,326.877720869541,157,24,0.243154436401883,88.7473595833352,11.2526404166648
2010,3.76119083121451,0.752223023530644,66.0783112175405,21.1408033262492,330.391556087702,158,24,0.267771934365025,88.5486342107275,11.4513657892725
2010,3.7579351523609,0.751984949109448,66.7769106767634,21.2082846157486,333.884553383817,159,24,0.259224344132425,88.3515753005556,11.6484246994444
2010,3.75729769518376,0.75160736585608,67.4765630385105,21.2753762447792,337.382815192553,160,24,0.267953445626597,88.1555805784045,11.8444194215955
2010,3.75487594163718,0.751063698690562,68.1743363070755,21.3418065007718,340.871681535378,161,24,0.271767602966195,87.9612590510533,12.0387409489467
2010,3.74947907946933,0.750325207629234,68.8708563227939,21.4076464994947,344.35428161397,162,24,0.264884052382024,87.7686578472114,12.2313421527886
2010,3.74682829971313,0.749362306473124,69.5676673003295,21.4730512448638,347.838336501648,163,24,0.278750062001732,87.5776641452784,12.4223358547216
2010,3.74156703165793,0.748147400167983,70.2611682125115,21.5376935079634,351.305841062558,164,24,0.285566788116505,87.3889522562293,12.6110477437707
2010,3.7333729318094,0.746651537870559,70.95224651037,21.6016690880901,354.76123255185,165,24,0.283760645536768,87.2025015115854,12.7974984884146
2010,3.7274084836419,0.744846512316897,71.6420398750617,21.6650940816016,358.210199375308,166,24,0.304020069024483,87.0182552300139,12.9817447699861
2010,3.71657284302335,0.742707546618876,72.3265807745029,21.7276167308495,361.632903872514,167,24,0.3055482908523,86.8369707419179,13.1630292580821
2010,3.69062581125656,0.73826478279331,73.0086408968421,21.7895039387176,365.04320448421,168,24,0.285662809135082,86.5473789425528,13.4526210574472
2010,3.65309357495199,0.730324101605923,73.6894803506905,21.8508798022571,368.447401753452,169,24,0.300835572037904,86.0512207176346,13.9487792823654
2010,3.60306054687778,0.720321581136661,74.359770065708,21.9109197451205,371.79885032854,170,24,0.303117654222469,85.3746202960239,14.6253797039761
2010,3.54643830706335,0.709711176705827,75.0195877548794,21.969654382628,375.097938774397,171,24,0.283480802298035,84.5463462104399,15.4536537895601
2010,3.49094045668992,0.699649304469234,75.6719991015065,22.0273767847471,378.359995507533,172,24,0.255568203325532,83.5953293057644,16.4046706942356
2010,3.45192287882241,0.690883609294174,76.3188838310861,22.0842687665079,381.59441915543,173,24,0.284999626716086,82.5488222085819,17.4511777914181
2010,3.41877393526824,0.683791597612064,76.95206886256,22.1396313217654,384.7603443128,174,24,0.301684510951062,81.4327869477704,18.5672130522296
2010,3.39568080223562,0.678470826710567,77.5752770294307,22.1938123766703,387.876385147153,175,24,0.328119407871041,80.267348497345,19.732651502655
2010,3.37954260188554,0.674850473954283,78.1885692405084,22.2468359840682,390.942846202542,176,24,0.345134443194121,79.0698198736305,20.9301801263695
2010,3.370080775658,0.672771640928994,78.7952202096714,22.2990009867662,393.976101048357,177,24,0.354836627652395,77.8538237470434,22.1461762529566
2010,3.37008513095468,0.67204426289931,79.3980274843834,22.3505589431234,396.990137421917,178,24,0.387263537265093,76.6305951788769,23.3694048211231
2010,3.37136002156937,0.672479824238923,79.9943390063879,22.4012935851492,399.97169503194,179,24,0.382027405543568,75.4107033601805,24.5892966398195
2010,3.37874412447423,0.673903475304569,80.5919411893447,22.4518742739622,402.959705946723,180,24,0.386609419896899,74.2008425184689,25.7991574815311
2010,3.38975763241398,0.67616331470525,81.1900917871401,22.5022402851813,405.950458935701,181,24,0.386392897176618,73.0085113136845,26.9914886863155
2010,3.40351294371208,0.679127449121292,81.7904759290012,22.5525349662068,408.952379645006,182,24,0.379558670864121,71.8397530981591,28.1602469018409
2010,3.42404535924832,0.682681375174676,82.3949650057761,22.6029142307288,411.974825028881,183,24,0.405327718648871,70.6998357755354,29.3001642244646
2010,3.44393049101915,0.686721623718578,82.9983932115599,22.6529488042662,414.9919660578,184,24,0.404534526812961,69.5952438471931,30.404756152807
2010,3.46553812637318,0.691155098621905,83.6059430637772,22.7030696453737,418.029715318886,185,24,0.401606471023178,68.5293443123932,31.4706556876068
2010,3.48804687954455,0.695893183711238,84.2183854236263,22.7533378325558,421.091927118131,186,24,0.393453742745252,67.5061951709074,32.4938048290926
2010,3.51322799171781,0.700849529406608,84.8369447918045,22.8038501448924,424.184723959023,187,24,0.398749823743651,66.5293891372535,33.4706108627465
2010,3.53899416831679,0.70593501356183,85.4594651600471,22.8544274183996,427.297325800235,188,24,0.403530331231874,65.6031431058,34.3968568942
2010,3.56485866045938,0.711059353930539,86.0861659633137,22.9050856235344,430.430829816568,189,24,0.407495484028978,64.7308352663154,35.2691647336847
2010,3.59339330166871,0.716108027451823,86.7172292085202,22.9558373966953,433.586146042601,190,24,0.43838325540365,63.918362198671,36.081637801329
2010,3.62162732090207,0.72098156978988,87.3478036392667,23.0062933899373,436.739018196334,191,24,0.476791366674283,63.1691939760493,36.8308060239507
2010,3.65270632439636,0.725584628173911,87.9763244164494,23.056333055481,439.881622082247,192,24,0.564643918055773,62.4856024056582,37.5143975943418
2010,3.67151478606657,0.729798079901824,88.5934710344938,23.1052253104008,442.967355172469,193,24,0.540700721854406,61.8733446199634,38.1266553800366
2010,3.69084667897388,0.733538710610674,89.2191482120016,23.1545516577618,446.095741060008,194,24,0.549476392028051,61.3303880696429,38.6696119303571
2010,3.71370639790434,0.736688635143051,89.8469158877833,23.2038011019779,449.234579438916,195,24,0.636676242672835,60.8620809914095,39.1379190085905
2010,3.56401502773691,0.707175442874394,90.4617939932925,23.2518073832081,452.308969966462,196,24,0.62290201365593,59.6840251625924,40.3159748374075
2010,3.57069662617582,0.708858896691643,91.0494668428722,23.2974775402959,455.247334214361,197,24,0.602846339010295,59.3816714063303,40.6183285936698
2010,3.56570058280907,0.709629593170849,91.6424655961347,23.3433538144006,458.212327980673,198,24,0.502965455598609,59.1665141320828,40.8334858679172
2010,3.56935456415581,0.709760518294437,92.2544188713713,23.390480057402,461.272094356857,199,24,0.538395547956463,58.9965099464461,41.0034900535539
2010,3.57462357074213,0.709499802615049,92.8599930055211,23.4369010499745,464.299965027606,200,24,0.621281732710554,58.8430393105227,41.1569606894773
2010,3.56911387651079,0.708850555540581,93.4500192603146,23.4819277048607,467.250096301573,201,24,0.595693286973775,58.7058915004282,41.2941084995718
2010,3.56624316855264,0.707854851461088,94.0440366902551,23.5270592244102,470.220183451275,202,24,0.626245964757005,58.5796301602173,41.4203698397827
2010,3.55629984749834,0.706505471417628,94.6313439265454,23.5714860153471,473.156719632727,203,24,0.588946989537862,58.4669552432198,41.5330447567802
2010,3.54339110494573,0.704834927006467,95.2240962826229,23.6161302748289,476.120481413114,204,24,0.53816653510432,58.3646049793214,41.6353950206786
2010,3.53549380137386,0.702855541066617,95.8243959210338,23.6611460023702,479.121979605169,205,24,0.56485197046798,58.2720669868554,41.7279330131446
2010,3.52552564912552,0.700552233844981,96.4177507604971,23.7054482084473,482.088753802485,206,24,0.587425948251324,58.1932250058625,41.8067749941376
2010,3.51296925492476,0.697950120118194,97.0045683928547,23.7490758223044,485.022841964273,207,24,0.597025346197738,58.1281039193494,41.8718960806506
2010,3.49820227932626,0.695069733466939,97.586925545664,23.7921903411217,487.93462772832,208,24,0.596359274843428,58.0763558266442,41.9236441733558
2010,3.47952102314792,0.691931645313782,98.1664325576139,23.8349162081483,490.83216278807,209,24,0.563017761150606,58.0378113520321,41.9621886479679
2010,3.46063340918751,0.688563497700366,98.7488409365069,23.8776792375114,493.744204682535,210,24,0.542254383487572,58.0112864229318,41.9887135770682
2010,3.44576178922057,0.684878913237596,99.3315927350806,23.9202919034234,496.657963675403,211,24,0.589624865736978,58.0060005634975,41.9939994365025
2010,3.27614143708788,0.650648734582019,99.9018634439158,23.9618235608581,499.509317219579,212,24,0.622988564366874,57.1293002830004,42.8706997169997
2011,3.5465674238352,0.709785871871605,54.5,19.9420239553624,272.5,141,24,0.217091218594351,91.5134951720086,8.48650482799139
2011,3.54556056145055,0.709736600792059,55.1658686556823,20.0155442172045,275.829343278412,142,24,0.21570920199534,91.3480764101124,8.65192358988757
2011,3.54425069172688,0.70968255040901,55.8318103345637,20.0884565160272,279.159051672818,143,24,0.213061934228306,91.1769459477318,8.82305405226821
2011,3.54365654655419,0.709632443761853,56.4980173605231,20.1607938663541,282.490086802616,144,24,0.213520591615159,91.000582814059,8.99941718594095
2011,3.54089989537167,0.709594468854336,57.1640115617393,20.2325163073809,285.820057808697,145,24,0.20420806518011,90.8195786899948,9.18042131000522
2011,3.54669351637299,0.709571806101432,57.8313145373633,20.3037979366304,289.156572686817,146,24,0.233279963363562,90.6350065759661,9.36499342403385
2011,3.54475478074771,0.709578300630952,58.493959308106,20.3740169355096,292.46979654053,147,24,0.225857044904503,90.4467411884899,9.55325881151014
2011,3.54935643830779,0.709612629873329,59.157698234328,20.4437982647517,295.78849117164,148,24,0.250079902697261,90.2551753264538,9.74482467354624
2011,3.5489339957395,0.70967623969836,59.8175100787675,20.51262795119,299.087550393838,149,24,0.248399430607894,90.0616468345858,9.93835316541422
2011,3.54774599654905,0.709766793257269,60.4775705421358,20.5809561373195,302.387852710679,150,24,0.242094564921905,89.8660583494796,10.1339416505204
2011,3.75885484142322,0.752020492760034,61.1386512217413,20.6488709357289,305.693256108706,151,24,0.245095342908745,89.9542308800147,10.0457691199853
2011,3.75699239849856,0.752112289532448,61.8413501758515,20.7205024461544,309.206750879258,152,24,0.236241889588238,89.7532236037491,10.2467763962509
2011,3.759705762513,0.75220743503647,62.5454435800903,20.7917093575833,312.727217900452,153,24,0.249192180288368,89.5512885835734,10.4487114164266
2011,3.76152240118897,0.752299403686154,63.2474856203666,20.862154709014,316.237428101833,154,24,0.258274446763652,89.3503293502488,10.6496706497512
2011,3.76589868645901,0.752370233025786,63.9480703395461,20.9319126107904,319.74035169773,155,24,0.282149507943021,89.1502750149786,10.8497249850214
2011,3.76541119913679,0.752398402259976,64.6447508789652,21.0007555448106,323.223754394826,156,24,0.281094672083832,88.9510957344018,11.0489042655982
2011,3.77396037200873,0.752361789691277,65.3415402421564,21.069093936903,326.707701210782,157,24,0.336998897596212,88.7524787941996,11.2475212058004
2011,3.76803983612306,0.752240821871835,66.028853691998,21.1360071591545,330.14426845999,158,24,0.305918798967402,88.556121932782,11.443878067218
2011,3.76827374802712,0.752005513938496,66.7211939564395,21.2029207593363,333.605969782198,159,24,0.317240119717761,88.3600555787479,11.6399444212521
2011,3.78251548691015,0.751631988102766,67.4113113298239,21.2691396338027,337.056556649119,160,24,0.440129343403035,88.1655619147896,11.8344380852104
2011,3.78160472719941,0.751100099261156,68.0796935291195,21.3328240671381,340.398467645598,161,24,0.459435428115203,87.975804808788,12.024195191212
2011,3.77812597542379,0.750374791888821,68.7440265786147,21.3956923266681,343.720132893074,162,24,0.464628070077063,87.7882369381913,12.2117630618087
2011,3.76359710792032,0.749426144687792,69.4066193168837,21.4579755148963,347.033096584418,163,24,0.385763652184191,87.6026284495294,12.3973715504706
2011,3.75439697631968,0.748219210185848,70.0820728528381,21.5210425055837,350.41036426419,164,24,0.365242009948801,87.4168203262144,12.5831796737856
2011,3.74239015765626,0.746729420388585,70.7597839402212,21.5838959355143,353.798919701106,165,24,0.336286534536101,87.2325554317384,12.7674445682616
2011,3.73391271891169,0.744928490244511,71.4408776528831,21.6466417798806,357.204388264415,166,24,0.342622168316978,87.0497695541193,12.9502304458807
2011,3.72312801841379,0.742792560838278,72.1190012606628,21.7087011552339,360.595006303314,167,24,0.344694471580507,86.8695870854545,13.1304129145455
2011,3.70282064807101,0.738353357974455,72.7945456492609,21.7701214075597,363.972728246305,168,24,0.361191503967042,86.5813562628191,13.4186437371809
2011,3.661995243329,0.730419591955838,73.4627209972075,21.8304821121461,367.313604986037,169,24,0.356305118975532,86.0880290134543,13.9119709865457
2011,3.60981391529367,0.720422729971633,74.1237000918877,21.889817412937,370.618500459438,170,24,0.344009987098601,85.4141878937,14.5858121063
2011,3.55579575939328,0.709816263902012,74.77669320542,21.9480748010111,373.8834660271,171,24,0.34028550440676,84.5886444740837,15.4113555259163
2011,3.50552340178124,0.699758099593084,75.4196185600014,22.0050885883469,377.098092800007,172,24,0.343609489703021,83.6411406743267,16.3588593256733
2011,3.46288835798292,0.690996287117654,76.0518153708975,22.0608216189591,380.259076854487,173,24,0.355594463429042,82.5993985275882,17.4006014724118
2011,3.42487248083234,0.683904285306411,76.6730786678475,22.1152770825807,383.365393339237,174,24,0.339324737849981,81.4878674430128,18.5121325569872
2011,3.4023072816896,0.678578171632427,77.2899829991745,22.1690470127009,386.449914995873,175,24,0.373909355926659,80.3259592232752,19.6740407767248
2011,3.3832912798946,0.674949693992071,77.895447305791,22.2215297466123,389.477236528955,176,24,0.369683877582244,79.1323255005845,20.8676744994155
2011,3.37523372063169,0.672857948390715,78.4979432389351,22.2734736976802,392.489716194675,177,24,0.392710791585323,77.9194329630257,22.0805670369743
2011,3.37423246265605,0.67211466965733,79.0942116594305,22.324607882249,395.471058297152,178,24,0.419925277215399,76.6997830712535,23.3002169287465
2011,3.37616529486888,0.672530259852331,79.6848260186196,22.3749930096097,398.424130093098,179,24,0.421222351182776,75.4832128958798,24.5167871041201
2011,3.37992287048829,0.673930137725429,80.2755563119732,22.4251283366853,401.377781559866,180,24,0.394395291409995,74.2768616519088,25.7231383480912
2011,3.3943249276409,0.676162128118998,80.8723918942129,22.4755213601098,404.361959471064,181,24,0.425986470920526,73.0865757726069,26.9134242273931
2011,3.40747715851815,0.679094915731793,81.4657774560528,22.5253667769831,407.328887280264,182,24,0.41418230370024,71.9211217348801,28.0788782651199
2011,3.42539250444845,0.682613822524629,82.064141723565,22.5753748283871,410.320708617825,183,24,0.419159003912778,70.7841655171335,29.2158344828665
2011,3.44206878396876,0.686616802171137,82.6650805748562,22.6253429213973,413.325402874281,184,24,0.391723733010845,69.6814612755112,30.3185387244888
2011,3.46665459538284,0.691012771984665,83.2748280499302,22.6757853534877,416.374140249651,185,24,0.416435845871845,68.6160580830231,31.3839419169769
2011,3.49239615251172,0.695709996436828,83.8845358674371,22.7259677601569,419.422679337186,186,24,0.439003941820593,67.5945270197179,32.4054729802821
2011,3.51821740786244,0.700620494006269,84.4948634521191,22.7759472139042,422.474317260596,187,24,0.452832857377904,66.6206558025915,33.3793441974085
2011,3.5441506164579,0.705656797079237,85.1075740199355,22.825869354695,425.537870099678,188,24,0.461817541003854,65.6976437017894,34.3023562982106
2011,3.56702122095732,0.710729370133418,85.7236581838981,22.8758144381808,428.61829091949,189,24,0.439930258071919,64.8286662221877,35.1713337778123
2011,3.60301401246466,0.715729853811684,86.3486771424533,22.9262288594038,431.743385712267,190,24,0.55517215188035,64.0181611335507,35.9818388664493
2011,3.62304292156743,0.720538515378521,86.9578286376138,22.9751192575175,434.789143188069,191,24,0.512215412350435,63.2750164233989,36.7249835766011
2011,3.64269610498892,0.725092978519213,87.5795594532203,23.024773741231,437.897797266102,192,24,0.481975439039974,62.593358825573,37.406641174427
2011,3.66020262994597,0.729288479528694,88.2112500805737,23.0749726829235,441.056250402868,193,24,0.450719569872864,61.9771249697344,38.0228750302656
2011,3.67894461042747,0.733019430257406,88.8526733825974,23.1256893416614,444.263366912987,194,24,0.453518529667265,61.4297600746078,38.5702399253922
2011,3.6967509040785,0.736168231129002,89.4972644554449,23.1764000516209,447.486322277224,195,24,0.475009712749794,60.9566743854943,39.0433256145057
2011,3.55047732551394,0.706665068563657,90.1410968587865,23.2267975992005,450.705484293933,196,24,0.49303538753172,59.7712089162397,40.2287910837603
2011,3.56240371249077,0.708373468264498,90.7520469684669,23.2743897401777,453.760234842335,197,24,0.531756757042469,59.4622159298566,40.5377840701434
2011,3.56473152514711,0.709157829296448,91.3576160474905,23.3213428496688,456.788080237453,198,24,0.516710373486905,59.2433015330267,40.7566984669733
2011,3.56371019985098,0.709279965840447,91.9666373984877,23.3683453626599,459.833186992439,199,24,0.501890140745477,59.0737063159312,40.9262936840688
2011,3.5628434658692,0.709027158774023,92.5783950862539,23.415341159962,462.891975431269,200,24,0.508795788066953,58.9182215288662,41.0817784711338
2011,3.56116334111767,0.708410705988808,93.1885739725845,23.4620005583998,465.942869862922,201,24,0.526882261432474,58.7753840278675,41.2246159721325
2011,3.55348951881126,0.707435573079969,93.7947744835932,23.5081453529414,468.973872417966,202,24,0.49955503008009,58.6456039262693,41.3543960737307
2011,3.54876116263739,0.706125534887992,94.4048799800173,23.5543780007371,472.024399900087,203,24,0.522084198864836,58.5266530038301,41.4733469961699
2011,3.53955356852836,0.704476708794317,95.0095072804053,23.5999905265748,475.047536402027,204,24,0.514577906049508,58.4209539679433,41.5790460320567
2011,3.52859690865913,0.702506600031102,95.6137670285658,23.6453736437433,478.068835142829,205,24,0.505661707091479,58.3271695282169,41.6728304717831
2011,3.51942910310833,0.700223758067404,96.2175905529881,23.6905247520524,481.087952764941,206,24,0.53359582582066,58.2454019886277,41.7545980113723
2011,3.50448078142653,0.697640952699371,96.8139647059677,23.7349253971219,484.069823529838,207,24,0.51413025167098,58.1776208822729,41.8223791177271
2011,3.4879302189291,0.69478860283023,97.4112128013968,23.7792004709033,487.056064006984,208,24,0.492572198114892,58.1218537784519,41.8781462215481
2011,3.47458937216323,0.691684368219,98.0094319479257,23.8233582738243,490.047159739629,209,24,0.519396104465243,58.0783328289193,41.9216671710807
2011,3.46443696214873,0.688332540061816,98.5995867279628,23.8667371133293,492.997933639814,210,24,0.602992519707705,58.0496861601191,41.9503138398809
2011,3.44374039328134,0.684635561759173,99.1709598287111,23.9085633471983,495.854799143555,211,24,0.578752923402972,58.0471999596462,41.9528000403538
2011,3.27042731669808,0.65040734706955,99.743009744733,23.950271207275,498.715048723665,212,24,0.561330702356114,57.1702130959022,42.8297869040978
2012,3.54566199630089,0.709785871871605,54.5,19.9420239553624,272.5,141,24,0.21300750900198,91.5134951720086,8.48650482799139
2012,3.54410406763681,0.709736566033382,55.1665043120939,20.0156141053779,275.83252156047,142,24,0.209221526893777,91.3479882941984,8.65201170580156
2012,3.54189192595065,0.709682423177473,55.8334522252577,20.0886355315578,279.167261126289,143,24,0.202783703192223,91.1767166845118,8.82328331548815
2012,3.54307197202596,0.709632122253024,56.5012431388523,20.1611426742927,282.506215694261,144,24,0.210934650423485,91.0001289792661,8.99987102073392
2012,3.54455447815529,0.709594029737913,57.1676376021092,20.2329052059058,285.838188010546,145,24,0.220501871778494,90.8190645867091,9.18093541329092
2012,3.54187254618131,0.709571650677706,57.8324127195126,20.3039147713135,289.162063597563,146,24,0.210845611349172,90.6348496617619,9.36515033823814
2012,3.54359055840762,0.709577555446768,58.4985801623016,20.3745046459067,292.492900811508,147,24,0.220438151239798,90.4460757104655,9.55392428953452
2012,3.54529725936203,0.709611644419974,59.1631700035534,20.4443712588563,295.815850017767,148,24,0.229705835873538,90.2543810763637,9.74561892363631
2012,3.54537621869492,0.70967451067231,59.8262448014721,20.5135355753659,299.131224007361,149,24,0.230604169889187,90.0603690254777,9.93963097452226
2012,3.54585271472107,0.709764305145737,60.4891527209168,20.5821504514004,302.445763604584,150,24,0.232765054873111,89.864350933282,10.135649066718
2012,3.7561562450914,0.752017020513701,61.1517205892156,20.6502084201617,305.758602946078,151,24,0.232464925027435,89.9523406538945,10.0476593461055
2012,3.75656322893936,0.752108036760772,61.8564058397897,20.7220309637739,309.282029198949,152,24,0.234387404908479,89.7510298804964,10.2489701195036
2012,3.75699628917406,0.752202861531286,62.5607842243088,20.7932545659803,312.803921121544,153,24,0.23633457290018,89.5490372447773,10.4509627552227
2012,3.75936656384618,0.752293972931308,63.2648558021919,20.8638907691336,316.324279010959,154,24,0.247675005295493,89.3477626654446,10.6522373345554
2012,3.76069370202881,0.752364018875677,63.9671291354086,20.93380285487,319.835645677043,155,24,0.254754347528755,89.1474404002187,10.8525595997813
2012,3.75960394529023,0.752390451714444,64.66824758624,21.0030683535397,323.3412379312,156,24,0.250852532037589,88.9475792302931,11.0524207697068
2012,3.76178026380196,0.752351865782662,65.3699237655762,21.0718668938514,326.849618827881,157,24,0.26517804362121,88.7482056895893,11.2517943104107
2012,3.76187139871269,0.75222631557745,66.0691651592672,21.1399165714975,330.345825796336,158,24,0.271284545010441,88.5500188196896,11.4499811803104
2012,3.76258892538305,0.751988534591293,66.7671982797134,21.2073498264716,333.835991398567,159,24,0.284107414923607,88.3530534663903,11.6469465336097
2012,3.75722132404347,0.751612558310566,67.4628048600688,21.2740616189684,337.314024300344,160,24,0.267367412553627,88.1576849688541,11.8423150311459
2012,3.75643001051967,0.751068952161715,68.1606801776168,21.3405109505196,340.803400888084,161,24,0.280078484557223,87.9633576365206,12.0366423634794
2012,3.75713975002124,0.750331076248923,68.8558489526019,21.4062328000765,344.279244763009,162,24,0.308131636550996,87.7709742102949,12.2290257897051
2012,3.75349080325437,0.7493710786244,69.545542688208,21.470981598316,347.72771344104,163,24,0.317839376685544,87.581093030849,12.418906969151
2012,3.74878033455987,0.748158873749142,70.232558456323,21.5350355648655,351.162792281615,164,24,0.329158354310525,87.3934030958344,12.6065969041656
2012,3.74251647258695,0.746666061241463,70.9163613978197,21.5983577914302,354.581806989098,165,24,0.339875922702218,87.2081038567123,12.7918961432877
2012,3.72606364655229,0.744864965933193,71.5967608052981,21.6609438544363,357.983804026491,166,24,0.295262361452668,87.0253470801666,12.9746529198334
2012,3.71633263195788,0.742725483697335,72.2827847950725,21.7236289973515,361.413923975363,167,24,0.303386999560797,86.8438506051602,13.1561493948398
2012,3.70005555454555,0.738282741623891,72.9652296569566,21.7855770251641,364.826148284783,168,24,0.344697990998963,86.5542666206396,13.4457333793604
2012,3.6617357018748,0.730346555156324,73.6361485667469,21.8460863857151,368.180742833735,169,24,0.357755438242076,86.0598753662508,13.9401246337492
2012,3.61313716600859,0.72034855795459,74.2967834330535,21.9052939325278,371.483917165268,170,24,0.372001865693984,85.3851744797887,14.6148255202113
2012,3.56120578613602,0.709743496048513,74.9448404671291,21.9630187718352,374.724202335645,171,24,0.384793182197022,84.5593591088603,15.4406408911397
2012,3.51606479604321,0.699688955116675,75.5799439036378,22.0192532293081,377.899719518189,172,24,0.433920060026488,83.6120339674829,16.3879660325171
2012,3.47205474228133,0.690935327000736,76.1961845045901,22.073503551051,380.980922522951,173,24,0.436763319049039,82.572051921747,17.427948078253
2012,3.43846844042285,0.683851722789692,76.8030450798662,22.1266300738016,384.015225399331,174,24,0.459444047875344,81.4622004316319,18.5377995683681
2012,3.41194856673444,0.678537207360902,77.3986426545301,22.1784868724411,386.99321327265,175,24,0.464597505418235,80.3036274398999,19.6963725601001
2012,3.3936145357988,0.674918310585053,77.9878957744662,22.2295182996356,389.939478872331,176,24,0.466272966573533,79.1126023467599,20.8873976532401
2012,3.38723636714923,0.672836024751797,78.5731369379296,22.2799369671822,392.865684689648,177,24,0.513802282992037,77.9028284509608,22.0971715490392
2012,3.38273681156056,0.672102216740403,79.1475862357048,22.3291720072902,395.737931178524,178,24,0.507943581784881,76.6876200656785,23.3123799343215
2012,3.38655225180616,0.672524082835882,79.7222968069054,22.3781808385886,398.611484034527,179,24,0.530673638102362,75.4744280027857,24.5255719972143
2012,3.39519176047096,0.673928609254555,80.2932135085963,22.4266229406843,401.466067542981,180,24,0.552793151589639,74.2726154021126,25.7273845978874
2012,3.40662408625761,0.676162117264868,80.8614229423574,22.4745975532015,404.307114711787,181,24,0.558406632613251,73.0892737229634,26.9107262770366
2012,3.4201882020385,0.679091523058599,81.4307845317669,22.5224343447684,407.153922658835,182,24,0.547292981920329,71.9299008263846,28.0700991736154
2012,3.43460999078633,0.682601982526857,82.0050696264843,22.570449230434,410.025348132421,183,24,0.51285597487423,70.799242723231,29.200757276769
2012,3.45417044787369,0.686593230656506,82.5891138997849,22.6190402975689,412.945569498925,184,24,0.510186236885081,69.7011386666937,30.2988613333063
2012,3.4753303563807,0.690971426224757,83.1775909642733,22.6677585360057,415.887954821366,185,24,0.503803700722638,68.6415609962864,31.3584390037135
2012,3.49887987430085,0.695648579407064,83.7715626940112,22.7166886612653,418.857813470056,186,24,0.507137713308469,67.6244660361771,32.3755339638228
2012,3.52374696054839,0.700537293621346,84.3695630748175,22.765706997296,421.847815374088,187,24,0.513230320281364,66.6541431956757,33.3458568043243
2012,3.55110858018886,0.705549872598229,84.9713032848227,22.814788066386,424.856516424114,188,24,0.540251317512263,65.7343065211616,34.2656934788384
2012,3.58046920530899,0.710593292955886,85.5730959185739,22.8636317235846,427.86547959287,189,24,0.590669949686455,64.8693789041453,35.1306210958547
2012,3.60575518042119,0.715548452420675,86.1706606922536,22.9118959156503,430.853303461268,190,24,0.598043076261252,64.066468528891,35.933531471109
2012,3.63352980427213,0.720328576820085,86.7717913254098,22.9602133211577,433.858956627049,191,24,0.649099860916934,63.3256142912201,36.67438570878
2012,3.65252272960647,0.724832865012654,87.3682481321812,23.007925019809,436.841240660906,192,24,0.604639082133837,62.65088855371,37.34911144629
2012,3.67371404961126,0.728978633841773,87.9773778260746,23.0564167131875,439.886889130373,193,24,0.611805413804211,62.0407846314502,37.9592153685498
2012,3.69166912369736,0.73264851607768,88.5892936568377,23.104895164867,442.946468284188,194,24,0.608534357065786,61.5013613210595,38.4986386789405
2012,3.70768981429838,0.735736476867288,89.2054351109512,23.1534731499298,446.027175554756,195,24,0.617664171467348,61.0358333665338,38.9641666334662
2012,3.56016865962152,0.70616139137356,89.8229343203075,23.2019241205009,449.114671601537,196,24,0.636156519612573,59.8579368006889,40.1420631993111
2012,3.56634056774467,0.707813543573405,90.4072096594162,23.2475549555132,452.036048297081,197,24,0.611065707609627,59.5558550851933,40.4441449148067
2012,3.56878650832757,0.708564783758595,90.9977168454592,23.2934641266155,454.988584227296,198,24,0.597164395425748,59.340584324782,40.659415675218
2012,3.56804205759881,0.708656699647817,91.5914718891006,23.3394169236315,457.957359445503,199,24,0.585190975161569,59.1746241724857,40.8253758275143
2012,3.56576220900115,0.708374342716259,92.1874503136405,23.3853334758607,460.937251568203,200,24,0.577658488351081,59.0228923943569,40.9771076056431
2012,3.57864901041726,0.707734235038443,92.7844560441948,23.4311222154199,463.922280220974,201,24,0.814747344028405,58.8830982003537,41.1169017996463
2012,3.57094513933899,0.706668956511311,93.3365973563675,23.4732875580446,466.682986781838,202,24,0.779533522408725,58.7672298573937,41.2327701426063
2012,3.5584613528737,0.705273492322206,93.8942177749287,23.5156952474086,469.471088874644,203,24,0.698322899687551,58.661679135152,41.338320864848
2012,3.5457669027082,0.703573783639816,94.4655597710445,23.5589648036351,472.327798855223,204,24,0.643079865286349,58.5642360749599,41.4357639250401
2012,3.53638597965412,0.701570408808407,95.0453863852769,23.6026908468506,475.226931926384,205,24,0.656037172243545,58.4763382215489,41.5236617784511
2012,3.5246800709923,0.699250031666487,95.6207191161591,23.645894617736,478.103595580795,206,24,0.658989631689616,58.4014973024908,41.5985026975092
2012,3.51437075298539,0.696639940013196,96.1930933594116,23.6886968154296,480.965466797058,207,24,0.703586903536653,58.3394468232791,41.6605531767209
2012,3.50050682819054,0.693744361299957,96.7544588201038,23.7305037009687,483.772294100519,208,24,0.718139572928937,58.2924784265808,41.7075215734192
2012,3.49252974751503,0.690590025924618,97.3101132447409,23.7717191075437,486.550566223704,209,24,0.855979236241773,58.2594419294032,41.7405580705968
2012,3.46864706435065,0.687160019644386,97.8365761072251,23.8106181885402,489.182880536126,210,24,0.746071969896567,58.2467007739659,41.7532992260342
2012,3.44903123265687,0.683446373398615,98.3802164259805,23.8506336657735,491.901082129902,211,24,0.735157196631042,58.2507692378936,41.7492307621064
2012,3.27666008042727,0.649168648702857,98.9220874167094,23.8903658375129,494.610437083547,212,24,0.742175612339402,57.3824678981764,42.6175321018236
2013,3.54647054308903,0.709785871871605,54.5,19.9420239553624,272.5,141,24,0.216650547447845,91.5134951720086,8.48650482799139
2013,3.54584285183718,0.709736597032546,55.1659374137624,20.0155517769392,275.829687068812,142,24,0.216990523598083,91.3480668787288,8.65193312127123
2013,3.54652336395762,0.709682560562477,55.8316792861869,20.0884422276495,279.158396430934,143,24,0.223464683023253,91.1769642465361,8.82303575346389
2013,3.54665464406731,0.709632618830298,56.4962602972658,20.1606038667983,282.481301486329,144,24,0.227371548965861,91.0008300168004,8.99916998319958
2013,3.54632736470667,0.709594944318545,57.1600839326639,20.2320950435954,285.800419663319,145,24,0.228811996863729,90.8201355579485,9.17986444205149
2013,3.55156479482816,0.709572904396101,57.8235516303902,20.302972003329,289.117758151951,146,24,0.258324955191566,90.636115794268,9.36388420573203
2013,3.55007241565151,0.709580202203107,58.4821616889715,20.3727716280115,292.410808444857,147,24,0.252423313576279,90.448440272152,9.55155972784795
2013,3.54896609241426,0.709615518352644,59.1416509375152,20.4421176068437,295.708254687576,148,24,0.247912302406732,90.2575047220238,9.74249527797623
2013,3.54824767289215,0.709679344229596,59.8018183034387,20.5109971883031,299.009091517193,149,24,0.244718615324515,90.0639424681456,9.9360575318544
2013,3.54660631916888,0.709770033959252,60.4624777382619,20.5793995805216,302.31238869131,150,24,0.236249473105111,89.8682833705228,10.1317166294772
2013,3.75611631299522,0.752024251046259,61.1244995748863,20.647422468968,305.622497874432,151,24,0.23203319917832,89.9562777078034,10.0437222921966
2013,3.75555879686812,0.752115702546795,61.8292633254398,20.7192751479203,309.146316627199,152,24,0.229519446860199,89.7549848105038,10.2450151894962
2013,3.75763666252646,0.752210722190338,62.5344145642532,20.7905982809131,312.672072821266,153,24,0.239082786167217,89.5529072189415,10.4470927810585
2013,3.7589049435943,0.752302348388696,63.2380647274209,20.8612130003411,316.190323637104,154,24,0.245137090006359,89.3517214670077,10.6482785329923
2013,3.75880025391413,0.752372618204423,63.9407534842892,20.9311868235809,319.703767421446,155,24,0.245097532346877,89.151363289323,10.8486367106771
2013,3.75909142035578,0.75239885089542,64.643424779792,21.0006249978327,323.21712389896,156,24,0.248039600418501,88.9512942043309,11.0487057956691
2013,3.7624070733047,0.752360384010933,65.3455612106431,21.06948682051,326.727806053215,157,24,0.268181605067737,88.7518734221738,11.2481265778262
2013,3.76151970808367,0.752235254236988,66.044327430192,21.1375080013466,330.22163715096,158,24,0.269084077200897,88.5537791450557,11.4462208549443
2013,3.76005575943791,0.751997565994056,66.7427304955291,21.2049944549507,333.713652477645,159,24,0.269890920144098,88.3567774867313,11.6432225132687
2013,3.75754408534257,0.751620909693219,67.4406739383089,21.2719465660557,337.203369691544,160,24,0.268789321027631,88.1610701879693,11.8389298120307
2013,3.75403237889407,0.75107754949498,68.1383296137271,21.3383901731699,340.691648068635,161,24,0.266782337388589,87.9667925015464,12.0332074984536
2013,3.75116402430264,0.750338963351974,68.835678290919,21.4043323785007,344.178391454595,162,24,0.273403848054635,87.7740876754206,12.2259123245794
2013,3.74673789002431,0.749376795649947,69.5311226280748,21.4696324269533,347.655613140374,163,24,0.27773306942864,87.5833279779174,12.4166720220825
2013,3.74151883401485,0.748161981339984,70.2248092169998,21.5343155044489,351.124046084999,164,24,0.284761541906824,87.3946087139252,12.6053912860748
2013,3.73442681730863,0.746666191595967,70.9160393010199,21.5983280646793,354.5801965051,165,24,0.289245020888338,87.2081541447763,12.7918458552237
2013,3.72590158137926,0.744861629700759,71.6049469613022,21.661694323468,358.024734806511,166,24,0.294432653176909,87.0240648507125,12.9759351492875
2013,3.71678827024705,0.74272207634174,72.2911043864849,21.7243866465019,361.455521932425,167,24,0.306303282141137,86.8425436209278,13.1574563790722
2013,3.69377018652922,0.738279503468645,72.9730570201865,21.7862851966345,364.865285100933,168,24,0.303791588600525,86.5530246556045,13.4469753443955
2013,3.65387525043506,0.730340344239247,73.6509000389465,21.8474124778223,368.254500194732,169,24,0.30503347825688,86.0574813628916,13.9425186371084
2013,3.60313680443542,0.720338396330423,74.320507013831,21.9074132550547,371.602535069155,170,24,0.30294024748359,85.3811990478411,14.6188009521589
2013,3.54938138454842,0.70972812896007,74.9803759744751,21.9661739735258,374.901879872376,171,24,0.300870816673315,84.5531722453147,15.4468277546853
2013,3.50274450987012,0.699667433746884,75.6298984957208,22.0236624058908,378.149492478604,172,24,0.327757593766751,83.6029683289751,16.3970316710249
2013,3.46075429818661,0.690906434423822,76.2647067876486,22.0795169480404,381.323533938243,173,24,0.343693734226734,82.5590777507695,17.4409222492304
2013,3.42549657002525,0.683817460112011,76.88792012653,22.1340369612088,384.43960063265,174,24,0.348017202442336,81.4454460216688,18.5545539783312
2013,3.4000873614182,0.678497879708726,77.5032073240872,22.18756226126,387.516036620436,175,24,0.360087178352264,80.282147454,19.717852546
2013,3.38202254156061,0.674876653310186,78.1109885109991,22.240144612713,390.554942554996,176,24,0.363199061808639,79.0863548475933,20.9136451524067
2013,3.371225038917,0.672794972004711,78.7145239074902,22.2920782106594,393.572619537451,177,24,0.362697793632679,77.8716238310634,22.1283761689365
2013,3.3678396816931,0.672063160505702,79.3159892746378,22.3435583094795,396.579946373189,178,24,0.367395808525348,76.6492667945332,23.3507332054667
2013,3.37096083079425,0.672492491462414,79.9158268074641,22.3946288078414,399.579134037321,179,24,0.377837386271538,75.429084622244,24.570915377756
2013,3.37619305389162,0.673909885395169,80.5141887004545,22.445308175167,402.570943502272,180,24,0.36488379930181,74.2195114997579,25.7804885002421
2013,3.38825154352856,0.676162888192512,81.1161757949687,22.4960303791125,405.580878974843,181,24,0.373536001035729,73.0266603609256,26.9733396390744
2013,3.40284941433748,0.679120107343029,81.7188316629902,22.5465468152043,408.594158314951,182,24,0.37411760369215,71.8576926538094,28.1423073461906
2013,3.42053038280942,0.682666763856972,82.3242778202213,22.5970363550331,411.621389101106,183,24,0.375762563379396,70.7178392322235,29.2821607677765
2013,3.43884144478191,0.686700853051994,82.9329176711146,22.6475320436875,414.664588355573,184,24,0.362868494814335,69.6121649629408,30.3878350370592
2013,3.46408875296344,0.691129928122896,83.5477844660241,22.6982827633203,417.738922330121,185,24,0.390105174881008,68.5445606381404,31.4554393618596
2013,3.48808435686055,0.695862198605322,84.1622386337905,22.7487400320896,420.811193168953,186,24,0.39486966455499,67.5210360322455,32.4789639677545
2013,3.51382543270561,0.70081156318746,84.7805237375814,22.7992533926794,423.902618687907,187,24,0.405263504543566,66.5444263723185,33.4555736276815
2013,3.54388276487597,0.705889263392828,85.4018623418207,22.8497582234647,427.009311709103,188,24,0.449281359779458,65.6185952767223,34.3814047232777
2013,3.57063275532568,0.710999234990319,86.0203922291574,22.8997810218183,430.101961145787,189,24,0.462492020765933,64.748565614593,35.251434385407
2013,3.59351974665523,0.716030150103926,86.6416128443792,22.9497697314226,433.208064221896,190,24,0.442815110887658,63.9388146988638,36.0611853011362
2013,3.61888670201204,0.720894368367567,87.2713284069578,23.0001877093387,436.356642034789,191,24,0.454333654302612,63.1899203106321,36.8100796893679
2013,3.64797074706156,0.725494437204048,87.9037949229526,23.0505713647839,439.518974614763,192,24,0.516814102810067,62.5052749060147,37.4947250939853
2013,3.66937154816654,0.729712596221983,88.5295626680334,23.1001733321343,442.647813340167,193,24,0.521829620255568,61.890674595617,38.109325404383
2013,3.68758678763975,0.73345264391303,89.1585874973271,23.1497878073766,445.792937486635,194,24,0.518556689458175,61.3467889789772,38.6532110210228
2013,3.70623844055167,0.73660651229016,89.7918891748041,23.1994937704026,448.959445874021,195,24,0.551814991426644,60.8769496940631,39.1230503059369
2013,3.56181181431606,0.707112361730576,90.422247857185,23.248726694545,452.111239285925,196,24,0.598455795726138,59.6947633322781,40.3052366677219
2013,3.57164636033031,0.70880149515763,91.0143707335124,23.2947558739947,455.071853667562,197,24,0.618549941622817,59.3911653024782,40.6088346975218
2013,3.57044107821157,0.709566460927722,91.6044200193314,23.3404167087971,458.022100096657,198,24,0.55908733697877,59.1767594850556,40.8232405149444
2013,3.56715803099563,0.709679681672582,92.2060984789008,23.3867668623964,461.030492394504,199,24,0.518339765552122,59.0094586810931,40.9905413189069
2013,3.56546730826365,0.709424563235166,92.8152463799,23.4334781766012,464.0762318995,200,24,0.516574586351841,58.8549741055875,41.1450258944125
2013,3.56424935543669,0.708807352058912,93.4243846444173,23.4799755748122,467.121923222087,201,24,0.540184046881275,58.7126985140311,41.2873014859689
2013,3.55805091791117,0.707828726123548,94.0285321016802,23.5258837649835,470.142660508401,202,24,0.528521731996415,58.5837298706784,41.4162701293216
2013,3.55184383522976,0.706509508875147,94.633746410446,23.5716673557844,473.16873205223,203,24,0.535947023823625,58.4663225277857,41.5336774722143
2013,3.54845108602006,0.704855178271354,95.2362074491862,23.6170404283745,476.181037245931,204,24,0.597639333624391,58.3614276683297,41.6385723316703
2013,3.53915365958933,0.702857578694538,95.8256239626218,23.6612378899643,479.128119813109,205,24,0.610253430946757,58.2717459975337,41.7282540024663
2013,3.52775698210626,0.700540532270106,96.4106304229518,23.7049177040423,482.053152114759,206,24,0.616686188846615,58.1950796526112,41.8049203473888
2013,3.51586887997141,0.69792977600099,96.9920426242905,23.7481465039536,484.960213121452,207,24,0.636440396140273,58.1313556531448,41.8686443468552
2013,3.50467519466623,0.695037972625182,97.5670973270231,23.7907253219687,487.835486635116,208,24,0.68728457254831,58.0814868145948,41.9185131854052
2013,3.48795736292262,0.691873762609326,98.1297148969081,23.8322143141794,490.648574484541,209,24,0.679122131320954,58.0472835578492,41.9527164421508
2013,3.46822956038337,0.688473300061086,98.690591640053,23.8734102375946,493.452958200265,210,24,0.645046635482232,58.0262672679199,41.9737327320801
2013,3.44869400033586,0.684761754864122,99.254307433165,23.9146505951296,496.271537165825,211,24,0.636148917074549,58.0258163570115,41.9741836429885
2013,3.27615751172917,0.650517985763178,99.8158641600989,23.9555710061697,499.079320800495,212,24,0.632250563699824,57.1514430089249,42.8485569910751
2014,3.54578496982237,0.709785871871605,54.5,19.9420239553624,272.5,141,24,0.213557610408391,91.5134951720086,8.4865048279914
2014,3.54372548393145,0.709736570704929,55.1664188865169,20.0156047131706,275.832094432585,142,24,0.207566351447981,91.3480001360485,8.65199986395154
2014,3.53880990496853,0.709682410010212,55.8336221182943,20.0886540548056,279.168110591471,143,24,0.190089063753962,91.1766929617754,8.8233070382246
2014,3.54456744208924,0.709631913634163,56.5033355550195,20.1613689227686,282.516677775097,144,24,0.217668157990589,90.9998345991035,9.00016540089655
2014,3.54371745721846,0.709593903182869,57.1686824034493,20.2330172593,285.843412017247,145,24,0.216669592292016,90.8189164546762,9.18108354532376
2014,3.53984408673465,0.709571418002119,57.8340565686842,20.3040896561664,289.170282843421,146,24,0.202070289134639,90.6346147805002,9.3653852194998
2014,3.54014902847613,0.709577072629703,58.5015733775622,20.3748205519984,292.507866887811,147,24,0.205101491895633,90.4456446429872,9.55435535701275
2014,3.53869110017935,0.709610676623419,59.1685422322327,20.4449337933166,295.842711161163,148,24,0.200012973134152,90.253601285729,9.74639871427098
2014,3.53755958727368,0.709672532459278,59.8362343471939,20.5145734748712,299.181171735969,149,24,0.195795574809988,90.058907682521,9.94109231747905
2014,3.53662527139799,0.709760997864487,60.5045406128345,20.583736950893,302.522703064173,150,24,0.191911732784002,89.8620825677879,10.1379174322121
2014,3.74441385519796,0.752011248910941,61.1734335811383,20.6524300298412,305.867167905691,151,24,0.184405783246856,89.9492004378513,10.0507995621487
2014,3.74488875811064,0.752099847355662,61.8853820692131,20.7249720291921,309.426910346066,152,24,0.186247336361545,89.7468080671441,10.2531919328559
2014,3.75116147950414,0.752192042651326,62.5970534137438,20.7969067821506,312.985267068719,153,24,0.210882282183876,89.5437148665314,10.4562851334686
2014,3.75363786821826,0.752281400223391,63.3050482765034,20.8679065264056,316.525241382517,154,24,0.221517345628164,89.3418241239982,10.6581758760018
2014,3.75684961632906,0.752349574802791,64.0114071548735,20.9381928171064,320.057035774367,155,24,0.236563200740725,89.1408554888444,10.8591445111556
2014,3.75636773195373,0.752374491060752,64.7153947296323,21.0077073366297,323.576973648161,156,24,0.235801457472218,88.9405238895474,11.0594761104526
2014,3.75579297568482,0.752334547668195,65.4194335570902,21.0767017950299,327.097167785451,157,24,0.236097332624105,88.7407528446567,11.2592471553433
2014,3.76335919283085,0.752206828381767,66.1232932761785,21.14516331069,330.616466380892,158,24,0.280113400740393,88.5418249483793,11.4581750516207
2014,3.76219610717653,0.751969091130593,66.8198577701995,21.2124170099641,334.099288850997,159,24,0.282627670840176,88.3450395019317,11.6549604980683
2014,3.76245494754538,0.751592599644869,67.5156813112663,21.2791130658814,337.578406556331,160,24,0.297343479608226,88.1495976639411,11.8504023360589
2014,3.76148181861581,0.751050512844497,68.2086076913446,21.3450570137133,341.043038456723,161,24,0.310316530180335,87.9559928044404,12.0440071955596
2014,3.75481112519675,0.750314303176232,68.8987387907912,21.4102724676294,344.493693953956,162,24,0.294856529515719,87.7643544974278,12.2356455025722
2014,3.74834395091022,0.749353204726741,69.5906214200566,21.4751980028721,347.953107100283,163,24,0.287606608582094,87.5741069329329,12.4258930670671
2014,3.7407698250243,0.748138783047916,70.2826539264562,21.5396891075259,351.413269632281,164,24,0.281382409663806,87.3856099515907,12.6143900484093
2014,3.73186521327763,0.746642567680168,70.9744094357675,21.6037135877088,354.872047178837,165,24,0.275672516889213,87.1990417527837,12.8009582472163
2014,3.72266690598674,0.744836943166803,71.6655186410856,21.6672453984145,358.327593205428,166,24,0.276868941859263,87.0145782316816,12.9854217683184
2014,3.70994818562563,0.742696095054145,72.3545411821037,21.7301617157898,361.772705910518,167,24,0.267944221466767,86.8325789377282,13.1674210622718
2014,3.68759948872374,0.738250653243349,73.0427968518018,21.7925924897398,365.213984259009,168,24,0.269235118919841,86.5419603506357,13.4580396493643
2014,3.64832570766057,0.73030859493237,73.7263161503087,21.8541891618256,368.631580751543,169,24,0.273514702149673,86.045243865356,13.954756134644
2014,3.59807079109981,0.720303877319365,74.4011159814844,21.9146108561777,372.005579907422,170,24,0.274039131285713,85.3676934593728,14.6323065406272
2014,3.54491727855231,0.70969122543304,75.0657508553749,21.9737501612454,375.328754276875,171,24,0.275289351859611,84.5383112662329,15.4616887337671
2014,3.49578525625185,0.699628860901323,75.7194956228939,22.031565496414,378.597478114469,172,24,0.284078736167893,83.5867126298297,16.4132873701703
2014,3.45386037417577,0.690865604814446,76.3616464932102,22.0880177801881,381.808232466051,173,24,0.297860308271328,82.5407289106118,17.4592710893881
2014,3.42162114472023,0.683775253070913,76.9926462183439,22.143168362801,384.96323109172,174,24,0.321684620999367,81.4247811886838,18.5752188113162
2014,3.39400424982588,0.678456899978582,77.6124231437321,22.197032226147,388.06211571866,175,24,0.316873686142614,80.2597226829952,19.7402773170048
2014,3.37911961273134,0.674837315662935,78.2276285586539,22.2502031158538,391.13814279327,176,24,0.3425633481861,79.061497356717,20.938502643283
2014,3.36908773752579,0.672760250405522,78.8347084601678,22.3023868051173,394.173542300839,177,24,0.347702521412121,77.8451159987784,22.1548840012216
2014,3.36577528037251,0.67203491529992,79.4387432249848,22.3540315008913,397.193716124924,178,24,0.352511318543683,76.6213314136185,23.3786685863815
2014,3.36972064652184,0.672472313810638,80.0411424459505,22.4052644869275,400.205712229753,179,24,0.368891390930315,75.3997495507656,24.6002504492344
2014,3.38006793481115,0.673899474971496,80.6410430326285,22.4560185879696,403.205215163142,180,24,0.398452802120671,74.1890571204874,25.8109428795125
2014,3.39222765604953,0.676163633296408,81.2370887101108,22.5061865899622,406.185443550554,181,24,0.408161930251389,72.9969760963001,27.0030239036998
2014,3.40684861688304,0.679131914082157,81.8336120515554,22.5561385945284,409.168060257777,182,24,0.408323412734008,71.8289558210799,28.1710441789201
2014,3.42878869144252,0.682689279982601,82.4330143642859,22.6060767070716,412.165071821429,183,24,0.449274631772656,70.6901483542499,29.3098516457501
2014,3.45227666045552,0.686731236045524,83.028600984787,22.6554468751414,415.143004923935,184,24,0.48439943650424,69.5874396512368,30.4125603487633
2014,3.47455403595033,0.691161994143602,83.6218463738755,22.7043782011308,418.109231869378,185,24,0.487393877433244,68.5251845232899,31.4748154767101
2014,3.49969138835945,0.695893486824535,84.2189340442912,22.7533827479733,421.094670221456,186,24,0.50473868030076,67.5060501875598,32.4939498124402
2014,3.52203499181494,0.700836480317058,84.8175653127792,22.8022714947559,424.087826563896,187,24,0.481360287101044,66.5345534173968,33.4654465826032
2014,3.54554957651631,0.705907888855523,85.4253254986269,22.8516603753633,427.126627493135,188,24,0.464539993282162,65.6123003901097,34.3876996098903
2014,3.5698684934327,0.711018183918664,86.0411363825262,22.901454327138,430.205681912631,189,24,0.454331611657988,64.7429727355859,35.2570272644141
2014,3.59339795698361,0.716053022027561,86.6638356418332,22.9515533327117,433.319178209166,190,24,0.440732507572904,63.9328026879257,36.0671973120743
2014,3.61809560065376,0.720920138401375,87.2939427174746,23.0019935939262,436.469713587373,191,24,0.445871443272541,63.1837900683697,36.8162099316302
2014,3.64660223121431,0.725524449538141,87.9279427703658,23.0524900201925,439.639713851829,192,24,0.501059628263333,62.4987239064939,37.5012760935061
2014,3.66954080872446,0.729748730275723,88.5565869492924,23.1023099208902,442.782934746462,193,24,0.521823915950263,61.8833453500709,38.1166546499291
2014,3.68938243452152,0.733491085887312,89.1856458933106,23.1519165640267,445.928229466553,194,24,0.535827523054982,61.3394600856412,38.6605399143588
2014,3.70432205580083,0.736642264014962,89.8158516230614,23.2013697074615,449.079258115307,195,24,0.529038565590801,60.870474003156,39.129525996844
2014,3.55742299439813,0.707157234263062,90.4503814790952,23.2509184318337,452.251907395476,196,24,0.543183865641324,59.6871236954583,40.3128763045417
2014,3.5669491703108,0.708864153522634,91.0526799634041,23.2977266778699,455.26339981702,197,24,0.55692673908041,59.3808023610871,40.6191976389129
2014,3.5714498059208,0.709648928227744,91.6541130257669,23.3442528220945,458.270565128835,198,24,0.56633728287615,59.1633782338632,40.8366217661368
2014,3.57336592051209,0.709760723238859,92.2545413321396,23.3904894662141,461.272706660698,199,24,0.585642243860853,58.9964771365035,41.0035228634965
2014,3.57666650511167,0.709485464943574,92.8514683935152,23.4362490521969,464.257341967576,200,24,0.649429310901928,58.8453126454105,41.1546873545895
2014,3.57012764634738,0.708827387921863,93.4362740690684,23.4808810259822,467.181370345342,201,24,0.609934117480963,58.7095412162316,41.2904587837684
2014,3.56323714901755,0.707827234343495,94.0276466680337,23.5258166329509,470.138233340169,202,24,0.589520735252662,58.5839640122493,41.4160359877507
2014,3.55589373969941,0.706489263320823,94.621698460961,23.570757939478,473.108492304805,203,24,0.584886290869139,58.4694955885985,41.5305044114015
2014,3.5493929069218,0.704820023888859,95.2151821687812,23.6154603280851,476.075910843906,204,24,0.611823435854316,58.3669437598159,41.6330562401841
2014,3.54183494020909,0.70281830614937,95.8019512004834,23.6594664428446,479.009756002417,205,24,0.648499903840174,58.2779342252037,41.7220657747963
2014,3.53437740844085,0.700489954810848,96.3798457528924,23.7026237620879,481.899228764462,206,24,0.713525797350716,58.2030994238655,41.7969005761345
2014,3.52709034499891,0.697850508066733,96.9432156317521,23.7445231075153,484.71607815876,207,24,0.815166782055341,58.1440344509186,41.8559655490814
2014,3.51109403181226,0.694906203703843,97.4847718214477,23.7846404350829,487.423859107239,208,24,0.799370922951511,58.1027990718957,41.8972009281043
2014,3.49736945381852,0.691710844944353,98.0262601726129,23.8245977365988,490.131300863064,209,24,0.845737196187514,58.0739870826448,41.9260129173552
2014,3.48028672052241,0.6882647313365,98.5557018533836,23.8635176294922,492.778509266918,210,24,0.85556166261617,58.0609853595735,41.9390146404265
2014,3.45965685796814,0.684497624615394,99.079733482383,23.9018965909555,495.398667411915,211,24,0.829977607061807,58.0706209375558,41.9293790624442
2014,3.28935915115958,0.650197663565033,99.604726889917,23.9402043873245,498.023634449585,212,24,0.886093732908429,57.2058699709803,42.7941300290197
2015,3.54202621088108,0.709785871871605,54.5,19.9420239553624,272.5,141,24,0.197368269527219,91.5134951720086,8.48650482799139
2015,3.5411485491355,0.709736434706526,55.1689050029049,20.0158780477761,275.844525014525,142,24,0.19665459446104,91.3476555070175,8.6523444929825
2015,3.53741620229665,0.709682088011056,55.8377751913944,20.0891068475044,279.188875956972,143,24,0.1846291600665,91.1761130571998,8.82388694280018
2015,3.53716363850472,0.709631418259756,56.5083018546174,20.1619058947236,282.541509273087,144,24,0.186377324087529,90.9991359008124,9.00086409918765
2015,3.53621493205251,0.709592722326937,57.1784260917166,20.2340621866992,285.892130458583,145,24,0.185162195610825,90.8175350118731,9.18246498812688
2015,3.53735213199486,0.709569358025513,57.8486011950677,20.3056368703535,289.243005975339,146,24,0.191856392701618,90.6325366143506,9.36746338564942
2015,3.53599135511838,0.709574475873353,58.5176623350461,20.3765183991568,292.58831167523,147,24,0.18806071894607,90.4433276494449,9.55667235055508
2015,3.53420485644838,0.709607311988168,59.1872077425855,20.446888011411,295.936038712928,148,24,0.18215632432056,90.2508920290933,9.74910797090668
2015,3.53563857758181,0.709668303787681,59.8575738562437,20.5167902148517,299.287869281219,149,24,0.188198341652484,90.0557861105047,9.9442138894953
2015,3.53614495160947,0.709756164130999,60.5270152670389,20.5860535939523,302.635076335195,150,24,0.190139607798861,89.8587696889996,10.1412303110004
2015,3.74885985408879,0.752005202282613,61.1961664855759,20.6547554051383,305.98083242788,151,24,0.201551252688575,89.9459129051682,10.0540870948318
2015,3.75004377397736,0.752094136850212,61.9055749611475,20.7270210250522,309.527874805738,152,24,0.206424634127267,89.7438661663698,10.2561338336303
2015,3.74924425415483,0.752186912563202,62.6142417379037,20.7986370880861,313.071208689519,153,24,0.20317749943899,89.5411927160293,10.4588072839707
2015,3.74798108159404,0.75227565838833,63.3233940117766,20.8697389162084,316.616970058883,154,24,0.198215635504783,89.3391137046746,10.6608862953254
2015,3.74905589789362,0.752342435335054,64.0332817615447,20.9403608028456,320.166408807723,155,24,0.202953245797295,89.1376026426796,10.8623973573204
2015,3.75290331796389,0.752365333493414,64.7424324408145,21.0103666151031,323.712162204073,156,24,0.220451542158924,88.9364782336568,11.0635217663432
2015,3.753163247422,0.752324254059438,65.4488481821289,21.0795730860371,327.244240910644,157,24,0.224434179917478,88.7363254578884,11.2636745421116
2015,3.7542569510237,0.752195583545819,66.1545143720699,21.1481882685212,330.772571860349,158,24,0.234285328704762,88.5370992802209,11.4629007197791
2015,3.75214494106158,0.75195484613741,66.8584237925137,21.2161262777385,334.292118962569,159,24,0.232063940211541,88.3391710920531,11.6608289079469
2015,3.75371345392691,0.751574978420939,67.5623495345627,21.2835691318381,337.811747672814,160,24,0.250645312559906,88.1424608881614,11.8575391118386
2015,3.75041326113791,0.751029631650921,68.2628668518018,21.3502009657282,341.314334259009,161,24,0.249859861033727,87.9476562201483,12.0523437798517
2015,3.7562438149698,0.750289215259019,68.9628750871938,21.416310007718,344.814375435969,162,24,0.304341307556432,87.7544570720111,12.2455429279889
2015,3.75150637098893,0.749328408648228,69.6531466941647,21.4810431062284,348.265733470824,163,24,0.307231946496618,87.5644185493867,12.4355814506133
2015,3.74464209112164,0.748115024866829,70.3418859975805,21.5451883991412,351.709429987902,164,24,0.304846036232261,87.3763969247551,12.6236030752449
2015,3.73650525257465,0.746620178846462,71.0297226185181,21.6088142129886,355.14861309259,165,24,0.303258550570805,87.190408026786,12.809591973214
2015,3.72581132607774,0.744816269327739,71.7162420208573,21.6718914134214,358.581210104287,166,24,0.295604998019985,87.0066353336668,12.9933646663331
2015,3.71081436797526,0.742676597829545,72.4021456534815,21.7344931470063,362.010728267408,167,24,0.273313667233561,86.8251024318006,13.1748975681994
2015,3.68545125024559,0.7382313338253,73.0895000985901,21.796814000418,365.44750049295,168,24,0.258455216878385,86.5345521232912,13.4654478767088
2015,3.64645979786842,0.730288210156256,73.7747451417693,21.8585383105522,368.873725708847,169,24,0.263992543576957,86.0373869829674,13.9626130170326
2015,3.59819867249193,0.720282489903006,74.4510755840699,21.9190690377103,372.255377920349,170,24,0.275519912185126,85.3593247861242,14.6406752138758
2015,3.54708353479659,0.709669758111703,75.1154391887715,21.9781567516624,375.577195943857,171,24,0.288889519918179,84.5296641673508,15.4703358326492
2015,3.49847898641482,0.699608468348457,75.7668964575032,22.0357439441514,378.834482287516,172,24,0.30164193528687,83.5781148129605,16.4218851870395
2015,3.45175874685859,0.690846910859128,76.4060727206456,22.0919110896425,382.030363603228,173,24,0.28537874215618,82.5323222016811,17.4676777983189
2015,3.41619431462527,0.683756536400998,77.0391477364417,22.147220203106,385.195738682208,174,24,0.286557925071754,81.4156082841521,18.5843917158479
2015,3.38367659288001,0.678437258606118,77.6648638749517,22.2015759950577,388.324319374758,175,24,0.253301849868531,80.2489591453008,19.7510408546992
2015,3.36640735972412,0.674816093695399,78.2907172337705,22.2556392387277,391.453586168852,176,24,0.259564775120469,79.0480580555235,20.9519419444765
2015,3.35954676533427,0.672738047758473,78.9118532831144,22.3089979805327,394.559266415572,177,24,0.282438541552088,77.8281093716291,22.1718906283709
2015,3.35777780162912,0.672014717334633,79.5270312308139,22.3615571355326,397.63515615407,178,24,0.296203881432327,76.6012506943753,23.3987493056247
2015,3.36175685447909,0.672456695082382,80.1390907569124,22.4135693923625,400.695453784562,179,24,0.310104994093865,75.3768350584582,24.6231649415418
2015,3.37121850800889,0.673890797363413,80.7491539217805,22.4651372123979,403.745769608902,180,24,0.328366486328518,74.1631202350603,25.8368797649397
2015,3.38458947616469,0.676164617144698,81.3574447515384,22.5162855679418,406.787223757692,181,24,0.345354750857786,72.9674501272032,27.0325498727968
2015,3.40078700906481,0.679145720084485,81.964999322687,22.5671066477205,409.824996613435,182,24,0.357434928211831,71.796086734719,28.2039132652811
2015,3.41844105542562,0.682718678888974,82.5733641009837,22.6177330997884,412.866820504918,183,24,0.35785961710746,70.6544359343295,29.3455640656706
2015,3.43785646065618,0.686781353569155,83.1851609742969,22.6683836669267,415.925804871484,184,24,0.352967729078331,69.5470178016063,30.4529821983937
2015,3.46113302918657,0.691240402725387,83.8018049382291,22.7191734750985,419.009024691146,185,24,0.362584891094814,68.4781453146443,31.5218546853557
2015,3.48393018860814,0.69600568382945,84.421165765113,22.769925527876,422.105828825565,186,24,0.356655166888558,67.4526454407241,32.5473545592759
2015,3.51034097716347,0.70099103269112,85.0462563264183,22.8208846428557,425.231281632091,187,24,0.370155910011075,66.4736582227399,33.5263417772601
2015,3.5341027080638,0.706106047969632,85.6739125267078,22.8717909294523,428.369562633539,188,24,0.358183497588725,65.5456755397939,34.4543244602061
2015,3.55848397730786,0.711263562845851,86.3086985120851,22.9230117858504,431.543492560425,189,24,0.349755987454929,64.670914319855,35.329085680145
2015,3.58222680655272,0.716348715445396,86.9500283805365,22.9744947212832,434.750141902682,190,24,0.339703191744166,63.855470987567,36.144529012433
2015,3.60931601699406,0.721268049842285,87.5980986492134,23.0262505951376,437.990493246067,191,24,0.359801370581825,63.1014466103311,36.8985533896689
2015,3.6339739683852,0.725923147129398,88.2475475013343,23.0778495300137,441.237737506671,192,24,0.372241764427926,62.4121386017229,37.5878613982771
2015,3.65231691733378,0.73020885326894,88.8994194728625,23.1293755165308,444.497097364313,193,24,0.351457395793709,61.7905049801768,38.2094950198232
2015,3.67420495176937,0.734023697259357,89.5590956864955,23.1812509886745,447.795478432477,194,24,0.374273246633609,61.2384746587841,38.7615253412159
2015,3.69349622648367,0.737245472281878,90.2185640712973,23.232844606101,451.092820356487,195,24,0.401323380047949,60.7618341110789,39.2381658889211
2015,3.54674629217706,0.707839339140429,90.8764576089367,23.2840537662606,454.382288044683,196,24,0.405226374433643,59.5716442546686,40.4283557453314
2015,3.55620666676114,0.709605527164536,91.5041967037974,23.3326754309062,457.520983518987,197,24,0.412695065578425,59.2589153091111,40.7410846908889
2015,3.56640267587758,0.710445775012339,92.1323105712973,23.3810939908807,460.661552856486,198,24,0.470364393960489,59.0348956665584,40.9651043334416
2015,3.5657113209493,0.710594571001118,92.7509053935174,23.4285544248214,463.754526967587,199,24,0.458809168448024,58.8637670468601,41.1362329531399
2015,3.56340773705557,0.710363743764119,93.371648172203,23.4759584069466,466.858240861015,200,24,0.45027518905093,58.7068882210401,41.2931117789599
2015,3.55865230940038,0.709770600013017,93.9936113018621,23.5232357968865,469.96805650931,201,24,0.436034531557996,58.5618881344171,41.4381118655829
2015,3.55663119373007,0.708825265779569,94.6174448496913,23.5704368445317,473.087224248456,202,24,0.464049916124341,58.4283800715035,41.5716199284965
2015,3.55190622502531,0.707524844049184,95.2352435144004,23.6169679916797,476.176217572002,203,24,0.484420262416146,58.308307388243,41.691692611757
2015,3.54563579903435,0.705882844015829,95.8479949145805,23.6629116415537,479.239974572902,204,24,0.50753405458234,58.2013385699341,41.7986614300659
2015,3.53590726539723,0.703906434732427,96.4548406084627,23.7082111651411,482.274203042314,205,24,0.512188283370051,58.1077020856374,41.8922979143626
2015,3.51880162450001,0.701610717103806,97.0587802692451,23.7530969740642,485.293901346225,206,24,0.457277527191014,58.0266933120501,41.9733066879499
2015,3.507484604251,0.699036710979579,97.6702507073131,23.7983446009948,488.351253536565,207,24,0.475368694331722,57.9557620013046,42.0442379986954
2015,3.49414367827964,0.696178977507984,98.2758079422731,23.8429604982041,491.379039711366,208,24,0.487961870422466,57.8985970703417,42.1014029296583
2015,3.48265832261102,0.693056688270211,98.8761461399239,23.8870031311217,494.38073069962,209,24,0.536395592951303,57.8552655916606,42.1447344083394
2015,3.46817086487687,0.689678087028416,99.4644676215449,23.9299837313667,497.322338107725,210,24,0.56862800798985,57.8277985621038,42.1722014378962
2015,3.44823611372716,0.685964466090569,100.043411937484,23.9721066421836,500.217059687421,211,24,0.555740796351263,57.8240538932831,42.1759461067169
2015,3.27645792102008,0.651748189529582,100.620913145979,24.0139556331458,503.104565729895,212,24,0.556095167038823,56.944752964448,43.055247035552
2016,3.53414989676012,0.709785871871605,54.5,19.9420239553624,272.5,141,24,0.167314545342001,91.5134951720086,8.48650482799139
2016,3.53540839861227,0.709736191846961,55.1733404849178,20.0163656829194,275.866702424589,142,24,0.174362484116726,91.3470406591526,8.65295934084738
2016,3.53439849310113,0.709681486824315,55.8455210515831,20.0899512844829,279.227605257916,143,24,0.173333746304411,91.1750314976561,8.82496850234386
2016,3.53395140333422,0.709630479641818,56.517703230144,20.1629223109967,282.58851615072,144,24,0.174271519183691,90.9978132639626,9.00218673603736
2016,3.53733339326463,0.709591366017501,57.1896061482411,20.2352609994485,285.948030741205,145,24,0.189614337017075,90.8159499639235,9.18405003607651
2016,3.53842281707271,0.709567867578308,57.8591144739941,20.3067550729519,289.29557236997,146,24,0.196273469173608,90.631034502038,9.36896549796204
2016,3.53913263299616,0.709572885774516,58.5275062942754,20.3775570591907,292.637531471377,147,24,0.200932186701991,90.4419100530263,9.55808994697369
2016,3.53780974767153,0.70960588734858,59.19510562277,20.4477147643992,295.97552811385,148,24,0.196516477384806,90.2497457082772,9.75025429172282
2016,3.53723672077065,0.709667164332234,59.8633206491893,20.517387095348,299.316603245947,149,24,0.194652457277123,90.0549454911684,9.94505450883157
2016,3.53839869341517,0.709755136519524,60.5317908386611,20.5865457732281,302.658954193306,150,24,0.199377405358918,89.8580657702952,10.1419342297048
2016,3.75027022722129,0.752004303244976,61.1995452224759,20.6551009686814,305.99772611238,151,24,0.207285355164225,89.9454243034226,10.0545756965774
2016,3.75102561554843,0.752093425703632,61.9080889345637,20.7272760882037,309.540444672819,152,24,0.210497191301147,89.7434999165599,10.2565000834401
2016,3.75211910609268,0.75218634661651,62.6161375543183,20.798827914948,313.080687771591,153,24,0.215090185687931,89.5409145379647,10.4590854620353
2016,3.75159647689859,0.752275630766889,63.3234822502504,20.8697477286585,316.617411251252,154,24,0.212917510434641,89.3391006685428,10.6608993314572
2016,3.75172422812316,0.752343130327073,64.0311527035481,20.9401498152202,320.155763517741,155,24,0.213936620824963,89.1379192342013,10.8620807657987
2016,3.75383457068558,0.752366618045658,64.7386403877668,21.0099936965872,323.693201938834,156,24,0.224512396807368,88.9370456211527,11.0629543788473
2016,3.75189544223709,0.752325800333264,65.4444302348631,21.0791418881666,327.222151174316,157,24,0.218828646420995,88.7369904091874,11.2630095908126
2016,3.75755399335849,0.752196862444762,66.1509640026442,21.1478443295326,330.754820013221,158,24,0.250040525145497,88.5376366485212,11.4623633514788
2016,3.75426418803922,0.751957078132252,66.8523818195445,21.2155452612284,334.261909097722,159,24,0.24193671070746,88.3400904289724,11.6599095710276
2016,3.75206375227078,0.751577845659837,67.5547569058162,21.2828443038607,337.773784529081,160,24,0.242496935647131,88.1436219333169,11.8563780666831
2016,3.74900928212497,0.751032053713201,68.2565740228745,21.3496045303699,341.282870114373,161,24,0.242926118038809,87.948623008679,12.0513769913209
2016,3.7509403419514,0.750291244426983,68.9576882675716,21.4158218862887,344.788441337858,162,24,0.273871641571403,87.755257427526,12.244742572474
2016,3.74580639185637,0.749328469541919,69.6529931621383,21.4810287579432,348.264965810691,163,24,0.274336095382665,87.5644423372655,12.4355576627345
2016,3.73563711008424,0.748112904607405,70.3471716414746,21.5456789780537,351.735858207373,164,24,0.254903725637007,87.3755748663119,12.6244251336881
2016,3.72910286015599,0.746614725115764,71.043195673204,21.6100561919646,355.21597836602,165,24,0.261827048573806,87.1883052553407,12.8116947446593
2016,3.72222004928658,0.74480800385676,71.7365207499589,21.673748205589,358.682603749795,166,24,0.275419666922495,87.0034601692578,12.9965398307422
2016,3.71264686895843,0.742666933077685,72.4257429605223,21.7366394808,362.128714802612,167,24,0.283888542583934,86.8213967540773,13.1786032459227
2016,3.68748592345618,0.7382222961522,73.1113486465737,21.7987882471627,365.556743232868,168,24,0.269590066602565,86.5310867896175,13.4689132103825
2016,3.64835351064552,0.730279780605155,73.7947733787145,21.8603363577914,368.973866893573,169,24,0.274678126178329,86.0341380458241,13.9658619541759
2016,3.59839156535258,0.720274670075582,74.4693451823302,21.9206988179608,372.346725911651,170,24,0.276898404572501,85.3562648082096,14.6437351917903
2016,3.54299813290131,0.709661969411077,75.1334714144895,21.9797554301181,375.667357072447,171,24,0.265430273495692,84.5265264448402,15.4734735551598
2016,3.50062028175476,0.699599047062659,75.78880319155,22.0376744368396,378.94401595775,172,24,0.31609405214904,83.5741417585394,16.4258582414606
2016,3.45526695027609,0.690838732495834,76.4255169599438,22.0936145966143,382.127584799719,173,24,0.308123258157154,82.5286432577894,17.4713567422106
2016,3.4217015363841,0.683750262183623,77.0547444074891,22.1485788139889,385.273722037446,174,24,0.323335582996536,81.4125320789804,18.5874679210196
2016,3.39723977473018,0.67843376189713,77.6742062033369,22.2023852441171,388.371031016685,175,24,0.341271302258234,80.2470418820558,19.7529581179442
2016,3.38037642868848,0.674817955400617,78.2851781488303,22.2551620781077,391.425890744152,176,24,0.353156172148707,79.0492378443855,20.9507621556144
2016,3.37020156427028,0.672744218394931,78.8903898307388,22.3071590529397,394.451949153694,177,24,0.357214602570788,77.8328403456038,22.1671596543962
2016,3.36500697125364,0.672022549764905,79.4927439214119,22.3586351907792,397.463719607059,178,24,0.347227028101415,76.6090480826148,23.3909519173852
2016,3.36944243220578,0.672463542597243,80.0960453081818,22.4099204985696,400.480226540909,179,24,0.367184693112646,75.3869037835799,24.61309621642
2016,3.38106443913697,0.673895022934557,80.6962305040276,22.4606744449593,403.481152520138,180,24,0.407745494974685,74.1758150605558,25.8241849394442
2016,3.39364057911327,0.676164041029955,81.2906158095789,22.5106792922316,406.453079047894,181,24,0.421261384045585,72.9838420708566,27.0161579291434
2016,3.40999719917604,0.679137255994627,81.8848007041266,22.5604132207464,409.424003520633,182,24,0.437461946423477,71.8161467463646,28.1838532536354
2016,3.42643570593237,0.682698871590148,82.4790038956627,22.6098977739838,412.395019478313,183,24,0.426546124833211,70.6784425689897,29.3215574310103
2016,3.45354294900075,0.686747207740615,83.0786645673462,22.6595855533733,415.393322836731,184,24,0.497253779365619,69.5745092032664,30.4254907967336
2016,3.47248072021522,0.691182728620424,83.6695911576412,22.7083056944781,418.347955788206,185,24,0.465274506361602,68.5126988085383,31.4873011914617
2016,3.49417735464421,0.695922110924043,84.2706868658723,22.7576188200911,421.353434329362,186,24,0.447419993497945,67.4923760913872,32.5076239086128
2016,3.51539508723299,0.7008783347651,84.879677747758,22.8073302786415,424.39838873879,187,24,0.416421754351929,66.5180041761175,33.4819958238825
2016,3.54054560598126,0.705966536886518,85.499096021805,22.8576385609029,427.495480109025,188,24,0.415716808278332,65.5925158616167,34.4074841383833
2016,3.56332698550045,0.7110936812846,86.1236687336841,22.9081089290988,430.61834366842,189,24,0.39335327315655,64.7207298027058,35.2792701972942
2016,3.59232696301173,0.716149307868284,86.7572530233324,22.9590475254202,433.786265116662,190,24,0.42708742479144,63.9075415507193,36.0924584492807
2016,3.61831879671574,0.721029604602252,87.3898721767916,23.009650497544,436.949360883958,191,24,0.443266222200665,63.1577978998696,36.8422021001304
2016,3.64147285202963,0.725644531987967,88.0244349974947,23.060153099251,440.122174987473,192,24,0.445851001717906,62.4725594653764,37.5274405346236
2016,3.66590137829478,0.729891331149176,88.6630919872241,23.110725980704,443.315459936121,193,24,0.477914281937774,61.8544757747796,38.1455242252203
2016,3.68514138265864,0.733654058047842,89.3002014978967,23.1609239772999,446.501007489483,194,24,0.484028116176018,61.308450099884,38.691549900116
2016,3.69533333872582,0.7368276184285,89.9399150294009,23.2110766275052,449.699575147005,195,24,0.433425181040965,60.8369670771404,39.1630329228596
2016,3.54938819866968,0.707383051503101,90.5917654805931,23.2619257017031,452.958827402965,196,24,0.44839838698924,59.6487584890549,40.3512415109451
2016,3.55834672477791,0.709124176923265,91.211408982023,23.3100265203453,456.057044910115,197,24,0.45293435390101,59.3379005773131,40.6620994226869
2016,3.56413379481098,0.709944518544785,91.8319140927302,23.3579665354757,459.159570463651,198,24,0.471593043835266,59.115546087137,40.884453912863
2016,3.56533225498013,0.710088023533915,92.4498211707886,23.4054819962998,462.249105853943,199,24,0.478859961717041,58.9442002698511,41.0557997301489
2016,3.56896014954937,0.709847677928885,93.066490158106,23.4526820822073,465.33245079053,200,24,0.532727046820283,58.7880204005667,41.2119795994333
2016,3.56746359284473,0.709227202634141,93.6730861511809,23.4988989848838,468.365430755904,201,24,0.553998651860733,58.6467197384405,41.3532802615595
2016,3.56074935285294,0.708244912275376,94.275102961571,23.5445612172594,471.375514807855,202,24,0.53640983519228,58.5185943246989,41.4814056753011
2016,3.55813847943187,0.706922872192588,94.8792685209078,23.5901825674179,474.396342604539,203,24,0.58691324392443,58.4017282996591,41.5982717003409
2016,3.54519074233644,0.70525148519507,95.4727841341785,23.6348029979034,477.363920670892,204,24,0.535934528913019,58.2994262116929,41.7005737883071
2016,3.5367683005777,0.70327025000979,96.0738785021088,23.6797965823655,480.369392510544,205,24,0.556373005363447,58.2069225505123,41.7930774494877
2016,3.52921571488871,0.700966205684232,96.66917203802,23.7241630009018,483.3458601901,206,24,0.609069147702268,58.1278055577609,41.8721944422391
2016,3.51677368709933,0.698353395015234,97.2523865865345,23.7674449070387,486.261932932673,207,24,0.621295155116092,58.0638369399609,41.9361630600391
2016,3.50222396619,0.69546087542756,97.8306380207533,23.810180251994,489.153190103766,208,24,0.624382621344306,58.0133563745366,41.9866436254634
2016,3.48673017820653,0.69230902856712,98.4053319033285,23.8524786005286,492.026659516642,209,24,0.632351232808165,57.9762489911462,42.0237510088538
2016,3.47012358675618,0.688914921345359,98.9753025118771,23.8942595961966,494.876512559385,210,24,0.641914269829769,57.9531092904914,42.0468907095086
2016,3.45637669882732,0.685195543334724,99.5400077832905,23.9354895703161,497.700038916452,211,24,0.718493974900125,57.9526230936118,42.0473769063882
2016,3.28502807991171,0.650930163433814,100.086615741777,23.9752432513632,500.433078708885,212,24,0.740118081608858,57.0817821866882,42.9182178133118
2017,3.53912373945246,0.709785871871605,54.5,19.9420239553624,272.5,141,24,0.185711736590523,91.5134951720086,8.4865048279914
2017,3.53917684590263,0.709736338877273,55.1706558152065,20.0160705346542,275.853279076033,142,24,0.188694039409275,91.3474128081133,8.65258719188665
2017,3.5393770006133,0.709681859256866,55.8407237686178,20.08942830466,279.203618843089,143,24,0.192394106988627,91.1757013430642,8.82429865693577
2017,3.54038117209745,0.709631239861309,56.5100895923861,20.162099182511,282.550447961931,144,24,0.199400459063719,90.998884389784,9.00111561021603
2017,3.53938720309552,0.709592743350021,57.1782527029453,20.2340435933181,285.891263514727,145,24,0.197903614568956,90.817559594337,9.18244040566303
2017,3.5372117444476,0.709569653782987,57.8465139773576,20.3054148549918,289.232569886788,146,24,0.191280801532332,90.6328348357113,9.36716516428866
2017,3.53822812950246,0.709574798842268,58.5156621662787,20.3763073416094,292.578310831394,147,24,0.197084338459837,90.4436156914932,9.55638430850678
2017,3.54024621782913,0.709607917452829,59.1838502131328,20.4465365207073,295.919251065664,148,24,0.206747684975909,90.2513793574375,9.74862064256253
2017,3.53999739961965,0.709669704726666,59.8505063417531,20.5160561051799,299.252531708766,149,24,0.206168314156395,90.0568199370551,9.94318006294491
2017,3.5410603659004,0.709758270135034,60.5172255554413,20.5850445634869,302.586127777206,150,24,0.210715699507308,89.8602127186796,10.1397872813204
2017,3.75069754547532,0.75200863978816,61.1832446867859,20.6534336931385,305.916223433929,151,24,0.20891260418636,89.9477815754276,10.0522184245724
2017,3.75316896518242,0.75209810380706,61.8915484976589,20.7255977931611,309.457742488295,152,24,0.21947168117177,89.7459096643671,10.2540903356329
2017,3.7547881154201,0.752191691250289,62.5982309806438,20.7970253354534,312.991154903219,153,24,0.226586243402488,89.5435420711366,10.4564579288634
2017,3.75734042229274,0.752281787593019,63.3038103714713,20.8677828699237,316.519051857356,154,24,0.238344419344786,89.3420070182096,10.6579929817904
2017,3.75675906562861,0.752350835297081,64.0075443535522,20.9378099223798,320.037721767761,155,24,0.23609897382459,89.1414299234726,10.8585700765274
2017,3.75659994079999,0.752375773792041,64.7116066887441,21.0073347042145,323.55803344372,156,24,0.236846307780893,88.94109071819,11.05890928181
2017,3.75452896370329,0.752335929893739,65.4154830139948,21.0763160965963,327.077415069974,157,24,0.230222865905878,88.741347493737,11.258652506263
2017,3.75214593894521,0.752207918943033,66.1202648527401,21.1448698390367,330.601324263701,158,24,0.224332578484667,88.5422833563908,11.4577166436092
2017,3.7525442221911,0.751966917654421,66.8257428836484,21.2129831347632,334.128714418242,159,24,0.233535758020717,88.3441439511993,11.6558560488007
2017,3.75082358439159,0.751587399713218,67.5294543827413,21.2804283962804,337.647271913707,160,24,0.236318658737342,88.1474913085186,11.8525086914814
2017,3.75024824957577,0.751041411467299,68.2322593371846,21.3472996202799,341.161296685923,161,24,0.248664696933076,87.9523587178222,12.0476412821778
2017,3.74784102182456,0.750301108049197,68.9324738776917,21.4134486448457,344.662369388458,162,24,0.257210506336988,87.7591483189903,12.2408516810097
2017,3.74152207976842,0.749337393833071,69.6304913732316,21.4789256222308,348.152456866158,163,24,0.251663863948832,87.5679288233827,12.4320711766173
2017,3.7355120581739,0.748120455448257,70.3283476596708,21.5439317419285,351.641738298354,164,24,0.254025152691438,87.3785025544456,12.6214974455544
2017,3.72872250177664,0.746622283722391,71.024522591814,21.6083348179545,355.12261295907,165,24,0.259598762140263,87.1912196293525,12.8087803706475
2017,3.72136198109994,0.744815464159447,71.7182174585713,21.6720723075721,358.591087292857,166,24,0.270479451201483,87.0063260190046,12.9936739809954
2017,3.70955235366832,0.742674095092018,72.4082563088881,21.7350489989911,362.04128154444,167,24,0.266571180113504,86.8241428008915,13.1758571991085
2017,3.68621961362907,0.738228352757458,73.0967067750124,21.7974652450964,365.483533875062,168,24,0.262590574987841,86.5334090684713,13.4665909315287
2017,3.64885851486163,0.730285460398348,73.781278328341,21.8591248687624,368.906391641705,169,24,0.277319294981736,86.0363271613736,13.9636728386264
2017,3.59885860776753,0.720280629008961,74.4554230774471,21.9194568908219,372.277115387235,170,24,0.279370391117366,85.3585966072296,14.6414033927704
2017,3.5470692717035,0.709668155850488,75.1191485133269,21.9784856301578,375.595742566635,171,24,0.28886304952651,84.5290187052071,15.4709812947929
2017,3.49601913829166,0.699606871928782,75.7706081699416,22.0360710596998,378.853040849708,172,24,0.286319099181388,83.5774416259558,16.4225583740442
2017,3.45285312902015,0.69084426743053,76.4123569747259,22.0924616852694,382.061784873629,173,24,0.29229114279735,82.5311331598201,17.4688668401799
2017,3.42130197686813,0.683754476322094,77.0442682880569,22.1476662705249,385.221341440284,174,24,0.320352939699315,81.4145983114381,18.5854016885619
2017,3.39250804930411,0.678437489567619,77.6642468722581,22.2015225468014,388.32123436129,175,24,0.307457779117595,80.2490857714202,19.7509142285798
2017,3.37519052894083,0.674819348005335,78.2810353470239,22.254805183946,391.405176735119,176,24,0.314917408671142,79.0501202542437,20.9498797457564
2017,3.36272720514043,0.672743508641147,78.8928576750847,22.3073705085691,394.464288375424,177,24,0.302791176281819,77.8322963575588,22.1677036424412
2017,3.36440041520104,0.672019839401867,79.5046015337552,22.3596457890149,397.523007668776,178,24,0.34273658946292,76.6063513451538,23.3936486548462
2017,3.36738505531291,0.672461530123777,80.1086794703075,22.4109916179483,400.543397351538,179,24,0.350958673663198,75.3839482883189,24.6160517116811
2017,3.37540919831048,0.67389378351307,80.7116981438817,22.4619789646807,403.558490719408,180,24,0.359964333187749,74.1721044097447,25.8278955902553
2017,3.38470284710367,0.676164238449714,81.3145083150428,22.5126840018028,406.572541575214,181,24,0.346086170802111,72.9779809048923,27.0220190951077
2017,3.40055389770585,0.679141161282265,81.9219401954508,22.5635134737249,409.609700977254,182,24,0.355641732789964,71.806855817147,28.193144182853
2017,3.41767175854327,0.682709684745734,82.5306179467082,22.6141843893106,412.653089733541,183,24,0.352106649472355,70.6653093555447,29.3346906444553
2017,3.43480806719047,0.68676794018426,83.1434125386356,22.6649355901208,415.717062693178,184,24,0.330746442333801,69.557792549833,30.442207450167
2017,3.45881150612038,0.69122382588205,83.7638920783679,22.7160583159211,418.81946039184,185,24,0.345394225104441,68.4880504208313,31.5119495791687
2017,3.48383791673612,0.695986234299337,84.3862276730298,22.7670695281894,421.931138365149,186,24,0.356576169462424,67.4618662611103,32.5381337388897
2017,3.5097706909937,0.700967340130787,85.011316476979,22.8180431501104,425.056582384895,187,24,0.366502296797308,66.4829552897008,33.5170447102992
2017,3.53599377640564,0.706078598474496,85.6395902734359,22.8690139410601,428.19795136718,188,24,0.373715068935274,65.5548669917047,34.4451330082953
2017,3.5622640268304,0.711229477641537,86.271649106201,22.920029499118,431.358245531005,189,24,0.379776856759532,64.6808834622512,35.3191165377487
2017,3.5866037371261,0.716304881603678,86.9077318717327,22.9711075242699,434.538659358663,190,24,0.373607374492087,63.8668890017734,36.1331109982266
2017,3.61281750720448,0.721212752359918,87.5498979459464,23.0224104178271,437.749489729732,191,24,0.388814156937841,63.1144826705093,36.8855173294907
2017,3.63636364659863,0.725856464802702,88.1942460230134,23.073624698041,440.971230115067,192,24,0.393436525407057,62.4265633027656,37.5734366972344
2017,3.65832094282447,0.730132049418619,88.8423586795352,23.1248757911015,444.211793397676,193,24,0.400145401001069,61.8059393951618,38.1940606048382
2017,3.67996493781221,0.733929868772712,89.4934999854919,23.1761046366647,447.46749992746,194,24,0.424437227335187,61.2561902705807,38.7438097294193
2017,3.69663872071227,0.737133583966078,90.144089821583,23.2270312938938,450.720449107915,195,24,0.432203221233204,60.7818980024215,39.2181019975785
2017,3.55374743598917,0.707710876297225,90.7964385373864,23.2778390675189,453.982192686932,196,24,0.475592297785036,59.5933002837829,40.4066997162171
2017,3.56394807472408,0.70945290343994,91.411507623469,23.3255108378825,457.057538117345,197,24,0.492946702942894,59.283898959199,40.716101040801
2017,3.56833098139848,0.710266649581199,92.0251229744538,23.3728476816679,460.125614872269,198,24,0.498623674674103,59.0636500040019,40.9363499959981
2017,3.57071876973577,0.710405113489579,92.6384558200856,23.419943401156,463.192279100428,199,24,0.519325947327082,58.8937836491287,41.1062163508713
2017,3.5717322084996,0.710154524029668,93.2481013045444,23.4665411056573,466.240506522722,200,24,0.547476013610594,58.7397106113933,41.2602893886067
2017,3.56946292806105,0.709530702313422,93.8522943510773,23.512513033527,469.261471755387,201,24,0.560365922714942,58.5992617855855,41.4007382144145
2017,3.56303065208516,0.708546855793029,94.453429870257,23.5580480651907,472.267149351285,202,24,0.545895552883812,58.4715694881076,41.5284305118924
2017,3.55673887361728,0.707221590840701,95.0561466374277,23.6035005425876,475.280733187139,203,24,0.552933604758281,58.3552746788622,41.6447253211378
2017,3.54982876567177,0.705559633989714,95.6561701662911,23.6485508301756,478.280850831456,204,24,0.5728960564921,58.2514476717126,41.7485523282874
2017,3.54152589535835,0.703565245754208,96.2507911854757,23.693001606038,481.253955927378,205,24,0.597150339876953,58.1608077984242,41.8391922015758
2017,3.52985170097755,0.70124648382349,96.8388721745081,23.7367756308058,484.194360872541,206,24,0.599959392154587,58.0837252221137,41.9162747778863
2017,3.51625497046214,0.698633567752934,97.4240273740479,23.7801483622899,487.120136870239,207,24,0.597098837972136,58.0194003317829,41.9805996682171
2017,3.50023971032603,0.695744812208863,98.007005479663,23.8231795429695,490.035027398315,208,24,0.581223403868417,57.9678421423222,42.0321578576778
2017,3.48585464045171,0.692601545196327,98.5899249967658,23.8660283947854,492.949624983829,209,24,0.602111083830008,57.9287608763544,42.0712391236456
2017,3.46852112254303,0.689211397424039,99.1657584503159,23.9081833491104,495.828792251579,210,24,0.601306665727324,57.9042622519742,42.0957377480258
2017,3.45136045814421,0.685497656516079,99.7382540571343,23.9499251606953,498.691270285672,211,24,0.624341600241255,57.9019306764796,42.0980693235204
2017,3.28234748219557,0.651260220798052,100.30267780096,23.990915277528,501.513389004798,212,24,0.671257785255035,57.0262996102984,42.9737003897016
2018,3.53507310359874,0.709785871871605,54.5,19.9420239553624,272.5,141,24,0.170585843901712,91.5134951720086,8.48650482799139
2018,3.53413863002607,0.709736217573988,55.1728708665736,20.0163140545572,275.864354332868,142,24,0.169778279514005,91.3471057574849,8.65289424251513
2018,3.53416040822608,0.709681471813376,55.8457143219023,20.0899723533525,279.228571609512,143,24,0.172470967901517,91.1750045114508,8.82499548854922
2018,3.53365219019186,0.709630447852792,56.5180214385304,20.1629567115796,282.590107192652,144,24,0.173182383773909,90.9977684971954,9.00223150280457
2018,3.53061387657471,0.709591308215598,57.1900823399653,20.2353120568077,285.950411699826,145,24,0.164684693013558,90.8158824529993,9.18411754700069
2018,3.53270742832424,0.709567283418594,57.86323268941,20.3071930517589,289.31616344705,146,24,0.17411498399603,90.6304461118664,9.36955388813359
2018,3.53695980523907,0.709571688705526,58.5349131127427,20.3783384903169,292.674565563714,147,24,0.192021259687368,90.4408434443545,9.55915655564554
2018,3.53146862690845,0.709604307531725,59.2038600301646,20.4486310891353,296.019300150823,148,24,0.172086406455365,90.2484750955119,9.75152490448814
2018,3.53387539030969,0.709664710268756,59.8756928079379,20.5186719722324,299.378464039689,149,24,0.181475953750637,90.0531357802676,9.94686421973242
2018,3.53514672539484,0.709752050809006,60.5461259742038,20.5880230163791,302.730629871019,150,24,0.186326295850864,89.8559528254694,10.1440471745306
2018,3.74582842258193,0.751999966146605,61.2158401155051,20.6567673577524,306.079200577525,151,24,0.189958250906303,89.9430679457199,10.0569320542801
2018,3.74484763820554,0.752088085860804,61.9269608024944,20.7291905629992,309.634804012472,152,24,0.186411092590812,89.7407506326748,10.2592493673252
2018,3.74851812921883,0.752179642011461,62.6385909422303,20.8010876954831,313.192954711151,153,24,0.200484127787976,89.5376199991762,10.4623800008238
2018,3.74732902661808,0.752267911464242,63.3481365230313,20.8722096362726,316.740682615157,154,24,0.195884715017982,89.3354584272478,10.6645415727522
2018,3.74757632512712,0.752334247307082,64.0583598928346,20.9428456539351,320.291799464173,155,24,0.197318163791519,89.1338736533824,10.8661263466176
2018,3.75230750963245,0.752356555103898,64.768341509951,21.0129141604983,323.841707549755,156,24,0.218126171936866,88.9326017343189,11.0673982656811
2018,3.74839150025845,0.752315063329792,65.4751029846525,21.0821351732965,327.375514923262,157,24,0.204462703054563,88.7323739771967,11.2676260228033
2018,3.75136551128969,0.752185029524855,66.1838089290849,21.1510256626809,330.919044645425,158,24,0.221563497287548,88.532665585832,11.467334414168
2018,3.7456161634667,0.751943296342384,66.8896842025165,21.2191317999212,334.448421012583,159,24,0.204234915119887,88.3344148052323,11.6655851947677
2018,3.74382630119408,0.751561562831799,67.5978697405741,21.2869593035728,337.989348702871,160,24,0.206425900614369,88.1370295590383,11.8629704409617
2018,3.74232178792671,0.751013315296096,68.3052532061738,21.3542173533235,341.526266030869,161,24,0.213282718766451,87.9411447106218,12.0588552893782
2018,3.73964572281511,0.750270402185397,69.0109581940787,21.4208337970678,345.054790970394,162,24,0.219474458001451,87.7470381418961,12.2529618581039
2018,3.73512018439668,0.749303920282308,69.7148830973922,21.4868108759477,348.574415486961,163,24,0.222559064644357,87.5548541131444,12.4451458868556
2018,3.72971258682456,0.748084779402287,70.4172791255411,21.5521834675279,352.086395627705,164,24,0.227370114796293,87.3646724764447,12.6353275235553
2018,3.7227392001451,0.746584595166471,71.1176242417413,21.6169142418841,355.588121208706,165,24,0.231511898427619,87.176690503522,12.823309496478
2018,3.71047353762773,0.744775713719177,71.8157387991884,21.6809981864658,359.078693995942,166,24,0.218680293939078,86.9910583291764,13.0089416708236
2018,3.7025858996535,0.742630802198283,72.5139586689778,21.7446589786789,362.569793344889,167,24,0.233106048257752,86.8075458117869,13.1924541882131
2018,3.68054290032897,0.738182439290325,73.2077075935682,21.807490391789,366.038537967841,168,24,0.235557004323422,86.5158062965525,13.4841937034475
2018,3.64212889804664,0.730236951770041,73.896549112571,21.869468084823,369.482745562855,169,24,0.243269261529688,86.017631334061,13.982368665939
2018,3.5947817368265,0.720228966100339,74.5761564158746,21.9302215792686,372.880782079373,170,24,0.258502362011955,85.3383786275869,14.6616213724131
2018,3.54523004437561,0.709614579761098,75.2432384076632,21.9894812505246,376.216192038316,171,24,0.279865315591904,84.5074305015464,15.4925694984536
2018,3.48922717721263,0.699552920983571,75.8961279656995,22.0471266292964,379.480639828498,172,24,0.249543705340265,83.5546817190919,16.4453182809081
2018,3.44704411150873,0.690788997975794,76.5438715567927,22.1039771157204,382.719357783963,173,24,0.25979535608803,82.5062560435202,17.4937439564798
2018,3.41297917527434,0.683699487270903,77.1811181477078,22.1595800460345,385.905590738539,174,24,0.269243437702956,81.3876141811449,18.6123858188551
2018,3.38489633441869,0.678383148181585,77.8096518212909,22.2141101698116,389.048259106455,175,24,0.262109738801416,80.219254236863,19.780745763137
2018,3.36903820856703,0.674768044540512,78.4339850723995,22.2679727806719,392.169925361997,176,24,0.276940172693804,79.0175536603404,20.9824463396596
2018,3.35767323939694,0.672697833747413,79.0521696606891,22.3210113081201,395.260848303445,177,24,0.272562152328179,77.79719333387,22.20280666613
2018,3.35567753008128,0.671982455739851,79.6689455830678,22.3736416656234,398.344727915339,178,24,0.284154425909411,76.5689924696301,23.4310075303699
2018,3.35618069633103,0.672433991113735,80.2829922155538,22.4257577811295,401.414961077769,179,24,0.275175813472425,75.3431926071927,24.6568073928073
2018,3.36199876258206,0.673879071728839,80.898923109333,22.4777554623472,404.494615546665,180,24,0.268602455852845,74.1272159701757,25.8727840298243
2018,3.37330863336067,0.676166297382405,81.5173196886193,22.5296844546866,407.586598443097,181,24,0.269775829681539,72.9282625681447,27.0717374318553
2018,3.39013126200209,0.679164342647651,82.1377304321838,22.581507406845,410.688652160919,182,24,0.282880514498998,71.7529160533623,28.2470839466377
2018,3.40900962588128,0.682758118252907,82.7588710832523,22.6331187448139,413.794355416261,183,24,0.290610812518265,70.607283332482,29.392716667518
2018,3.42822028046894,0.686845149719472,83.3822271300554,22.6846434442141,416.911135650277,184,24,0.284999539725092,69.4961984955263,30.5038015044737
2018,3.45111643133322,0.691332220449129,84.0105327555698,22.7363062991143,420.052663777849,185,24,0.289933374372609,68.4236599292917,31.5763400707082
2018,3.47770200834716,0.696129490203539,84.6424153579302,22.787992383295,423.212076789651,186,24,0.308713602251407,67.3943070190496,32.6056929809504
2018,3.50290235382287,0.701147428743464,85.2758428697743,22.8395356217992,426.379214348871,187,24,0.311533802996178,66.4126273145976,33.5873726854024
2018,3.53207246818154,0.706298644966841,85.9137296039081,22.8911727495637,429.568648019541,188,24,0.337027406505815,65.4815188842052,34.5184811157948
2018,3.55970233231827,0.711488565265721,86.5523340834245,22.9426010045654,432.761670417123,189,24,0.351222814937994,64.6054279829657,35.3945720170343
2018,3.58236667883958,0.716602045088116,87.1936072240865,22.9939787318418,435.968036120432,190,24,0.332582913184618,63.7897896266075,36.2102103733925
2018,3.60762579195491,0.721550094676052,87.843122231387,23.0457490241835,439.215611156935,191,24,0.338249734056207,63.0352558269591,36.9647441730409
2018,3.63228327814623,0.726235648433587,88.4965357589456,23.0975615473945,442.482678794728,192,24,0.348996387230467,62.3448376880001,37.6551623119999
2018,3.64859822761218,0.730550847763549,89.1527106523824,23.149325400692,445.763553261912,193,24,0.315360763381982,61.7220780009693,38.2779219990307
2018,3.67188743110651,0.734396410913972,89.8188540006176,23.2016047286067,449.094270003088,194,24,0.344637692548437,61.1684139985539,38.8315860014461
2018,3.68762125277629,0.737645157007665,90.4837770016773,23.2535194784938,452.418885008387,195,24,0.343135287942302,60.6904833073691,39.3095166926309
2018,3.54071840092659,0.708283166663929,91.1521236474859,23.3054342723424,455.76061823743,196,24,0.34151799872723,59.497150516514,40.502849483486
2018,3.55403843855019,0.710079835075966,91.7913885888081,23.3548424516419,458.95694294404,197,24,0.376114119054294,59.1816284594767,40.8183715405233
2018,3.55872835009472,0.71093871292321,92.4263739530366,23.4036830123917,462.131869765183,198,24,0.381270896285642,58.956142572817,41.043857427183
2018,3.55749528860472,0.711119103797639,93.0612409129452,23.4522812241346,465.306204564726,199,24,0.366564263499862,58.7810746274287,41.2189253725713
2018,3.55802407016303,0.710919581107603,93.6987767080845,23.5008517533861,468.493883540423,200,24,0.380504834574658,58.6201442528313,41.3798557471687
2018,3.55977185451432,0.710349816227886,94.3336032773665,23.5489875490565,471.668016386833,201,24,0.421228295879749,58.4721514321146,41.5278485678854
2018,3.55339812461275,0.709409934418211,94.9606070585225,23.5963090710027,474.803035292612,202,24,0.40888919476887,58.3382061956803,41.6617938043197
2018,3.54865807111524,0.708125776515466,95.5887756990187,23.6435006309841,477.943878495094,203,24,0.425886485282721,58.2157986262814,41.7842013737186
2018,3.54569215505668,0.706499598092327,96.2125676810059,23.6901499807968,481.06283840503,204,24,0.477456629806094,58.1063206539711,41.8936793460289
2018,3.53570824400738,0.704528658477699,96.8254225283668,23.7357765745554,484.127112641834,205,24,0.478890777783111,58.0114804015939,41.9885195984061
2018,3.52358590897104,0.702238147406871,97.4359634354807,23.7810311922134,487.179817177403,206,24,0.474883671118678,57.9291092802173,42.0708907197826
2018,3.51190115449509,0.699652812227583,98.0448501440089,23.8259667863315,490.224250720044,207,24,0.490445118233842,57.8591853846981,42.1408146153019
2018,3.4950854369195,0.696783365943097,98.6482555884532,23.8703063923829,493.241277942266,208,24,0.468032783579842,57.8028978716919,42.1971021283081
2018,3.47941087558663,0.693658471344006,99.2527476579782,23.9145367104977,496.263738289891,209,24,0.470258979760847,57.7588164817924,42.2411835182076
2018,3.46251047970163,0.690289193269674,99.8536258357769,23.9583169207733,499.268129178884,210,24,0.472466842794312,57.7284510347211,42.2715489652789
2018,3.44660701303575,0.686590760248394,100.45064782626,24.0016346893698,502.253239131302,211,24,0.502667940923946,57.7204153268703,42.2795846731297
2018,3.27574899720645,0.652391663170072,101.038413583535,24.0441059232381,505.192067917676,212,24,0.509891711977159,56.8380814219202,43.1619185780798
2019,3.53534506110541,0.709785871871605,54.5,19.9420239553624,272.5,141,24,0.171561640435196,91.5134951720086,8.48650482799139
2019,3.53526708144401,0.709736225285019,55.1727300987682,20.0162985789282,275.863650493841,142,24,0.173844297070733,91.3471252706834,8.65287472931661
2019,3.53867037295206,0.709681528374891,55.8449860413069,20.0898929614405,279.224930206534,143,24,0.189581224406612,91.1751062008481,8.82489379915193
2019,3.53600913114885,0.709630772301316,56.5147731019846,20.1626055370213,282.573865509923,144,24,0.181946190454992,90.9982254871666,9.00177451283333
2019,3.53859684359697,0.709591857938992,57.1855526416624,20.2348263697742,285.927763208312,145,24,0.194686709793729,90.8165246431514,9.18347535684864
2019,3.53644904459496,0.70956855038018,57.8542991979993,20.3062429330798,289.271495989996,146,24,0.188285992548605,90.6317224923757,9.36827750762432
2019,3.53771304931742,0.709573469418989,58.523893778085,20.3771759079818,292.619468890425,147,24,0.195014708460173,90.4424302756208,9.55756972437916
2019,3.53773434069072,0.709606376777464,59.1923927005677,20.4474307833792,295.961963502838,148,24,0.196188725934759,90.2501394669389,9.74986053306105
2019,3.5389406141532,0.709667692267343,59.8606582078616,20.5171105705486,299.303291039308,149,24,0.201717556572312,90.0553349415656,9.94466505843439
2019,3.54041439272094,0.709755940164045,60.5280561685854,20.5861608735044,302.640280842927,150,24,0.20795994335036,89.8586162594872,10.1413837405128
2019,3.74951429448577,0.752005646424187,61.1944972030975,20.654584672771,305.972486015488,151,24,0.204166055990019,89.9461543029527,10.0538456970473
2019,3.75115626886567,0.752094719925672,61.9035136147893,20.7268118792287,309.517568073947,152,24,0.211002918199297,89.7441664766995,10.2558335233005
2019,3.75321482068005,0.752187734804844,62.6114872450886,20.7983598224076,313.057436225443,153,24,0.219762425574396,89.5415968923745,10.4584031076255
2019,3.75456112708516,0.752277310285339,63.3181166631326,20.8692118474289,316.590583315663,154,24,0.225729944266494,89.3398933725292,10.6601066274708
2019,3.75761461540741,0.752345524563422,64.0238175928559,20.9394228752737,320.119087964279,155,24,0.240304560428592,89.1390099810441,10.8609900189559
2019,3.75651623438265,0.752370489743073,64.7272098145111,21.0088694977201,323.636049072556,156,24,0.236623238761298,88.9387559606007,11.0612440393993
2019,3.75429611895151,0.752330460557226,65.4311139047871,21.0778420728648,327.155569523935,157,24,0.22933201435906,88.7389947168536,11.2610052831464
2019,3.75623062806544,0.752202242427526,66.1360272312467,21.1463972016935,330.680136156234,158,24,0.243403444318124,88.539897470206,11.460102529794
2019,3.75674339541241,0.751962202951006,66.8385079059336,21.2142109603545,334.192539529668,159,24,0.253936916214582,88.342201519964,11.6577984800359
2019,3.74998817535073,0.751583803511563,67.5389789048429,21.2813378802211,337.694894524215,160,24,0.232549225955684,88.1460347436391,11.8539652563609
2019,3.75058068442593,0.751037520203092,68.242370582932,21.3482581851157,341.21185291466,161,24,0.250434713696141,87.9508051944201,12.0491948055799
2019,3.74787281429312,0.750297265267562,68.9422975164072,21.414373342224,344.711487582036,162,24,0.257500152188826,87.7576323770081,12.2423676229919
2019,3.74251013518079,0.74933351831564,69.6402633486149,21.479839020701,348.201316743075,163,24,0.256780185223901,87.5664147001797,12.4335852998203
2019,3.73702678402569,0.748116866903718,70.3372938849807,21.5447621684122,351.686469424903,164,24,0.261918464050741,87.3771111308331,12.6228888691669
2019,3.73089113940855,0.746619178872023,71.0321930068063,21.6090419516864,355.160965034031,165,24,0.271177425962447,87.1900224612617,12.8099775387383
2019,3.7219433207896,0.744813104888595,71.7240057843992,21.672602334299,358.620028921996,166,24,0.273722761960913,87.0054196914562,12.9945803085438
2019,3.71031190607559,0.742671942447978,72.4135121740414,21.7355270693565,362.067560870207,167,24,0.270734915605713,86.8233174220185,13.1766825779815
2019,3.69132757293337,0.738226460316244,73.1012817402652,21.7978786470938,365.506408701326,168,24,0.291151118059829,86.5326834436237,13.4673165563762
2019,3.65258870994093,0.730285509056798,73.7811627191084,21.8591144895258,368.905813595542,169,24,0.299227258375739,86.0363459154589,13.9636540845411
2019,3.60290265951648,0.720282234647713,74.4516719160792,21.9191222392373,372.258359580396,170,24,0.303661981434585,85.3592249035015,14.6407750964985
2019,3.54769388669015,0.709671525416483,75.1113478960945,21.9777939937385,375.556739480472,171,24,0.292545090857294,84.5303761056243,15.4696238943757
2019,3.49739811967433,0.699610490039666,75.7621961800956,22.0353296897239,378.810980900478,172,24,0.294705420542397,83.5789673075012,16.4210326924988
2019,3.45359584166889,0.690848395439154,76.4025436436769,22.0916018753282,382.012718218384,173,24,0.296844171819743,82.5329899501368,17.4670100498632
2019,3.41815415083096,0.683758731109698,77.0336930479508,22.1467450052374,385.168465239754,174,24,0.298961555756667,81.4166841854799,18.5833158145201
2019,3.39378408817301,0.678440082515514,77.6573205168368,22.2009225264859,388.286602584184,175,24,0.316075674822848,80.2505072761111,19.7494927238889
2019,3.37686330171663,0.674822170368564,78.2726407382126,22.2540819646761,391.363203691063,176,24,0.32662580325683,79.0519083448136,20.9480916551864
2019,3.36971728200037,0.672746500603217,78.8824560905969,22.3064792243659,394.412280452985,177,24,0.353289117926674,77.8345892289814,22.1654107710186
2019,3.36555682112459,0.672024206744493,79.4854985677621,22.3580176335,397.427492838811,178,24,0.351392027023595,76.6106959523232,23.3893040476768
2019,3.36951890487017,0.672464812988625,80.0880770631813,22.4092448932846,400.440385315906,179,24,0.367725733061502,75.3887678924861,24.6112321075139
2019,3.37614004719194,0.673895670314886,80.6881695036361,22.4599945220634,403.440847518181,180,24,0.365661464744046,74.1777490077851,25.8222509922149
2019,3.39041740468271,0.676164035961971,81.289986902755,22.5106265180236,406.449934513775,181,24,0.392401033566338,72.9839963619578,27.0160036380422
2019,3.40688510521602,0.679137727704132,81.8892992459371,22.5607887927929,409.446496229686,182,24,0.408611093966034,71.8150212615987,28.1849787384013
2019,3.42465174331775,0.68270088857355,82.4886500896192,22.6106990452002,412.443250448096,183,24,0.410219502237599,70.6759877549484,29.3240122450516
2019,3.44741195026459,0.686751221021572,83.0912190720454,22.6606231420648,415.456095360227,184,24,0.435232589206015,69.5712673053347,30.4287326946653
2019,3.46540556974815,0.691193053300212,83.6933234021729,22.7102573314494,418.466617010864,185,24,0.399156127762401,68.5064941462902,31.4935058537097
2019,3.488689425758,0.695941803099686,84.3062271716203,22.7605268153039,421.531135858102,186,24,0.397155165442236,67.482988591048,32.517011408952
2019,3.51398757461038,0.700908373489685,84.9241725264546,22.8109525961958,424.620862632273,187,24,0.403034345041738,66.5061536251352,33.4938463748648
2019,3.54018836860691,0.706003883542336,85.5459856032202,22.8614365111473,427.729928016101,188,24,0.411150438290234,65.5799462350572,34.4200537649428
2019,3.56821131977501,0.711137421282561,86.1713988564643,22.9119553913217,430.856994282321,189,24,0.433897944745372,64.7078726848432,35.2921273151568
2019,3.59499379184033,0.716191221462156,86.7978497227976,22.9623025483676,433.989248613988,190,24,0.449629682129327,63.8965694693679,36.1034305306321
2019,3.6188949950306,0.721071456666044,87.4264925953249,23.0125719234183,437.132462976625,191,24,0.446778951180317,63.1478807700271,36.8521192299729
2019,3.64438807199274,0.725689437112429,88.0604669927301,23.063013134396,440.30233496365,192,24,0.471298160612087,62.462794363743,37.537205636257
2019,3.66358362286838,0.729933598784127,88.6946164557823,23.1132157020681,443.473082278911,193,24,0.454007809797756,61.8459354329969,38.1540645670031
2019,3.68424368917452,0.733705121280321,89.3360426775798,23.1637404857874,446.680213387899,194,24,0.472975609319918,61.2987539158739,38.7012460841261
2019,3.70317961396043,0.736884283173303,89.9777859561798,23.2140378503395,449.888929780899,195,24,0.50513553130104,60.8267457331323,39.1732542668677
2019,3.55669553352164,0.707423190331881,90.6168622622251,23.2638783278929,453.084311311125,196,24,0.52083674881488,59.6419531293612,40.3580468706388
2019,3.56324058268307,0.709143975763563,91.2234786454245,23.3109611827968,456.117393227122,197,24,0.500947608772581,59.3346406972281,40.6653593027719
2019,3.56881015609843,0.709950254398904,91.8353594230258,23.3582320893491,459.176797115129,198,24,0.519881210504286,59.1146199292699,40.8853800707301
2019,3.56808950771228,0.710079165851065,92.4445440061663,23.4050771344498,462.222720030832,199,24,0.50780705382313,58.9456118523741,41.0543881476259
2019,3.56767119000018,0.709829937787004,93.0559752373806,23.4518790955223,465.279876186903,200,24,0.519443434441219,58.7908196889367,41.2091803110633
2019,3.56398795806471,0.709213477588403,93.6649705968211,23.498282034769,468.324852984105,201,24,0.515731897048409,58.6488705793717,41.3511294206283
2019,3.55919180886149,0.708242955859315,94.2739459784078,23.544473656697,471.369729892039,202,24,0.519235137001026,58.5188996486133,41.4811003513867
2019,3.55420644502124,0.70692618903792,94.8812350196576,23.5903307293293,474.406175098288,203,24,0.540091578738679,58.4012114637059,41.5987885362941
2019,3.54481391381722,0.705269180792466,95.4833284695302,23.6355939696207,477.416642347651,204,24,0.530737480261596,58.2966655819105,41.7033344180895
2019,3.53540291828156,0.703289415865925,96.0853863864304,23.6806560629373,480.426931932152,205,24,0.539472400918902,58.203920834612,41.796079165388
2019,3.529405469322,0.700990315580116,96.6837864097553,23.7252497923981,483.418932048776,206,24,0.610026958977691,58.1240070237413,41.8759929762587
2019,3.51306149256052,0.698376971250697,97.2668466179629,23.7685157234624,486.334233089814,207,24,0.572642957474518,58.060090966804,41.939909033196
2019,3.4977185297504,0.695498581096559,97.8540853102458,23.8119093922956,489.270426551229,208,24,0.564788551206714,58.0073017515543,41.9926982484457
2019,3.4826694417435,0.692363581011646,98.4397956801761,23.855009709347,492.19897840088,209,24,0.576227371664446,57.9673776087659,42.0326223912341
2019,3.46959146009935,0.688984699834921,99.0201770391477,23.8975419400885,495.100885195739,210,24,0.630000801777377,57.9415935246816,42.0584064753184
2019,3.44928643012387,0.685267311699897,99.5871560684231,23.9389245560117,497.935780342116,211,24,0.611329923786131,57.9405599506382,42.0594400493618
2019,3.27823103259748,0.651032649976297,100.153776072247,23.9801172384363,500.768880361234,212,24,0.626459761189615,57.064525891968,42.935474108032
2020,3.53384795221274,0.709776244897526,54.5,19.9420239553624,272.5,141,24,0.166424958315904,91.5146428480134,8.48535715198655
2020,3.53425196738041,0.709727524202111,55.1734580134135,20.0163786035843,275.867290067068,142,24,0.170337807577542,91.3481676108362,8.6518323891638
2020,3.53424577800137,0.709673693284183,55.8462122287749,20.090026631163,279.231061143874,143,24,0.17292117848518,91.1760724712006,8.8239275287994
2020,3.53428271498258,0.70962353946431,56.5184463755967,20.1630026500791,282.592231877983,144,24,0.17561549850814,90.9988389329767,9.0011610670233
2020,3.53458315396158,0.70958525864363,57.1901467575529,20.2353189636499,285.950733787764,145,24,0.17909848068469,90.8169946014928,9.18300539850716
2020,3.53469702818743,0.709565879504753,57.8612082047011,20.3069777472819,289.306041023506,146,24,0.181558205212436,90.631090951744,9.36890904825598
2020,3.53546340232182,0.709567523272484,58.5317979117446,20.3780098400557,292.658989558723,147,24,0.186159088186835,90.4424134091087,9.55758659089134
2020,3.5362326685149,0.709600657271195,59.2016179958918,20.4483964241701,296.008089979459,148,24,0.19024076925583,90.2499269423823,9.75007305761775
2020,3.53687370091258,0.709662275714939,59.8707727193349,20.5181610319808,299.353863596675,149,24,0.193292804253577,90.0549641792283,9.94503582077165
2020,3.53758593893038,0.709750668826933,60.5394422006211,20.5873342803816,302.697211003106,150,24,0.196117799610433,89.8580265787791,10.1419734212209
2020,3.74735728992638,0.752002476907756,61.2076859169037,20.6559335113677,306.038429584518,151,24,0.195724854201905,89.946003033184,10.0539969668161
2020,3.75075195987438,0.752091438805978,61.9179590992632,20.7282774272845,309.589795496316,152,24,0.209426216575578,89.743774286672,10.256225713328
2020,3.7518146467815,0.752184556546439,62.6261671283021,20.7998373930279,313.13083564151,153,24,0.213861583480714,89.5411073741685,10.4588926258315
2020,3.75021964774149,0.752270043719065,63.3336965941765,20.8707677858828,316.668482970883,154,24,0.207334918475159,89.338485008031,10.661514991969
2020,3.75335161368492,0.752337598182488,64.0422081368804,20.9412453449443,320.211040684402,155,24,0.221088356897574,89.1371397421347,10.8628602578653
2020,3.75190060159067,0.752361737538124,64.74859087875,21.0109722164769,323.74295439375,156,24,0.216213322814862,88.9363896066805,11.0636103933195
2020,3.75322974936029,0.752320725827309,65.4556536781458,21.0802372723335,327.278268390729,157,24,0.224826097132236,88.7360996974134,11.2639003025866
2020,3.75235897652208,0.752192325063576,66.1612547354429,21.1488412000386,330.806273677214,158,24,0.225738481162693,88.5368406346934,11.4631593653066
2020,3.75300730854795,0.751951305175402,66.8664938786884,21.2169022673786,334.332469393442,159,24,0.236164763846328,88.3386650248928,11.6613349751072
2020,3.75258401456367,0.751571843907326,67.5697718641238,21.2842776473814,337.848859320619,160,24,0.245197261683457,88.1420053558403,11.8579946441597
2020,3.74762737382984,0.751026298878324,68.2711528403152,21.3509862546321,341.355764201576,161,24,0.2365366468426,87.947017610224,12.052982389776
2020,3.74194258243817,0.750285156215985,68.9732684666374,21.4172880312871,344.866342333187,162,24,0.229272682138214,87.7534399895693,12.2465600104307
2020,3.74064554856205,0.749319588464493,69.6756934539393,21.4831499670098,348.378467269696,163,24,0.247884607411522,87.5614615984229,12.4385384015771
2020,3.73512936373417,0.748102295332112,70.3741298366446,21.5481806619204,351.870649183223,164,24,0.25268434984531,87.3718656212566,12.6281343787434
2020,3.72875431016177,0.746603930845266,71.070495912816,21.612572291264,355.35247956408,165,24,0.260373018585141,87.1844723808995,12.8155276191005
2020,3.72240213530504,0.744797066732917,71.7640417862666,21.6762675439774,358.820208931333,166,24,0.27681068296652,86.9995208639004,13.0004791360996
2020,3.71163936388832,0.742656038447466,72.4530218941944,21.7391200759945,362.265109470972,167,24,0.278600284631095,86.8174220809287,13.1825779190713
2020,3.69038923836027,0.738210934703944,73.1394834017272,21.8013299134337,365.697417008636,168,24,0.286260730133106,86.5268724016188,13.4731275983812
2020,3.64897508644935,0.730269367002056,73.8201543084704,21.8626144577565,369.100771542352,169,24,0.278552493570759,86.0302066575791,13.9697933424209
2020,3.59851709460157,0.720264301885456,74.4940752177878,21.9229044720658,372.470376088939,170,24,0.27798897752758,85.3522423440179,14.6477576559821
2020,3.54450358587185,0.709651471603767,75.1580080987423,21.9819303432516,375.790040493712,171,24,0.274319679006097,84.5223033361245,15.4776966638755
2020,3.49636580449278,0.699589046019405,75.8118627302267,22.0397060983165,379.059313651133,172,24,0.289112438599583,83.5699240751037,16.4300759248963
2020,3.45598730547391,0.690826795245519,76.4531215775332,22.0960325143815,382.265607887666,173,24,0.313437350914849,82.5232927982902,17.4767072017099
2020,3.41942301208383,0.683738913946421,77.0814298428597,22.150902911934,385.407149214299,174,24,0.308152782815769,81.4070383903732,18.5929616096268
2020,3.39311622021281,0.67842188557808,77.7034720562583,22.2049198651898,388.517360281291,175,24,0.312249003417968,80.2406917596999,19.7593082403001
2020,3.37521881668483,0.674805211622037,78.3194232512368,22.2581117217715,391.597116256184,176,24,0.315730354826854,79.0414752893283,20.9585247106717
2020,3.36390741736264,0.67273099333622,78.9310879666825,22.3106456573854,394.655439833413,177,24,0.311355278186336,77.823266268539,22.176733731461
2020,3.36258501863816,0.672009674978267,79.5413543426762,22.3627774828751,397.706771713381,178,24,0.329720707221892,76.5972455461885,23.4027544538116
2020,3.36487306225491,0.672453379815897,80.1476716725346,22.4142966195393,400.738358362673,179,24,0.33240485298967,75.3739264127423,24.6260735872577
2020,3.37555202295049,0.67388837892456,80.7538979364198,22.4655371518841,403.769489682099,180,24,0.361470328816837,74.160918963493,25.839081036507
2020,3.38482036459536,0.676162589140681,81.3564346026727,22.5162008505127,406.782173013364,181,24,0.347190443498154,72.9664651873857,27.0335348126143
2020,3.40125880917947,0.679143714657671,81.9636682346293,22.5669955915365,409.818341173146,182,24,0.361227294596767,71.7950111213971,28.2049888786029
2020,3.4222585711297,0.682716697912788,82.5713689292665,22.6175674926347,412.856844646333,183,24,0.389002494176426,70.6533532716491,29.3466467283509
2020,3.44324038977633,0.686777859946268,83.1777007763124,22.6677676045599,415.888503881562,184,24,0.396785098238691,69.5471661921713,30.4528338078287
2020,3.46714982322089,0.691233321845764,83.7866582306014,22.7179290441185,418.933291153007,185,24,0.413008026517997,68.4801344971134,31.5198655028866
2020,3.4930621788737,0.695992669072008,84.397138164679,22.7679614902362,421.985690823395,186,24,0.434098627750354,67.4568242531038,32.5431757468962
2020,3.51740909124548,0.700966838735049,85.0085670493122,22.8178195176155,425.042835246561,187,24,0.431066703233496,66.4813272288893,33.5186727711107
2020,3.54315687416563,0.706069837583974,85.6254557176941,22.8678700989995,428.127278588471,188,24,0.434990752321105,65.5560933045692,34.4439066954308
2020,3.56889483608334,0.711210409811756,86.2466924231913,22.9180201112236,431.233462115956,189,24,0.437098067501461,64.6848390841579,35.3151609158421
2020,3.59668960379601,0.716290598287157,86.8726378218848,22.9682962436957,434.363189109424,190,24,0.461285153155806,63.8712946618635,36.1287053381365
2020,3.62005600249972,0.721181008736003,87.4992865535233,23.0183765932861,437.496432767616,191,24,0.452765438569568,63.1227561453394,36.8772438546606
2020,3.6440503353104,0.725809699827525,88.1322936274192,23.068711932034,440.661468137096,192,24,0.462598047873982,62.4375666544251,37.5624333455749
2020,3.66548773325848,0.730067387344913,88.7681132885762,23.1190178984692,443.840566442881,193,24,0.465887210332577,61.8199114632375,38.1800885367625
2020,3.68604786831039,0.733846740680706,89.4075420388195,23.169356770454,447.037710194098,194,24,0.4839065492292,61.2729469566641,38.7270530433359
2020,3.69772834018478,0.737032692453048,90.0474575331719,23.2194833775522,450.237287665859,195,24,0.445996506152496,60.8011261571698,39.1988738428302
2020,3.55402830383346,0.707572549997679,90.6972689352506,23.2701317393485,453.486344676253,196,24,0.485045018324047,59.6157078977346,40.3842921022654
2020,3.56549226454104,0.709309283234135,91.3105072856753,23.3176980421169,456.552536428377,197,24,0.51651331745917,59.3064804221173,40.6935195778827
2020,3.57207648206403,0.710113895910974,91.9197219777138,23.3647322911876,459.598609888569,198,24,0.547617772290184,59.0872510005206,40.9127489994794
2020,3.57055144440517,0.710237027895586,92.5240092287821,23.4111719687695,462.62004614391,199,24,0.526251509809739,58.9194616466409,41.0805383533591
2020,3.57106387369467,0.709984202602999,93.1322407609664,23.4577017859448,465.661203804832,200,24,0.549115289837545,58.7654097620145,41.2345902379855
2020,3.56857092507038,0.709360112381792,93.7359771197333,23.5036787377727,468.679885598666,201,24,0.559433839178891,58.6247270828282,41.3752729171718
2020,3.5628291752956,0.708377114364182,94.3371256636088,23.5492540036439,471.685628318044,202,24,0.552903578131395,58.496676658629,41.503323341371
2020,3.55652115201159,0.70705052657101,94.9384056964922,23.5946372042564,474.692028482461,203,24,0.559931528345435,58.3804032833311,41.6195967166689
2020,3.55108560104949,0.705387525904924,95.5369914903797,23.6396184990586,477.684957451899,204,24,0.598571408993127,58.2765940410493,41.7234059589507
2020,3.5400347664575,0.703386662007683,96.126734435385,23.6837436012432,480.633672176925,205,24,0.589128297495606,58.1868651239205,41.8131348760795
2020,3.53027293657329,0.701072051471156,96.7161276449888,23.7276544275284,483.580638224944,206,24,0.616142036572687,58.1090745841792,41.8909254158208
2020,3.51971230622975,0.698456146194906,97.298136716106,23.7708324860466,486.49068358053,207,24,0.65446119923754,58.0451953622378,41.9548046377622
2020,3.50606001724698,0.695552410149267,97.8703403141203,23.8131079618951,489.351701570602,208,24,0.671390657880824,57.9960426228134,42.0039573771866
2020,3.4909956944248,0.692385185888316,98.4363977001594,23.8547601803627,492.181988500797,209,24,0.687588639821345,57.9609106445556,42.0390893554444
2020,3.47695764108118,0.688973415372654,98.9961722409958,23.8957862399409,494.980861204979,210,24,0.739483690999173,57.9401247172215,42.0598752827785
2020,3.45449197116332,0.685288304781206,99.5427292722076,23.9356878750752,497.713646361038,211,24,0.682764031416496,57.9388516765792,42.0611483234208
2020,3.28329645744405,0.650981371099508,100.096106117534,23.9759321290779,500.480530587669,212,24,0.707272476497882,57.0703659313166,42.9296340686834
2021,3.54623233333591,0.709785871871605,54.5,19.9420239553624,272.5,141,24,0.215570828002128,91.5134951720086,8.48650482799139
2021,3.54543349872613,0.709736587829942,55.1661057157009,20.0155702811804,275.830528578505,142,24,0.215136083027417,91.3480435483813,8.65195645161865
2021,3.54534366888475,0.709682525128953,55.8321366050944,20.0884920896327,279.160683025472,143,24,0.218004845598491,91.1769003893092,8.82309961069083
2021,3.5450790512045,0.709632487976207,56.497573643135,20.1607458854841,282.487868215675,144,24,0.219986061019906,91.000645240941,8.99935475905904
2021,3.54428994475143,0.709594644686641,57.1625592529534,20.2323605401604,285.812796264767,145,24,0.219252109453626,90.8197846009289,9.18021539907115
2021,3.54491081468293,0.709572341416258,57.8275314349874,20.3033954436845,289.137657174937,146,24,0.224692002279977,90.6355471293599,9.36445287064011
2021,3.54367341571316,0.709578691135682,58.4915372724814,20.3737612898064,292.457686362407,147,24,0.220774514667775,90.4470900040216,9.55290999597844
2021,3.54870754895762,0.709612921901139,59.156076441823,20.44362842638,295.780382209115,148,24,0.246685764383025,90.2554107385088,9.74458926149118
2021,3.54658344850301,0.709676452000031,59.8164373431952,20.5125164769736,299.082186715976,149,24,0.236439956207949,90.0618037678508,9.93819623214917
2021,3.54617824404175,0.709766610896796,60.4784195969874,20.5810436943238,302.392097984937,150,24,0.234270410028639,89.8659331821632,10.1340668178368
2021,3.75904086096306,0.752019934837348,61.1407515528971,20.6490858914913,305.703757764486,151,24,0.246019839668246,89.953927104292,10.046072895708
2021,3.76003658687905,0.752111738064933,61.843302800665,20.7207006999016,309.216514003325,152,24,0.250934203873826,89.7529390868274,10.2470609131726
2021,3.76139189075383,0.752207547415902,62.5450665689971,20.7916713792746,312.725332844986,153,24,0.257643927885684,89.5513439135303,10.4486560864697
2021,3.76168318751705,0.752299944514417,63.245755487593,20.8619817729661,316.228777437965,154,24,0.259078010736529,89.3505850077854,10.6494149922146
2021,3.76357510987874,0.75237083895115,63.9462116618719,20.9317282468378,319.73105830936,155,24,0.269448762760129,89.1505514638586,10.8494485361414
2021,3.76299068944425,0.752398328923935,64.6449676470737,21.0007768842297,323.224838235368,156,24,0.267952444541968,88.9510632919856,11.0489367080144
2021,3.76113003390652,0.752360964284501,65.3439013523498,21.0693246399548,326.719506761749,157,24,0.261469623474964,88.7521233193164,11.2478766806837
2021,3.76081588541611,0.75223546037298,66.0437545723337,21.1374524425909,330.218772861669,158,24,0.265354800604726,88.5538658763128,11.4461341236872
2021,3.76098549828956,0.751997554096006,66.7427627328219,21.2049975586437,333.71381366411,159,24,0.274904827106982,88.3567725800172,11.6432274199827
2021,3.7591087484953,0.751621205747588,67.4398893417206,21.2718715732559,337.199446708603,160,24,0.277238887305772,88.1611902063267,11.8388097936733
2021,3.7576681753645,0.75107838090463,68.1361680431485,21.3381850425696,340.680840215743,161,24,0.286686507646794,87.9671247061869,12.032875293813
2021,3.75331960764889,0.75034108068502,68.8302630648209,21.4038221054282,344.151315324104,162,24,0.285272318915601,87.774923579271,12.2250764207289
2021,3.74617057071098,0.749379712619466,69.5237648751662,21.4689439448701,347.618824375831,163,24,0.274517787797377,87.584468382577,12.415531617423
2021,3.74197145761786,0.748164719480883,70.2179811289555,21.5336809916418,351.089905644777,164,24,0.287237148891033,87.3956710427719,12.6043289572281
2021,3.73475456211555,0.746669118659184,70.9088066868871,21.5976605321202,354.544033434436,165,24,0.29103256964256,87.2092833648575,12.7907166351425
2021,3.72470544731359,0.744864696277676,71.5974224648766,21.6610045145567,357.987112324383,166,24,0.287365147435591,87.0252434407071,12.9747565592929
2021,3.71470613877772,0.74272467709188,72.2847542500747,21.7238083573123,361.423771250373,167,24,0.29368599624166,86.843541206455,13.156458793545
2021,3.69386783832216,0.738281258793975,72.9688139904791,21.7859013200898,364.844069952396,168,24,0.304322296442664,86.5536978920432,13.4463021079568
2021,3.64968449275905,0.730342167132091,73.6465704511087,21.847023286219,368.232852255543,169,24,0.279993554867883,86.0581839964769,13.9418160035231
2021,3.60485070709424,0.720338464730726,74.3203473158401,21.9073989901697,371.6017365792,170,24,0.313860038111278,85.3812258078859,14.6187741921141
2021,3.55359544728676,0.70972899411861,74.9783751010783,21.9659963434448,374.891875505392,171,24,0.328639244046349,84.5535205846095,15.4464794153905
2021,3.50342050498996,0.699670324647607,75.6231867780352,22.0230701229885,378.115933890176,172,24,0.332379826085903,83.6041862584337,16.3958137415663
2021,3.45879038534032,0.690909595890386,76.2572059227661,22.0788588687087,381.286029613831,173,24,0.329315068057936,82.5604978123489,17.4395021876511
2021,3.42200615445492,0.683819484319704,76.8829023290742,22.1335992258972,384.414511645371,174,24,0.322464131222547,81.4464363740306,18.5535636259694
2021,3.40050276805249,0.678498107061868,77.5026021390891,22.187509760534,387.513010695446,175,24,0.363372803036287,80.2822717441521,19.7177282558479
2021,3.37726393610806,0.674877051684857,78.109809292596,22.2400428688868,390.54904646298,176,24,0.326989012547752,79.0866062240988,20.9133937759012
2021,3.37374856970959,0.672793492126977,78.7196349985163,22.2925168277339,393.598174992582,177,24,0.383609106603687,77.8704962076756,22.1295037923244
2021,3.37434435782591,0.672062829586424,79.3174227161548,22.3436806738262,396.587113580774,178,24,0.424357434122345,76.6489404788262,23.3510595211738
2021,3.37783741884438,0.67249389360829,79.9071688319874,22.3938935665655,399.535844159937,179,24,0.439855975815085,75.4311121155284,24.5688878844716
2021,3.38563412766767,0.673911523073929,80.4945024945232,22.4436449990353,402.472512472616,180,24,0.449330058395629,74.2242396486968,25.7757603513032
2021,3.39051375909499,0.676162719478825,81.0814889525171,22.4931148728486,405.407444762586,181,24,0.392484684772057,73.0351800367691,26.9648199632309
2021,3.40590482877481,0.679116248425912,81.68080825876,22.5433672672719,408.4040412938,182,24,0.400054042943974,71.8672169164257,28.1327830835743
2021,3.42500044323452,0.682658005030174,82.2816790430452,22.5934924255076,411.408395215226,183,24,0.414461699444713,70.7286928163859,29.2713071836141
2021,3.44586897355362,0.686685226326898,82.8834740453774,22.6434396202814,414.417370226887,184,24,0.423101811106247,69.6249478491341,30.3750521508659
2021,3.46980626982517,0.691104001230727,83.4877008459142,22.6933349980622,417.438504229571,185,24,0.442217018703795,68.5602870965226,31.4397129034774
2021,3.49191082103587,0.695824019691363,84.0928776136565,22.7430571797728,420.464388068282,186,24,0.430031299582939,67.5393779590344,32.4606220409656
2021,3.51756130218707,0.700760791452364,84.7048974366025,22.7930885996613,423.524487183012,187,24,0.440803008732069,66.5645919348538,33.4354080651462
2021,3.54191632321989,0.705824288003956,85.3198772953812,22.8431088562245,426.599386476906,188,24,0.433672104083719,65.6405996088997,34.3594003911003
2021,3.56918653962025,0.710926939483738,85.9411379717819,22.8933854693975,429.705689858909,189,24,0.451788254998291,64.7699417297155,35.2300582702845
2021,3.59364202580003,0.715950588541441,86.5642123270326,22.9435550770854,432.821061635163,190,24,0.447325089198867,63.9597622690555,36.0402377309444
2021,3.61925386064928,0.720805273939534,87.1930526061423,22.9939344107531,435.965263030711,191,24,0.46171025978305,63.2111476365186,36.7888523634814
2021,3.64495536517108,0.725395523320341,87.8241195972015,23.0442381939226,439.120597986007,192,24,0.490431538552165,62.5268987944005,37.4731012055995
2021,3.66641789923712,0.729612418999877,88.4545632721819,23.0942413613677,442.272816360909,193,24,0.496051316972126,61.9110235644117,38.0889764355884
2021,3.68498051126385,0.733352675104706,89.088155462841,23.1442446179136,445.440777314205,194,24,0.496566261445305,61.365873423834,38.634126576166
2021,3.70059327353925,0.736507299232686,89.7253363340051,23.1942817480991,448.626681670026,195,24,0.497009235926226,60.894941842942,39.105058157058
2021,3.55244369180584,0.707021959920979,90.3655294462769,23.2443066266149,451.827647231384,196,24,0.495809841830524,59.7101706220863,40.2898293779137
2021,3.56154499407708,0.708739280985496,90.9763099285631,23.2918034717808,454.881549642815,197,24,0.503435798449946,59.401464358254,40.598535641746
2021,3.56770853592823,0.709538169246548,91.587363183579,23.3390996508405,457.936815917895,198,24,0.529436826908299,59.1813538131774,40.8186461868226
2021,3.56941279459854,0.709660163245413,92.1944258909862,23.3858696755165,460.972129454931,199,24,0.544511055471606,59.0125874500579,40.9874125499421
2021,3.57243926261921,0.70939690701369,92.7987909490709,23.4322191364375,463.993954745354,200,24,0.59962515222049,58.8593642140267,41.1406357859734
2021,3.56832556933176,0.708753998907273,93.3927141642641,23.477563285377,466.963570821321,201,24,0.591638169164557,58.7211103014379,41.2788896985621
2021,3.56296753425469,0.707759426165704,93.987387376493,23.5227637782082,469.936936882465,202,24,0.590211220813831,58.5946118853595,41.4053881146405
2021,3.55748035030418,0.706421317644865,94.5812489021834,23.567704091835,472.906244510917,203,24,0.608941484783843,58.4801510753841,41.5198489246159
2021,3.5491358835573,0.704744918026185,95.1702407092328,23.6120820539071,475.851203546164,204,24,0.61316310246503,58.3787375833387,41.6212624166613
2021,3.53900432702642,0.702743261101116,95.7566924824971,23.6560788562042,478.783462412486,205,24,0.615439390398722,58.2897685083978,41.7102314916022
2021,3.52944457888455,0.700425567281716,96.3406351725964,23.6997012177546,481.703175862982,206,24,0.646749700894469,58.2133171490348,41.7866828509652
2021,3.51738184070959,0.697806959179429,96.9163756297762,23.7425307992338,484.581878148881,207,24,0.665640913718487,58.1510060632799,41.8489939367201
2021,3.50614497300739,0.694908002996502,97.4858966480921,23.784723598001,487.42948324046,208,24,0.718824166628118,58.1025077843388,41.8974922156612
2021,3.48932148146419,0.691736409308661,98.0425044803467,23.8257940510047,490.212522401734,209,24,0.709355911080903,58.069792679916,41.930207320084
2021,3.47302256739756,0.688329487774292,98.5976119568418,23.8665922615569,492.988059784209,210,24,0.726258987687736,58.050194527532,41.949805472468
2021,3.45522816419389,0.684597876601522,99.1460489933845,23.906743305513,495.730244966922,211,24,0.745910379313623,58.0535937765314,41.9464062234686
2021,3.28195685808756,0.650322316397084,99.6869663769497,23.9461924927625,498.434831884748,212,24,0.73773533714014,57.1846594130726,42.8153405869274
2022,3.53828053948323,0.709785871871605,54.5,19.9420239553624,272.5,141,24,0.182456284022674,91.5134951720086,8.48650482799139
2022,3.53641370690783,0.70973631246286,55.1711382657263,20.0161235752253,275.855691328631,142,24,0.178070413152773,91.3473459306399,8.65265406936006
2022,3.53652732536093,0.709681699792526,55.8427783150901,20.0896522865991,279.213891575451,143,24,0.181238581745323,91.175414465462,8.82458553453799
2022,3.53830733282325,0.709630868940678,56.5138053020728,20.162500906378,282.569026510364,144,24,0.190928665800306,90.9983616421196,9.00163835788043
2022,3.53862794427974,0.709592137538372,57.1832479904087,20.234579248272,285.916239952043,145,24,0.194801918038307,90.8168513838347,9.18314861616528
2022,3.53784412317469,0.709568879471473,57.8519777338004,20.3059960177445,289.259888669002,146,24,0.193865590995397,90.6320541782554,9.36794582174459
2022,3.53847312714968,0.709573979581477,58.5207354190578,20.3768426607841,292.603677095289,147,24,0.198130448978341,90.4428851008968,9.5571148991032
2022,3.53842037178512,0.709607031452504,59.1887632221798,20.4470508456645,295.943816110899,148,24,0.199009519509705,90.2506662605394,9.7493337394606
2022,3.5394648302004,0.709668496497475,59.8566017930016,20.5166892492712,299.283008965008,149,24,0.2039199730717,90.0559283015001,9.94407169849991
2022,3.5411219363861,0.709756885125059,60.5236641325748,20.5857082036538,302.618320662874,150,24,0.211036253093016,89.8592636510503,10.1407363489497
2022,3.75055442336291,0.752006940922927,61.1896314355432,20.6540869889207,305.948157177716,151,24,0.208373750119353,89.9468579557776,10.0531420442224
2022,3.75194218724878,0.752096275307142,61.8980143595406,20.7262538967149,309.490071797703,152,24,0.214262987032341,89.7449676517775,10.2550323482225
2022,3.75331176195375,0.752189523919732,62.6054931900995,20.7977564348646,313.027465950498,153,24,0.220128814735545,89.5424764310679,10.4575235689321
2022,3.75320484145647,0.752279203185764,63.3120687535744,20.868607782164,316.560343767872,154,24,0.219694260657235,89.3407868953467,10.6592131046533
2022,3.75118689005391,0.752347192995333,64.0187056002477,20.938916221242,320.093528001239,155,24,0.2115564329227,89.1397701580852,10.8602298419148
2022,3.75082304458297,0.752370709171184,64.7265619357002,21.0088057745829,323.632809678501,156,24,0.211408136539243,88.9388529033149,11.061147096685
2022,3.74913528648028,0.752329320964585,65.4343704129266,21.0781599596894,327.171852064633,157,24,0.207100037631062,88.7385045567329,11.261495443267
2022,3.74842312857533,0.752199839840167,66.1426979445441,21.1470435124039,330.71348972272,158,24,0.208620974640955,88.5388877831145,11.4611122168855
2022,3.74739590787442,0.751957746108368,66.8505735620687,21.2153713659716,334.252867810343,159,24,0.21115953088381,88.3403655735381,11.6596344264619
2022,3.75061184756776,0.751576722766873,67.5577304429108,21.2831281784321,337.788652214554,160,24,0.235656821453319,88.1431672247628,11.8568327752372
2022,3.74603993384551,0.751030494464356,68.2606251765062,21.3499885037701,341.303125882531,161,24,0.229086765408416,87.9480006143076,12.0519993856924
2022,3.74323782553397,0.750288809054282,68.9639133856976,21.4164077168815,344.819566928488,162,24,0.235131181675126,87.7542968581216,12.2457031418784
2022,3.73886780973338,0.749323538417653,69.6654258101462,21.4821905756164,348.327129050731,163,24,0.239160999300154,87.5625160870637,12.4374839129362
2022,3.73075013892015,0.748105651937675,70.36525146878,21.5473568352258,351.8262573439,164,24,0.231496355920828,87.3727630667408,12.6272369332592
2022,3.72273005584012,0.746605907073142,71.0649793915237,21.612063920906,355.324896957618,165,24,0.23084297265354,87.184905593997,12.815094406003
2022,3.71190460075696,0.744797118556623,71.7632264838221,21.6761929190131,358.816132419111,166,24,0.224415185863071,86.9992789781943,13.0007210218057
2022,3.70576457272558,0.742652662251899,72.4605861936497,21.7398078162264,362.302930968248,167,24,0.247754292142216,86.8159255096611,13.1840744903389
2022,3.68562318118835,0.738205463835571,73.1520418500826,21.8024642114108,365.760209250413,168,24,0.260207426378996,86.5246331674502,13.4753668325498
2022,3.64742030232142,0.730262022181955,73.8369700471622,21.8641234766777,369.184850235811,169,24,0.270113549854953,86.0272936561847,13.9727063438153
2022,3.59808312991196,0.720256300972036,74.5122675654827,21.9245267087179,372.561337827413,170,24,0.275788465934809,85.3490764490463,14.6509235509538
2022,3.54742794034355,0.709643365039281,75.1765535035288,21.9835738655541,375.882767517644,171,24,0.291980900818151,84.5190306772233,15.4809693227767
2022,3.49908232628815,0.699582427095938,75.8274604927948,22.0410800955582,379.137302463974,172,24,0.306583760553166,83.5671315640296,16.4328684359704
2022,3.45556212136185,0.690821809400815,76.465768144147,22.0971400373478,382.328840720735,173,24,0.310786646764363,82.5210284304855,17.4789715695145
2022,3.41981938480971,0.683734268444792,77.0945213140683,22.1520428742207,385.472606570341,174,24,0.311023068371293,81.4046875993285,18.5953124006715
2022,3.395912489145,0.678418102323155,77.7160685299342,22.2060106003069,388.580342649671,175,24,0.332189263379103,80.2384517364977,19.7615482635023
2022,3.38009788018374,0.674803372284535,78.3285907114796,22.2589011928382,391.642953557398,176,24,0.35171493046158,79.0399920792365,20.9600079207635
2022,3.37249024692161,0.672731676249848,78.9340341616395,22.3108980089155,394.670170808197,177,24,0.376461686111046,77.8232207956771,22.1767792043229
2022,3.36701645140755,0.672013356328318,79.5329957675795,22.3620653402608,397.664978837898,178,24,0.363550849739807,76.5998944235842,23.4001055764158
2022,3.36858538285695,0.672457593542566,80.1334335156992,22.413089915059,400.667167578496,179,24,0.36065614443407,75.3781582020342,24.6218417979658
2022,3.37884080574791,0.673891942988029,80.7347522687037,22.4639229948797,403.673761343518,180,24,0.388481025750096,74.1665743967996,25.8334256032004
2022,3.38720200754877,0.676164393787652,81.3325449474414,22.5141971002373,406.662724737207,181,24,0.365721148687081,72.9735568282526,27.0264431717474
2022,3.40407966485987,0.679142704253717,81.9365492785763,22.5647327118384,409.682746392882,182,24,0.384207269803936,71.8032017598011,28.1967982401989
2022,3.42458342778857,0.682711701772534,82.5402187517379,22.6149815427738,412.70109375869,183,24,0.409329017431064,70.6628669159001,29.3371330840999
2022,3.44808584176681,0.686767792089822,83.1429509830304,22.6648974626872,415.714754915152,184,24,0.441060567677575,69.5579116885384,30.4420883114616
2022,3.47025962951109,0.69121515090977,83.7440232636195,22.7144253765907,418.720116318098,185,24,0.442302048681942,68.4932423880703,31.5067576119298
2022,3.49604124735808,0.695965689084802,84.3492674096073,22.7640473297451,421.746337048037,186,24,0.463789250905443,67.471623281956,32.528376718044
2022,3.52019943213695,0.700929452941713,84.9553552108852,22.8134903886081,424.776776054426,187,24,0.458977942865214,66.4978508685866,33.5021491314135
2022,3.54523554755361,0.706020814891616,85.5672211131882,22.8631560621881,427.836105565941,188,24,0.456591737958532,65.5742551168443,34.4257448831557
2022,3.5733447420659,0.711149487655304,86.1845549591212,22.9130153506974,430.922774795606,189,24,0.482569162893949,64.7043296369063,35.2956703630937
2022,3.59429452838794,0.716195816512199,86.8022978919132,22.9626591358249,434.011489459566,190,24,0.442947292764606,63.895367472529,36.104632527471
2022,3.61555009847479,0.721077910882023,87.4321372584951,23.0130221554854,437.160686292475,191,24,0.416709868708902,63.1463524014577,36.8536475985423
2022,3.64284981426393,0.725703139571536,88.0714563206795,23.0638852486211,440.357281603397,192,24,0.456059485069546,62.4598166855507,37.5401833144493
2022,3.66503985431596,0.729952014990513,88.7083455194913,23.1142997953858,443.541727597457,193,24,0.466870214869006,61.8422167528562,38.1577832471437
2022,3.6854429033561,0.733721437874142,89.3474900564659,23.164639889561,446.73745028233,194,24,0.483869322939326,61.2956576319166,38.7043423680834
2022,3.7040945030355,0.736898515946041,89.9872940464292,23.2147811753557,449.936470232146,195,24,0.51385877906116,60.8241800035145,39.1758199964855
2022,3.55523893354542,0.707435902414771,90.6248083463541,23.2644964852549,453.124041731771,196,24,0.504470377768108,59.6397987317989,40.3602012682012
2022,3.56516090447666,0.709161904695847,91.23440639449,23.3118073422231,456.17203197245,197,24,0.520618099486116,59.3316895212291,40.6683104787709
2022,3.57225591361147,0.709962537312062,91.8427367272677,23.3588006825159,459.213683636339,198,24,0.558146547346662,59.1126368865373,40.8873631134627
2022,3.57130002692001,0.710079859213575,92.444957107872,23.40510882802,462.22478553936,199,24,0.543125700942635,58.9455013500313,41.0544986499687
2022,3.57075012893645,0.709819801799552,93.0499666969284,23.4514202165008,465.249833484642,200,24,0.554656591326739,58.7924193966999,41.2075806033001
2022,3.5662281841438,0.709192450474446,93.6525354617002,23.4973366348219,468.262677308501,201,24,0.541707137412944,58.6521665081065,41.3478334918935
2022,3.56331178385766,0.708213906327311,94.2567643721312,23.5431732634414,471.283821860656,202,24,0.567865517196251,58.5234341610568,41.4765658389432
2022,3.55691516239884,0.706882203385625,94.8551520904358,23.58836538915,474.275760452179,203,24,0.574341492612455,58.408067271891,41.591932728109
2022,3.54821110226344,0.705214832322123,95.4509384880758,23.6331640770302,477.254692440379,204,24,0.573340342135992,58.3051464171661,41.6948535828339
2022,3.53978126436618,0.703222429367809,96.0451567901558,23.6776511527226,480.225783950779,205,24,0.595902297221724,58.2144155509546,41.7855844490454
2022,3.53354862330276,0.70090679817903,96.6331484492589,23.7214836330433,483.165742246294,206,24,0.67183893678055,58.137170650358,41.862829349642
2022,3.51956817711182,0.698275643486483,97.2046774161532,23.7639110871344,486.023387080766,207,24,0.664704760717534,58.076199434481,41.923800565519
2022,3.50498416461781,0.695371147917599,97.7748082734433,23.8060618768114,488.874041367216,208,24,0.668527421782516,58.0277774591326,41.9722225408674
2022,3.49084123866093,0.692207633603561,98.3412281809064,23.847769013693,491.706140904532,209,24,0.69807484120309,57.9927565087678,42.0072434912322
2022,3.47004603094958,0.68879619445817,98.8988797580943,23.8886672715183,494.494398790471,210,24,0.648779648297839,57.9727303912602,42.0272696087398
2022,3.45231684688732,0.685077219023731,99.462200705347,23.9298184593159,497.311003526735,211,24,0.665998690547552,57.9725401886044,42.0274598113956
2022,3.28251556597065,0.650826318763074,100.018500210898,23.9702976141993,500.092501054492,212,24,0.706831191390207,57.0992933147553,42.9007066852447
