"year","assimilated_weight","ingested_weight","Weight","Length","Energy","JulianDay","feeding_hours","Metabolism","percentage_partic","percentage_filters"
1980,4.54017615730186,0.899222512748843,54.5,19.9420239553624,272.5,141,24,0.475306535539056,84.7657847163261,15.2342152836739
1980,4.54584968189131,0.900270152697721,55.3129473389867,20.0317000612432,276.564736694934,142,24,0.483910967927265,84.597996358278,15.402003641722
1980,4.55413307449372,0.90185201925903,56.12530602872,20.1203982653917,280.6265301436,143,24,0.491862429765111,84.4420880157143,15.5579119842857
1980,4.56556789494911,0.904040048395644,56.9377284511219,20.2082129972401,284.68864225561,144,24,0.500597582068496,84.2988798347477,15.7011201652523
1980,4.5805995795381,0.906913009650273,57.7506879547243,20.2952159141677,288.753439773621,145,24,0.510545382185381,84.1693023017188,15.8306976982812
1980,4.59952810832334,0.910557327947462,58.5646611702556,20.3814762636403,292.823305851278,146,24,0.52058968701,84.0555744369582,15.9444255630418
1980,4.62264588905204,0.915050961105881,59.3804079384322,20.4670902546165,296.902039692161,147,24,0.529853481417755,83.9559874369781,16.0440125630219
1980,4.65030124236799,0.920483257283621,60.1989219674908,20.5521746869731,300.994609837454,148,24,0.537401620818438,83.8724724837721,16.1275275162279
1980,4.68281447197563,0.926938562137405,61.0214536389431,20.6368683309957,305.107268194715,149,24,0.542270590411148,83.8057680333605,16.1942319666395
1980,4.72082035844547,0.93449743041059,61.8495100748401,20.7213309073922,309.2475503742,150,24,0.546436885002624,83.756272893849,16.243727106151
1980,5.0376873539355,0.99722629695466,62.6843300271522,20.8056892769532,313.421650135761,151,24,0.555248175388478,84.1438644920648,15.8561355079352
1980,5.09045929944448,1.00766360435404,63.5807563751087,20.8954056023199,317.903781875543,152,24,0.561878790852772,84.1153286801482,15.8846713198518
1980,5.15019210190335,1.01948564383839,64.4864055305936,20.9851541260327,322.432027652968,153,24,0.568267399863605,84.1042153900596,15.8957846099404
1980,5.21704367475491,1.03274531806968,65.4027176068329,21.0750696765684,327.013588034165,154,24,0.573514633962152,84.1114257515648,15.8885742484352
1980,5.29137139826021,1.04746418205687,66.3313441268882,21.1653022464413,331.656720634441,155,24,0.579694594892526,84.1355009406455,15.8644990593545
1980,5.37338983994241,1.06363223422744,67.2735932157045,21.2559630231817,336.367966078522,156,24,0.588993121395799,84.1741540917061,15.8258459082939
1980,5.46277117345437,1.08120555956541,68.2303786862258,21.3471213201642,341.151893431129,157,24,0.60053542120217,84.2256921709279,15.7743078290721
1980,5.55891822662432,1.10008797248951,69.2027236835079,21.4388537947679,346.013618417539,158,24,0.613408649278862,84.2878153452537,15.7121846547463
1980,5.66088037868353,1.12011467760665,70.1917144183938,21.531239707627,350.958572091969,159,24,0.626635397030168,84.3575301581069,15.6424698418931
1980,5.76743506214103,1.14103266457305,71.1984423821342,21.6243553816277,355.992211910671,160,24,0.640681548216374,84.4310537226906,15.5689462773094
1980,5.87681430000578,1.16247850003002,72.2236612896972,21.7182429822317,361.118306448486,161,24,0.656131768349413,84.503760570381,15.496239429619
1980,5.98637374800334,1.18395597759887,73.2676542356521,21.8129001258135,366.33827117826,162,24,0.671859055329447,84.5700976236899,15.4299023763101
1980,6.09270037779549,1.20481803352908,74.3304007503685,21.9082969628622,371.652003751843,163,24,0.686676145885135,84.6234805905195,15.3765194094805
1980,6.19156413801209,1.22425885600637,75.4114351104142,22.0043650231262,377.057175552071,164,24,0.699267335018366,84.6563011426777,15.3436988573222
1980,6.27844105216297,1.2413248080454,76.5097086200372,22.1009871320643,382.548543100186,165,24,0.712181884147921,84.6600239115117,15.3399760884883
1980,6.3481264879476,1.25495244779997,77.6227578345111,22.1979278529148,388.113789172556,166,24,0.726940948023007,84.6255124497239,15.3744875502761
1980,6.39467795313689,1.26404250359537,78.7467740691335,22.2948454813494,393.733870345667,167,24,0.740293689050431,84.5433717266381,15.4566282733619
1980,6.42320299812826,1.26968040886951,79.8774102522623,22.3913660238867,399.387051261311,168,24,0.748822107258239,84.4378439452561,15.5621560547439
1980,6.44253676166781,1.27368861345348,81.0120243874494,22.4872736070118,405.060121937247,169,24,0.749025533822103,84.3393529586975,15.6606470413026
1980,6.45355131714957,1.27609559019738,82.1504415853867,22.5825663138573,410.752207926934,170,24,0.747264391824837,84.2474286166885,15.7525713833115
1980,6.45706174593474,1.27690714077404,83.2913891863383,22.6771518064643,416.456945931692,171,24,0.75036072093826,84.1615509153042,15.8384490846958
1980,6.45263953108371,1.27610649616437,84.4323930605944,22.7708431235373,422.161965302972,172,24,0.755295859526406,84.0811455458964,15.9188544541036
1980,6.43974407233831,1.27365697152772,85.5714970630582,22.8635022723851,427.857485315291,173,24,0.758929658923896,84.0053262641717,15.9946737358284
1980,6.41775449699943,1.26950201240798,86.7072649122434,22.9550380451284,433.536324561217,174,24,0.758227859443244,83.9328792969372,16.0671207030628
1980,6.38703230724648,1.26356503046083,87.8387429535302,23.0454008639452,439.193714767651,175,24,0.759795127092543,83.8622470342709,16.1377529657291
1980,6.34777039333949,1.25574590467118,88.9637288424125,23.1344444412706,444.818644212063,176,24,0.769995344548146,83.7917195874958,16.2082804125042
1980,6.29889487338252,1.24592051350518,90.0787860262301,23.2219310540367,450.393930131151,177,24,0.785140654633658,83.7193798953482,16.2806201046518
1980,6.2392252516594,1.23394275117919,91.1810007986479,23.3076713593455,455.905003993239,178,24,0.80137927749209,83.6428122949304,16.3571877050696
1980,6.16749580858673,1.21964664676479,92.2679937717924,23.3915229807779,461.339968858962,179,24,0.814580899708161,83.559060793601,16.440939206399
1980,6.08301598910453,1.20284928869609,93.3379585450433,23.4733912927636,466.689792725216,180,24,0.826893048293898,83.4645726707349,16.5354273292651
1980,5.98514006614514,1.18335096212615,94.3885211711451,23.5531410820188,471.942605855726,181,24,0.842101240042145,83.3552527729523,16.6447472270477
1980,5.87259854042673,1.16094379544938,95.4164215706941,23.6305739893417,477.082107853471,182,24,0.858146008138092,83.2264554065052,16.7735445934948
1980,5.74415759142884,1.13542677676001,96.4185578441224,23.7055083389043,482.092789220612,183,24,0.87268093603368,83.0728245025188,16.9271754974812
1980,5.59875509053265,1.10662653813497,97.392050827647,23.7777829013643,486.960254138235,184,24,0.883359083428748,82.8883155977667,17.1116844022333
1980,5.43594406848265,1.07443316078663,98.3342785624202,23.8472583090007,491.671392812101,185,24,0.891093348971236,82.666396463656,17.333603536344
1980,5.25598259549966,1.03884746085267,99.242347380443,23.9137773180358,496.211736902215,186,24,0.89880495928615,82.4005281100949,17.5994718899051
1980,5.05981861663898,1.00005224532834,100.112831295261,23.9771460484224,500.564156476305,187,24,0.906819891354623,82.0851013355145,17.9148986644855
1980,4.84982008319093,0.958512410751896,100.942429093142,24.0371819869067,504.71214546571,188,24,0.915437008821736,81.7170797167256,18.2829202832744
1980,4.63041457822526,0.915100510902348,101.728253787735,24.0937338482427,508.641268938674,189,24,0.924988267448537,81.2989411180906,18.7010588819095
1980,4.40887757311676,0.87123750351507,102.468237936231,24.1467091225465,512.341189681153,190,24,0.937045677241073,80.8449534219415,19.1550465780585
1980,4.19567908333985,0.8289928913117,103.161455179477,24.1960950167862,515.807275897387,191,24,0.952095267779454,80.3832133133498,19.6167866866502
1980,4.00448696022046,0.791090563324822,103.808976285346,24.2420169515686,519.04488142673,192,24,0.968548148178676,79.9632120908287,20.0367879091713
1980,3.85100406743108,0.760650158986758,104.414923562592,24.2848100103802,522.074617812962,193,24,0.984758282594462,79.655920760775,20.344079239225
1980,3.74934857052196,0.740473270104513,104.986889056051,24.3250447093277,524.934445280255,194,24,0.99900970058114,79.5359693680409,20.4640306319591
1980,3.70573787465315,0.731793167917481,105.535631296998,24.3635024353069,527.678156484988,195,24,1.01013426619807,79.6435231267499,20.3564768732501
1980,3.54434759536304,0.69987854624429,106.07338528054,24.4010550917833,530.366926402698,196,24,1.00982719086193,79.5425181878315,20.4574818121685
1980,3.57033493841509,0.70497693403017,106.578881241029,24.4362342973538,532.894406205143,197,24,1.0171741982053,79.9179456631437,20.0820543368563
1980,3.5858326228298,0.708005287042917,107.088065448045,24.4715528095806,535.440327240227,198,24,1.02443351298268,80.2221980204387,19.7778019795613
1980,3.57942796900917,0.70670088058235,107.598856300269,24.5068653596592,537.994281501343,199,24,1.03267070115628,80.4307735483809,19.5692264516191
1980,3.4397221213944,0.679069885255116,108.106676685144,24.5418569218908,540.533383425722,200,16,0.925599744628466,80.5858843794005,19.4141156205995
1980,3.39978105590185,0.671130543863393,108.607927288085,24.5762836231068,543.039636440424,201,16,0.93472190090426,80.6924059213569,19.3075940786431
1980,3.34427563091482,0.660115338505392,109.099322052937,24.6099260813212,545.496610264687,202,16,0.944393952492484,80.7539853273633,19.2460146726367
1980,3.27478746584307,0.646337845036475,109.577638053247,24.6425718449175,547.888190266234,203,16,0.954568133428568,80.7742602494872,19.2257397505128
1980,3.19310622895583,0.630153809362459,110.039978573641,24.674032995145,550.199892868203,204,16,0.965065975464337,80.7569846168149,19.2430153831851
1980,3.10116587484581,0.611954532735117,110.483840854006,24.7041501840828,552.419204270028,205,16,0.974827053940886,80.7062051238335,19.2937948761665
1980,3.00108159281461,0.59216081354078,110.907321321592,24.7328059069064,554.536606607962,206,16,0.983383579635285,80.6264634797495,19.3735365202504
1980,2.89513249644607,0.571216131841843,111.309033269865,24.7599182204757,556.545166349324,207,16,0.991429733210719,80.5230510292161,19.4769489707839
1980,2.78567404316166,0.549579783914124,111.687907209851,24.7854267324996,558.439536049255,208,16,0.99967027369895,80.4023017340549,19.5976982659451
1980,2.67510589301091,0.527720785751816,112.043203997947,24.8092931225962,560.216019989735,209,16,1.00879260041449,80.2718872718873,19.7281127281127
1980,2.56584296177933,0.506111857185261,112.37452711806,24.8315016441477,561.872635590302,210,16,1.01950553284584,80.1411013484271,19.8588986515729
1980,2.46026839624502,0.485231671419893,112.681821413615,24.8520587629534,563.409107068077,211,16,1.03064132683123,80.0263363835103,19.9736636164897
1980,2.22682522233535,0.439148550963032,112.965742008268,24.8710175481495,564.828710041341,212,15,1.01271490997174,79.4517195618241,20.5482804381759
1981,4.53109528108703,0.899230610663927,54.5,19.9420239553624,272.5,141,24,0.40868380677037,84.7679039467387,15.2320960532614
1981,4.53672365458926,0.900269658711155,55.3244557094975,20.0329629334862,276.622278547487,142,24,0.416210370451099,84.5973735778595,15.4026264221405
1981,4.54524382496225,0.901843126482473,56.14852927701,20.1229207252504,280.74264638505,143,24,0.425184079890374,84.4387058019865,15.5612941980135
1981,4.5571195311304,0.904023442535064,56.9725094407572,20.2119529260933,284.862547203786,144,24,0.436389129064392,84.292813814321,15.707186185679
1981,4.57263735306962,0.906889775994413,57.7966208354676,20.3001061062768,288.983104177338,145,24,0.449134121720347,84.1606928085983,15.8393071914017
1981,4.59200140449574,0.910525557489721,58.6212836780884,20.3874456390527,293.106418390442,146,24,0.46186996835405,84.0433155590789,15.9566844409211
1981,4.61560798300592,0.915018773621779,59.4472688115795,20.4740709822912,297.236344057898,147,24,0.47419638738902,83.9428122539846,16.0571877460154
1981,4.6438113176614,0.920449105859717,60.2755063774518,20.5600942834855,301.377531887259,148,24,0.485687511470889,83.8572883809529,16.1427116190471
1981,4.67700183366083,0.926904369428603,61.1070825168354,20.6456394559395,305.535412584177,149,24,0.49585385951547,83.7887629523236,16.2112370476764
1981,4.71552410366244,0.934465353175179,61.9432593296539,20.7308436555533,309.71629664827,150,24,0.504119433829289,83.737721827884,16.262278172116
1981,5.03220688858172,0.997194022140544,62.785483004035,20.8158574699005,313.927415020175,151,24,0.513526493654964,84.1254913912856,15.8745086087144
1981,5.08487064860511,1.00763701361157,63.6891569985141,20.9061946992563,318.44578499257,152,24,0.519073943601904,84.0957247712181,15.9042752287819
1981,5.14442661789032,1.01946686717261,64.6022487067429,20.9965705167792,323.011243533714,153,24,0.523848527935587,84.083416468853,15.916583531147
1981,5.21119408213405,1.03273137190662,65.5262906731722,21.0871282897881,327.631453365861,154,24,0.528463847650162,84.0884510588309,15.9115489411692
1981,5.28547874423459,1.0474630082072,66.4627565307028,21.1780000467061,332.313782653514,155,24,0.534007028880808,84.1114721108954,15.8885278891045
1981,5.36732181634167,1.06364635944734,67.4129635735766,21.2692976034383,337.064817867883,156,24,0.541385714345722,84.1491317551873,15.8508682448127
1981,5.45651849219744,1.081237628216,68.3780557506271,21.3611118240043,341.890278753135,157,24,0.550717150668081,84.1996939881076,15.8003060118925
1981,5.55261063581744,1.10014073080829,69.3591125353385,21.4535237405499,346.795562676693,158,24,0.562205758249892,84.260849057352,15.739150942648
1981,5.65479362405183,1.12019082757892,70.3570808183172,21.5465986138455,351.785404091586,159,24,0.576073289280172,84.3296262564539,15.6703737435461
1981,5.76178245264366,1.14113456596352,71.3727021367209,21.6403799289395,356.863510683605,160,24,0.592304253008515,84.4022959347586,15.5977040652414
1981,5.8716307825102,1.1626079637422,72.4064640402032,21.7348859697686,362.032320201016,161,24,0.61010138481104,84.4742631875884,15.5257368124116
1981,5.98166695413464,1.18411423818721,73.458624172731,21.8301131870708,367.293120863655,162,24,0.628221703273964,84.5399595923927,15.4600404076073
1981,6.08844833645824,1.2050056064705,74.5291543456923,21.9260322790955,372.645771728462,163,24,0.64532151980604,84.592779524962,15.407220475038
1981,6.18771075660101,1.22447539501977,75.6176064798163,22.022577655546,378.088032399081,164,24,0.659878066672623,84.6250865923846,15.3749134076154
1981,6.27428670903696,1.24156898296636,76.7229841100632,22.1196380713494,383.614920550316,165,24,0.669105934729199,84.6283099355716,15.3716900644285
1981,6.34289872026828,1.25522303707076,77.8438142485054,22.2170652127251,389.219071242527,166,24,0.673770843153504,84.5931377701805,15.4068622298195
1981,6.38847840892202,1.26433868746159,78.9774151678439,22.3146129785959,394.88707583922,167,24,0.677733680812648,84.5099865289255,15.4900134710745
1981,6.41702195283736,1.2700038071102,80.1193192053604,22.4118935592485,400.596596026802,168,24,0.684917077838205,84.4031850871129,15.5968149128871
1981,6.43825747754808,1.27404246688325,81.2654733662585,22.5085692626579,406.327366831293,169,24,0.699500332560222,84.3034490749913,15.6965509250087
1981,6.45232375906866,1.27647933753746,82.412934387079,22.6044078845151,412.064671935395,170,24,0.722006564783756,84.2107007637979,15.7892992362021
1981,6.45873811718315,1.27731735822893,83.5586820934024,22.699179895301,417.793410467012,171,24,0.748815958379583,84.1246489294423,15.8753510705577
1981,6.45711685909503,1.27653928373233,84.7003237109763,22.7927156424592,423.501618554881,172,24,0.777710230811069,84.0446827833881,15.9553172166119
1981,6.44698178581878,1.27410755487172,85.835833356278,22.884881377955,429.17916678139,173,24,0.806208330380939,83.9698982914783,16.0301017085217
1981,6.42775231914004,1.26996434275374,86.9635856931089,22.9755801775078,434.817928465544,174,24,0.831443838499597,83.8990770226043,16.1009229773957
1981,6.3986502940566,1.26403149587288,88.0824125317401,23.0647546591879,440.4120626587,175,24,0.849241303881496,83.8306564931643,16.1693435068357
1981,6.35921330862996,1.25621080960732,89.1918251157812,23.1524026369089,445.959125578906,176,24,0.859377252510783,83.7626737930723,16.2373262069278
1981,6.30915435539535,1.24638300205701,90.2912868663721,23.2385179765594,451.456434331861,177,24,0.864697597579895,83.69282708717,16.30717291283
1981,6.24806194122973,1.23440544588816,91.3796345906621,23.3230459763928,456.89817295331,178,24,0.868223926860386,83.6184848973183,16.3815151026817
1981,6.17540523753433,1.22011367092969,92.4550184797778,23.4058807159163,462.275092398889,179,24,0.873058397085667,83.5366397623081,16.4633602376919
1981,6.09066508985745,1.20332346693832,93.5148621679076,23.4868639634868,467.574310839538,180,24,0.883748818687492,83.4438455767009,16.5561544232991
1981,5.99278094448866,1.18383234777281,94.5555759869396,23.565765374183,472.777879934698,181,24,0.900366153885082,83.3361570713112,16.6638429286888
1981,5.8803181380228,1.16143078496321,95.573344129576,23.6423439183721,477.86672064788,182,24,0.919177619084727,83.2089927316596,16.7910072683404
1981,5.7518972397106,1.13591659648332,96.5648106264988,23.7163988787048,482.824053132494,183,24,0.936132877767109,83.0570223818381,16.942977618162
1981,5.60631583150384,1.10711594092975,97.527153923825,23.7877734508479,487.635769619125,184,24,0.946934354859287,82.8741920639844,17.1258079360155
1981,5.44310055024133,1.07491950774361,98.4581717453158,23.8563590426081,492.290858726579,185,24,0.951945395447002,82.6539240090882,17.3460759909118
1981,5.26265821966751,1.03932923572024,99.3554947204444,23.9220359685477,496.777473602222,186,24,0.955943024177682,82.3896281795274,17.6103718204726
1981,5.06605662761292,1.00052816179042,100.215879723844,23.9846222234144,501.079398619219,187,24,0.960803542869272,82.0756827663351,17.9243172336649
1981,4.85576413774091,0.958980505088301,101.035922293768,24.0439262695447,505.179611468838,188,24,0.968417522363071,81.7090659656845,18.2909340343155
1981,4.63628706374707,0.915557099303719,101.812333939534,24.0997666217039,509.061669697669,189,24,0.980807226565653,81.2922925174285,18.7077074825715
1981,4.41478301539148,0.871672119054918,102.542323420632,24.1519981823118,512.711617103159,190,24,0.998872446529488,80.8383167642128,19.1616832357872
1981,4.20160968280089,0.829401147262193,103.224351498149,24.2005643924247,516.121757490743,191,24,1.02099817178243,80.3778933347613,19.6221066652387
1981,4.01041369194082,0.791464007237843,103.859273847465,24.2455756691365,519.296369237324,192,24,1.04537314381704,79.9592402935647,20.0407597064353
1981,3.85690927598492,0.760981443224749,104.451037933412,24.2873549993784,522.255189667059,193,24,1.0699914367054,79.6533202256662,20.3466797743338
1981,3.75523708257102,0.740756900680893,105.007135226274,24.3264661159691,525.03567613137,194,24,1.09271283395499,79.534763165822,20.465236834178
1981,3.71153986012061,0.732025273238604,105.538313040807,24.36369003845,527.691565204034,195,24,1.10983775905653,79.6437428830157,20.3562571169843
1981,3.42695478903155,0.675844614673785,106.057286518976,24.3999328054472,530.286432594883,196,16,0.986230603908143,79.5456528811519,20.4543471188481
1981,3.45475213069554,0.681308169029812,106.54402448903,24.4338122334135,532.720122445152,197,16,0.991809042387965,79.9224843840032,20.0775156159968
1981,3.47173459326014,0.684655212094773,107.03516794048,24.4678891383223,535.175839702401,198,16,0.995642440662137,80.2279572683962,19.7720427316038
1981,3.46678174920231,0.683675608380971,107.528901706912,24.5020360969982,537.644508534561,199,16,0.999618625362843,80.4377216705196,19.5622783294804
1981,3.44331900714898,0.679035999328844,108.020809084844,24.5359482409723,540.104045424222,200,16,1.00468029386177,80.5939398486175,19.4060601513825
1981,3.40298302441493,0.671060269138597,108.506970259973,24.5693586508576,542.534851299867,201,16,1.0107340294814,80.7015246089031,19.2984753910969
1981,3.34712113237453,0.660013493527111,108.983811768614,24.6020273875768,544.91905884307,202,16,1.017913265926,80.7641620971953,19.2358379028047
1981,3.27732797674793,0.646209612905727,109.448003260744,24.6337339086848,547.240016303718,203,16,1.02638545630185,80.7855139764034,19.2144860235966
1981,3.19540596370191,0.630004401253134,109.896500163456,24.6642795129433,549.482500817281,204,16,1.03626207445299,80.7693588956517,19.2306411043483
1981,3.10335311280801,0.611788885557569,110.32659642668,24.6934904100599,551.632982133399,205,16,1.04812566570671,80.7197711053352,19.2802288946648
1981,3.0032666823502,0.591982716934895,110.735869420825,24.7212134458963,553.679347104124,206,16,1.06145508786159,80.6413425434426,19.3586574565574
1981,2.89733286976056,0.571028473924736,111.122420512242,24.7473318622942,555.612102561211,207,16,1.07486541488251,80.5394182183747,19.4605817816253
1981,2.78782491597707,0.549385664768946,111.485065570666,24.7717774922129,557.425327853329,208,16,1.08669755123714,80.4203601760182,19.5796398239818
1981,2.67708435275406,0.527524314743044,111.823407149991,24.7945349183953,559.117035749954,209,16,1.09538037133846,80.2918311278619,19.7081688721381
1981,2.56744788644059,0.505918400959504,112.137830476537,24.8156405805523,560.689152382685,210,16,1.0982231239238,80.1630689900323,19.8369310099677
1981,2.46138846838582,0.485042808293134,112.429726327032,24.8351971993432,562.148631635159,211,16,1.09653726287227,80.0470372077724,19.9529627922276
1981,2.22750145116463,0.438975823434703,112.700717726127,24.8533215969299,563.503588630637,212,15,1.06543541438498,79.4771892079349,20.5228107920651
1982,4.53570734413251,0.899222512748843,54.5,19.9420239553624,272.5,141,24,0.441411493942695,84.7657847163261,15.2342152836739
1982,4.54050676198805,0.900265894994064,55.3188325846721,20.0323459021718,276.594162923361,142,24,0.443185687684425,84.5966142194359,15.403385780564
1982,4.54816591098634,0.901842942424064,56.1382677279373,20.1218062272873,280.691338639687,143,24,0.446141316152628,84.4390646254371,15.5609353745629
1982,4.5593004975723,0.904026029767141,56.9586408964421,20.210461860625,284.79320448221,144,24,0.452165973257014,84.2940399442227,15.7059600557773
1982,4.57415758674031,0.906894428675363,57.7800331661804,20.2983404314323,288.900165830902,145,24,0.460205024767977,84.1625712500587,15.8374287499413
1982,4.59300234316904,0.910534902231058,58.6027859399064,20.3854959742911,293.013929699532,146,24,0.469013620978023,84.0469183676625,15.9530816323375
1982,4.61646940384661,0.915025715330837,59.4275426083705,20.4720120024827,297.137713041853,147,24,0.480492507607093,83.9454070290146,16.0545929709854
1982,4.64525415489737,0.920456764819936,60.254693323284,20.5579426991426,301.27346661642,148,24,0.496711916444539,83.8601116212389,16.1398883787611
1982,4.680036627141,0.92691299641013,61.0843532496324,20.6433120904731,305.421766248162,149,24,0.520107709141839,83.7920223327148,16.2079776672852
1982,4.72059988097413,0.934475388263873,61.9162863687393,20.7281077347601,309.581431843696,150,24,0.545951338359753,83.7419041504932,16.2580958495068
1982,5.03946744634942,0.997204596595825,62.751158966885,20.8124083980187,313.755794834425,151,24,0.571618546655023,84.1300404132292,15.8699595867708
1982,5.09389024498049,1.00764896228066,63.6446668653502,20.9017681529977,318.223334326751,152,24,0.592212398747778,84.1023476887709,15.8976523112291
1982,5.15518717619516,1.01947823336551,64.5449350843011,20.9909240215637,322.724675421506,153,24,0.612041519768216,84.0925584019482,15.9074415980518
1982,5.22383014177179,1.03274440069204,65.4534909544685,21.0800262052903,327.267454772342,154,24,0.632887997117481,84.1015233523687,15.8984766476313
1982,5.29943470320093,1.04746803457059,66.3715997260124,21.1691938286043,331.857998630062,155,24,0.650216451473286,84.1278221368352,15.8721778631648
1982,5.3815219792947,1.06363817003521,67.3013567905646,21.2586209018843,336.506783952823,156,24,0.659935604404132,84.1689798672008,15.8310201327992
1982,5.47017905524095,1.08121065445282,68.2455799602104,21.3485624193331,341.227899801052,157,24,0.664903320329785,84.2229267576532,15.7770732423469
1982,5.56525522881503,1.10008971939632,69.2065328177352,21.4392113823109,346.032664088676,158,24,0.668282324268169,84.2871394056696,15.7128605943304
1982,5.66626887573596,1.12011124005797,70.1858161814364,21.530691425385,350.929080907182,159,24,0.673268816334705,84.3585506260245,15.6414493739755
1982,5.77239819437551,1.14102267347002,71.1842952215608,21.6230532403831,355.921476107804,160,24,0.68388275586114,84.4334396688773,15.5665603311228
1982,5.88175375989536,1.1624604745899,72.2018666706062,21.7162567674647,361.009333353031,161,24,0.699624595818689,84.5073442124906,15.4926557875094
1982,5.99139058084974,1.18392814969782,73.2381492019197,21.8102379038883,366.190746009598,162,24,0.716643194436663,84.5748302875376,15.4251697124624
1982,6.09757358131852,1.2047786294091,74.2929426316162,21.9049507739868,371.464713158081,163,24,0.730798292724631,84.6293480720091,15.3706519279909
1982,6.1957341758835,1.2242067339537,75.3661277158771,22.000358037973,376.830638579385,164,24,0.737648055700657,84.6632430210201,15.3367569789799
1982,6.28143177627053,1.24126039961256,76.4575597551523,22.0964212022909,382.287798775761,165,24,0.740675664915311,84.6678570036228,15.3321429963772
1982,6.349945745958,1.25487789184869,77.5655091818748,22.1929655148265,387.827545909374,166,24,0.745689963379723,84.6339672996197,15.3660327003803
1982,6.39559214262658,1.26396073581576,78.6861404360159,22.2896420729335,393.43070218008,167,24,0.751497726273753,84.5522081288418,15.4477918711582
1982,6.42373460124714,1.26959346826766,79.8147197536996,22.38603926285,399.073598768498,168,24,0.756923101522892,84.4468733577662,15.5531266422338
1982,6.44345393327401,1.27359666222055,80.9478212354956,22.4818716675943,404.739106177478,169,24,0.76074120937517,84.3484836720645,15.6515163279355
1982,6.45546445417972,1.27599707134793,82.0840800774874,22.5770367867211,410.420400387437,170,24,0.768086540696919,84.2567386673989,15.7432613326011
1982,6.46020748643544,1.27679884604369,83.2212473651358,22.6713631337801,416.106236825679,171,24,0.782848426306331,84.1712493334098,15.8287506665902
1982,6.45718766959184,1.27598410167765,84.3563845308808,22.7646293603498,421.781922654404,172,24,0.801646705923124,84.0914941052121,15.9085058947879
1982,6.44580717319065,1.27351493101326,85.4871299433101,22.85666910306,427.435649716551,173,24,0.820886413588756,84.0166266353164,15.9833733646836
1982,6.42536299547582,1.26933347756715,86.6117213749829,22.9473701397279,433.058606874914,174,24,0.836578845214456,83.9454578530299,16.0545421469701
1982,6.39560485858715,1.26336195324971,87.7290537130241,23.0366764285705,438.645268565121,175,24,0.849928160321677,83.8764280798651,16.1235719201348
1982,6.35637040916389,1.25550072294664,88.8377309229264,23.1245107651161,444.188654614632,176,24,0.864291046265918,83.8077012997599,16.1922987002401
1982,6.30692358894044,1.24562743794506,89.9356531459805,23.2107433257428,449.678265729903,177,24,0.878521445661638,83.7371754350742,16.2628245649258
1982,6.24641721939951,1.23359731883429,91.0208025438103,23.295254708842,455.104012719052,178,24,0.891390985996266,83.6623165764715,16.3376834235285
1982,6.17391024433962,1.21924508315766,92.0912375533659,23.3779348934388,460.45618776683,179,24,0.90165960725053,83.5801142366638,16.4198857633362
1982,6.08880136549034,1.20238753707932,93.1450764659122,23.4586814345773,465.725382329561,180,24,0.912824301063311,83.4870255889338,16.5129744110662
1982,5.9903031368054,1.1828241086383,94.1796179866469,23.5373323869119,470.898089933235,181,24,0.92762446961882,83.3789934140705,16.6210065859295
1982,5.87706508084646,1.1603464976373,95.1914555806703,23.6136769259539,475.957277903352,182,24,0.942872983288616,83.2513862015333,16.7486137984667
1982,5.74780357318596,1.13475394182344,96.1775502361552,23.6875368472227,480.887751180776,183,24,0.955305308092482,83.0988374892469,16.9011625107531
1982,5.60140152530896,1.10587411989044,97.1352593363321,23.7587671278274,485.676296681661,184,24,0.961469834266713,82.9152746437194,17.0847253562806
1982,5.43752326339582,1.0735992644753,98.0624073974537,23.8272596159211,490.312036987268,185,24,0.963531880194835,82.6941183772219,17.3058816227781
1982,5.25661204187485,1.03793228119897,98.956318973509,23.8928707345191,494.781594867545,186,24,0.966969384143092,82.4288111882208,17.5711888117792
1982,5.05964838661972,0.999057081712469,99.8133119734279,23.9553853927714,499.066559867139,187,24,0.972632820004176,82.1137753397847,17.8862246602153
1982,4.84902905935755,0.95743968937721,100.62973069845,24.014593303608,503.148653492248,188,24,0.981401032691144,81.7460155469024,18.2539844530976
1982,4.62920364439583,0.913953636134186,101.402223453107,24.0703081660956,507.011117265537,189,24,0.994242186184764,81.3280631764098,18.6719368235902
1982,4.40738057586527,0.870020408197998,102.128135263585,24.1223944866205,510.640676317927,190,24,1.01212914980995,80.8742553573967,19.1257446426033
1982,4.19394293551135,0.827709804532059,102.806058691754,24.1708050004904,514.030293458771,191,24,1.03426026980166,80.412759123364,19.587240876636
1982,4.00255877161769,0.789745404525595,103.436823605772,24.2156485147826,517.184118028862,192,24,1.0588066120392,79.993125452644,20.006874547356
1982,3.84892215097431,0.759244013859427,104.02435948059,24.257247584851,520.121797402949,193,24,1.08368961162061,79.6863745744216,20.3136254255784
1982,3.74713526001762,0.739001131662882,104.576150293023,24.2961669598113,522.880751465114,194,24,1.10672908734266,79.5671362294261,20.4328637705739
1982,3.59427659102778,0.708766849232113,105.1029361721,24.3331893471283,525.5146808605,195,17,1.01267258628403,79.6754995909874,20.3245004090126
1982,3.41891223821132,0.67417409165923,105.617922811227,24.3692576793975,528.089614056133,196,16,0.992227506627289,79.575231328347,20.424768671653
1982,3.4463217346264,0.67959134633211,106.101886751489,24.4030417119924,530.509433757443,197,16,0.994421776645071,79.9511790322211,20.0488209677789
1982,3.46319065041769,0.682907022622948,106.590856401345,24.4370662785588,532.954282006725,198,16,0.999224757233744,80.2558782500214,19.7441217499786
1982,3.45851085264274,0.681902425249307,107.082200684664,24.4711466793681,535.41100342332,199,16,1.01201626681275,80.4650078079372,19.5349921920628
1982,3.43546088461003,0.677253760648576,107.570011109951,24.504874318878,537.850055549756,200,16,1.02754503178709,80.6210237657409,19.3789762342591
1982,3.39541891778802,0.669282984738765,108.05006561459,24.5379617950879,540.250328072952,201,16,1.0402318907713,80.7288371022397,19.2711628977603
1982,3.3399347540646,0.658254956622137,108.519533966655,24.5702206811121,542.597669833274,202,16,1.05487414709205,80.7920339493426,19.2079660506574
1982,3.27079862866802,0.644483576606238,108.974936707691,24.6014202618557,544.874683538453,203,16,1.07667437157343,80.8143135716336,19.1856864283664
1982,3.18996664249862,0.628320690423395,109.412112263696,24.6312857271223,547.06056131848,204,16,1.11122283328015,80.7995436199096,19.2004563800904
1982,3.09894284877251,0.610151160669636,109.826172664254,24.6594954962905,549.13086332127,205,16,1.14839400209409,80.7519763572814,19.2480236427186
1982,2.99944215763644,0.590395298891182,110.214556386681,24.6858886294229,551.072781933407,206,16,1.17633300286273,80.67626168149,19.32373831851
1982,2.89391698277012,0.569501557011311,110.577416208222,24.7104887433354,552.887081041111,207,16,1.19888324394287,80.5776499673273,19.4223500326727
1982,2.78487153420747,0.547931237524118,110.914626804044,24.733299578532,554.573134020222,208,16,1.22044461078249,80.4624652668712,19.5375347331288
1982,2.67482044840313,0.526152554025867,111.225683831769,24.7542984200405,556.128419158844,209,16,1.24559911664123,80.3384050927753,19.6615949072247
1982,2.56596578394594,0.50463516290016,111.509669623193,24.7734340240398,557.548348115964,210,16,1.26804367452221,80.2148270676815,19.7851729323185
1982,2.46053801978235,0.483856374388736,111.767367725875,24.7907689312798,558.836838629375,211,16,1.27935684892478,80.1080281204758,19.8919718795242
1982,2.22695906798777,0.437922685107882,112.001692084513,24.8065073621715,560.008460422566,212,15,1.24799382321175,79.5425875522098,20.4574124477902
1983,4.52827687597594,0.899222512748843,54.5,19.9420239553624,272.5,141,24,0.390318916624221,84.7657847163261,15.234215283674
1983,4.53319027013733,0.900259577551801,55.3275650065045,20.0333041011023,276.637825032522,142,24,0.392938231309791,84.5945634909642,15.4054365090358
1983,4.54113882851203,0.901830815082433,56.155586315153,20.1236871016728,280.777931575765,143,24,0.397775746290891,84.4350252322153,15.5649747677847
1983,4.55267617918594,0.904008879903887,56.9842271223755,20.2132125461225,284.921135611878,144,24,0.406156766944916,84.2881189811993,15.7118810188007
1983,4.56823005067591,0.906873244506498,57.813496276339,20.3019020505782,289.067481381695,145,24,0.418457973003855,84.1548967392387,15.8451032607614
1983,4.5880051003738,0.9105110124215,58.643412822021,20.3897774913712,293.217064110105,146,24,0.433304804028334,84.0376958661018,15.9623041338982
1983,4.6121961045725,0.915000677558355,59.4743116343627,20.476892881807,297.371558171813,147,24,0.449420692656611,83.9349109981075,16.0650890018925
1983,4.64105235872006,0.920432020066018,60.3068218413589,20.5633305965804,301.534109206795,148,24,0.465331963514348,83.8485611069339,16.1514388930661
1983,4.6747930250258,0.92688962238629,61.1419171469875,20.6492051805384,305.709585734937,149,24,0.479361256800088,83.7794463528667,16.2205536471333
1983,4.71350359546377,0.934454072925291,61.9809505380926,20.7346653589342,309.904752690463,150,24,0.488830354498084,83.7279944317683,16.2720055682317
1983,5.02985094892268,0.997180385519322,62.8258277176579,20.8199098533806,314.129138588289,151,24,0.496547061925414,84.1145999755879,15.8854000244121
1983,5.0821647942782,1.00762890096474,63.732426171197,20.9104976992771,318.662130855985,152,24,0.499308745428794,84.0845294905221,15.9154705094779
1983,5.14145168810467,1.01946512224898,64.6489294725266,21.0011668915524,323.244647362633,153,24,0.501936570510922,84.0718550463652,15.9281449536348
1983,5.20830070167209,1.03274224089362,65.5767585251985,21.0920485288852,327.883792625993,154,24,0.506787752932484,84.0774931674188,15.9225068325812
1983,5.2829736018561,1.04748202569106,66.516980555059,21.1832343750946,332.584902775295,155,24,0.514962828614715,84.1001041326019,15.8998958673981
1983,5.36530968732019,1.06367441606105,67.4704949822333,21.2747964509798,337.352474911166,156,24,0.525669244015588,84.1374745700151,15.8625254299849
1983,5.45501952488985,1.08127533997324,68.4383275409873,21.3668157502461,342.191637704937,157,24,0.538436148771493,84.1878817523128,15.8121182476872
1983,5.55155137749429,1.10018839720025,69.4215401855061,21.4593732841647,347.10770092753,158,24,0.55280206227627,84.2490084242445,15.7509915757555
1983,5.65399876213322,1.12024846145994,70.4211767477206,21.5525449518418,352.105883738603,159,24,0.568235115220591,84.317855655134,15.682144344866
1983,5.76069210492164,1.14120200853779,71.4382060580376,21.6463964750696,357.191030290188,160,24,0.58177859671712,84.3906449120509,15.6093550879491
1983,5.86969017222794,1.16268539431643,72.4738542874208,21.7410140201569,362.369271437104,161,24,0.592598206859444,84.4626520703486,15.5373479296514
1983,5.97883547193701,1.18420249832877,73.529126120438,21.8364599923412,367.64563060219,162,24,0.603328795088156,84.528189780151,15.471810219849
1983,6.08523123602577,1.20510576011698,74.6040676648273,21.9327084414559,373.020338324136,163,24,0.616810625730023,84.5806486333098,15.4193513666902
1983,6.18520524039638,1.22458780332233,75.6975775143981,22.0296327690658,378.48788757199,164,24,0.636216687556073,84.6124975810279,15.3875024189721
1983,6.27351492224926,1.24169191151102,76.8071851203861,22.1269914997503,384.03592560193,165,24,0.658603671200346,84.6153820417889,15.384617958211
1983,6.34417792236721,1.25535215984316,77.9299599999951,22.2245127912826,389.649799999975,166,24,0.679400286157372,84.5801860012937,15.4198139987063
1983,6.39174981833237,1.26446813942512,79.062689382566,22.3219113656149,395.31344691283,167,24,0.699548954458473,84.4973771260216,15.5026228739784
1983,6.42184769818741,1.27012860100846,80.200883064611,22.4188050401954,401.004415323055,168,24,0.720025508995604,84.3913004237028,15.6086995762972
1983,6.44384360260351,1.27415931895654,81.3409790635651,22.5149045604895,406.704895317826,169,24,0.742097410729677,84.2926181934476,15.7073818065524
1983,6.45750629754604,1.2765859530552,82.4810362807605,22.6100666016139,412.405181403802,170,24,0.762688990923286,84.2010964635468,15.7989035364532
1983,6.46253399199429,1.27741356766534,83.6196824509427,22.7042001594744,418.098412254714,171,24,0.778717260796004,84.116205435452,15.883794564548
1983,6.45899861039939,1.2766273088406,84.7561014889915,22.7972629950766,423.780507444958,172,24,0.791266711204991,84.0371187711497,15.9628812288503
1983,6.44687161926368,1.2741915245798,85.8892747282746,22.8891980543515,429.446373641373,173,24,0.801585871747548,83.9628072200974,16.0371927799026
1983,6.42602139756906,1.27004953743662,87.0179280299464,22.9799298731407,435.089640149732,174,24,0.81104497353206,83.8920235937419,16.1079764062581
1983,6.3961388386541,1.26412318843075,88.1404868379449,23.0693617839119,440.702434189725,175,24,0.820432881946298,83.8232791294444,16.1767208705556
1983,6.35676328118071,1.25631249921045,89.2551569726297,23.1573831245008,446.275784863148,176,24,0.830184486913725,83.7547959184629,16.245204081537
1983,6.30733410528322,1.24649573323119,90.3599651340238,23.2438728954075,451.799825670119,177,24,0.840870932116791,83.6844614225104,16.3155385774896
1983,6.24717712759007,1.23452810383225,91.4527116807126,23.3286964150268,457.263558403563,178,24,0.853151900673034,83.6097704340898,16.3902295659102
1983,6.17550059831154,1.2202434515704,92.5309302359345,23.4117026243668,462.654651179673,179,24,0.867672017993747,83.5277807361471,16.4722192638529
1983,6.09112000545745,1.20345657816196,93.5918672183465,23.4927229848122,467.959336091732,180,24,0.88194483046465,83.435053199319,16.564946800681
1983,5.99296924514262,1.18396705185308,94.633029543558,23.5716132467234,473.16514771779,181,24,0.895386331202822,83.3275022489254,16.6724977510746
1983,5.88030871490968,1.16156825662679,95.6518278350399,23.6482255126768,478.259139175199,182,24,0.91150771154121,83.2004032451412,16.7995967548588
1983,5.75239780124215,1.13605791109408,96.6448227187648,23.7223520198371,483.224113593824,183,24,0.934122541536611,83.0484376570439,16.9515623429561
1983,5.60858103774248,1.10725779022094,97.6076642190978,23.7937224077839,488.038321095489,184,24,0.96747787707913,82.8657135095901,17.1342864904099
1983,5.447492275119,1.07504843919345,98.5350221792902,23.8620001801008,492.675110896451,185,24,1.00316005540813,82.6459592606601,17.3540407393399
1983,5.26847631508091,1.0394250382832,99.4229763722306,23.926958349802,497.114881861153,186,24,1.0323827911094,82.3826962238358,17.6173037761643
1983,5.07282611422449,1.000571633725,100.269233193619,23.9884909185791,501.346165968097,187,24,1.05959368438321,82.0701537903157,17.9298462096843
1983,4.86320816299596,0.958952868370013,101.070868462467,24.0464460509492,505.354342312334,188,24,1.08971649525932,81.7052154066542,18.2947845933458
1983,4.64429552482127,0.915439034675975,101.824506960239,24.1006397514215,509.122534801193,189,24,1.12825069774511,81.2903592791538,18.7096407208462
1983,4.42253503825767,0.8714463857867,102.526608659699,24.1508765075512,512.633043298493,190,24,1.162636675761,80.8399340374326,19.1600659625674
1983,4.20798199408229,0.829050593367517,103.177435336802,24.1972307373513,515.887176684011,191,24,1.18141019880199,80.3818874396587,19.6181125603413
1983,3.89921939738917,0.768167695806501,103.781552948402,24.2400761542328,518.90776474201,192,17,1.07705222221847,79.9654118307557,20.0345881692443
1983,3.74652730752266,0.738019491228104,104.344747824101,24.2798629531953,521.723739120503,193,17,1.08931811913426,79.6613810470524,20.3386189529476
1983,3.64634608714046,0.718128118019568,104.874911060466,24.3171797076392,524.374555302328,194,17,1.11203642274145,79.544447954078,20.455552045922
1983,3.60470396280016,0.709709968451219,105.380455743512,24.3526413648119,526.90227871756,195,17,1.14242691679959,79.6549662986308,20.3450337013692
1983,3.42942437023222,0.675015161427898,105.871556170667,24.3869764673184,529.357780853337,196,16,1.14101489251813,79.5569849051092,20.4430150948908
1983,3.45729817062594,0.680351900219446,106.327845594785,24.4187784319464,531.639227973925,197,16,1.16406968613315,79.9354037335142,20.0645962664858
1983,3.47414085358459,0.683568389974887,106.785063238579,24.4505498251166,533.925316192895,198,16,1.18073836305449,80.2426903527887,19.7573096472113
1983,3.46860553699933,0.682448730503354,107.242279293873,24.4822264374835,536.211396469365,199,16,1.18877719363231,80.4543627355119,19.5456372644881
1983,3.4441786127956,0.677681941450245,107.696743382636,24.513619248649,538.483716913178,200,16,1.18758853307064,80.612692604154,19.387307395846
1983,3.40269547684728,0.669602069214274,108.14652215322,24.5445976384391,540.7326107661,201,16,1.18052298760323,80.7225146453451,19.2774853546549
1983,3.34566062252407,0.658478785767597,108.5893793796,24.5750116980072,542.946896898001,202,16,1.17083962196767,80.7874317921162,19.2125682078838
1983,3.27482078192397,0.64463040443719,109.022728128756,24.6046891736149,545.113640643782,203,16,1.16173273843355,80.8111237674454,19.1888762325546
1983,3.19210438757059,0.628412748617265,109.443692207294,24.6334398744953,547.218461036471,204,16,1.15634841400992,80.7973932493961,19.2026067506039
1983,3.09976731621071,0.610214065374966,109.849152190079,24.6610589095717,549.245760950394,205,16,1.16282778515024,80.7503694835759,19.2496305164241
1983,2.99989400637877,0.590446824366586,110.2348119382,24.6872633427044,551.174059691,206,16,1.18216148960515,80.6747985351605,19.3252014648395
1983,2.89437647019378,0.569546410280166,110.59659454013,24.7117873736625,552.982972700648,207,16,1.20633265007034,80.5762115707997,19.4237884292003
1983,2.78525119637183,0.547969053572687,110.932405332944,24.7345008768255,554.662026664722,208,16,1.2268366619025,80.4610749871817,19.5389250128183
1983,2.67466229841179,0.526184268536842,111.242258172138,24.7554161716388,556.211290860688,209,16,1.23454506567401,80.337049545425,19.662950454575
1983,2.56505719548589,0.504667092153978,111.528421527818,24.7746963737329,557.642107639088,210,16,1.22877984776577,80.213220257775,19.786779742225
1983,2.45912957040331,0.483895990563777,111.793788827824,24.7925446582375,558.968944139121,211,16,1.21777150355863,80.1056557297822,19.8943442702178
1983,2.22539820865097,0.437971429584017,112.040145929779,24.8090879278561,560.200729648893,212,15,1.17390530328188,79.5389447241235,20.4610552758765
1984,4.53503765826483,0.899222512748843,54.5,19.9420239553624,272.5,141,24,0.436544668799918,84.765784716326,15.2342152836739
1984,4.54015886302521,0.900265287709479,55.3196720125271,20.0324380162359,276.598360062636,142,24,0.440670965883772,84.5964170842326,15.4035829157674
1984,4.5482557505578,0.901842051131851,56.1395405177153,20.1219444715965,280.697702588576,143,24,0.446844529255147,84.4387677491522,15.5612322508478
1984,4.5593564713648,0.904025258830857,56.9597910071985,20.2105855234859,284.798955035992,144,24,0.452619091267468,84.2937737802785,15.7062262197215
1984,4.57351610396989,0.906893750802199,57.7811038439012,20.2984544104124,288.905519219506,145,24,0.455416633365967,84.1623256803633,15.8376743196367
1984,4.59162686539611,0.910533784764752,58.604685995162,20.3856962602037,293.02342997581,146,24,0.458637855874507,84.0464870075754,15.9535129924246
1984,4.61456445314311,0.915023734039126,59.4312427131102,20.472398247963,297.156213565551,147,24,0.465927864231359,83.9445765580637,16.0554234419363
1984,4.64246157862407,0.920453805672696,60.2609253498909,20.5585869996555,301.304626749455,148,24,0.474930088759664,83.8587305924537,16.1412694075463
1984,4.67542244276653,0.926908922169208,61.0943830964435,20.6443391719802,305.471915482217,149,24,0.483179463270507,83.7898308594674,16.2101691405326
1984,4.71351757222996,0.934469949004007,61.9327789760191,20.7297807112016,309.663894880095,150,24,0.488017024346484,83.7383560496915,16.2616439503085
1984,5.02970232193345,0.997195946980781,62.7778218840237,20.8150877515159,313.889109420118,151,24,0.494566087597217,84.124526250339,15.875473749661
1984,5.0824598202028,1.00763978457159,63.6847870917495,20.9057600108013,318.423935458747,152,24,0.50078572430624,84.0942009113501,15.9057990886499
1984,5.14234737115,1.01947114921669,64.6010543059458,20.9964528809353,323.005271529729,153,24,0.508019717872918,84.0813847381676,15.9186152618324
1984,5.20947158590309,1.03274308639376,65.527846193194,21.0872799808282,327.63923096597,154,24,0.515076514638282,84.0870264556811,15.9129735443189
1984,5.2837706189872,1.04747716758021,66.4666450066818,21.1783755063133,332.333225033409,155,24,0.520696693911623,84.1096985983017,15.8903014016983
1984,5.36533134904014,1.06366340223358,67.4191724609171,21.2698912058125,337.095862304585,156,24,0.525918815954001,84.147031389948,15.852968610052
1984,5.45422013673593,1.08125808574384,68.3869598717747,21.3619547016172,341.934799358873,157,24,0.532862243895995,84.1972177740445,15.8027822259555
1984,5.55001201649329,1.10016524726913,69.3711278860729,21.454649878007,346.855639430365,158,24,0.541948785113814,84.2579449302681,15.7420550697319
1984,5.65193308427398,1.12022014724614,70.3726277229479,21.5480412853843,351.863138614739,159,24,0.553594636686885,84.3262457626845,15.6737542373155
1984,5.75877144751982,1.14116949251249,71.3921725015552,21.642168687022,356.960862507776,160,24,0.568306518836975,84.3983991509256,15.6016008490745
1984,5.86842107614042,1.16264924189965,72.4301315324843,21.7370385971848,362.150657662421,161,24,0.584128753836778,84.4698320263074,15.5301679736926
1984,5.97816982730155,1.18416264425404,73.4868439648189,21.8326541301448,367.434219824094,162,24,0.599540593525219,84.5349626343133,15.4650373656867
1984,6.08490759359441,1.20506198029774,74.5624105691308,21.9289966007334,372.812052845654,163,24,0.615754221292411,84.5871644049698,15.4128355950303
1984,6.18472335556005,1.22454010821697,75.6560675518825,22.0259713731917,378.280337759413,164,24,0.634076901057188,84.6188479410242,15.3811520589759
1984,6.27296502901711,1.24164112619606,76.7660073602207,22.1233960729133,383.830036801103,165,24,0.656009656995487,84.6215573688125,15.3784426311875
1984,6.34387537639935,1.25529914929846,77.8891917271935,22.2209889579513,389.445958635967,166,24,0.678836234642467,84.586197010759,15.413802989241
1984,6.391411565915,1.26441331971271,79.0219741163591,22.3184273420039,395.109870581796,167,24,0.698756588692009,84.5033006762723,15.4966993237277
1984,6.42108225832859,1.27007235108268,80.1602593777714,22.4153633214203,400.801296888857,168,24,0.715685884540968,84.3971413395986,15.6028586604014
1984,6.44214069341194,1.27410225086544,81.3010710239043,22.5115565914107,406.505355119522,169,24,0.729647235174733,84.2982836830679,15.7017163169321
1984,6.45474832994453,1.27652998360575,82.443278547835,22.6069296414937,412.216392739175,170,24,0.740718334400455,84.206384091349,15.793615908651
1984,6.45893711927617,1.27736128410547,83.5857681207248,22.7014093615615,417.928840603624,171,24,0.748809696807341,84.12088624732,15.87911375268
1984,6.45475435926068,1.27658124050584,84.7274501283109,22.7949274179292,423.637250641555,172,24,0.754900912138727,84.0410125584717,15.9589874415283
1984,6.44218269769827,1.27415415952421,85.8670484278312,22.8874029733476,429.335242139156,173,24,0.760372396344202,83.9657788140033,16.0342211859967
1984,6.42110416538845,1.27002325673349,87.0030072620042,22.9787357664011,435.015036310021,174,24,0.76670754794548,83.8939843080172,16.1060156919828
1984,6.39128875575581,1.26411018090812,88.1334505537927,23.0688036972451,440.667252768964,175,24,0.775436020109737,83.8241870984514,16.1758129015486
1984,6.35226027533204,1.25631442919516,89.2561502678393,23.1574612187186,446.280751339196,176,24,0.786963785217076,83.7546701676898,16.2453298323102
1984,6.30339576482859,1.24651359565213,90.3687019348299,23.2445539098131,451.84350967415,177,24,0.801433487583875,83.683377288165,16.316622711835
1984,6.24402845028211,1.23456219994071,91.4685479886476,23.3299204890357,457.342739943238,178,24,0.819774176579724,83.6078461528177,16.3921538471823
1984,6.17337112272415,1.22029308837373,92.5528117501311,23.4133801675798,462.764058750656,179,24,0.842995839591037,83.5251796812566,16.4748203187434
1984,6.09053432804746,1.20351966080043,93.6182571906107,23.4947301243682,468.091285953054,180,24,0.872326423347605,83.4319875330882,16.5680124669118
1984,5.99358611439861,1.18403805758256,94.661224936527,23.5737412176394,473.306124682635,181,24,0.898505949309668,83.3243047330012,16.6756952669988
1984,5.88104013458811,1.16164200748745,95.6795214094986,23.6503000752863,478.397607047493,182,24,0.915914609771522,83.1973445251958,16.8026554748042
1984,5.75262078709178,1.1361330696543,96.6717798848505,23.7243569407082,483.358899424252,183,24,0.932406374233166,83.0455344623458,16.9544655376542
1984,5.60811006755547,1.10733781127885,97.6350078724638,23.795742069706,488.175039362319,184,24,0.956364039536081,82.8628493676571,17.1371506323429
1984,5.44751157107411,1.07513873501193,98.5644929765128,23.8641626442187,492.822464882564,185,24,0.997332716022003,82.6429612012029,17.3570387987971
1984,5.27000055671137,1.03952297985713,99.4536148835485,23.92919247661,497.268074417743,186,24,1.04795260435878,82.3796737872682,17.6203262127318
1984,5.07545295432501,1.00066402663225,100.297060839487,23.9905081501858,501.485304197435,187,24,1.09441626741169,82.0674960827393,17.9325039172607
1984,4.86611543549522,0.959026201493683,101.092255303091,24.0479878421836,505.461276515455,188,24,1.13365325285437,81.7032410256512,18.2967589743489
1984,4.64635991388966,0.915485385285195,101.837686581105,24.101584999154,509.188432905523,189,24,1.1624371952204,81.2891847565243,18.7108152434757
1984,4.42340454856697,0.871470556478109,102.533363014294,24.1513586287767,512.66681507147,190,24,1.17762743040567,80.8393534019465,19.1606465980535
1984,4.20777913980962,0.829064782918156,103.181364995253,24.1975100020484,515.906824976263,191,24,1.17562971233051,80.3815614305302,19.6184385694698
1984,4.01366692062637,0.791009649734727,103.786597865076,24.2404332186026,518.932989325378,192,24,1.15991226423298,79.9650071030455,20.0349928969546
1984,3.85734265160296,0.760438312263695,104.356109882918,24.2806640818232,521.78054941459,193,24,1.13799726736873,79.6604966357234,20.3395033642766
1984,3.75333241015054,0.740156995382506,104.898699539941,24.3188510292017,524.493497699706,194,24,1.11702198874894,79.5426456274032,20.4573543725968
1984,3.70811545269806,0.73139494559926,105.424642618238,24.3557352336383,527.123213091192,195,24,1.10370172121165,79.6517050352248,20.3482949647752
1984,3.4234070644179,0.675256144427015,105.944167043281,24.3920436038711,529.720835216404,196,16,0.973191406344108,79.5517749123867,20.4482250876133
1984,3.45159144321226,0.680705511160604,106.432812089854,24.4260808102212,532.164060449271,197,16,0.988687276359594,79.9280952420296,20.0719047579704
1984,3.46950103740605,0.684041794138049,106.923956581418,24.4601825434079,534.619782907089,198,16,1.01395661823399,80.2332842627906,19.7667157372094
1984,3.4655926931014,0.683033855576989,107.413589820475,24.4940708459186,537.067949102376,199,16,1.04471378705362,80.4430015100302,19.5569984899698
1984,3.44305680154942,0.678357626233635,107.896249912384,24.5273713124534,539.481249561921,200,16,1.07621923322315,80.5996351229851,19.4003648770149
1984,3.40307604510039,0.670335515693244,108.3680614062,24.5598230949422,541.840307031,201,16,1.09779798539045,80.7080304027724,19.2919695972276
1984,3.34699748205049,0.659242531755193,108.827520739651,24.5913307772031,544.137603698257,202,16,1.1074596044878,80.7717787797069,19.2282212202931
1984,3.2768267465036,0.645402325908554,109.273792026979,24.621845446801,546.368960134897,203,16,1.11361017085838,80.7944057032018,19.2055942967982
1984,3.19472827224972,0.629174361565009,109.704759420988,24.6512313529079,548.523797104939,204,16,1.12497283607968,80.7796561493166,19.2203438506834
1984,3.10298369763798,0.610947837917069,110.116995581328,24.679264859165,550.584977906638,205,16,1.15072425596011,80.7316807880197,19.2683192119803
1984,3.00348448935596,0.5911364442615,110.505694550214,24.7056308333064,552.528472751068,206,16,1.18712391121407,80.6552727840828,19.3447272159172
1984,2.89800777644877,0.570179764131949,110.867177304314,24.7300927503602,554.335886521572,207,16,1.22183760632321,80.5559587589254,19.4440412410746
1984,2.78881498723334,0.548539985278014,111.200587540906,24.7526057383813,556.002937704531,208,16,1.25153863996693,80.4401435643985,19.5598564356014
1984,2.67824273918628,0.526689734193664,111.50618678008,24.7731995480481,557.530933900398,209,16,1.27279861348431,80.3155028948581,19.6844971051419
1984,2.56865922222682,0.505105033979797,111.785389629524,24.7919801910583,558.926948147622,210,16,1.28205091451006,80.1912383264766,19.8087616735234
1984,2.46257311041805,0.484266705876731,112.04079761791,24.8091316561088,560.203988089548,211,16,1.2798853881727,80.0835113519527,19.9164886480474
1984,2.2283927763261,0.438269912163618,112.275395866665,24.8248616864837,561.376979333327,212,15,1.23644509943013,79.5166921363782,20.4833078636218
1985,4.53576250822843,0.899222512748843,54.5,19.9420239553624,272.5,141,24,0.441814799949235,84.7657847163261,15.234215283674
1985,4.54106305554618,0.90026594536679,55.31876295629,20.0323382615032,276.59381478145,142,24,0.447279003820004,84.5966305713261,15.4033694286739
1985,4.54905071576237,0.901843486555762,56.1374906952591,20.121721828658,280.687453476295,143,24,0.452679882407522,84.4392458679386,15.5607541320614
1985,4.56013882989611,0.904027308590869,56.9567331141023,20.2102567271325,284.783665570511,144,24,0.458390701919664,84.2944814550065,15.7055185449935
1985,4.5747961400723,0.906896318613203,57.7770481115257,20.2980226497121,288.885240557629,145,24,0.464962630670939,84.1632559057932,15.8367440942068
1985,4.59350168959362,0.910537142357909,58.5989770864213,20.3850944672336,292.994885432107,146,24,0.472746877313221,84.0477830840054,15.9522169159946
1985,4.61664114126049,0.915028101277946,59.4230869889002,20.4715468683009,297.115434944501,147,24,0.481714163699803,83.9464070906948,16.0535929093052
1985,4.6446641611078,0.920458980330677,60.2500277401414,20.5574603155993,301.250138700707,148,24,0.491875844328717,83.8611455500554,16.1388544499446
1985,4.67799620836532,0.926914546829303,61.0805369046628,20.6429212562917,305.402684523314,149,24,0.503251750709918,83.7928562138104,16.2071437861896
1985,4.71703967508711,0.934475669706459,61.9154331514113,20.7280211776856,309.577165757056,150,24,0.515831265947158,83.7420877134381,16.2579122865619
1985,5.03466374845316,0.997203149818072,62.7556177275767,20.812856513614,313.778088637883,151,24,0.532149706971715,84.1291182458101,15.8708817541899
1985,5.08830759342082,1.00764635525824,63.6560586280562,20.9029017819034,318.280293140281,152,24,0.545511931560897,84.1000343210005,15.8999656789995
1985,5.14875843601252,1.01947575489218,64.5645503378977,20.9928568948655,322.822751689489,153,24,0.557436804291892,84.0886525265271,15.9113474734729
1985,5.21614668094962,1.03274387951292,65.482741269691,21.0828804244715,327.413706348455,154,24,0.566757054667485,84.095819806835,15.904180193165
1985,5.29054727714157,1.04747196209128,66.4125393241694,21.1731498473327,332.062696620847,155,24,0.573182342930198,84.1200145299045,15.8799854700955
1985,5.37207142215029,1.06364984803736,67.3559254049747,21.2638426699884,336.779627024874,156,24,0.578067428548888,84.1588122895452,15.8411877104548
1985,5.4606486626905,1.08123380999634,68.3146316406982,21.3551057873538,341.573158203491,157,24,0.582667219305383,84.2103677325043,15.7896322674957
1985,5.55594884966879,1.10012806682639,69.2901250189227,21.4470552600834,346.450625094614,158,24,0.588228091771798,84.2723092828389,15.7276907171611
1985,5.6573154405328,1.12016821268821,70.2835571470231,21.5397729896099,351.417785735115,159,24,0.596115892779147,84.3416444385699,15.6583555614301
1985,5.76361073034477,1.1411013355497,71.2956750734348,21.633300054648,356.478375367174,160,24,0.607408475192982,84.4146601852622,15.5853398147378
1985,5.87297100321393,1.16256378145033,72.3267826489948,21.7276351081299,361.633913244974,161,24,0.62189219840189,84.4868102636823,15.5131897363177
1985,5.98279222920329,1.18405895179846,73.3768536194455,21.8227466269561,366.884268097228,162,24,0.638846234050161,84.5525883528722,15.4474116471278
1985,6.08969193996312,1.2049390635251,74.4454849956516,21.9185702611065,372.227424978258,163,24,0.657450963858146,84.6054609923482,15.3945390076518
1985,6.18946889090674,1.22439723047113,75.5317611207597,22.0149985143668,377.658805603798,164,24,0.676766277300725,84.6378731844639,15.3621268155361
1985,6.27721970563968,1.24147839427357,76.6341140135385,22.1118707794126,383.170570067692,165,24,0.696226349362362,84.6413460861988,15.3586539138012
1985,6.34746848073745,1.2551182213554,77.7501080896888,22.2089574869975,388.750540448444,166,24,0.715090542243057,84.6067136033816,15.3932863966184
1985,6.39447832375932,1.26421717585662,78.8763606313053,22.3059568825502,394.381803156527,167,24,0.731875365154398,84.5244958624832,15.4755041375168
1985,6.42357366369672,1.26986231490549,80.0086381795119,22.4025069286738,400.043190897559,168,24,0.744994454534445,84.4189525087757,15.5810474912243
1985,6.44381568279452,1.27387767071313,81.1440893990243,22.4983759487025,405.720446995121,169,24,0.752839753758437,84.3205807942227,15.6794192057773
1985,6.45569244937598,1.27629080781326,82.2819967542846,22.5935188616618,411.409983771423,170,24,0.758364841104471,84.228981869454,15.771018130546
1985,6.45960399018508,1.27710739520291,83.4211495223134,22.6878517327365,417.105747611567,171,24,0.764817076753178,84.1436184841046,15.8563815158954
1985,6.45531615081857,1.27631151356491,84.559767439574,22.7812473541178,422.79883719787,172,24,0.770817453893895,84.0638127620165,15.9361872379835
1985,6.44249123032292,1.27386699416888,85.6962991572926,22.873601797569,428.481495786463,173,24,0.774933966093155,83.9886191106431,16.0113808893569
1985,6.42068967899002,1.269717374904,86.8294121340902,22.9648324735475,434.147060670451,174,24,0.775701386356973,83.9168075491307,16.0831924508693
1985,6.38993619691174,1.26378567464151,87.9579789120572,23.054876014716,439.789894560286,175,24,0.776822453273528,83.8468411423093,16.1531588576907
1985,6.3502276079074,1.25597230741498,89.0801363749941,23.1436133006021,445.40068187497,176,24,0.782895915012748,83.7769639324303,16.2230360675697
1985,6.30091604956759,1.24615445425092,90.1931010032758,23.2308573859271,450.965505016379,177,24,0.793857164517481,83.705177166214,16.294822833786
1985,6.24122870208786,1.23418620960767,91.2939726550518,23.3164184460878,456.469863275259,178,24,0.809690533080787,83.6290681755578,16.3709318244422
1985,6.17028186397592,1.21990027297829,92.379699815858,23.4001009999264,461.89849907929,179,24,0.830476710283504,83.5457661627194,16.4542338372806
1985,6.08670551951652,1.20311025843193,93.4470381844114,23.4817007088246,467.235190922057,180,24,0.852303466308648,83.4518858447964,16.5481141552036
1985,5.98929213135708,1.18361492676536,94.4932520331639,23.5610573873135,472.46626016582,181,24,0.873255463107467,83.3433615143357,16.6566384856643
1985,5.87728557894596,1.16120734539183,95.51574733816,23.6380254541309,477.5787366908,182,24,0.896603538325835,83.2154586883307,16.7845413116693
1985,5.74992095353081,1.13568504262887,96.5111248527436,23.7124025676048,482.555624263718,183,24,0.925901511308049,83.0628435413308,16.9371564586692
1985,5.60652885684129,1.10686980032219,97.4751218253346,23.7839269449169,487.375609126673,184,24,0.96528465443014,82.8796038581813,17.1203961418187
1985,5.44567155848518,1.07464234772669,98.4025148962169,23.8522716849354,492.012574481084,185,24,1.00536262860429,82.6594464431335,17.3405535568665
1985,5.26661931591069,1.0389988116537,99.2896716547411,23.9172323257352,496.448358273706,186,24,1.03575359657015,82.3958540330867,17.6041459669133
1985,5.0706957144126,1.0001255116704,100.134890503922,23.9787468974947,500.674452519612,187,24,1.06051532397517,82.082992054494,17.917007945506
1985,4.86060262896286,0.958490098088732,100.935923331603,24.0367125213278,504.679616658014,188,24,1.08417304182089,81.7176809965659,18.2823190034341
1985,4.64106399889856,0.914966518324889,101.690157728402,24.0909993017052,508.450788642011,189,24,1.11184852880178,81.3023397123554,18.6976602876446
1985,4.41904197492938,0.87097506645458,102.394902136071,24.1414709581493,511.974510680357,190,24,1.1397717157863,80.8512636617246,19.1487363382754
1985,4.20469496282903,0.828589062740377,103.04961188601,24.1881428042146,515.248059430049,191,24,1.16036677864738,80.3924992863612,19.6075007136388
1985,4.01194965789886,0.790542174823465,103.657289473277,24.2312773294631,518.286447366386,192,24,1.17311743469328,79.9753885369559,20.0246114630441
1985,3.74328390394404,0.737607633632579,104.223826054648,24.2713330979819,521.119130273238,193,17,1.06325981088019,79.6708017161844,20.3291982838156
1985,3.64207324762313,0.717733181703096,104.758560956695,24.3090014194234,523.792804783475,194,17,1.05998228465497,79.5532720990996,20.4467279009004
1985,3.5991631277084,0.709346922008493,105.2736704615,24.3451607570568,526.368352307501,195,17,1.05626503821249,79.66285684319,20.33714315681
1985,3.42328865196552,0.674714423899868,105.780903139641,24.3806468611979,528.904515698207,196,16,1.02999527149148,79.5634979781739,20.4365020218261
1985,3.45054626822066,0.680117305108754,106.258176327112,24.4139288598868,531.290881635561,197,16,1.0301374677728,79.9402614935992,20.0597385064008
1985,3.46694481561334,0.683417715123978,106.740835514109,24.4474806514064,533.704177570545,198,16,1.02606630934454,80.2456900162424,19.7543099837576
1985,3.46105279256834,0.682398446053932,107.22755032509,24.4812074612287,536.137751625452,199,16,1.01371497547399,80.4553410361923,19.5446589638077
1985,3.43676395987897,0.677745395248007,107.715517516717,24.5149141135512,538.577587583587,200,16,1.00212064661947,80.6114598808543,19.3885401191457
1985,3.3961376257962,0.669782040039497,108.200905361745,24.5483371781972,541.004526808724,201,16,1.00028281870516,80.7189542955772,19.2810457044228
1985,3.34028503484633,0.658764480990339,108.678494402907,24.5811213884183,543.392472014533,202,16,1.00411739479454,80.7815673472453,19.2184326527547
1985,3.27059863156212,0.645003466051238,109.144104707703,24.6129867903131,545.720523538515,203,16,1.00967701899386,80.8030332610626,19.1969667389374
1985,3.18870160231937,0.628852938856148,109.594624705529,24.6437293808821,547.973123527647,204,16,1.0129887416007,80.7871301501927,19.2128698498073
1985,3.0967381802664,0.610704083665475,110.028062387756,24.6732232854055,550.140311938781,205,16,1.01782293249122,80.737877792324,19.262122207676
1985,2.99699632291506,0.590974452682969,110.442100770997,24.7013216090123,552.210503854984,206,16,1.02876283900151,80.6598498594548,19.3401501405452
1985,2.89155160440087,0.570101968793654,110.833964109827,24.727847499827,554.169820549134,207,16,1.04273643436166,80.5584405923404,19.4415594076596
1985,2.78259070872618,0.548542795545111,111.201906532479,24.752694707672,556.009532662397,208,16,1.05662020818777,80.4400408050604,19.5599591949396
1985,2.67237589987732,0.526764607096076,111.545244473888,24.7758287429906,557.726222369439,209,16,1.06709719898345,80.3123205169532,19.6876794830468
1985,2.5634309516494,0.505239854706646,111.864410383291,24.7972896032622,559.322051916455,210,16,1.07765393496697,80.1844924991687,19.8155075008313
1985,2.45824083791011,0.484445295718224,112.159644215361,24.8171032967531,560.798221076805,211,16,1.09046094454131,80.0728791682822,19.9271208317178
1985,2.22513225131741,0.438467918644351,112.431248882014,24.8352991155977,562.156244410069,212,15,1.07088293609769,79.5019811873442,20.4980188126558
1986,4.52802660408519,0.899222512748843,54.5,19.9420239553624,272.5,141,24,0.3887050468191,84.7657847163261,15.2342152836739
1986,4.53368058398904,0.900259380254902,55.3278377260874,20.0333340246213,276.639188630437,142,24,0.396145134560038,84.5944994465308,15.4055005534692
1986,4.54208845007421,0.901831004564725,56.1553157159963,20.1236577165292,280.776578579982,143,24,0.404052424850777,84.4350883445152,15.5649116554849
1986,4.55355826351491,0.904009775350598,56.9828911127381,20.2130689377105,284.91445556369,144,24,0.412061400054583,84.288428133474,15.711571866526
1986,4.56851305217695,0.90687472604703,57.8111557618255,20.3016529865431,289.055778809128,145,24,0.420341638627634,84.1554334809771,15.8445665190229
1986,4.58741070177516,0.910512576711095,58.6407521838707,20.3894971598133,293.203760919354,146,24,0.429043577717462,84.0382997915433,15.9617002084567
1986,4.6105920425999,0.915001709076007,59.4723843729686,20.4766918030366,297.361921864843,147,24,0.437795373378035,83.9353434740387,16.0646565259613
1986,4.63844623514041,0.920431983528094,60.3068988401394,20.5633385526162,301.534494200697,148,24,0.446127216330695,83.8485440478475,16.1514559521525
1986,4.67134161090301,0.92688824382552,61.1453138701157,20.6495527984036,305.726569350578,149,24,0.45358209734531,83.7787043811308,16.2212956188692
1986,4.70967141309879,0.934451483279407,61.9888127926563,20.735462348733,309.944063963282,150,24,0.460021150035207,83.7263035102104,16.2736964897897
1986,5.02596284404011,0.997176220239819,62.8386853329557,20.8212009422655,314.193426664778,151,24,0.468768371457325,84.1119417749104,15.8880582250896
1986,5.07879273781459,1.00762487582616,63.7500618271702,20.9122509326215,318.750309135851,152,24,0.475289871600104,84.0809497838014,15.9190502161986
1986,5.13871697469774,1.01946238733723,64.6706943793482,21.003309160611,323.353471896741,153,24,0.482513377020601,84.0675234491289,15.9324765508711
1986,5.2060900994614,1.03274181289436,65.6018609787771,21.0944948480836,328.009304893886,154,24,0.491057987760697,84.0726014994458,15.9273985005542
1986,5.28116701114717,1.04748471577334,66.5447866564052,21.1859173873075,332.723933282026,155,24,0.501979491944472,84.0948050999655,15.9051949000345
1986,5.36385202665641,1.06368086926405,67.5005362129905,21.2776664908116,337.502681064953,156,24,0.515001760944892,84.1318817755716,15.8681182244285
1986,5.4537113098247,1.08128605507264,68.470210481338,21.3698316322829,342.35105240669,157,24,0.52862785514558,84.1820883585455,15.8179116414545
1986,5.55003603761197,1.10020382335787,69.4551228511846,21.4625185026283,347.275614255923,158,24,0.541221362767359,84.2430566331307,15.7569433668693
1986,5.65174678252582,1.120269224078,70.4567721569689,21.5558455970806,352.283860784845,159,24,0.550936880950745,84.3117055595853,15.6882944404147
1986,5.75744967528147,1.14122927802708,71.476810344539,21.6499404846823,357.384051722695,160,24,0.556924446262826,84.3841436074882,15.6158563925118
1986,5.86553865682885,1.16272088679694,72.5167804828669,21.7449153913742,362.583902414334,161,24,0.560899564763863,84.4556045722582,15.5443954277418
1986,5.9737917916652,1.1842481473516,73.577561221371,21.8408178137759,367.887806106855,162,24,0.564922723292798,84.5204332241029,15.4795667758971
1986,6.07923420035095,1.20516366587139,74.6591746137785,21.9376165078019,373.295873068893,163,24,0.571041750773572,84.5720313356095,15.4279686643905
1986,6.17810755740969,1.224660244677,75.7606380604353,22.0351923623936,378.803190302177,164,24,0.581423581509896,84.6028529975327,15.3971470024673
1986,6.26571509618396,1.24178142557721,76.8797838028478,22.1333271664118,384.398919014239,165,24,0.597019949300867,84.6044978524583,15.3955021475417
1986,6.33643303543593,1.25546051235083,78.0133142881244,22.23171357872,390.066571440622,166,24,0.61630275904644,84.5678999551741,15.4321000448259
1986,6.38444949028895,1.26459523213804,79.1571127506112,22.3299864055562,395.785563753056,167,24,0.637714798212613,84.4836445721323,15.5163554278677
1986,6.41499884516416,1.27027439675199,80.3062114359994,22.4277230116703,401.531057179997,168,24,0.659470497969394,84.3761619576558,15.6238380423442
1986,6.43704665099525,1.2743252378202,81.4570465562651,22.5246352035107,407.285232781325,169,24,0.679543261957519,84.2761475279492,15.7238524720508
1986,6.45018060005026,1.27677446377426,82.6082527189337,22.620628542572,413.041263594668,170,24,0.6933644035428,84.1832886219312,15.8167113780688
1986,6.45444795844521,1.27762872259645,83.7592957385198,22.7156805849251,418.796478692599,171,24,0.700706783746755,84.096944930135,15.903055069865
1986,6.45036066725589,1.27687417987368,84.9096962256384,22.8097742265208,424.548481128192,172,24,0.706146382619689,84.0162548583898,15.9837451416102
1986,6.43831059090661,1.27447533256464,86.0581618965614,22.9028274622506,430.290809482807,173,24,0.714371051619579,83.9402388399283,16.0597611600718
1986,6.41857904386902,1.27037457289435,87.2025412064271,22.9946926445681,436.012706032135,174,24,0.730367109590492,83.8677766808756,16.1322233191244
1986,6.39048244706176,1.26449138177932,88.3397415781062,23.085152907085,441.698707890531,175,24,0.75229494327126,83.7975812314424,16.2024187685576
1986,6.35290878379446,1.25672374346054,89.4669016545672,23.1740170987051,447.334508272836,176,24,0.775301604321019,83.7280042989687,16.2719957010313
1986,6.30530317167166,1.24694929788849,90.5819082945997,23.261158671579,452.909541472999,177,24,0.800129183668079,83.6569368094815,16.3430631905185
1986,6.24699099176407,1.23502238998896,91.6823889894881,23.3464349731453,458.41194494744,178,24,0.827633836429427,83.5818785599484,16.4181214400516
1986,6.1771794242033,1.22077597038714,92.7656651334965,23.4296841375431,463.828325667483,179,24,0.858743599595929,83.499897216853,16.500102783147
1986,6.09449354424088,1.20402249794195,93.8287140445169,23.5107227257782,469.143570222584,180,24,0.889331619002349,83.4075556251033,16.5924443748967
1986,5.99748595417435,1.18456122435747,94.8690635654804,23.5894136611071,474.345317827402,181,24,0.914371902592712,83.3007507665941,16.6992492334059
1986,5.88514775142445,1.16218645305172,95.8849574065483,23.6656765076167,479.424787032742,182,24,0.933525594969038,83.1746426398042,16.8253573601958
1986,5.75650319526295,1.13669804868027,96.8745054129085,23.7394220441265,484.372527064542,183,24,0.946571586193793,83.0237169542645,16.9762830457355
1986,5.61073474585691,1.10792481237694,97.8356666790668,23.8105511190062,489.178333395334,184,24,0.95348477764455,82.8418463318456,17.1581536681544
1986,5.44725281787373,1.07575665670586,98.7662420206299,23.8789541952994,493.831210103149,185,24,0.953208689220602,82.6224530195487,17.3775469804513
1986,5.26630069382728,1.04019569980011,99.6641258776746,23.9445297524659,498.320629388373,186,24,0.948182903155777,82.358924705176,17.641075294824
1986,5.06919855158938,1.00142650074513,100.526773699089,24.0071451989635,502.633868495445,187,24,0.943281083856845,82.0455780834433,17.9544219165567
1986,4.8586281151386,0.959913505347588,101.3509305586,24.0666179312024,506.754652793001,188,24,0.943250499477473,81.6793953521608,18.3206046478392
1986,4.63925425813335,0.916523560217054,102.132928817697,24.1227375794203,510.664644088485,189,24,0.953005753741982,81.2629090424289,18.7370909575711
1986,4.41823030549687,0.872671810410194,102.869051349988,24.1752919965561,514.345256749942,190,24,0.974207570988877,80.8105433993852,19.1894566006148
1986,4.20565839683189,0.830420216516557,103.556680046035,24.2241480088236,517.783400230174,191,24,1.00340836002954,80.3504877341503,19.6495122658497
1986,4.01507477418994,0.792490111524225,104.195907194426,24.2693627138169,520.979535972131,192,24,1.03755363403348,79.9322511905796,20.0677488094203
1986,3.86211100624642,0.762002531932658,104.79014350423,24.311221993122,523.950717521152,193,24,1.07333920552028,79.6268110986901,20.3731889013099
1986,3.76085952244642,0.741764341395471,105.346586856953,24.350269326889,526.732934284764,194,24,1.10693881459905,79.5088266450481,20.4911733549519
1986,3.60772745433646,0.711397191954462,105.876018571443,24.3872879449876,529.380092857214,195,17,1.02115924817607,79.618516905087,20.381483094913
1986,3.43230569246542,0.676744171902138,106.391939396785,24.4232379487637,531.959696983927,196,16,1.00607642781138,79.5197797208659,20.4802202791341
1986,3.4599778156237,0.682199803515414,106.875752140053,24.4568403926968,534.378760700265,197,16,1.00971516535855,79.8973918288184,20.1026081711816
1986,3.47680139717857,0.685546076452088,107.364332920928,24.4906665736612,536.82166460464,198,16,1.01010635890544,80.2036251734807,19.7963748265193
1986,3.47161268850057,0.6845489024443,107.856160307098,24.5246093438511,539.280801535492,199,16,1.01090040498013,80.4138200892665,19.5861799107335
1986,3.44798663451965,0.679883396602422,108.346750126498,24.5583594043402,541.733750632491,200,16,1.01534614873276,80.5702534008254,19.4297465991746
1986,3.40752965705189,0.671873024909752,108.831683781581,24.5916158359371,544.158418907905,201,16,1.02277817058376,80.6778848414489,19.3221151585511
1986,3.3514706659968,0.660783017486351,109.306997424505,24.6241124563338,546.534987122525,202,16,1.03069315718638,80.7404413617863,19.2595586382137
1986,3.28129749752629,0.646929230591978,109.76947402551,24.655637025834,548.847370127548,203,16,1.03643527414918,80.7615902238819,19.2384097761181
1986,3.19873452883414,0.630670911593711,110.216725623415,24.6860358606189,551.083628117077,204,16,1.0374403764104,80.7450774801218,19.2549225198782
1986,3.10608658086325,0.612403512423085,110.647222241942,24.7152147943126,553.236111209712,205,16,1.04083143977126,80.6949037957546,19.3050962042454
1986,3.00563675858969,0.592546910787798,111.058470489247,24.7430152745634,555.292352446236,206,16,1.0508910044229,80.6156646293593,19.3843353706407
1986,2.89932767914574,0.571541622339294,111.447577404746,24.7692530139906,557.237887023731,207,16,1.0604689981818,80.5127746456574,19.4872253543426
1986,2.78924079318375,0.549848183699776,111.813468938245,24.7938671420934,559.067344691227,208,16,1.06217994771742,80.3925916458863,19.6074083541137
1986,2.67756461900746,0.527939642518713,112.156964630655,24.8169236283815,560.784823153274,209,16,1.04878432118516,80.2626864395407,19.7373135604593
1986,2.56713600442313,0.50629383227721,112.480769649783,24.8386133951746,562.403848248916,210,16,1.03146904112221,80.1320981794593,19.8679018205407
1986,2.46075612095885,0.485388767967916,112.785918962612,24.8590137337825,563.929594813059,211,16,1.02169764912454,80.0170913018704,19.9829086981296
1986,2.22671520381726,0.43928378692678,113.071715031428,24.8780853807391,565.358575157139,212,15,0.986520143019691,79.441788928945,20.558211071055
1987,4.53584238667356,0.899222512748843,54.5,19.9420239553624,272.5,141,24,0.442399446339859,84.7657847163261,15.234215283674
1987,4.54156371337594,0.900266018401777,55.3186620027009,20.0323271833521,276.593310013504,142,24,0.450993968281219,84.5966542797988,15.4033457202012
1987,4.54999846837894,0.90184400742704,56.1367468806617,20.1216410373002,280.683734403309,143,24,0.45979288905963,84.4394193629124,15.5605806370876
1987,4.56151259269638,0.904028633732414,56.9547562512193,20.2100441607316,284.773781256096,144,24,0.468814273140226,84.2949389567619,15.7050610432381
1987,4.5764178636937,0.906898716225,57.773261294162,20.297619497801,288.86630647081,145,24,0.477387188128769,84.1641244680028,15.8358755319972
1987,4.59512687636484,0.910540640364012,58.5930297171079,20.3844674939687,292.96514858554,146,24,0.485297853782591,84.0491333334332,15.9508666665668
1987,4.6181324666535,0.915032456448331,59.4149544866154,20.4706978316882,297.074772433077,147,24,0.493315325806268,83.9482324806006,16.0517675193994
1987,4.64599012225256,0.920463802752957,60.239873307115,20.5564103393915,301.199366535575,148,24,0.502273757361215,83.8633959293228,16.1366040706772
1987,4.67923293721647,0.926919409860821,61.0685681302159,20.6416954165097,305.34284065108,149,24,0.513066142256431,83.7954715219429,16.2045284780571
1987,4.71830848677777,0.934480184289489,61.9017489062009,20.7266328266502,309.508744531005,150,24,0.526081234207447,83.7450318766626,16.2549681233374
1987,5.03610018808411,0.997208173459961,62.7401373266216,20.8113006028564,313.700686633108,151,24,0.543372081893533,84.1323200116746,15.8676799883254
1987,5.08983983704842,1.00765034620899,63.6386211314638,20.9011664662131,318.193105657319,152,24,0.557714081279478,84.1035754721769,15.8964245278231
1987,5.15033268577013,1.01947822781745,64.5449789706316,20.9909283465488,322.724894853158,153,24,0.570158086334948,84.0925496626725,15.9074503373275
1987,5.21765203835711,1.03274426744515,65.4609406291023,21.0807532221335,327.304703145511,154,24,0.57902008899103,84.1000706512806,15.8999293487194
1987,5.29199514791186,1.0474696630935,66.3885873072857,21.1708355554857,331.942936536428,155,24,0.585027752986675,84.1245822240184,15.8754177759816
1987,5.37354293440501,1.06364427530042,67.3298940677139,21.2613520527948,336.64947033857,156,24,0.590147223013216,84.163662247895,15.836337752105
1987,5.46208566877567,1.08122436694897,68.2864788655493,21.3524385746678,341.432394327747,157,24,0.594505421993213,84.2154875575992,15.7845124424008
1987,5.55714205898804,1.10011419523291,69.2598922580137,21.4442191293775,346.299461290069,158,24,0.598161875437689,84.2776721141319,15.7223278858681
1987,5.65789403727539,1.12014956943705,70.251576563407,21.5368024953944,351.257882817035,159,24,0.601251224648495,84.3471751122232,15.6528248877768
1987,5.76357371821111,1.14107810517891,71.2627834744852,21.6302752281488,356.313917372426,160,24,0.607821313200476,84.4202047781959,15.5797952218041
1987,5.87262587343795,1.16253650702511,72.2938014462599,21.724632249492,361.4690072313,161,24,0.620017139543747,84.4922304371516,15.5077695628484
1987,5.98214787810951,1.18402814261581,73.3441787969079,21.8198014117877,366.720893984539,162,24,0.634706972185963,84.5578264299971,15.4421735700029
1987,6.08844526209883,1.20490544105638,74.4135095749651,21.9157170020707,372.067547874826,163,24,0.648539489988745,84.610466513293,15.389533486707
1987,6.18698540225393,1.22436222901595,75.5013191005356,22.0123093980559,377.506595502678,164,24,0.657837590579846,84.6425342790673,15.3574657209326
1987,6.27304942622383,1.24144488056536,76.6069614843284,22.1094963824518,383.034807421642,165,24,0.663424236119038,84.6454216386025,15.3545783613975
1987,6.34176866994521,1.25509033855456,77.7286823598745,22.2071027148469,388.643411799373,166,24,0.669314555159583,84.6098754943346,15.3901245056654
1987,6.38769234535477,1.26419910523653,78.862950503527,22.3048076214605,394.314752517635,167,24,0.676302355414071,84.5264486204844,15.4735513795156
1987,6.41641457671089,1.269857253423,80.0049857045495,22.4021970155563,400.024928522747,168,24,0.68520112834063,84.4194781407703,15.5805218592297
1987,6.43724838564091,1.27388750869763,81.1509638439774,22.498953519406,405.754819219887,169,24,0.696865443974161,84.3196039908419,15.6803960091581
1987,6.45023626504643,1.27631566381715,82.2987524562902,22.5949129712842,411.493762281451,170,24,0.710679289345814,84.2266332824822,15.7733667175178
1987,6.45534233641912,1.27714627423397,83.4463507179047,22.6899284563215,417.231753589524,171,24,0.726262971226787,84.1401371749471,15.8598628250529
1987,6.45262013931924,1.27636309714535,84.5918265139288,22.7838642918419,422.959132569644,172,24,0.74491405086859,84.0594520659152,15.9405479340848
1987,6.4420129482064,1.27392873295423,85.7329988780831,22.8765697470639,428.664994390415,173,24,0.768073100803792,83.9837082361824,16.0162917638176
1987,6.42335135212278,1.26978430780873,86.8673873544883,22.96787557621,434.336936772442,174,24,0.797400677803212,83.9118130045055,16.0881869954945
1987,6.39550600286581,1.26384887883819,87.9921454862548,23.0575894299875,439.960727431274,175,24,0.826638587708324,83.8424284499059,16.1575715500941
1987,6.3574256215569,1.2560215306031,89.1054526076129,23.1456062323321,445.527263038064,176,24,0.850303290615296,83.7737561030535,16.2262438969465
1987,6.30890359681313,1.24618161062724,90.2063745154397,23.2318933425235,451.031872577199,177,24,0.872010290561808,83.7035286080372,16.2964713919628
1987,6.24960078562582,1.23418457200212,91.2932125791123,23.3163596208028,456.466062895562,178,24,0.895811732313374,83.629160617676,16.370839382324
1987,6.17904627370414,1.21986324910597,92.3633899454685,23.3988489994983,461.816949727342,179,24,0.926209921070665,83.5477067569758,16.4522932430242
1987,6.09552284438755,1.20302963751798,93.4133352057151,23.4791340216184,467.066676028576,180,24,0.955092243261671,83.4558049307731,16.5441950692269
1987,5.99737052436809,1.18348262956295,94.4407561880812,23.5570901418597,472.203780940406,181,24,0.974394614475345,83.3493210498223,16.6506789501777
1987,5.88410654141934,1.16101868466757,95.4446416818464,23.6326916246505,477.223208409232,182,24,0.990009655569431,83.2233303954863,16.7766696045137
1987,5.75523626558703,1.13543835078482,96.4227055042513,23.705817348064,482.113527521256,183,24,1.00837054273699,83.0723771634824,16.9276228365176
1987,5.61033488014626,1.10656569133598,97.371276097029,23.7762458032358,486.856380485145,184,24,1.03637661501389,82.8904949828137,17.1095050171863
1987,5.44829215968326,1.07428273019893,98.2852173567346,23.843652245906,491.426086783673,185,24,1.06817322431451,82.6713953982903,17.3286046017097
1987,5.26844683204006,1.03858514980248,99.1603424716613,23.9077876581672,495.801712358306,186,24,1.0945286582136,82.4086311477872,17.5913688522128
1987,5.07195569728535,0.999658098593314,99.9941791273175,23.9685311742662,499.970895636587,187,24,1.11814398000932,82.0964526778388,17.9035473221612
1987,4.86138494339883,0.957968799664924,100.783946509734,24.0257396385759,503.91973254867,188,24,1.14206114921994,81.731736002359,18.268263997641
1987,4.64133798569692,0.91439178990741,101.526769048764,24.079263108749,507.633845243822,189,24,1.16957886008399,81.3169286045356,18.6830713954644
1987,4.41884834202091,0.870349276721663,102.220032548518,24.1289699689941,511.10016274259,190,24,1.19774299122765,80.8663284009371,19.1336715990629
1987,4.08630834650956,0.804704993449313,102.863120776774,24.1748696407674,514.31560388387,191,17,1.10181550265416,80.4080077126697,19.5919922873303
1987,3.89562543731744,0.767065786119211,103.458843893625,24.217210574972,517.294219468124,192,17,1.11681366180645,79.9913517778303,20.0086482221697
1987,3.74253862244576,0.736891257190685,104.013390169838,24.2564724311401,520.066950849192,193,17,1.12532787356964,79.6872321702772,20.3127678297228
1987,3.64125902964944,0.716976810822826,104.53557740247,24.2933101202617,522.677887012352,194,17,1.12670157822288,79.5702249431425,20.4297750568575
1987,3.59824455532525,0.70854362452748,105.037196487704,24.3285762505378,525.185982438518,195,17,1.12663317271386,79.6803764138236,20.3196235861764
1987,3.42216124660879,0.673883413116609,105.530189496114,24.3631217403531,527.650947480569,196,16,1.10060490926837,79.5815601782543,20.4184398217457
1987,3.44918146288403,0.679225617692882,105.993134439099,24.3954594182786,529.965672195497,197,16,1.10174858835906,79.9587923132103,20.0412076867897
1987,3.46533205499926,0.682465915035587,106.461219132896,24.4280561870361,532.306095664478,198,16,1.09827406854508,80.2647048225567,19.7352951774433
1987,3.45923867215302,0.681394296672122,106.933192138521,24.4608227509099,534.665960692604,199,16,1.08655874782995,80.4749417718172,19.5250582281828
1987,3.43479649534545,0.676700881301206,107.406251731293,24.4935637604984,537.031258656463,200,16,1.07574355274535,80.6318144359982,19.3681855640019
1987,3.39402871286467,0.668708301101723,107.87654723708,24.5260139883714,539.382736185398,201,16,1.07475083812818,80.7402125604437,19.2597874395563
1987,3.33806152575901,0.657676290395225,108.338848455327,24.5578166547401,541.694242276636,202,16,1.07909264765905,80.8039631282398,19.1960368717602
1987,3.26826363852753,0.643912820014402,108.789048469334,24.5886960801716,543.945242346669,203,16,1.08420209127905,80.8267432117241,19.1732567882759
1987,3.18626366984279,0.627773305708593,109.224227871524,24.6184606935338,546.121139357622,204,16,1.08561673385721,80.8123587272014,19.1876412727986
1987,3.09419473240022,0.609649158177885,109.642685777224,24.6470037703098,548.21342888612,205,16,1.08688440755294,80.7648267307048,19.2351732692952
1987,2.99438489561964,0.589957705143081,110.042438578141,24.6742001458538,550.212192890706,206,16,1.09374752888062,80.6887118770683,19.3112881229317
1987,2.88896811806761,0.569135504548766,110.420820053169,24.6998792046441,552.104100265847,207,16,1.10455179206968,80.5894093594257,19.4105906405742
1987,2.78017200598965,0.547636343059991,110.775921965795,24.7239226573844,553.879609828976,208,16,1.11760130577413,80.4733234398417,19.5266765601583
1987,2.67028757540628,0.525924828474682,111.106621051593,24.7462655693616,555.533105257964,209,16,1.13111428079797,80.3481512733046,19.6518487266954
1987,2.56162524247723,0.504469958593699,111.412608810603,24.7668976718485,557.063044053013,210,16,1.14277968975949,80.22314989631,19.77685010369
1987,2.45660676153284,0.483747154459072,111.694501156069,24.7858701499423,558.472505780344,211,16,1.15250261749583,80.1145746665594,19.8854253334406
1987,2.22376432545802,0.437861509671191,111.953417363702,24.8032668615251,559.767086818508,212,15,1.13104963000221,79.5471628998048,20.4528371001952
1988,4.53792016476661,0.899222512748843,54.5,19.9420239553624,272.5,141,24,0.457881937430311,84.7657847163261,15.2342152836739
1988,4.54405302602405,0.900267957936321,55.3159810601014,20.0320329847207,276.579905300507,142,24,0.469851921321172,84.5972838902411,15.4027161097589
1988,4.55270910465598,0.901848177341182,56.1307922184288,20.1209942292716,280.653961092144,143,24,0.480626455751786,84.4408083098658,15.5591916901342
1988,4.56405565500851,0.904035055102557,56.9451770230831,20.2090140609434,284.725885115416,144,24,0.488538435855431,84.2971559165613,15.7028440834387
1988,4.57829268754433,0.906906957329803,57.7602458808326,20.2962337112375,288.801229404163,145,24,0.491884336923791,84.1671098569938,15.8328901430062
1988,4.59604679234871,0.910549781073278,58.5774898896814,20.3828290718179,292.887449448407,146,24,0.492177941754796,84.0526615613758,15.9473384386242
1988,4.61806733583172,0.915041417917177,59.3982226899708,20.4689507703964,296.991113449854,147,24,0.492321420690538,83.9519882526451,16.0480117473549
1988,4.64485571205886,0.920471661920794,60.2233273405535,20.5546992093934,301.116636702768,148,24,0.492719876024238,83.8670630044022,16.1329369955978
1988,4.67688934651714,0.926925449754467,61.0537061375673,20.6401730207483,305.268530687837,149,24,0.493777187912269,83.798719241872,16.201280758128
1988,4.7146262558302,0.934483970310643,61.890276062906,20.7254686711116,309.45138031453,150,24,0.495885531317307,83.7475004113885,16.2524995886116
1988,5.03113636961058,0.997210176194726,62.7339672410082,20.8106803826774,313.669836205041,151,24,0.504447010424051,84.1335962202083,15.8664037797917
1988,5.08448241488092,1.00765020376965,63.6392433328562,20.9012283911143,318.196216664281,152,24,0.515282396479806,84.1034491121777,15.8965508878223
1988,5.14526218207851,1.01947721199689,64.5530160206086,20.9917203609295,322.765080103043,153,24,0.529559630335737,84.0909492430191,15.9090507569809
1988,5.21353989541426,1.03274399767332,65.476083214893,21.0822308156588,327.380416074465,154,24,0.545806645862051,84.0971179907944,15.9028820092056
1988,5.28921315845185,1.04747167498868,66.4095500426399,21.1728610487376,332.047750213199,155,24,0.562408201265851,84.1205845599527,15.8794154400473
1988,5.37203606369138,1.06364961221352,67.3548241514566,21.2637373182305,336.774120757283,156,24,0.577783534805142,84.1590174529848,15.8409825470152
1988,5.46177298334631,1.08123345722846,68.3135801034915,21.3550061777919,341.567900517458,157,24,0.591764405305957,84.2105589496815,15.7894410503185
1988,5.55797146588277,1.10012685261129,69.2874789181272,21.4468070642143,346.437394590636,158,24,0.604581973590478,84.2727786257999,15.7272213742001
1988,5.65984411966262,1.12016499910891,70.2780448187032,21.5392610480405,351.390224093516,159,24,0.616583696031481,84.3425976638781,15.6574023361219
1988,5.76614889264005,1.14109490835966,71.2865749775159,21.632463275331,356.43287488758,160,24,0.628060365495822,84.4161941050844,15.5838058949156
1988,5.87487783080119,1.16255326025384,72.3140599088866,21.7264768465445,361.570299544433,161,24,0.63760842282974,84.4889010208675,15.5110989791325
1988,5.98350414522669,1.18404435175776,73.3613691522103,21.8213510152841,366.806845761051,162,24,0.645079384552347,84.5550705420252,15.4449294579748
1988,6.08902963222696,1.20492162100847,74.4288964805289,21.9170901266859,372.144482402645,163,24,0.652687296894777,84.6080576979436,15.3919423020564
1988,6.18767481826187,1.22437910137886,75.5159931065216,22.0136057305547,377.579965532608,164,24,0.662790836035915,84.6402873919479,15.3597126080521
1988,6.27492342738154,1.24146194005771,76.6207825069481,22.1107050574763,383.103912534741,165,24,0.677898414339177,84.6433470519722,15.3566529480278
1988,6.34514959779676,1.25510504540191,77.7399831269617,22.2080810385534,388.699915634809,166,24,0.696167771128176,84.6082077454049,15.3917922545951
1988,6.39244792793301,1.26420800735859,78.8695566196002,22.305373789101,394.347783098001,167,24,0.714925161675297,84.5254866330382,15.4745133669618
1988,6.42246289640063,1.26985702137397,80.0048182544568,22.4021828071512,400.024091272284,168,24,0.735558835162069,84.4195022389508,15.5804977610492
1988,6.44456752568774,1.27387458681313,81.1419345197623,22.4981948950462,405.709672598811,169,24,0.75960579782015,84.3208869924453,15.6791130075547
1988,6.45904743289715,1.27628582670032,82.278639080377,22.5932394723385,411.393195401885,170,24,0.78883636353248,84.2294525272998,15.7705474727002
1988,6.46532175186257,1.27709384750798,83.4123686167067,22.6871280328488,417.061843083533,171,24,0.818114053398837,84.1448315916511,15.8551684083489
1988,6.46277002625565,1.27628207097978,84.5414709038571,22.7797535233592,422.707354519285,172,24,0.8421500172176,84.0663017970493,15.9336982029507
1988,6.45144782612067,1.2738147155653,85.6652273580622,22.8710882921035,428.326136790311,173,24,0.862857798871913,83.992777641322,16.007222358678
1988,6.43129602053577,1.26963475968869,86.782547746857,22.9610757682563,433.912738734285,174,24,0.882354212835984,83.9229725904487,16.0770274095513
1988,6.40214629597327,1.26366342271199,87.8919066098184,23.0496266497306,439.459533049092,175,24,0.903008045148467,83.8553768114079,16.1446231885922
1988,6.36354991239692,1.25579948200472,88.9912710489608,23.1366145627166,444.956355244804,176,24,0.925636825845521,83.7882275433758,16.2117724566242
1988,6.3146105581477,1.24591963105768,90.0783549235309,23.2218973762662,450.391774617655,177,24,0.947371369417172,83.7194334731026,16.2805665268974
1988,6.25430067390701,1.23387865387748,91.1512667051854,23.3053678782447,455.756333525927,178,24,0.964748615850931,83.6464311518971,16.3535688481029
1988,6.18151174753292,1.219511750869,92.2086020097792,23.3869592802844,461.043010048896,179,24,0.974160598128932,83.5661326384328,16.4338673615672
1988,6.09506446252164,1.20263746398662,93.2494563883689,23.4666444434319,466.247281941844,180,24,0.971956124244695,83.4748719375576,16.5251280624424
1988,5.99482986130246,1.18306073163975,94.2734198068633,23.5444338357519,471.367099034317,181,24,0.968079749779627,83.3683298277388,16.6316701722612
1988,5.88043750689065,1.16057651945026,95.2780675592716,23.6201855923757,476.390337796358,182,24,0.970665681357766,83.2417838954335,16.7582161045665
1988,5.75032999607777,1.13498216247743,96.2592741439842,23.6936343614094,481.296370719921,183,24,0.973301400770883,83.0900123771424,16.9099876228576
1988,5.6031510137062,1.1061045707141,97.2138853267333,23.7645932115155,486.069426633666,184,24,0.969668801719626,82.9070154904298,17.0929845095702
1988,5.43793010205931,1.07383653328405,98.1397394714776,23.8329520492155,490.698697357388,185,24,0.953581291987548,82.6862279642121,17.3137720357879
1988,5.25575310408131,1.03818639994792,99.0357183927347,23.8986784695107,495.178591963673,186,24,0.938277397064596,82.4209543434717,17.5790456565283
1988,5.05848762860023,0.999339437086791,99.8982735610375,23.9615626344383,499.491367805188,187,24,0.936456238726085,82.1056351914004,17.8943648085996
1988,4.8479211290321,0.957755216998118,100.721690495698,24.0212413606116,503.608452478491,188,24,0.94167617226004,81.7374984499449,18.2625015500551
1988,4.62798798896767,0.914304307861829,101.50190105782,24.0774756893735,507.5095052891,189,24,0.947724184296046,81.3191508763153,18.6808491236847
1988,4.40548681982405,0.870409521301824,102.236867063334,24.1301740744079,511.184335316668,190,24,0.948204538311193,80.8648770330967,19.1351229669034
1988,4.19140270168278,0.828147080135767,102.927189578576,24.1794315103336,514.63594789288,191,24,0.950419237488202,80.4026763249421,19.5973236750579
1988,3.99996023888507,0.790241872425984,103.574206503908,24.2253903045558,517.87103251954,192,24,0.962582261144465,79.9820672474513,20.0179327525487
1988,3.84655114481278,0.759805826046517,104.180458022656,24.2682722244998,520.902290113282,193,24,0.97954054503105,79.6741840695747,20.3258159304253
1988,3.74502884416083,0.73963324505667,104.752593329087,24.3085817822131,523.762966645433,194,24,0.995874288516553,79.5537250913777,20.4462749086223
1988,3.70136207869345,0.73095197060429,105.301115990355,24.3470838979053,526.505579951775,195,24,1.00593564895909,79.6608276121024,20.3391723878976
1988,3.53983655225675,0.699051347422074,105.838852273256,24.3846934406173,529.19426136628,196,24,1.00114474001405,79.5593334637191,20.4406665362809
1988,3.56560363516596,0.704141975638402,106.345200686671,24.4199861489923,531.726003433356,197,24,1.00464580831506,79.9341944898917,20.0658055101083
1988,3.5809370096566,0.707167593227605,106.85596283117,24.4554680395643,534.279814155849,198,24,1.00868552513585,80.237886244486,19.762113755514
1988,3.57444744527752,0.705869149964539,107.368942975738,24.4909852326885,536.844714878689,199,24,1.01433432234673,80.4459594079851,19.5540405920149
1988,3.54942016725815,0.700886821534104,107.8794535985,24.5262142194729,539.397267992498,200,24,1.02254632679133,80.600734731632,19.399265268368
1988,3.39536824216127,0.670385908601762,108.383273764651,24.5608677797908,541.916368823254,201,16,0.919962047244087,80.7070377073473,19.2929622926527
1988,3.3403217456589,0.659400552722881,108.876757413233,24.5947017061618,544.383787066166,202,16,0.935767265972125,80.7685498214367,19.2314501785633
1988,3.27130366046228,0.645655381679423,109.356027685843,24.627458988584,546.780138429217,203,16,0.952420845457434,80.7889439380019,19.2110560619981
1988,3.18995658596011,0.629505393150986,109.818120940612,24.6589476428992,549.090604703061,204,16,0.966580311077591,80.7719762955365,19.2280237044635
1988,3.09812974486955,0.611342974799342,110.261070887919,24.6890452353998,551.305354439594,205,16,0.97471580406896,80.7216588257715,19.2783411742286
1988,2.99799977729896,0.591590910049695,110.683987319446,24.7177030507608,553.41993659723,206,16,0.976995461812433,80.6424628802709,19.3575371197291
1988,2.8919704393951,0.570693579111278,111.086381902403,24.7448994910008,555.431909512016,207,16,0.976636819200727,80.5396077881153,19.4603922118847
1988,2.78241196878854,0.549109346648595,111.467603688351,24.7706016709744,557.338018441756,208,16,0.974593232546624,80.4193782041486,19.5806217958514
1988,2.67173115874105,0.527305816605951,111.827285261926,24.7947954883859,559.136426309628,209,16,0.971697229746434,80.2893875967237,19.7106124032763
1988,2.56234962635937,0.505753978555136,112.165374190364,24.8174874862795,560.82687095182,210,16,0.96886803572902,80.1588594609871,19.8411405390129
1988,2.45674511354108,0.484930600967376,112.482118615615,24.8387036632666,562.410593078076,211,16,0.967956410650177,80.0441033239942,19.9558966760058
1988,2.22360663670057,0.438909062824331,112.777892137786,24.8584776043764,563.889460688932,212,15,0.944882339243794,79.4693509293702,20.5306490706299
1989,4.54644755376437,0.899222512748843,54.5,19.9420239553624,272.5,141,24,0.527307876805654,84.7657847163261,15.234215283674
1989,4.5523527935355,0.900276769464662,55.3038013500259,20.0306962945801,276.519006750129,142,24,0.538481744295766,84.6001443457903,15.3998556542097
1989,4.56057646778647,0.901865156787468,56.1065465356007,20.118360117926,280.532732678004,143,24,0.546318124873629,84.4464640763646,15.5535359236354
1989,4.57158239629877,0.904059062875073,56.9093665611128,20.2051621223019,284.546832805564,144,24,0.551625551932573,84.3054445084732,15.6945554915268
1989,4.58594932343469,0.906936673249149,57.713323474067,20.29123594719,288.566617370335,145,24,0.556030316576702,84.1778740558535,15.8221259441465
1989,4.60417774102066,0.910584037052979,58.5192697971609,20.3766880147054,292.596348985805,146,24,0.560126691262138,84.0658823271453,15.9341176728547
1989,4.62658045112554,0.915079024548552,59.3280392807136,20.4616187855216,296.640196403568,147,24,0.563185919582253,83.9677454570942,16.0322545429058
1989,4.65352296367366,0.920510946430217,60.1406739689652,20.5461465566681,300.703369844826,148,24,0.564434975435125,83.8853857618168,16.1146142381832
1989,4.68534955566866,0.926964198810583,60.9584435928416,20.6304086147392,304.792217964208,149,24,0.563172114287813,83.8195420849455,16.1804579150545
1989,4.7229550370972,0.934519472492693,61.7828270636828,20.7145584561553,308.914135318414,150,24,0.563857286967673,83.770626321564,16.229373678436
1989,5.04000419050997,0.997248973701662,62.6145902368484,20.7986721671856,313.072951184242,151,24,0.57329878420604,84.1582955395209,15.8417044604791
1989,5.09309038018918,1.00768033579301,63.5078702390025,20.8881440465611,317.539351195012,152,24,0.582888771963265,84.1301378080267,15.8698621919733
1989,5.15322211399797,1.01949537101126,64.409844072761,20.9776011167994,322.049220363805,153,24,0.592988584856014,84.1194689471232,15.8805310528768
1989,5.22036091301021,1.03274681278096,65.321818430962,21.0671667003054,326.60909215481,154,24,0.600947549840561,84.1272090296433,15.8727909703567
1989,5.29488529910819,1.04745600908944,66.245622400946,21.1570098829716,331.22811200473,155,24,0.609110710578327,84.1518578893272,15.8481421106728
1989,5.37710286942775,1.06361282649504,67.1826917121503,21.2472554346884,335.913458560751,156,24,0.620595518250582,84.1911005238536,15.8088994761464
1989,5.46657970166411,1.08117324560147,68.1339000659411,21.3379698092246,340.669500329706,157,24,0.633577564173556,84.2432488149716,15.7567511850284
1989,5.56260530598701,1.10004106178091,69.1003992017498,21.4292428097558,345.501996008749,158,24,0.64610157718225,84.305978267742,15.694021732258
1989,5.66410675028541,1.12005167130549,70.0835897470411,21.521183659991,350.417948735205,159,24,0.656058212341972,84.3762422442819,15.6237577557182
1989,5.76958694970313,1.1409526070262,71.0850795332105,21.6139161000341,355.425397666053,160,24,0.661571048980711,84.4501777238924,15.5498222761076
1989,5.87748037809193,1.16238163816455,72.1065521683702,21.7075655326783,360.532760841851,161,24,0.665053188106345,84.5230215226616,15.4769784773384
1989,5.98576299677166,1.18384395623734,73.1488954324545,21.8021800349731,365.744477162272,162,24,0.670614120939036,84.5891513250824,15.4108486749176
1989,6.0916769201023,1.20469322151175,74.2117702935826,21.8976954925008,371.058851467913,163,24,0.682482616055661,84.642067016248,15.3579329837519
1989,6.19169278747365,1.22412309187488,75.293440287959,21.9939260543606,376.467201439795,164,24,0.70534982497077,84.6743834692219,15.3256165307781
1989,6.28047277060083,1.24117758135531,76.3905247603799,22.0905487176989,381.952623801899,165,24,0.735377760512818,84.677929236875,15.322070763125
1989,6.35185773577538,1.2547916953476,77.4993430214464,22.187227022171,387.496715107232,166,24,0.766231429503492,84.6437422916279,15.356257708372
1989,6.40043661412623,1.26386645315617,78.6162494981543,22.2836407602596,393.081247490771,167,24,0.799540069971411,84.5623970976035,15.4376029023965
1989,6.43184908004958,1.26948452507526,79.7361905088616,22.3793625805075,398.680952544308,168,24,0.837223716442449,84.4581882040537,15.5418117959463
1989,6.45546102028017,1.27346346985118,80.8548562910365,22.4740444669643,404.274281455183,169,24,0.881487620923166,84.3617101772333,15.6382898227667
1989,6.47055415099839,1.27582670415677,81.9693692061202,22.5674712297729,409.846846030601,170,24,0.924181030801879,84.2728393823816,15.7271606176184
1989,6.47632650198543,1.27657809819344,83.0783380951117,22.6595585700547,415.391690475559,171,24,0.955804981487442,84.1910202010778,15.8089797989222
1989,6.47290684786825,1.2757033196837,84.1821111633375,22.7503676165993,420.910555816688,172,24,0.977521305156336,84.1152369703189,15.8847630296811
1989,6.46032434168031,1.27316738410645,85.2808299335543,22.839940368559,426.404149667772,173,24,0.991038256033712,84.0442801643774,15.9557198356226
1989,6.43850997517425,1.26891437323511,86.374300039874,22.9282901837291,431.87150019937,174,24,0.998483570466407,83.9767425078763,16.0232574921237
1989,6.40720685307028,1.2628669213702,87.4618877070763,23.0153947889318,437.309438535381,175,24,1.00124509871396,83.9110029728938,16.0889970271062
1989,6.36604836096455,1.25492595707514,88.5426301646136,23.1012065288974,442.713150823068,176,24,1.00079648229609,83.8451745035417,16.1548254964583
1989,6.31458517443798,1.24497038706661,89.615196559549,23.1856503341548,448.075982797745,177,24,0.99899842624088,83.7770650773797,16.2229349226203
1989,6.25225951954033,1.23285664817001,90.6777940220466,23.2686174853705,453.388970110233,178,24,0.997813555369228,83.704133249545,16.295866750455
1989,6.17838909693525,1.21841919996126,91.7281256197429,23.3499636296987,458.640628098714,179,24,0.999109342581305,83.6234295567914,16.3765704432086
1989,6.09248514183792,1.20147268402594,92.7633845189021,23.4295095871421,463.816922594511,180,24,1.00855009588661,83.5315297708207,16.4684702291793
1989,5.9936504672316,1.18181384208781,93.7795333672537,23.5069877299161,468.897666836269,181,24,1.02843909548414,83.4245409145679,16.5754590854321
1989,5.88045948002962,1.1592311269036,94.7718948963207,23.5820894656946,473.859474481604,182,24,1.05521052976222,83.2979710717352,16.7020289282647
1989,5.7515397901537,1.13352028325703,95.7362201285987,23.6545461467981,478.681100642993,183,24,1.08511745757442,83.1465717118568,16.8534282881432
1989,5.60568588751531,1.10450544764365,96.6687352722515,23.7241305192402,483.343676361258,184,24,1.1140406576466,82.9643648685835,17.0356351314165
1989,5.44217130105325,1.07207558037576,97.5662495750794,23.7906626807112,487.831247875397,185,24,1.13933436092229,82.7448391658715,17.2551608341285
1989,5.26106785729283,1.03623342270573,98.4259564527702,23.8539933949495,492.129782263851,186,24,1.16146001095564,82.4814043470339,17.5185956529661
1989,5.06335633408061,0.99716690747481,99.2449717201014,23.9139689435152,496.224858600507,187,24,1.18044705620223,82.1683603832456,17.8316396167544
1989,4.85146399936869,0.955348468736121,100.020601814671,23.9704502395967,500.103009073354,188,24,1.19636553278238,81.8025902470417,18.1974097529583
1989,4.62989914706456,0.911659895985013,100.750624994657,24.0233322496936,503.753124973285,189,24,1.20933853250075,81.3865056929696,18.6134943070304
1989,4.40576231277394,0.867535157559252,101.433696928008,24.0725718613395,507.168484640041,190,24,1.21507133806457,80.9343840076124,19.0656159923876
1989,4.07267762183518,0.802008151171651,102.070752663871,24.1182865252781,510.353763319355,191,17,1.09615941436124,80.4742466809771,19.5257533190229
1989,3.88125874587782,0.764357979784263,102.664933172315,24.1607456049101,513.324665861574,192,17,1.09658297344981,80.0555952972483,19.9444047027517
1989,3.72825978940863,0.73419695903006,103.220706143242,24.2003054074592,516.103530716212,193,17,1.10489309607228,79.7495370118748,20.2504629881252
1989,3.62801474043462,0.714297914902601,103.744179778332,24.2374306143002,518.720898891661,194,17,1.12816690630023,79.6308362529119,20.3691637470881
1989,3.58637304787589,0.70585219435206,104.242913406471,24.2726799833722,521.214567032353,195,17,1.1628913283598,79.7396909790418,20.2603090209582
1989,3.41169790382943,0.671226185014394,104.726338466127,24.3067353703123,523.631692330636,196,16,1.16982809492696,79.639965303856,20.360034696144
1989,3.43967577599826,0.67647566568078,105.173406103319,24.3381321426741,525.867030516595,197,16,1.20768107099311,80.0166153649412,19.9833846350588
1989,3.45689044401903,0.679605609842551,105.618465620433,24.3692956316158,528.092328102165,198,16,1.24669353152101,80.3225450517081,19.6774549482919
1989,3.45212870327266,0.678421480829801,106.059131955456,24.4000614616256,530.295659777282,199,16,1.28593086284971,80.5337031288664,19.4662968711336
1989,3.4284896230495,0.673619139114417,106.490964512931,24.4301242358037,532.454822564657,200,16,1.31304229111652,80.6926579961048,19.3073420038952
1989,3.38747084314712,0.665530855849141,106.912613028736,24.4593961572104,534.563065143681,201,16,1.32156712790937,80.8041168820362,19.1958831179638
1989,3.33080669218809,0.654435985751186,107.324319044476,24.4879003093358,536.621595222381,202,16,1.31986486826408,80.8715621326422,19.1284378673579
1989,3.26043292205653,0.640655269673173,107.724999085762,24.5155680040909,538.624995428808,203,16,1.31661539384624,80.8985698542176,19.1014301457824
1989,3.1784421777589,0.624543718209432,108.112220979239,24.5422383208123,540.561104896197,204,16,1.32059221731095,80.8889444621824,19.1110555378176
1989,3.08682324455314,0.606484891129103,108.48221662631,24.5676600328198,542.41108313155,205,16,1.33361505539043,80.846900273779,19.153099726221
1989,2.98747171951746,0.586889473915775,108.831252119647,24.591586278816,544.156260598235,206,16,1.35017886437158,80.7771891002896,19.2228108997104
1989,2.88250692086344,0.566192871190965,109.157074074279,24.6138730293553,545.785370371395,207,16,1.3673733686468,80.6852418024111,19.3147581975889
1989,2.77414699590492,0.544846972602594,109.458435303259,24.6344453898155,547.292176516293,208,16,1.38223713325572,80.5774613719901,19.4225386280099
1989,2.66467172362221,0.523313407865346,109.73512473171,24.6532988030802,548.675623658548,209,16,1.39163938468149,80.4614870559875,19.5385129440125
1989,2.55642904320717,0.502056865370476,109.988013496936,24.6705014988015,549.940067484679,210,16,1.3940369223392,80.3464353382677,19.6535646617323
1989,2.45189305174238,0.481546474292473,110.218750961146,24.6861733232282,551.093754805732,211,16,1.39213062112906,80.2483361679641,19.7516638320359
1989,2.21957252665392,0.43594010763054,110.428941046187,24.7004296673846,552.144705230934,212,15,1.35270527878362,79.6928975133028,20.3071024866972
