"year","assimilated_weight","ingested_weight","Weight","Length","Energy","JulianDay","feeding_hours","Metabolism","percentage_partic","percentage_filters"
2008,3.45494823205798,0.687810176700835,54.5,19.9420239553624,272.5,141,24,0.321745412926176,91.7683842380481,8.2316157619519
2008,3.44384474592605,0.685348691109367,55.1266139784605,20.0112272163356,275.633069892303,142,24,0.333660598787876,91.6615862475859,8.33841375241412
2008,3.4282150663628,0.682515231425787,55.7486223366332,20.0793817126559,278.743111683166,143,24,0.326550465060491,91.5556703331137,8.44432966688627
2008,3.41512848917116,0.679328730677702,56.368924804765,20.1468234998667,281.844624023825,144,24,0.351162493275476,91.4499878105157,8.55001218948427
2008,3.3944972100509,0.675806963534353,56.9816854634355,20.2129393397883,284.908427317178,145,24,0.332049931969167,91.3450339004455,8.65496609955447
2008,3.37464128361466,0.671961876425961,57.5941401998506,20.2785288432236,287.970700999253,146,24,0.330854467265379,91.2402274088882,8.75977259111182
2008,3.35243326623797,0.667824481657721,58.2028605463339,20.3432384878783,291.01430273167,147,24,0.323140758947444,91.1343400167812,8.86565998321881
2008,3.32964979902007,0.663408469894752,58.8086796234215,20.4071730702758,294.043398117108,148,24,0.321320562032218,91.02757384507,8.97242615493001
2008,3.3096985566257,0.658734591211031,59.4103035223517,20.4702122326821,297.051517611758,149,24,0.350626162015609,90.9198761808143,9.08012381918571
2008,3.28372731224372,0.653826793847693,60.0020734145247,20.5317862992726,300.010367072623,150,24,0.342972371941986,90.8117181806414,9.18828181935858
2008,3.45478593365922,0.687195143962654,60.5901770875015,20.592560981485,302.950885437507,151,24,0.374674916327878,90.959198124537,9.04080187546299
2008,3.42494180576519,0.681566727287954,61.2061491282377,20.6557763510582,306.030745641188,152,24,0.365151117695708,90.8449253202123,9.15507467978774
2008,3.39420395119294,0.67578864592508,61.8180539690842,20.7181368009345,309.090269845421,153,24,0.354513098075426,90.7288250885221,9.27117491147784
2008,3.36537547586942,0.669907717187859,62.4259355699996,20.7796626882044,312.129677849998,154,24,0.362965409660655,90.6116778335567,9.38832216644332
2008,3.33519715543243,0.663969765612222,63.0263575982685,20.8400250051916,315.131787991342,155,24,0.36290469961909,90.4935664537572,9.50643354624278
2008,3.30258416903079,0.658024552159558,63.6207525644642,20.8993879081505,318.103762822321,156,24,0.343584728241542,90.3736904338781,9.62630956612189
2008,3.27614636542201,0.652130760387537,64.212485253757,20.9581022008103,321.062426268785,157,24,0.371881763169721,90.2517286124269,9.74827138757311
2008,3.24821682402594,0.646353074183257,64.7932671440894,21.0153643380179,323.966335720447,158,24,0.384146379282017,90.1289977701026,9.87100222989742
2008,3.21959926362395,0.640760737250454,65.3660062676668,21.071484219866,326.830031338334,159,24,0.382273238602753,90.005441956059,9.99455804394101
2008,3.19360890021524,0.635427214045102,65.9333924506884,21.1267426746722,329.666962253442,160,24,0.392290746662273,89.8811321645646,10.1188678354354
2008,3.12887635612357,0.622152079882242,66.4935728624212,21.1809751594992,332.467864312106,161,17,0.372310195547924,89.7568364351752,10.2431635648248
2008,3.1058774137708,0.617520527853265,67.0447985517241,21.2340307565311,335.22399275862,162,17,0.377474834627277,89.6333912270254,10.3666087729746
2008,3.12551056842003,0.621755669384259,67.5903870893689,21.2862452366183,337.951935446845,163,24,0.406098040072509,89.511011713248,10.488988286752
2008,3.06721854906659,0.60979840906446,68.1341730445193,21.3379957154338,340.670865222596,164,17,0.384131691020854,89.3898641891887,10.6101358108113
2008,3.05727587090245,0.606856856361114,68.6706891220101,21.3887729845066,343.35344561005,165,17,0.43546013508905,89.2713538681457,10.7286461318543
2008,3.04479065605121,0.604620273023791,69.1949461066863,21.4381236217935,345.974730533431,166,17,0.425217484260454,89.1567731745381,10.8432268254619
2008,3.04108438824956,0.603144458522846,69.718749635212,21.4871719916612,348.59374817606,167,17,0.469038320124855,89.0450379114533,10.9549620885467
2008,3.03562589740087,0.60252842598203,70.2330426144706,21.5350805510713,351.165213072353,168,17,0.445207462159159,88.9237963013409,11.0762036986591
2008,3.03691141795342,0.602793087805069,70.7510048419566,21.5830844176424,353.755024209783,169,17,0.447354324821315,88.7785177487761,11.2214822512239
2008,3.04320013693327,0.603881017416931,71.2687893428584,21.6308276214194,356.343946714292,170,17,0.459079785875167,88.6115934672812,11.3884065327188
2008,3.05037897832398,0.60573022697583,71.7854808370308,21.6782296569855,358.927404185154,171,17,0.438144586766631,88.4251608546061,11.5748391453939
2008,3.065905913137,0.608267140751485,72.3077892857271,21.725905924978,361.538946428635,172,17,0.471462732504529,88.2202787307609,11.7797212692391
2008,3.08212722940593,0.611410272515034,72.8265333585687,21.7730198502576,364.132666792844,173,17,0.478637006240817,88.000095486259,11.999904513741
2008,3.10530320695866,0.615062808959033,73.3470805265132,21.8200630024012,366.735402632566,174,17,0.540290362033696,87.7655527774359,12.2344472225641
2008,3.12698943725247,0.619124647020234,73.8599256551365,21.8661830915411,369.299628275682,175,17,0.559032370099525,87.5195418520271,12.4804581479729
2008,3.14548709371159,0.623487236143677,74.3733529316811,21.9121324982448,371.866764658406,176,17,0.516717982407666,87.2622741933255,12.7377258066745
2008,3.16723861182692,0.628042447289932,74.8989356779229,21.9589413365759,374.494678389614,177,17,0.504808012906361,86.9933343763935,13.0066656236065
2008,3.24766473270512,0.644086227271663,75.4312433679628,22.0061163379337,377.156216839814,178,24,0.557911381549479,86.7147519872965,13.2852480127035
2008,3.27219824383419,0.649133847243313,75.9690078953274,22.0535399226492,379.845039476637,179,24,0.549468655365546,86.4279797822568,13.5720202177432
2008,3.29771777588862,0.654128355344696,76.5133595992448,22.1013067148084,382.566797996224,180,24,0.557014535435414,86.1341600454099,13.8658399545901
2008,3.32349340499965,0.659004673874247,77.0612975704427,22.1491495964727,385.306487852214,181,24,0.575568241355374,85.83513970998,14.16486029002
2008,3.34595505984947,0.663709700752864,77.6106711009433,22.1968803820704,388.053355504717,182,24,0.562704765536781,85.5327295054838,14.4672704945162
2008,3.36838526691874,0.668199191971303,78.1671004917403,22.2449847584951,390.835502458701,183,24,0.563452502775234,85.2275892059632,14.7724107940368
2008,3.39254701946477,0.672441215399315,78.7278567598758,22.2932223506947,393.639283799379,184,24,0.60270244739039,84.921754612431,15.078245387569
2008,3.40824740752601,0.676413807439496,79.2855853495263,22.3409625447339,396.427926747631,185,24,0.550947011942332,84.6180948381827,15.3819051618173
2008,3.4245656852631,0.680094140404692,79.8567947610869,22.3896146638947,399.283973805435,186,24,0.527834133744355,84.3156451932599,15.6843548067401
2008,3.44600622683162,0.683471760500763,80.4358794317107,22.4386905885167,402.179397158553,187,24,0.584778535034385,84.0170538502322,15.9829461497678
2008,3.4624930815378,0.686543480997304,81.0078518041162,22.4869226239213,405.039259020581,188,24,0.601056872679123,83.7266105725075,16.2733894274925
2008,3.47738202192189,0.689301470662818,81.5798540858179,22.5349203888736,407.899270429089,189,24,0.617438727540139,83.4449728293724,16.5550271706276
2008,3.48928113727998,0.691747224645332,82.1515455716127,22.5826582764217,410.757727858064,190,24,0.615114276922505,83.1756818067299,16.8243181932701
2008,3.50231768660183,0.693874068045191,82.7260691347487,22.6303999555736,413.630345673743,191,24,0.650011819482083,82.9194422148104,17.0805577851896
2008,3.51404241600257,0.695678247384739,83.2962073563774,22.6775493162551,416.481036781887,192,24,0.691306541621887,82.6785520020791,17.3214479979209
2008,3.52413903063234,0.697155757644171,83.8604180845448,22.7239875675254,419.302090422724,193,24,0.735299584791294,82.4551771230268,17.5448228769732
2008,3.53252745620122,0.698300646179546,84.417835716866,22.7696533499997,422.08917858433,194,24,0.781394268189233,82.2513784535609,17.7486215464391
2008,3.5337593315309,0.699104534868587,84.967697997055,22.8144947228139,424.838489985275,195,24,0.739482404888205,82.0692097095022,17.9307902904978
2008,3.3425534990736,0.661867782056173,85.5261746593114,22.8598320464634,427.630873296557,196,24,0.689787209573165,81.4186387827176,18.5813612172824
2008,3.34285850516295,0.661971940181738,86.0563341277965,22.9026800588301,430.281670638983,197,24,0.689767533766522,81.2800500044045,18.7199499955955
2008,3.34229817725075,0.66169998401409,86.5865437757381,22.9453485145971,432.932718878691,198,24,0.705952196339506,81.167890105427,18.8321098945729
2008,3.34078174913628,0.661049254519882,87.113389213724,22.9875662416481,435.56694606862,199,24,0.738228087178197,81.0845170222181,18.9154829777819
2008,3.3351539811652,0.660053615373572,87.6334606126778,23.0290669663228,438.167303063389,200,24,0.73182190649482,81.033994127173,18.966005872827
2008,3.32784353868141,0.658726300065537,88.1536718590496,23.0704074773574,440.768359295248,201,24,0.725299212103806,81.0120536956508,18.9879463043492
2008,3.32249242642185,0.657081548171047,88.6737092485256,23.1115645735618,443.368546242628,202,24,0.779189792914968,81.0171104494481,18.9828895505519
2008,3.31210116074084,0.655133876676754,89.1818815191838,23.1516204375668,445.909407595919,203,24,0.773113862731421,81.0495446876533,18.9504553123467
2008,3.30043811694163,0.652889795525213,89.6891738529771,23.191448587983,448.445869264886,204,24,0.770968991858597,81.1057676675857,18.8942323324143
2008,3.28860644498977,0.650357429642004,90.1945452355938,23.230970108947,450.972726177969,205,24,0.791766329937756,81.184271915468,18.815728084532
2008,3.27568734827637,0.64754465836229,90.6933730819931,23.2698288389927,453.466865409965,206,24,0.819403864069512,81.2841143863337,18.7158856136663
2008,3.26080709158005,0.644457841318875,91.1840716145566,23.3079092236513,455.920358072783,207,24,0.83696559688517,81.4037700575023,18.5962299424977
2008,3.24313461463808,0.641102232770648,91.6682635765869,23.3453449262504,458.341317882934,208,24,0.827011925677029,81.541117466744,18.458882533256
2008,3.22574469935112,0.637482436176576,92.1508933714526,23.3825229491892,460.754466857263,209,24,0.848481547745999,81.6934413323416,18.3065586676584
2008,3.11015018257512,0.614488703646597,92.6257324338309,23.4189686268049,463.128662169155,210,16,0.769478803001703,81.8597867511652,18.1402132488348
2008,3.09190328564536,0.610741367375028,93.0932341453085,23.4547241394429,465.466170726542,211,16,0.786185462732261,82.0430390398917,17.9569609601083
2008,2.87931088714769,0.568779144086704,93.5537259729119,23.4898213826702,467.76862986456,212,15,0.766086820485137,81.7131767101644,18.2868232898356
2009,3.45233553587903,0.687797929818323,54.5,19.9420239553624,272.5,141,24,0.304459762046284,91.7694719370625,8.23052806293753
2009,3.43356251539322,0.685337324211284,55.1295485694007,20.0115500196472,275.647742847003,142,24,0.267214910540283,91.6622698406806,8.33773015931943
2009,3.42201377877279,0.682505026866294,55.7627896100291,20.0809278571354,278.813948050146,143,24,0.285612308825961,91.5548418085093,8.44515819149071
2009,3.40505660473591,0.679319286036006,56.3900394054703,20.1491100413317,281.950197027351,144,24,0.281986968450531,91.4482144911741,8.55178550882585
2009,3.38744421066363,0.675798288825937,57.014620719087,20.216478936829,285.073103595435,145,24,0.284669257279355,91.341662484119,8.65833751588102
2009,3.36741198565249,0.671959883026783,57.6351408701057,20.2829023263079,288.175704350528,146,24,0.282110103564028,91.2350735183301,8.76492648166985
2009,3.34745635733227,0.66781650310978,58.2521640715143,20.3484589822443,291.260820357571,147,24,0.289657278429393,91.1287541580524,8.87124584194756
2009,3.32374528994056,0.663400633035879,58.8636842623494,20.4129551662196,294.318421311747,148,24,0.28190075314683,91.0212142869778,8.97878571302225
2009,3.30246743522149,0.658727004278968,59.4720109855615,20.476652845533,297.360054927807,149,24,0.298263135958934,90.9125869973853,9.08741300261472
2009,3.27742399342744,0.653819398883515,60.0728069804284,20.5391178148071,300.364034902142,150,24,0.297644208421229,90.8031835994674,9.1968164005326
2009,3.44600482109575,0.68718819318894,60.6687152871374,20.6006459636008,303.343576435687,151,24,0.310321315875347,90.9504833259577,9.0495166740423
2009,3.41571751674018,0.681559545486219,61.2958014345973,20.6649400842526,306.479007172986,152,24,0.299099230866153,90.8346913826899,9.16530861731008
2009,3.39314468084529,0.675781116013022,61.9190713255721,20.728390256894,309.595356627861,153,24,0.347072895926029,90.7170301549863,9.28296984501366
2009,3.36262595336167,0.669896739764092,62.5282285567881,20.789975035099,312.64114278394,154,24,0.342314728039254,90.5989921826253,9.40100781737465
2009,3.33307759919585,0.663958748720808,63.1322302256565,20.8506271007141,315.661151128282,155,24,0.346953324122993,90.4803539678577,9.51964603214228
2009,3.30286795801395,0.658013483795226,63.7293909138382,20.9101959177117,318.646954569191,156,24,0.346702252365046,90.3600521287308,9.63994787126924
2009,3.27417547737872,0.652119747496377,64.3205561658958,20.9687846983835,321.602780829479,157,24,0.356446188251031,90.2380989806122,9.76190101938775
2009,3.24514273615847,0.646341934511081,64.9040302746481,21.0262443601083,324.52015137324,158,24,0.358836733429637,90.1149413977829,9.88505860221712
2009,3.21593679777326,0.640749317786451,65.4812157391188,21.0827315865505,327.406078695594,159,24,0.352051681900808,89.9907203233736,10.0092796766264
2009,3.19013970656949,0.63541538117723,66.0539129026563,21.1384376008493,330.269564513281,160,24,0.36269866775738,89.8656236664362,10.1343763335638
2009,3.1645364127445,0.630417068178563,66.6193169765061,21.1931049699541,333.09658488253,161,24,0.360821171214152,89.7405459520671,10.2594540479329
2009,3.14297556376284,0.625832805011645,67.1799714862064,21.2469947337434,335.899857431032,162,24,0.376010060390291,89.6157494414216,10.3842505585783
2009,3.1240911355132,0.621741503751911,67.7332714930035,21.2998711410635,338.666357465017,163,24,0.393860608630013,89.4922408568413,10.5077591431587
2009,3.10468027961798,0.618220153360295,68.2792198197033,21.3517507235452,341.396099098517,164,24,0.380350006648846,89.3707057958922,10.6292942041078
2009,3.09050236423221,0.615341342957469,68.8239832827001,21.4032303307907,344.1199164135,165,24,0.385378851529407,89.2509853949533,10.7490146050467
2009,3.07196357804006,0.61317233873213,69.3649003966002,21.4540662241969,346.824501983001,166,24,0.322111357485566,89.134051561114,10.865948438886
2009,3.06890003831296,0.611770673322443,69.9147580918937,21.5054599621901,349.573790459469,167,24,0.356939341084691,89.0186812828288,10.9813187171712
2009,3.07118461959176,0.611249463059963,70.4570320280126,21.5558696897939,352.285160140063,168,24,0.40467887258655,88.8934962651375,11.1065037348625
2009,3.07284524844292,0.611645632197048,70.9902093819371,21.6051708395146,354.951046909686,169,24,0.403888487021898,88.7459280659304,11.2540719340696
2009,3.08094201839384,0.612898105240417,71.5238712279414,21.6542590357271,357.619356139707,170,24,0.424544385899639,88.5765397275392,11.4234602724608
2009,3.09098067735886,0.614943222445721,72.055015314827,21.7028628188396,360.275076574135,171,24,0.424601203723459,88.3877533835279,11.6122466164721
2009,3.06181407143197,0.60818868438297,72.588149642258,21.751398256058,362.94074821129,172,17,0.432030833784567,88.1809414029665,11.8190585970335
2009,3.07953619100341,0.611325113941585,73.1139583421842,21.7990240331929,365.569791710921,173,17,0.455543878009069,87.959286796288,12.040713203712
2009,3.09812768131333,0.614971394910826,73.6386023325906,21.8463069812487,368.193011662953,174,17,0.460721611836368,87.7236386548876,12.2763613451124
2009,3.16963958922367,0.629401159752381,74.1659223279539,21.8935951014781,370.829611639769,175,24,0.500808109191124,87.4749726091467,12.5250273908533
2009,3.19543518519094,0.634085450420755,74.6995203801524,21.9412082777794,373.497601900762,176,24,0.530517427294033,87.2141377972008,12.7858622027991
2009,3.21913333385793,0.638986009226394,75.2323283223737,21.9885150135401,376.161641611868,177,24,0.521341172717585,86.9434593887743,13.0565406112257
2009,3.24719984295305,0.644001627198193,75.7717035257208,22.0361675919583,378.858517628604,178,24,0.559435708411863,86.6631191407424,13.3368808592577
2009,3.27210179293348,0.649044684807035,76.309065133076,22.0834077520408,381.54532566538,179,24,0.555925362795824,86.3756880848698,13.6243119151302
2009,3.29833964392703,0.654035154012847,76.8521009535257,22.1309117839796,384.260504767629,180,24,0.573058891998709,86.0813458976065,13.9186541023935
2009,3.32174137862863,0.658908283253165,77.3969490079298,22.1783398069644,386.984745039649,181,24,0.561295998604429,85.7820837768391,14.2179162231609
2009,3.34601198596662,0.663608854200642,77.9488210199754,22.226142621649,389.744105099877,182,24,0.571880999427539,85.4785658035877,14.5214341964123
2009,3.36911525397019,0.668095540795746,78.5034207456084,22.2739446620916,392.517103728042,183,24,0.581402444921393,85.1730092356141,14.8269907643859
2009,3.38998189220036,0.672335686211528,79.0607270437068,22.3217434760836,395.303635218534,184,24,0.578135406793348,84.8670408459135,15.1329591540865
2009,3.41109716430781,0.676304298956711,79.6228498865729,22.3697180935288,398.114249432864,185,24,0.595813825519238,84.5619989825968,15.4380010174032
2009,3.43050028703853,0.679985208246601,80.185649455494,22.4175145612389,400.92824727747,186,24,0.610344631957382,84.2602856472283,15.7397143527717
2009,3.44962488109219,0.683366176640878,80.7494124517055,22.4651590079307,403.747062258528,187,24,0.642131469087422,83.9636330944506,16.0363669055494
2009,3.46259040932488,0.686440169496971,81.3106315541886,22.5123587486444,406.553157770943,188,24,0.611004718785692,83.6744369906106,16.3255630093894
2009,3.47248774016111,0.689197832077865,81.880657320309,22.5600672872331,409.403286601545,189,24,0.56347361816499,83.392627129382,16.607372870618
2009,3.49061502750221,0.691635371995879,82.4621563773637,22.6084981605405,412.310781886818,190,24,0.64272199868046,83.1199126239661,16.8800873760339
2009,3.50128448079654,0.693763333182889,83.0314181247151,22.6556798098775,415.157090623576,191,24,0.645349731768438,82.8640463492232,17.1359536507768
2009,3.50735807596981,0.69556683523214,83.6022749520664,22.7027678012779,418.011374760332,192,24,0.608218078254456,82.6225539353412,17.3774460646588
2009,3.51349298178969,0.69703893545656,84.1817590703058,22.7503387820792,420.908795351529,193,24,0.595031470828651,82.3961118299139,17.6038881700861
2009,3.5182963845272,0.698175040373095,84.7650930431011,22.7979958474592,423.825465215506,194,24,0.58669669116836,82.1874383487001,17.8125616512999
2009,3.52378157405495,0.698966984246975,85.3510396053852,22.845636788422,426.755198026926,195,24,0.609044718174184,81.998669945151,18.001330054849
2009,3.33724915219338,0.661749648857635,85.9335979641788,22.8927768019952,429.667989820894,196,24,0.622836044447675,81.3437041569737,18.6562958430263
2009,3.33942635165932,0.661851244761766,86.4760754956854,22.9364736631772,432.380377478427,197,24,0.649864442110607,81.2027986750993,18.7972013249007
2009,3.33817598341795,0.661578401995824,87.0135673266969,22.9795809014971,435.067836633484,198,24,0.654945079023931,81.0894101124259,18.9105898875741
2009,3.33204383198495,0.660926146811573,87.5497771608918,23.0224007929628,437.748885804459,199,24,0.617363027218138,81.0044387805628,18.9955612194372
2009,3.32269113553849,0.659925689710867,88.092260732573,23.0655360812599,440.461303662865,200,24,0.562934858221574,80.9501348002865,19.0498651997135
2009,3.31949916606465,0.658591483752908,88.6437424619841,23.1091974994339,443.218712309921,201,24,0.612659173637367,80.922996651781,19.077003348219
2009,3.31281618765457,0.656942887438094,89.1846231845498,23.1518361129689,445.923115922749,202,24,0.638728960489282,80.9248287004927,19.0751712995073
2009,3.3040322508425,0.654990292285005,89.7189354118742,23.1937803239634,448.594677059371,203,24,0.657437347013807,80.9532630900988,19.0467369099012
2009,3.29482434719633,0.652742845276292,90.2477309193294,23.2351204009691,451.238654596647,204,24,0.693354917773596,81.0064421016704,18.9935578983296
2009,3.28035943843212,0.650209299192885,90.7674827337698,23.2755892680935,453.837413668849,205,24,0.670269975577954,81.083263702794,18.916736297206
2009,3.26695914856292,0.647393754239203,91.2889397481118,23.3160289231483,456.444698740559,206,24,0.685865695608545,81.1801659127084,18.8198340872916
2009,3.25388485978866,0.644304191534349,91.8045781556511,23.3558593319793,459.022890778256,207,24,0.730152532246355,81.2966539526999,18.7033460473001
2009,3.23648080380365,0.640947721454624,92.3087246100806,23.3946515807098,461.543623050403,208,24,0.725618629354806,81.431820129045,18.568179870955
2009,3.21823108859684,0.637328086891255,92.8102772155723,23.4330979916215,464.051386077862,209,24,0.729178266942622,81.5822791218785,18.4177208781215
2009,3.19750217190036,0.63345211037307,93.3074477033236,23.4710658413593,466.537238516618,210,24,0.712594777067275,81.7463535926547,18.2536464073453
2009,3.18061802813074,0.629331374682093,93.8037685021783,23.5088284226909,469.018842510891,211,24,0.785007376712351,81.9233094149749,18.0766905850251
2009,2.97831614503348,0.589325908675282,94.2822088437572,23.5450989744689,471.411044218786,212,24,0.779222811750546,81.591962783908,18.408037216092
2010,3.41817249258181,0.679371640506843,54.5,19.9420239553624,272.5,141,16,0.320904806113842,91.7683842380481,8.2316157619519
2010,3.40511269764941,0.676829820047504,55.1194269519277,20.0104365969734,275.597134759639,142,16,0.321876684733391,91.6625430193556,8.3374569806444
2010,3.42855902596229,0.682514643991826,55.7360457055009,20.0780089333442,278.680228527504,143,24,0.32897256700917,91.5573461308828,8.44265386911715
2010,3.41347134019662,0.679328240558039,56.3559325863213,20.1454162504066,281.779662931606,144,24,0.338595882886913,91.4517204007759,8.54827959922406
2010,3.39776805874987,0.675806641752804,56.9708751822062,20.2117772332397,284.854375911031,145,24,0.356817084125869,91.3464766315659,8.65352336843413
2010,3.37481628218013,0.67196153078223,57.5790306973915,20.2769165869409,287.895153486957,146,24,0.33208401852314,91.2422452914828,8.75775470851718
2010,3.3567341707528,0.667824229275447,58.1875401915027,20.3416156673738,290.937700957513,147,24,0.355591805253877,91.1363876615065,8.86361233849347
2010,3.33632263942201,0.663408245565137,58.7877293023854,20.4049697781369,293.938646511927,148,24,0.373128497692371,91.0303763593378,8.96962364066216
2010,3.31154044015361,0.658734426427301,59.3803262717415,20.4670817247123,296.901631358707,149,24,0.365390788538375,90.9238900451592,9.07610995484082
2010,3.28699088050612,0.653826769486545,59.9695117499627,20.5284092664303,299.847558749813,150,24,0.369271872681053,90.8160828121833,9.18391718781675
2010,3.45414567914705,0.687195776068542,60.5530083900941,20.5887321662933,302.765041950471,151,24,0.369308739838694,90.9640523941565,9.0359476058435
2010,3.42484623218319,0.681567526438749,61.1699257993215,20.652071161115,305.849628996608,152,24,0.364186464391557,90.8496632763185,9.15033672368151
2010,3.3926052317972,0.675789615604898,61.7820046448135,20.7144748979614,308.910023224068,153,24,0.342049906699474,90.7335482820895,9.26645171791046
2010,3.36568196892238,0.669908787638206,62.3920593374685,20.7762449661112,311.960296687343,154,24,0.365244707643427,90.616124384883,9.38387561511704
2010,3.33874370187677,0.663971005528085,62.9920869994849,20.836590484868,314.960434997425,155,24,0.392715367513225,90.4980737104347,9.5019262895653
2010,3.27030365895878,0.649953071225199,63.5812293480129,20.8954527050751,317.906146740064,156,17,0.372563253854713,90.3788999526064,9.62110004739358
2010,3.24006519190582,0.644024700017654,64.1607104798174,20.9529799738824,320.803552399087,157,17,0.371772931948279,90.2585693526155,9.74143064738447
2010,3.21121298054244,0.638210980262622,64.7342982440007,21.0095666622889,323.671491220003,158,17,0.377938787373539,90.1368091124912,9.86319088750875
2010,3.18113512672762,0.632580836200964,65.3008785249089,21.065119986228,326.504392624544,159,17,0.36526449629172,90.0140926553368,9.98590734466323
2010,3.15612432951599,0.627206657113674,65.8639740992977,21.1199997720718,329.319870496488,160,17,0.385833061973644,89.8903788849646,10.1096211150354
2010,3.13037762141317,0.622165571381326,66.4179496570553,21.1736725239879,332.089748285277,161,17,0.384947758078795,89.7669389012266,10.2330610987734
2010,3.10677308185853,0.617534822763253,66.9669486812903,21.2265561708918,334.834743406451,162,17,0.384685083366405,89.6438215436964,10.3561784563036
2010,3.08586460323128,0.613392421865232,67.5112749403053,21.2786922173054,337.556374701526,163,17,0.386578451615971,89.5216417390483,10.4783582609517
2010,3.06829380133584,0.60981463012647,68.0510362945826,21.3301025265536,340.255181472913,164,17,0.393175815975125,89.401066190036,10.598933809964
2010,3.05356359071658,0.606873922773044,68.5859593350476,21.3807723677347,342.929796675238,165,17,0.396324360662196,89.2828008763351,10.717199123665
2010,3.04374748311001,0.604636432197206,69.1173018000823,21.4308310960338,345.586509000411,166,17,0.41323054145965,89.1672890294211,10.8327109705789
2010,3.03609368966846,0.603160701888083,69.6432948265381,21.4801223584892,348.21647413269,167,17,0.413480341551043,89.0552804534184,10.9447195465816
2010,3.03104539259416,0.602543060024822,70.1677020124615,21.5290073863215,350.838510062307,168,17,0.396547827969053,88.9326944228608,11.0673055771391
2010,3.03348714463568,0.602806376315071,70.6944807403015,21.5778577898225,353.472403701508,169,17,0.410134549137461,88.7862548980193,11.2137451019807
2010,3.0405016152177,0.603893372695499,71.2190249470349,21.6262495321326,356.095124735175,170,17,0.428633046665053,88.6184520061918,11.3815479938082
2010,3.09242076218675,0.6149894112965,71.7412666374631,21.6741827030086,358.706333187316,171,24,0.435675162428173,88.4313049987551,11.5686950012448
2010,3.10181674959372,0.617757397798428,72.2724778369469,21.722690278251,361.362389184734,172,24,0.393031824082204,88.2252321337717,11.7747678662283
2010,3.12368233906244,0.621156646217805,72.8140906804257,21.7718925105139,364.070453402129,173,24,0.443604591006899,88.0018590657576,11.9981409342424
2010,3.14353392868306,0.625092364640088,73.3499555074159,21.8203221745088,366.74977753708,174,24,0.446890946194503,87.765140746983,12.234859253017
2010,3.16694919049102,0.629457651036671,73.8891266266537,21.8688024060522,369.445633133269,175,24,0.465386502555213,87.5153078995133,12.4846921004867
2010,3.18983005854453,0.63414462384812,74.4292746390614,21.9171238709925,372.146373195307,176,24,0.460522770190032,87.2540678109524,12.7459321890476
2010,3.2167930875644,0.639046117913457,74.9749642504401,21.9656935332241,374.8748212522,177,24,0.488863700478054,86.9820398497351,13.0179601502649
2010,3.24415546001612,0.644063912069065,75.5203706129763,22.0139924146665,377.601853064882,178,24,0.516272618588631,86.7013468817561,13.2986531182439
2010,3.26839583583741,0.649108303698754,76.0657597203257,22.0620472751619,380.328798601629,179,24,0.505587093903663,86.4132469360931,13.5867530639069
2010,3.29288565629115,0.654099360424054,76.6181257725221,22.1104727327364,383.090628862611,180,24,0.501217694446306,86.1180103576515,13.8819896423485
2010,3.31707937362536,0.658971510071886,77.1762550246239,22.1591569282133,385.881275123119,181,24,0.500412661479981,85.8172046354543,14.1827953645457
2010,3.33861143796222,0.663671205178042,77.7393749734422,22.2080283923497,388.696874867211,182,24,0.479965068444581,85.5124129528752,14.4875870471248
2010,3.36232905072959,0.668154830645811,78.3108813850614,22.2573760668112,391.554406925307,183,24,0.495518977969022,85.2046341646201,14.7953658353799
2010,3.38244158735209,0.672391755107403,78.8840105743479,22.3066124291638,394.42005287174,184,24,0.485317953798786,84.8965519783877,15.1034480216122
2010,3.40510943466479,0.676356314693528,79.4631921168051,22.3561160981341,397.315960584026,185,24,0.518398827196693,84.58913224031,15.41086775969
2010,3.42312901565909,0.680033692993643,80.0402802007849,22.4051913468772,400.201401003924,186,24,0.515862058448644,84.2854319398415,15.7145680601585
2010,3.44057233358694,0.683409781017326,80.6214683448369,22.4543666479763,403.107341724184,187,24,0.524017706316566,83.9862168839495,16.0137831160505
2010,3.4554025390914,0.686477143933905,81.204502322619,22.503450498823,406.022511613095,188,24,0.520156555921701,83.6936623361169,16.3063376638831
2010,3.46757850693293,0.689229672151169,81.7912624081936,22.5526006812006,408.956312040968,189,24,0.504584841220505,83.4092832476157,16.5907167523843
2010,3.4855609871813,0.691668116697386,82.383559346237,22.6019660498815,411.917796731185,190,24,0.573980862142012,83.1362511220712,16.8637488779288
2010,3.49797702351933,0.693792292895242,82.9655603090437,22.6502329261539,414.827801545218,191,24,0.5988640720148,82.8785038170576,17.1214961829424
2010,3.51479766769659,0.695593349412918,83.5450543344875,22.6980579962723,417.725271672437,192,24,0.710753522506273,82.6358048038263,17.3641951961737
2010,3.51731969296117,0.697072364485343,84.1055206823728,22.7440932887458,420.527603411864,193,24,0.642903395124686,82.4129038007656,17.5870961992344
2010,3.5227197069083,0.698211828309432,84.6800475415309,22.7910620853162,423.400237707654,194,24,0.641649038087482,82.2060176592322,17.7939823407678
2010,3.53139543139304,0.699007483449654,85.2558905245766,22.837916137757,426.279452622883,195,24,0.712500436311397,82.0192546239483,17.9807453760517
2010,3.34330533245834,0.661786047366756,85.8192830863971,22.8835441656589,429.096415431985,196,24,0.710035549617608,81.3666426829998,18.6333573170002
2010,3.34175919464103,0.66189206646197,86.3455351503282,22.9259760614268,431.727675751641,197,24,0.680878007777892,81.2287493456987,18.7712506543013
2010,3.33427172584462,0.661620481343012,86.8772946010181,22.9686693300458,434.386473005091,198,24,0.596251873239234,81.1163764812987,18.8836235187013
2010,3.33249344055069,0.660965079908616,87.4244662751897,23.0124102942526,437.122331375948,199,24,0.620178659731808,81.0295363527341,18.9704636472659
2010,3.33057369454988,0.6599645157312,87.9664804818647,23.0555512546318,439.832402409324,200,24,0.668748866044995,80.9753560354585,19.0246439645415
2010,3.32486336757845,0.658635166469813,88.4983798942576,23.0977074004571,442.491899471288,201,24,0.687288018381593,80.951657021951,19.048342978049
2010,3.31584230651827,0.65698973271207,89.0254124195701,23.1393039996171,445.127062097851,202,24,0.67943115971009,80.9558610653944,19.0441389346056
2010,3.30571109457331,0.655038493945518,89.5521947677947,23.1807096964323,447.760973838974,203,24,0.678224015110039,80.9855116620982,19.0144883379018
2010,3.28778276181769,0.652791301765225,90.0771744645738,23.2218051581618,450.385872322869,204,24,0.586313584562337,81.0392189240031,18.9607810759969
2010,3.27603311147599,0.65025191936734,90.6169322856634,23.2638837754586,453.084661428317,205,24,0.603272742914134,81.1124816583622,18.8875183416378
2010,3.26719471158707,0.647432385202407,91.1509289830852,23.3053417121231,455.754644915426,206,24,0.685666600741874,81.20711933396,18.79288066604
2010,3.25169166598596,0.644341768728857,91.666659510887,23.3452211343726,458.333297554435,207,24,0.690199112231173,81.3234347206483,18.6765652793517
2010,3.23617888442689,0.640982304385984,92.1783633404767,23.3846349347215,460.891816702383,208,24,0.716810300315881,81.4571804852824,18.5428195147176
2010,3.21531156678685,0.637360880647228,92.6816224033259,23.4232498191767,463.408112016629,209,24,0.677719776557972,81.6071799256598,18.3928200743402
2010,3.18461710205635,0.633481117117767,93.1885059295485,23.4619953671464,465.942529647743,210,24,0.524075403079677,81.7695011445887,18.2304988554113
2010,3.17386287530931,0.629359526147665,93.7199585672545,23.5024615299775,468.599792836273,211,24,0.666334266604839,81.9438776254542,18.0561223745458
2010,2.97303512642453,0.589339278160069,94.2207861030811,23.5404497057785,471.103930515405,212,24,0.680382511671724,81.6065654910277,18.3934345089723
2011,3.4510425499954,0.687810176700835,54.5,19.9420239553624,272.5,141,24,0.295664846813852,91.7683842380481,8.2316157619519
2011,3.4365216591184,0.685348942276318,55.1310489552705,20.0117150566011,275.655244776352,142,24,0.284601745191246,91.6609958497151,8.33900415028488
2011,3.42222353052128,0.682515825734098,55.7614044530668,20.0807767001949,278.807022265334,143,24,0.28657869699214,91.5539672037422,8.44603279625776
2011,3.40727469269077,0.679329464087381,56.3885029257655,20.1489436730685,281.942514628827,144,24,0.295696043559411,91.4473770467485,8.55262295325147
2011,3.38972737293664,0.675807820698969,57.0107860472777,20.2160668927115,285.053930236388,145,24,0.299022858120763,91.3411503364069,8.65884966359309
2011,3.37062854812444,0.671962658382435,57.6288921246255,20.2822359216171,288.144460623127,146,24,0.30282827477324,91.2355865325155,8.76441346748446
2011,3.34717960988451,0.667825117521715,58.2424150284369,20.3474269510105,291.212075142185,147,24,0.287561972296526,91.1290536858724,8.87094631412755
2011,3.32931163670477,0.663408937109945,58.854298970737,20.4119688494795,294.271494853685,148,24,0.319069155988339,91.0214718310759,8.97852816892408
2011,3.30474733243171,0.658734820444647,59.4563053230247,20.4750140354123,297.281526615123,149,24,0.313691405091455,90.9137172131396,9.08628278686042
2011,3.27920290071633,0.65382680396273,60.0544717144601,20.5372179472195,300.272358572301,150,24,0.309612064105847,90.804695292013,9.19530470798698
2011,3.44459617078835,0.687194116877706,60.6483423185705,20.5985494038471,303.241711592852,151,24,0.300722687449717,90.9516024992695,9.04839750073046
2011,3.41690404882618,0.681565112650838,61.2770665632849,20.6630258880039,306.385332816424,152,24,0.306692567563355,90.8356505481794,9.16434945182058
2011,3.38982427252671,0.675786406866784,61.8990551917192,20.7263595075125,309.495275958596,153,24,0.322322816338208,90.7182136896076,9.2817863103924
2011,3.36240007373677,0.669904918069355,62.5124984677294,20.7883900208838,312.562492338647,154,24,0.34022290066128,90.6003172531891,9.39968274681091
2011,3.33795183877105,0.663966424098175,63.1168734173777,20.8490900371417,315.584367086889,155,24,0.386611756649743,90.4816635426681,9.51833645733193
2011,3.30710306107546,0.658020974002699,63.7070773604047,20.9079770769829,318.535386802023,156,24,0.381134732658533,90.362313685186,9.63768631481406
2011,3.23928690861673,0.644003573774874,64.2922032792585,20.9659833086263,321.461016396292,157,17,0.366646263703914,90.2411974682761,9.75880253172391
2011,3.21095638012697,0.638189164663216,64.8666598483718,21.0225749917237,324.333299241859,158,17,0.377266681413668,90.119277263627,9.88072273637305
2011,3.18386550554385,0.632558431151587,65.4333223128003,21.0780576497034,327.166611564002,159,17,0.391178456169977,89.9965019721751,10.0034980278249
2011,3.16074688424417,0.62718444862874,65.9917802121491,21.1324102986327,329.958901060746,160,17,0.43239578454432,89.8733559148088,10.1266440851912
2011,3.13777370827682,0.622144242830997,66.5373667708971,21.1852015186019,332.686833854486,161,17,0.461323826908391,89.7509868522407,10.2490131477593
2011,3.11190972995078,0.617515415697436,67.0725688586076,21.2366955982167,335.362844293038,162,17,0.436978118018416,89.629671030171,10.370328969829
2011,3.08971695567028,0.613374218181007,67.6074629745107,21.2878747021605,338.037314872553,163,17,0.425900228429322,89.5087175485544,10.4912824514456
2011,3.07121374625609,0.60979724471094,68.1401296233425,21.3385609885833,340.700648116713,164,17,0.423576035857244,89.3890616742688,10.6109383257312
2011,3.05406615095959,0.606857084999897,68.6695558182907,21.3886660176245,343.347779091454,165,17,0.402471269314541,89.2715069622631,10.7284930377369
2011,3.04255296832364,0.604619267894475,69.199768642618,21.4385763769238,345.99884321309,166,17,0.402496184507518,89.1561200933919,10.8438799066081
2011,3.03480151073511,0.603142535795551,69.7276688472041,21.4880049491865,348.63834423602,167,17,0.401799053912563,89.04382730541,10.95617269459
2011,3.03205279023822,0.602523691833277,70.2541530152018,21.5370418422252,351.270765076009,168,17,0.407927773504808,88.9209217778722,11.0790782221278
2011,3.03310669409128,0.602786532603027,70.7788563404069,21.5856586986608,353.894281702035,169,17,0.407695558363224,88.7747057672531,11.2252942327469
2011,3.08351028748977,0.612928003446344,71.303811350661,21.6340481451066,356.519056753305,170,24,0.449114972968588,88.6067672360074,11.3932327639926
2011,3.09437421610543,0.614976366003872,71.8305574473691,21.6823537599384,359.152787236845,171,24,0.457953746835264,88.4188975712818,11.5811024287182
2011,3.10693264936216,0.617743736082796,72.3577025909244,21.7304494273238,361.788512954622,172,24,0.445757148079336,88.2132777772795,11.7867222227205
2011,3.07890659523903,0.611391491568297,72.8897925301249,21.7787492242642,364.448962650624,173,17,0.443869909345688,87.9911302439148,12.0088697560852
2011,3.1464633703377,0.625079658534048,73.4166482053051,21.826332362966,367.083241026526,174,24,0.480262117449466,87.7555835003005,12.2444164996995
2011,3.16722764698606,0.629445170220561,73.9497301206565,21.8742362116686,369.748650603283,175,24,0.469466150199256,87.5065218426605,12.4934781573395
2011,3.18943599653241,0.634131384335627,74.4891170865405,21.9224623008062,372.445585432702,176,24,0.457290597431706,87.2452874578818,12.7547125421182
2011,3.21642765840321,0.639031850335867,75.0353734926062,21.9710551552695,375.176867463031,177,24,0.485845028009823,86.9730673776207,13.0269326223793
2011,3.24478062520228,0.644048644189249,75.581309637701,22.0193738010367,377.906548188505,178,24,0.525058668059547,86.6921833510976,13.3078166489024
2011,3.26966171203777,0.649092638129383,76.1250656625418,22.0672582972157,380.625328312709,179,24,0.521749463765713,86.4042181831488,13.5957818168512
2011,3.29364614941652,0.654083766011166,76.6744515027027,22.1153970742598,383.372257513513,180,24,0.511182098707663,86.1093298148722,13.8906701851279
2011,3.32073328158442,0.658955788401011,77.2307390736259,22.1638962713342,386.153695368129,181,24,0.544754471658004,85.8087064723552,14.1912935276448
2011,3.34236964449605,0.663657341766423,77.7857205406968,22.212039580337,388.928602703484,182,24,0.523249682198475,85.5050990279672,14.4949009720328
2011,3.36404790170875,0.668142971156927,78.3493208763325,22.2606861679887,391.746604381663,183,24,0.515752616579927,85.1984989253537,14.8015010746463
2011,3.38333191690801,0.672380754686775,78.9187464249575,22.3095884913756,394.593732124788,184,24,0.495761781486746,84.8909474360078,15.1090525639922
2011,3.4043637804906,0.676345692512388,79.4960166278896,22.3589141268553,397.480083139448,185,24,0.510730193692666,84.5837813096491,15.4162186903509
2011,3.42395972473175,0.680022428507247,80.0744886808265,22.408092664142,400.372443404133,186,24,0.526162373787365,84.279801073338,15.720198926662
2011,3.4431962638863,0.683398995661564,80.653782226482,22.4570935193022,403.26891113241,187,24,0.555678028303466,83.9808496336752,16.0191503663248
2011,3.45958806693252,0.686468208860224,81.231008263064,22.5056761079271,406.15504131532,188,24,0.570284702725242,83.689223006894,16.310776993106
2011,3.47359214921723,0.68922379589306,81.8085792615404,22.554047495252,409.042896307702,189,24,0.575038124448734,83.4063609854375,16.5936390145625
2011,3.48739637873479,0.691666608188272,82.3879878901772,22.6023342166195,411.939939450886,190,24,0.597232446474769,83.1354987986696,16.8645012013304
2011,3.49432137710264,0.693792243368044,82.9657055134449,22.6502449388474,414.828527567225,191,24,0.553687979662814,82.8784790063062,17.1215209936938
2011,3.50380302688228,0.695590470421579,83.5535036246483,22.6987535952495,417.767518123241,192,24,0.561950420897921,82.6343540317396,17.3656459682604
2011,3.50930371506816,0.697060130229566,84.1415314582408,22.747043804063,420.707657291204,193,24,0.542649178101051,82.4066960426308,17.5933039573692
2011,3.51224396679734,0.698193414443444,84.7345050551505,22.795502566507,423.672525275753,194,24,0.514490175177873,82.1966022078703,17.8033977921297
2011,3.52177909807116,0.698981341668509,85.3336832388505,22.8442288939471,426.668416194253,195,24,0.582610956886413,82.0057789238281,17.9942210761719
2011,3.33511563355219,0.661757725991517,85.9211283255043,22.8917701082496,429.605641627521,196,24,0.593030914528326,81.3485889796109,18.6514110203891
2011,3.33600729203096,0.66185803017028,86.4691405290613,22.9359162551103,432.345702645307,197,24,0.601253669575517,81.2068400397224,18.7931599602776
2011,3.33341631750765,0.66158276404688,87.0156709033314,22.9797492448099,435.078354516657,198,24,0.588139706626403,81.0918792051434,18.9081207948566
2011,3.33024416625451,0.66092737303319,87.5642898160563,23.0235571805344,437.821449080281,199,24,0.592828236211319,81.0048441232218,18.9951558767782
2011,3.32684485511727,0.65992590346063,88.1113199663499,23.0670481953244,440.556599831749,200,24,0.618318571078944,80.9498751600805,19.0501248399195
2011,3.32125632058886,0.658594558313996,88.6525550926923,23.1098936663283,443.262775463462,201,24,0.637303682948571,80.9246684979616,19.0753315020384
2011,3.31046371515099,0.656947226334186,89.1888580562344,23.1521692436152,445.944290281172,202,24,0.605287148164598,80.9274235457958,19.0725764542041
2011,3.30170720261438,0.654993034612523,89.7293880089258,23.1945991281698,448.646940044629,203,24,0.623452687889533,80.9549023886292,19.0450976113708
2011,3.29044460388327,0.652743937561777,90.2645150760955,23.2364297821008,451.322575380477,204,24,0.627451762371387,81.0071197965064,18.9928802034936
2011,3.27821450132176,0.650207228946034,90.7965709738542,23.2778493563793,453.982854869271,205,24,0.638457583705277,81.0819821168934,18.9180178831066
2011,3.26587132822219,0.647390099843164,91.3239604109521,23.3187390448459,456.619802054761,206,24,0.669403349305575,81.1780345076958,18.8219654923042
2011,3.25156853743703,0.644299603265123,91.8426724009315,23.3587957248106,459.213362004657,207,24,0.692694879325268,81.2941673777156,18.7058326222844
2011,3.23208359966572,0.64094120739415,92.3538456424052,23.3981162752708,461.769228212026,208,24,0.655918316744421,81.4283383228276,18.5716616771724
2011,3.21534305827314,0.637318249045435,92.8684570699347,23.4375483755489,464.342285349674,209,24,0.682736247240335,81.576849220947,18.423150779053
2011,3.19825569704164,0.633439972062927,93.374335972132,23.4761631866682,466.87167986066,210,24,0.726780530826485,81.7397249602586,18.2602750397414
2011,3.17775192883262,0.629327854367339,93.8679675122055,23.5137028268876,469.339837561028,211,24,0.73423761911122,81.9204885009691,18.0795114990309
2011,2.97846649316451,0.589317226509462,94.355985815065,23.5506805815561,471.779929075325,212,24,0.783530680338653,81.5849856600749,18.4150143399251
2012,3.4589477155768,0.687810176700835,54.5,19.9420239553624,272.5,141,24,0.350838101190227,91.7683842380481,8.2316157619519
2012,3.44647784109769,0.685348406473146,55.1215953375115,20.0106751409683,275.607976687557,142,24,0.353286416517144,91.662254351739,8.33774564826098
2012,3.43192581716097,0.682514838567784,55.7402051667075,20.0784629756637,278.701025833538,143,24,0.35405323592065,91.5567918900946,8.44320810990536
2012,3.4148108722935,0.679328233622611,56.3557492583782,20.1453963916605,281.778746291891,144,24,0.348681943079885,91.4517448490208,8.54825515097915
2012,3.39918675613988,0.675806584033495,56.9689425492775,20.2115694587708,284.844712746388,145,24,0.368136775177358,91.3467345628694,8.65326543713058
2012,3.33658304273222,0.663177818753503,57.5751178727815,20.2764990217464,287.875589363907,146,16,0.334388954869378,91.2427678627118,8.75723213728821
2012,3.35902655446004,0.667824028867976,58.1755197467845,20.3403421839119,290.877598733922,147,24,0.374182821466738,91.1379943061906,8.86200569380935
2012,3.33274185936182,0.663408078068038,58.7724491798749,20.4033624612476,293.862245899374,148,24,0.344255718626733,91.0324204584858,8.96757954151417
2012,3.30895284626336,0.658734367455913,59.3701046141924,20.4660140307538,296.850523070962,149,24,0.344592025778551,90.9252587576124,9.07474124238758
2012,3.28655820583891,0.653826762878592,59.9629323720221,20.527726751299,299.814661860111,150,24,0.365620561657694,90.8169647650164,9.18303523498358
2012,3.45624087943516,0.687195875259867,60.5470727704207,20.5881205756379,302.735363852103,151,24,0.386423208468187,90.9648276296276,9.03517237037238
2012,3.42649778595097,0.68156772099224,61.1609863553267,20.6511565334233,305.804931776634,152,24,0.377511868439877,90.8508326014718,9.14916739852821
2012,3.39633421104379,0.67578991546776,61.7707304772459,20.713329358384,308.853652386229,153,24,0.371267791150442,90.7350255061411,9.26497449385889
2012,3.36866446966747,0.669909299921592,62.3756874504601,20.7745927674982,311.878437252301,154,24,0.390168835948467,90.6182734608005,9.3817265391995
2012,3.33836314438542,0.663971749874207,62.9713268808878,20.8345093202483,314.856634404439,155,24,0.38924408071086,90.5008042453,9.49919575470001
2012,3.30875578907584,0.658026975748177,63.5610875001714,20.8934465884119,317.805437500857,156,24,0.39466436358274,90.3815550127985,9.61844498720146
2012,3.27935096539966,0.652133867235842,64.1438389629831,20.9513102039957,320.719194814915,157,24,0.399623429786166,90.2607986776861,9.73920132231391
2012,3.24934981855091,0.646356750453218,64.719713893547,21.0081321974659,323.598569467735,158,24,0.393778569218509,90.1387411999218,9.86125880007819
2012,3.22165172063207,0.640764865444927,65.2907536862232,21.0641301973872,326.453768431116,159,24,0.40038263071882,90.0154376216224,9.98456237837758
2012,3.19146725467871,0.635431916096942,65.854929025409,21.1191208205106,329.274645127045,160,24,0.372533198027711,89.8915838251545,10.1084161748455
2012,3.16784151374593,0.63043429167705,66.4186332089621,21.1737385578547,332.09316604481,161,24,0.388379226105057,89.7668475778048,10.2331524221952
2012,3.10722263803794,0.617533449760025,66.9744387127008,21.2272755731566,334.872193563504,162,17,0.388976618434254,89.6428179464739,10.3571820535261
2012,3.12653401952296,0.621761208337093,67.5179965147635,21.2793341812391,337.589982573818,163,24,0.415539348354105,89.5207385064418,10.4792614935582
2012,3.06702401479203,0.609812864494842,68.0600995157992,21.3309633353275,340.300497578996,164,17,0.381298685462105,89.3998448863608,10.6001551136392
2012,3.05225191623968,0.606871673140712,68.597143944875,21.3818288699008,342.985719724375,165,17,0.383932334909653,89.2812896999651,10.7187103000349
2012,3.08177997090785,0.613196727840438,69.1307023772775,21.432090115549,345.653511886387,166,24,0.40648484805075,89.1654739643448,10.8345260356552
2012,3.07646608983629,0.611797882683336,69.6656509118717,21.4822116098002,348.328254559359,167,24,0.426450678651535,89.0522455520616,10.9477544479384
2012,3.03081302054971,0.602536829178618,70.1955382884189,21.5315951458454,350.977691442094,168,17,0.39470973865141,88.9289034889619,11.0710965110381
2012,3.07702059649714,0.611678997193235,70.7226378727553,21.5804617661469,353.613189363776,169,24,0.443925733990174,88.7824005503483,11.2175994496517
2012,3.08362719737569,0.612935276528319,71.2491302316353,21.6290193423848,356.245651158177,170,24,0.449715810512944,88.6143027884753,11.3856972115248
2012,3.09449652660107,0.614984374250235,71.7757801515609,21.6773418958353,358.878900757805,171,24,0.458583719492533,88.4265088337748,11.5734911662252
2012,3.06288121389944,0.60826852842448,72.3028243952087,21.7254538620023,361.514121976044,172,17,0.437722979060024,88.2209751663771,11.7790248336229
2012,3.07948864598177,0.611409922893367,72.8277115382403,21.7731265895127,364.138557691202,173,17,0.44887890820042,87.9999284983499,12.0000715016501
2012,3.09911354949819,0.615060731326074,73.3536825945129,21.8206581512518,366.768412972564,174,17,0.465270833973918,87.7646066008212,12.2353933991788
2012,3.17155506619467,0.629459468981043,73.8802936125128,21.8680101646286,369.401468062564,175,24,0.518783266382046,87.5165885945819,12.4834114054181
2012,3.19625976420057,0.634148734565686,74.4106835648312,21.9154647879378,372.053417824156,176,24,0.535187026261601,87.256795869322,12.743204130678
2012,3.16878806785438,0.628026256837177,74.9427265225213,21.9628310415994,374.713632612607,177,17,0.524957024791177,86.9868286767932,13.0131713232068
2012,3.24870397975345,0.644076196903602,75.4713136770403,22.0096581092004,377.356568385202,178,24,0.572387257240098,86.708724828148,13.291275171852
2012,3.27372487565269,0.649123979845763,76.0063902870457,22.0568278373408,380.031951435229,179,24,0.569921501409252,86.422286904896,13.577713095104
2012,3.3000352666221,0.654119058746831,76.5469561764594,22.1042470397705,382.734780882297,180,24,0.588015486246868,86.1289805960959,13.8710194039041
2012,3.32667581094147,0.658996637779587,77.0891569234554,22.1515757770333,385.445784617277,181,24,0.619216335506271,85.8307926683008,14.1692073316992
2012,3.34598329129794,0.663703789149651,77.6304368592277,22.1985932800716,388.152184296139,182,24,0.56355293208304,85.5296088621091,14.4703911378909
2012,3.36968695725586,0.668193144127729,78.1867019271952,22.2466749818517,390.933509635976,183,24,0.580543301714921,85.2244591750969,14.7755408249031
2012,3.39042626850086,0.672436006517857,78.744300028616,22.2946332207833,393.72150014308,184,24,0.575490365114474,84.9191001446788,15.0808998553212
2012,3.41107618747045,0.676406858642618,79.3070465847379,22.3427948906137,396.53523292369,185,24,0.586917708120096,84.6145942440737,15.3854057559263
2012,3.42986922045928,0.680089252289482,79.8716272078179,22.3908747652926,399.358136039089,186,24,0.593218218344692,84.313202165922,15.6867978340781
2012,3.44792290190378,0.683470819598299,80.4386954784412,22.4389286385873,402.193477392206,187,24,0.609788584962889,84.0165858014916,15.9834141985083
2012,3.46465064757497,0.686544089485129,81.0060491188144,22.4867709844521,405.030245594072,188,24,0.629791811034063,83.726912708107,16.273087291893
2012,3.47702532082193,0.689303890033659,81.572735963875,22.5343245377075,407.863679819375,189,24,0.612495994172603,83.4461749455421,16.5538250544579
2012,3.49146312562826,0.691749340919551,82.1453448107218,22.5821417389971,410.726724053609,190,24,0.64450033606299,83.1767360571726,16.8232639428274
2012,3.50578022376769,0.693878047527642,82.7144276990969,22.6294348746264,413.572138495484,191,24,0.699757388952897,82.9214330611921,17.0785669388079
2012,3.51711957366006,0.695685386322941,83.2753095850764,22.6758250874402,416.376547925382,192,24,0.737641114638898,82.6821435450883,17.3178564549117
2012,3.52663574078034,0.697165825608264,83.8308693329084,22.7215609236127,419.154346664542,193,24,0.774502490996605,82.4602759326525,17.5397240673475
2012,3.5310465417926,0.698313162113083,84.3809464607173,22.7666377460041,421.904732303587,194,24,0.755823270697876,82.2577634364032,17.7422365635968
2012,3.53435957118171,0.699115354826155,84.9356277049421,22.8118849475485,424.678138524711,195,24,0.747895555444729,82.0747719395404,17.9252280604596
2012,3.34662865279358,0.661877181931706,85.4925426355298,22.8571076357922,427.462713177649,196,24,0.754955703629123,81.4246085533373,18.5753914466627
2012,3.34558531297866,0.661984633926083,86.0104843570417,22.8989817144873,430.052421785209,197,24,0.732020323197876,81.2881882289589,18.7118117710411
2012,3.34197833421998,0.661714719749741,86.532790102643,22.9410310136739,432.663950513215,198,24,0.69937070016781,81.1774199617094,18.8225800382906
2012,3.33943419854693,0.661063499144681,87.0608894344343,22.9833672708725,435.304447172172,199,24,0.714657473767826,81.0938022264609,18.9061977735391
2012,3.33477493528901,0.660066508959096,87.5854070188846,23.0252395886327,437.927035094423,200,24,0.724209193752391,81.0424613397728,18.9575386602273
2012,3.33349853635066,0.658738657603157,88.1070664812142,23.0667107537401,440.535332406071,201,24,0.822664077956985,81.0202253328575,18.9797746671425
2012,3.32522756952581,0.657098554997257,88.6087633773712,23.1064337987152,443.043816886856,202,24,0.826901863643449,81.0284294024829,18.9715705975171
2012,3.31311364245271,0.655152982407737,89.107942384637,23.1458022099913,445.539711923185,203,24,0.788848237844376,81.0623401858994,18.9376598141006
2012,3.29953279990308,0.652909375158325,89.6122928237288,23.1854226747027,448.061464118644,204,24,0.752998149048802,81.1189650314529,18.8810349685471
2012,3.28624561926544,0.650375842076078,90.1210799668458,23.2252345134183,450.605399834229,205,24,0.748030744857302,81.1967692422924,18.8032307577076
2012,3.27373314476861,0.647560707386004,90.6281853734739,23.2647591861335,453.140926867369,206,24,0.781495295757866,81.295093821171,18.704906178829
2012,3.25816082422878,0.6444718357243,91.126077157278,23.3034160503697,455.63038578639,207,24,0.785649242780485,81.4134332369192,18.5865667630808
2012,3.24199585822989,0.641113614289762,91.6200053094671,23.3416199906861,458.100026547336,208,24,0.804014844176442,81.5490658762641,18.4509341237359
2012,3.22553799759178,0.637492517165888,92.1070086252469,23.3791480285991,460.535043126234,209,24,0.843068457017144,81.7005809120443,18.2994190879557
2012,3.20496366500286,0.633615709729086,92.5828906971369,23.4156857147323,462.914453485685,210,24,0.82761808325171,81.8666666520477,18.1333333479523
2012,3.09092176281632,0.610755512285964,93.0577289825758,23.4520130271305,465.288644912879,211,16,0.766023712479848,82.0486627028072,17.9513372971928
2012,2.87768595521332,0.568790704232389,93.522058328303,23.4874116343585,467.610291641515,212,15,0.732865035285498,81.718243657032,18.281756342968
2013,3.45939606420388,0.687810176700835,54.5,19.9420239553624,272.5,141,24,0.354259205306929,91.7683842380481,8.2316157619519
2013,3.44513998295761,0.685348372723545,55.1210007864135,20.0106097350811,275.605003932068,142,24,0.343165867711976,91.6623335015664,8.33766649843359
2013,3.43079354624027,0.682514892872622,55.7413671555826,20.0785898129017,278.706835777913,143,24,0.345419914006253,91.5566370580781,8.44336294192194
2013,3.41450736807258,0.679328334281959,56.3584114536498,20.1456847658638,281.792057268249,144,24,0.34637954014172,91.4513898250209,8.54861017497907
2013,3.39638121583513,0.675806675454073,56.9720045150901,20.2118986438511,284.860022575451,145,24,0.346085314657545,91.3463259100874,8.65367408991257
2013,3.37796667770296,0.671961599644638,57.5820290114654,20.277236544863,287.910145057327,146,24,0.356101636124535,91.2418448594351,8.75815514056494
2013,3.35405988188764,0.667824209775813,58.1863650496245,20.3414911772593,290.931825248122,147,24,0.33500839771749,91.136544728252,8.86345527174795
2013,3.33122547573092,0.663408271648057,58.7901359890054,20.4052229110855,293.950679945027,148,24,0.332810025239098,91.0300544112194,8.96994558878065
2013,3.30812234879592,0.658734479692297,59.3897772098433,20.4680687999033,296.948886049216,149,24,0.338268660902705,90.9226245630114,9.07737543698865
2013,3.28336648976945,0.65382678180981,59.9837034529064,20.5298812723089,299.918517264532,150,24,0.340084736449104,90.8141804873831,9.18581951261694
2013,3.45221366505214,0.687195450134448,60.5723125752211,20.5907209299312,302.861562876105,151,24,0.354272987576979,90.9615311974142,9.0384688025858
2013,3.42250346286282,0.68156704480729,61.1918506365389,20.6543139782148,305.959253182694,152,24,0.346136202789104,90.846795494869,9.15320450513105
2013,3.39657657867653,0.67578894310817,61.807070866339,20.7170212911998,309.035354331695,153,24,0.373469958692981,90.730264057189,9.26973594281102
2013,3.36762469861004,0.669908170765215,62.4116356808128,20.7782201516156,312.058178404064,154,24,0.381479689908474,90.6135547770973,9.38644522290265
2013,3.33730911263421,0.663970402410771,63.0088047798457,20.838266064885,315.044023899229,155,24,0.380390822742883,90.4958749499664,9.50412505003363
2013,3.30735527405499,0.658025394635746,63.6001250187553,20.8973343005669,318.000625093777,156,24,0.382611231885953,90.3764092727048,9.6235907272952
2013,3.24136314256339,0.644020810511569,64.1850067587146,20.955384033067,320.925033793573,157,17,0.383386330603857,90.2553591058808,9.74464089411921
2013,3.21180697254096,0.638207328559819,64.7565312728342,21.0117529905532,323.782656364171,158,17,0.383482085323626,90.1338638786936,9.86613612130636
2013,3.18325799303473,0.632577254378913,65.3221215390745,21.0671963234244,326.610607695372,159,17,0.384239699525766,90.0112708727857,9.9887291272143
2013,3.15443941313287,0.627203560896641,65.8818464929395,21.1217362677044,329.409232464698,160,17,0.370925527227988,89.8879980878364,10.1120019121636
2013,3.13012964949019,0.622161916306055,66.4384664399222,21.1756543216154,332.192332199611,161,17,0.382934277622164,89.7641978964858,10.2358021035142
2013,3.10679665373465,0.617530995884084,66.9878184049394,21.2285605258143,334.939092024697,162,17,0.385179253758702,89.6410252317137,10.3589747682863
2013,3.08655006612934,0.613388496720561,67.5320503737136,21.2806762928664,337.660251868568,163,17,0.393349506001023,89.5188500219034,10.4811499780966
2013,3.06867404034912,0.609810819117612,68.0705944329522,21.3319600242423,340.352972164761,164,17,0.397120413034176,89.3984306893151,10.6015693106849
2013,3.05421513622777,0.606870131777885,68.6048044287092,21.3825524126159,343.024022143546,165,17,0.402987525976569,89.2802546992102,10.7197453007898
2013,3.04371660851634,0.60463276438224,69.134944396379,21.4324886289686,345.674721981895,166,17,0.413189507916549,89.1648994087568,10.8351005912432
2013,3.03662254656456,0.603156907131979,69.6609392859445,21.4817713313895,348.304696429722,167,17,0.419196281744021,89.0528851548114,10.9471148451886
2013,3.03446214884856,0.602539343388399,70.1843088800333,21.5305513060602,350.921544400167,168,17,0.431758924554891,88.9304327553835,11.0695672446165
2013,3.03527676622259,0.602803968615002,70.7047285686785,21.5788055943604,353.523642843392,169,17,0.428846196913881,88.784852071795,11.215147928205
2013,3.0393662353671,0.60389166957908,71.2258882606007,21.6268810570678,356.129441303003,170,17,0.416923055228856,88.6175060524971,11.3824939475029
2013,3.09424569936998,0.614988101635241,71.7502447972259,21.6750046203428,358.751223986129,171,24,0.455471124795079,88.4300573101038,11.5699426898962
2013,3.06520514014522,0.60827550354633,72.2778616884111,21.7231806308948,361.389308442056,172,17,0.46281272308478,88.2244768714924,11.7755231285076
2013,3.08454334288956,0.611418679648856,72.7981959659761,21.7704522117708,363.99097982988,173,17,0.506955384530355,88.0041120070082,11.9958879929918
2013,3.10222835295036,0.615073353975312,73.3135630316485,21.8170409641821,366.567815158242,174,17,0.50070932238393,87.7703565976634,12.2296434023366
2013,3.12226743564759,0.619133375010004,73.8337098270427,21.8638309281811,369.168549135213,175,17,0.498358930565109,87.5233432606934,12.4766567393066
2013,3.14350106118247,0.62349251535715,74.3583277391245,21.9107909571873,371.791638695622,176,17,0.492393305619368,87.2644793196512,12.7355206803488
2013,3.22055010613614,0.639066550449097,74.8883784206883,21.9580033551261,374.441892103441,177,24,0.531806557114455,86.9949029129335,13.0050970870665
2013,3.24580073353266,0.644087552318584,75.4259488509984,22.0056482632358,377.129744254992,178,24,0.534272804718567,86.715548411135,13.284451588865
2013,3.27206662811047,0.649134095206423,75.9680683719509,22.0534572736922,379.840341859754,179,24,0.54779150096336,86.4281228680066,13.5718771319934
2013,3.29794539238073,0.654128529770746,76.5127291979534,22.1012515343784,382.563645989767,180,24,0.559892544612433,86.1342572367416,13.8657427632584
2013,3.32203396749168,0.659005008600663,77.0601371005892,22.149048521661,385.300685502946,181,24,0.556873998771786,85.8353207920889,14.1646792079111
2013,3.34688238891295,0.663709016903521,77.6129576111269,22.1970785462913,388.064788055635,182,24,0.574589513785163,85.5323684986731,14.4676315013269
2013,3.36756265181886,0.668199162663682,78.1671954792619,22.2449929499406,390.83597739631,183,24,0.553222455610542,85.2275740375388,14.7724259624612
2013,3.38673725571996,0.672440589286831,78.7298332321396,22.2933919473972,393.649166160698,184,24,0.530008946786443,84.9214355395005,15.0785644604995
2013,3.4064322580727,0.676408836284843,79.3009385331436,22.342273424448,396.504692665718,185,24,0.529745365210138,84.6155905185801,15.3844094814199
2013,3.42504286432539,0.680087803045367,79.8760249543142,22.3912483477264,399.380124771571,186,24,0.533852411530104,84.3124778432536,15.6875221567464
2013,3.44212789754069,0.683465705923557,80.4540010290035,22.4402223676071,402.270005145018,187,24,0.537862851199578,84.0140419770851,15.9859580229149
2013,3.4601589649761,0.686534459657482,81.0345805049502,22.4891707304666,405.172902524751,188,24,0.572108259546264,83.7221309749777,16.2778690250223
2013,3.4750474915653,0.689290578409183,81.6119051246779,22.5376029018012,408.059525623389,189,24,0.587962271736467,83.4395603762262,16.5604396237738
2013,3.48668117031874,0.691734435694558,82.1890242986211,22.5857797609181,410.945121493105,190,24,0.582663136986668,83.1693101708686,16.8306898291314
2013,3.50118752558979,0.693859219488738,82.7695172526977,22.634000991042,413.847586263488,191,24,0.635729551892187,82.9120126988895,17.0879873011105
2013,3.51187194883754,0.695662511832455,83.3422848832594,22.6813500059327,416.711424416297,192,24,0.661349399077977,82.6706339354777,17.3293660645223
2013,3.52049700327394,0.697138172198831,83.9120518358207,22.7282264765511,419.560259179104,193,24,0.681910861979302,82.4462686985406,17.5537313014594
2013,3.52694540566434,0.698279763760092,84.4794175203496,22.7746854619685,422.397087601748,194,24,0.695696430965788,82.2407214275283,17.7592785724717
2013,3.53231657843564,0.699078369386919,85.0453013717371,22.8208069917228,425.226506858686,195,24,0.71965982070252,82.0557529236686,17.9442470763314
2013,3.34493691836332,0.661845083903964,85.6074519356067,22.8664129483535,428.037259678034,196,24,0.730208974956108,81.4042149205288,18.5957850794712
2013,3.34468783776151,0.66195156250927,86.1300015015363,22.9086193579538,430.650007507682,197,24,0.720894868261573,81.2669771152521,18.7330228847479
2013,3.34111430229259,0.661681412748588,86.6543494629356,22.9507920111768,433.271747314678,198,24,0.689280519976253,81.1558717083225,18.8441282916775
2013,3.33411008362453,0.66103003476468,87.184290482579,22.9932341786002,435.921452412895,199,24,0.637044932411964,81.071980159143,18.928019840857
2013,3.32843960702231,0.660029544997626,87.7232620477325,23.0362155612811,438.616310238663,200,24,0.631222163306622,81.0181748168686,18.9818251831314
2013,3.32611147772797,0.658697544185955,88.2622475865842,23.0790143891145,441.311237932921,201,24,0.700438747916163,80.9930217903947,19.0069782096053
2013,3.31691673023774,0.657051944742435,88.7869071931245,23.1205010428436,443.934535965623,202,24,0.689756179613683,80.9973883818586,19.0026116181414
2013,3.30660887277148,0.655100342895504,89.3118473301704,23.1618392284792,446.559236650852,203,24,0.68583343823794,81.0270617956919,18.9729382043081
2013,3.29746333162227,0.652852589660775,89.8354929005702,23.2029070949072,449.177464502851,204,24,0.724447085639598,81.0806606152949,18.9193393847051
2013,3.28575430120548,0.650318635833333,90.3495686228792,23.2430624504306,451.747843114396,205,24,0.746086902069636,81.1579112072722,18.8420887927278
2013,3.27156149022407,0.647504443283742,90.8569563878459,23.2825395512406,454.28478193923,206,24,0.749825043754546,81.2565733625804,18.7434266374196
2013,3.25721759778537,0.644415270331613,91.3607395078579,23.3215844656636,456.80369753929,207,24,0.775407077136059,81.3743450860184,18.6256549139816
2013,3.24487262630903,0.64105789225529,91.8565186143448,23.3598628127279,459.282593071724,208,24,0.866995272928503,81.5101232056867,18.4898767943133
2013,3.22555889211854,0.637440997717465,92.3314920565288,23.3963999649778,461.657460282644,209,24,0.850288920790911,81.6640708330199,18.3359291669801
2013,3.20488904837282,0.633566053592607,92.8059253138505,23.4327650210322,464.029626569253,210,24,0.83266436308168,81.8308603599717,18.1691396400283
2013,3.18241440959971,0.629453960408759,93.2797303523192,23.4689528425793,466.398651761596,211,24,0.803515875836089,82.0135104327839,17.9864895672161
2013,2.9796066823911,0.589415479648761,93.7548505417682,23.5051126935978,468.774252708841,212,24,0.792328625422287,81.6810081572373,18.3189918427627
2014,3.4582940566195,0.687810176700835,54.5,19.9420239553624,272.5,141,24,0.345909493494959,91.7683842380481,8.2316157619519
2014,3.44360274214077,0.685348454995677,55.1224503272591,20.0107691965519,275.612251636295,142,24,0.331900155840576,91.6621405311088,8.33785946889116
2014,3.42092461067425,0.682515051416585,55.744762386153,20.0789604097364,278.723811930765,143,24,0.278531764249167,91.5561846546974,8.44381534530256
2014,3.41004368213764,0.679328891753218,56.3732105159464,20.1472876562042,281.866052579732,144,24,0.314147325316758,91.4494162963829,8.55058370361707
2014,3.3925619306624,0.675807279405765,56.9923572319692,20.2140864054955,284.961786159846,145,24,0.318227490977363,91.3436096897801,8.65639031021992
2014,3.37421402387898,0.671962172174164,57.6071893617122,20.2799210140751,288.035946808561,146,24,0.327785012320509,91.2384847416806,8.76151525831945
2014,3.35212296644092,0.667824702482392,58.2164380969413,20.344676451663,291.082190484706,147,24,0.320964169157122,91.1325253665834,8.86747463341662
2014,3.32597319338261,0.663408615864025,58.8226303768763,20.4086399322272,294.113151884381,148,24,0.295925093309659,91.0257077339426,8.97429226605743
2014,3.30307590169497,0.658734685799713,59.4285979887524,20.4721221729381,297.142989943762,149,24,0.301957228168397,90.9174267418422,9.0825732581578
2014,3.28129923048708,0.653826803480634,60.0287770543698,20.534554831962,300.143885271849,150,24,0.324639183569958,90.8081390143998,9.19186098560023
2014,3.44606614694107,0.687194622029542,60.6200616223516,20.5956382547724,303.100308111758,151,24,0.310321232011109,90.9552954677382,9.04470453226181
2014,3.41779273969673,0.681565801623082,61.2471602941812,20.6599694321448,306.235801470906,152,24,0.312559138322569,90.8395615893255,9.16043841067455
2014,3.3950899799879,0.675787270878824,61.8681535033731,20.7232234584719,309.340767516866,153,24,0.361788317098549,90.7222616722723,9.27773832772775
2014,3.36547139128588,0.669906149750355,62.4747569910306,20.7845859347383,312.373784955153,154,24,0.364029668708254,90.6052701982796,9.39472980172036
2014,3.33491393072906,0.663967982461696,63.0749850690015,20.8448961050634,315.374925345007,155,24,0.360901192827821,90.4871715920012,9.51282840799879
2014,3.30467183768101,0.658022532684556,63.669723797471,20.904261457893,318.348618987355,156,24,0.360505032698239,90.3672362362731,9.63276376372689
2014,3.27442390668868,0.652128649396121,64.2584896492017,20.9626511330073,321.292448246009,157,24,0.35783344957982,90.245650968715,9.75434903128504
2014,3.24539712054643,0.646350620473497,64.8417364051913,21.0201269622947,324.208682025956,158,24,0.360308012605335,90.1225780668935,9.87742193310655
2014,3.21782202004458,0.640757813607385,65.4186789249593,21.0766281202291,327.093394624797,159,24,0.367170971531515,89.998446584551,10.001553415449
2014,3.19232277524456,0.63542386183239,65.9887297306229,21.1321142789114,329.943648653114,160,24,0.381051689268367,89.8737621603517,10.1262378396483
2014,3.16600440958263,0.630425627789504,66.550900309778,21.1865071892592,332.75450154889,161,24,0.372864580113736,89.7491792901226,10.2508207098774
2014,3.14141761866544,0.625841430423801,67.1094402800325,21.240232595794,335.547201400163,162,24,0.361654791000621,89.6247319979758,10.3752680020242
2014,3.1211654697221,0.621749890003546,67.6653003352349,21.2933916993495,338.326501676174,163,24,0.3665509103712,89.5009477264429,10.4990522735571
2014,3.10343355064588,0.618228110813788,68.2161260542806,21.3457699501316,341.080630271403,164,24,0.368474514643202,89.3788238705086,10.6211761294914
2014,3.08872633016622,0.615349095752992,68.7630158359595,21.3974831123605,343.815079179797,165,24,0.368562836388168,89.2588831710845,10.7411168289154
2014,3.07664354603201,0.613179811127075,69.3069415151721,21.4486324397641,346.53470757586,166,24,0.360301911902686,89.1416084112834,10.8583915887166
2014,3.06834437918111,0.611778874172433,69.8500976557338,21.4994309718503,349.250488278669,167,24,0.351533358501353,89.0272126728207,10.9727873271793
2014,3.06580836767054,0.611257729569759,70.3933423091134,21.5499631456524,351.966711545567,168,24,0.354399139610051,88.9019726047178,11.0980273952822
2014,3.06956290531997,0.611653102993041,70.9355010272118,21.6001240449028,354.677505136059,169,24,0.372307780680011,88.7532709728591,11.2467290271409
2014,3.0770946792006,0.612905140421283,71.4748231417192,21.6497580850302,357.374115708596,170,24,0.386124836163937,88.5832068767401,11.4167931232599
2014,3.08287250264749,0.614949589322903,72.0128822252826,21.69901645207,360.064411126413,171,24,0.348494534073835,88.3935712459503,11.6064287540497
2014,3.09776901135201,0.617711219168777,72.5596167460331,21.7488069848413,362.798083730165,172,24,0.359639850813975,88.1849659441908,11.8150340558092
2014,3.11680802425759,0.621105154541899,73.1070949779439,21.7984039155772,365.535474889719,173,24,0.379779551737462,87.9603448196559,12.0396551803441
2014,3.13907903618208,0.62503422107416,73.6543462869327,21.8477222535983,368.271731434664,174,24,0.406056393383558,87.7215343807194,12.2784656192806
2014,3.1610812370519,0.629393321557095,74.2007893907942,21.8967135815062,371.003946953971,175,24,0.409568576880804,87.4701394707877,12.5298605292123
2014,3.18766123074084,0.634073327384322,74.7509232056923,21.9457824410495,373.754616028461,176,24,0.442889265390581,87.2068909612381,12.7931090387619
2014,3.21225138885574,0.638969304506818,75.299701265962,21.9944802476629,376.49850632981,177,24,0.445298524517756,86.9338250023993,13.0661749976007
2014,3.23903110722281,0.6439804969799,75.8529076272431,22.0433212950856,379.264538136215,178,24,0.464709859869137,86.6513618335351,13.3486381664649
2014,3.26470448179542,0.649017929193947,76.4075794295043,22.0920431029848,382.037897147522,179,24,0.471107215995677,86.3612294416643,13.6387705583357
2014,3.29457315653756,0.654002957329882,76.9660978738426,22.1408543475672,384.830489369213,180,24,0.528549796732118,86.0644062508939,13.9355937491061
2014,3.3186223535475,0.65887254439177,77.5190925993497,22.1889402310647,387.595462996749,181,24,0.52589971585491,85.7637535721803,14.2362464278197
2014,3.34196521313822,0.663570070844808,78.0774180091815,22.2372477065868,390.387090045907,182,24,0.525238322929988,85.4590891797571,14.5409108202429
2014,3.36465244057284,0.668053131852348,78.640534675535,22.2857264726503,393.202673377675,183,24,0.529619524730509,85.1520427641283,14.8479572358717
2014,3.38751969779407,0.672289399705121,79.2073025208025,22.3342758776234,396.036512604012,184,24,0.551112822747697,84.8444134256426,15.1555865743574
2014,3.40892449016813,0.676255670859832,79.774334701815,22.3826062331009,398.871673509075,185,24,0.571933763320627,84.5384336099415,15.4615663900585
2014,3.42965194752504,0.679934570094246,80.34147281556,22.430706710359,401.7073640778,186,24,0.603411902050914,84.2358759176185,15.7641240823815
2014,3.44769118415023,0.683314727738321,80.9064495659478,22.4783891463511,404.532247829739,187,24,0.620100373464401,83.9389020750547,16.0610979249453
2014,3.46345316155301,0.686387146682002,81.471684889112,22.5258617375034,407.35842444556,188,24,0.627161807147098,83.6489315449384,16.3510684550616
2014,3.46860702895674,0.689145795697553,82.0386483290707,22.5732494205089,410.193241645354,189,24,0.521912125022635,83.3675526059895,16.6324473940104
2014,3.48047610091224,0.691585043089774,82.6276800308208,22.622240466029,413.138400154104,190,24,0.52036595910707,83.0947968885171,16.9052031114829
2014,3.49141283067052,0.693705817446048,83.2193813902813,22.6712090919559,416.096906951406,191,24,0.526358365846352,82.8351531192214,17.1648468807786
2014,3.505012786147,0.695502486717746,83.8120576816814,22.7200157362896,419.060288408407,192,24,0.583638088828712,82.5899802259196,17.4100197740804
2014,3.51344819121577,0.696973814862694,84.3959835660657,22.7678671024957,421.979917830329,193,24,0.599861484131441,82.3628545732104,17.6371454267896
2014,3.51963981391163,0.698111103699927,84.9783371115396,22.8153603474246,424.891685557698,194,24,0.609130620467629,82.1544671682898,17.8455328317102
2014,3.52180700887354,0.698905404244248,85.5600599446551,22.8625762179123,427.800299723276,195,24,0.588983167028573,81.9665859939944,18.0334140060056
2014,3.33541913883682,0.661695273696358,86.1462299937767,22.9099272749386,430.731149968883,196,24,0.602596149044864,81.3087101813297,18.6912898186702
2014,3.3366707609581,0.661796712803694,86.6923834984851,22.9538441154206,433.461917492425,197,24,0.615820162930085,81.1672951553471,18.8327048446529
2014,3.33414402697792,0.661522835067479,87.2361267680748,22.9973760040795,436.180633840374,198,24,0.603146041234524,81.0528769876538,18.9471230123462
2014,3.33036375763549,0.660868852207807,87.7818833362808,23.0408793264136,438.909416681404,199,24,0.599578005050916,80.9664434256929,19.0335565743071
2014,3.32878458282453,0.659868409402472,88.3275807137398,23.0841898590019,441.637903568699,200,24,0.651491877085904,80.9118547938464,19.0881452061536
2014,3.32032870525647,0.658539396924378,88.8625622212406,23.1264692412575,444.312811106203,201,24,0.629205935913369,80.8879310513015,19.1120689486985
2014,3.30999871208542,0.656892393632275,89.4002923048007,23.1687874454901,447.001461524003,202,24,0.603847774065178,80.8906616737283,19.1093383262717
2014,3.30068853801545,0.654938896660943,89.9410099699789,23.2111622558563,449.705049849895,203,24,0.614130696566922,80.9183713395886,19.0816286604114
2014,3.28893458649846,0.652690169556526,90.4777903195046,23.2530532484571,452.388951597523,204,24,0.611122793644312,80.9706031228236,19.0293968771764
2014,3.2804154285157,0.650153580289822,91.0128023472212,23.2946342302171,455.064011736106,205,24,0.676918011255651,81.0452954017942,18.9547045982058
2014,3.26682139343281,0.647339158406766,91.5329318910673,23.3348955491095,457.664659455337,206,24,0.689507218427108,81.1429318848847,18.8570681151153
2014,3.25529226745956,0.644250576956602,92.0478051756187,23.3745932593499,460.239025878094,207,24,0.76062519555035,81.2600803099404,18.7399196900596
2014,3.23671175456774,0.640896270674254,92.5461290836096,23.4128678712112,462.730645418048,208,24,0.735441958450983,81.3967543836196,18.6032456163804
2014,3.22206066834333,0.637277871685171,93.04575369631,23.4510984525675,465.22876848155,209,24,0.803776638851666,81.5480843492268,18.4519156507732
2014,3.20260568962876,0.633405836248139,93.5287607339473,23.4879217011219,467.643803669737,210,24,0.809356035644665,81.7149947122565,18.2850052877435
2014,3.18098001112881,0.629298194959498,94.0067406394857,23.5242314463487,470.033703197428,211,24,0.796260192639855,81.8985689551852,18.1014310448148
2014,2.87646364648663,0.56844065049357,94.4829940240301,23.5602822840716,472.414970120151,212,15,0.749632645707476,81.5647219351763,18.4352780648237
2015,3.45001727455463,0.687810176700834,54.5,19.9420239553624,272.5,141,24,0.289176033862308,91.7683842380481,8.2316157619519
2015,3.43799000228201,0.685349004107088,55.1321416627726,20.0118352484566,275.660708313863,142,24,0.29382794050751,91.6608503860068,8.33914961399318
2015,3.42563942288189,0.682515804446462,55.7609455867537,20.0807266252725,278.804727933768,143,24,0.308744995431207,91.5540283436828,8.4459716563172
2015,3.4096459595702,0.679329306940289,56.3842939797409,20.1484879170298,281.921469898705,144,24,0.311455003350119,91.4479383045381,8.55206169546193
2015,3.39044957133882,0.675807619047691,57.0038995772577,20.2153268775113,285.019497886289,145,24,0.30379595304412,91.3420693342646,8.65793066573539
2015,3.37137249764311,0.671962486763998,57.621195500508,20.2814150370123,288.10597750254,146,24,0.307834338093338,91.2366143312254,8.76338566877461
2015,3.34905590041979,0.667824982011512,58.2338660112874,20.3465218551307,291.169330056437,147,24,0.299814414310099,91.130196194521,8.86980380547901
2015,3.32519639788527,0.663408830901329,58.8436747581023,20.4108522000653,294.218373790512,148,24,0.290886191964099,91.0228928619997,8.9771071380003
2015,3.30295963716529,0.658734793066656,59.4504947010021,20.4744076485727,297.25247350501,149,24,0.301248495439552,90.9144951345495,9.08550486545054
2015,3.27767880097251,0.653826804421876,60.0507921615413,20.536836629798,300.253960807707,150,24,0.29903776572799,90.8051884309821,9.1948115690179
2015,3.44521825392239,0.687194150607491,60.646472822838,20.5983569915138,303.23236411419,151,24,0.304794190017446,90.9518466157528,9.04815338424724
2015,3.4170534141496,0.681565172072876,61.2745071929832,20.6627643580359,306.372535964916,152,24,0.307682568182079,90.8359852436907,9.1640147563093
2015,3.38743542808072,0.675786483613967,61.8963277077868,20.7260827534933,309.481638538934,153,24,0.305786254580208,90.7185709663827,9.2814290336173
2015,3.35653913714065,0.669904914714609,62.5126005423082,20.7884003071417,312.563002711541,154,24,0.29867583076642,90.6003038581639,9.39969614183614
2015,3.327737532867,0.663966152684869,63.1241127180247,20.8498146515124,315.620563590123,155,24,0.307515817441726,90.4807116744371,9.51928832556286
2015,3.29956353777403,0.658020090122546,63.7280929436804,20.9100668634994,318.640464718402,156,24,0.321482697226978,90.3595443816465,9.64045561835347
2015,3.27227887245151,0.652125620271556,64.3236412309986,20.9690894644458,321.618206154993,157,24,0.341126794082211,90.2370448922106,9.7629551077894
2015,3.24504598661804,0.646347133179623,64.909799876987,21.0268107409177,324.548999384935,158,24,0.357848843744553,90.1135643486111,9.88643565138891
2015,3.21566559977942,0.640753970428341,65.4871635291612,21.0833118672003,327.435817645806,159,24,0.349676622548466,89.9893525378797,10.0106474621203
2015,3.19176845922093,0.635419483369724,66.0602814215261,21.1390551680804,330.301407107631,160,24,0.376654192231384,89.8642340835617,10.1357659164383
2015,3.16690011662266,0.630420821677214,66.623220092433,21.1934812256275,333.116100462165,161,24,0.381382486670754,89.73952111597,10.26047888403
2015,3.14565357538465,0.625836335373542,67.180235048758,21.2470199933664,335.90117524379,162,24,0.400575015501609,89.6152500462066,10.3847499537934
2015,3.12590301473162,0.621744925643201,67.7291576646709,21.2994791137369,338.645788323355,163,24,0.411134871445865,89.4923704303189,10.5076295696811
2015,3.10880533082988,0.618223428248607,68.2720135501921,21.3510678229757,341.360067750961,164,24,0.419869674860607,89.3712962160663,10.6287037839337
2015,3.05378492356967,0.606828736813427,68.809698154575,21.4018840329891,344.048490772875,165,17,0.401766733006895,89.2525787802166,10.7474212197834
2015,3.04145156998331,0.60458996656861,69.3399943376159,21.4517316091964,346.69997168808,166,17,0.393795862212415,89.1371336710378,10.8628663289622
2015,3.07293530190839,0.611776869455577,69.8694129723792,21.5012323545768,349.347064861896,167,24,0.393265517764842,89.0245918706431,10.9754081293568
2015,3.06810957265891,0.611256397044974,70.4052291838304,21.5510658095008,352.026145919152,168,24,0.374940140406113,88.900354628777,11.099645371223
2015,3.06974404094274,0.611652094891097,70.9437398183283,21.6008842391517,354.718699091641,169,24,0.374033567535033,88.7521438297554,11.2478561702446
2015,3.07562160503157,0.612904075991037,71.4827529130017,21.6504859149246,357.413764565009,170,24,0.372635120183091,88.5821146321351,11.4178853678649
2015,3.09025188189827,0.614948066227194,72.0232152353963,21.6999599067764,360.116076176982,171,24,0.416782605421995,88.3921362587689,11.6078637412311
2015,3.10495576026394,0.617711517862207,72.5577678966268,21.7486390534394,362.788839483134,172,24,0.427625374083208,88.1852251184272,11.8147748815728
2015,3.11889561855346,0.621107625478755,73.0930863961537,21.7971380884414,365.465431980769,173,24,0.399085724550443,87.9623289043431,12.0376710956569
2015,3.13741892287499,0.625037565167911,73.636894166228,21.8461534162532,368.18447083114,174,24,0.390084069896577,87.724033588157,12.275966411843
2015,3.15773686024803,0.629396340907009,74.1861999406467,21.8954088379625,370.930999703234,175,24,0.378223306837982,87.4722530371495,12.5277469628505
2015,3.18148902026658,0.634075324374338,74.7419341323818,21.944982692075,373.709670661909,176,24,0.383015704754342,87.2082088438989,12.7917911561011
2015,3.20780631585716,0.638968889479668,75.301452589374,21.9946352610993,376.50726294687,177,24,0.401516911329035,86.9335650953535,13.0664349046465
2015,3.23398350009421,0.643978080596272,75.86252623309,22.0441682958376,379.31263116545,178,24,0.413687223891175,86.6499167212787,13.3500832787213
2015,3.26047955262066,0.649012949279401,76.4263928952737,22.0936913300701,382.131964476368,179,24,0.427924891173521,86.3583679341625,13.6416320658375
2015,3.28802854441172,0.653995580628838,76.9927025229027,22.1431732698459,384.963512614514,180,24,0.455905554434122,86.0603101396624,13.9396898603376
2015,3.31625604395227,0.658861042813081,77.5589167406233,22.1923939152709,387.794583703117,181,24,0.49937908505097,85.7575482378116,14.2424517621884
2015,3.34084769687429,0.663556708919979,78.1220723416153,22.2411008814084,390.610361708076,182,24,0.513243137016955,85.4520494057446,14.5479505942554
2015,3.3619709511047,0.668038686443756,78.6873637597909,22.2897470827681,393.436818798954,183,24,0.499947422533661,85.1445762330319,14.8554237669681
2015,3.38206347202693,0.672272870566005,79.2595288776837,22.3387373959344,396.297644388419,184,24,0.489551861091424,84.8359956766842,15.1640043233158
2015,3.40244972067643,0.676235160337766,79.8377810235885,22.387999099264,399.188905117943,185,24,0.497402981231944,84.5281016734024,15.4718983265976
2015,3.41754421904541,0.679909231538122,80.418529103313,22.4372237777016,402.092645516565,186,24,0.464548486027913,84.223205469725,15.776794530275
2015,3.43506735063655,0.68328060691409,81.008855435312,22.487007047012,405.04427717656,187,24,0.473243293940805,83.9219107650946,16.0780892349054
2015,3.45093089959606,0.68634366580387,81.6009352655219,22.5366848616782,408.00467632761,188,24,0.480885494519311,83.6273073009988,16.3726926990012
2015,3.46611262976148,0.689092983156343,82.1946467152033,22.5862479486095,410.973233576017,189,24,0.498140527185281,83.341255864001,16.658744135999
2015,3.47719690659555,0.691530601670826,82.7879303564033,22.6355266951023,413.939651782016,190,24,0.488528094886314,83.0676036602018,16.9323963397982
2015,3.48612228036719,0.693649384436485,83.3853397247335,22.6849000470476,416.926698623668,191,24,0.473493132775729,82.8068294036554,17.1931705963446
2015,3.49540852688708,0.695442903951866,83.9875269563029,22.7344193898873,419.937634781515,192,24,0.479047888645271,82.5598886169929,17.4401113830071
2015,3.50186356529395,0.696908005813341,84.5904456521053,22.7837515882554,422.952228260526,193,24,0.472565121802273,82.3293758420489,17.6706241579511
2015,3.51019044135102,0.698037838093782,85.1959365231304,22.8330482251618,425.979682615652,194,24,0.502927329246775,82.1168961068518,17.8831038931482
2015,3.51535077051957,0.698826138265921,85.7970043237544,22.8817438244354,428.985021618772,195,24,0.518841724938352,81.9255974621489,18.0744025378511
2015,3.32768206113015,0.66162623750658,86.3959048609419,22.9300279285799,431.979524304709,196,24,0.511477248110851,81.2645167740885,18.7354832259115
2015,3.32771933410379,0.661723819702184,86.958727587728,22.9751912304462,434.79363793864,197,24,0.508921859511078,81.120158120949,18.8798418790509
2015,3.32896502992062,0.66144540414768,87.5220523696715,23.0201912734423,437.610261848358,198,24,0.542939676817058,81.0023394850923,18.9976605149077
2015,3.32316026900779,0.660789309074974,88.0788057028902,23.0644684540469,440.394028514451,199,24,0.515775267535933,80.9140926330826,19.0859073669174
2015,3.31973270284723,0.659785736165457,88.639813603437,23.1088871178522,443.199068017185,200,24,0.537677657639068,80.8570151354691,19.1429848645309
2015,3.31209598041411,0.658452245556489,89.1957374649396,23.1527103798101,445.978687324698,201,24,0.529141436653479,80.8297052145853,19.1702947854147
2015,3.30609898775944,0.656801614477728,89.7518227812707,23.196356331654,448.759113906353,202,24,0.560282897830442,80.8296039272411,19.1703960727589
2015,3.29756313567647,0.654847326751068,90.3004613848126,23.2392334879392,451.502306924063,203,24,0.579892152065308,80.8563851985193,19.1436148014807
2015,3.2935077108626,0.652598365305831,90.8434516260773,23.2814908116832,454.217258130386,204,24,0.687734166786349,80.9080597651109,19.0919402348891
2015,3.28118497886657,0.65006677493141,91.3640426633635,23.3218399757536,456.820213316818,205,24,0.698049414572985,80.9857621174275,19.0142378825725
2015,3.26379452280683,0.647254840445847,91.8800866534433,23.3616788760576,459.400433267217,206,24,0.651436735377416,81.0846739360942,18.9153260639057
2015,3.24716527787219,0.644166229187162,92.4019552651957,23.4018091544482,462.009776325979,207,24,0.63858336289316,81.2012873917319,18.7987126082681
2015,3.23034453877253,0.640808474845157,92.9230480955507,23.4417224704615,464.615240477753,208,24,0.642979713397804,81.3349022645622,18.6650977354378
2015,3.21336477437289,0.637188388489009,93.4398763575818,23.4811553460597,467.199381787909,209,24,0.665219915839696,81.4842020254851,18.5157979745149
2015,3.19457987626243,0.63331323581312,93.9488390702128,23.51983981291,469.744195351064,210,24,0.680062158509051,81.6477846853503,18.3522153146497
2015,3.17353462979939,0.629203470916239,94.4510545516798,23.5578685367322,472.255272758399,211,24,0.677821356987482,81.8284541149077,18.1715458850923
2015,2.97228275364906,0.589220748251447,94.9494870593918,23.5954717169422,474.747435296959,212,24,0.681904851241389,81.4903661848433,18.5096338151567
2016,3.44649405676297,0.687810176700835,54.5,19.9420239553624,272.5,141,24,0.267944419704086,91.7683842380481,8.2316157619519
2016,3.4344385897995,0.685349204369394,55.1356833420459,20.0122248024164,275.67841671023,142,24,0.272021352526609,91.6603789120623,8.33962108793767
2016,3.41964950041849,0.682516137722341,55.7681382901538,20.0815115138066,278.840691450769,143,24,0.270948734346001,91.5530699858612,8.44693001413877
2016,3.40523856422315,0.679329811973301,56.3978479272797,20.1499554903073,281.989239636398,144,24,0.282818108817078,91.4461309213472,8.55386907865278
2016,3.38898202038091,0.675808156186636,57.0222993776405,20.2173039679152,285.111496888203,145,24,0.294189060745381,91.3396139171184,8.66038608288156
2016,3.37040003813051,0.671962931483916,57.6412231017758,20.2835509245808,288.206115508879,146,24,0.301340567237071,91.2339399048586,8.76606009514143
2016,3.35274444400017,0.667825315045921,58.254997797426,20.3487589371716,291.27498898713,147,24,0.325588691376836,91.127372138602,8.87262786139798
2016,3.33017390067982,0.663408997282882,58.8603893114514,20.4126089065425,294.301946557257,148,24,0.325327252649421,91.0206572392006,8.97934276079943
2016,3.30317997453138,0.658734843689867,59.4613164710596,20.4755369573083,297.306582355298,149,24,0.302793895626192,90.9130463329813,9.08695366701875
2016,3.28111945178937,0.653826802631496,60.0613488701795,20.5379305932145,300.306744350898,150,24,0.323451116705877,90.8037736169033,9.19622638309671
2016,3.44952676659205,0.687194035626183,60.652834941338,20.5990117768894,303.26417470669,151,24,0.334644566613325,90.9510158622321,9.04898413776793
2016,3.42103200878995,0.681565142975593,61.2757609069835,20.6628924701019,306.378804534918,152,24,0.33562324961139,90.8358212920087,9.16417870799131
2016,3.3927672779622,0.675786583047432,61.8927889978518,20.7257236728266,309.463944989259,153,24,0.34387733297091,90.7190345100269,9.28096548997312
2016,3.36364571652311,0.669905245731723,62.5025100061914,20.7873834071648,312.512550030957,154,24,0.349715000237223,90.601628032334,9.39837196766599
2016,3.33561697913881,0.663966859123586,63.1052357223522,20.8479250461502,315.526178611761,155,24,0.36682142930881,90.4831937721084,9.51680622789162
2016,3.3071541479958,0.65802131528756,63.6989308296528,20.9071668579349,318.494654148264,156,24,0.381521863698407,90.3633872205259,9.63661277947414
2016,3.2758415489226,0.652127469326682,64.2839895915528,20.9651715993499,321.419947957764,157,24,0.369769895886044,90.2422824474394,9.75771755256059
2016,3.20970009473644,0.638189417446481,64.8651324170247,21.0224249832826,324.325662085123,158,17,0.366353478043844,90.1194795476214,9.88052045237863
2016,3.22037922034005,0.640756973242307,65.4337262756912,21.0780970825576,327.168631378456,159,24,0.389756031564613,89.9964483276586,10.0035516723414
2016,3.1941462696627,0.635423189394627,65.999771399981,21.1331857208906,329.998856999905,160,24,0.397767982814826,89.8722917082554,10.1277082917446
2016,3.16885463895222,0.63042509435802,66.5589633354837,21.1872849950976,332.794816677419,161,24,0.39888794453481,89.7481024063128,10.2518975936872
2016,3.10630464473769,0.617507984971589,67.1128686148827,21.240561399886,335.564343074413,162,17,0.382276161519174,89.6242727846608,10.3757272153392
2016,3.08889185562358,0.613364702203008,67.6575817729015,21.2926556302776,338.287908864508,163,17,0.418192090644259,89.5019845696705,10.4980154303295
2016,3.10864917060318,0.618230155618046,68.1916245994154,21.343446373115,340.958122997077,164,24,0.417560201278384,89.3821243626097,10.6178756373903
2016,3.05184027610456,0.606844929275943,68.7297405868844,21.3943448561059,343.648702934422,165,17,0.381926417734038,89.2633773856953,10.7366226143047
2016,3.04210709440877,0.604605944282619,69.2636166485651,21.4445685604836,346.318083242826,166,17,0.399056640226834,89.1474743375966,10.8525256624034
2016,3.03410063844876,0.60312862636448,69.7921149721273,21.4940213115736,348.960574860637,167,17,0.395886319195513,89.0350808016266,10.9649191983734
2016,3.07133908235389,0.611265970028028,70.3196408678511,21.5431234699758,351.598204339256,168,24,0.404752360430589,88.9120054867992,11.0879945132008
2016,3.07613714778674,0.611663193760055,70.8528358539472,21.5924931109157,354.264179269736,169,24,0.435964904886152,88.7645816005906,11.2354183994094
2016,3.08356932393797,0.612917740208487,71.3807422881398,21.6411186253379,356.903711440699,170,24,0.450712566220666,88.5961671920138,11.4038328079862
2016,3.09228072313908,0.614965135738409,71.907179813103,21.6893598776883,359.535899065515,171,24,0.436291663196977,88.4082527143871,11.5917472856129
2016,3.06304005161339,0.60823063635475,72.4382377859915,21.7377757718591,362.191188929957,172,17,0.44215458307326,88.2019836094307,11.7980163905693
2016,3.12648335395389,0.621130656039854,72.9622687498138,21.7853091267745,364.811343749069,173,24,0.476671473761139,87.9808605472826,12.0191394527175
2016,3.14807819404716,0.625065265160605,73.4920785599556,21.8331253844338,367.460392799778,174,24,0.500366024644818,87.7447761490037,12.2552238509963
2016,3.16945717771775,0.629430379995929,74.0214616835679,21.8806637682466,370.107308417839,175,24,0.496143326132284,87.4961243284754,12.5038756715246
2016,3.19512327988943,0.634116582790137,74.5559581594433,21.9284215317926,372.779790797216,176,24,0.523901519134212,87.2354819322873,12.7645180677127
2016,3.22026345442002,0.639018933125957,75.0900289097008,21.9759035049049,375.450144548504,177,24,0.532375313548121,86.964950810236,13.0350491897639
2016,3.24381374617752,0.644037084673099,75.6274253702993,22.0234441664829,378.137126851497,178,24,0.514397422499787,86.6852498829189,13.3147501170811
2016,3.26885752721106,0.649079940262715,76.1731195806846,22.0714785653984,380.865597903423,179,24,0.513226186055237,86.3969035761068,13.6030964238932
2016,3.29591682101748,0.65407003121164,76.7240484968096,22.1197310612854,383.620242484048,180,24,0.539423173030711,86.1016874513756,13.8983125486244
2016,3.32099454158566,0.658942974200478,77.2751411929152,22.1677569058085,386.375705964576,181,24,0.549032664496441,85.8017818676532,14.1982181323468
2016,3.34447017335693,0.663644299608555,77.8293185365647,22.215811447046,389.146592682824,182,24,0.549550807975432,85.4982196500257,14.5017803499743
2016,3.3670763233195,0.668131013865353,78.3880780032407,22.2640224756614,391.940390016203,183,24,0.552715427414793,85.1923137312371,14.8076862687629
2016,3.39348323127825,0.672370630923461,78.9507159835605,22.3123267393961,394.753579917803,184,24,0.621606808261458,84.8857897719957,15.1142102280043
2016,3.40947815252533,0.676342835187828,79.5048468538417,22.3596666959974,397.524234269208,185,24,0.571816923298257,84.5823419351987,15.4176580648013
2016,3.42511776240861,0.680023207031135,80.0721242663992,22.407892159308,400.360621331996,186,24,0.539612740101437,84.2801902461268,15.7198097538732
2016,3.44087516376727,0.6834006052535,80.6489593931758,22.4566865832467,403.244796965879,187,24,0.528161747318621,83.9816506570252,16.0183493429748
2016,3.45651126723793,0.686468135951691,81.2312245649462,22.505694267941,406.156122824731,188,24,0.533480116327318,83.6891867813492,16.3108132186508
2016,3.47239772697736,0.689221433684226,81.8155411161627,22.5546290944131,409.077705580813,189,24,0.560574953902201,83.4051862036826,16.5948137963174
2016,3.48825840527362,0.691663333035037,82.3976033410885,22.6031335490777,411.988016705443,190,24,0.60869015205901,83.1338653602716,16.8661346397284
2016,3.50162867991407,0.693789686642337,82.9732016091961,22.6508650675083,414.86600804598,191,24,0.647905911462401,82.8771981822212,17.1228018177788
2016,3.5083136443386,0.695593839048285,83.5436174176178,22.6979396953141,417.718087088089,192,24,0.618619253678356,82.6360515316634,17.3639484683366
2016,3.51836654075148,0.69706703234096,84.1212138496967,22.7453792046046,420.606069248484,193,24,0.657915304582548,82.4101984191519,17.5898015808481
2016,3.52541492964819,0.698207465473059,84.6929473001549,22.7921141151632,423.464736500775,194,24,0.680004766076665,82.2037871857183,17.7962128142817
2016,3.52268255630781,0.699005544562388,85.2616578452666,22.8383842844954,426.308289226333,195,24,0.591986398301597,82.0182554467707,17.9817445532293
2016,3.33904908136828,0.661778221566969,85.8474104839827,22.885816668427,429.237052419913,196,24,0.645949184582457,81.3616559713607,18.6383440286393
2016,3.34244381252087,0.661881019745934,86.3856277859142,22.9292013483432,431.928138929571,197,24,0.692568341859095,81.2216417457087,18.7783582542913
2016,3.34336654108369,0.661610145831427,86.9151849402371,22.9717044656885,434.575924701185,198,24,0.732765678755576,81.1096673645042,18.8903326354958
2016,3.3396736493823,0.660961731262999,87.4368716932925,23.0133997699013,437.184358466462,199,24,0.729399428207967,81.0273450938367,18.9726549061633
2016,3.33720889329272,0.659966651715544,87.9584774091135,23.0549156092604,439.792387045567,200,24,0.776473774708563,80.9767643718054,19.0232356281946
2016,3.33028830016979,0.658642609755277,88.4701591313569,23.0954751823182,442.350795656785,201,24,0.77608743766832,80.9565987458461,19.0434012541539
2016,3.32233026632602,0.657001426336991,88.9805176734816,23.1357673322566,444.902588367408,202,24,0.785660180371732,80.9636751568297,19.0363248431703
2016,3.31642500293187,0.655055158489042,89.4873533060461,23.1756222603558,447.43676653023,203,24,0.863049620461705,80.9967176003723,19.0032823996277
2016,3.30132001165737,0.652816549685829,89.9775128869806,23.2140165014828,449.887564434903,204,24,0.795342426198591,81.0563037894582,18.9436962105418
2016,3.28752367295125,0.650286513802892,90.4781759031865,23.2530832775395,452.390879515933,205,24,0.780709239501122,81.1360533318169,18.8639466681831
2016,3.27479016474986,0.647474497885662,90.9789884450929,23.2920112742648,454.894942225465,206,24,0.811292387607029,81.236038166393,18.763961833607
2016,3.25983023156097,0.644388718543882,91.4711193170098,23.330119226992,457.355596585049,207,24,0.827007974075944,81.3559698109364,18.6440301890636
2016,3.24137771079514,0.641034241115045,91.9570965772777,23.3676107047244,459.785482886388,208,24,0.802336437330458,81.4935721672914,18.5064278327086
2016,3.2231704811257,0.637415153303659,92.4442988810825,23.405058328165,462.221494405413,209,24,0.807407375959039,81.6457341829978,18.3542658170022
2016,3.2029896169498,0.633539179421301,92.9268262523878,23.4420112895956,464.634131261939,210,24,0.799700117700807,81.8114616715996,18.1885383284003
2016,3.09065844927424,0.610616535785249,93.4068392937192,23.4786392441501,467.034196468596,211,16,0.776645675188546,81.9933949536679,18.006605046332
2016,2.8791187048231,0.568664151698371,93.8689769848573,23.5137794540248,469.344884924287,212,15,0.776051283137309,81.6627637251775,18.3372362748225
2017,3.45705724932337,0.687810176700835,54.5,19.9420239553624,272.5,141,24,0.336772582270915,91.7683842380481,8.2316157619519
2017,3.4441002459083,0.685348544631679,55.1240303480446,20.0109430085653,275.620151740223,142,24,0.335510563675158,91.6619301911958,8.33806980880418
2017,3.4298306109908,0.682515096090025,55.7457198212347,20.0790649130237,278.728599106173,143,24,0.338253771638642,91.5560570802269,8.44394291977308
2017,3.4144657306674,0.679328545394321,56.3640047464794,20.1462906113658,281.820023732397,144,24,0.346082523306627,91.4506439238142,8.54935607618584
2017,3.39479026431824,0.675806843593145,56.9776488644643,20.212505422885,284.888244322321,145,24,0.3341862631531,91.3455726174442,8.65442738255575
2017,3.37536836740632,0.671961776006807,57.5897349602356,20.2780588135049,287.948674801178,146,24,0.336210607795308,91.2408157239762,8.75918427602377
2017,3.35421678339606,0.667824394222678,58.1975295123377,20.3426738277329,290.987647561689,147,24,0.336225905161024,91.1350525289637,8.86494747103634
2017,3.33407183107149,0.663408389319806,58.801088285251,20.4063747716993,294.005441426255,148,24,0.354808127585416,91.0285893191957,8.97141068080433
2017,3.31087439131358,0.65873451903154,59.3968991099214,20.4688125532966,296.984495549607,149,24,0.360007270242718,90.9216709575383,9.07832904246172
2017,3.28491122799027,0.653826784315549,59.9870280076363,20.5302260699776,299.935140038181,150,24,0.352274259058813,90.8137348568889,9.18626514311105
2017,3.45228337286343,0.687195429780274,60.5735081573861,20.5908440871573,302.86754078693,151,24,0.354814721464168,90.9613750536316,9.03862494636841
2017,3.42544304344318,0.681567020450029,61.1929518075664,20.6544266085301,305.964759037832,152,24,0.369095708897161,90.8466514647972,9.1533485352028
2017,3.39671302089973,0.675789021396873,61.8041680465225,20.7167264403406,309.020840232613,153,24,0.374576950923677,90.730644380721,9.26935561927901
2017,3.36831994663454,0.669908268665671,62.4085387668928,20.7779077124401,312.042693834464,154,24,0.387399790758529,90.6139612730839,9.38603872691606
2017,3.33692641250936,0.66397055214245,63.0046629131644,20.8378509651443,315.023314565822,155,24,0.377114760150662,90.496419689861,9.50358031013903
2017,3.30688395485883,0.658025539673008,63.5965618495344,20.8969795166627,317.982809247672,156,24,0.378530040177508,90.376878933609,9.62312106639101
2017,3.23907163043862,0.644021265674311,64.1821655864982,20.9551029385647,320.910827932491,157,17,0.363574835775121,90.2557344982676,9.74426550173237
2017,3.2096499702025,0.638207219611082,64.7571941159387,21.0118181644912,323.785970579694,158,17,0.364672445097598,90.1337760734691,9.86622392653095
2017,3.18247759551014,0.632576580546675,65.3261149051768,21.0675865909333,326.630574525884,159,17,0.377295986691961,90.0107404358521,9.98925956414791
2017,3.1947305037393,0.635429997105636,65.8870724932883,21.1222439679136,329.435362466441,160,24,0.402378171870362,89.8873019466248,10.1126980533752
2017,3.17005629484852,0.630432547662874,66.4454600901162,21.1763297686122,332.227300450581,161,24,0.409448220636296,89.7632635878808,10.2367364121192
2017,3.10754953848158,0.617529220265766,66.9974945406906,21.2294896865835,334.987472703453,162,17,0.392364250058748,89.6397287835509,10.3602712164491
2017,3.0851574904834,0.613386910613616,67.5404400079957,21.2814773911083,337.702200039978,163,17,0.380389139833682,89.5177226965888,10.4822773034112
2017,3.06797312324246,0.609808732242995,68.0812975538892,21.3329763757024,340.406487769446,164,17,0.390532749647688,89.396988473285,10.603011526715
2017,3.05395066068647,0.606867740431482,68.6166848040698,21.3836744182308,343.083424020349,165,17,0.40055575107147,89.2786495906324,10.7213504093676
2017,3.04344926007414,0.604630203045762,69.1472581221726,21.4336453365129,345.736290610863,166,17,0.410668055135575,89.1632316231574,10.8367683768425
2017,3.03517210076088,0.603154160536608,69.6737037147478,21.482964056819,348.368518573739,167,17,0.404652722662046,89.0511524018119,10.9488475981881
2017,3.03352483937427,0.602535899011078,70.1996918046289,21.5319812102057,350.998459023144,168,17,0.42213074562849,88.9283378568816,11.0716621431184
2017,3.03434914023882,0.602799944603907,70.7218495084686,21.5803888679188,353.609247542343,169,17,0.41942544818648,88.7825084636004,11.2174915363996
2017,3.03933530096309,0.603886998151749,71.2447076417006,21.6286124970038,356.223538208503,170,17,0.416935912435975,88.6149123061324,11.3850876938676
2017,3.04916092589834,0.60573455065962,71.7690552110932,21.6767264118028,358.845276055466,171,17,0.424916643099246,88.4274433313581,11.5725566686419
2017,3.1068627156847,0.617753988819889,72.2937658273684,21.7246290059621,361.468829136842,172,24,0.44413940677497,88.2222458534609,11.7777541465391
2017,3.12552224296232,0.621154532079041,72.8261660934449,21.772986576983,364.130830467225,173,24,0.463783197274221,88.0001475402534,11.9998524597466
2017,3.14462112668574,0.62509076389846,73.3583630304434,21.821080050384,366.791815152217,174,24,0.458743093757708,87.7639358332475,12.2360641667525
2017,3.1652457743016,0.629456363621493,73.8953810518238,21.8693633314673,369.476905259119,175,24,0.447109204917412,87.5144010913533,12.4855989086467
2017,3.1884335619264,0.634142507560002,74.4388437572553,21.9179777145339,372.194218786276,176,24,0.445827314007967,87.2526636904461,12.7473363095539
2017,3.21073632211105,0.639043230502519,74.9871930284526,21.966779141363,374.935965142263,177,24,0.424731565328761,86.9802234103428,13.0197765896572
2017,3.23867357580927,0.644057939180909,75.5442142898799,22.0160983557194,377.7210714494,178,24,0.45526257573943,86.6977612687933,13.3022387312066
2017,3.264692623254,0.649099072733647,76.1007086750334,22.0651184697274,380.503543375167,179,24,0.465086293230174,86.4079261103822,13.5920738896178
2017,3.29012960456513,0.654087647371192,76.6604337070655,22.1141717881252,383.302168535328,180,24,0.471584652432999,86.1114900087281,13.8885099912719
2017,3.31303076452818,0.658957751107787,77.2239376823013,22.1633047736208,386.119688411507,181,24,0.457615498879353,85.8097672452051,14.1902327547949
2017,3.33830429662593,0.663654623773722,77.7948065532009,22.2128257753278,388.974032766005,182,24,0.477835791022428,85.5036652600388,14.4963347399612
2017,3.36077871697159,0.668137616618702,78.3666764414542,22.2621803193948,391.833382207271,183,24,0.479893718810981,85.1957290835487,14.8042709164513
2017,3.38143476679002,0.672373194733129,78.942619623704,22.3116333452478,394.71309811852,184,24,0.475885083771006,84.8870959122512,15.1129040877488
2017,3.40499905287348,0.676336804330661,79.5234852955592,22.3612549936843,397.617426477796,185,24,0.518576124901949,84.5793039028477,15.4206960971523
2017,3.42255484154829,0.680013859514407,80.1005146911281,22.4102994245867,400.502573455641,186,24,0.510841777965116,84.2755174988202,15.7244825011797
2017,3.4400027708489,0.683389381813347,80.6825908631788,22.4595239515838,403.412954315894,187,24,0.519031557175518,83.9760650801292,16.0239349198708
2017,3.45509355065942,0.686456244732462,81.2665069033138,22.5086560091673,406.332534516569,188,24,0.518180749897882,83.6832781611794,16.3167218388206
2017,3.47080346759246,0.689208522478691,81.8535990332598,22.5578078751343,409.267995166299,189,24,0.542564064970385,83.3987645930973,16.6012354069027
2017,3.48308158219583,0.691649254876677,82.4389437445258,22.606569436489,412.194718722629,190,24,0.545562067147637,83.1268432168902,16.8731567831098
2017,3.49282380679239,0.693771638602936,83.0261313204897,22.6552426668376,415.130656602448,191,24,0.537688471518092,82.8681552722438,17.1318447277562
2017,3.50010826643189,0.695568900870986,83.6168283903528,22.7039653302697,418.084141951764,192,24,0.520750944419784,82.6234823230373,17.3765176769627
2017,3.50877427727951,0.697036081995999,84.212355616585,22.7528441605341,421.061778082925,193,24,0.53830143461313,82.3944892489981,17.6055107510019
2017,3.51665775304298,0.698169225819903,84.8060910791443,22.8013366865106,424.030455395722,194,24,0.567116608989941,82.1842280951508,17.8157719048492
2017,3.52119210431236,0.69896054351908,85.3956248547037,22.8492524907552,426.978124273518,195,24,0.576995114997667,81.9950517252641,18.0049482747359
2017,3.33412666960567,0.661740242243398,85.984074028629,22.8968507750042,429.920370143145,196,24,0.581473751208978,81.3374342390115,18.6625657609885
2017,3.33552553475062,0.661840140356726,86.5341981037752,22.9411441283163,432.670990518876,197,24,0.596339514955006,81.1953124771258,18.8046875228742
2017,3.33462237677924,0.661564817516117,87.0816130718308,22.9850249733252,435.408065359154,198,24,0.605917831112468,81.0802096299272,18.9197903700728
2017,3.33172257683739,0.66091051028143,87.6269156001189,23.0285457545358,438.134578000595,199,24,0.614427705844822,80.9937888193459,19.0062111806541
2017,3.32726372955313,0.659910305702848,88.1699196079213,23.0716959233645,440.849598039607,200,24,0.625629855307481,80.9395698842721,19.0604301157279
2017,3.32131806466541,0.658579511410353,88.7097743899542,23.1144126171129,443.548871949771,201,24,0.6396195543088,80.914656080127,19.085343919873
2017,3.31524904061403,0.656932487601567,89.2456246542465,23.1566336498879,446.228123271233,202,24,0.676096962505845,80.9175508150155,19.0824491849845
2017,3.30533422588686,0.65498187724531,89.7729477945057,23.1980106684325,448.864738972528,203,24,0.678155920921314,80.9473806416433,19.0526193583567
2017,3.29310935467265,0.652735520812237,90.2978581069744,23.2390304660921,451.489290534872,204,24,0.667610518044574,81.0014090183876,18.9985909816124
2017,3.28104257095631,0.650200808728321,90.8224140119816,23.2798568767582,454.112070059908,205,24,0.681826548125243,81.0775960066676,18.9224039933323
2017,3.26706833943747,0.647385771408455,91.3416943196944,23.3201111312711,456.708471598472,206,24,0.688537805962412,81.1750546080184,18.8249453919816
2017,3.2509950382583,0.644296218477274,91.8568181498191,23.3598858958281,459.284090749096,207,24,0.683930777852814,81.2918159970668,18.7081840029332
2017,3.23325912550333,0.640937515076268,92.3696289617576,23.399327945539,461.848144808788,208,24,0.674457977225765,81.4257450252336,18.5742549747664
2017,3.2166496280177,0.637315443154441,92.8807669318261,23.4384897515704,464.40383465913,209,24,0.704202111559769,81.5748515022702,18.4251484977297
2017,3.19659137455909,0.63343814102395,93.3826134698819,23.47679381185,466.91306734941,210,24,0.699103332600473,81.7383990493122,18.2616009506878
2017,3.17664587296924,0.629324971868106,93.8814472363021,23.5147259995823,469.40723618151,211,24,0.715604901208227,81.9183589184544,18.0816410815456
2017,2.97493718206252,0.58931445818713,94.3729702887065,23.5519651135254,471.864851443532,212,24,0.717054537059056,81.5822753616707,18.4177246383293
2018,3.4495625448761,0.687810176700834,54.5,19.9420239553624,272.5,141,24,0.286343892291901,91.7683842380481,8.2316157619519
2018,3.4356007186856,0.685349031005709,55.132617145151,20.0118875484022,275.663085725755,142,24,0.278968577415932,91.6607870888226,8.33921291117738
2018,3.42121979017486,0.682515942144183,55.7639150835582,20.0810506738779,278.819575417791,143,24,0.280379042098758,91.5536326852108,8.44636731478919
2018,3.40571543994308,0.67932959640197,56.392052730935,20.1493280371254,281.960263654675,144,24,0.285772866785924,91.4469036887341,8.55309631126593
2018,3.38584335125747,0.675807973135584,57.0160086249456,20.216628065677,285.080043124728,145,24,0.274518005676924,91.3404533941668,8.6595466058332
2018,3.36703325327805,0.671962865599147,57.6382388493198,20.2832326952138,288.191194246599,146,24,0.27967241296686,91.2343384053511,8.76566159464894
2018,3.34886075681524,0.667825325593421,58.255673830395,20.3488304949612,291.278369151975,147,24,0.298589399697526,91.1272817956711,8.87271820432894
2018,3.32349233977256,0.663409049217298,58.8656884625625,20.4131657769294,294.328442312812,148,24,0.280048442364152,91.0199484792971,8.98005152070287
2018,3.30158666890402,0.658734902496262,59.4743350492892,20.4768953247506,297.371675246446,149,24,0.29213338207498,90.9113034737814,9.08869652621862
2018,3.2783930880321,0.653826797663281,60.0761808311622,20.5394673631806,300.380904155811,150,24,0.304042279938414,90.8017858898833,9.1982141101167
2018,3.44410160798878,0.68719370423643,60.6710033264506,20.6008813925557,303.355016632253,151,24,0.297619543795678,90.9486435338495,9.05135646615051
2018,3.41533557099076,0.681564570491802,61.3002491742805,20.6653944628454,306.501245871403,152,24,0.296470154664226,90.8326189857979,9.16738101420206
2018,3.38588490125876,0.675785701489209,61.9239684679676,20.7288870298733,309.619842339838,153,24,0.295648395289328,90.7149503682722,9.28504963172779
2018,3.35807379190711,0.669903944571006,62.5419586163217,20.7913582927893,312.709793081608,154,24,0.309186222409303,90.5964513909201,9.40354860907987
2018,3.32761867655733,0.663965113679795,63.1516754743019,20.8525730026078,315.758377371509,155,24,0.306839733830929,90.4770876960048,9.52291230399523
2018,3.29978414639142,0.6580189185813,63.7557669775408,20.9128180327989,318.778834887704,156,24,0.323245818815024,90.3558978724023,9.64410212759771
2018,3.26909648114937,0.652124334176415,64.3510065855237,20.9717923752504,321.755032927619,157,24,0.317377423882092,90.2334305024419,9.76656949755814
2018,3.24049788062241,0.646345503939433,64.9412784442397,21.0299002592087,324.706392221199,158,24,0.322444669412735,90.1093960893083,9.89060391069171
2018,3.21156153013361,0.64075183752335,65.5248130897538,21.0869841966374,327.624065448769,159,24,0.318099361561688,89.9843536842303,10.0156463157697
2018,3.18332842439448,0.635416819349521,66.1034253449287,21.1432378229554,330.517126724643,160,24,0.309334750379867,89.8584896579099,10.1415103420901
2018,3.15754345779472,0.630417139518999,66.6781395675286,21.1987737686838,333.390697837643,161,24,0.306110335603227,89.7321878204697,10.2678121795302
2018,3.13534120113681,0.625831392045754,67.2483371843113,21.2535445339579,336.241685921557,162,24,0.3138755079791,89.6061302351987,10.3938697648013
2018,3.11533396997563,0.62173839133049,67.812536660519,21.3074214780318,339.062683302595,163,24,0.319777458354916,89.4811729540799,10.5188270459201
2018,3.09880765243354,0.618215025452784,68.3715494972663,21.3604958838209,341.857747486332,164,24,0.330754703904212,89.3578919152563,10.6421080847437
2018,3.08501324061161,0.615334418825284,68.9250566622943,21.4127504028141,344.625283311472,165,24,0.338134065961516,89.2370027894396,10.7629972105604
2018,3.07271540866477,0.613163528911588,69.4743239595818,21.46431632559,347.371619797909,166,24,0.328810975979422,89.1189516052066,10.8810483947934
2018,3.06660779236917,0.611760835008211,70.0229910288399,21.51554299613,350.114955144199,167,24,0.338398339458689,89.0037579759553,10.9962420240447
2018,3.06510461461433,0.611237995709926,70.5685136170473,21.5661994703546,352.842568085237,168,24,0.349912108201033,88.8781339997902,11.1218660002098
2018,3.06687003485683,0.611631482168512,71.1114271464177,21.6163434157021,355.557135732088,169,24,0.350303587378717,88.7292076098406,11.2707923901594
2018,3.07214337395075,0.612880914814364,71.6546096012324,21.666245883954,358.273048006162,170,24,0.344074607896785,88.5584484259118,11.4415515740882
2018,3.0866123580524,0.614921903423291,72.2000864273631,21.7160945096285,361.000432136816,171,24,0.383600195513076,88.3675792223966,11.6324207776034
2018,3.09650621282091,0.617681904851115,72.7405455794975,21.765226385031,363.702727897488,172,24,0.350796351320491,88.1596090096581,11.8403909903419
2018,3.1135828042614,0.621072891293842,73.2895377371622,21.8148741787691,366.447688685811,173,24,0.353598240440589,87.9345113904652,12.0654886095348
2018,3.13420266157377,0.624998304037361,73.8413779465755,21.8645189952718,369.206889732877,174,24,0.363824108604848,87.6947579818911,12.3052420181089
2018,3.15451449051482,0.629352994968853,74.3952897665223,21.9140908138068,371.976448832612,175,24,0.353068647056264,87.4419701993759,12.5580298006241
2018,3.17871928918317,0.634027831172343,74.9554075573762,21.9639571338773,374.777037786881,176,24,0.361739941473267,87.1769203711329,12.8230796288671
2018,3.20438518497306,0.638917361549377,75.5186241916864,22.0138381475802,377.593120958432,177,24,0.37385737836871,86.9013453218194,13.0986546781806
2018,3.22998005171787,0.643922250560849,76.0845423179724,22.0636979477974,380.422711589862,178,24,0.380460021086181,86.616571674617,13.383428325383
2018,3.25239655448757,0.648952588934306,76.6542503390404,22.1136312544312,383.271251695202,179,24,0.358837849083757,86.3237234093752,13.6762765906248
2018,3.27706853252791,0.653928982781962,77.2327571636868,22.1640717719186,386.163785818434,180,24,0.35884833689531,86.023365287677,13.976634712323
2018,3.30139873633269,0.658786713974817,77.8161868744541,22.214675520498,389.080934372271,181,24,0.36095112450779,85.7174786597723,14.2825213402277
2018,3.32584801255786,0.663472320934957,78.404052216409,22.2653972401714,392.020261082045,182,24,0.371153974635453,85.4076173165054,14.5923826834946
2018,3.34819419957899,0.667943876070348,78.9947565400592,22.3160976239883,394.973782700296,183,24,0.372866051804715,85.0955918211387,14.9044081788613
2018,3.37080105921563,0.672168454128135,79.5895769403496,22.3668849839917,397.947884701748,184,24,0.387234162547233,84.7828312593671,15.2171687406329
2018,3.39284802335774,0.676122655540546,80.1860338613378,22.4175471273668,400.930169306689,185,24,0.409097232615947,84.4714278278445,15.5285721721555
2018,3.41070032242228,0.679789658547174,80.7825158770117,22.4679494119284,403.912579385059,186,24,0.406662312298596,84.1633978015564,15.8366021984436
2018,3.42699993343309,0.68315609494581,81.3830432147078,22.5184321712156,406.915216073539,187,24,0.40389580226415,83.8598740585215,16.1401259414784
2018,3.44273556061509,0.686213885231282,81.9873711179501,22.5689729974743,409.936855589751,188,24,0.409851393378097,83.5627106029983,16.4372893970017
2018,3.45911481209147,0.688958186477122,82.5936418157686,22.6194160722289,412.968209078843,189,24,0.43625276821544,83.2740605077476,16.7259394922524
2018,3.46868864205624,0.691391658938245,83.197894342309,22.6694350981723,415.989471711545,190,24,0.414559985542892,82.9981042289743,17.0018957710257
2018,3.48017461245302,0.693505920916553,83.808385986606,22.7197141153962,419.04192993303,191,24,0.4249685417753,82.7347030288604,17.2652969711396
2018,3.48862026905923,0.695296809316564,84.4190782367654,22.7697549068892,422.095391183827,192,24,0.422549565247307,82.4859597498315,17.5140402501685
2018,3.49571658353914,0.696759108592227,85.0319279881675,22.8197194852887,425.159639940838,193,24,0.422850042382953,82.253455370088,17.746544629912
2018,3.50389253157755,0.697886833688322,85.6461208651763,22.8695423862054,428.230604325881,194,24,0.448785807290445,82.0392588902912,17.9607411097088
2018,3.50583574787386,0.698672974900224,86.256745121072,22.9188295531555,431.28372560536,195,24,0.432499480043209,81.846166854488,18.153833145512
2018,3.32057618782486,0.661495555283091,86.8709981323515,22.9681648736614,434.354990661757,196,24,0.444327834919916,81.1805358397391,18.8194641602609
2018,3.32282351415937,0.661591257164602,87.4458156929759,23.0141130966757,437.22907846488,197,24,0.464795705273312,81.0340742592758,18.9659257407242
2018,3.32327847399714,0.661312169250745,88.0169718529799,23.0595606110804,440.0848592649,198,24,0.487160132908528,80.9149884296333,19.0850115703667
2018,3.31997187876572,0.660654878248485,88.5837283764726,23.104455314074,442.918641882363,199,24,0.489621733196979,80.8252007254753,19.1747992745247
2018,3.31723238249113,0.659651686837175,89.1493130876718,23.149058061056,445.746565438359,200,24,0.518344913425087,80.7676633460549,19.232336653945
2018,3.31039975654384,0.658318968292572,89.7085865510532,23.192969580432,448.542932755266,201,24,0.519386311530638,80.7402181581068,19.2597818418932
2018,3.30239811233327,0.656669638371044,90.2662661254093,23.2365663768007,451.331330627046,202,24,0.525410052293837,80.7403901446318,19.2596098553682
2018,3.29230907738807,0.654715557354517,90.8211210043396,23.2797564437267,454.105605021698,203,24,0.524826882110857,80.7667415042678,19.2332584957322
2018,3.2834057708772,0.65246601266976,91.3740545941259,23.3226143926443,456.87027297063,204,24,0.557141827285657,80.8174494247391,19.1825505752609
2018,3.27242969610113,0.649930555172667,91.9187238806407,23.364655411326,459.593619403204,205,24,0.583093400947034,80.8918967371827,19.1081032628173
2018,3.26012342729667,0.647115821403543,92.455986687735,23.4059549917646,462.279933438675,206,24,0.611468305473845,80.9881840905413,19.0118159094587
2018,3.24482747271317,0.644028160980317,92.9850919932686,23.4464643463274,464.925459966343,207,24,0.617912351501107,81.1046356470234,18.8953643529766
2018,3.22924500682635,0.640672569559619,93.5098277574012,23.4864807972556,467.549138787006,208,24,0.64004188339914,81.2387688296963,18.7612311703037
2018,3.21101502308805,0.637055795205257,94.0269991605126,23.5257675397826,470.134995802563,209,24,0.6428175018169,81.3891918893876,18.6108081106124
2018,3.19149753526384,0.633183583883645,94.5399472031615,23.5645849702038,472.699736015808,210,24,0.645565352556654,81.5533669975956,18.4466330024044
2018,3.16939564053924,0.629076698079518,95.0484195239028,23.6029190932669,475.242097619514,211,24,0.627115458609711,81.7343443825214,18.2656556174787
2018,2.9694745698941,0.589122691528672,95.5561383903789,23.6410540648555,477.780691951894,212,24,0.646454244808888,81.3938382785203,18.6061617214797
2019,3.45271933078859,0.687810176700835,54.5,19.9420239553624,272.5,141,24,0.306592208615526,91.7683842380481,8.2316157619519
2019,3.44101615475541,0.685348837540082,55.1291988390688,20.0115115501409,275.645994195344,142,24,0.313783590611624,91.6612421422073,8.33875785779265
2019,3.42623948089634,0.682515510485278,55.7546168726385,20.0800359593794,278.773084363192,143,24,0.312794744238923,91.5548715961823,8.44512840381768
2019,3.40886637730571,0.679329044252663,56.3772753482072,20.1477278679177,281.886376741036,144,24,0.306158302351826,91.4488742423195,8.55112575768046
2019,3.39312826039979,0.675807439362428,56.997784393783,20.2146696919848,284.988921968915,145,24,0.322240711541722,91.3428854161298,8.65711458387018
2019,3.37170957277217,0.671962278918228,57.6119271255168,20.280426415651,288.059635627584,146,24,0.310109737741467,91.237852043664,8.76214795633603
2019,3.35274284913897,0.667824827681176,58.2242100071652,20.3454994496809,291.121050035826,147,24,0.325459663924272,91.1314866699923,8.86851333000772
2019,3.33030198112376,0.663408688046381,58.8296271330885,20.4093755198678,294.148135665442,148,24,0.326140933264445,91.0247718409596,8.97522815904037
2019,3.30760977439607,0.658734694958843,59.4304173045683,20.4723120869035,297.152086522842,149,24,0.334544620470134,90.9171831599695,9.08281684003055
2019,3.28120346303144,0.653826802680209,60.0249856580704,20.5341618065807,300.124928290352,150,24,0.32391600409109,90.8086471728534,9.19135282714657
2019,3.44854847137025,0.687194686710932,60.6163957264086,20.5952608266751,303.081978632043,151,24,0.327447647306883,90.9557741873403,9.0442258126597
2019,3.42113858303093,0.681565951966848,61.2405655982918,20.6592953065029,306.202827991459,152,24,0.336222168767883,90.8404240569246,9.15957594307537
2019,3.39048282196795,0.675787566072303,61.8574954045722,20.7221415711496,309.287477022861,153,24,0.326816556779639,90.7236579011285,9.27634209887156
2019,3.36245804119558,0.669906298198903,62.4701718713308,20.7841236765133,312.350859356654,154,24,0.340425682038861,90.6058719484222,9.3941280515778
2019,3.33150068532628,0.663967999717732,63.0745181031083,20.8448493407115,315.372590515542,155,24,0.334309692960131,90.4872329979934,9.51276700200665
2019,3.30362698807506,0.658022359518552,63.6738924853009,20.9046761992921,318.369462426504,156,24,0.352108500639377,90.3666868546723,9.63331314532775
2019,3.27323762756179,0.652128389049521,64.2641286470442,20.963208563088,321.320643235221,157,24,0.348307885220118,90.2449060447066,9.75509395529341
2019,3.24508216474172,0.646350248430591,64.8490432225815,21.0208447201571,324.245216112907,158,24,0.357751243456655,90.1216103491074,9.87838965089263
2019,3.216970076388,0.640757380784,65.4264340541894,21.0773852259397,327.132170270947,159,24,0.360027039053924,89.9974167107599,10.0025832892401
2019,3.18809607405852,0.63542331300057,65.9977432012365,21.1329889214956,329.988716006182,160,24,0.345186275200447,89.8725618066886,10.1274381933114
2019,3.16458444458292,0.630424612334651,66.5662414545443,21.187987027935,332.831207272721,161,24,0.360679019807121,89.7471303708537,10.2528696291463
2019,3.14375322408261,0.62584017553856,67.1269344223516,21.2419102981651,335.634672111758,162,24,0.382452704580068,89.6223887586037,10.3776112413963
2019,3.12263956378836,0.621748820003455,67.6791018714663,21.2947077162067,338.395509357331,163,24,0.37983002175417,89.4990937979624,10.5009062020376
2019,3.10651767767849,0.618227154352673,68.227566468328,21.3468546939768,341.13783234164,164,24,0.396980293297603,89.3772828448235,10.6227171551765
2019,3.09442441006742,0.615348523923378,68.7693718172325,21.3980824374469,343.846859086163,165,24,0.423098813456349,89.2580247618271,10.7419752381729
2019,3.08038102947634,0.61318014082055,69.3035298577992,21.4483124900014,346.517649288996,166,24,0.394493219037468,89.1420703068861,10.8579296931139
2019,3.07049019175698,0.611779859435129,69.8405952666639,21.4985446337743,349.202976333319,167,24,0.370291737369596,89.0285020512643,10.9714979487357
2019,3.06769801542712,0.61125916615773,70.380517502433,21.5487733307389,351.902587512165,168,24,0.370971001851616,88.9037182994261,11.0962817005739
2019,3.07160952242554,0.6116550303143,70.9197399117753,21.5986695933996,354.598699558876,169,24,0.391161155006574,88.7554273034126,11.2445726965874
2019,3.07907063226797,0.612907705693434,71.4557008460785,21.6480027236392,357.278504230393,170,24,0.404894908838785,88.5858408652655,11.4141591347346
2019,3.08534395055111,0.614952900975235,71.9904013214181,21.6969635088551,359.95200660709,171,24,0.369739924670906,88.3966933895365,11.6033066104635
2019,3.0992042519321,0.617715456035298,72.5333813168032,21.7464237358239,362.666906584016,172,24,0.371998776336122,88.1886437770108,11.8113562229892
2019,3.11623620570251,0.621110166494896,73.0786751305612,21.7958356980031,365.393375652806,173,24,0.374267658801907,87.9643700977667,12.0356299022333
2019,3.13595035576467,0.625039476797178,73.6269148129103,21.8452562178599,368.134574064552,174,24,0.376548760085028,87.7254627196863,12.2745372803137
2019,3.15949711354308,0.62939790639115,74.1786340664201,21.8947321467353,370.893170332101,175,24,0.394197377277839,87.4733491341481,12.5266508658519
2019,3.18518633644705,0.634077636389608,74.7315255974283,21.9440565712434,373.657627987141,176,24,0.417588925787863,87.2097348734112,12.7902651265888
2019,3.20990735417617,0.638972819112681,75.2848690200511,21.9931673126159,376.424345100255,177,24,0.421392042413707,86.9360262486857,13.0639737513143
2019,3.23436102447622,0.643983139466373,75.8423880875353,22.042394873671,379.211940437677,178,24,0.416979502541287,86.6529423484178,13.3470576515822
2019,3.26131319038416,0.649018434028837,76.4056721041163,22.0918759885101,382.028360520582,179,24,0.435815776606983,86.3615195524448,13.6384804475552
2019,3.28810391632416,0.654001717228956,76.9705706080224,22.1412442404071,384.852853040112,180,24,0.456262478306656,86.0637175963162,13.9362824036838
2019,3.31313789542591,0.658867451013813,77.5367288762905,22.1904698611633,387.683644381453,181,24,0.464960999925657,85.7610054241539,14.2389945758461
2019,3.33944178746195,0.663561474969,78.106144839818,22.2397266903884,390.53072419909,182,24,0.49695837258064,85.4545602728967,14.5454397271033
2019,3.3602953766497,0.668042681547881,78.6744123082178,22.2886352753603,393.372061541089,183,24,0.481344690867274,85.1466411319566,14.8533588680434
2019,3.38470928508635,0.672275897917438,79.2499630928645,22.3379203770962,396.249815464322,184,24,0.518865663281389,84.8375373684701,15.1624626315299
2019,3.40176102409692,0.676239976479697,79.8228818210981,22.3867329522025,399.11440910549,185,24,0.489583956397787,84.5305277495088,15.4694722504912
2019,3.41991684713994,0.679913661219551,80.4050562572886,22.4360846202438,402.025281286443,186,24,0.489014904295399,84.2254205942722,15.7745794057278
2019,3.43527655039353,0.683286566783779,80.9909641038243,22.4855019610303,404.954820519121,187,24,0.475010576332244,83.9248789014981,16.0751210985019
2019,3.45220119140354,0.686349787088237,81.5827326927281,22.5351613440094,407.913663463641,188,24,0.4939008031187,83.630352115608,16.369647884392
2019,3.46756901552825,0.689099937153098,82.1740955347643,22.5845365103543,410.870477673821,189,24,0.513570956749729,83.3447193902609,16.6552806097391
2019,3.48019164722845,0.691538528255667,82.7645848302073,22.6335922518735,413.822924151036,190,24,0.520495020763941,83.0715642797702,16.9284357202298
2019,3.49289558514078,0.693659286884055,83.3562003063844,22.6824975271024,416.781001531922,191,24,0.54683785363657,82.8118013753918,17.1881986246082
2019,3.50331454429398,0.695457309869739,83.9450739592733,22.7309364979138,419.725369796366,192,24,0.566274426305703,82.5671672740609,17.4328327259391
2019,3.50978567743157,0.696927726601184,84.5321296140744,22.7789907617095,422.660648070372,193,24,0.55820454957813,82.3394131544901,17.6605868455099
2019,3.51933887944718,0.698062685911693,85.1220785338811,22.8270481070265,425.610392669406,194,24,0.609221479289308,82.1296452816303,17.8703547183697
2019,3.52567000121207,0.69885731884664,85.7037191744738,22.8742019345047,428.518595872369,195,24,0.643678157152206,81.9417305253615,18.0582694746384
2019,3.33695015645513,0.661658332791317,86.2797188617856,22.9206791489905,431.398594308928,196,24,0.627109613801444,81.2850770730977,18.7149229269024
2019,3.33883337529585,0.661761402784043,86.8212720709193,22.9641800577851,434.106360354597,197,24,0.649886308015824,81.1444789191195,18.8555210808805
2019,3.33754290142849,0.661489619059337,87.3586308441205,23.0071575184188,436.793154220603,198,24,0.654283738042329,81.0312177804571,18.9687822195429
2019,3.33237247878504,0.660838550474379,87.8948359338514,23.0498594392589,439.474179669257,199,24,0.630142247871754,80.9465218293957,19.0534781706043
2019,3.32936047736563,0.659839970080241,88.4348186771882,23.0926791077699,442.174093385941,200,24,0.662794819152311,80.8930127291176,19.1069872708824
2019,3.32188517901188,0.658511859892015,88.9676513212201,23.1347535320788,444.838256606101,201,24,0.65440747132577,80.8695579695533,19.1304420304467
2019,3.31470039897127,0.656866428351249,89.5006489063337,23.176665637372,447.503244531669,202,24,0.674345101606962,80.8732226566298,19.1267773433702
2019,3.30648372470461,0.654916639298421,90.0282040149544,23.2179788171749,450.141020074772,203,24,0.702934332486,80.9033276526077,19.0966723473923
2019,3.29232107967312,0.65267240957661,90.5483796078214,23.2585492244014,452.741898039107,204,24,0.661961058032288,80.9585230494619,19.0414769505381
2019,3.27992306373703,0.650138450659869,91.0738987263887,23.2993717754702,455.369493631944,205,24,0.67086081493207,81.0349346054535,18.9650653945465
2019,3.26764244084123,0.64732402096944,91.5951389611914,23.3397000852672,457.975694805957,206,24,0.704269158897756,81.1324873954441,18.8675126045559
2019,3.25217537680109,0.644236399757651,92.1072216849873,23.3791644164916,460.536108424937,207,24,0.709307412949371,81.2502115071969,18.7497884928031
2019,3.23493214509153,0.640880156991832,92.6151834331351,23.4181603674722,463.075917165675,208,24,0.707418205241269,81.3854167204697,18.6145832795303
2019,3.21846248861576,0.637260973244843,93.1200540838802,23.4567715854258,465.600270419401,209,24,0.74092669642914,81.5360347858902,18.4639652141098
2019,3.19933522174994,0.633386815287251,93.6149083911186,23.4944754468976,468.074541955593,210,24,0.751724928025089,81.7012040786504,18.2987959213496
2019,3.1780494105476,0.629277480947346,94.1037567577143,23.5315855589527,470.518783788571,211,24,0.74538560239175,81.8832508235726,18.1167491764275
2019,2.97534935905469,0.589279188087039,94.5895947058112,23.5683342551253,472.947973529056,212,24,0.729156826867234,81.5477206063956,18.4522793936044
2020,3.45324178857369,0.687797929818323,54.5,19.9420239553624,272.5,141,24,0.310490744749304,91.7694719370625,8.23052806293752
2020,3.44140439423298,0.685337265774606,55.128523623399,20.0114372775389,275.642618116995,142,24,0.316836550928524,91.6624062671838,8.33759373281618
2020,3.42701095239214,0.682504587758105,55.7534087148919,20.0799041043703,278.767043574459,143,24,0.318477042856219,91.5560915851576,8.44390841484238
2020,3.41070336955754,0.679318721582717,56.3750850289942,20.1474906642794,281.875425144971,144,24,0.31908589924431,91.45020841762,8.54979158238002
2020,3.39380893516516,0.675797658647208,56.9933759612261,20.2141958968003,284.96687980613,145,24,0.327442018980561,91.3444972860319,8.65550271396813
2020,3.37427373015966,0.671959242322726,57.6066145825449,20.2798596974614,288.033072912724,146,24,0.328322972669434,91.2388827873914,8.7611172126086
2020,3.35255853919494,0.667815913038815,58.2157676691769,20.3446054538532,291.078838345884,147,24,0.324410763012822,91.1336177624892,8.86638223751085
2020,3.33105797551322,0.663400193836853,58.8213577476163,20.4085061307644,294.106788738081,148,24,0.332000842229948,91.0268751032643,8.97312489673565
2020,3.30681649884888,0.658726745969036,59.4211271715808,20.4713422699666,297.105635857904,149,24,0.328855557396561,90.919398686331,9.08060131366899
2020,3.28229931543734,0.653819385723669,60.0166747244229,20.5333002144056,300.083373622115,150,24,0.33234423972139,90.8107059194731,9.18929408052689
2020,3.44917380455696,0.68718928683747,60.6066183554477,20.5942541042255,303.033091777238,151,24,0.332064015312812,90.9585908385604,9.04140916143961
2020,3.41939525642781,0.681561044037546,61.2299900689534,20.6582141448781,306.149950344767,152,24,0.323787909956784,90.8432967374134,9.15670326258663
2020,3.39238531371056,0.675783055899574,61.8490581169797,20.7212850228405,309.245290584898,153,24,0.340935491788706,90.7262003292233,9.27379967077667
2020,3.36477547696392,0.669898974077258,62.4592913414716,20.7830266389856,312.296456707358,154,24,0.35865912305326,90.6080383372802,9.39196166271976
2020,3.33323722552497,0.663961404319117,63.0604544350241,20.8434408200051,315.30227217512,155,24,0.34777847689745,90.4897913127143,9.51020868728574
2020,3.3028969345088,0.658016474582952,63.657482453652,20.9030434611719,318.28741226826,156,24,0.346500407930318,90.3695276417253,9.6304723582747
2020,3.27466186753687,0.6521230707827,64.2486943274042,20.961682758087,321.243471637021,157,24,0.35996830275339,90.2475909533262,9.75240904667383
2020,3.24082478836105,0.646345629643103,64.8315617700279,21.0191274011774,324.15780885014,158,24,0.324439122121584,90.124538068461,9.87546193153904
2020,3.21511170277668,0.640753033748619,65.4147636721867,21.07624586425,327.073818360933,159,24,0.344938423993146,89.9995440698028,10.0004559301972
2020,3.18748283407303,0.635419359829415,65.9887189523559,21.132113232968,329.94359476178,160,24,0.340382823729224,89.8743047337612,10.1256952662388
2020,3.16776947128714,0.630421132948179,66.5580553164664,21.1871974056417,332.790276582332,161,24,0.388974172767676,89.7487269104866,10.2512730895135
2020,3.1414916304763,0.625837566702892,67.1137263238776,21.2406436590477,335.568631619388,162,24,0.362477164382814,89.624621609956,10.375378390044
2020,3.12331355763733,0.621746462568948,67.6694366713916,21.2937861307343,338.347183356958,163,24,0.386074309927625,89.5008147109494,10.4991852890506
2020,3.10443732397867,0.618225381172651,68.216787292541,21.3458326501026,341.083936462705,164,24,0.377616414281857,89.3791146507309,10.6208853492691
2020,3.09180801871487,0.615346923617142,68.7620494430396,21.3973919848086,343.810247215198,165,24,0.397190848628566,89.2593491003096,10.7406508996904
2020,3.08224603429802,0.613178536349302,69.3008658665145,21.4480626497255,346.504329332572,166,24,0.412833744720796,89.1427202327288,10.8572797672712
2020,3.07231845477539,0.611778993833666,69.8346361970012,21.4979887569536,349.173180985006,167,24,0.387151613850714,89.0295520143364,10.9704479856636
2020,3.06982819227757,0.611259050980397,70.3715521700269,21.5479414868442,351.857760850134,168,24,0.390690131970505,88.9051306959148,11.0948693040852
2020,3.07233007769344,0.611655784986084,70.9072568824162,21.5975174870776,354.536284412081,169,24,0.397988637988936,88.7572763492991,11.2427236507009
2020,3.07816292651298,0.612909096200603,71.4419965666671,21.6467445162142,357.209982833336,170,24,0.395937729553651,88.5878169239584,11.4121830760416
2020,3.08765585244766,0.614954528281601,71.9783070911194,21.6958588858452,359.891535455597,171,24,0.390893172297489,88.3984061758834,11.6015938241166
2020,3.1015870829987,0.617718120280117,72.5175189587713,21.7449824940836,362.587594793856,172,24,0.393790501536167,88.1908426760292,11.8091573239708
2020,3.11945284228175,0.62111396762789,73.0589311861983,21.7940510863167,365.294655930991,173,24,0.403991692364919,87.9670808124343,12.0329191875657
2020,3.13915389540296,0.625044767921609,73.6018696377913,21.8430041464259,368.009348188956,174,24,0.406036367193631,87.7288993212905,12.2711006787095
2020,3.16136740983231,0.629404798263816,74.148332405064,21.8920214861633,370.74166202532,175,24,0.411555311711392,87.4775211409134,12.5224788590866
2020,3.18568540035892,0.634085759855042,74.698126819249,21.9410842389772,373.490634096245,176,24,0.421955052347722,87.2143421370107,12.7856578629893
2020,3.21089083533612,0.638981658202041,75.2506972990717,21.9901417809812,376.253486495359,177,24,0.430556713381188,86.9407328058475,13.0592671941525
2020,3.2360931417981,0.643992868709156,75.8065806270829,22.0392407564646,379.032903135415,178,24,0.433360740588115,86.6578779873938,13.3421220126062
2020,3.26161742807541,0.64902937079441,76.3669353612923,22.0884813549374,381.834676806462,179,24,0.438137181595557,86.3668837841133,13.6331162158867
2020,3.28751678013409,0.654013161142863,76.9314310396581,22.1378318683036,384.65715519829,180,24,0.449433367065445,86.0691284485113,13.9308715514887
2020,3.31111732865742,0.658878856067238,77.4988383399897,22.1871832387795,387.494191699949,181,24,0.443462949845084,85.7662025380381,14.2337974619619
2020,3.33328180422364,0.663571943662534,78.0721504397138,22.2367930723543,390.360752198569,182,24,0.432153709325807,85.4591166696432,14.5408833303568
2020,3.35890734446229,0.668049648307746,78.6521474391195,22.2867236666012,393.260737195597,183,24,0.466215099502873,85.1492883790137,14.8507116209863
2020,3.37953902822859,0.672281947501517,79.2304469396787,22.3362532787438,396.152234698394,184,24,0.462333588613935,84.8396766094326,15.1603233905674
2020,3.40191021918667,0.676242587295917,79.8136383986941,22.3859473554092,399.06819199347,185,24,0.491008580415656,84.5309193684068,15.4690806315932
2020,3.42130582214093,0.679916136784752,80.3955579293851,22.4352814366903,401.977789646926,186,24,0.503931810966134,84.2257579243195,15.7742420756805
2020,3.4383949728543,0.683289698192501,80.9787603816134,22.4844752051522,404.893801908067,187,24,0.508171129498557,83.9255650488966,16.0744349511034
2020,3.45452201334011,0.686354678820672,81.5645208000807,22.5336368091709,407.822604000403,188,24,0.519031209495823,83.6319429191996,16.3680570808004
2020,3.46872834062662,0.689106103141458,82.1513221207088,22.5826396629274,410.756610603544,189,24,0.526128168258383,83.3469819419811,16.6530180580189
2020,3.48089494163667,0.691541041538477,82.7395323512711,22.6315159450579,413.697661756356,190,24,0.52816970557509,83.0728209711772,16.9271790288228
2020,3.49280474533925,0.693661758828153,83.3297541332625,22.6803165561467,416.648770666313,191,24,0.54549549044117,82.8131019092996,17.1868980907004
2020,3.50201631556887,0.695459166475138,83.9188787292003,22.7287867990681,419.594393646001,192,24,0.550514314675891,82.5682249832449,17.4317750167551
2020,3.50732922037208,0.696928063948936,84.5088274152081,22.777087767981,422.54413707604,193,24,0.529541611750582,82.3397660773973,17.6602339226027
2020,3.51301406015763,0.698060717049761,85.1040182338709,22.8255803618284,425.520091169355,194,24,0.532379447952539,82.1288785502153,17.8711214497847
2020,3.51235479825075,0.698850103122629,85.6997628003285,22.8738819443003,428.498814001642,195,24,0.485080771487085,81.93830267931,18.06169732069
2020,3.33018939207553,0.66164675216217,86.3048190337394,22.9226995496128,431.524095168697,196,24,0.539456189690588,81.27795295104,18.72204704896
2020,3.33226943074422,0.661745199087487,86.8625500559043,22.967487996128,434.312750279521,197,24,0.561920876677653,81.1343542774279,18.8656457225721
2020,3.33111275095542,0.661469066497055,87.4161879067435,23.0117499441306,437.080939533717,198,24,0.567758189630241,81.0181957660777,18.9818042339223
2020,3.32750269912017,0.660813669665833,87.9684103222369,23.0557045264897,439.842051611185,199,24,0.566651449600554,80.930573991435,19.069426008565
2020,3.32392814660072,0.659812055929056,88.5201149580892,23.0994262717906,442.600574790446,200,24,0.588666046757435,80.8749298619143,19.1250701380857
2020,3.31826406381648,0.658480518224048,89.0666841284958,23.1425541590069,445.333420642479,201,24,0.605672666102388,80.8490271459018,19.1509728540982
2020,3.30931342766446,0.65683303547344,89.608701147896,23.1851410720855,448.04350573948,202,24,0.599708865054571,80.8511127503153,19.1488872496847
2020,3.29710271828094,0.65488010527958,90.1501023971425,23.2275007478031,450.750511985712,203,24,0.57094915327504,80.8788501844554,19.1211498155446
2020,3.28816854934296,0.652630248211247,90.6947945127012,23.2699393554655,453.473972563506,204,24,0.605855849676161,80.9299134601462,19.0700865398538
2020,3.27731093244462,0.650094463949786,91.2306988364048,23.311520265838,456.153494182024,205,24,0.636011592640055,81.0046875884178,18.9953124115823
2020,3.26540722627023,0.647279397713338,91.7583806156294,23.3522971787564,458.791903078147,206,24,0.673422168212839,81.1013247078999,18.8986752921001
2020,3.25025754722504,0.644191543845217,92.2761794058407,23.3921518095143,461.380897029203,207,24,0.683128891646782,81.2183012531496,18.7816987468504
2020,3.23476985913715,0.640835535878386,92.7889866029663,23.4314689109976,463.944933014832,208,24,0.70952825381216,81.3529475014664,18.6470524985336
2020,3.21748447755121,0.63721808900571,93.2933957178372,23.4699946598974,466.466978589186,209,24,0.728959117689012,81.50390903698,18.49609096302
2020,3.19998100520595,0.633345352737157,93.790440699422,23.507816198245,468.95220349711,210,24,0.768152723859312,81.6690164079405,18.3309835920595
2020,3.17930998657918,0.629230469649463,94.2761251409657,23.5446385752405,471.380625704829,211,24,0.773437107644648,81.8487038924313,18.1512961075687
2020,2.97746667663664,0.589248617732618,94.7565973274323,23.58093591781,473.782986637161,212,24,0.773327046742865,81.516285829367,18.4837141706329
2021,3.45719683482371,0.687810176700835,54.5,19.9420239553624,272.5,141,24,0.337791567840454,91.7683842380481,8.2316157619519
2021,3.44381979854232,0.685348534656006,55.1238544680308,20.0109236608528,275.619272340154,142,24,0.333472453793728,91.6619536051463,8.33804639485371
2021,3.43018136178885,0.682515104284235,55.7458954742683,20.0790840852786,278.729477371342,143,24,0.340852042088471,91.5560336751788,8.44396632482118
2021,3.41055577071805,0.679328535069902,56.3637308950076,20.1462609497281,281.818654475038,144,24,0.317663087104067,91.4506804434318,8.54931955656825
2021,3.39588415445551,0.675806981086897,56.9822769091904,20.2130029158454,284.911384545952,145,24,0.342353410655996,91.3449549676079,8.65504503239211
2021,3.37630492961107,0.671961849285777,57.592948336589,20.2784016764155,287.964741682945,146,24,0.343271729414332,91.2403865803844,8.75961341961564
2021,3.35587908189515,0.667824426883801,58.1995179644328,20.3428844476844,290.997589822164,147,24,0.348926653681145,91.1347867640602,8.8652132359398
2021,3.33605239136662,0.663408386980716,58.8008690392726,20.406351714914,294.004345196363,148,24,0.370931800919807,91.0286186474379,8.97138135256216
2021,3.31030710149212,0.658734502280111,59.3938512422717,20.4684942663654,296.969256211359,149,24,0.355407662514107,90.9220790578592,9.07792094214083
2021,3.28613165367663,0.653826782642082,59.9847866172581,20.5299936113849,299.92393308629,150,24,0.36218983073574,90.8140352973207,9.18596470267932
2021,3.45453078430758,0.687195497468819,60.5695277483863,20.5904340576339,302.847638741932,151,24,0.372494548860497,90.9618948991754,9.03810510082464
2021,3.42734622125619,0.681567176486864,61.185884935091,20.6537037679375,305.929424675455,152,24,0.384720304038904,90.8475757980471,9.15242420195288
2021,3.36002071925135,0.66782153486034,61.7943569273995,20.7157298148237,308.971784636998,153,17,0.362546437597981,90.7319298388012,9.26807016119877
2021,3.36881738228374,0.66990873312475,62.3937953438105,20.7764201406139,311.968976719053,154,24,0.391612040473297,90.615896510564,9.38410348943598
2021,3.33885017822347,0.66397111018645,62.9891766119668,20.8362987525579,314.945883059834,155,24,0.393634909875335,90.4984564997974,9.50154350020263
2021,3.30933441019752,0.65802628655647,63.578156364813,20.8951466663213,317.890781824065,156,24,0.399981444138465,90.3793050194902,9.62069498050984
2021,3.27918926185823,0.652133142262118,64.1599600281868,20.9529057083721,320.799800140934,157,24,0.398263783297265,90.2586685120179,9.74133148798211
2021,3.21057901346937,0.638210688717025,64.7360744410422,21.0097413473235,323.680372205211,158,17,0.372411966052687,90.1365738121335,9.8634261878665
2021,3.18189476506565,0.632580371971447,65.3036332805483,21.0653892684421,326.518166402741,159,17,0.371886115482488,90.0137267237949,9.98627327620515
2021,3.19195152594852,0.635431282748014,65.8655564389218,21.1201535266674,329.327782194609,160,24,0.376860385094182,89.8901680960998,10.1098319039002
2021,3.1698178796147,0.630433651544168,66.4284919594459,21.1746909001749,332.142459797229,161,24,0.407013298363632,89.7655304523126,10.2344695476874
2021,3.10588253264769,0.617532252862041,66.9809658446059,21.2279024451619,334.90482922303,162,17,0.376695467509269,89.6419433837018,10.3580566162982
2021,3.08631073090687,0.613389505696779,67.5267118024377,21.2801664943586,337.633559012188,163,17,0.390998170523445,89.5195673839218,10.4804326160782
2021,3.06794643682535,0.609811777343313,68.0656783071695,21.3314931593736,340.328391535848,164,17,0.390060195514339,89.3990931360983,10.6009068639017
2021,3.05248530910874,0.606870866161077,68.6011548692591,21.382207713977,343.005774346296,165,17,0.386193436715592,89.2807477853697,10.7192522146303
2021,3.04093284532375,0.60463289678393,69.1343077229574,21.432428818231,345.671538614787,166,17,0.385809036088021,89.1649856419087,10.8350143580913
2021,3.03474328317787,0.60315598573317,69.665221960341,21.4821715272353,348.326109801705,167,17,0.400262341854528,89.0523037818864,10.9476962181136
2021,3.03108378341689,0.602537620928001,70.1920024471785,21.5312664810881,350.960012235893,168,17,0.39730380605716,88.9293850096551,11.0706149903449
2021,3.07428928531453,0.611679481027336,70.7186374070888,21.5800918464547,353.593187035444,169,24,0.415332321962942,88.7829481461402,11.2170518538598
2021,3.08191167720606,0.612935120832941,71.2503022289754,21.6291271544732,356.251511144877,170,24,0.431376715839928,88.6141412659026,11.3858587340974
2021,3.09265179907716,0.614983717487043,71.7802768507784,21.6777534230143,358.901384253892,171,24,0.438613149560891,88.4258839813759,11.5741160186241
2021,3.10764964709058,0.617751235900651,72.3109462110737,21.7261933579434,361.554731055369,172,24,0.45287958019132,88.2198359068077,11.7801640931923
2021,3.12300816720838,0.621151801678024,72.8417556234214,21.7743988453909,364.208778117107,173,24,0.436882452856756,87.9979380157651,12.0020619842349
2021,3.14005404464272,0.625086865917301,73.3788297009405,21.8229247159829,366.894148504702,174,24,0.411748487011396,87.7610027894333,12.2389972105667
2021,3.16580888443242,0.629450402235095,73.9243329642304,21.8719594401872,369.621664821152,175,24,0.453567312778261,87.510203648837,12.489796351163
2021,3.18900804233784,0.634136363760595,74.4666162842203,21.920455398225,372.333081421101,176,24,0.452343720375573,87.2485887083736,12.7514112916264
2021,3.21595207749834,0.639036952236545,75.0137767863715,21.9691386853288,375.068883931857,177,24,0.480093841842174,86.9762749228682,13.0237250771318
2021,3.24422435875357,0.644053791602869,75.5607683625535,22.0175601858334,377.803841812767,178,24,0.517927256169762,86.6952720093644,13.3047279906356
2021,3.2701663396262,0.649097717305017,76.1058397221633,22.0655692858323,380.529198610816,179,24,0.527406464907674,86.4071449761033,13.5928550238967
2021,3.29445180537722,0.654089374608429,76.6541953840764,22.1136264502773,383.270976920382,180,24,0.520196958589929,86.1124513859076,13.8875486140924
2021,3.31482380002246,0.658962107365892,77.208841437877,22.1619917663134,386.044207189385,181,24,0.476222278636093,85.8121217946362,14.1878782053638
2021,3.33875367272309,0.663660145500315,77.7763478098605,22.2112285090966,388.881739049302,182,24,0.48228426196135,85.5065780815869,14.4934219184131
2021,3.36170685766411,0.668143558174175,78.3474181960624,22.2605223510292,391.737090980312,183,24,0.489498399017917,85.1988025905517,14.8011974094483
2021,3.38422176444311,0.672379842660288,78.9216264132437,22.309835199039,394.608132066218,184,24,0.505692201688755,84.8904827847617,15.1095172152383
2021,3.40578623210881,0.676345345683681,79.4970884485252,22.35900547747,397.485442242626,185,24,0.52699968188409,84.5836065949261,15.4163934050739
2021,3.42243290602957,0.680023053326244,80.0725910736553,22.407931745382,400.362955368277,186,24,0.508821497144104,84.2801134113543,15.7198865886457
2021,3.43993975101208,0.68339857340142,80.6550474684989,22.4572002737801,403.275237342494,187,24,0.517655248793337,83.9806394920206,16.0193605079794
2021,3.45630543484839,0.686465438744234,81.2392267324271,22.5063660806306,406.196133662136,188,24,0.53130264122467,83.687846622545,16.3121533774551
2021,3.46894733541685,0.689218584908751,81.8239374419431,22.5553304846114,409.119687209716,189,24,0.520520002845068,83.4037693984045,16.5962306015955
2021,3.48262421335969,0.691657980149735,82.4133203937083,22.6044399677294,412.066601968542,190,24,0.539572186386164,83.1311955201239,16.8688044798761
2021,3.49456744027763,0.693779997115734,83.001615057753,22.6532152691895,415.008075288765,191,24,0.557550427227896,82.8723436078143,17.1276563921857
2021,3.50579143439664,0.695578483984665,83.5886890435326,22.7016497542937,417.943445217663,192,24,0.587338251296224,82.628313037718,17.371686962282
2021,3.51247362660663,0.697049770222722,84.1720361317148,22.7495424926405,420.860180658574,193,24,0.581475272631473,82.4014380792791,17.5985619207209
2021,3.51875723838039,0.698185514797577,84.7578777196021,22.7974077702106,423.78938859801,194,24,0.591773114593652,82.1925617428924,17.8074382571076
2021,3.52347544905158,0.698978245545759,85.3429013572261,22.84497666389,426.714506786131,195,24,0.604298238113051,82.0041823571812,17.9958176428189
2021,3.33584343309535,0.661756275585219,85.9263480078436,22.8921915138896,429.631740039218,196,24,0.60294868914069,81.3476638900936,18.6523361099064
2021,3.33436629627706,0.661857099881068,86.4725220699961,22.9361880552919,432.36261034998,197,24,0.579545070978737,81.2062407955297,18.7937592044703
2021,3.33576059892882,0.661580750586142,87.0230658669928,22.9803410204109,435.115329334964,198,24,0.620181201579048,81.0905704001949,18.9094295998051
2021,3.33168994932526,0.66092698099437,87.5657451162978,23.0236731334145,437.828725581489,199,24,0.612486951419988,81.0045871906263,18.9954128093737
2021,3.32816432958252,0.65992648594266,88.1091326353754,23.0668746692924,440.545663176877,200,24,0.636944746665522,80.9502598650317,19.0497401349683
2021,3.32166776380625,0.658596044428624,88.6469064908915,23.1094474521623,443.234532454458,201,24,0.643116654665326,80.9256570224068,19.0743429775932
2021,3.31248988231046,0.656948974191412,89.1821293333907,23.1516399322689,445.910646666953,202,24,0.633561573931064,80.9285939266757,19.0714060733243
2021,3.30412233334599,0.654996103931643,89.7174098609157,23.1936608143668,448.587049304579,203,24,0.658329699491513,80.9569709392413,19.0430290607587
2021,3.29222830154236,0.652748601668408,90.2460449672603,23.2349888655397,451.230224836302,204,24,0.653045279282371,81.0102835295394,18.9897164704606
2021,3.28119126809399,0.650213002289018,90.7733395604171,23.2760443704226,453.866697802085,205,24,0.682892856620929,81.0859253205579,18.9140746794421
2021,3.26687796671328,0.647397796162176,91.2924381495392,23.3162996842822,456.462190747696,206,24,0.684278442407467,81.1833317738883,18.8166682261117
2021,3.25246862578451,0.644307811743092,91.8083776393234,23.3561522431203,459.041888196617,207,24,0.70636336683105,81.2998685072507,18.7001314927493
2021,3.23847142384097,0.640949829937151,92.3169985326485,23.3952869961714,461.584992663243,208,24,0.759812449945458,81.4343930711276,18.5656069288723
2021,3.219511690239,0.63733109733591,92.8121101683444,23.4332382303563,464.060550841722,209,24,0.751055178598829,81.5859945806617,18.4140054193382
2021,3.20125675815015,0.633455279648067,93.3051613191141,23.4708915581766,466.52580659557,210,24,0.778011702099697,81.7508069378454,18.2491930621546
2021,3.18027835150907,0.629344715311426,93.7891497461952,23.5077181471698,468.945748730976,211,24,0.77736180342493,81.9329423014827,18.0670576985173
2021,2.97755933432941,0.58933140269564,94.2690518966619,23.5441032639815,471.345259483309,212,24,0.763834276737213,81.5988604848906,18.4011395151094
2022,3.45079121633165,0.687810176700835,54.5,19.9420239553624,272.5,141,24,0.294060846531121,91.7683842380481,8.2316157619519
2022,3.43709977736901,0.685348957586368,55.1313194885943,20.0117448139434,275.656597442971,142,24,0.288198835541837,91.6609598356704,8.33904016432962
2022,3.42509522242125,0.682515810273827,55.7610711911326,20.0807403321898,278.805355955663,143,24,0.305102210750798,91.5540116079868,8.44598839201326
2022,3.40944639294047,0.679329334788781,56.3850393005521,20.148568624107,281.92519650276,144,24,0.310098151431656,91.4478389165331,8.55216108346689
2022,3.39257287054323,0.675807647694794,57.004876352544,20.215431844885,285.02438176272,145,24,0.318346097778891,91.341938982952,8.65806101704794
2022,3.37159464932459,0.671962453021213,57.6196869031138,20.2812541283725,288.098434515569,146,24,0.309347915835274,91.2368157897665,8.76318421023354
2022,3.35069698478401,0.667824953872797,58.2320991345057,20.346334781975,291.160495672529,147,24,0.310978981142683,91.1304323264275,8.86956767357248
2022,3.33108938689981,0.66340879383037,58.8400031920183,20.410466270363,294.200015960092,148,24,0.331996916187634,91.0233839566628,8.97661604333724
2022,3.30559403957272,0.658734741384985,59.4397796036154,20.4732893305204,297.198898018077,149,24,0.319684612677529,90.9159296903376,9.08407030966235
2022,3.28274653008874,0.653826804565306,60.0369167695186,20.5353985562336,300.184583847593,150,24,0.33555109921511,90.8070480684728,9.19295193152722
2022,3.44694467176486,0.687194511388582,60.626308375732,20.596281362469,303.13154187866,151,24,0.316313400130863,90.9544797299043,9.04552027009569
2022,3.41662331187446,0.681565682121935,61.2523842878308,20.6605034054047,306.261921439154,152,24,0.30470121430807,90.8388783940247,9.16112160597527
2022,3.38981969768566,0.675787088426343,61.8747151689103,20.7238894585109,309.373575844552,153,24,0.322165381995787,90.7214020998146,9.27859790018542
2022,3.36310472305271,0.669905713389815,62.4881891510003,20.785939989349,312.440945755002,154,24,0.345454890037319,90.6035074005484,9.39649259945161
2022,3.33219140621256,0.663967364626783,63.0916587733978,20.8465657369598,315.458293866989,155,24,0.339624988556403,90.4849790436076,9.51502095639238
2022,3.30387869673824,0.65802168405115,63.6901081367,20.906289309227,318.4505406835,156,24,0.354218256402211,90.3645498819564,9.63545011804358
2022,3.27384219974351,0.652127655693825,64.2799725859457,20.9647745965634,321.399862929729,157,24,0.353247288002559,90.2428130774086,9.75718692259137
2022,3.24516947269077,0.646349484097968,64.8640200899141,21.0223157405185,324.32010044957,158,24,0.358568990224973,90.119626858111,9.88037314188903
2022,3.21780356928408,0.640756551375406,65.4412647294844,21.0788329179107,327.206323647422,159,24,0.367168634009226,89.9954472630201,10.0045527369799
2022,3.19219331665161,0.635422485299881,66.0113121482064,21.1343054580801,330.056560741032,160,24,0.380062912167865,89.8707548330086,10.1292451669914
2022,3.16665547420478,0.630424120874038,66.573654419546,21.188702012751,332.86827209773,161,24,0.378812320910178,89.7461403430681,10.2538596569319
2022,3.14343701617077,0.625839873826303,67.1311348742932,21.2423130795275,335.655674371466,162,24,0.379619457392384,89.6218261467769,10.3781738532231
2022,3.12255257771679,0.621748454954991,67.6838056965505,21.2951561969519,338.419028482753,163,24,0.379077417984753,89.4984619579328,10.5015380420672
2022,3.10470322542518,0.618226749646827,68.2324033764621,21.3473132761654,341.16201688231,164,24,0.380049037889097,89.3766313251868,10.6233686748132
2022,3.08957908148667,0.615347816323324,68.777232042657,21.3988235489649,343.886160213285,165,24,0.376365966968133,89.2569632145107,10.7430367854893
2022,3.08007057663092,0.613178570876267,69.3197675135413,21.4498351807405,346.598837567707,166,24,0.391679301495827,89.1398719661073,10.8601280338927
2022,3.07529303342274,0.611778123488812,69.8573334580155,21.5001058370318,349.286667290077,167,24,0.416366552159982,89.0262308673079,10.9737691326921
2022,3.07430992672108,0.611258215978189,70.389001130635,21.5495604119444,351.945005653175,168,24,0.435879583426868,88.9025635137306,11.0974364862694
2022,3.07638510545612,0.611655418467604,70.9165641172003,21.5983765006288,354.582820586001,169,24,0.439337378959647,88.7558618045375,11.2441381954625
2022,3.08130979893233,0.612909295066194,71.4438449578003,21.6469142291824,357.219224789002,170,24,0.427386019328857,88.5874740099866,11.4125259900134
2022,3.0922606424226,0.614955242399989,71.9744951779641,21.6955106990532,359.872475889821,171,24,0.436932280837428,88.3989025384018,11.6010974615982
2022,3.10640235156954,0.617719967709696,72.5054202264496,21.743883064787,362.527101132248,172,24,0.442087733767793,88.1925637941094,11.8074362058906
2022,3.12444834033821,0.621117309209001,73.0381362078267,21.7921711104863,365.190681039134,173,24,0.455090037039017,87.9701123886115,12.0298876113885
2022,3.14360090166588,0.62505001665069,73.5718543516125,21.8403044570365,367.859271758063,174,24,0.450970662124089,87.7333485401537,12.2666514598463
2022,3.16439245960271,0.629412052676593,74.1102200526246,21.8886110172067,370.551100263123,175,24,0.441517360336008,87.4832615430307,12.5167384569694
2022,3.19150122018542,0.634094706874869,74.654627582555,21.937211624869,373.273137912775,176,24,0.482951186240202,87.2210104885999,12.7789895114001
2022,3.21566768835604,0.638993826462757,75.1961626097907,21.9853113473887,375.980813048954,177,24,0.480275526891177,86.9491930197587,13.0508069802413
2022,3.24028329380771,0.644008079017433,75.7430583389221,22.0336428095357,378.715291694611,178,24,0.47627200364051,86.6678685332012,13.3321314667988
2022,3.26802243421622,0.649047539281998,76.2956698089126,22.0822329740124,381.478349044563,179,24,0.506029657876603,86.3782539862356,13.6217460137644
2022,3.29446792604875,0.654035728449622,76.8478691076822,22.1305424937688,384.239345538411,180,24,0.524659828265555,86.0826128960495,13.9173871039505
2022,3.31862861076152,0.658906464026961,77.4016226996903,22.1787456351251,387.008113498451,181,24,0.523310087562508,85.7820618616623,14.2179381383377
2022,3.33851850324932,0.663605062896393,77.960469262081,22.2271490396128,389.802346310405,182,24,0.483655813509574,85.4775307471852,14.5224692528148
2022,3.36699021923052,0.668086855288524,78.5312151262067,22.2763341125943,392.656075631033,183,24,0.555211403514593,85.1694771407058,14.8305228592942
2022,3.39588454732178,0.672325475431382,79.0933341258193,22.3245328253466,395.466670629096,184,24,0.659825221073904,84.8627874703952,15.1372125296047
2022,3.41193345806811,0.676299014761743,79.6402989295314,22.3712035068053,398.201494647657,185,24,0.607344574861609,84.5602676368473,15.4397323631527
2022,3.42879833960253,0.67998079732688,80.2009592709199,22.4188114954021,401.0047963546,186,24,0.588395760278291,84.2589889190393,15.7410110809607
2022,3.44686706053974,0.683360631026351,80.7687713463787,22.4667909339349,403.843856731893,187,24,0.605172160957947,83.9617549079422,16.0382450920578
2022,3.46163606592785,0.68643255157643,81.3368303463016,22.5145565692324,406.684151731508,188,24,0.599140146278845,83.6715034097971,16.3284965902029
2022,3.47732114606445,0.689189721310009,81.9090375978717,22.5624365286667,409.545187989358,189,24,0.626207223219086,83.3894117900673,16.6105882099327
2022,3.48552016994933,0.691635633569825,82.4789559867409,22.609893794216,412.394779933705,190,24,0.576037051629453,83.1200476293932,16.8799523706068
2022,3.49420013322232,0.693759912100614,83.0605353669671,22.658087041482,415.302676834835,191,24,0.554692069917138,82.8622783196001,17.1377216803999
2022,3.50619763166748,0.695558252040984,83.6481061665812,22.7065385291201,418.240530832906,192,24,0.594100823030812,82.6181133908197,17.3818866091803
2022,3.51356822189246,0.697030032394702,84.2301805221364,22.7543034489735,421.150902610682,193,24,0.596826527830709,82.3914175456478,17.6085824543522
2022,3.5193529103882,0.698166835164781,84.8131693019166,22.8019133612356,424.065846509583,194,24,0.600857140041755,82.183004749451,17.816995250549
2022,3.52515914562715,0.698960251854666,85.3964938165571,22.8493229473432,426.982469082786,195,24,0.627890437489963,81.9949012532698,18.0050987467302
2022,3.33772879603003,0.66174260692986,85.975557310603,22.8961634991991,429.877786553015,196,24,0.63033646356028,81.338943352839,18.661056647161
2022,3.33905091827002,0.661844969770795,86.5166295081897,22.9397326274952,432.583147540949,197,24,0.645094477940329,81.1984251859817,18.8015748140183
2022,3.33379653799252,0.661572058538147,87.0549990702614,22.9828960451343,435.274995351307,198,24,0.594128381898635,81.0849190820613,18.9150809179387
2022,3.334762169811,0.660917083889093,87.602495117164,23.0266007909294,438.01247558582,199,24,0.657330824517253,80.9980994527795,19.0019005472205
2022,3.33270407256098,0.659918926038556,88.1375271734875,23.0691270403154,440.687635867438,200,24,0.706420852285171,80.9452661112875,19.0547338887125
2022,3.32057830400267,0.658591991402215,88.6623128549383,23.1106644390298,443.311564274691,201,24,0.627849831010968,80.9229609047092,19.0770390952908
2022,3.31552789219029,0.656944236218802,89.2003706664265,23.1530748123303,446.001853332132,202,24,0.679193416694582,80.9254211313496,19.0745788686504
2022,3.30295308539974,0.654993612706334,89.7271318129978,23.1944223946846,448.635659064989,203,24,0.641303788021143,80.9552920126055,19.0447079873945
2022,3.29329093775561,0.6527453457882,90.2589379149538,23.2359947102838,451.294689574769,204,24,0.669392420832709,81.0080750828587,18.9919249171413
2022,3.28171851497834,0.650210557779707,90.7831751469283,23.2768085946256,453.915875734642,205,24,0.691441655788191,81.0842558294823,18.9157441705177
2022,3.27419565784788,0.647395786238167,91.3006690644787,23.3169366929644,456.503345322393,206,24,0.809924264400887,81.1819485255349,18.8180514744651
2022,3.25513329555099,0.64431150725639,91.7929426173688,23.3549622683811,458.964713086844,207,24,0.750794054009389,81.3024346301902,18.6975653698098
2022,3.2392619571839,0.640955398383668,92.2932109057696,23.3934600620776,461.466054528848,208,24,0.773226845581466,81.4383022749613,18.5616977250387
2022,3.22253188949775,0.63733709952529,92.7857987164673,23.4312249630358,463.928993582337,209,24,0.805198657462103,81.5902656368551,18.409734363145
2022,3.20158729210405,0.63346336853458,93.2686262869212,23.468106214792,466.343131434606,210,24,0.7830796438629,81.7566609663275,18.2433390336725
2022,3.18142912207089,0.629352737296509,93.7516687646355,23.5048709641585,468.758343823178,211,24,0.797791079609456,81.9388656840153,18.0611343159847
2022,2.97948263357533,0.58933814707173,94.2277168259103,23.5409744183755,471.138584129552,212,24,0.800890282620172,81.6054590170569,18.3945409829431
