"year","assimilated_weight","ingested_weight","Weight","Length","Energy","JulianDay","feeding_hours","Metabolism","percentage_partic","percentage_filters"
1980,8.76843132280574,1.73710604118308,54.5,19.9420239553624,272.5,141,24,0.464705284299821,89.8885213410861,10.1114786589139
1980,8.83475994048034,1.75016371570403,56.1607186223353,20.1242444150411,280.803593111677,142,24,0.47744361860095,89.6755301357639,10.324469864236
1980,8.89676228888036,1.76236935919992,57.8321500600589,20.3038868273339,289.160750300294,143,24,0.490154104725502,89.462639295623,10.537360704377
1980,8.95498721901285,1.77374286211228,59.5134337537453,20.4809736651656,297.567168768726,144,24,0.504723925494853,89.2498556182604,10.7501443817396
1980,9.00951531833587,1.78433426497788,61.2034413598805,20.6554994333484,306.017206799403,145,24,0.520524483959596,89.0373731370144,10.9626268629856
1980,9.06025492751633,1.79420934543228,62.9011862441135,20.8274743081937,314.505931220567,146,24,0.535747342370329,88.8263563298815,11.1736436701185
1980,9.10787011212731,1.80348475333075,64.6060249881454,20.9969424305787,323.030124940727,147,24,0.550683965185373,88.6154259062214,11.3845740937786
1980,9.15291325216139,1.81225539699439,66.317388540186,21.1639527501958,331.58694270093,148,24,0.565643302332311,88.4057681268185,11.5942318731815
1980,9.19604537151884,1.82063589016262,68.034756366907,21.3285560870293,340.173781834535,149,24,0.581007860394847,88.1979490272119,11.8020509727881
1980,9.23798149745093,1.82874397828341,69.7576634564212,21.4908055752409,348.788317282106,150,24,0.597380239967223,87.9924545481984,12.0075454518017
1980,9.82675469669519,1.94507136693756,71.4856670848342,21.6507533765163,357.428335424171,151,24,0.618461412952962,88.1238634925769,11.8761365074231
1980,9.86916674012054,1.95327112554611,73.3271907340927,21.8182697949944,366.635953670464,152,24,0.635938916626591,87.9121614578256,12.0878385421744
1980,9.91124913702445,1.96148670289942,75.1736791135038,21.9833191511943,375.868395567519,153,24,0.651561260529314,87.7040753796347,12.2959246203653
1980,9.95328109015449,1.96982344034835,77.0254343118394,22.1460254816054,385.127171559197,154,24,0.663934686619839,87.5009586918591,12.4990413081409
1980,9.99611281386285,1.97834667529983,78.8830926775211,22.3065337741651,394.415463387606,155,24,0.675560872890432,87.3025013195271,12.6974986804729
1980,10.040437281279,1.98709505830445,80.7469598983526,22.4649522418734,403.734799491763,156,24,0.68898286137651,87.1079189380382,12.8920810619619
1980,10.0860365195815,1.99609405038334,82.6169712530665,22.6213519697021,413.084856265333,157,24,0.702465836552347,86.9171451231717,13.0828548768283
1980,10.1325652712951,2.00534331657759,84.4933649684373,22.7758248123588,422.466824842187,158,24,0.714190092045523,86.7299245453192,13.2700754546808
1980,10.1795363407665,2.01481599380344,86.376673700705,22.9284811196732,431.883368503525,159,24,0.722219990567551,86.5458073524354,13.4541926475646
1980,10.2275636882955,2.02445847577533,88.2677192886969,23.0794479413192,441.338596443484,160,24,0.731236981866748,86.3641465999639,13.6358534000361
1980,10.2770267770224,2.0341912756887,90.1665095154588,23.228781682784,450.832547577294,161,24,0.745517849298421,86.1842415748309,13.8157584251691
1980,10.3268134840047,2.04390861738413,92.0722721210171,23.3764758513701,460.361360605085,162,24,0.762076676039236,86.0053232969565,13.9946767030435
1980,10.3756811162522,2.05347754236859,93.9846090142572,23.5225530618891,469.923045071286,163,24,0.777799880040221,85.826398220235,14.173601779765
1980,10.4222412910982,2.06273930189104,95.9034956453328,23.6670629241138,479.517478226664,164,24,0.789297112781798,85.6462549648741,14.3537450351259
1980,10.4664667974352,2.0715096377417,97.8293071671274,23.8100820983995,489.146535835637,165,24,0.80163039360305,85.4634602937664,14.5365397062336
1980,10.5081096719073,2.07958157335616,99.7614001318035,23.9516092716076,498.807000659018,166,24,0.819491830830597,85.2765425264501,14.7234574735499
1980,10.5452531092792,2.08672493971449,101.698142329261,24.0915724978783,508.490711646303,167,24,0.838655759390431,85.0839711275959,14.9160288724041
1980,10.5804641917562,2.09359820413709,103.638362604507,24.2299365142555,518.191813022535,168,24,0.854556103288262,84.8799067996044,15.1200932003956
1980,10.617191431876,2.10103643168739,105.58231567908,24.3667677974031,527.9115783954,169,24,0.862310124839398,84.6602226238182,15.3397773761818
1980,10.6562593268156,2.10905178341821,107.53192164938,24.5022446216691,537.659608246901,170,24,0.866456665134758,84.4257107357567,15.5742892642433
1980,10.6988789604103,2.11765669470881,109.488356683921,24.6364858112446,547.441783419607,171,24,0.874029699670665,84.1773714169796,15.8226285830204
1980,10.7448798752297,2.12685599507337,111.451631285762,24.7695260335929,557.258156428809,172,24,0.883877415604452,83.9164007768443,16.0835992231557
1980,10.7940724904545,2.13665636997657,113.421951176146,24.9014114617222,567.109755880728,173,24,0.894658804601854,83.6440728089084,16.3559271910916
1980,10.8462500657082,2.147060232133,115.399751241601,25.0322013130402,576.998756208003,174,24,0.905025410041987,83.3616874922844,16.6383125077156
1980,10.902118122735,2.1580667850061,117.385693512657,25.1619669459466,586.928467563284,175,24,0.919465172477262,83.0705654739906,16.9294345260094
1980,10.9621671306665,2.16966965049807,119.379682247478,25.2907279225677,596.898411237388,176,24,0.941476993871253,82.7721358064899,17.2278641935101
1980,11.0257653460216,2.18185609302595,121.381018760893,25.418464819432,606.905093804466,177,24,0.967706250182002,82.4679004585963,17.5320995414037
1980,11.0922642886637,2.19460889554377,123.389547735053,25.5451933546498,616.947738675265,178,24,0.994604477211589,82.1593023423303,17.8406976576697
1980,11.1609621472613,2.20790657029597,125.405692545075,25.6709645952228,627.028462725377,179,24,1.01810090384204,81.8477136897061,18.152286310294
1980,11.2320455056427,2.22172381583215,127.430548928516,25.7958687371046,637.15274464258,180,24,1.04018828312652,81.5344204082317,18.4655795917683
1980,11.3057569595786,2.23603016080115,129.464849785778,25.9199701525373,647.324248928891,181,24,1.06359354746502,81.2207255428582,18.7792744571418
1980,11.3813824251637,2.25078309689028,131.508829532212,26.0433006503322,657.544147661059,182,24,1.08477581952708,80.9079140980654,19.0920859019346
1980,11.45820673144,2.26593981331389,133.563286361092,26.1659242833115,667.81643180546,183,24,1.10002871207194,80.5972012468029,19.4027987531971
1980,11.5354613813152,2.28145169733386,135.629614965604,26.2879375512552,678.148074828022,184,24,1.10545194332745,80.2896912603273,19.7103087396727
1980,11.6133875199911,2.2972662590614,137.709834444898,26.4094693045327,688.549172224488,185,24,1.10473811286807,79.9863858353641,20.0136141646359
1980,11.692720532163,2.31332240855115,139.805271397017,26.5306033046753,699.026356985084,186,24,1.10544128508638,79.6883027298433,20.3116972701567
1980,11.773346662667,2.32954705011759,141.91588651774,26.651342211858,709.579432588702,187,24,1.10934911373777,79.3965283835569,20.6034716164431
1980,11.8551177103921,2.34585806051107,144.041258346389,26.7716671477945,720.206291731946,188,24,1.11831957645831,79.112125677631,20.887874322369
1980,11.9378451074408,2.36216396819472,146.180562426311,26.8915376338054,730.902812131553,189,24,1.13431906478281,78.8361357306701,21.1638642693299
1980,12.0213835961183,2.37837156408454,148.33254171642,27.0108910564821,741.662708582099,190,24,1.15983956261027,78.5713091385874,21.4286908614126
1980,12.1050266446987,2.39436503086075,150.495410365355,27.129638528864,752.477051826777,191,24,1.19441396911942,78.3179758694549,21.6820241305451
1980,12.1877338990303,2.41002117250968,152.66733359851,27.247692155896,763.336667992548,192,24,1.23545177473712,78.0762452092922,21.9237547907078
1980,12.2684297608998,2.42521568740939,154.846785849973,27.3649841639587,774.233929249866,193,24,1.27992156248511,77.8470336988689,22.1529663011311
1980,12.3460154127792,2.43982024278832,157.032631992884,27.4814702224244,785.163159964422,194,24,1.32442548184575,77.6312074904841,22.3687925095159
1980,12.4188183630204,2.45370389195718,159.224196033963,27.5971319136602,796.120980169813,195,24,1.36054581183031,77.4295940204044,22.5704059795956
1980,11.8982786365051,2.35064839327254,161.422150350308,27.7120217515424,807.110751751541,196,24,1.36895695199145,76.7450035645582,23.2549964354418
1980,11.9561943262551,2.36204114470145,163.513319319553,27.8203220151093,817.566596597766,197,24,1.38568692610303,76.578312601356,23.421687398644
1980,12.0084623721543,2.37236053578848,165.611735393907,27.9280315400178,828.058676969537,198,24,1.40058735737008,76.4280006842943,23.5719993157057
1980,12.0447619300457,2.37945219217394,167.716589002016,28.0351201161464,838.582945010082,199,24,1.41880425884512,76.2997666221104,23.7002333778896
1980,12.0515712512112,2.38053565835052,169.823977146211,28.1414033112019,849.119885731055,200,24,1.44540473004042,76.196005702799,23.803994297201
1980,12.03066042172,2.3760358172534,171.926280878709,28.2465180780097,859.631404393547,201,24,1.47735780419703,76.1158725089096,23.8841274910904
1980,11.982572281098,2.36622405297268,174.016845825469,28.3501612676701,870.084229127344,202,24,1.50720302462611,76.0589359441807,23.9410640558193
1980,11.9083530709418,2.35146820670424,176.090622808789,28.45211828271,880.453114043946,203,24,1.52691331379381,76.0254057103382,23.9745942896618
1980,11.8095183393089,2.3322225909376,178.144381520777,28.5522696102161,890.721907603886,204,24,1.52821986249328,76.0160239604326,23.9839760395674
1980,11.6893736201962,2.30901606234684,180.176852080965,28.6505936643032,900.884260404826,205,24,1.5166794264854,76.0319640634232,23.9680359365768
1980,11.5521961981182,2.28242822284381,182.186316977282,28.7470477268524,910.931584886411,206,24,1.50521018387069,76.0749000060245,23.9250999939754
1980,11.4013447819497,2.25307221301763,184.169333570836,28.8415080775423,920.84666785418,207,24,1.49622422139943,76.1469886344993,23.8530113655007
1980,11.2402946446565,2.22158888717367,186.122652919998,28.9338632881038,930.613264599991,208,24,1.49201601136606,76.2506043930237,23.7493956069763
1980,11.0725662131443,2.18862941366218,188.04326672567,29.0240157990174,940.216333628351,209,24,1.4950009505937,76.3881625677885,23.6118374322116
1980,10.9020368585281,2.15483406303462,189.928392200986,29.1118805594249,949.641961004929,210,24,1.51219438774497,76.5618932374151,23.4381067625849
1980,10.7318454249079,2.12081563319914,191.77462344982,29.1973452880037,958.873117249098,211,24,1.54513735744477,76.7787319831911,23.2212680168089
1980,10.0120169282768,1.97805474389603,193.578879179327,29.2803146422351,967.894395896637,212,24,1.56672503396869,76.4411458251504,23.5588541748497
1981,8.75162151393384,1.73705880117525,54.5,19.9420239553624,272.5,141,24,0.403178832017448,89.8897330850397,10.1102669149603
1981,8.82008359444865,1.75012665665915,56.1696619510174,20.125215479546,280.848309755087,142,24,0.422132260346769,89.6753602650684,10.3246397349316
1981,8.88404091978028,1.76233818915361,57.8492203607927,20.3057027293488,289.246101803963,143,24,0.440899263121879,89.4612235826564,10.5387764173436
1981,8.9427260716285,1.77371404623882,59.5378106818058,20.4835154491847,297.689053409029,144,24,0.456068124907475,89.2473279903628,10.7526720096372
1981,8.99600052427274,1.78430479723539,61.2350971078862,20.6587362659151,306.175485539431,145,24,0.46578512553799,89.0337430331476,10.9662569668524
1981,9.04483471107354,1.79418548204406,62.9410867396641,20.831476944602,314.705433698321,146,24,0.472111610760829,88.8206150702605,11.1793849297394
1981,9.09026942256152,1.80344410282126,64.6555683478345,21.0018203938505,323.277841739172,147,24,0.477311253438815,88.6091251353783,11.3908748646217
1981,9.13352913807011,1.81220409132073,66.3780859653105,21.1698207112851,331.890429826553,148,24,0.483753423940728,88.3978191939406,11.6021808060594
1981,9.17576427054004,1.82057094754506,68.107954471671,21.3355071905363,340.539772358355,149,24,0.493960116605016,88.1881404571054,11.8118595428946
1981,9.21806202936696,1.82866327999785,69.8442142414097,21.4988822045946,349.221071207049,150,24,0.510142583943411,87.9806809393321,12.0193190606679
1981,9.80706981289634,1.94497188914626,71.5856806389662,21.6599279806225,357.928403194831,151,24,0.534602468656122,88.1113082422192,11.8886917577808
1981,9.85136282016969,1.95315465599709,73.4400379666496,21.8284392917231,367.200189833248,152,24,0.558419915126206,87.8978064538363,12.1021935461637
1981,9.89529897161475,1.96135596616779,75.2984679106181,21.9943710791965,376.49233955309,153,24,0.580938643820637,87.6880855723475,12.3119144276525
1981,9.93856079405159,1.96967191403373,77.1611557826194,22.1578430946541,385.805778913097,154,24,0.59831967711609,87.4827199621261,12.5172800378739
1981,9.98126120125859,1.97818954413842,79.0289908616185,22.319027857261,395.144954308093,155,24,0.608645281328984,87.2829961735001,12.7170038264999
1981,10.0241599697657,1.98693611970492,80.9032681813025,22.4781212972248,404.516340906513,156,24,0.614514330171616,87.08716005463,12.91283994537
1981,10.0679701605879,1.9959367409165,82.7849145365835,22.6352768214049,413.924572682917,157,24,0.618569969352833,86.8950133393991,13.1049866606009
1981,10.1132903627377,2.00519162472881,84.6744702512522,22.7906071991305,423.372351256261,158,24,0.623572484722948,86.706268831754,13.293731168246
1981,10.1606043013325,2.01467511898425,86.5720428217125,22.944183980423,432.860214108563,159,24,0.632398123743236,86.5205437724601,13.4794562275399
1981,10.2103457374291,2.02433500417332,88.4772607211969,23.096036953674,442.386303605984,160,24,0.648472999346905,86.3373551598789,13.6626448401211
1981,10.2619240623405,2.03409228412238,90.3891534085314,23.2461478777896,451.945767042657,161,24,0.671290573362517,86.1561274806661,13.8438725193339
1981,10.3140348639381,2.04384063319106,92.3067329698242,23.3944986220561,461.533664849121,162,24,0.697520484718707,85.9761100429455,14.0238899570545
1981,10.36522572551,2.05344620427335,94.229416095608,23.5411030629311,471.14708047804,163,24,0.723374820684851,85.7963205905395,14.2036794094605
1981,10.4138880926789,2.06274906041637,96.1570859468328,23.6860094178966,480.785429734164,164,24,0.744449389046388,85.6155448906801,14.38445510932
1981,10.4581364119019,2.07156358719255,98.0901841296424,23.8293046280733,490.450920648212,165,24,0.755203729898284,85.4323261040451,14.5676738959549
1981,10.4974403024481,2.07968217228812,100.029882480175,23.9711242054073,500.149412400873,166,24,0.758131879187016,85.244961459458,14.755038540542
1981,10.5320290718641,2.08687536381754,101.976747105802,24.1115532842386,509.883735529011,167,24,0.760723563805498,85.0516583729042,14.9483416270958
1981,10.5666438287126,2.0938039366846,103.929891153423,24.2505700487209,519.649455767118,168,24,0.770636215661436,84.8465530727374,15.1534469272626
1981,10.6069304462053,2.10130429703528,105.887843670468,24.3881132982044,529.43921835234,169,24,0.796070081106711,84.6257294705126,15.3742705294874
1981,10.6522957839342,2.10938506871009,107.848622014453,24.5240899141557,539.243110072267,170,24,0.834602855862432,84.3904222409419,15.6095777590581
1981,10.7010743842637,2.11805390277363,109.810608598139,24.658436464702,549.053042990696,171,24,0.877293600397565,84.1419272150275,15.8580727849725
1981,10.7531081751658,2.12731251187661,111.773640136729,24.7911905181133,558.868200683646,172,24,0.923452861831597,83.8814351846662,16.1185648153338
1981,10.8082260425969,2.13716416261146,113.737658698365,24.9223949184125,568.688293491823,173,24,0.972080075079566,83.6102251836733,16.3897748163267
1981,10.8662585358363,2.14760745995433,115.702771282637,25.0521013821457,578.513856413185,174,24,1.02213051619479,83.3296081826447,16.6703918173553
1981,10.9254405080512,2.15863740731033,117.669258940569,25.1803705763781,588.346294702847,175,24,1.06074997144915,83.0409197507912,16.9590802492088
1981,10.9848879911397,2.17024941626996,119.639619482524,25.3074025526435,598.19809741262,176,24,1.08030210245607,82.7452965605942,17.2547034394058
1981,11.0456790080765,2.18243886247552,121.617699802311,25.4334738688555,608.088499011555,177,24,1.08819526749591,82.4437655747135,17.5562344252865
1981,11.1088854736639,2.19519542986174,123.60607901163,25.558769363465,618.030395058151,178,24,1.09269281163414,82.1375009026238,17.8624990973763
1981,11.1755715179495,2.20850116362788,125.605896225015,25.6833765901461,628.029481125077,179,24,1.10237755809699,81.8278194369704,18.1721805630296
1981,11.2466897308628,2.22232865834169,127.616785195754,25.8072871531421,638.08392597877,180,24,1.12549147174854,81.5161660426743,18.4838339573257
1981,11.3215352023639,2.23664100350142,129.63692035713,25.9304047149108,648.184601785649,181,24,1.15859786516,81.2040981274757,18.7959018725243
1981,11.398558253441,2.25139075720959,131.66502131666,26.0526699189702,658.325106583298,182,24,1.19197048170988,80.893041686957,19.106958313043
1981,11.4761732307779,2.26653276867213,133.701441767137,26.1741230106296,668.507208835684,183,24,1.21470817166561,80.5842451673872,19.4157548326128
1981,11.5527707923797,2.28202029979599,135.748396955926,26.2949119398885,678.741984779628,184,24,1.21548556370354,80.2787285818565,19.7212714181435
1981,11.6290290330212,2.29780823620071,137.810043315368,26.4152913667932,689.05021657684,185,24,1.20177417686328,79.9772969193654,20.0227030806346
1981,11.7066826567919,2.31384173916546,139.889175935873,26.5354272711969,699.445879679366,186,24,1.18968193902205,79.6808427150272,20.3191572849728
1981,11.7855398341733,2.33004882427089,141.98571269875,26.6553152064154,709.928563493752,187,24,1.18043837810185,79.390466191938,20.609533808062
1981,11.8653920897097,2.34634881906917,144.099285274021,26.7749348553855,720.496426370105,188,24,1.17541111785126,79.107235772506,20.892764227494
1981,11.9459691216146,2.36265205588717,146.229208251194,26.8942491192741,731.146041255972,189,24,1.17581345474748,78.8321913825726,21.1678086174274
1981,12.0278269353705,2.37886149651065,148.374497766463,27.0132059996003,741.872488832313,190,24,1.18929265147331,78.56670530757,21.43329469243
1981,12.1109296643591,2.39487217309316,150.532750136061,27.1316781096486,752.663750680304,191,24,1.21973822345723,78.3138114317139,21.6861885682861
1981,12.1939385138103,2.41054909993046,152.700775647547,27.2495007012046,763.503878237735,192,24,1.26297299761175,78.0724575047366,21.9275424952633
1981,12.2755146751631,2.42576291212905,154.875951846802,27.3665459710344,774.379759234012,193,24,1.31451496435359,77.8436474812108,22.1563525187892
1981,12.3542894248533,2.44038088208553,157.056284599707,27.4827244961691,785.281422998534,194,24,1.36929191902894,77.6283106075092,22.3716893924908
1981,12.428373818047,2.45426878441288,159.240520187174,27.5979892595919,796.202600935871,195,24,1.41710137081675,77.427311914907,22.572688085093
1981,11.9084319486337,2.35115196877603,161.429067262491,27.7123815811704,807.145336312453,196,24,1.43655120166744,76.7450477141972,23.2549522858028
1981,11.9673677934327,2.36252226466362,163.508744839085,27.8200861622805,817.543724195425,197,24,1.46410898959117,76.5793153392524,23.4206846607476
1981,12.0202901335652,2.37278886072194,165.593713406037,27.9271105510211,827.968567030184,198,24,1.48797991525744,76.4300484923442,23.5699515076558
1981,12.0569440245183,2.3798341590672,167.683463133845,28.0334420478828,838.417315669224,199,24,1.5125154280834,76.3029571833289,23.6970428166711
1981,12.0627280204461,2.38086377361859,169.774562823295,28.138921723122,848.872814116476,200,24,1.5334756834966,76.2003835293421,23.7996164706579
1981,12.039473211134,2.37631430119772,171.861510615714,28.2432929912862,859.307553078568,201,24,1.54702582893543,76.1213382473508,23.8786617526492
1981,11.9891472879649,2.36646957875345,173.939941070414,28.346364007173,869.699705352068,202,24,1.55806611671786,76.0652419814451,23.9347580185549
1981,11.9141551468559,2.35169745167198,176.004905361567,28.4479206218231,880.024526807835,203,24,1.57182997105832,76.0323038095248,23.9676961904752
1981,11.8172504280254,2.33244058414943,178.050892892804,28.5477281784508,890.254464464022,204,24,1.59359095140646,76.0234243420709,23.9765756579291
1981,11.7013000908608,2.30920741376802,180.071893847577,28.6455351220061,900.359469237885,205,24,1.62693646485051,76.040106080375,23.959893919625
1981,11.5686825330576,2.28256350450898,182.061759892186,28.7410906186398,910.308799460928,206,24,1.66769148525944,76.0843410322905,23.9156589677095
1981,11.421831230732,2.25312481408152,184.015659523766,28.8342132746155,920.078297618831,207,24,1.70893210746137,76.1584047623581,23.8415952376419
1981,11.263408168788,2.22154299080273,185.930638412909,28.924814644317,929.653192064544,208,24,1.74321560084734,76.2646787908132,23.7353212091868
1981,11.0961807468054,2.18848513614751,187.805767869393,29.0129026141025,939.028839346966,209,24,1.76243058686888,76.4054560163677,23.5945439836322
1981,10.9232544728902,2.15460945012739,189.642298353216,29.0985851089354,948.211491766079,210,24,1.76257632776713,76.5826887368275,23.4173112631725
1981,10.7485174141225,2.12053812383811,191.442903371998,29.1820318744661,957.214516859989,211,24,1.75175549689891,76.7996458735976,23.2003541264024
1981,10.0227209392366,1.97773478094957,193.209414101114,29.2633686775437,966.04707050557,212,24,1.71634024592146,76.4678613005944,23.5321386994056
1982,8.75279443155537,1.73710604118308,54.5,19.9420239553624,272.5,141,24,0.406423780521322,89.8885213410861,10.1114786589139
1982,8.81884437841988,1.75016629779004,56.169247544841,20.1251704858028,280.846237724205,142,24,0.416996116359235,89.6741941552833,10.3258058447168
1982,8.88110454418682,1.76237080626965,57.8495853416168,20.3057415511486,289.247926708084,143,24,0.429504738159502,89.4599192769217,10.5400807230783
1982,8.93968611759711,1.77373958784495,59.5398672910664,20.4837298587974,297.699336455332,144,24,0.444112766542683,89.245748162661,10.754251837339
1982,8.99458194938723,1.78432307749836,61.238936788664,20.6591287978821,306.19468394332,145,24,0.459975647657459,89.0318796236113,10.9681203763887
1982,9.04591608722048,1.79418759811863,62.9458045809587,20.8319501000759,314.729022904794,146,24,0.476353294599132,88.8194802494593,11.1805197505407
1982,9.09435691594109,1.80345042031344,64.6596540992939,21.0022225543831,323.298270496469,147,24,0.493587825856182,88.6071980901763,11.3928019098237
1982,9.14046896567452,1.8122073556423,66.3797338729478,21.1699799716198,331.898669364739,148,24,0.512075986139037,88.3962499173775,11.6037500826225
1982,9.18492233038905,1.82057401371036,68.1053258195117,21.33525765629,340.526629097558,149,24,0.532289519905447,88.1872342095946,11.8127657904054
1982,9.22765401824096,1.82866918574038,69.835751343903,21.4980927831411,349.178756719515,150,24,0.551390074236204,87.9806712795952,12.0193287204049
1982,9.81568982346338,1.9449761962625,71.5708867263281,21.6585714448866,357.85443363164,151,24,0.570879278452288,88.1114259783024,11.8885740216976
1982,9.85768693029064,1.95316438922752,73.419712862354,21.8266084511597,367.09856431177,152,24,0.585651705381939,87.8987629409419,12.1012370590581
1982,9.89970322110482,1.96137013464364,75.2739615325913,21.9922016780798,376.369807662956,153,24,0.600208906926579,87.6896795672161,12.3103204327839
1982,9.94268393428354,1.96969960603043,77.1336765597963,22.1554515793195,385.668382798981,154,24,0.616432256060242,87.48557193794,12.5144280620601
1982,9.98660015646874,1.97821949619003,78.9987142039965,22.31643641929,394.993571019983,155,24,0.6326837878311,87.2862432625547,12.7137567374452
1982,10.0312885456383,1.98696886685728,80.8692521751155,22.4752569413784,404.346260875577,156,24,0.64720796272939,87.0909259072551,12.9090740927449
1982,10.0772630917747,1.99597271891412,82.7457862275237,22.6320342967114,413.728931137618,157,24,0.661817053956122,86.8994743315592,13.1005256684408
1982,10.1249195697973,2.00523078982405,84.6285520241898,22.7868612949009,423.142760120949,158,24,0.678509658328445,86.7116333075836,13.2883666924165
1982,10.1745303588061,2.01471661427701,86.5174641980853,22.9397996928947,432.587320990426,159,24,0.699500271606725,86.5270343019024,13.4729656980976
1982,10.2255259329755,2.02437691622805,88.4120484653164,23.0908771561147,442.060242326582,160,24,0.723502383377531,86.3451948823897,13.6548051176103
1982,10.2769298044769,2.03413122637463,90.3119734227357,23.2401312284192,451.559867113679,161,24,0.747619992539778,86.1654434684675,13.8345565315325
1982,10.32816261099,2.0438720734052,92.2172910176346,23.3876270770492,461.086455088173,162,24,0.7716215035574,85.9868883296593,14.0131116703408
1982,10.3785103441287,2.05346528079899,94.1279830434292,23.533421159446,470.639915217146,163,24,0.795257503235388,85.8084752622048,14.1915247377952
1982,10.4271294122198,2.06275106118778,96.0439377373706,23.6775600830783,480.219688686853,164,24,0.818259835254163,85.6289928278166,14.3710071721833
1982,10.4728240945668,2.07154393475299,97.9649275773393,23.820079642614,489.824637886696,165,24,0.839002993402122,85.4470696032913,14.5529303967087
1982,10.5144072582799,2.07963582967787,99.8908102933816,23.9610201546795,499.454051466908,166,24,0.856502562075704,85.2611604332876,14.7388395667124
1982,10.5508557475525,2.08679645888579,101.821402325385,24.1004170733464,509.107011626925,167,24,0.871465915392054,85.0695555668158,14.9304444331842
1982,10.5856397106855,2.09368531417148,103.75617322474,24.2382796684731,518.780866123698,168,24,0.884637389645556,84.8663423078528,15.1336576921472
1982,10.6231376904263,2.10113820566812,105.695136909758,24.3746549815517,528.475684548788,169,24,0.896925224324718,84.6474277830405,15.3525722169595
1982,10.663908566089,2.10916614049888,107.639000494563,24.5096356957409,538.195002472814,170,24,0.911540642703464,84.4137448386934,15.5862551613066
1982,10.70820108296,2.11777986148844,109.587939661498,24.6432738511362,547.939698307489,171,24,0.929840076437992,84.1664027516558,15.8335972483442
1982,10.7556729011996,2.12698312307511,111.541907580589,24.7756041428426,557.709537902943,172,24,0.949586229514128,83.9065976935955,16.0934023064045
1982,10.8059726010561,2.13678178570121,113.501235413756,24.9066849016193,567.506177068782,173,24,0.968266863004742,83.6355839459564,16.3644160540436
1982,10.8587276386592,2.14717786303121,115.46668540818,25.0366001749355,577.3334270409,174,24,0.983214984101388,83.3546210536864,16.6453789463136
1982,10.914256568313,2.15817083346259,117.43947752156,25.1654599518251,587.197387607802,175,24,0.99652252804816,83.0649669056189,16.9350330943811
1982,10.9730881137619,2.16975584410172,119.420475731669,25.2933464435706,597.102378658344,176,24,1.01198793734126,82.7679494535504,17.2320505464496
1982,11.0350906761534,2.18192226567908,121.409888729484,25.4202966905568,607.049443647422,177,24,1.02912819107156,82.4649800945098,17.5350199054902
1982,11.1001182338694,2.19465448838559,123.407994165998,25.5463505498083,617.039970829988,178,24,1.04751919152136,82.1574634747543,17.8425365252457
1982,11.1679820869977,2.20793157387383,125.415123922002,25.6715496206158,627.075619610011,179,24,1.06660449111262,81.8467874085022,18.1532125914978
1982,11.2392539206239,2.22172702242064,127.431681981721,25.7959382413965,637.158409908607,180,24,1.09155252745326,81.5343108075243,18.4656891924757
1982,11.3139222610438,2.23600700457019,129.45715146751,25.9195030915995,647.285757337548,181,24,1.12383481268831,81.22145871886,18.77854128114
1982,11.3907745045531,2.25072542391454,131.490717518624,26.0422136873532,657.453587593121,182,24,1.15639855478964,80.9096118691363,19.0903881308636
1982,11.4685803823493,2.26583720116398,133.532731987153,26.1641102591857,667.663659935765,183,24,1.1814154901366,80.6000191865391,19.3999808134609
1982,11.5460666080604,2.28129374212345,135.584864764798,26.2853088999747,677.924323823991,184,24,1.19053134160748,80.2937504779783,19.7062495220217
1982,11.6235124383126,2.29704574563981,137.650200036209,26.4060031873154,688.251000181047,185,24,1.18778958960418,79.9917041510382,20.0082958489618
1982,11.7020588915602,2.31303584148078,139.731066768409,26.5263353383785,698.655333842047,186,24,1.18439402307165,79.694806755077,20.305193244923
1982,11.7815662757127,2.32919274554414,141.827779000179,26.6463270947239,709.138895000893,187,24,1.18203844829178,79.4041158124968,20.5958841875032
1982,11.8618488753057,2.34543645711773,143.940282107795,26.7659786199964,719.701410538973,188,24,1.18233951873238,79.1206665997952,20.8793334002048
1982,11.9426988383555,2.36167804390603,146.068159113928,26.8852699426791,730.34079556964,189,24,1.18705102580312,78.8454717936185,21.1545282063814
1982,12.0243481977448,2.37782726776661,148.21059895624,27.0041602204139,741.052994781199,190,24,1.20127792310536,78.5812529155678,21.4187470844321
1982,12.1065807963625,2.39376941358918,150.365814412578,27.1225569740288,751.829072062891,191,24,1.22793611240046,78.328349875675,21.671650124325
1982,12.1884122484459,2.40937959232238,152.531390716693,27.2403375238759,762.656953583465,192,24,1.26482966028357,78.0869274290863,21.9130725709137
1982,12.2688492435189,2.4245311542803,154.705154705134,27.3573970551987,773.525773525669,193,24,1.3098053186429,77.8579592032902,22.1420407967099
1982,12.3468561633494,2.43909231035951,156.885164659341,27.4736472082083,784.425823296703,194,24,1.36044704448684,77.6423766978262,22.3576233021738
1982,12.4201981153665,2.4529274157527,159.069754569792,27.5890176015222,795.348772848962,195,24,1.40397233287995,77.4410818746142,22.5589181253858
1982,11.8998022094057,2.34982863405438,161.25936771626,27.7035504157773,806.296838581302,196,24,1.41787334388899,76.7569776282265,23.2430223717735
1982,11.9583167611598,2.36116352961932,163.341133418388,27.8114412148209,816.705667091942,197,24,1.44299076143598,76.590767282809,23.409232717191
1982,12.0118559254733,2.37141835127734,165.428596328646,27.9186692151564,827.142981643231,198,24,1.47288331545705,76.4410330936852,23.5589669063148
1982,12.0505183490656,2.37843686753815,167.519761569931,28.0251459687362,837.598807849654,199,24,1.51747028125592,76.3135740969021,23.6864259030979
1982,12.0584217112296,2.37943477812651,169.608670788697,28.1305869388245,848.043353943486,200,24,1.5606004824548,76.210957351623,23.789042648377
1982,12.0362991880797,2.37484787783188,171.689422484581,28.2347201400226,858.447112422904,201,24,1.58751225968322,76.1322181680872,23.8677818319128
1982,11.9870628694157,2.36496939996612,173.759217777031,28.3374359791489,868.796088885156,202,24,1.61170396687896,76.0766693016328,23.9233306983672
1982,11.9139899423427,2.35016909509833,175.813142966456,28.4385246820117,879.065714832279,203,24,1.64760638436031,76.0445225081723,23.9554774918277
1982,11.8206700908325,2.33088437368296,177.844057666297,28.5376747577797,889.220288331487,204,24,1.71122434907294,76.0367986676393,23.9632013323607
1982,11.7080833992613,2.30761194182743,179.842344340115,28.6344646418268,899.211721700574,205,24,1.7887943932329,76.0552630379528,23.9447369620472
1982,11.576918878253,2.28092209168519,181.801342221377,28.7286266134775,909.006711106886,206,24,1.85575133337422,76.1019639603678,23.8980360396322
1982,11.4306436721058,2.25145004405592,183.719448219155,28.8201403361809,918.597241095774,207,24,1.91347504931869,76.1789716663912,23.8210283336087
1982,11.2728523555285,2.21985776505948,185.595480568005,28.9090047822809,927.977402840025,208,24,1.96374032128475,76.288555163923,23.711444836077
1982,11.1071774177215,2.18681470708025,187.428625093085,28.9952349850933,937.143125465424,209,24,2.00877232544101,76.43300269692,23.56699730308
1982,10.9367268422295,2.15297519826711,189.218352452194,29.0788576207623,946.091762260968,210,24,2.04488681955946,76.6143912544187,23.3856087455813
1982,10.7642723774726,2.118965848472,190.965494868158,29.1599604557396,954.827474340788,211,24,2.06508854805073,76.8393220119698,23.1606779880302
1982,10.0384702931816,1.97626485190017,192.672840011016,29.2387177899845,963.364200055083,212,24,2.03934168491143,76.5106976786012,23.4893023213988
1983,8.74040506132129,1.73710604118308,54.5,19.9420239553624,272.5,141,24,0.365483241021467,89.8885213410861,10.1114786589139
1983,8.80663966985901,1.75016802346231,56.1749577786941,20.1257904484604,280.874788893471,142,24,0.37587995162651,89.6732997102691,10.3267002897309
1983,8.86907580439361,1.76237174894704,57.8610778472869,20.3069638835569,289.305389236434,143,24,0.388052670803044,89.4581264212704,10.5418735787296
1983,8.92797400969369,1.77373741280349,59.5572444169674,20.4855412865579,297.786222084837,144,24,0.402663410594268,89.2430480793042,10.7569519206958
1983,8.98304112511724,1.78431569044726,61.2622612851129,20.661512901148,306.311306425564,145,24,0.418006486881752,89.0282699691532,10.9717300308468
1983,9.03418259186324,1.79417321447682,62.9752146225822,20.8348990957606,314.876073112911,146,24,0.432582518306075,88.8149482214515,11.1850517785485
1983,9.08229921254423,1.80342742879064,64.6954714204692,21.0057472954889,323.477357102346,147,24,0.447448631626465,88.6017034423948,11.3982965576052
1983,9.12818595540689,1.81217443175484,66.4223672463253,21.1740992725396,332.111836231627,148,24,0.463794257801142,88.3897417808439,11.6102582191561
1983,9.17275584103329,1.8205302407742,68.1551586027858,21.339987070083,340.775793013929,149,24,0.483032822801684,88.1796688246434,11.8203311753566
1983,9.21588185705713,1.82861427130637,69.893001725441,21.5034318153103,349.465008627205,150,24,0.502457092389096,87.9720335451316,12.0279664548684
1983,9.80362090259129,1.94490387607856,71.6355686949539,21.6645010527065,358.177843474769,151,24,0.522338207597854,88.1019873265837,11.8980126734163
1983,9.84596619482493,1.95308128394606,73.4916885243489,21.8330902715501,367.458442621745,152,24,0.537736777201543,87.8883417045477,12.1116582954524
1983,9.88821564199248,1.96127800636796,75.3531751026599,21.999212200513,376.7658755133,153,24,0.552501451439215,87.6783105881912,12.3216894118088
1983,9.93125635665648,1.96960067547062,77.2201329461042,22.1629738706677,386.100664730521,154,24,0.568072850939969,87.4732849844186,12.5267150155814
1983,9.97513261961789,1.97811629302431,79.0925555280321,22.3244662301031,395.46277764016,155,24,0.583208318820958,87.2730514008888,12.7269485991112
1983,10.0197092523961,1.98686425741101,80.9706933411702,22.4837964283321,404.853466705851,156,24,0.596378023171687,87.0768345819438,12.9231654180562
1983,10.0653818767683,1.99586990102417,82.8550754057355,22.6410883101667,414.275377028677,157,24,0.608687629397535,86.8844873299132,13.1155126700868
1983,10.1124131507487,2.00513314220663,84.7460882897736,22.7964468102158,423.730441448868,158,24,0.621308106446002,86.6957365605206,13.3042634394794
1983,10.1609487368181,2.01462760258667,86.6439364205612,22.9499562365267,433.219682102806,159,24,0.635561115402933,86.5101779306574,13.4898220693426
1983,10.2108035302862,2.02430010263557,88.5485885123796,23.1016775972928,442.742942561898,160,24,0.651929029785292,86.327274786799,13.672725213201
1983,10.2613955308685,2.03407060618261,90.4598792380171,23.2516582432356,452.299396190085,161,24,0.66965975269954,86.1463401821171,13.8536598178829
1983,10.3120416427834,2.04383219669284,92.3776767095216,23.3999457078596,461.888383547608,162,24,0.688109807129649,85.9665120429703,14.0334879570297
1983,10.3619309309044,2.05345106375788,94.3018404953612,23.5465845069745,471.509202476806,163,24,0.706616876159194,85.7867556869883,14.2132443130117
1983,10.4101037978888,2.06276759641281,96.2321997809816,23.6916147120319,481.160998904908,164,24,0.724364169434552,85.6058692047402,14.3941307952598
1983,10.4551065608508,2.07159632867075,98.1685544918642,23.8350723305891,490.842772459321,165,24,0.738541528229325,85.422478338217,14.577521661783
1983,10.4959646692609,2.07972916947679,100.110975110907,23.9770113328754,500.554875554533,166,24,0.749388246962487,85.2350119613401,14.7649880386599
1983,10.5322511345219,2.08693566900728,102.059288557788,24.1174656288076,510.296442788942,167,24,0.760779117283571,85.0417580019611,14.9582419980389
1983,10.5680398001199,2.09387615753656,104.012460570975,24.2564067377933,520.062302854873,168,24,0.776811956989329,84.836860834796,15.163139165204
1983,10.6083033109229,2.10138717033498,105.969451288396,24.3938074921439,529.847256441981,169,24,0.801975964285492,84.6163486183789,15.383651381621
1983,10.6533257649337,2.10947785304605,107.929316713631,24.529648907573,539.646583568153,170,24,0.838428389127723,84.38133584612,15.61866415388
1983,10.7021097327259,2.11815614614945,109.89073737446,24.6638875804355,549.453686872302,171,24,0.881023328010326,84.1330865706501,15.8669134293499
1983,10.7534501535319,2.12742336072433,111.85322267149,24.7965380586885,559.266113357452,172,24,0.92257984890454,83.8728292600667,16.1271707399334
1983,10.8061348712184,2.13728388713177,113.817476280949,24.9276935526307,569.087381404743,173,24,0.954539455875071,83.601762138854,16.398237861146
1983,10.8589303435671,2.14774028881806,115.78567010485,25.0575392220131,578.928350524249,174,24,0.967559927747682,83.3209824455347,16.6790175544653
1983,10.911667176887,2.15879580954594,117.76159651381,25.1863566890688,588.807982569049,175,24,0.959934682856535,83.0314737434058,16.9685262565942
1983,10.9658502086143,2.170452570152,119.749353733176,25.3144342803948,598.746768665881,176,24,0.942104410864312,82.73423685358,17.26576314642
1983,11.0226850901468,2.18270660808039,121.751251008407,25.4419339912921,608.756255042033,177,24,0.922517016254658,82.4304890451075,17.5695109548925
1983,11.0833656211459,2.19554671715333,123.768147372319,25.5689198315788,618.840736861597,178,24,0.90903543755027,82.1216040901015,17.8783959098985
1983,11.1490762791268,2.2089530612749,125.799566340387,25.6953704107395,628.997831701934,179,24,0.909156638847266,81.8090785134716,18.1909214865284
1983,11.2209946259312,2.22289581454423,127.843767369101,25.8211880674346,639.218836845504,180,24,0.930879643150818,81.4945041283089,18.5054958716911
1983,11.2984842598109,2.23733486478049,129.897644258168,25.9461969409587,649.488221290841,181,24,0.972499059999624,81.1795681004116,18.8204318995884
1983,11.3798779207506,2.25221749114396,131.958303549247,26.0702417416227,659.791517746235,182,24,1.02664389422925,80.8658492653279,19.1341507346721
1983,11.4634849238638,2.26749041320116,134.023991562317,26.1932415235625,670.119957811585,183,24,1.08474790192586,80.5547846493124,19.4452153506876
1983,11.5475341683517,2.28309553470599,136.094328648461,26.3151994210648,680.471643242307,184,24,1.13609696071578,80.2476140137334,19.7523859862666
1983,11.6296707208251,2.29897407074718,138.170722452156,26.436222171226,690.85361226078,185,24,1.1640427693159,79.9453599251147,20.0546400748853
1983,11.7098481434278,2.3150721164704,140.257437553835,26.5565761077415,701.287187769173,186,24,1.16903293941315,79.6487465310353,20.3512534689647
1983,11.7897096602395,2.33133091378293,142.358637131349,26.676510965566,711.793185656745,187,24,1.16563199223471,79.3584754156994,20.6415245843006
1983,11.8708461378447,2.34767617762979,144.475897271296,26.796120986796,722.379486356478,188,24,1.16857999498241,79.0754359429534,20.9245640570466
1983,11.9548348474052,2.36401582126764,146.608161906654,26.9153502457982,733.040809533268,189,24,1.19303564666023,78.8006922568284,21.1993077431716
1983,12.0405791786166,2.38024553149718,148.751657125878,27.0339954730612,743.758285629389,190,24,1.23544450161632,78.5372028908659,21.4627971091341
1983,12.125556276796,2.39624183856046,150.903100060767,27.1518883738281,754.515500303835,191,24,1.28208678715003,78.2854079976443,21.7145920023557
1983,12.2092009144703,2.4118840878977,153.061446851112,27.268988271561,765.307234255562,192,24,1.33365542713572,78.0453396023212,21.9546603976788
1983,12.2909289511618,2.42704831576152,155.225401090398,27.3852426720076,776.127005451991,193,24,1.39091573819672,77.8178859992312,22.1821140007688
1983,12.3701189757581,2.4416035325116,157.393395831999,27.5005868697568,786.966979159996,194,24,1.45473685805998,77.6039371656711,22.3960628343289
1983,12.4440247146111,2.45541234808564,159.563565686795,27.6149430505631,797.817828433974,195,24,1.50689321704404,77.4043991849186,22.5956008150814
1983,11.9223159088594,2.35223652491119,161.737141162927,27.7283972273689,808.685705814637,196,24,1.51726121182282,76.721877122326,23.278122877674
1983,11.9794197192617,2.36352083186417,163.803310307224,27.8352641053379,819.016551536119,197,24,1.53229675190683,76.557375109339,23.442624890661
1983,12.0310818207484,2.37372617546793,165.876908864844,27.9415747986878,829.384544324218,198,24,1.54761734854881,76.4091639861616,23.5908360138384
1983,12.0676846127904,2.38069225633102,167.956746413548,28.0472789482318,839.783732067741,199,24,1.57630283402328,76.282948426731,23.717051573269
1983,12.0746730885889,2.38162637793895,170.03709320333,28.152100240921,850.185466016651,200,24,1.61496379165708,76.1812307610122,23.8187692389878
1983,12.0529832965531,2.37695804309528,172.109989220588,28.2556608089701,860.549946102941,201,24,1.65152694705771,76.1032151184197,23.8967848815803
1983,12.0040555268769,2.36697098751107,174.170081014854,28.3577239452539,870.850405074269,202,24,1.68591903652795,76.0484045058523,23.9515954941477
1983,11.9297864746643,2.35203848534482,176.212321764369,28.4580755449551,881.061608821843,203,24,1.71806736845111,76.0170335663486,23.9829664336514
1983,11.8324915716886,2.33261363314803,178.232062776298,28.5565274258246,891.160313881489,204,24,1.74803154667925,76.009967019456,23.9900329805441
1983,11.7146893704324,2.30921881152824,180.225110993823,28.6529188502658,901.125554969115,205,24,1.77416800013136,76.0286071721703,23.9713928278297
1983,11.5792493731963,2.28243524553863,182.188110365883,28.7471334773145,910.940551829415,206,24,1.79527728354867,76.074774090784,23.925225909216
1983,11.4293900097055,2.25288882329653,184.118522992426,28.839096603415,920.592614962131,207,24,1.81152350815597,76.1505962776182,23.8494037223818
1983,11.2684751231379,2.22123310997623,186.014425881493,28.9287639119321,930.072129407463,208,24,1.82317096225758,76.2583857556978,23.7416142443022
1983,11.0999141332008,2.18813059526563,187.874519717771,29.0161206975121,939.372598588855,209,24,1.83053940112938,76.4004575754093,23.5995424245907
1983,10.9268898300732,2.15423041080187,189.698126521298,29.1011806717937,948.490632606491,210,24,1.83199515733197,76.5788964373603,23.4211035626397
1983,10.7528733830101,2.12015369836408,191.485534573166,29.1840009219341,957.427672865832,211,24,1.83130097448242,76.8003516654147,23.1996483345853
1983,10.0281180889663,1.97737815158669,193.236976059702,29.264633619456,966.18488029851,212,24,1.81217753687731,76.4673567501434,23.5326432498566
1984,8.75635520207109,1.73710604118308,54.5,19.9420239553624,272.5,141,24,0.419017191428329,89.8885213410861,10.1114786589139
1984,8.82186513664144,1.75016575133196,56.1674410167627,20.1249743410901,280.837205083814,142,24,0.427848693046926,89.6744771300676,10.3255228699324
1984,8.88397360897473,1.76237052792442,57.8462124559863,20.3053827819889,289.231062279932,143,24,0.44002609454968,89.4604454620237,10.5395545379763
1984,8.94243460527022,1.77374019834191,59.5349639603965,20.4832186587518,297.674819801982,144,24,0.454435399803566,89.2465100657746,10.7534899342254
1984,8.99714849107399,1.78432510522018,61.2325186511646,20.6584726597156,306.162593255823,145,24,0.469852460850423,89.0328729105234,10.9671270894766
1984,9.04873522946288,1.79419144548339,62.9379244227226,20.8311597798734,314.689622113613,146,24,0.487500470713825,88.8206946090617,11.1793053909383
1984,9.09787561929405,1.80345653950776,64.6501083815414,21.0012829416947,323.250541907707,147,24,0.507945970950542,88.608662539078,11.391337460922
1984,9.14438500006881,1.81221639127519,66.3680203322849,21.1688478687313,331.840101661425,148,24,0.528545156128333,88.3980381256953,11.6019618743047
1984,9.18814694073258,1.8205864961485,68.0911017432322,21.3339072683168,340.455508716161,149,24,0.546139655479172,88.1893937816908,11.8106062183092
1984,9.22906826060523,1.82868485530846,69.8194022888116,21.496567549855,349.097011444058,150,24,0.557312516231687,87.983138154368,12.016861845632
1984,9.81478631239394,1.94499547147445,71.5536361956669,21.6569894014208,357.768180978334,151,24,0.56641378962901,88.1139434575846,11.8860565424154
1984,9.85438320165223,1.95318347556265,73.4031749231428,21.8251184894038,367.015874615714,152,24,0.570566653188802,87.9011576717435,12.0988423282565
1984,9.89385690285132,1.96138662352866,75.2597800712478,21.9909460543997,376.298900356239,153,24,0.573708553718203,87.6917151531627,12.3082848468373
1984,9.93399002719897,1.969711105434,77.1236261123068,22.1545767410878,385.618130561534,154,24,0.576916414748591,87.4870004491036,12.5129995508964
1984,9.9753701742296,1.97822377011817,78.994828308816,22.3161037678486,394.97414154408,155,24,0.581295377972739,87.2867895964009,12.7132104035991
1984,10.0198806562787,1.98696459032643,80.873398037473,22.475606093286,404.366990187365,156,24,0.594309219636677,87.0903499226569,12.9096500773431
1984,10.0680363139181,1.99596100612641,82.758230174359,22.6330656302801,413.791150871795,157,24,0.618151494736352,86.8977676298926,13.1022323701074
1984,10.1180966656064,2.00521471755074,84.6478834372692,22.7884384800953,423.239417186346,158,24,0.645504238087219,86.7090183377221,13.2909816622779
1984,10.1681517648985,2.01469930425589,86.5420316109388,22.9417734256691,432.710158054694,159,24,0.667880512203846,86.5237593734642,13.4762406265358
1984,10.2161099803218,2.02436022722321,88.4416633980512,23.0932207108423,442.208316990256,160,24,0.675701239479819,86.3413073628278,13.6586926371722
1984,10.2615636434527,2.03411590079637,90.3492644374535,23.2430387371174,451.746322187267,161,24,0.668701015521017,86.1606260312928,13.8393739687072
1984,10.3060526085921,2.04385958098484,92.2672912590921,23.3914690112258,461.33645629546,162,24,0.657438067384151,85.9805346555573,14.0194653444426
1984,10.3501859450109,2.05345960111969,94.1963959867345,23.5386029598709,470.981979933672,163,24,0.648149561797034,85.7999267647542,14.2000732352458
1984,10.3944879729373,2.06275904573316,96.1361043866267,23.6844431448649,480.680521933133,164,24,0.646837648488572,85.6176699750064,14.3823300249937
1984,10.4393558115945,2.07157465951653,98.0848459126073,23.8289116427393,490.424229563037,165,24,0.659565169901474,85.4325848242941,14.5674151757059
1984,10.4840285344359,2.07969890138236,100.039916140682,23.9718528050028,500.199580703408,166,24,0.688373669205842,85.2434485815921,14.7565514184079
1984,10.526157435361,2.08689968336435,101.998049464459,24.1130794657016,509.990247322297,167,24,0.729004862293759,85.0489109349599,14.9510890650401
1984,10.5681576688629,2.09383422636831,103.956361549877,24.2524415470447,519.781807749385,168,24,0.778291560986863,84.84331090868,15.15668909132
1984,10.613347977095,2.10133583719909,105.913083894287,24.3898747683589,529.565419471434,169,24,0.832321877577423,84.6227314042889,15.3772685957111
1984,10.6608379203558,2.10941170023796,107.867893434459,24.5254177703202,539.339467172296,170,24,0.885752914517424,84.3881886674321,15.6118113325679
1984,10.7079948304105,2.11806969133871,109.821356808961,24.6591678204187,549.106784044804,171,24,0.920577873779892,84.1407156115617,15.8592843884383
1984,10.7541888689913,2.127315471178,111.777114595559,24.7914240394208,558.885572977793,172,24,0.930389249943369,83.8810793984723,16.1189206015277
1984,10.8016513783725,2.13716054133378,113.739961671786,24.9225478359906,568.699808358929,173,24,0.928698989402446,83.6100467127969,16.3899532872031
1984,10.8526278880386,2.14761089444184,115.712435291168,25.0527354432658,578.562176455842,174,24,0.929927370328214,83.3286999523527,16.6713000476472
1984,10.9093737884924,2.15866563695797,117.6946363163,25.1820160814735,588.473181581501,175,24,0.948726519465957,83.0384308369907,16.9615691630094
1984,10.9713488550606,2.17031425188307,119.684184989541,25.3102588347198,598.420924947703,176,24,0.982578316154529,82.740911814776,17.259088185224
1984,11.036512383126,2.1825405259638,121.679096144416,25.4373639715532,608.395480722078,177,24,1.01907892953471,82.4377734298548,17.5622265701452
1984,11.1048475060316,2.19532663365088,123.67945624645,25.5633661854672,618.397281232251,178,24,1.05891642016705,82.1304271825954,17.8695728174046
1984,11.176300369093,2.20864874131745,125.685209505112,25.6882899494204,628.426047525561,179,24,1.10281392030122,81.8202856246082,18.1797143753918
1984,11.2507911438855,2.22247652135512,127.696143454673,25.8121491945645,638.480717273363,180,24,1.1516419779946,81.5087518312961,18.4912481687039
1984,11.3259767863843,2.23677408983679,129.711854284195,25.9349457795211,648.559271420975,181,24,1.18858149108646,81.1972214303832,18.8027785696168
1984,11.400673313853,2.25150357368593,131.734832154331,26.0568550639171,658.674160771654,182,24,1.20472227879633,80.8867469901001,19.1132530098999
1984,11.4766030205748,2.2666317721754,133.769110627339,26.1781366133899,668.845553136694,183,24,1.21463967334349,80.57823435855,19.42176564145
1984,11.5554591976913,2.28211075731798,135.816150326499,26.2988882335719,679.080751632494,184,24,1.23380246255769,80.2727848318904,19.7272151681096
1984,11.6389049951797,2.29787627395426,137.874654810591,26.4190436831243,689.373274052957,185,24,1.27881265604953,79.9716987087319,20.028301291268
1984,11.7261072231848,2.31384443459755,139.940338495881,26.5383677967371,699.701692479405,186,24,1.34833346227819,79.6764731624907,20.3235268375093
1984,11.8142027860281,2.32992179691559,142.00901602744,26.6566408243159,710.045080137199,187,24,1.42370297779206,79.3885138558016,20.6114861441984
1984,11.9016448842824,2.34601848232658,144.079661577979,26.7738298762539,720.398307889893,188,24,1.49502853416174,79.1088790910761,20.8911209089239
1984,11.9868147726467,2.36204442471829,146.152917609776,26.8899964501207,730.764588048879,189,24,1.55009607628338,78.8384311357067,21.1615688642933
1984,12.0681567503797,2.37792072815487,148.231544343447,27.0053166108202,741.157721717236,190,24,1.57586693520728,78.5795442744537,21.4204557255463
1984,12.1453632407812,2.39356170591328,150.320596578872,27.1200851198362,751.602982894358,191,24,1.57275477952525,78.3319719405471,21.6680280594529
1984,12.2192190273327,2.40887775685386,152.424981886312,27.2345775224069,762.124909431559,192,24,1.55338194567862,78.09529673032,21.90470326968
1984,12.2896583977081,2.42376855524221,154.547237079145,27.3489317775795,772.736185395723,193,24,1.52279109280663,77.8701552253072,22.1298447746928
1984,12.3565754154872,2.4381242917495,156.688874670437,27.4632262392794,783.444373352186,194,24,1.48592851331237,77.6572636584857,22.3427363415143
1984,12.4198226286906,2.45182564382636,158.850394386999,27.5774830342805,794.251971934997,195,24,1.4473781286944,77.4574224081894,22.5425775918106
1984,11.8932783241658,2.34868145211006,161.031347729405,27.6916740497445,805.156738647026,196,24,1.40982370663807,76.7737764758714,23.2262235241286
1984,11.9497541684107,2.36000453391458,163.113523625512,27.7996918079658,815.56761812756,197,24,1.41705827799303,76.6072570235091,23.3927429764908
1984,12.0032940733192,2.37026690634103,165.204569943494,27.9072068451694,826.022849717472,198,24,1.44623222151714,76.45700076432,23.54299923568
1984,12.042147441231,2.37730155382875,167.29946527083,28.013972854818,836.49732635415,199,24,1.49116866189943,76.3290532578246,23.6709467421754
1984,12.0514318133123,2.37832837353217,169.392075463691,28.1196961521673,846.960377318455,200,24,1.54551887471762,76.2260237691858,23.7739762308142
1984,12.0319518934981,2.37377134693732,171.474562773905,28.2240081419211,857.372813869527,201,24,1.59693729449252,76.1470713289023,23.8529286710977
1984,11.9848537959571,2.36391131516711,173.541724223074,28.3266828545051,867.708621115369,202,24,1.6423344355626,76.091666755993,23.908333244007
1984,11.912743304524,2.3491218414122,175.589207881987,28.4275433052569,877.946039409933,203,24,1.68879132840343,76.0599786871338,23.9400213128662
1984,11.8185936345659,2.32985056914047,177.611770700273,28.5263745116189,888.058853501363,204,24,1.74430936458539,76.0528973935384,23.9471026064616
1984,11.7056734410259,2.30660931659286,179.603168886191,28.6229194497966,898.015844430954,205,24,1.81796389708312,76.0719548255558,23.9280451744442
1984,11.5752169855094,2.27996369533674,181.55600328566,28.7168729118136,907.780016428302,206,24,1.8923501556068,76.1192473929062,23.8807526070938
1984,11.4287097463639,2.25053995494191,183.466609755958,28.8081155169228,917.333048779791,207,24,1.9455602765624,76.1969863339213,23.8030136660787
1984,11.2701114147295,2.21900743721266,185.336008017045,28.896751429689,926.680040085226,208,24,1.98232548524106,76.3072787122692,23.6927212877308
1984,11.1033832577004,2.18603840338181,187.165065647144,28.9828735669921,935.825328235719,209,24,2.00845986198989,76.4522784080998,23.5477215919002
1984,10.932363410886,2.15228578734211,188.954281792337,29.0665540371283,944.771408961683,210,24,2.03038148056748,76.633966814842,23.366033185158
1984,10.7605036956269,2.11836914966377,190.70364186832,29.1478382045625,953.518209341599,211,24,2.05206984971077,76.8589829973777,23.1410170026223
1984,10.0362096911421,1.97575341164292,192.413028264847,29.2267645164711,962.065141324237,212,24,2.04225433353963,76.5306973645159,23.4693026354841
1985,8.76614127759061,1.73710604118308,54.5,19.9420239553624,272.5,141,24,0.455674113145198,89.8885213410861,10.1114786589139
1985,8.83275005106884,1.75016412423776,56.1620668475232,20.1243908119108,280.810334237616,142,24,0.469351177957879,89.6753189466621,10.3246810533379
1985,8.89442877882889,1.76236957334512,57.8347147909129,20.3041596817519,289.173573954564,143,24,0.480599458370125,89.4622391748879,10.5377608251121
1985,8.95091648534816,1.77374236819989,59.5174427017738,20.4813917283095,297.587213508869,144,24,0.487807165724915,89.249232662191,10.750767337809
1985,9.00265840383941,1.78433219661922,61.210019494941,20.6561721504034,306.050097474705,145,24,0.491666552162457,89.0363550320708,10.9636449679292
1985,9.05070924989319,1.79420400284123,62.9121645483139,20.82857577821,314.560822741569,146,24,0.495130695703538,88.8246644218793,11.1753355781207
1985,9.09608751803418,1.80347375888933,64.6232174204997,20.9986354664127,323.116087102498,147,24,0.499980696665734,88.6127881390638,11.3872118609362
1985,9.13972005258142,1.81223616596151,66.3423649899329,21.166367816965,331.711824949664,148,24,0.508101853390887,88.4019548546822,11.5980451453178
1985,9.18262562237406,1.82060622986629,68.0686022720609,21.3317708394958,340.343011360305,149,24,0.521469886544593,88.1928098917105,11.8071901082895
1985,9.22598365076908,1.82870274219887,69.8007327071638,21.4948255259384,349.003663535819,150,24,0.542977796459627,87.9859552703135,12.0140447296865
1985,9.81691158733569,1.94501381310407,71.537216823457,21.6554833364214,357.686084117285,151,24,0.575189403652426,88.1163397238663,11.8836602761337
1985,9.86266863765695,1.95320395616362,73.3854256693593,21.8235191356871,366.927128346797,152,24,0.607163626324087,87.9037278992515,12.0962721007485
1985,9.9076549214667,1.96141384092153,75.2363687385426,21.988872858933,376.181843692713,153,24,0.636226714955535,87.6950757261925,12.3049242738075
1985,9.95120863107389,1.96974903861995,77.090471092153,22.1516902086222,385.452355460765,154,24,0.655920744507842,87.4917131557367,12.5082868442633
1985,9.99324366408003,1.97827382849486,78.9493166885699,22.3122069035324,394.746583442849,155,24,0.663412654913558,87.2931886705486,12.7068113294513
1985,10.0349017680621,1.9870247984234,80.8150385019372,22.4706900822209,404.075192509686,156,24,0.663203907489216,87.0984584191859,12.901541580814
1985,10.0771395388997,1.99602609555123,82.6890971359706,22.6273346308921,413.445485679853,157,24,0.659515349885454,86.9072500962607,13.0927499037393
1985,10.1208112007924,2.00527758501076,84.5722998813999,22.7822704422523,422.861499406999,158,24,0.656621699309678,86.7192434621718,13.2807565378282
1985,10.1666446661171,2.01475377405993,86.4647694350227,22.9355649060367,432.323847175114,159,24,0.658668580048566,86.5340596122417,13.4659403877583
1985,10.2154439402078,2.02440292873935,88.3659444284612,23.0872276598011,441.829722142306,160,24,0.670870196233773,86.3512477130886,13.6487522869114
1985,10.2667452207178,2.03414670422189,90.274380910334,23.2371993654816,451.37190455167,161,24,0.693290922866608,86.170300528309,13.829699471691
1985,10.3191606854845,2.04387928453535,92.1885287469518,23.3854163748713,460.942643734759,162,24,0.722277321360988,85.9905437946729,14.0094562053271
1985,10.3711472228053,2.05346702049863,94.107290363512,23.5318533171068,470.53645181756,163,24,0.753737348367156,85.8110613736297,14.1889386263703
1985,10.4210137598832,2.06274987877481,96.0300773702358,23.6765245842156,480.150386851179,164,24,0.782871984055448,85.6306959857063,14.3693040142937
1985,10.4675746148844,2.0715418970176,97.9569223194177,23.8194897861483,489.784611597089,165,24,0.807947569787668,85.448036822109,14.551963177891
1985,10.5100331610138,2.07963463262218,99.8879666498763,23.96081345239,499.439833249382,166,24,0.83011637701553,85.2614983393668,14.7385016606332
1985,10.5470578009329,2.08679736610553,101.822961265551,24.1005288879874,509.114806327753,167,24,0.848154296451931,85.0693732988619,14.9306267011381
1985,10.5818023515258,2.0936893619286,103.76163479951,24.2386662880346,518.808173997549,168,24,0.860738071751696,84.8657136618535,15.1342863381465
1985,10.6183242850855,2.10114676809915,105.704610493373,24.3753170002552,528.523052466865,169,24,0.866650133465788,84.6463537326468,15.3536462673532
1985,10.657476955719,2.1091817212526,107.653565689692,24.5106406564646,538.267828448459,170,24,0.870698300395138,84.4121177134584,15.5878822865416
1985,10.70007160603,2.11780642446838,109.609385786442,24.6447351562955,548.04692893221,171,24,0.877505470491691,84.1640413092908,15.8359586907092
1985,10.7458483608169,2.12702582478005,111.572192781159,24.7776424123726,557.860963905795,172,24,0.885343717659827,83.9033101170776,16.0966898829224
1985,10.7945499644012,2.13684697741018,113.542401215464,24.9094219538942,567.712006077322,173,24,0.892413053193817,83.6311778706964,16.3688221293036
1985,10.8459015145337,2.14727294465641,115.520733029877,25.0401508462732,577.603665149385,174,24,0.896909451211368,83.3489170811949,16.6510829188051
1985,10.9005992479096,2.15830393628521,117.508214745839,25.1699224725998,587.541073729193,175,24,0.903166819279915,83.0578144024337,16.9421855975663
1985,10.9594342512512,2.16993490194837,119.505143995556,25.2987792838543,597.525719977779,176,24,0.916322302799272,82.7592638459421,17.2407361540579
1985,11.0221858538528,2.18215410097198,121.510947855956,25.4267067523859,607.554739279781,177,24,0.935530004731275,82.4547615080618,17.5452384919382
1985,11.0886043113534,2.19494436243168,123.525177173112,25.5536989468732,617.625885865559,178,24,0.95999133428268,82.1457868980432,17.8542131019568
1985,11.1584059037909,2.2082827776818,125.547491246641,25.6797570915971,627.737456233205,179,24,0.988877135209082,81.833793235726,18.166206764274
1985,11.2307106351629,2.22214046292618,127.577657109982,25.8048891175488,637.888285549909,180,24,1.01744676374121,81.5201974506835,18.4798025493165
1985,11.305112195758,2.23648581729184,129.616212535002,25.9291494792968,648.081062675011,181,24,1.04392478302516,81.2063177252832,18.7936822747168
1985,11.3819267290545,2.25127749808503,131.66396756017,26.0526067346442,658.319837800849,182,24,1.07187733157744,80.8933805358806,19.1066194641194
1985,11.4614776909716,2.26647018665868,133.721080556374,26.17528798022,668.605402781868,183,24,1.10536735035973,80.5826579311087,19.4173420688913
1985,11.5440441749109,2.28200755600308,135.786960408814,26.297175312178,678.934802044068,184,24,1.14896984558504,80.2754289501911,19.724571049809
1985,11.6280061525919,2.29782257792683,137.86015538524,26.4182017348288,689.300776926198,185,24,1.19362770239432,79.9729900513731,20.0270099486269
1985,11.7117530552902,2.31384583244534,139.940699982987,26.5383885702416,699.703499914935,186,24,1.22933548230147,79.6764415180613,20.3235584819387
1985,11.7955599212164,2.33000750272048,142.030306179103,26.6578517894212,710.151530895513,187,24,1.26048361385392,79.3866824456315,20.6133175543685
1985,11.8796700011958,2.34622824462013,144.129860908811,26.7766563117875,720.649304544056,188,24,1.29207559259829,79.1046366750379,20.8953633249621
1985,11.9642938432945,2.36241802612884,146.239297251047,26.8948113946039,731.196486255233,189,24,1.32968420456384,78.8312604501388,21.1687395498613
1985,12.0483919121715,2.37848290387575,148.357474302058,27.0122667776351,741.787371510292,190,24,1.36881145640596,78.569277157648,21.430722842352
1985,12.130445907633,2.39431230238463,150.483941722,27.1290120154221,752.419708609999,191,24,1.40115486011712,78.3188935048934,21.6811064951066
1985,12.2099625982118,2.40979585845307,152.619604765678,27.245110503308,763.098023828392,192,24,1.4269480133097,78.0799944029844,21.9200055970156
1985,12.2864542998905,2.42482140323361,154.765221660651,27.3606154025595,773.826108303256,193,24,1.44667364440148,77.8533241386622,22.1466758613378
1985,12.3594004765902,2.43927089941798,156.921354951361,27.4755675462163,784.606774756807,194,24,1.46088908985374,77.6396344495926,22.3603655504074
1985,12.4295595657969,2.45302087382931,159.088350111102,27.5899948968414,795.441750555508,195,24,1.48192718233004,77.43969794508,22.56030205492
1985,11.9083017632972,2.34985314268004,161.264236380166,27.7038038713031,806.321181900831,196,24,1.49517511599958,76.756619271798,23.243380728202
1985,11.9663936127715,2.36111821723402,163.332239390307,27.8109823119997,816.661196951536,197,24,1.52050809864558,76.5914110739699,23.4085889260301
1985,12.0169525064028,2.37130122351587,165.405818488899,27.9175042751462,827.029092444493,198,24,1.52627323912854,76.4426553128275,23.5573446871725
1985,12.047604490806,2.37826969120944,167.487336495577,28.0235020582174,837.436682477887,199,24,1.49772523244013,76.315850769723,23.684149230277
1985,12.0462896178625,2.37928636516335,169.579628883819,28.1291272246736,847.898144419097,200,24,1.45313948404485,76.2129760410388,23.7870239589612
1985,12.0182215748948,2.37479794982891,171.679462111237,28.234223764445,858.397310556187,201,24,1.41961198650976,76.132906185008,23.867093814992
1985,11.9647131987094,2.36506679668758,173.779227537203,28.3384248127484,868.896137686016,202,24,1.39598494601711,76.075290739399,23.924709260601
1985,11.887511704927,2.35044365319471,175.871814947225,28.4414002393727,879.359074736126,203,24,1.38137641981384,76.0404771046416,23.9595228953584
1985,11.7887564728857,2.33135910850025,177.950644692666,28.5428565375067,889.753223463329,204,24,1.37512924929323,76.0294205056446,23.9705794943554
1985,11.6724562233785,2.30831416462103,180.009701510255,28.6425367450993,900.048507551276,205,24,1.39036531800171,76.0435996649332,23.9564003350668
1985,11.5419387825915,2.28185997554556,182.041152819667,28.7401047841726,910.205764098337,206,24,1.43349569766149,76.0850970471943,23.9149029528057
1985,11.3987462190952,2.25259307935352,184.036556417044,28.8352054853533,920.18278208522,207,24,1.49361094765997,76.1564184975619,23.8435815024381
1985,11.2446930374768,2.2211527377945,185.98996842903,28.9276112540369,929.949842145148,208,24,1.55862775408177,76.2601449127661,23.7398550872339
1985,11.0817936449077,2.18820065998125,187.898231408106,29.017230385641,939.49115704053,209,24,1.61449035851462,76.3987292132534,23.6012707867466
1985,10.9127270929211,2.15439622530356,189.761407153907,29.1041220709241,948.807035769537,210,24,1.65203318047097,76.5742215985357,23.4257784014643
1985,10.7411280197059,2.1203742883608,191.581929375877,29.1884520733176,957.909646879385,211,24,1.67385268351539,76.7931392449697,23.2068607550303
1985,10.0175906736487,1.97762627039671,193.36244053154,29.2703901583258,966.812202657699,212,24,1.65921789085965,76.4577334643899,23.5422665356101
1986,8.74148803836884,1.73710604118308,54.5,19.9420239553624,272.5,141,24,0.368891092752659,89.8885213410861,10.1114786589139
1986,8.80861296546936,1.75016788303575,56.1744928037574,20.1257399675651,280.872464018787,142,24,0.382242078808326,89.6733725430708,10.3266274569292
1986,8.87115948493018,1.7623716392656,57.8597351076173,20.3068210797224,289.298675538087,143,24,0.394937887703951,89.4583358894664,10.5416641105337
1986,8.92870444777423,1.77373770209663,59.5549413753179,20.4853012338813,297.774706876589,144,24,0.405122257275757,89.2434059240917,10.7565940759083
1986,8.98166415467287,1.78431653073549,61.259612572228,20.6612421959573,306.29806286114,145,24,0.413203122569783,89.0286798707946,10.9713201292054
1986,9.03092810065432,1.79417417594175,62.9732512023511,20.834702250127,314.866256011755,146,24,0.421030268375539,88.8152507726323,11.1847492273678
1986,9.07710479651391,1.80342762404624,64.6951675637874,21.0057173990255,323.475837818937,147,24,0.428663073950269,88.6017500547201,11.3982499452799
1986,9.1206951490067,1.81217256549574,66.4247816200622,21.1743324978354,332.123908100311,148,24,0.436160620074277,88.3893732342355,11.6106267657645
1986,9.16231083241292,1.82052457659358,68.1616015238574,21.3405983638728,340.808007619287,149,24,0.443625827459169,88.1786907447839,11.8213092552161
1986,9.20270289998893,1.82860252652798,69.9052369864264,21.5045724508232,349.526184932132,150,24,0.451619261262494,87.970187664751,12.029812335249
1986,9.78804944233212,1.94488176030552,71.6553356071229,21.6663124057865,358.276678035614,151,24,0.464146148769787,88.0991031110596,11.9008968889404
1986,9.82988878468437,1.95304860142049,73.5199793304575,21.8356368092805,367.599896652287,152,24,0.476460791513763,87.8842459717777,12.1157540282223
1986,9.8725706836927,1.96123457481773,75.3905052569075,22.0025141958425,376.952526284537,153,24,0.491647302936919,87.6729535651821,12.3270464348179
1986,9.91679608779453,1.96954760629042,77.2665043900887,22.1670060821925,386.332521950443,154,24,0.510533528652469,87.4666958648879,12.5333041351121
1986,9.96238566697661,1.978055829068,79.1475420136409,22.3291682266957,395.737710068204,155,24,0.531373148780416,87.2653230999064,12.7346769000936
1986,10.008980114326,1.98679952327702,81.0334964433529,22.489079561906,405.167482216765,156,24,0.552002722745327,87.0681125013005,12.9318874986995
1986,10.056797956376,1.99580454596659,82.9246064230933,22.6468442448955,414.623032115466,157,24,0.572728536258732,86.8749549382742,13.1250450617258
1986,10.1059454344955,2.00507092093727,84.8210927077889,22.8025588546617,424.105463538944,158,24,0.593983028273111,86.6855952901819,13.3144047098181
1986,10.1563747980839,2.01457200589288,86.7231103411055,22.9563091603874,433.615551705528,159,24,0.616167510424887,86.4996291374208,13.5003708625792
1986,10.2072585329147,2.02425405726583,88.6307240475426,23.1081690021186,443.153620237713,160,24,0.636715538168961,86.3164991121593,13.6835008878407
1986,10.2577183498488,2.0340361851988,90.5443457958596,23.2582352383243,452.721728979298,161,24,0.653200130721061,86.1354353114015,13.8645646885986
1986,10.3074498448201,2.0438107984816,92.4646967001864,23.4066231539706,462.323483500932,162,24,0.666507872446977,85.9554618724466,14.0445381275534
1986,10.3560151081766,2.05344395248571,94.3922590260561,23.5534237210646,471.961295130281,163,24,0.677655065171387,85.7754660228955,14.2245339771045
1986,10.4028585372634,2.06277627851525,96.3272235029956,23.6987013942513,481.636117514978,164,24,0.687795304633956,85.594204794058,14.405795205942
1986,10.4474289199952,2.07162268633054,98.2694382886426,23.842492197034,491.347191443213,165,24,0.698813732746221,85.4103032028551,14.5896967971449
1986,10.4887835489858,2.07977512688515,100.218263506079,23.984795103663,501.091317530397,166,24,0.711280409130935,85.2222791505298,14.7777208494702
1986,10.5255720361829,2.08700261793029,102.172755945562,24.125587723705,510.86377972781,167,24,0.724292344597801,85.0285101228579,14.9714898771421
1986,10.5609312673342,2.09396571255227,104.131882124116,24.2648427302547,520.659410620581,168,24,0.73684891020388,84.8231360467441,15.1768639532559
1986,10.5988898342615,2.10150222911594,106.095435250366,24.4025920596134,530.477176251828,169,24,0.747884957638645,84.6020893245813,15.3979106754186
1986,10.6397102810026,2.10962353220769,108.064226387012,24.5389362609301,540.321131935059,170,24,0.758450836679823,84.3662920205232,15.6337079794768
1986,10.6838699612233,2.11834125050793,110.038908018208,24.673960252961,550.19454009104,171,24,0.770801461709814,84.116803283297,15.883196716703
1986,10.7314971394183,2.12766005830672,112.019776046986,24.8077210199969,560.09888023493,172,24,0.785576844297913,83.8547868421692,16.1452131578308
1986,10.7827222919236,2.13758625494554,114.007022929559,24.9402661045085,570.035114647795,173,24,0.803430779630199,83.5815190961815,16.4184809038184
1986,10.8376498116288,2.14812119955519,116.000735317887,25.0716340222004,580.003676589433,174,24,0.825073805493533,83.298337703328,16.701662296672
1986,10.8958038779529,2.15926207642028,118.000877456154,25.2018537221463,590.004387280771,175,24,0.848026922373891,83.006635281878,16.993364718122
1986,10.9568390114787,2.17100239787465,120.007813015165,25.3309785220077,600.039065075824,176,24,0.870480245679766,82.7077899752621,17.2922100247379
1986,11.0210126810615,2.18333165792044,122.022197242871,25.459077880739,610.110986214356,177,24,0.894267476393757,82.4031648753973,17.5968351246028
1986,11.0885635460555,2.19623366992387,124.044368739456,25.5861984633734,620.221843697282,178,24,0.92144442373711,82.0941571433811,17.9058428566189
1986,11.1596924741931,2.20968578295084,126.074301258486,25.7123624466653,630.371506292429,179,24,0.954242223987032,81.7821881500165,18.2178118499835
1986,11.233569435307,2.22365810031642,128.111561095081,25.8375662744656,640.557805475406,180,24,0.988585496220397,81.4686939620587,18.5313060379413
1986,11.309197707492,2.23811749051516,130.156362254965,25.961845845271,650.781811274825,181,24,1.01889985362358,81.1550221895098,18.8449778104902
1986,11.3864747079363,2.25302283668894,132.209832784592,26.0852902896092,661.049163922958,182,24,1.04557208034817,80.8423661137303,19.1576338862697
1986,11.4652894915706,2.26833115050239,134.273001138317,26.2079791594114,671.365005691585,183,24,1.06910841517606,80.5319154416292,19.4680845583708
1986,11.5454971654312,2.28399119612339,136.346770557461,26.3299814356638,681.733852787305,184,24,1.09015781350582,80.2248149439467,19.7751850560533
1986,11.6260575475968,2.29994459113497,138.431883693371,26.4513540306389,692.159418466853,185,24,1.10328477138122,79.9221730912906,20.0778269087094
1986,11.7065991951299,2.3161295803479,140.529960417636,26.5722018746832,702.64980208818,186,24,1.10795662725567,79.6249688302821,20.3750311697179
1986,11.7878866237342,2.33247823317048,142.642650707673,26.6926273886532,713.213253538366,187,24,1.11209164346852,79.3341308901593,20.6658691098407
1986,11.8706556843521,2.34891024925824,144.770171537043,26.8126484749437,723.850857685214,188,24,1.1238001592511,79.0506626048395,20.9493373951605
1986,11.9556051099655,2.36533167389143,146.911263062044,26.9322003618893,734.556315310222,189,24,1.15162723882143,78.775637612894,21.224362387106
1986,12.0421743445227,2.38164127662236,149.063094735742,27.0511346094204,745.315473678709,190,24,1.19601999040961,78.5119295461012,21.4880704538988
1986,12.1284450637125,2.39771608091433,151.222633708134,27.1692977949412,756.113168540669,191,24,1.24839432129751,78.2599535194017,21.7400464805983
1986,12.213076296948,2.41343177253484,153.388179849928,27.2866145030826,766.940899249642,192,24,1.30378070435986,78.0197890378506,21.9802109621494
1986,12.2947050298906,2.42866512482045,155.558758099884,27.4030510638837,777.793790499422,193,24,1.3562154523381,77.7922932905103,22.2077067094896
1986,12.3719491525269,2.44329194055429,157.734312815121,27.5186237995341,788.671564075603,194,24,1.39884983494058,77.5782373633971,22.4217626366029
1986,12.4432402807962,2.45718920448367,159.91588074698,27.6334056908051,799.579403734902,195,24,1.42271941030909,77.3783137414033,22.6216862585967
1986,11.9200684788766,2.35409924968366,162.105976554534,27.7475437021006,810.529882772668,196,24,1.41180097526642,76.6948707343105,23.3051292656895
1986,11.9755895477828,2.36551048214374,164.192615585826,27.8552945072061,820.963077929129,197,24,1.40657133614912,76.5293425652384,23.4706574347616
1986,12.0254515972629,2.37585900259895,166.290403120247,27.9626631964425,831.452015601237,198,24,1.39899817239603,76.3798698651179,23.6201301348821
1986,12.0595751748576,2.38297743919657,168.398628226573,28.0696191813126,841.993141132867,199,24,1.39685708717447,76.2520862244753,23.7479137755246
1986,12.0648777132439,2.38406581404523,170.513008663026,28.1759541668229,852.565043315129,200,24,1.40948822258763,76.1483245527005,23.8516754472995
1986,12.0434064904524,2.37954628672501,172.624779497241,28.2812445255022,863.123897486203,201,24,1.4364078331769,76.0678409299211,23.9321590700789
1986,11.9955969116758,2.36968347047535,174.725686893392,28.3851061565237,873.628434466958,202,24,1.47018055784687,76.0103204474127,23.9896795525873
1986,11.9223710132229,2.3548392208229,176.809056593959,28.4872447676855,884.045282969797,203,24,1.5027738732822,75.9760894747804,24.0239105252196
1986,11.8251171965474,2.33546340318127,178.870010482686,28.5874623993176,894.350052413432,204,24,1.52546150476446,75.9660115170974,24.0339884829026
1986,11.7071044426464,2.31208293812214,180.905698085052,28.6856644276052,904.528490425262,205,24,1.54351801714422,75.9813837705852,24.0186162294148
1986,11.5720116820263,2.28527820364936,182.912871633263,28.7817397177313,914.564358166315,206,24,1.56415988123525,76.0240099555375,23.9759900444625
1986,11.4223540831197,2.25566945864164,184.887580184042,28.8755466203942,924.437900920211,207,24,1.58105142780057,76.0961156562308,23.9038843437692
1986,11.260839492313,2.22391125720499,186.82764801265,28.9670303444479,934.138240063249,208,24,1.58746558285785,76.200040224351,23.799959775649
1986,11.0902957063055,2.19067235402267,188.732790435888,29.056225064178,943.663952179439,209,24,1.5768269508837,76.3380461706481,23.6619538293519
1986,10.9153971389005,2.15661134360475,190.604606209742,29.1432504135169,953.023031048712,210,24,1.56310155419043,76.5120816399042,23.4879183600958
1986,10.7405317153855,2.12235005771729,192.442837150053,29.2281365180628,962.214185750265,211,24,1.55966768197798,76.7288788498571,23.2711211501429
1986,10.0159582586552,1.97937780854062,194.245429595347,29.3108298552972,971.227147976734,212,24,1.53895375663219,76.3901691484914,23.6098308515086
1987,8.75751331870918,1.73710604118308,54.5,19.9420239553624,272.5,141,24,0.423196632128545,89.8885213410861,10.1114786589139
1987,8.82345319743513,1.75016556849241,56.1668367519503,20.1249087317467,280.834183759751,142,24,0.433667029403443,89.6745717824119,10.3254282175881
1987,8.88515900100596,1.76237040800299,57.8447621381152,20.3052285092088,289.223810690576,143,24,0.444447768025481,89.4606717191081,10.5393282808919
1987,8.94284895529577,1.77374045906756,59.532866391946,20.482999966377,297.66433195973,144,24,0.456000833121893,89.2468359982567,10.7531640017434
1987,8.99682132751797,1.78432584012014,61.2301908755872,20.658234675032,306.150954377936,145,24,0.468543199659203,89.0332331658682,10.9667668341319
1987,9.04737722174746,1.79419248559897,62.9357930788414,20.8309460103714,314.678965394207,146,24,0.482004421916439,88.8210230596476,11.1789769403524
1987,9.09507838792926,1.80345737497575,64.6488046586533,21.0011546049643,323.244023293267,147,24,0.496326642543499,88.6088625507949,11.3911374492051
1987,9.1403828708694,1.81221603597792,66.3684810377389,21.1688923981188,331.842405188694,148,24,0.511461360228996,88.3979677928756,11.6020322071244
1987,9.18385270982029,1.82058379632479,68.0941787784288,21.3341994087888,340.470893892144,149,24,0.527373011453854,88.1889266052577,11.8110733947423
1987,9.2259964433367,1.82867913264079,69.8253737793343,21.4971246699929,349.126868896671,150,24,0.543713308793395,87.9822371189896,12.0177628810104
1987,9.81409117943933,1.94498644723782,71.5617131042144,21.6577301665295,357.808565521072,151,24,0.563655493863402,88.1127647319703,11.8872352680297
1987,9.85654444403489,1.95317367835618,73.4116643725593,21.8258833633138,367.058321862797,152,24,0.580315641870218,87.8999283696324,12.1000716303676
1987,9.89883958011772,1.96137851755674,75.2667518620142,21.9915633559302,376.333759310071,153,24,0.596050106412477,87.6907144243638,12.3092855756362
1987,9.94140903405254,1.96970710097093,77.1271260263152,22.1548813990852,385.635630131576,154,24,0.610304907483257,87.4865029880543,12.5134970119457
1987,9.98465983129229,1.97822563332935,78.9931342680402,22.3159587461866,394.965671340201,155,24,0.623331905114568,87.2870277702238,12.7129722297762
1987,10.0289468977281,1.98697309362164,80.8651546540702,22.4749118483706,404.325773270351,156,24,0.6358246457058,87.0914951822774,12.9085048177226
1987,10.0744665097583,1.99597487367557,82.7434971255425,22.6318445679839,413.717485627712,157,24,0.648088697417786,86.8997882913395,13.1002117086605
1987,10.1212749333076,2.00523087521693,84.6284493304412,22.7868529157917,423.142246652206,158,24,0.660394039938763,86.7116471994401,13.2883528005599
1987,10.1693006721777,2.01471464693295,86.5202557033896,22.9400239806032,432.601278516948,159,24,0.673052367083235,86.5266621703118,13.4733378296883
1987,10.2185720275786,2.02437295030511,88.4190835332094,23.091433920297,442.095417666047,160,24,0.687579708398545,86.3442713601696,13.6557286398304
1987,10.2688120883236,2.03412595101339,90.3248020175251,23.2411315436799,451.624010087625,161,24,0.704716011218963,86.1637861322228,13.8362138677772
1987,10.3192531131316,2.04386712349393,92.2370764060024,23.3891475264473,461.185382030012,162,24,0.723395647721292,85.984373995618,14.015626004382
1987,10.3689919093166,2.05346297214091,94.1556309185806,23.5355156079418,470.778154592903,163,24,0.742470836243273,85.805020251421,14.194979748579
1987,10.4169882820862,2.06275418064055,96.0802380468231,23.6802715616963,480.401190234115,164,24,0.760658582866883,85.6245327330058,14.3754672669942
1987,10.4623389356538,2.07155562277543,98.0107181557544,23.8234530131594,490.053590778772,165,24,0.778072543217472,85.4415377103756,14.5584622896244
1987,10.5041811155709,2.07965939572799,99.946687492187,23.9650809940735,499.733437460935,166,24,0.795728001689287,85.2545215212209,14.7454784787791
1987,10.5412722764567,2.08683491627104,101.887385939021,24.1051486904074,509.436929695106,167,24,0.813179264632167,85.0618420821651,14.9381579178349
1987,10.5768749844324,2.09374150732798,103.831893241236,24.2436385504014,519.159466206179,168,24,0.83000660905383,84.8576281704431,15.1423718295569
1987,10.6151432813797,2.10121502027791,105.78002481992,24.3805855163768,528.900124099602,169,24,0.845760692996559,84.6378055968683,15.3621944031317
1987,10.6557707926012,2.10926628273591,107.732515916489,24.5160863691635,538.662579582445,170,24,0.858199525758038,84.4033000648585,15.5966999351415
1987,10.6989980392796,2.11790699815035,109.69048792756,24.6502595273425,548.4524396378,171,24,0.868328161725557,84.1551135583911,15.8448864416089
1987,10.7455719325583,2.12714259008456,111.654908279471,24.7832074075706,558.274541397357,172,24,0.880525572814299,83.8943338091689,16.1056661908312
1987,10.7962503448789,2.13697954912592,113.626016862692,24.9149793041379,568.130084313458,173,24,0.899385372971654,83.6222314310425,16.3777685689575
1987,10.8517855867034,2.14741834062608,115.603285299255,25.0455719030903,578.016426496274,174,24,0.930051404345827,83.3402082810313,16.6597917189687
1987,10.9115328531851,2.15845338424728,117.585305821915,25.1749251736744,587.926529109577,175,24,0.969371724712256,83.0497961006518,16.9502038993482
1987,10.9743012164658,2.170074687043,119.57117109602,25.3030141301479,597.8558554801,176,24,1.01026349778447,82.7524936229095,17.2475063770905
1987,11.0399645721562,2.18226938475551,121.56115112291,25.4298897053876,607.805755614551,177,24,1.05232961176377,82.4496875949242,17.5503124050758
1987,11.1083882437216,2.19501960984841,123.55556889323,25.555603979407,617.777844466152,178,24,1.09523582729651,82.1427599675304,17.8572400324696
1987,11.1793991669824,2.20830214804554,125.554786051654,25.680209232531,627.773930258269,179,24,1.13851527582557,81.8330774474088,18.1669225525912
1987,11.2515661958756,2.22208821338596,127.559221700266,25.8037590924226,637.796108501331,180,24,1.17194920657035,81.5219790940003,18.4780209059997
1987,11.3241302189347,2.2363497927281,129.571051110122,25.926411467091,647.855255550609,181,24,1.18990853468095,81.2106149800637,18.7893850199364
1987,11.3979005168677,2.25105258974483,131.593421813544,26.0483759370562,657.967109067722,182,24,1.19976967175757,80.899987445302,19.100012554698
1987,11.473682791671,2.26615779398005,133.628165848892,26.1697752428314,668.14082924446,183,24,1.20944408235646,80.5912195987781,19.4087804012219
1987,11.5522547755907,2.28161439888161,135.675692133179,26.2906435177255,678.378460665897,184,24,1.22720431319466,80.2855130234792,19.7144869765208
1987,11.6333602853446,2.29735900966935,137.734908860341,26.4109263866902,688.674544301706,185,24,1.25375553049031,79.9841503313819,20.015849668618
1987,11.7159539254794,2.31331954662397,139.804530528248,26.5305607005426,699.022652641238,186,24,1.28382875319955,79.6883676494644,20.3116323505356
1987,11.7994815039943,2.32941926199096,141.884115033778,26.6495340158051,709.42057516889,187,24,1.31618673146966,79.3992638330045,20.6007361669955
1987,11.8833709920064,2.34557451452876,143.973355409946,26.7678421209712,719.866777049731,188,24,1.34965615659557,79.1178684342826,20.8821315657174
1987,11.9670043051673,2.36169491650609,146.07206347195,26.8854877088902,730.360317359752,189,24,1.38287562382126,78.8451473701533,21.1548526298467
1987,12.0496904606195,2.37769163900723,148.180198232495,27.002481600222,740.900991162475,190,24,1.41365687522051,78.5837333705343,21.4162666294657
1987,12.1308082550418,2.39345800702613,150.298016691348,27.1188505856319,751.490083456738,191,24,1.4411592830487,78.333781118434,21.666218881566
1987,12.2098143080055,2.40888169980361,152.425818207529,27.2346228041185,762.129091037643,192,24,1.46549680470996,78.0952309248917,21.9047690751083
1987,12.2861579093037,2.42384835810217,154.563769168313,27.3498182734825,772.818845841563,193,24,1.48683378339343,77.8688777467724,22.1311222532276
1987,12.3592654193399,2.43823774711021,156.711891543451,27.464448667998,783.559457717253,194,24,1.50542453692856,77.6555168422224,22.3444831577776
1987,12.4288376763516,2.45192426692709,158.8700404304,27.5785165302113,794.350202152,195,24,1.52433464678196,77.4559577984128,22.5440422015872
1987,11.9060633558142,2.34871186893742,161.037396859134,27.6919892685048,805.186984295668,196,24,1.52738154890185,76.7733304277115,23.2266695722885
1987,11.9633484249656,2.35992866500779,163.098615412888,27.7989218349895,815.493077064441,197,24,1.54757041487566,76.6083381230975,23.3916618769025
1987,12.0149690294436,2.37007025214503,165.166285304849,27.9052469176856,825.831426524247,198,24,1.56574006957749,76.4597323640988,23.5402676359012
1987,12.0498495219075,2.37699340081008,167.239633185855,28.0109364862881,836.198165929276,199,24,1.57976867671067,76.3332619994253,23.6667380005747
1987,12.0536745471063,2.37794050606741,169.316094898964,28.1158734187843,846.580474494821,200,24,1.58618845345852,76.2313150049851,23.7686849950149
1987,12.0291678911038,2.37335263085284,171.39093787175,28.2198364282797,856.954689358749,201,24,1.58968270019931,76.1528588865367,23.8471411134633
1987,11.9786666255971,2.36350933349919,173.459040267192,28.322592403071,867.295201335961,202,24,1.59933954072967,76.0973747178892,23.9026252821108
1987,11.9049067689424,2.34877004839207,175.51393339839,28.4238497870255,877.569666991951,203,24,1.62465657294882,76.0651798807377,23.9348201192623
1987,11.8109433893906,2.3295660598235,177.54780094503,28.5232607160103,887.739004725152,204,24,1.67597511269947,76.0573355070465,23.9426644929535
1987,11.6982122940955,2.3063923445742,179.551375448277,28.6204179274771,897.756877241387,205,24,1.74442778177321,76.0755730457571,23.9244269542429
1987,11.5680103050736,2.27981322253174,181.517457778027,28.7150252669616,907.587288890137,206,24,1.81407067006785,76.121965363303,23.878034636697
1987,11.4235232793202,2.25045252666044,183.442303995585,28.8069589436888,917.211519977926,207,24,1.88526477208194,76.1987196312813,23.8012803687187
1987,11.2680799358201,2.21896398785817,185.322740352795,28.896124555216,926.613701763973,208,24,1.95827241592698,76.3082368940912,23.6917631059089
1987,11.1050888004641,2.18601234283795,187.156211404171,28.9824580762927,935.781057020856,209,24,2.03367635344331,76.452926475915,23.5470735240849
1987,10.9361388625336,2.15225043980443,188.940731569051,29.0659223817839,944.703657845257,210,24,2.08656743446467,76.6349720407256,23.3650279592744
1987,10.763701139155,2.11831445545598,190.679619242125,29.1467255176689,953.398096210627,211,24,2.10258449711015,76.8607880046332,23.1392119953668
1987,10.0377822438433,1.97568758781623,192.379559717055,29.2252238965069,961.897798585277,212,24,2.07151315851365,76.5332754885077,23.4667245114923
1988,8.75692811626812,1.73710604118308,54.5,19.9420239553624,272.5,141,24,0.421079554295591,89.8885213410861,10.1114786589139
1988,8.82361867219597,1.75016566119939,56.1671431270287,20.1249419971371,280.835715635143,142,24,0.43427798708022,89.6745237916511,10.3254762083489
1988,8.8856957841941,1.76237042597786,57.844979415569,20.305251621553,289.224897077845,143,24,0.446468554497339,89.4606378226612,10.5393621773388
1988,8.94310180426272,1.77374046894719,59.5327868678878,20.4829916750973,297.663934339439,144,24,0.456968888203937,89.246848355197,10.753151644803
1988,8.9959350185622,1.78432591037118,61.2299683106673,20.6582119203424,306.149841553336,145,24,0.465088585364318,89.0332676109401,10.9667323890599
1988,9.04476901309313,1.79419234355284,62.9360841761527,20.8309752071434,314.680420880763,146,24,0.471689961771518,88.8209782000401,11.1790217999599
1988,9.09063616633455,1.80345620073038,64.6506370045178,21.0013349781167,323.253185022589,147,24,0.478490625915889,88.6085814400925,11.3914185599075
1988,9.1341560384595,1.81221255665088,66.3729921300539,21.1693284054034,331.864960650269,148,24,0.486053204768505,88.3972791179205,11.6027208820795
1988,9.17606066204364,1.82057647104348,68.102526100123,21.3349918754903,340.512630500615,149,24,0.495016790763055,88.1876592724855,11.8123407275145
1988,9.21709028529553,1.8286664224512,69.8386338615307,21.498361672681,349.193169307653,150,24,0.506027564314996,87.9802363511611,12.0197636488389
1988,9.80415983551079,1.94496519649577,71.5807289703532,21.6594739564757,357.903644851766,151,24,0.522937289933326,88.1099896773911,11.8900103226089
1988,9.84683589450542,1.95314462240728,73.4368373946175,21.828151014683,367.184186973088,152,24,0.539674370977931,87.8962833607426,12.1037166392574
1988,9.89011386718844,1.96134205248983,75.2981111036102,21.9943394967651,376.490555518051,153,24,0.558819434188887,87.6862133261371,12.3137866738629
1988,9.93448598789141,1.96966469683979,77.164185801868,22.1581067607345,385.82092900934,154,24,0.580353448717839,87.4812357491277,12.5187642508723
1988,9.98023367824729,1.97817980933316,79.0347991153217,22.3195249178764,395.173995576608,155,24,0.604217750592351,87.2811702007886,12.7188297992114
1988,10.0269870324838,1.98692709040358,80.9097563286742,22.4786675436071,404.548781643371,156,24,0.627926074926703,87.0852989484117,12.9147010515882
1988,10.0744186694115,1.9959317817419,82.7892856122496,22.6356389818364,413.946428061248,157,24,0.649198827901224,86.8935086132482,13.1064913867519
1988,10.1226629478767,2.0051930072559,84.6740051548845,22.7905692647281,423.370025774422,158,24,0.66847226932247,86.7054850911541,13.2945149088459
1988,10.1717277140954,2.01468350086515,86.5644722975903,22.9435759571627,432.822361487952,159,24,0.686311416893409,86.5207681789617,13.4792318210383
1988,10.2214759055746,2.02434926435366,88.4611324412582,23.0947610805163,442.305662206291,160,24,0.703309055420897,86.3387519032814,13.6612480967186
1988,10.2712863253437,2.03410973589652,90.3642844730121,23.2442095841165,451.82142236506,161,24,0.718277396850342,86.1586858570885,13.8413141429115
1988,10.3205171182371,2.04385782430451,92.2743400157029,23.3920105090791,461.371700078514,162,24,0.730575304574832,85.9796390493858,14.0203609506142
1988,10.3687991865891,2.05345998663089,94.1917099175927,23.5382481067098,470.958549587964,163,24,0.741745761127514,85.8005122334854,14.1994877665146
1988,10.4156358611847,2.06275732280951,96.1164219319357,23.682973633439,480.582109659679,164,24,0.753414468214342,85.6200876294872,14.3799123705128
1988,10.4604111474903,2.071565199438,98.0480786265551,23.8262045279771,490.240393132775,165,24,0.767338745387046,85.4370250781846,14.5629749218154
1988,10.5021392399929,2.07967594426185,99.9858071717874,23.9679230499829,499.929035858937,166,24,0.783962531168036,85.2498746266697,14.7501253733303
1988,10.539531232798,2.0868589090367,101.928448043941,24.1080921337362,509.642240219705,167,24,0.802711385649543,85.0570431405205,14.9429568594795
1988,10.5759264249267,2.09377334459208,103.874698072296,24.246666742995,519.373490361478,168,24,0.823762122374633,84.8527034603377,15.1472965396623
1988,10.6155564368866,2.10125479018822,105.823885822366,24.3836484835055,529.119429111831,169,24,0.847319936149398,84.6328354906098,15.3671645093902
1988,10.6584939609002,2.10931308905957,107.776144326579,24.519094512365,538.880721632894,170,24,0.873683021409718,84.3984289229532,15.6015710770468
1988,10.7042480357042,2.11795800500415,109.731560610708,24.6530561572718,548.657803053541,171,24,0.899614285670143,84.150593736864,15.849406263136
1988,10.7525224888483,2.127193276844,111.690769984134,24.7856192452662,558.453849920669,172,24,0.923002715587163,83.8904433527912,16.1095566472088
1988,10.8036348333911,2.13702518435881,113.654769688478,24.9168896458003,568.273848442391,173,24,0.945538097048861,83.6191560019102,16.3808439980898
1988,10.8579028587301,2.1474553526322,115.624281379416,25.0469502469422,578.121406897082,174,24,0.969227101763247,83.3379939757967,16.6620060242033
1988,10.9156240731716,2.15848128467385,117.599687765934,25.17585821371,587.998438829672,175,24,0.996244234263546,83.048300629361,16.951699370639
1988,10.9770116250728,2.1700954962491,119.580994966361,25.3036440742631,597.904974831807,176,24,1.02855003966632,82.7514865444732,17.2485134555268
1988,11.0415154027462,2.18228479277134,121.56785842744,25.430314887913,607.839292137201,177,24,1.0630043750912,82.4490098251032,17.5509901748968
1988,11.1082231265406,2.19503169872677,123.560450425636,25.5559099361874,617.802252128178,178,24,1.0935916814572,82.1422738350372,17.8577261649628
1988,11.1762028259439,2.20831589469001,125.559962617839,25.6805300713263,627.799813089195,179,24,1.11376074497909,81.8325695276542,18.1674304723458
1988,11.2444823392998,2.222115101028,127.568709024822,25.8043406459305,637.84354512411,180,24,1.11667968886918,81.5210621884548,18.4789378115452
1988,11.3141601707886,2.23640738217312,129.590173837383,25.9275709063015,647.950869186913,181,24,1.11147735681582,81.2087952311229,18.7912047688771
1988,11.3865406492572,2.25115717723328,131.626233032059,26.0503439010942,658.131165160294,182,24,1.10927894053119,80.8969141364833,19.1030858635167
1988,11.4608520628351,2.26632126458004,133.676796384252,26.1726608820098,668.383981921258,183,24,1.10599144583972,80.5867378224865,19.4132621775135
1988,11.5362883585676,2.28185018906068,135.742436193201,26.2945620498716,678.712180966007,184,24,1.09767011014572,80.2794631552693,19.7205368447307
1988,11.6119834414351,2.29769000796193,137.824350578141,26.4161223675861,689.121752890706,185,24,1.08038493609024,79.9761794643926,20.0238205356074
1988,11.6897831998104,2.31378260534903,139.924348292667,26.5374488536269,699.621741463334,186,24,1.06938362217924,79.6778730217615,20.3221269782385
1988,11.7711353525371,2.33005279269336,142.041555315301,26.6584915793132,710.207776576507,187,24,1.07685602923079,79.3857148948083,20.6142851051917
1988,11.8545000454435,2.34640834372882,144.172947412712,26.779081717829,720.86473706356,188,24,1.09529049964188,79.1009966439518,20.8990033560482
1988,11.9382677590823,2.36275295642284,146.316693632258,26.8991239138356,731.583468161292,189,24,1.11707132323888,78.8248394703637,21.1751605296363
1988,12.0208385130889,2.37899528976926,148.472163015282,27.0185929551826,742.360815076412,190,24,1.13419274834016,78.5599351119448,21.4400648880552
1988,12.1024185121301,2.39503013665441,150.640004264674,27.1375346067957,753.200021323369,191,24,1.15181433743606,78.3064134697075,21.6935865302925
1988,12.183492217416,2.41074169455505,152.819873548185,27.255939271887,764.099367740926,192,24,1.1777070259589,78.0642721590025,21.9357278409975
1988,12.2627129500705,2.42600506492014,155.009968261069,27.3737197689033,775.049841305343,193,24,1.20693869690792,77.8344605976181,22.1655394023819
1988,12.3387139151356,2.44069260653271,157.209202093663,27.4908303803938,786.046010468315,194,24,1.23423373013341,77.6178508947724,22.3821491052276
1988,12.410089505143,2.45467548889788,159.417269640615,27.6072682362109,797.086348203074,195,24,1.25373892744061,77.4152520386265,22.5847479613734
1988,11.8891129211226,2.35172003628631,161.634754001671,27.72307685047,808.173770008356,196,24,1.2495393959538,76.7293879937244,23.2706120062756
1988,11.9464700431952,2.36323781166333,163.747874612514,27.8324091491175,818.739373062568,197,24,1.25603941728662,76.5613738771549,23.4386261228451
1988,11.9984838178865,2.37369140663092,165.870161648116,27.9412303838742,829.35080824058,198,24,1.26281861019106,76.40964278826,23.59035721174
1988,12.0346828430709,2.38091802892565,168.000442760681,28.0494899297041,840.002213803403,199,24,1.27353312824613,76.2798917855008,23.7201082144992
1988,12.0414143548639,2.38212637316519,170.134720120202,28.1569973061304,850.673600601008,200,24,1.29187847229049,76.1744706299274,23.8255293700726
1988,12.0213236979094,2.3777394394347,172.265528046188,28.2633962938554,861.32764023094,201,24,1.32236319290091,76.0925124781131,23.9074875218869
1988,11.975320069303,2.36801960256398,174.385032452879,28.3683247183749,871.925162264395,202,24,1.36240128323645,76.033651838607,23.9663481613929
1988,11.9042761485928,2.35332254524043,176.48610348873,28.4714669074601,882.430517443649,203,24,1.40481982339525,75.9982262615935,24.0017737384064
1988,11.8095152658764,2.33409195152937,178.563225934037,28.5725956038476,892.816129670186,204,24,1.44145864539967,75.9871245606989,24.0128754393011
1988,11.6928015641184,2.31084917760718,180.612786421198,28.6715819004443,903.063932105989,205,24,1.46349110959464,76.0016807786023,23.9983192213977
1988,11.5571899538191,2.28418037725317,182.633294148158,28.7684016630696,913.166470740788,206,24,1.47066159745772,76.0435634902815,23.9564365097185
1988,11.4067262055205,2.25471499278608,184.623923720246,28.8630623575696,923.119618601231,207,24,1.47054631495201,76.114763447421,23.885236552579
1988,11.2449442228963,2.22310488326403,186.583146619526,28.9555374771339,932.915733097632,208,24,1.46514167831427,76.2175522222592,23.7824477777408
1988,11.0754148129163,2.19001068460894,188.509745324505,29.0458150926471,942.548726622525,209,24,1.45651593748455,76.3542361285652,23.6457638714348
1988,10.9016333167081,2.15608024606317,190.402806171549,29.1338969554957,952.014030857743,210,24,1.44674688653098,76.5269278294056,23.4730721705944
1988,10.7275927630374,2.12193351030453,192.261702157741,29.2197972046147,961.308510788705,211,24,1.44441200841612,76.7423762321565,23.2576237678435
1988,10.0051532706091,1.97905866503614,194.084892315709,29.3034870098543,970.424461578546,212,24,1.43518016307441,76.4024320118406,23.5975679881594
1989,8.76120301506389,1.73710604118308,54.5,19.9420239553624,272.5,141,24,0.436792103590298,89.8885213410861,10.1114786589139
1989,8.82808519521481,1.75016496883745,56.1648555969289,20.124693620156,280.824277984644,142,24,0.451093560445592,89.6748821123348,10.3251178876652
1989,8.89083324974955,1.76237003168931,57.8402220831744,20.3047455584095,289.201110415872,143,24,0.466248022487773,89.4613799953087,10.5386200046913
1989,8.94997497499689,1.77374142200723,59.52510115373,20.4821903163103,297.62550576865,144,24,0.484036064210179,89.2480426179805,10.7519573820195
1989,9.00534713409055,1.78432960748169,61.2182438303656,20.6570131462813,306.091219151828,145,24,0.502928462122688,89.035082160951,10.964917839049
1989,9.05665980666891,1.79420083235202,62.9186742048619,20.8292288387202,314.593371024309,146,24,0.520301842590986,88.8236612107846,11.1763387892154
1989,9.10457450847069,1.8034720533023,64.6258829200679,20.9988979250877,323.12941460034,147,24,0.536319172099648,88.6123791897458,11.3876208102542
1989,9.14965632951788,1.81223840360634,66.3394601742717,21.1660869719925,331.697300871359,148,24,0.551243945717929,88.4023983370414,11.5976016629586
1989,9.19257218969727,1.8206145983609,68.0590563159571,21.3308642581144,340.295281579786,149,24,0.56539624414371,88.1942593070319,11.8057406929681
1989,9.23381506396361,1.82871839299918,69.7843908775096,21.4933004336735,348.921954387548,150,24,0.578241970856172,87.9884212329848,12.0115787670152
1989,9.82114928279282,1.94503818943626,71.5153886054372,21.6534807725804,357.576943027186,151,24,0.593446951415865,88.1195254903754,11.8804745096246
1989,9.86238175485544,1.95323237222407,73.3607937281445,21.8212991484815,366.803968640722,152,24,0.605012535103983,87.9072949564863,12.0927050435137
1989,9.90375922443186,1.96144203940997,75.21210995567,21.9867241429497,376.06054977835,153,24,0.616863486879599,87.6985581367425,12.3014418632575
1989,9.94602571207472,1.96977325233638,77.0693061683562,22.1498471018512,385.346530841781,154,24,0.630002720787726,87.494721770382,12.505278229618
1989,9.98976827501913,1.97829254714619,78.9322991330726,22.3107493986644,394.661495665363,155,24,0.645715865478184,87.2955815853148,12.7044184146852
1989,10.0351574365504,1.98703942329622,80.8008655407849,22.4694958262353,404.004327703924,156,24,0.664014093804005,87.1004278131373,12.8995721868627
1989,10.0820830047064,1.9960395492489,82.6748135650306,22.6261501333861,413.374067825153,157,24,0.683843282692967,86.9092095080586,13.0907904919414
1989,10.1302993802623,2.00529270060241,84.5541397485775,22.7807879021712,422.770698742887,158,24,0.704019893018047,86.7217005684476,13.2782994315524
1989,10.1794235918858,2.01477194237661,86.4390277702274,22.9334955367122,432.195138851137,159,24,0.72322777952387,86.5374919592287,13.4625080407713
1989,10.2288280222567,2.02442332175059,88.3298474529361,23.0843693745349,441.649237264681,160,24,0.739452554002073,86.3559874370433,13.6440125629567
1989,10.2782345433987,2.03416615136799,90.2272454401443,23.2335220388425,451.136227200722,161,24,0.753246203724448,86.1763915211787,13.8236084788213
1989,10.3275659336093,2.04389358545829,92.1317017671129,23.3810471723744,460.658508835565,162,24,0.767089776061273,85.9977672738029,14.0022327261971
1989,10.3766292411157,2.05347247429924,94.0431841884869,23.5269945966501,470.215920942435,163,24,0.78370596762664,85.819074564759,14.180925435241
1989,10.4250980734264,2.06274406369977,95.9610766759019,23.6713680373059,479.80538337951,164,24,0.805992200364359,85.6391762676835,14.3608237323165
1989,10.4716625241267,2.07152344117617,97.8841177702232,23.8141237398296,489.420588851116,165,24,0.832089894939036,85.4568348570599,14.5431651429401
1989,10.514654392545,2.07960238032078,99.8111550807173,23.9552285254181,499.055775403587,166,24,0.858501112366645,85.2706274174797,14.7293725825203
1989,10.5530317960247,2.08674999239069,101.741401473979,24.0946774274261,508.707007369893,167,24,0.886017405840251,85.0789109043837,14.9210890956163
1989,10.5902452806512,2.09362429382257,103.673702399631,24.232439914097,518.368511998154,168,24,0.915501195556555,84.8758370226757,15.1241629773243
1989,10.6306427952621,2.1010590466941,105.607420207643,24.3685233299673,528.037101038213,169,24,0.947955593863111,84.6573749385411,15.3426250614589
1989,10.6738843353288,2.10906315721016,107.542585443116,24.5029809156542,537.712927215581,170,24,0.980922979640876,84.4245187753993,15.5754812246007
1989,10.7194756614157,2.1176459414574,109.479651330023,24.6358922092562,547.398256650113,171,24,1.0105240654654,84.1783305536328,15.8216694463673
1989,10.767303962334,2.12681115293754,111.419747186618,24.7673785256461,557.098735933089,172,24,1.0354901888159,83.9198642237964,16.0801357762036
1989,10.8172721978716,2.13656518511077,113.364232474911,24.8975707961429,566.821162374556,173,24,1.05456465833034,83.6502550618654,16.3497449381346
1989,10.8692554380793,2.14691095083935,115.314697468222,25.0266090782766,576.573487341109,174,24,1.0664702158255,83.3706708172667,16.6293291827333
1989,10.9236151351486,2.15784898037838,117.272961680009,25.1546419490627,586.364808400047,175,24,1.0737390406008,83.0823059241544,16.9176940758456
1989,10.9808628717557,2.16937575491495,119.240409130405,25.2817833228002,596.202045652024,176,24,1.08028245897185,82.7864362607095,17.2135637392905
1989,11.0410338646296,2.18148232294285,121.217742491989,25.4080988158041,606.088712459943,177,24,1.08670877194414,82.4844266639004,17.5155733360996
1989,11.1041355001707,2.19415468039851,123.205548421108,25.5336439684413,616.027742105539,178,24,1.09361006323297,82.1776564697557,17.8223435302443
1989,11.1701618889467,2.20737328767506,125.204295178499,25.6584646533767,626.021475892495,179,24,1.10168777776089,81.8675070154937,18.1324929845063
1989,11.2390485968045,2.22111255647882,127.214308050906,25.7825960928951,636.071540254528,180,24,1.11143875059682,81.5553525440569,18.4446474559431
1989,11.3110136622807,2.23534195001966,129.235798524609,25.9060652060932,646.178992623046,181,24,1.12567068115375,81.2425563410605,18.7574436589395
1989,11.3863373321317,2.25001850362871,131.268458572276,26.0288666737722,656.342292861379,182,24,1.1482409276246,80.9304630406939,19.0695369593061
1989,11.4652891646518,2.26509427087374,133.311263222186,26.1509529235227,666.556316110928,183,24,1.18344462806658,80.620462599733,19.379537400267
1989,11.5480924518032,2.28050932824079,135.362381008512,26.2722310983338,676.811905042558,184,24,1.2363787721751,80.3139507774973,19.6860492225027
1989,11.6332525350167,2.2961918417608,137.419004574173,26.3925555634127,687.095022870867,185,24,1.29935697363882,80.0123442447191,19.9876557552809
1989,11.7189117983734,2.31206578722513,139.479564100591,26.5118581063133,697.397820502957,186,24,1.36050545847245,79.7168771707196,20.2831228292804
1989,11.8047261692614,2.32805511515183,141.544492044006,26.6301875520562,707.722460220028,187,24,1.41975400152792,79.4285447606206,20.5714552393794
1989,11.8903032114661,2.34407685585104,143.614164689331,26.7475876755899,718.070823446655,188,24,1.47697987700219,79.1482948447544,20.8517051552456
1989,11.975230610234,2.3600411941949,145.6889029972,26.864097505319,728.444514986001,189,24,1.53225796472548,78.877030843539,21.122969156461
1989,12.0573126954694,2.37585941282675,147.768929137524,26.9797491550113,738.84464568762,190,24,1.56803391573569,78.6173461617102,21.3826538382898
1989,12.1353446634625,2.39143796660794,149.857535720997,27.0947418020385,749.287678604982,191,24,1.57616114638846,78.3691367745447,21.6308632254553
1989,12.2104886679983,2.40668574717674,151.959401367841,27.2093422390377,759.797006839205,192,24,1.57251736872094,78.1319967338005,21.8680032661994
1989,12.2838709002234,2.42149823595055,154.076258534732,27.3236488083059,770.381292673661,193,24,1.57334991292885,77.9066179454365,22.0933820545635
1989,12.3565622155352,2.43575140913246,156.206813257773,27.4375950944347,781.034066288866,194,24,1.59505043088015,77.6939207429533,22.3060792570467
1989,12.4273192891391,2.44930065422658,158.346706398298,27.5509556474927,791.733531991492,195,24,1.63300984047097,77.4950490762607,22.5049509237393
1989,11.9052389194357,2.34597438434807,160.492252461704,27.6635487152678,802.461262308518,196,24,1.65465029306927,76.8136141476123,23.1863858523877
1989,11.9641968784168,2.35702936970922,162.528101517874,27.7694192485757,812.640507589369,197,24,1.70231228072091,76.6498062437481,23.3501937562519
1989,12.018696289733,2.36698764011781,164.565264733877,27.8744369404105,822.826323669383,198,24,1.76311254198727,76.5027235869288,23.4972764130712
1989,12.0582775989443,2.37370528643778,166.600182061131,27.9784381309244,833.000910305655,199,24,1.84322089373255,76.3783664613173,23.6216335386827
1989,12.0679099845724,2.37442358972236,168.625969238071,28.0810969537174,843.129846190355,200,24,1.93282858846632,76.2795182865311,23.7204817134689
1989,12.0482039394534,2.3695731769454,170.6347014107,28.1820462228555,853.1735070535,201,24,2.01339698899344,76.2053654622884,23.7946345377116
1989,12.0002045395494,2.35944965267591,172.622288592827,28.2811208622436,863.111442964133,202,24,2.07779076297233,76.1553382216426,23.8446617783574
1989,11.9254722695254,2.34444444307808,174.586280435963,28.3782414257838,872.931402179813,203,24,2.11852396854678,76.129513115154,23.870486884846
1989,11.826029545428,2.32503294708045,176.526038851474,28.4734190376551,882.63019425737,204,24,2.12839895348287,76.1284978656118,23.8715021343882
1989,11.7050819225818,2.30176075398248,178.442771876775,28.5667535267417,892.213859383873,205,24,2.11205832132002,76.1533282165537,23.8466717834463
1989,11.5666002708776,2.27522001469225,180.337401186018,28.6583274791122,901.687005930089,206,24,2.08222491328989,76.2055111584749,23.7944888415251
1989,11.4141331327955,2.2460305350641,182.209099237176,28.748137011621,911.045496185878,207,24,2.0442123783655,76.2870130704524,23.7129869295476
1989,11.251307579194,2.21483164190738,184.056687760018,28.8361612725435,920.283438800091,208,24,2.00307684068721,76.40002364024,23.59997635976
1989,11.081740261932,2.18226545344404,185.878705271892,28.9223661869179,929.393526359458,209,24,1.96349677716562,76.5467745846331,23.4532254153669
1989,10.9103359414956,2.14895681611968,187.673480794017,29.006708312271,938.367403970087,210,24,1.94860582099332,76.7293067674457,23.2706932325543
1989,10.7407978614588,2.11549325752844,189.435700664713,29.088975335973,947.178503323564,211,24,1.96881029825251,76.9545505244683,23.0454494755317
1989,10.020611999059,1.97329575277724,191.158716386925,29.1688980473681,955.793581934624,212,24,1.98410239057153,76.6275992709001,23.3724007290998
