"year","assimilated_weight","ingested_weight","Weight","Length","Energy","JulianDay","feeding_hours","Metabolism","percentage_partic","percentage_filters"
2008,4.29061846722123,0.855032742772934,54.5,19.9420239553624,272.5,141,24,0.298598732109932,91.1879456358194,8.81205436418061
2008,4.27055030491005,0.850917271259149,55.2983773616564,20.0301009605392,276.491886808282,142,24,0.305127132525205,91.0478718216148,8.95212817838516
2008,4.24628709645833,0.846047893437986,56.0914329889207,20.1167177431585,280.457164944604,143,24,0.309512656396463,90.9054209407387,9.09457905926134
2008,4.21721483897856,0.840515867184162,56.8787562849228,20.2018682002449,284.393781424614,144,24,0.305763140522997,90.7611445332518,9.23885546674824
2008,4.1863718931165,0.83441414200714,57.6610122796321,20.2856608769853,288.305061398161,145,24,0.307813887078795,90.6154993884602,9.38450061153978
2008,4.1518107016334,0.82779149406692,58.4366866057029,20.3679698289444,292.183433028515,146,24,0.303694830691086,90.4696701540821,9.53032984591788
2008,4.11767034335526,0.820810984144624,59.2062693967244,20.4488832612127,296.031346983622,147,24,0.311727525082843,90.323294327211,9.67670567278901
2008,4.08144730012876,0.813509842277795,59.9674142834112,20.5281916903333,299.837071417056,148,24,0.317220900439569,90.1775991549507,9.82240084504934
2008,4.04110248593741,0.805955508380172,60.7202124117986,20.6059432890864,303.601062058993,149,24,0.30622018969472,90.0331579895358,9.96684201046421
2008,4.0030187566935,0.79821453990412,61.4671380598091,20.6824271566173,307.335690299046,150,24,0.313430271181926,89.8901518532738,10.1098481467261
2008,4.19107202922099,0.835714732276014,62.2050010839972,20.7573496155097,311.025005419986,151,24,0.318150224081507,90.0172548072625,9.98274519273749
2008,4.15002992575027,0.827391580266336,62.9795267206255,20.8353313965905,314.897633603128,152,24,0.325368288795691,89.875977926052,10.124022073948
2008,4.10749452897315,0.819005880686994,63.7443958052592,20.9116876868594,318.721979026296,153,24,0.325698159051436,89.7377358805219,10.2622641194781
2008,4.06677313053385,0.810601490181245,64.5006870943798,20.9865623518508,322.503435471899,154,24,0.337518344888842,89.6036884730208,10.3963115269792
2008,4.02390662566642,0.802204847240474,65.2464650906475,21.0597993537271,326.232325453237,155,24,0.335979864975123,89.4739987892848,10.5260012107152
2008,3.98148434825513,0.793837923734882,65.9839722822179,21.1316525955313,329.919861411089,156,24,0.336139675454799,89.3478815545796,10.6521184454204
2008,3.94130186131441,0.785519640348298,66.7129576148342,21.2021275807598,333.564788074171,157,24,0.349131188596478,89.2255275819472,10.7744724180528
2008,3.9016984154584,0.777263586543287,67.4313024631124,21.2710507880727,337.156512315562,158,24,0.364629598858432,89.107328419492,10.892671580508
2008,3.85787699570662,0.769080905128513,68.1386210282109,21.3384178277275,340.693105141055,159,24,0.348650232993539,88.99340697143,11.00659302857
2008,3.81971021270349,0.760982060133673,68.8403650470505,21.4047739857583,344.201825235253,160,24,0.36884033214344,88.8830727250161,11.1169272749839
2008,3.77864705761408,0.752969732415042,69.5304312811796,21.4695677381749,347.652156405898,161,24,0.365630418229146,88.777126722066,11.222873277934
2008,3.73877182448463,0.745049065546795,70.2129202406669,21.5332106714159,351.064601203335,162,24,0.367567408025356,88.6749870228726,11.3250129771274
2008,3.70119929190663,0.737221674465935,70.8870398724417,21.5956512823238,354.435199362209,163,24,0.383375662272886,88.5766911971965,11.4233088028035
2008,3.66488018220305,0.729487942469718,71.5504762138624,21.6566995711775,357.752381069312,164,24,0.406527815750275,88.4824558405539,11.5175441594461
2008,3.627086367567,0.721848180130792,72.2020109459356,21.7162699171202,361.010054729678,165,24,0.414482604099893,88.3923313561424,11.6076686438576
2008,3.58932022982055,0.714303265114367,72.8443883954148,21.7746373295893,364.221941977074,166,24,0.418696982575544,88.305822038304,11.694177961696
2008,3.55347167661187,0.7068534616963,73.4783619468624,21.8318904708261,367.391809734312,167,24,0.435936244816508,88.2226834932067,11.7773165067933
2008,3.51621120692634,0.699498860255627,74.1017099006292,21.8878493226402,370.508549503146,168,24,0.436218968863012,88.1430578047815,11.8569421952185
2008,3.47947455114282,0.692240880573574,74.7175409732499,21.9428121189589,373.587704866249,169,24,0.43674409071487,88.066369199718,11.933630800282
2008,3.44915592315216,0.685081117168435,75.3259112026366,21.9967998835009,376.629556013183,170,24,0.497223961658277,87.9924453903651,12.0075546096349
2008,3.40934265116431,0.678021202706991,75.9161129998704,22.0488857007617,379.580564999352,171,24,0.455579013317385,87.9225443973304,12.0774556026696
2008,3.37563174543777,0.671066328986673,76.5066723201652,22.1007213462172,382.533361600826,172,24,0.471422214505299,87.8540365741493,12.1459634258507
2008,3.34211426767502,0.664220249636675,77.0873116552508,22.1514150975187,385.436558276254,173,24,0.48417198594864,87.788128544408,12.211871455592
2008,3.30754202726341,0.657488914552382,77.6586881825819,22.2010410083788,388.29344091291,174,24,0.479362849948822,87.7245776828632,12.2754223171368
2008,3.27654539258797,0.65087955631131,78.2241025334591,22.249899200873,391.120512667295,175,24,0.507650186809178,87.6628001696718,12.3371998303282
2008,3.24449573466797,0.64440033974675,78.7776502854718,22.2974941186931,393.888251427359,176,24,0.517262389373287,87.6034388465766,12.3965611534234
2008,3.21247083522392,0.638061001456714,79.3228557209877,22.3441444430307,396.614278604939,177,24,0.518839247002338,87.5458992828116,12.4541007171884
2008,3.18069253750053,0.631872337952671,79.8613306669848,22.3900000324229,399.306653334924,178,24,0.514101752819804,87.4898523052979,12.5101476947021
2008,3.14693647397525,0.625846216108182,80.3943870955478,22.4351824257927,401.971935477739,179,24,0.476451931761791,87.4350201004648,12.5649798995352
2008,3.12028166635135,0.619995456122803,80.9282116776467,22.4802211588529,404.641058388234,180,24,0.511866802334838,87.3804978778542,12.6195021221458
2008,3.09079774451604,0.614333780038584,81.4496113573693,22.5240121554161,407.248056786846,181,24,0.502317725692311,87.327926621213,12.672073378787
2008,3.06228562774368,0.608875537834708,81.9670130062827,22.5672746522597,409.835065031413,182,24,0.492073469448079,87.276120933006,12.723879066994
2008,3.03629807858478,0.603635517609177,82.4807497552925,22.6100428004854,412.403748776462,183,24,0.499044308545292,87.2249600160422,12.7750399839578
2008,3.00933912089469,0.598628777008831,82.9878832247289,22.6520795187248,414.939416123644,184,24,0.479855335304397,87.1747469055814,12.8252530944186
2008,2.98484750584406,0.593870193972968,83.4934508897147,22.6938086099696,417.467254448574,185,24,0.475365086343224,87.1247437763387,12.8752562236613
2008,2.96246888657588,0.589374463325888,83.9950061511207,22.7350328643696,419.975030755603,186,24,0.480290998883612,87.0751754560756,12.9248245439244
2008,2.94148052099674,0.585155715903794,84.4910881092552,22.7756388274024,422.455440546276,187,24,0.485244335592559,87.0261226011341,12.9738773988659
2008,2.87353507163871,0.571307311805354,84.9819691015471,22.8156558378007,424.909845507735,188,17,0.458740691660314,86.9774226753442,13.0225773246558
2008,2.85667438267266,0.567702896079346,85.4645488754892,22.8548393911255,427.322744377446,189,17,0.476450824394389,86.9293237079165,13.0706762920835
2008,2.887107657538,0.574294319471104,85.9402014841433,22.8933098734214,429.701007420717,190,24,0.494815323723066,86.8827900424632,13.1172099575367
2008,2.82467692366457,0.561441464320267,86.4182546755227,22.9318252769541,432.091273377614,191,17,0.474561266660394,86.8358931779713,13.1641068220287
2008,2.81310911775332,0.55879812866524,86.887858926772,22.9695156585904,434.43929463386,192,17,0.499152615634058,86.7891341146409,13.2108658853591
2008,2.80201303200414,0.556489351138173,87.3502176179638,23.0064860581087,436.751088089819,193,17,0.50842410838394,86.7421094434485,13.2578905565515
2008,2.79750468595734,0.554521180624236,87.808488915627,23.0429952845456,439.042444578135,194,17,0.590272037563031,86.6941514616852,13.3058485383148
2008,2.78718826493371,0.552901329751495,88.2494748428222,23.0780022634481,441.247374214111,195,17,0.559427751650122,86.6466589135123,13.3533410864877
2008,2.61643179721908,0.519470206512176,88.6945524145946,23.1132106448853,443.472762072973,196,16,0.514111465236023,86.2206780625088,13.7793219374912
2008,2.61312601327517,0.518609448641658,89.1145275422734,23.1463205286866,445.572637711367,197,16,0.531563224203418,86.1677451541405,13.8322548458595
2008,2.61060584940124,0.518092630963565,89.5303372374391,23.1789950499709,447.651686187196,198,16,0.534860707622618,86.1125582301101,13.88744176989
2008,2.60895309826421,0.517787439483643,89.9449692971042,23.2114718836303,449.724846485521,199,16,0.535102463816291,86.0390143835283,13.9609856164717
2008,2.60828608254416,0.517543794602574,90.3592080662861,23.2438138814819,451.796040331431,200,16,0.545841966508959,85.9357197654965,14.0642802345035
2008,2.60687751049673,0.51739141577617,90.7711508287235,23.2758742983129,453.855754143618,201,16,0.537869653053924,85.804693629573,14.195306370427
2008,2.6093710225506,0.517370577628793,91.1843913873733,23.3079339928187,455.921956936866,202,16,0.581790369059065,85.6486827600638,14.3513172399362
2008,2.6076637366831,0.517526495263114,91.5893311691635,23.3392516192309,457.946655845818,203,16,0.543495373902436,85.472357997236,14.527642002764
2008,2.60837743245639,0.517891387766183,92.0015731318636,23.3710350146814,460.007865659318,204,16,0.528151706259902,85.2769856037381,14.7230143962619
2008,2.60998199876774,0.518487047514537,92.4170105850054,23.4029645206532,462.085052925027,205,16,0.50929648785753,85.0661922274443,14.9338077725557
2008,2.61637231477872,0.519319062847435,92.8365235315797,23.4351059063132,464.182617657899,206,16,0.544513568850858,84.8426422209038,15.1573577790962
2008,2.62273442269375,0.520382896467719,93.2502541298651,23.4667052781687,466.251270649325,207,16,0.562416376534862,84.6101930191995,15.3898069808005
2008,2.62899154578102,0.521661260267478,93.6616594565451,23.4980303088695,468.308297282726,208,16,0.561480320299677,84.3706526636136,15.6293473363864
2008,2.6351364274965,0.523131348436853,94.0744860126361,23.5293673055914,470.372430063181,209,16,0.54361734727227,84.1255981952377,15.8744018047623
2008,2.71348492137558,0.538729539125318,94.4920962949413,23.5609700617556,472.460481474707,210,24,0.611378603347261,83.8765442124627,16.1234557875373
2008,2.65372980156348,0.526566868658847,94.911805581488,23.592633731907,474.55902790744,211,16,0.56789827347361,83.6304913445649,16.3695086554351
2008,2.57584620664494,0.511906091822423,95.3282409703977,23.6239541084504,476.641204851988,212,24,0.567177776080316,82.8902708506402,17.1097291493598
2009,4.27646575875437,0.854950306450309,54.5,19.9420239553624,272.5,141,24,0.23506582911978,91.1884961154223,8.81150388457774
2009,4.25387229999483,0.850862318388432,55.3082534005611,20.0311849188389,276.541267002805,142,24,0.229038114654739,91.0472410070475,8.95275899295253
2009,4.23078411512691,0.846021686758591,56.1131911993464,20.1190820896444,280.565955996732,143,24,0.236232979971564,90.9033440533671,9.09665594663292
2009,4.198846029086,0.840514300403324,56.9120697608367,20.2054529498846,284.560348804183,144,24,0.220978269120822,90.7576371929761,9.24236280702388
2009,4.17194882298838,0.834436949195818,57.7076088470995,20.2906270817138,288.538044235497,145,24,0.237642615188451,90.6103206461025,9.38967935389751
2009,4.13782490479213,0.827868800319255,58.4944326326182,20.3740668940195,292.472163163091,146,24,0.234705306688263,90.4626210381431,9.53737896185694
2009,4.10341764683576,0.820863844856511,59.2750159293224,20.4560754835543,296.375079646612,147,24,0.23978612547031,90.3152561738274,9.68474382617258
2009,4.07036258880056,0.813574080487393,60.0476982518313,20.5365159908309,300.238491259157,148,24,0.2577320408067,90.1680409012998,9.83195909870024
2009,4.03238658172558,0.806027116943814,60.8101768303544,20.6151900994142,304.050884151772,149,24,0.259266558995619,90.0222818648113,9.97771813518868
2009,3.99097285545462,0.798289239307501,61.564749570925,20.6923744612019,307.823747854625,150,24,0.24893689302309,89.8782023653002,10.1217976346998
2009,4.18578620073495,0.835797077328349,62.313101568274,20.7682740123417,311.56550784137,151,24,0.287836100638365,90.00487055039,9.99512944961006
2009,4.14462769597577,0.827471661788458,63.0926322498931,20.8466632071399,315.463161249466,152,24,0.293524194570799,89.862838726074,10.137161273926
2009,4.10297772558357,0.819083456265098,63.8627890240373,20.9234496299123,319.313945120186,153,24,0.298352553161019,89.7237984314813,10.2762015685187
2009,4.06061974400912,0.810671348849563,64.6236453138838,20.9986775994849,323.118226569419,154,24,0.299974722576761,89.5883396623623,10.4116603376377
2009,4.01563495429889,0.802272447307,65.3757005204036,21.072431156961,326.878502602018,155,24,0.286816942807106,89.4577450508262,10.5422549491738
2009,3.9769522105199,0.79390408444933,66.1213850305179,21.1449783917993,330.60692515259,156,24,0.307346368052671,89.3304713329207,10.6695286670793
2009,3.93573209876796,0.785581845092774,66.8552215492419,21.2158183437773,334.276107746209,157,24,0.312836752647885,89.207393718206,10.792606281794
2009,3.89534769989872,0.777322467880224,67.5797101862786,21.2852262478495,337.898550931393,158,24,0.32161246119885,89.0883014489088,10.9116985510912
2009,3.85518453590998,0.769136872462882,68.2943607747552,21.353185389237,341.471803873776,159,24,0.329752378674403,88.9733305430375,11.0266694569624
2009,3.81573886615504,0.761033229582474,68.9993444783735,21.4197413484084,344.996722391868,160,24,0.340186722982573,88.8624900776298,11.1375099223702
2009,3.77569964894325,0.753016973449626,69.6943456674346,21.4848925464568,348.471728337173,161,24,0.343967276275761,88.7558170287403,11.2441829712597
2009,3.73626956502405,0.745092106296602,70.380576150828,21.5487787721578,351.90288075414,162,24,0.348800900175906,88.6531129285267,11.3468870714733
2009,3.69689720451434,0.73726060235044,71.0579468898117,21.6114158067712,355.289734449059,163,24,0.35076802978318,88.554322781619,11.445677218381
2009,3.65739294699037,0.729523607723923,71.727042477544,21.67288038698,358.63521238772,164,24,0.348340371342427,88.459277234361,11.540722765639
2009,3.61928219892735,0.72188163704491,72.3887152356726,21.7332713424518,361.943576178363,165,24,0.352373035039165,88.3677501726111,11.6322498273889
2009,3.57805373300094,0.714334511957017,73.0419515349486,21.7925160641423,365.209757674743,166,24,0.330711876884714,88.279747055859,11.720252944141
2009,3.54249016462295,0.706883077766518,73.6912663413442,21.8510402837693,368.456331706721,167,24,0.345643795588705,88.1945229567234,11.8054770432766
2009,3.50684031171301,0.699526645547463,74.3304737061291,21.9083034789608,371.652368530645,168,24,0.357171839008803,88.1127494325723,11.8872505674277
2009,3.46935242724685,0.692266397223451,74.9602369133334,21.9643859520125,374.801184566667,169,24,0.35125695050026,88.0341776953576,11.9658223046424
2009,3.43460681602845,0.685104388924043,75.5836767044276,22.0195827702811,377.918383522138,170,24,0.362524713515632,87.9582279734325,12.0417720265675
2009,3.39943882835402,0.678042875731223,76.197904723091,22.0736545605628,380.989523615455,171,24,0.366759155048524,87.8851193894721,12.1148806105279
2009,3.36458571114275,0.671085579126453,76.8042429217149,22.12673464691,384.021214608574,172,24,0.369328381055765,87.8145120617162,12.1854879382838
2009,3.33178685148837,0.664237212200165,77.4030870645742,22.1788727860188,387.015435322871,173,24,0.384657646714845,87.7461935144749,12.2538064855251
2009,3.29893270473536,0.657503567685997,77.9922957387451,22.2298983398213,389.961478693726,174,24,0.395166083752156,87.6802931726283,12.3197068273717
2009,3.26651416216645,0.65089185257605,78.5728218360297,22.2799098916156,392.864109180149,175,24,0.404448426693146,87.6165375802867,12.3834624197133
2009,3.23716316269135,0.644410468582236,79.1449974697544,22.3289506882681,395.724987348772,176,24,0.437781904459875,87.5547449469102,12.4452550530898
2009,3.2034699957082,0.638068989394634,79.7046256950723,22.3766775981089,398.523128475362,177,24,0.421795199750829,87.4953396004446,12.5046603995554
2009,3.17227695139031,0.631878344794648,80.260701975646,22.4238708050091,401.30350987823,178,24,0.42303546753805,87.4370197142532,12.5629802857468
2009,3.14366180540821,0.625850353056846,80.8102806367188,22.4702891865824,404.051403183594,179,24,0.442364554087645,87.3800678428495,12.6199321571505
2009,3.11469318930681,0.619997905000374,81.3502592475513,22.5156829305008,406.751296237756,180,24,0.449337159559378,87.3247933350539,12.675206664946
2009,3.08443635985556,0.614334727675866,81.8830382335615,22.5602660725498,409.415191167808,181,24,0.432353120894381,87.270792033739,12.729207966261
2009,3.05366900802402,0.608875125552897,82.4131510613357,22.6044258935622,412.065755306679,182,24,0.400366677609997,87.2173904612945,12.7826095387055
2009,3.02963230289132,0.603633814843284,82.9434957899361,22.648407368292,414.71747894968,183,24,0.42539863933322,87.1641354734877,12.8358645265123
2009,3.00551471643295,0.598625970492844,83.4640144782758,22.6913837913028,417.320072391379,184,24,0.438493384939718,87.1122551830847,12.8877448169153
2009,2.9805814333241,0.593866536525997,83.9770782383491,22.733562279083,419.885391191745,185,24,0.42934684762939,87.0613537756127,12.9386462243873
2009,2.96164104157566,0.589370066996469,84.4869719855299,22.775302593487,422.43485992765,186,24,0.47283911352107,87.0107815946472,12.9892184053528
2009,2.94126912487425,0.585150893076273,84.9843662326191,22.8158508580646,424.921831163095,187,24,0.485215451989344,86.9616318010857,13.0383681989143
2009,2.92050818532061,0.581222163702778,85.475197801454,22.8557023004863,427.37598900727,188,24,0.474984086795828,86.9130076369232,13.0869923630768
2009,2.90228346178781,0.577596040794388,85.9639102271723,22.8952235346633,429.819551135862,189,24,0.477117648110097,86.8641880277909,13.1358119722091
2009,2.88671472109987,0.574284739876987,86.4485374485137,22.9342600686229,432.242687242569,190,24,0.492759703968147,86.8155269200471,13.1844730799529
2009,2.82265751930715,0.561378817690259,86.9269086974449,22.9726433887893,434.634543487224,191,17,0.455778869794485,86.7685896544321,13.2314103455679
2009,2.80974075686976,0.558735150077012,87.3998506599607,23.0104466243129,436.999253299803,192,17,0.46240014605209,86.7213977860591,13.2786022139409
2009,2.79964982172625,0.556425586897283,87.8688707837421,23.0477958344389,439.344353918711,193,17,0.483734151795519,86.6735105060168,13.3264894939832
2009,2.78810305402996,0.554456914979503,88.3315914282689,23.0845074873395,441.657957141344,194,17,0.464858781802749,86.6249637888807,13.3750362111193
2009,2.78000234795124,0.552833968617912,88.7957631202581,23.121199843514,443.97881560129,195,17,0.467602816952976,86.5744985493204,13.4255014506796
2009,2.6126571342089,0.519402971821616,89.2577507615996,23.1575870504366,446.288753807998,196,16,0.468300949168951,86.1457619086032,13.8542380913968
2009,2.60814553237624,0.518541212544095,89.6861143134751,23.191208850942,448.430571567376,197,16,0.467740463609991,86.091743529001,13.908256470999
2009,2.60533325428538,0.518022467669981,90.113672990713,23.2246560536422,450.568364953565,198,16,0.466814644526042,86.0350961824796,13.9649038175204
2009,2.60353922062687,0.517713423054673,90.5408394068168,23.2579622981622,452.704197034084,199,16,0.465394217604183,85.9597942048493,14.0402057951507
2009,2.65923116083831,0.529108039931471,90.9679157950351,23.29115221734,454.839578975175,200,24,0.503623541654166,85.8544773441944,14.1455226558056
2009,2.60116717833077,0.517297402865489,91.3984690461835,23.3245025880785,456.992345230918,201,16,0.465228183893342,85.7204579513246,14.2795420486754
2009,2.60435052357456,0.517262018392427,91.8250724167755,23.3574391827053,459.125362083878,202,16,0.514442926556058,85.561936233946,14.438063766054
2009,2.60474964141657,0.517401196510814,92.2424531297501,23.3895606727073,461.212265648751,203,16,0.511902526485847,85.3830468036052,14.6169531963949
2009,2.60640253607441,0.517749261954745,92.660405358816,23.4216247976443,463.30202679408,204,16,0.512345982545802,85.1858698326174,14.8141301673826
2009,2.67091594065933,0.530913797377209,93.0785826992326,23.4536054679192,465.392913496163,205,24,0.552017470372998,84.9735807032334,15.0264192967666
2009,2.61294807583176,0.519143895155228,93.5017112643369,23.4858630251294,467.508556321684,206,16,0.509195026634539,84.7483614014966,15.2516385985034
2009,2.62069104139976,0.520191605626992,93.9217929968961,23.5177878155531,469.608964984481,207,16,0.548512758172273,84.5138357413362,15.4861642586638
2009,2.62596972167977,0.521456783493532,94.3355417646085,23.5491341888072,471.677708823043,208,16,0.533563108798101,84.2727738936299,15.7272261063701
2009,2.70247402599622,0.536644997705469,94.7533180707772,23.5806886211291,473.766590353886,209,24,0.604084234264233,84.0258611865259,15.9741388134741
2009,2.71181175823151,0.538597423505023,95.1722723122396,23.6122347946126,475.861361561198,210,24,0.598030618163371,83.7755162501079,16.2244837498921
2009,2.72228495786524,0.540715270940465,95.5942856633945,23.643913612873,477.971428316972,211,24,0.597050477145265,83.5252021141268,16.4747978858732
2009,2.57868491792124,0.511790341602999,96.0185699641704,23.6756647943727,480.092849820852,212,24,0.630149336468252,82.7826669958086,17.2173330041913
2010,4.29821625039008,0.855032742772934,54.5,19.9420239553624,272.5,141,24,0.340830302559429,91.1879456358194,8.81205436418062
2010,4.27602631315459,0.850902006466794,55.2914506042003,20.0293406241954,276.457253021001,142,24,0.336223370273825,91.048714989985,8.95128501001495
2010,4.25363413719494,0.846023053893809,56.0793822073388,20.1154079751445,280.396911036694,143,24,0.352942463758714,90.9068989278332,9.09310107216685
2010,4.22428552962634,0.840478879896832,56.8594889906795,20.1997942444008,284.297444953397,144,24,0.34760642102168,90.7635263883126,9.23647361168735
2010,4.19237646213096,0.834367451518794,57.6347905370942,20.2828649659711,288.173952685471,145,24,0.343934820406705,90.6187674629678,9.38123253703224
2010,4.15858812377372,0.827738429879072,58.4044416917843,20.3645634499119,292.022208458922,146,24,0.34456008969184,90.4737218628854,9.52627813711461
2010,4.12219501671285,0.820751789952727,59.1672070487948,20.4447939874967,295.836035243974,147,24,0.340040943943898,90.3282429792205,9.67175702077949
2010,4.08802075744792,0.813448894270741,59.9235943587843,20.5236449130489,299.617971793922,148,24,0.359574034855394,90.1831952719735,9.8168047280265
2010,4.04802040925195,0.805890624031632,60.6692367578358,20.6006996211348,303.346183789179,149,24,0.349829255706312,90.0397188080492,9.9602811919508
2010,4.00969705236658,0.798146807223669,61.4088244323572,20.6764793305128,307.044122161786,150,24,0.356997025279275,89.8977132082657,10.1022867917343
2010,4.19541278863179,0.835642059623789,62.1393100748732,20.7507045619711,310.696550374366,151,24,0.345677920041045,90.0256118214982,9.97438817850177
2010,4.15285777548978,0.827321163551238,62.9091986947224,20.8282782228002,314.545993473612,152,24,0.34422994809239,89.8849842553893,10.1150157446107
2010,4.1069081057634,0.818939417250709,63.6708614392924,20.9043746433862,318.354307196462,153,24,0.323905722361134,89.7472108413969,10.2527891586031
2010,4.0687290484589,0.810541846215325,64.427394399482,20.9793330598493,322.13697199741,154,24,0.351473614955723,89.6131850655585,10.3868149344415
2010,4.02746182955108,0.802149521365551,65.1707730204173,21.0523929166127,325.853865102087,155,24,0.360415501146984,89.4838556973189,10.5161443026811
2010,3.9862195662046,0.793785620297302,65.9041046669206,21.1238984301533,329.520523334603,156,24,0.368812093959195,89.3583292784073,10.6416707215927
2010,3.94189604839376,0.785469628629245,66.6275031634773,21.1938940908376,333.137515817386,157,24,0.354406116248906,89.2367509838369,10.7632490161631
2010,3.9037796634722,0.77721852296524,67.3449125461473,21.2627890674165,336.724562730737,158,24,0.380717161101847,89.1187144479198,10.8812855520801
2010,3.85962156544313,0.769039545492956,68.0494305761376,21.3299500099142,340.247152880688,159,24,0.36169853067075,89.0051976103536,10.9948023896464
2010,3.82505041572838,0.760944475339953,68.7489146406853,21.3961533292827,343.744573203427,160,24,0.410537494454017,88.8951927725929,11.1048072274071
2010,3.78113913973926,0.752933875513247,69.4317103366674,21.4603258918638,347.158551683337,161,24,0.38502904569185,88.7902377472577,11.2097622527423
2010,3.74487432126871,0.745016406197291,70.1108189552921,21.5237171085837,350.554094776461,162,24,0.416113539547131,88.6885694070682,11.3114305929318
2010,3.70560021269305,0.737190631992454,70.7764509111906,21.5854363955448,353.882254555953,163,24,0.419803392790532,88.5914210827132,11.4085789172868
2010,3.66498493681315,0.729459239168373,71.4334830841405,21.6459627977798,357.167415420703,164,24,0.40806392613822,88.4980522830141,11.5019477169859
2010,3.62494749270752,0.72182314536082,72.0847328671837,21.7055748176716,360.423664335918,165,24,0.39710948040593,88.4079738052661,11.5920261947339
2010,3.58583608275919,0.714282160106738,72.730158552819,21.7642845267632,363.650792764095,166,24,0.389742145513204,88.3210606413781,11.6789393586219
2010,3.55146285812462,0.706836114551146,73.369227653504,21.8220593259556,366.84613826752,167,24,0.418147217970929,88.2372404514594,11.7627595485406
2010,3.51533513315872,0.699484463937462,73.9957330567461,21.8783588362543,369.978665283731,168,24,0.428329256462269,88.1571879355289,11.8428120644711
2010,3.47988491801836,0.692228838226589,74.6129682828546,21.9335013405587,373.064841414273,169,24,0.440694233259168,88.0803029672666,11.9196970327334
2010,3.44403565988295,0.685070938887656,75.2206320230179,21.9874790380902,376.103160115089,170,24,0.444863140003977,88.0064608646667,11.9935391353333
2010,3.40881924306432,0.678013511886452,75.8202834682719,22.0404479003833,379.10141734136,171,24,0.450299219960078,87.9352880751424,12.0647119248576
2010,3.3707099481836,0.671060104330161,76.4117955196834,22.0924124946067,382.058977598417,172,24,0.422532666591287,87.8666374341418,12.1333625658582
2010,3.34121029888604,0.664215722231103,77.0012299009142,22.1439164174948,385.006149504571,173,24,0.474277665612667,87.799544759169,12.200455240831
2010,3.30962846125442,0.657485448705994,77.5744059080877,22.1937368544083,387.872029540438,174,24,0.502311968414804,87.735737580975,12.264262419025
2010,3.27509149943626,0.650876813310821,78.1356491536172,22.2422721057473,390.678245768086,175,24,0.490755234535771,87.6744923998332,12.3255076001668
2010,3.24174958197199,0.644398451246853,78.6922866745688,22.2901696531506,393.461433372844,176,24,0.485149261290308,87.6147021904845,12.3852978095155
2010,3.20695212209689,0.638059862538125,79.2433670613903,22.3373569664537,396.216835306952,177,24,0.455849060799622,87.5563674258942,12.4436325741058
2010,3.17401986466929,0.631871828483515,79.7933378016847,22.384221788763,398.966689008423,178,24,0.439039061272009,87.4987886349699,12.5012113650301
2010,3.14593216837512,0.625846133495927,80.3400735608872,22.430588327553,401.700367804436,179,24,0.464956338943444,87.4421437592767,12.5578562407233
2010,3.11769836976218,0.619995648047862,80.8759974962518,22.4758250054285,404.379987481259,180,24,0.48082018653794,87.3873315919149,12.6126684080851
2010,3.08886050529245,0.61433415901835,81.4030909283526,22.5201129782469,407.015454641763,181,24,0.479039103421458,87.3340019591515,12.6659980408485
2010,3.06006645561894,0.608876045407714,81.924761855123,22.5637489743021,409.623809275615,182,24,0.46586316418087,87.2816265665897,12.7183734334103
2010,3.03506068086812,0.603636092793166,82.4432977691044,22.6069312386757,412.216488845522,183,24,0.483833463813567,87.2298293829742,12.7701706170258
2010,3.01072946877511,0.598629408543811,82.9532267858565,22.64921252595,414.766133929282,184,24,0.49653028193898,87.1792426980776,12.8207573019224
2010,2.98672322681858,0.593870974275067,83.4557383493891,22.6907019394502,417.278691746946,185,24,0.49801992638069,87.1296250126254,12.8703749873746
2010,2.91464049346644,0.579404246515283,83.9531387044083,22.7315982331803,419.765693522042,186,17,0.458667734417066,87.0805823025633,12.9194176974367
2010,2.89446177983087,0.575216243186948,84.443980685679,22.7717900794025,422.219903428395,187,17,0.471571429952915,87.0321926010637,12.9678073989363
2010,2.87544359546398,0.571314429901132,84.9281937255305,22.8112798966185,424.640968627653,188,17,0.481432503332783,86.9843366535391,13.0156633464609
2010,2.85569979038352,0.567710596603789,85.4066182683226,22.850143814594,427.033091341613,189,17,0.463700124638431,86.9367559219059,13.0632440780941
2010,2.83846116509244,0.564419602491689,85.8846276783219,22.8888227676016,429.423138391609,190,17,0.457477806798249,86.8899045012814,13.1100954987185
2010,2.82662437210396,0.561449208082685,86.360420632206,22.9271736587545,431.80210316103,191,17,0.498920724240203,86.8432811824849,13.1567188175151
2010,2.81239501005002,0.558806500043375,86.8255441472732,22.9645224646145,434.127720736366,192,17,0.488909983436487,86.7970782679248,13.2029217320752
2010,2.7999499286255,0.556497494537977,87.2898103862379,23.0016636275254,436.449051931189,193,17,0.48032511378473,86.7497954621048,13.2502045378952
2010,2.78913655881821,0.554528650835491,87.7532906958636,23.0386048377281,438.766453479318,194,17,0.470787453766098,86.701161858771,13.298838141229
2010,2.78087849138283,0.55290581114964,88.2165016338152,23.0753889595648,441.082508169076,195,17,0.471590515834871,86.6508395950333,13.3491604049667
2010,2.61500104624369,0.519472464261303,88.6778857513536,23.111894430925,443.389428756768,196,16,0.493222057852704,86.2228423616811,13.7771576383189
2010,2.61079243364877,0.518611186844806,89.1017531562589,23.1453150306063,445.508765781294,197,16,0.49693944874013,86.1694019929,13.8305980071
2010,2.60488364160743,0.518093495015914,89.5240213188801,23.1784995340182,447.6201065944,198,16,0.453684619639073,86.1133765623901,13.8866234376099
2010,2.60462673991112,0.517786203389598,89.9537443712572,23.2121580791741,449.768721856286,199,16,0.472637891238938,86.0378767805668,13.9621232194332
2010,2.60604803127649,0.517540722671874,90.3796104752359,23.2454041421303,451.898052376179,200,16,0.512131658599089,85.933066239177,14.066933760823
2010,2.60527263202225,0.517387008510509,90.7978469562707,23.277948485677,453.989234781353,201,16,0.5140481655947,85.8012020012163,14.1987979987837
2010,2.60658193948335,0.517364868457575,91.2155298562351,23.3103456463416,456.077649281175,202,16,0.537518045444316,85.6445791495492,14.3554208504508
2010,2.60637000542308,0.517518445784617,91.6287651166992,23.3422962399751,458.143825583496,203,16,0.524435749331307,85.4671135965204,14.5328864034796
2010,2.66465957494424,0.530153991556812,92.0445587443601,23.3743434387572,460.2227937218,204,24,0.510915701003401,85.2712103157452,14.7287896842548
2010,2.66697133105048,0.530983928447206,92.4746981403028,23.4073903300326,462.373490701514,205,24,0.486800525115824,85.0583570929745,14.9416429070255
2010,2.61420104582217,0.519299187749069,92.9101058310519,23.4407330440835,464.55052915526,206,16,0.513455908073718,84.8325360556826,15.1674639443174
2010,2.61991427013287,0.520359905353994,93.3296106879102,23.4727550949904,466.648053439551,207,16,0.520905677463684,84.5991711397302,15.4008288602698
2010,2.62704733778697,0.52163455581164,93.7487507953315,23.5046492719886,468.743753976658,208,16,0.533622594371957,84.3584237395856,15.6415762604144
2010,2.70229079613631,0.536754218989628,94.1667563221577,23.53635828539,470.833781610789,209,24,0.588968562136731,84.1125066878834,15.8874933121166
2010,2.70947567820534,0.538710685390085,94.5887231943381,23.5682684520656,472.943615971691,210,24,0.549149104083812,83.8627016198056,16.1372983801944
2010,2.72288922079693,0.540836202385711,95.0200722078506,23.6007857341585,475.100361039253,211,24,0.594072123380645,83.6148480074019,16.3851519925981
2010,2.57984929065567,0.511886924424228,95.4450997585546,23.6327259950975,477.225498792773,212,24,0.639619703695947,82.8728103079737,17.1271896920263
2011,4.28046525086703,0.855032742772934,54.5,19.9420239553624,272.5,141,24,0.250215923278509,91.1879456358194,8.81205436418061
2011,4.25927608117965,0.850934117448358,55.3060232801518,20.0309401606837,276.530116400759,142,24,0.250164330492487,91.046941136338,8.95305886366197
2011,4.23532265156095,0.846081650313796,56.107816599025,20.1184981204671,280.539082995125,143,24,0.254506534376721,90.9034116451955,9.09658835480448
2011,4.20746802567141,0.840564196831559,56.9039481750974,20.2045791485519,284.519740875487,144,24,0.256272589483067,90.7580305019449,9.24196949805515
2011,4.17807906215113,0.834473100734688,57.694152826075,20.2891932426769,288.470764130375,145,24,0.264205244636975,90.6113694099135,9.38863059008646
2011,4.14496309473877,0.827857583958391,58.4768901858524,20.3722151335195,292.384450929262,146,24,0.267058084806786,90.4646189929757,9.53538100702426
2011,4.10809397581768,0.820880845128495,59.2524306378798,20.4537132650219,296.262153189399,147,24,0.260529578738467,90.3174471293908,9.68255287060923
2011,4.07529930234563,0.813585508856429,60.0218996358609,20.5338418892235,300.109498179304,148,24,0.281707961562704,90.1706420439804,9.8293579560196
2011,4.03842073109255,0.806032199362303,60.7805704951753,20.6121481254832,303.902852475876,149,24,0.289586453916702,90.0253909207702,9.97460907922983
2011,3.9996613040132,0.798287743225866,61.5302862359951,20.688863659399,307.651431179975,150,24,0.292635499232697,89.8819651057709,10.1180348942291
2011,4.18621146848493,0.835788284286416,62.2716363866651,20.7640851951724,311.358181933325,151,24,0.290100846708455,90.008779297666,9.99122070233396
2011,4.14527192981274,0.827462766583473,63.0507994087667,20.8424737119285,315.253997043833,152,24,0.297029562122219,89.8668524794242,10.1331475205758
2011,4.10279964793461,0.819074377428114,63.8203842096325,20.9192386113813,319.101921048162,153,24,0.297479153960307,89.7279467931611,10.2720532068389
2011,4.05954149942391,0.810666968069094,64.5813798367245,20.9945149356609,322.906899183623,154,24,0.294059587269523,89.5932353098218,10.4067646901782
2011,4.02113251144523,0.802268921072349,65.3344027099608,21.0683964963997,326.672013549804,155,24,0.317565269955201,89.4625498214167,10.5374501785834
2011,3.97801510007867,0.793897355968084,66.0750373647754,21.1404859201604,330.375186823877,156,24,0.313557236466857,89.3359718567155,10.6640281432845
2011,3.94316340814476,0.785574963419469,66.8078446423602,21.21126128637,334.039223211801,157,24,0.360177632843816,89.2130683900049,10.7869316099951
2011,3.89916760799266,0.777311933830685,67.5243517481989,21.2799411157192,337.621758740994,158,24,0.346147348464762,89.0950676750797,10.9049323249203
2011,3.86054174693738,0.769125343872727,68.2348598128429,21.3475461596481,341.174299064214,159,24,0.365936108274719,88.9806877369116,11.0193122630884
2011,3.82123880049574,0.761020240003815,68.9336787472466,21.4135620639457,344.668393736233,160,24,0.379023581459915,88.8707087794166,11.1292912205834
2011,3.78179649181767,0.753002835104893,69.6220131721355,21.4781330820377,348.110065860677,161,24,0.388252053038717,88.7649668940752,11.2350331059248
2011,3.74122515315201,0.745076970084037,70.3006067871834,21.5413562485737,351.503033935917,162,24,0.385339506542309,88.6633251263558,11.3366748736442
2011,3.70186735654964,0.737245294168905,70.9716617562265,21.6034601421865,354.858308781133,163,24,0.388023114863481,88.5654228760643,11.4345771239357
2011,3.66243635376674,0.729508380452714,71.634301300552,21.6643849023624,358.17150650276,164,24,0.386303503031935,88.4712839790222,11.5287160209778
2011,3.62637313176733,0.72186670526953,72.2893911755608,21.7242306326548,361.446955877804,165,24,0.408042233137327,88.380679748726,11.619320251274
2011,3.58674993962353,0.714319500523317,72.9329130118251,21.7826526540455,364.664565059126,166,24,0.396570351453734,88.2940156786934,11.7059843213066
2011,3.54912700121637,0.706868036780015,73.5707967302141,21.8402093165319,367.85398365107,167,24,0.397605350356396,88.2103572030242,11.7896427969758
2011,3.51226453036255,0.699512218868072,74.2009407272692,21.8967271146837,371.004703636346,168,24,0.400933526603968,88.129830606731,11.870169393269
2011,3.47735262169868,0.692252904614908,74.8230382088279,21.9521960170064,374.11519104414,169,24,0.417192280240446,88.0523160000909,11.9476839999091
2011,3.44168256392295,0.685091528921871,75.4348929252092,22.0064389726199,377.174464626046,170,24,0.422701877881124,87.9779409486737,12.0220590513263
2011,3.40489228589218,0.678030890040267,76.0385028657305,22.0596513533533,380.192514328652,171,24,0.413261350926927,87.9062731354771,12.0937268645229
2011,3.37107664958152,0.67107471499542,76.6366337751036,22.1120910943168,383.183168875518,172,24,0.426295426539287,87.8367808993446,12.1632191006554
2011,3.33584432456478,0.664227369844042,77.2253853844203,22.1634306792097,386.126926922101,173,24,0.420965465099945,87.7698222618923,12.2301777381077
2011,3.30424259842372,0.657494907995228,77.8081469501019,22.2139799779718,389.04073475051,174,24,0.445240773369391,87.7047934715216,12.2952065284784
2011,3.27156993497122,0.650884223609488,78.3797232729733,22.2633033773974,391.898616364866,175,24,0.453527273498878,87.6422356455177,12.3577643544823
2011,3.23850971325898,0.644403833957527,78.9430977553894,22.3116742951152,394.715488776947,176,24,0.451034256905744,87.5816155763574,12.4183844236426
2011,3.20732891607083,0.638063369491684,79.5003485730804,22.359283330608,397.501742865402,177,24,0.460883899233063,87.522532029706,12.477467970294
2011,3.17611654571779,0.631873569329568,80.0493828291947,22.4059634507311,400.246914145974,178,24,0.46236659552174,87.4651443116911,12.5348556883089
2011,3.1464767373285,0.625846339762937,80.5918673918004,22.4518680439471,402.959336959002,179,24,0.472194718812766,87.4091269518127,12.5908730481873
2011,3.11793597438187,0.619994557250044,81.1264474538932,22.4968935681348,405.632237269466,180,24,0.484840595227785,87.3545610065104,12.6454389934896
2011,3.08951013213699,0.614331956846826,81.6527790722293,22.5410227833675,408.263895361147,181,24,0.487972869876335,87.3014019813883,12.6985980186117
2011,3.06184405724363,0.608872902126249,82.172787763905,22.5844275931779,410.863938819525,182,24,0.487932103022237,87.2493150427467,12.7506849572533
2011,3.03550103330309,0.603632189413873,82.6872598678804,22.6271822792622,413.436299339402,183,24,0.490520270635638,87.1981182614719,12.8018817385281
2011,3.00712935348163,0.598624833342135,83.1959339706986,22.6692732318893,415.979669853493,184,24,0.455339441703855,87.1477654989393,12.8522345010607
2011,2.98507991855337,0.593865641024554,83.7059579129617,22.7112961815502,418.529789564809,185,24,0.479398945375597,87.0972466831841,12.9027533168159
2011,2.96381159440426,0.589369478080702,84.2067476771879,22.7523850055244,421.033738385939,186,24,0.498185202497219,87.0478390336263,12.9521609663737
2011,2.94221395421908,0.585150428955131,84.6995139920355,22.79264961375,423.497569960178,187,24,0.495702768126228,86.9992741994534,13.0007258005466
2011,2.87476368025328,0.571279838357764,85.1884445700618,22.8324397547979,425.942222850309,188,17,0.476317329846509,86.9508840522687,13.0491159477313
2011,2.85626226661615,0.567675747552976,85.6677492198168,22.8712923179267,428.338746099084,189,17,0.473939626413842,86.9032621820696,13.0967378179304
2011,2.83827598313937,0.564384887960664,86.143816061509,22.9097327376693,430.719080307545,190,17,0.458477584950203,86.8567316730229,13.1432683269771
2011,2.82479763662467,0.561414407108027,86.6193647164587,22.9479837776886,433.096823582294,191,17,0.47871314938426,86.8102102535144,13.1897897464856
2011,2.81244736418448,0.558771092676277,87.0881568989192,22.9855483628393,435.440784494596,192,17,0.493138632680244,86.7636071787562,13.2363928212438
2011,2.79972160485838,0.556462080176373,87.5515800683418,23.022544458282,437.757900341709,193,17,0.480857466239443,86.7164966281722,13.2835033718278
2011,2.79009015534064,0.554493119929229,88.0149002513516,23.0593961434366,440.074501256758,194,17,0.48650242962406,86.6679444326197,13.3320555673803
2011,2.78221629867891,0.552870524291745,88.4751507171519,23.0958700450585,442.375753585759,195,17,0.492408234517723,86.618054077303,13.381945922697
2011,2.61526493202756,0.519437830990332,88.9326305380207,23.1319935627886,444.663152690104,196,16,0.500621552529555,86.189771196183,13.810228803817
2011,2.61203610498982,0.518576596583675,89.3550624214818,23.1652347950425,446.775312107409,197,16,0.518778637848329,86.136557263962,13.863442736038
2011,2.60678973128511,0.518059285965195,89.773202931501,23.1980306469991,448.866014657505,198,16,0.482691632377767,86.0811003613522,13.9188996386478
2011,2.60694978628816,0.517751748208857,90.197497193887,23.2312005067837,450.987485969435,199,16,0.508928868162334,86.0062861657466,13.9937138342534
2011,2.60522842021017,0.517504930720013,90.6165610958755,23.2638548982265,453.082805479377,200,16,0.503870247048473,85.9022580228852,14.0977419771148
2011,2.60512453870173,0.517347530509764,91.0362773677274,23.2964547961701,455.181386838637,201,16,0.515898227391301,85.7700270888415,14.2299729111585
2011,2.60529610168669,0.517321114921807,91.4535518170087,23.3287613574219,457.267759085044,202,16,0.522395113305758,85.6132211017231,14.3867788982769
2011,2.60563036728245,0.517469182793659,91.8695454925412,23.360866654484,459.347727462706,203,16,0.518177607953827,85.4351021276734,14.5648978723266
2011,2.60819043293951,0.517826824271113,92.2864335090654,23.3929394853036,461.432167545327,204,16,0.531589959016991,85.2387241137143,14.7612758862857
2011,2.66871548045397,0.530955382649521,92.7011346619527,23.4247440416592,463.505673309763,205,24,0.514266847643027,85.0276124108411,14.9723875891589
2011,2.67747622523445,0.532038913218277,93.1313887635327,23.4576367563362,465.656943817663,206,24,0.566374299198244,84.8021541208374,15.1978458791626
2011,2.61994770778183,0.520295110291711,93.5529558261778,23.4897627851268,467.764779130889,207,16,0.527319346686156,84.5681612680934,15.4318387319066
2011,2.62655462001508,0.521566384874951,93.9708104449293,23.5215064876051,469.854052224646,208,16,0.532376745715233,84.3272542461418,15.6727457538582
2011,2.70302397295944,0.536712304979186,94.3889570034647,23.5531740380151,471.944785017324,209,24,0.605743790006163,84.080991792155,15.919008207845
2011,2.64505966046314,0.524665001854279,94.807705655031,23.5847893497981,474.038528275155,210,16,0.582298467675994,83.8313421394933,16.1686578605067
2011,2.7225286505559,0.540796784422384,95.2195317125547,23.6157872266887,476.097658562774,211,24,0.592425011233681,83.586038821018,16.413961178982
2011,2.57920078763664,0.511854120431808,95.64480737639,23.6476995342412,478.22403688195,212,24,0.631746413217082,82.8429827105087,17.1570172894913
2012,4.2875700333453,0.855032742772934,54.5,19.9420239553624,272.5,141,24,0.283163574327373,91.1879456358194,8.81205436418062
2012,4.26780739270385,0.850922729968816,55.3008547064377,20.0303728776166,276.504273532189,142,24,0.290701544667807,91.0475702686619,8.95242973133807
2012,4.2432553997233,0.84605781359858,56.0962468610412,20.1172408955418,280.481234305206,143,24,0.293197287001598,90.9048305529105,9.09516944708951
2012,4.2141893486679,0.840530202885484,56.8862268753193,20.202672212281,284.431134376596,144,24,0.289470808539367,90.7602210478173,9.2397789521827
2012,4.18382666019278,0.834432159084673,57.6711362113159,20.2867401109228,288.355681056579,145,24,0.293715495826115,90.6142376953767,9.38576230462328
2012,4.15090931152223,0.827811943420566,58.4491211298097,20.3692830722241,292.245605649048,146,24,0.298310799322278,90.4681078160096,9.53189218399041
2012,4.1168333255395,0.820831169528369,59.2196003975568,20.4502783975174,296.098001987784,147,24,0.306521968523605,90.3216056155477,9.6783943844523
2012,4.07960287885477,0.813529581347336,59.9816189330255,20.5296650748809,299.908094665127,148,24,0.306194682439418,90.1757852825796,9.8242147174204
2012,4.04344906865743,0.805975904354464,60.7362533537929,20.6075927239455,303.681266768965,149,24,0.319247333168581,90.0310936514277,9.96890634857228
2012,4.00586291173128,0.798230671635297,61.4810428091727,20.6838448212422,307.405214045864,150,24,0.330064880490214,89.8883490606931,10.1116509393069
2012,4.19367348849186,0.835727047453079,62.2161476683681,20.7584766763181,311.080738341841,151,24,0.33292119393226,90.015836930886,9.98416306911402
2012,4.15330649698502,0.827400291836642,62.9882393398143,20.8362047999866,314.941196699072,152,24,0.344893152278277,89.8748622996857,10.1251377003143
2012,4.11042178644718,0.819010811268188,63.749858713574,20.912230742185,318.74929356787,153,24,0.343366178450281,89.7370320594516,10.2629679405484
2012,4.07206099869754,0.810603533716951,64.5032018154065,20.9868102920454,322.516009077032,154,24,0.371881473222856,89.6033626732993,10.3966373267007
2012,4.02864161817159,0.802202438275383,65.2431647426032,21.0594765409627,326.215823713016,155,24,0.366905680032148,89.4744285298886,10.5255714701114
2012,3.98691217233694,0.793832340076523,65.9754337933344,21.1308239254325,329.877168966672,156,24,0.372314060902525,89.348998390473,10.651001609527
2012,3.94678013669873,0.785511057150211,66.6982698784293,21.2007129486812,333.491349392147,157,24,0.387575916156771,89.2274564511434,10.7725435488566
2012,3.90487052290889,0.777252501574198,67.4100215538901,21.269016317535,337.05010776945,158,24,0.38778538636009,89.1101329561988,10.8898670438012
2012,3.86288710814957,0.769069200565955,68.113343562677,21.3360187483672,340.566717813385,159,24,0.384479457501765,88.996748269514,11.003251730486
2012,3.82094409135927,0.760969157025347,68.8089239838884,21.4018110659304,344.044619919442,160,24,0.378192960745155,88.8872393186228,11.1127606813772
2012,3.78166747335914,0.752957743009004,69.4973667621743,21.4664733939038,347.486833810871,161,24,0.388444317938477,88.7815176040337,11.2184823959663
2012,3.74302902444868,0.74503724383412,70.1758973499105,21.5297693284348,350.879486749552,162,24,0.400508598002307,88.6799117013873,11.3200882986127
2012,3.70270322470659,0.73720969540002,70.8442805656895,21.5917030064165,354.221402828448,163,24,0.395486638569087,88.5823860125534,11.4176139874466
2012,3.66484529045791,0.729476956087701,71.5055959609669,21.6525822376019,357.527979804834,164,24,0.406492174287838,88.4884382986056,11.5115617013944
2012,3.6266578036772,0.721838623113742,72.1571313514404,21.7121785823355,360.785656757202,165,24,0.411037791810208,88.3983167957814,11.6016832042186
2012,3.59061949111561,0.714295105556655,72.8001125824602,21.7706258974966,364.000562912301,166,24,0.430347675403521,88.3117280310938,11.6882719689062
2012,3.5533055495709,0.70684611337536,73.4320163959054,21.827716768514,367.160081979527,167,24,0.434532055786894,88.2288648301102,11.7711351698898
2012,3.51686744855741,0.699492614687003,74.0556125611836,21.8837223560475,370.278062805918,168,24,0.442429041829142,88.1492035959896,11.8507964040104
2012,3.48054090738607,0.692235459551576,74.6703334889521,21.9386100586907,373.35166744476,169,24,0.4469108409057,88.0726588922364,11.9273411077636
2012,3.44362191005372,0.685076392036893,75.2768843025687,21.9924604390424,376.384421512844,170,24,0.440883109205527,87.9989717164076,12.0010282835924
2012,3.41237234865532,0.67801809482843,75.8772481844496,22.0454645449977,379.386240922248,171,24,0.48688244642136,87.9277123769179,12.0722876230821
2012,3.37788006653241,0.671063419002148,76.4621533484322,22.0968234846741,382.310766742161,172,24,0.495460806483924,87.8599488920446,12.1400511079554
2012,3.34339104165912,0.664217687371274,77.038435332459,22.1471581417083,385.192176662295,173,24,0.498117293226058,87.7946102500718,12.2053897499281
2012,3.31016323491046,0.657486807912151,77.6072789544059,22.1965863885335,388.03639477203,174,24,0.508525454842441,87.731384549668,12.268615450332
2012,3.22601916138366,0.640406037201512,78.1673858999422,22.245009371241,390.836929499711,175,17,0.480690674673652,87.6702969750404,12.3297030249596
2012,3.19415965527026,0.633978960638482,78.7162213075708,22.2922238781706,393.581106537854,176,17,0.489330020999895,87.6115438832369,12.3884561167631
2012,3.16426993677524,0.627692041705899,79.2569471216092,22.3385168935278,396.284735608046,177,17,0.513342916256491,87.5545788742299,12.4454211257701
2012,3.13386963558749,0.621555980593854,79.7868823980641,22.3836730102809,398.93441199032,178,17,0.522752076769331,87.4996371489299,12.5003628510701
2012,3.10400662927621,0.615582003526527,80.3088456340394,22.4279459401549,401.544228170197,179,17,0.528813765152339,87.4462399834154,12.5537600165846
2012,3.07430203951678,0.609782511773632,80.8236136047385,22.4714125750865,404.118068023692,180,17,0.52561447722326,87.3941883930279,12.6058116069721
2012,3.0457066393261,0.6041706012698,81.3330700012475,22.5142411436534,406.665350006237,181,17,0.524387037906664,87.3431476428541,12.6568523571459
2012,3.01886426085069,0.598760259612483,81.8370420696573,22.5564250843271,409.185210348286,182,17,0.532717208121766,87.2930588974205,12.7069411025795
2012,2.99080278732999,0.593566097921878,82.333968676433,22.5978423901248,411.669843382165,183,17,0.510776486932274,87.2440464648293,12.7559535351707
2012,3.01157792519918,0.598631600906446,82.8296600032896,22.6389835255408,414.148300016448,184,24,0.506370168680363,87.1952754061014,12.8047245938986
2012,2.9432579788342,0.583881729640326,83.3303761847035,22.6803678612117,416.651880923517,185,17,0.532528128441117,87.1458541571348,12.8541458428652
2012,2.92067689564623,0.579422609404661,83.8121848847363,22.7200261855487,419.060924423681,186,17,0.533613626239174,87.0987893505598,12.9012106494402
2012,2.89905567284122,0.575236530946241,84.2892484803818,22.7591376836467,421.446242401909,187,17,0.528910441231311,87.0521353384603,12.9478646615397
2012,2.8816399594099,0.571336210256147,84.7629164629565,22.7978184512903,423.814582314783,188,17,0.56327767183922,87.0055921376868,12.9944078623132
2012,2.8638051863059,0.567734464483575,85.2262156011819,22.8355070066735,426.13107800591,189,17,0.570719817152776,86.959907258728,13.040092741272
2012,2.84714625544025,0.564446179380543,85.6844470380755,22.8726431135379,428.422235190377,190,17,0.572126194714827,86.9155390355961,13.0844609644039
2012,2.83290684231471,0.561478693686086,86.1390529021625,22.9093488665354,430.695264510812,191,17,0.585803820614051,86.8715691156423,13.1284308843577
2012,2.82532634304419,0.558838228775132,86.5880626170727,22.9454704809583,432.940313085364,192,17,0.685509615894853,86.8273641259761,13.1726358740239
2012,2.81156481520608,0.556534239494799,87.0156021600685,22.979743743525,435.078010800342,193,17,0.65043041648305,86.7846985537417,13.2153014462583
2012,2.80092189034688,0.554569788830291,87.447392632413,23.0142388598687,437.236963162065,194,17,0.640571931998167,86.7400286174346,13.2599713825654
2012,2.7919040987292,0.552951389913284,87.8790131740987,23.0486019610652,439.395065870493,195,17,0.62869163982313,86.693648415217,13.306351584783
2012,2.62291712908659,0.519521847237308,88.3111928588394,23.0828919191887,441.555964294197,196,16,0.612349844026098,86.2704823414151,13.7295176585849
2012,2.61918333157344,0.518663789597264,88.7128298082238,23.1146538646595,443.564149041119,197,16,0.625249213575804,86.2198697566767,13.7801302433233
2012,2.61520122716791,0.518149635200148,89.1111270938202,23.1460528822381,445.555635469101,198,16,0.603030156120135,86.1669008405945,13.8330991594055
2012,2.61508503504491,0.517847907604873,89.5130585594177,23.1776393918968,447.565292797088,199,16,0.630216647426309,86.0950370112216,13.9049629887784
2012,2.61367452588412,0.51761109994166,89.9095158608361,23.2086990113741,449.54757930418,200,16,0.628597790795869,85.9942392911037,14.0057607088963
2012,2.61691103211847,0.517467784003786,90.3060010932395,23.2396654996431,451.530005466197,201,16,0.706991493753326,85.8655666974276,14.1344333025724
2012,2.61626397389748,0.517461224357518,90.6874408472136,23.2693675937234,453.437204236068,202,16,0.697020709283483,85.7142143522958,14.2857856477042
2012,2.61693683464371,0.517631860481289,91.0707315526335,23.2991262404202,455.353657763167,203,16,0.695633142646824,85.5413722663324,14.4586277336676
2012,2.61699547065542,0.518014664307561,91.4544201942098,23.3288284823973,457.272100971049,204,16,0.661396720360415,85.3505476555057,14.6494523444943
2012,2.61848010039168,0.518628720558473,91.8449533890664,23.3589715217315,459.224766945332,205,16,0.633612631244517,85.1439450036655,14.8560549963345
2012,2.62219566737267,0.519479261279964,92.2413253040892,23.3894740122248,461.206626520446,206,16,0.62541136662499,84.9244519233492,15.0755480766508
2012,2.62823040099306,0.520559122692744,92.6400650150898,23.4200666794571,463.200325075449,207,16,0.638212237138437,84.6950089841728,15.3049910158272
2012,2.63465606133839,0.521852122767033,93.0374355026043,23.4504631285814,465.187177513021,208,16,0.638603890644273,84.4583741961019,15.5416258038981
2012,2.64270024255791,0.523335195707842,93.4359965128822,23.4808598893253,467.179982564411,209,16,0.651093065001028,84.2162646688597,15.7837353311403
2012,2.65271745279872,0.524985444283402,93.8336518533166,23.5110976492072,469.168259266583,210,16,0.685338704736975,83.9709548662954,16.0290451337046
2012,2.66283319898767,0.526795419139141,94.2264445258154,23.5408780968326,471.132222629077,211,16,0.706799313580523,83.7296117538512,16.2703882461488
2012,2.50394301716496,0.495677807037768,94.6169511040165,23.5703995721993,473.084755520082,212,15,0.65880894412647,82.9966593694025,17.0033406305975
2013,4.28722041137527,0.855032742772934,54.5,19.9420239553624,272.5,141,24,0.281445129495349,91.1879456358194,8.81205436418062
2013,4.27045856378328,0.850923333172526,55.3011284710101,20.0304029259056,276.505642355051,142,24,0.304487550223956,91.0475369450342,8.95246305496579
2013,4.24572083741706,0.846053788709708,56.0942936578571,20.1170286329981,280.471468289286,143,24,0.306296815152634,90.9050700984761,9.09492990152387
2013,4.21567096270155,0.840522373918245,56.8821468606404,20.2022331154232,284.410734303202,144,24,0.297357456653475,90.7607254005531,9.23927459944687
2013,4.18465803619718,0.834422619024174,57.6657752045948,20.2861686319717,288.328876022974,145,24,0.298337254339485,90.6149058046146,9.3850941953854
2013,4.1509747253493,0.827801881188483,58.4430020673716,20.3686368460442,292.215010336858,146,24,0.298908478594918,90.4688766389426,9.53112336105742
2013,4.11456398258476,0.820821744106025,59.2133749073925,20.4496269052365,296.066874536963,147,24,0.294390215090489,90.3223942240252,9.67760577597481
2013,4.07785386833878,0.813523672233324,59.9773659525022,20.5292239578088,299.886829762511,148,24,0.296694218795302,90.1763283614595,9.82367163854055
2013,4.04163438677933,0.805972468652087,60.7335506839535,20.6073148389775,303.667753419767,149,24,0.308811502196853,90.0314414558907,9.96855854410926
2013,4.00254679515765,0.798229536742967,61.4800643827192,20.6837450726671,307.400321913596,150,24,0.310299455885107,89.8884759141708,10.1115240858292
2013,4.18951209013269,0.83572960063874,62.2184591087405,20.7587103745871,311.092295543702,151,24,0.309073776830163,90.0155429150414,9.98445708495865
2013,4.14896542893233,0.827406538083235,62.9944879708503,20.836831147095,314.972439854252,152,24,0.318825509302006,89.8740621972753,10.1259378027247
2013,4.10865689256617,0.819020370099388,63.760452621974,20.9132837661629,318.80226310987,153,24,0.332280042160026,89.7356672102623,10.2643327897377
2013,4.06750422214013,0.810613654700849,64.5156599045601,20.9880385043112,322.5782995228,154,24,0.34176049904646,89.601748674512,10.398251325488
2013,4.02531105218663,0.802215259920416,65.2607355868302,21.0611950447226,326.303677934151,155,24,0.344577254469203,89.4721406634382,10.5278593365618
2013,3.98314547225535,0.793846311364344,65.9968040833847,21.1328977959482,329.984020416923,156,24,0.346555705044053,89.3462032019968,10.6537967980032
2013,3.9410456535732,0.785526112196801,66.7240383374944,21.2031946638989,333.620191687472,157,24,0.347272310401663,89.2240724555028,10.7759275444972
2013,3.89918110108691,0.777269521032743,67.4427036310448,21.272140564003,337.213518155224,158,24,0.347315212285965,89.1058259658087,10.8941740341912
2013,3.86247945385527,0.769087548614571,68.1529815141946,21.3397805023821,340.764907570973,159,24,0.380954509446742,88.9915088337206,11.0084911662794
2013,3.82087127737063,0.760985676256916,68.849185041485,21.4056049885128,344.245925207425,160,24,0.377218471735884,88.881903955403,11.118096044597
2013,3.77941901368837,0.752972404420013,69.5378077779937,21.4702579279818,347.689038889968,161,24,0.371186588842431,88.7761471950088,11.2238528049912
2013,3.73931925492209,0.745051112959075,70.2193398219535,21.5338072541479,351.096699109767,162,24,0.37156087807422,88.6741331574915,11.3258668425085
2013,3.69969718442024,0.737223277567092,70.8927701794661,21.5961802768554,354.46385089733,163,24,0.371885187162981,88.575928065847,11.424071934153
2013,3.66084417666826,0.729489831124844,71.5582041323175,21.6574083520494,357.791020661588,164,24,0.374346343690818,88.4814257933608,11.5185742066393
2013,3.62289458500935,0.721851018914847,72.2153678699847,21.7174872250697,361.076839349923,165,24,0.380100990005682,88.3905501228919,11.6094498771081
2013,3.58596838511433,0.714306831077417,72.8637831271633,21.7763939760906,364.318915635816,166,24,0.390384214597224,88.3032351691386,11.6967648308613
2013,3.54888513653773,0.706857317435354,73.5027486225629,21.8340859044821,367.513743112814,167,24,0.395740290995361,88.2194312163152,11.7805687836847
2013,3.51262311557974,0.699503114630542,74.1332181430765,21.8906691385593,370.666090715383,168,24,0.404102266295663,88.1388574785242,11.8611425214758
2013,3.47781982899647,0.69224513626076,74.7547545120904,21.9461232882229,373.773772560452,169,24,0.421450184144359,88.0614115840757,11.9385884159243
2013,3.44153859355927,0.685084947654034,75.3658520542399,22.000333653325,376.829260271199,170,24,0.421374710494167,87.9871291737062,12.0128708262938
2013,3.4058165929864,0.678025462773892,75.9696996501389,22.0536007751914,379.848498250694,171,24,0.421679814957796,87.9154196395971,12.0845803604029
2013,3.37240152630996,0.671070198806255,76.5663327814025,22.1059424439047,382.831663907012,172,24,0.438907952494437,87.8461144367423,12.1538855632577
2013,3.33611218623568,0.664223649902301,77.1528279796252,22.157118389089,385.764139898126,173,24,0.42335787380471,87.7794413790761,12.2205586209239
2013,3.30144041375877,0.65749200569823,77.735165835076,22.207664010768,388.67582917538,174,24,0.41769209723654,87.7144532331391,12.2855467668609
2013,3.26941637810631,0.650882208085602,78.3116927081408,22.2574459431553,391.558463540704,175,24,0.431528371129492,87.6512245754517,12.3487754245483
2013,3.23833796711634,0.644402506923229,78.8790374698691,22.3061862739326,394.395187349345,176,24,0.449024233412854,87.5900643574073,12.4099356425927
2013,3.2079575814122,0.638062547486176,79.4366571238562,22.3538536119762,397.183285619281,177,24,0.46743738813417,87.5309159464798,12.4690840535202
2013,3.17748262688151,0.631873173924353,79.9845076308501,22.4004592648876,399.92253815425,178,24,0.477200693674791,87.473666911437,12.526333088563
2013,3.14750764288503,0.625846328559462,80.5242998710365,22.4461623005797,402.621499355183,179,24,0.483590979125794,87.4179848354264,12.5820151645737
2013,3.11923592148235,0.61999490363317,81.0568082414707,22.4910398748245,405.284041207354,180,24,0.499846040724804,87.363671066326,12.636328933674
2013,3.08730725654914,0.614332637638261,81.5804002287971,22.5349661044822,407.902001143986,181,24,0.462238525508473,87.3108499258932,12.6891500741068
2013,3.05962670836774,0.608873798790549,82.1051167900593,22.5787899935569,410.525583950297,182,24,0.461826030301675,87.2581289369256,12.7418710630744
2013,3.0340746722742,0.603633231000453,82.6243681592304,22.6219656920065,413.121840796152,183,24,0.473213654153455,87.2062913758829,12.7937086241171
2013,3.00814101046448,0.598625991900756,83.1362197705657,22.6643414048886,415.681098852829,184,24,0.466602509922058,87.1555082501088,12.8444917498912
2013,2.98410525686853,0.593866991527613,83.6441948569826,22.7062167853461,418.220974284913,185,24,0.46746994184528,87.105236993141,12.894763006859
2013,2.96234096851423,0.589370906419675,84.1471770099317,22.7475062882046,420.735885049659,186,24,0.47965785569853,87.0555283715308,12.9444716284692
2013,2.94007637445932,0.58515187718154,84.6433561791612,22.7880691387949,423.216780895806,187,24,0.469127074851604,87.0065068584708,12.9934931415292
2013,2.92117270306633,0.581223088419405,85.1371758451998,22.8282748861144,425.685879225999,188,24,0.481535397892697,86.957472485622,13.042527514378
2013,2.85662518288857,0.567681514282885,85.6247200622691,22.8678105623182,428.123600311346,189,17,0.477911533747427,86.9087798506031,13.0912201493969
2013,2.84295400295183,0.564390771471424,86.1000662935077,22.9062063130123,430.500331467539,190,17,0.518068436217216,86.8623296598197,13.1376703401803
2013,2.82776749899766,0.561421790422617,86.5646336231374,22.9435889143384,432.823168115687,191,17,0.517158673363367,86.8171985243896,13.1828014756104
2013,2.81350741244605,0.558779458445436,87.026332267799,22.9806024001639,435.131661338995,192,17,0.50640125543131,86.7714851209913,13.2285148790087
2013,2.80157762601104,0.556470804425723,87.4873167715171,23.0174223410522,437.436583857586,193,17,0.504439972533264,86.7246694460843,13.2753305539157
2013,2.79245760173514,0.554502468710953,87.9462936302279,23.0539478332159,439.73146815114,194,17,0.517443543783954,86.6766536686237,13.3233463313763
2013,2.78437759502456,0.552880694797464,88.4008315235191,23.0899893692675,442.004157617596,195,17,0.520837137279961,86.6274725036336,13.3725274963664
2013,2.61582410111576,0.519448677284024,88.8530602243532,23.1257198517125,444.265301121766,196,16,0.50754381456478,86.2000988982445,13.7999011017555
2013,2.6110064610004,0.51858766359077,89.2742221255701,23.1588819469571,446.37111062785,197,16,0.5024939819412,86.1470370504691,13.8529629495309
2013,2.60786662220125,0.518069991223161,89.6954163792063,23.1919377173689,448.477081896032,198,16,0.496741586847865,86.091173886927,13.908826113073
2013,2.60691519539589,0.517763135282513,90.1171187277809,23.2249251581715,450.585593638905,199,16,0.507217564162524,86.0167012566222,13.9832987433779
2013,2.60527163966528,0.517517044604005,90.5365208261211,23.2576261262196,452.682604130606,200,16,0.503250921358729,85.9126628771577,14.0873371228423
2013,2.60438480084812,0.517360783788409,90.9563725139189,23.2902565695322,454.781862569595,201,16,0.503704097780821,85.7804727357968,14.2195272642032
2013,2.60520619681534,0.517335403317672,91.3759408098689,23.3227602836898,456.879704049345,202,16,0.519608437906776,85.6234439925457,14.3765560074543
2013,2.60762344430177,0.517484971989866,91.792476787942,23.3549263527398,458.96238393971,203,16,0.547128739501105,85.445346376859,14.554653623141
2013,2.60928566072193,0.517845539770286,92.2039761870515,23.3866037431561,461.019880935258,204,16,0.546710883227099,85.2497969289457,14.7502030710542
2013,2.61222133589003,0.518437563729089,92.6158754745457,23.418213393317,463.079377372729,205,16,0.54797803783576,85.0391867115645,14.9608132884355
2013,2.61575184379009,0.519267287097683,93.0280919689127,23.4497494443372,465.140459844564,206,16,0.539833765349462,84.8163347702431,15.1836652297569
2013,2.62111484337621,0.520327134222607,93.4426265474136,23.4813647724872,467.213132737068,207,16,0.54219417903057,84.5834777305831,15.4165222694169
2013,2.62789498323751,0.521601110076259,93.857744304938,23.5129267704237,469.28872152469,208,16,0.549844138573362,84.3431228474218,15.6568771525782
2013,2.63497352040519,0.523067891288673,94.2726703565658,23.5443771166834,471.363351782829,209,16,0.546984498879826,84.097482807259,15.902517192741
2013,2.71382986545469,0.538690988164388,94.6895659240552,23.5758797317701,473.447829620276,210,24,0.621598088285127,83.8482584019906,16.1517415980094
2013,2.72403776321938,0.540818975072491,95.1072914422987,23.6073482530443,475.536457211494,211,24,0.615073238128193,83.6022487091964,16.3977512908036
2013,2.57842397065045,0.511873257883574,95.5283444691795,23.6389701107353,477.641722345898,212,24,0.615305872424666,82.8603753640214,17.1396246359786
2014,4.27907281146683,0.855032742772934,54.5,19.9420239553624,272.5,141,24,0.244222732524698,91.1879456358194,8.81205436418061
2014,4.25848731170396,0.850936144563913,55.3069434304226,20.0310411490163,276.534717152113,142,24,0.246695369658996,91.046829134439,8.95317086556099
2014,4.23422844593694,0.84608464988458,56.1092727846717,20.1186563439959,280.546363923358,143,24,0.249592624761731,90.9032330632056,9.09676693679443
2014,4.20701461884519,0.840568454361177,56.9061682966184,20.2048180200376,284.530841483092,144,24,0.254134787463439,90.7577560798928,9.2422439201072
2014,4.17798434562559,0.834477647372219,57.6967098185808,20.2894657271661,288.483549092904,145,24,0.263661263719093,90.6110507758696,9.38894922413043
2014,4.14684984938644,0.827861932256235,58.4795370213,20.3724945552238,292.3976851065,146,24,0.276176023362823,90.4642864685366,9.53571353146345
2014,4.11241835291439,0.820882660802752,59.2536312255448,20.4538388514948,296.268156127724,147,24,0.281741778348922,90.3172950634959,9.68270493650405
2014,4.07610113496862,0.813582488027495,60.0197226536946,20.5336162020393,300.098613268473,148,24,0.285942621085416,90.1709199954253,9.82908000457468
2014,4.03875734020454,0.806028564274182,60.7777069579316,20.6118538497102,303.888534789658,149,24,0.291479641386308,90.0257593775915,9.9742406224085
2014,4.00028710780338,0.798284066444083,61.5271113975068,20.6885401676499,307.635556987534,150,24,0.296160363100623,89.8823766658459,10.1176233341541
2014,4.19043742320571,0.835784144342683,62.2678817531642,20.7637058057135,311.339408765821,151,24,0.312880767238019,90.0092568150767,9.99074318492332
2014,4.14844247188422,0.827455318529778,63.0433340034482,20.8417258592773,315.216670017241,152,24,0.314646738964939,89.8678082299876,10.1321917700124
2014,4.106623276776,0.819065054636545,63.8100295225046,20.918210040898,319.050147612523,153,24,0.319117711899704,89.7292805952967,10.2707194047033
2014,4.06345248415516,0.810655688709466,64.567462230287,20.993143795805,322.837311151435,154,24,0.316229891865218,89.5950380665359,10.4049619334641
2014,4.02121329029559,0.802256136914295,65.3168333343688,21.0666794870966,326.584166671844,155,24,0.318351848195853,89.464837028751,10.535162971249
2014,3.97861267541343,0.793885814545829,66.0573269560972,21.1387686731811,330.286634780486,156,24,0.317366883756718,89.3382878304944,10.6617121695056
2014,3.93739293386286,0.785564280160408,66.7894919544768,21.2094953853713,333.947459772384,157,24,0.323125535984705,89.2154779481422,10.7845220518578
2014,3.89739793519584,0.777305659901873,67.51225553282,21.2787858744815,337.5612776641,158,24,0.33476601146275,89.0966613721383,10.9033386278617
2014,3.85614617744571,0.769120655347749,68.2246860331849,21.3465815921762,341.123430165925,159,24,0.336203263414662,88.9820321817931,11.0179678182069
2014,3.81499547562621,0.761018155205878,68.9285725138221,21.4130813846723,344.642862569111,160,24,0.335497162960129,88.8713852692393,11.1286147307607
2014,3.77552708424414,0.753003682643076,69.6243636055768,21.4783528067276,348.121818027884,161,24,0.342972918256159,88.7646548530192,11.2353451469808
2014,3.73610406305201,0.745080192306489,70.3107591427794,21.5422988866873,351.553795713897,162,24,0.34778914939926,88.6619750849803,11.3380249150197
2014,3.69743512720798,0.737249924601963,70.9882998596503,21.6049947335318,354.941499298251,163,24,0.354704624878502,88.5632076260332,11.4367923739668
2014,3.65950128431566,0.729513827630339,71.6567164746724,21.6664389294137,358.283582373362,164,24,0.363733309480158,88.4682969905909,11.5317030094092
2014,3.6215451274792,0.721872268636898,72.315733118478,21.7266291814636,361.57866559239,165,24,0.369267037943968,88.3771677330471,11.6228322669528
2014,3.58428854606467,0.714325549831838,72.9660440781003,21.7856507114259,364.830220390502,166,24,0.376639166714706,88.2895977448339,11.7104022551662
2014,3.5461412577424,0.706873781997031,73.6074213408667,21.8435034036951,368.037106704334,167,24,0.373295749213471,88.2054740761762,11.7945259238237
2014,3.50975534975395,0.699517689393282,74.2418296317087,21.9003828769642,371.209148158544,168,24,0.380031174001861,88.1243812036495,11.8756187963505
2014,3.47671813633945,0.692257946623715,74.8676051911777,21.956157445282,374.338025955888,169,24,0.41151094985404,88.0463804029411,11.9536195970589
2014,3.44207702164978,0.685095845669526,75.480468644317,22.0104671229178,377.402343221585,170,24,0.426346305181985,87.9718764373879,12.0281235626121
2014,3.40626371616086,0.678034408054156,76.0834279177233,22.063600018791,380.417139588616,171,24,0.425931027174917,87.9003017837764,12.0996982162236
2014,3.3709263295444,0.67107743275486,76.679298487611,22.1158207096406,383.396492438055,172,24,0.42493746710381,87.831117307292,12.168882692708
2014,3.33704280808862,0.664229547005515,77.2682909433703,22.1671613975173,386.341454716852,173,24,0.43251310637555,87.7641349865255,12.2358650134745
2014,3.30377510066053,0.657496511723965,77.8489819657614,22.2175121404938,389.244909828807,174,24,0.440658147252304,87.6993893265158,12.3006106734842
2014,3.27149625947488,0.650885438811275,78.4213806112907,22.2668883268437,392.106903056454,175,24,0.452893855660512,87.6367321800014,12.3632678199986
2014,3.23801134241853,0.644404681637329,78.9848662985547,22.3152509194378,394.924331492773,176,24,0.446016991697244,87.5761075295593,12.4238924704407
2014,3.20592518908025,0.638063902903796,79.5430201226427,22.362919399504,397.715100613213,177,24,0.446198768421321,87.516915768855,12.483084231145
2014,3.17461377125797,0.631873827280821,80.0947098424113,22.4098072714168,400.473549212056,178,24,0.446472554165281,87.4591905468124,12.5408094531876
2014,3.14472255544335,0.625846328057537,80.640071760354,22.4559366273001,403.20035880177,179,24,0.453115882501902,87.4028084107753,12.5971915892247
2014,3.11512570614127,0.619994278912773,81.1781157658141,22.5012344109744,405.89057882907,180,24,0.453451510325963,87.3478028638824,12.6521971361176
2014,3.08807041375914,0.61433139260659,81.7101620537858,22.5458219462071,408.550810268929,181,24,0.471541150411344,87.2939126981378,12.7060873018622
2014,3.06077901078663,0.608872077448134,82.2331678914314,22.5894550688452,411.165839457157,182,24,0.475719937556545,87.2414519751646,12.7585480248354
2014,3.03340448219942,0.603631128270862,82.7498680573699,22.6323726038774,413.74934028685,183,24,0.466147828592525,87.189983225812,12.810016774188
2014,3.00906611501118,0.59862350675234,83.262995882083,22.6748089698793,416.314979410415,184,24,0.478197107447683,87.1390713459175,12.8609286540825
2014,2.98567390886369,0.593864243361565,83.7688340355626,22.7164644339193,418.844170177813,185,24,0.48697118700248,87.089113593008,12.910886406992
2014,2.96217495355075,0.589367982894293,84.2682265960879,22.7574174831358,421.341132980439,186,24,0.478382556608563,87.0399045302917,12.9600954697083
2014,2.94234315318742,0.585148728042606,84.764624547842,22.7979576643118,423.82312273921,187,24,0.497751656460251,86.9908897158925,13.0091102841075
2014,2.87426465023613,0.57127117969517,85.2531694830906,22.8376952568726,426.265847415453,188,17,0.470989517562452,86.9425675420299,13.0574324579701
2014,2.85708302348909,0.567666925585613,85.7334381458662,22.8766052658018,428.667190729331,189,17,0.485119079953557,86.8948399181673,13.1051600818327
2014,2.84167162486796,0.564376315704505,86.2074314293121,22.9148581910306,431.037157146561,190,17,0.502311600370884,86.8485928252564,13.1514071747436
2014,2.82641404820117,0.561406901485851,86.6748905995281,22.9524404846733,433.37445299764,191,17,0.500440851376557,86.8031214243167,13.1968785756833
2014,2.8140617165799,0.55876410961932,87.1396589011645,22.9896666484447,435.698294505822,192,17,0.515542942606265,86.7570454635832,13.2429545364168
2014,2.80385464121869,0.55645564056332,87.5989225337139,23.0263162216789,437.99461266857,193,17,0.537780824450197,86.7104765419808,13.2895234580192
2014,2.79412248734263,0.554488098655096,88.0516831945025,23.0623159966946,440.258415972512,194,17,0.542681151562492,86.6632756160521,13.3367243839479
2014,2.78502824944142,0.552866911941491,88.5015032202815,23.0979544201593,442.507516101408,195,17,0.531529030026416,86.6147148341913,13.3852851658087
2014,2.61624319588404,0.519435225002003,88.9517204183764,23.1334981199998,444.758602091882,196,16,0.515139479385493,86.1872937497405,13.8127062502595
2014,2.61180192392657,0.518574350805777,89.3714437350259,23.1665216351346,446.857218675129,197,16,0.515546930136766,86.1344339094924,13.8655660905076
2014,2.60921655851026,0.518056945923899,89.7901831934155,23.1993602017257,448.950915967078,198,16,0.517809494402821,86.0789016313382,13.9210983686618
2014,2.60710384157367,0.51775026716322,90.2079386581673,23.232015412031,451.039693290836,199,16,0.511345956900341,86.0049333536753,13.9950666463247
2014,2.6066089670093,0.517503417305466,90.6265495818412,23.2646319378152,453.132747909206,200,16,0.524445447821286,85.9009597065757,14.0990402934243
2014,2.60482380254423,0.51734650962519,91.0424265592529,23.2969316323535,455.212132796264,201,16,0.511556779442176,85.7692233110279,14.2307766889721
2014,2.60599113169683,0.517319833072866,91.4605089219335,23.329299124491,457.302544609667,202,16,0.533080648291606,85.6123048053871,14.3876951946129
2014,2.60637686274074,0.517468166209463,91.8745042315738,23.3612487452366,459.372521157869,203,16,0.529527410645966,85.4344430569414,14.5655569430586
2014,2.60802318839649,0.517826179767554,92.2892713936245,23.3931574685248,461.446356968123,204,16,0.5291027885846,85.2383430645693,14.7616569354307
2014,2.61166035833599,0.518415488845662,92.7044364187598,23.4249968640627,463.522182093799,205,16,0.541367462261127,85.0271642284672,14.9728357715328
2014,2.61660625723236,0.519242990107095,93.117859238698,23.4566040454152,465.58929619349,206,16,0.555601858579693,84.8040112731118,15.1959887268882
2014,2.62262082980695,0.520301948044851,93.5294073584721,23.4879709092219,467.64703679236,207,16,0.568555817051557,84.5714300618632,15.4285699381368
2014,2.63045209890897,0.521575988593685,93.9395503083022,23.519135116925,469.697751541511,208,16,0.594037380003363,84.3316411328228,15.6683588671772
2014,2.63771390745081,0.52304434346664,94.3461455930944,23.549936294022,471.730727965472,209,16,0.593732006519024,84.0870625141785,15.9129374858215
2014,2.64690064108066,0.524682641072013,94.7542364871812,23.5807578817342,473.771182435906,210,16,0.61169562924257,83.8389977371567,16.1610022628433
2014,2.65776993059788,0.526483705106247,95.1605537311109,23.6113537327929,475.802768655555,211,16,0.645589589194966,83.5945559608026,16.4054440391975
2014,2.50044631036613,0.495374814672093,95.5622474640545,23.6415120590709,477.811237320272,212,15,0.626021141427434,82.8553117414231,17.1446882585769
2015,4.27798319268389,0.855032742772934,54.5,19.9420239553624,272.5,141,24,0.239633201830334,91.1879456358194,8.81205436418062
2015,4.26117637585703,0.85093768660865,55.3076434128049,20.0311179726986,276.538217064024,142,24,0.258545948921569,91.0467439319075,8.9532560680925
2015,4.23637584786752,0.846082317443748,56.1081404618291,20.1185333104006,280.540702309146,143,24,0.259252716939373,90.903371927611,9.09662807238899
2015,4.20874236364561,0.840563401462465,56.9035334395553,20.2045345248262,284.517667197776,144,24,0.262139222976707,90.7580817662924,9.24191823370762
2015,4.18022605431619,0.834470730022987,57.6928196329333,20.2890511683503,288.464098164666,145,24,0.274574322941716,90.6115355439281,9.3884644560719
2015,4.14665600593698,0.827852691851544,58.4739125806629,20.3719007825064,292.369562903314,146,24,0.275423374586741,90.464993075706,9.53500692429402
2015,4.11082967914121,0.820874323348309,59.2481185693467,20.4532621900591,296.240592846733,147,24,0.273927685464986,90.3179932987924,9.68200670120763
2015,4.07488730357721,0.813576565689956,60.0154551057807,20.533173769884,300.077275528904,148,24,0.27979786398533,90.171464870315,9.82853512968495
2015,4.03803299553259,0.80602439840072,60.7744256153502,20.611516625653,303.872128076751,149,24,0.287704791791893,90.0261815981675,9.97381840183253
2015,3.99820720208498,0.798280972603044,61.5244401724377,20.6882679812423,307.622200862188,150,24,0.284965625003254,89.8827229446285,10.1172770553715
2015,4.18378429332903,0.835783208976346,62.2670335088733,20.7636200920925,311.335167544366,151,24,0.277935799317196,90.0093646962141,9.99063530378584
2015,4.14220297657338,0.827460117700357,63.0481441315873,20.8422077245912,315.240720657937,152,24,0.281131709179034,89.8671924161076,10.1328075838924
2015,4.1004672573484,0.819074296879071,63.820294728454,20.9192297233735,319.10147364227,153,24,0.28513382095591,89.7279583191925,10.2720416808075
2015,4.05681458602814,0.810668518067678,64.5832929446046,20.994703395824,322.916464723023,154,24,0.279663543861848,89.5929875092022,10.4070124907978
2015,4.01509650063119,0.802272009995131,65.3386496308016,21.0688114886117,326.693248154008,155,24,0.283849535940578,89.4619969677112,10.5380030322887
2015,3.97279905401227,0.793903727676488,66.0848201995823,21.1414343515563,330.424100997912,156,24,0.284204088165663,89.3346926127928,10.6653073872072
2015,3.93208001187116,0.785583462271563,66.8224548228632,21.2126668405139,334.112274114316,157,24,0.291760129678896,89.2111502786982,10.7888497213018
2015,3.89277712448401,0.777325447810415,67.5504286321244,21.2824310811289,337.752143160622,158,24,0.305970154513795,89.0916321783161,10.9083678216839
2015,3.85202263719767,0.769140460303078,68.2676938167576,21.3506584402884,341.338469083788,159,24,0.309972940271839,88.9763490385626,11.0236509614373
2015,3.81042225654143,0.761037499860496,68.976001268151,21.4175451725805,344.880006340755,160,24,0.306374364734655,88.8651021135039,11.1348978864961
2015,3.77338682848661,0.75302252882973,69.6767018279094,21.4832441824663,348.383509139547,161,24,0.328347332821707,88.7577069892689,11.2422930107311
2015,3.7306827590462,0.745097565461968,70.3655939114892,21.5473886119414,351.827969557446,162,24,0.311737873164649,88.6546838832517,11.3453161167483
2015,3.69545070090679,0.737266851897105,71.049260051233,21.610615167518,355.246300256165,163,24,0.340422760873306,88.555092016744,11.444907983256
2015,3.65887467594914,0.72952919817299,71.7201354872414,21.6722479413574,358.600677436207,164,24,0.358801298967757,88.4598468808624,11.5401531191376
2015,3.62069777416041,0.721885803033663,72.3800124849552,21.7324795432981,361.900062424776,165,24,0.36262048717737,88.3685987511098,11.6314012488902
2015,3.58636939963522,0.714337455078119,73.0314825134456,21.7915695026081,365.157412567228,166,24,0.393124312915706,88.2808728240249,11.7191271759751
2015,3.54622144206379,0.706883556203529,73.669978097514,21.8491272364162,368.34989048757,167,24,0.37379508273,88.1971345011932,11.8028654988068
2015,3.50668388316714,0.699526009325565,74.3043017397686,21.905965624036,371.521508698843,168,24,0.355908684395356,88.1160564334922,11.8839435665077
2015,3.47161999529474,0.692265449044305,74.934286650671,21.9620814964661,374.671433253355,169,24,0.36874525383383,88.0375007741925,11.9624992258075
2015,3.43629904364908,0.68510282787547,75.554682665342,22.0170228059346,377.77341332671,170,24,0.376051543462619,87.9620026828956,12.0379973171044
2015,3.39920770952552,0.678040863354669,76.1665441949563,22.0709012009411,380.832720974782,171,24,0.36486308751521,87.8892559124905,12.1107440875095
2015,3.36561606636813,0.671083354166316,76.7732158690036,22.1240255792733,383.866079345018,172,24,0.377838094816299,87.8186522416573,12.1813477583427
2015,3.33197360193432,0.664234669297476,77.3705646399163,22.1760484669038,386.852823199581,173,24,0.386250890943388,87.7505807293806,12.2494192706194
2015,3.29614739589927,0.657500779446819,77.9594925596857,22.2270646557259,389.797462798429,174,24,0.371006825704011,87.6847670086278,12.3152329913722
2015,3.2629689768799,0.650888940693036,78.5442940168583,22.2774582856467,392.721470084291,175,24,0.372963949029813,87.6204970712874,12.3795029287126
2015,3.23124587460944,0.644407368671741,79.1220580234005,22.3269893264886,395.610290117003,176,24,0.381895676402431,87.5580199679781,12.4419800320219
2015,3.19978822789491,0.638065653179552,79.6916804654823,22.3755762300488,398.458402327411,177,24,0.387175721461211,87.4973542972021,12.5026457027979
2015,3.16810711191094,0.631874614574704,80.2539445387669,22.4232986832976,401.269722693834,178,24,0.383595026900831,87.4382801090303,12.5617198909697
2015,3.13774584213359,0.625846155625153,80.81057745549,22.4703141968831,404.05288727745,179,24,0.384489131229939,87.3804648181645,12.6195351818355
2015,3.10817519610523,0.619993148722294,81.3609479520858,22.5165793626652,406.804739760429,180,24,0.384500679633857,87.3238955124357,12.6761044875643
2015,3.07932178949071,0.61432931152992,81.9053904063751,22.562132085984,409.526952031875,181,24,0.382290064603383,87.2684404885253,12.7315595114747
2015,3.05147460388258,0.608869009313866,82.4444924364637,22.6070305084703,412.222462182319,182,24,0.379852054608589,87.2139410690288,12.7860589309712
2015,3.0261132197424,0.603627048835281,82.9785004923231,22.6513034040538,414.892502461616,183,24,0.390494194118086,87.1602861741623,12.8397138258377
2015,3.00121124101563,0.598618490432679,83.5052954270244,22.6947841333172,417.526477135122,184,24,0.394513349942718,87.1076704437801,12.8923295562199
2015,2.97736485065362,0.593858281641675,84.0262934941835,22.7375987689266,420.131467470917,185,24,0.396684027767252,87.0558237589072,12.9441762410928
2015,2.95525374203825,0.589361064193644,84.5420752538631,22.7798028694473,422.710376269315,186,24,0.403058648712921,87.0045756573574,12.9954243426426
2015,2.93408780212408,0.585140938778704,85.052146709275,22.8213635996917,425.260733546375,187,24,0.404965789666114,86.953880199955,13.046119800045
2015,2.91403295234231,0.581211164403203,85.5575901415271,22.8623762285704,427.787950707635,188,24,0.403274649777593,86.9034696898241,13.0965303101759
2015,2.89653667097962,0.577584005288251,86.0593471506266,22.9029230478493,430.296735753133,189,24,0.412441489874467,86.8530731286402,13.1469268713598
2015,2.88106876252829,0.574275477430627,86.555757555357,22.9428759906478,432.778787776785,190,24,0.426605731196354,86.8040502761845,13.1959497238155
2015,2.8658687633996,0.571293534440798,87.0462272992852,22.982194267324,435.231136496426,191,24,0.425876108581161,86.7557378342015,13.2442621657985
2015,2.85236090887811,0.568644442476285,87.5337885082009,23.021126641271,437.668942541004,192,24,0.425348896702757,86.7068569509306,13.2931430490694
2015,2.84170049862351,0.566335926614791,88.0187388127916,23.0597008906093,440.093694063958,193,24,0.437691842266832,86.6571218438098,13.3428781561902
2015,2.83303785840244,0.564374945182255,88.4990733435647,23.0977622449655,442.495366717823,194,24,0.453473097341193,86.6065211352923,13.3934788647077
2015,2.82562224098298,0.562767850266906,88.9745037287693,23.1352934780934,444.872518643847,195,24,0.463349523476718,86.5548138532433,13.4451861467567
2015,2.66495391862774,0.530786733283304,89.446460087831,23.172412472991,447.232300439155,196,24,0.460435066474244,86.1231271024074,13.8768728975926
2015,2.66241146433299,0.529958500713647,89.88684976097,23.2069258586119,449.43424880485,197,24,0.483714324881886,86.0676693949444,13.9323306050556
2015,2.66066648251934,0.529484107571822,90.3220598677251,23.2409177316773,451.610299338625,198,24,0.494381583065892,86.0100756898819,13.9899243101181
2015,2.659455544021,0.52924150115436,90.7547721189089,23.2746015245309,453.773860594544,199,24,0.496396299054738,85.9341320769267,14.0658679230733
2015,2.65903464153202,0.529089399337667,91.1868235559155,23.3081223833045,455.934117779577,200,24,0.503135265855153,85.8281840446043,14.1718159553957
2015,2.65844545663678,0.529055666374027,91.6174269908705,23.3414209382111,458.087134954353,201,24,0.499122889206246,85.6941150249455,14.3058849750545
2015,2.6603458666249,0.52917972027413,92.0486987163474,23.3746620183526,460.243493581737,202,24,0.519349570526398,85.5348903043966,14.4651096956034
2015,2.60268256705102,0.517344193447651,92.4762884340669,23.4075123106671,462.381442170334,203,16,0.487340264710831,85.3545155719964,14.6454844280036
2015,2.60567429099027,0.517687184148444,92.8987303601835,23.4398633185753,464.493651800918,204,16,0.507312278809499,85.1565671709035,14.8434328290965
2015,2.60984923337568,0.518261977041514,93.3177590595357,23.4718518035013,466.588795297679,205,16,0.528296898555052,84.9439699952397,15.0560300047603
2015,2.61307942848784,0.519075785671104,93.7334084133727,23.5034835582732,468.667042066863,206,16,0.517202718748186,84.7195746876095,15.2804253123905
2015,2.68209340870215,0.533274811904079,94.1519049922847,23.5352333775828,470.759524961424,207,24,0.546388057907223,84.4850791234893,15.5149208765107
2015,2.69074310560223,0.534830488245687,94.5783491395242,23.5674851315319,472.891745697621,208,24,0.56114908823715,84.2420575059551,15.7579424940448
2015,2.70022838708271,0.536595796794034,95.0035521069758,23.5995422616861,475.017760534879,209,24,0.572720057462253,83.9939072045825,16.0060927954175
2015,2.70994644829667,0.538546056136614,95.4283186615175,23.6314667994799,477.141593307588,210,24,0.573282781073659,83.7425539762833,16.2574460237167
2015,2.7210087920421,0.540670729088529,95.8548966049441,23.6634279577918,479.27448302472,211,24,0.581260268722008,83.4943599393789,16.5056400606211
2015,2.57597944230424,0.511749055546301,96.2820713243688,23.6953346414454,481.410356621844,212,24,0.587265316030517,82.7479033461929,17.2520966538071
2016,4.28011275339016,0.855032742772934,54.5,19.9420239553624,272.5,141,24,0.248684978276652,91.1879456358194,8.81205436418062
2016,4.26016847920643,0.850934636683608,55.3062589696568,20.0309660281899,276.531294848284,142,24,0.254089902683048,91.0469124478675,8.95308755213253
2016,4.23622582272859,0.846080886188749,56.1074456529556,20.1184578144372,280.537228264778,143,24,0.258599365419164,90.9034571369879,9.09654286301212
2016,4.21046376142028,0.840562262017148,56.9029392983072,20.2044705974383,284.514696491536,144,24,0.270279229803522,90.758155206622,9.24184479337796
2016,4.17943429075157,0.834467390614403,57.6909417720298,20.2888510465602,288.454708860149,145,24,0.270797103439046,90.6117695521919,9.38823044780811
2016,4.14504845231006,0.827850587467421,58.4726318182423,20.3717655667351,292.363159091211,146,24,0.267621557829562,90.4651539816509,9.53484601834909
2016,4.11414982917475,0.820874259965764,59.2480766648731,20.4532578064221,296.240383324365,147,24,0.290929667700595,90.3179986064766,9.68200139352343
2016,4.07660737944301,0.813572709691418,60.0126768350526,20.5328857247066,300.063384175263,148,24,0.288835874397651,90.1718196001188,9.82818039988118
2016,4.03793189013874,0.806019012465248,60.7701837708536,20.6110806718673,303.850918854268,149,24,0.287295408829587,90.0267274157569,9.97327258424306
2016,4.00017753974442,0.798276130549258,61.5202600048138,20.6878420235133,307.601300024069,150,24,0.295749171823839,89.8832648376397,10.1167351623603
2016,4.18919076737552,0.835776655058655,62.2610907217927,20.763019560895,311.305453608964,151,24,0.306187894831673,90.0101205173598,9.98987948264024
2016,4.14739968394022,0.827449628724797,63.0376322539811,20.8411546406177,315.188161269905,152,24,0.308934972334575,89.8685382041977,10.1314617958023
2016,4.10290336155684,0.819060760694442,63.8052616032364,20.9177363862144,319.026308016182,153,24,0.298353927896032,89.7298947710103,10.2701052289897
2016,4.0629717457921,0.810654586917428,64.5661031153829,20.9930098869847,322.830515576915,154,24,0.313476952847008,89.5952141173555,10.4047858826446
2016,4.02081421873849,0.802255478409832,65.3159286688497,21.0665910677786,326.579643344248,155,24,0.316018941325846,89.4649548024678,10.5350451975322
2016,3.98192852246857,0.793885476925398,66.0568090641647,21.1387184522127,330.284045320824,156,24,0.337735288405179,89.338355556441,10.661644443559
2016,3.93896176310778,0.785561992339193,66.7855635549761,21.2091173496794,333.92781777488,157,24,0.332933102191346,89.2159937305963,10.7840062694037
2016,3.89861448826331,0.777302766627394,67.5066794175778,21.278253282617,337.533397087889,158,24,0.342730060365011,89.0973960524079,10.9026039475921
2016,3.85619902568104,0.769117462489712,68.2177604661704,21.3459249276559,341.088802330852,159,24,0.336624369809859,88.9829474027932,11.0170525972068
2016,3.81746421851211,0.761015296720093,68.9215733571919,21.4124224732681,344.60786678596,160,24,0.352167148364153,88.8723125544288,11.1276874455712
2016,3.78120467317821,0.753000134016132,69.6145242663998,21.4774329649843,348.072621331999,161,24,0.383805802932527,88.7659611262321,11.2340388737679
2016,3.74100534444703,0.745074836921288,70.2938888419119,21.5407324405533,351.46944420956,162,24,0.383703663994835,88.6642184860756,11.3357815139244
2016,3.7029583471535,0.737243502184335,70.9652270875461,21.6028665826126,354.826135437731,163,24,0.396709406381039,88.5662796342123,11.4337203657877
2016,3.66076952500168,0.729506445784511,71.6263476417999,21.6636559567059,358.131738208999,164,24,0.37342534680405,88.4723439050521,11.5276560949479
2016,3.62413671542759,0.721865497754338,72.2836798730513,21.723710513295,361.418399365256,165,24,0.389674361927495,88.3814412345939,11.6185587654061
2016,3.58703336425893,0.714319046213956,72.9304280684727,21.7824277512178,364.652140342363,166,24,0.398927805432276,88.2943470540748,11.7056529459252
2016,3.54858164147928,0.706867581187881,73.5678970119962,21.8399484615355,367.839485059981,167,24,0.393071317460481,88.2107438395011,11.7892561604989
2016,3.51188980069568,0.699511937113258,74.1988387814579,21.896539147663,370.99419390729,168,24,0.397751772334239,88.130110755577,11.869889244423
2016,3.47685859444247,0.692252729933938,74.8214976965031,21.9520590559849,374.107488482516,169,24,0.412784447949514,88.0525211833144,11.9474788166856
2016,3.4412836919679,0.68509145696667,75.4341351957124,22.0063719873568,377.170675978562,170,24,0.419053901875605,87.9780417815072,12.0219582184928
2016,3.40669096193365,0.67803088156654,76.0383949682192,22.0596418677973,380.191974841096,171,24,0.42990824128583,87.9062874778223,12.0937125221777
2016,3.37411734844521,0.671074518282285,76.6335562363843,22.1118220095839,383.167781181922,172,24,0.456037942611425,87.8371894553839,12.1628105446161
2016,3.3368404558835,0.664226940730401,77.2169675313409,22.1626985616879,386.084837656704,173,24,0.430452573071555,87.7709381481749,12.2290618518251
2016,3.30369542076717,0.657494508472636,77.7980310411023,22.2131047686087,388.990155205512,174,24,0.439732715816315,87.7061323056561,12.2938676943439
2016,3.2730803950627,0.650883955541116,78.3705997138258,22.2625180443952,391.852998569129,175,24,0.469439552489745,87.6434410600511,12.3565589399489
2016,3.24115823185004,0.644403587781033,78.9310939950651,22.3106461737434,394.655469975325,176,24,0.479447823306808,87.5831986259297,12.4168013740703
2016,3.21053087669529,0.638063151115976,79.4831920248208,22.3578210272191,397.415960124104,177,24,0.496559929804125,87.5247902734571,12.4752097265429
2016,3.17739399828879,0.631873428757755,80.0257317948632,22.4039571937783,400.128658974316,178,24,0.476388429233739,87.4682511705864,12.5317488294136
2016,3.14704095141502,0.625846339248863,80.5656679488312,22.4496560263029,402.828339744156,179,24,0.478449456753821,87.4125614401075,12.5874385598925
2016,3.11753095309124,0.619994697165835,81.0991104416546,22.4945961068185,405.495552208273,180,24,0.480009919201814,87.3581369940906,12.6418630059094
2016,3.09012693556946,0.614332209648762,81.6263277682093,22.5388097659664,408.131638841046,181,24,0.495176733467794,87.3048545992927,12.6951454007073
2016,3.06255978309405,0.608873273597178,82.1450196245498,22.5821146495026,410.725098122749,182,24,0.496387872099949,87.2529315652702,12.7470684347298
2016,3.03541885847859,0.60363267796809,82.6579443445197,22.6247510313164,413.289721722598,183,24,0.489357622337836,87.2019278161632,12.7980721838368
2016,3.01019115536227,0.598625400581449,83.1668352220584,22.6668702593347,415.834176110292,184,24,0.491190678485,87.1515384048659,12.8484615951341
2016,2.98621846438552,0.593866423387889,83.6703019730573,22.7083641544628,418.351509865287,185,24,0.493060362368744,87.10185936099,12.89814063901
2016,2.91521263014771,0.579375963069855,84.1685880414289,22.7492600854676,420.842940207145,186,17,0.468143518822279,87.0527645250335,12.9472354749665
2016,2.89471707624147,0.575188013271352,84.6576438681662,22.7892347055634,423.288219340831,187,17,0.477430274435888,87.0046666310028,12.9953333689972
2016,2.87493829969321,0.571286207199255,85.1407306622932,22.8285637218035,425.703653311466,188,17,0.477871474298922,86.9570156377788,13.0429843622212
2016,2.85682128130951,0.567682178319689,85.6197606881054,22.8674091902719,428.098803440527,189,17,0.480310687784092,86.9094158319737,13.0905841680263
2016,2.84276555975446,0.564391496978629,86.0946664449289,22.9057709747735,430.473332224644,190,17,0.515423635984079,86.8630206358508,13.1369793641492
2016,2.82776542666626,0.561422451854252,86.5597251989189,22.9431946771492,432.798625994594,191,17,0.517060605261417,86.8178252945279,13.1821747054721
2016,2.81230332221699,0.558780119220282,87.0214431854937,22.9802111697225,435.107215927469,192,17,0.490348185704156,86.7721081564292,13.2278918435708
2016,2.80181738254489,0.556471064663127,87.4853976310705,23.0172693353107,437.426988155353,193,17,0.507658963190306,86.724913535738,13.275086464262
2016,2.79369717583163,0.554502810995708,87.9437787017605,23.0537480569968,439.718893508802,194,17,0.53491609060197,86.6769729517009,13.3230270482991
2016,2.78599426754624,0.552881482193413,88.3950700795684,23.0895333379712,441.975350397842,195,17,0.543923038258133,86.6282027163956,13.3717972836044
2016,2.61369973965756,0.519450046066753,88.8430051204502,23.1249267797058,444.215025602251,196,16,0.477427176811786,86.2014041252011,13.7985958747989
2016,2.61199304231384,0.5185882728981,89.2697658092526,23.1585316300165,446.348829046263,197,16,0.516862221259642,86.1476148072988,13.8523851927012
2016,2.60943631575863,0.518070971631664,89.6882838820451,23.1913788529137,448.441419410226,198,16,0.519553046519273,86.0920976548767,13.9079023451233
2016,2.60854826074178,0.517764745542327,90.105738124295,23.224036330654,450.528690621475,199,16,0.531423048295366,86.0181760677913,13.9818239322087
2016,2.60759761669955,0.517519447362693,90.5206261419262,23.2563887375946,452.603130709631,200,16,0.537810757672258,85.9147293467987,14.0852706532013
2016,2.60462812267761,0.517364485168829,90.9340316336409,23.2885229066151,454.670158168205,201,16,0.506869927710806,85.7833936242083,14.2166063757917
2016,2.60669326878157,0.517339619758616,91.3530162556172,23.3209870212282,456.765081278086,202,16,0.541884046177013,85.6264639611691,14.3735360388309
2016,2.60830382553726,0.517490515483479,91.7653953949949,23.3528381477512,458.826976974974,203,16,0.557361030952757,85.4489465676298,14.5510534323702
2016,2.60886196203599,0.517852114723558,92.1749854610441,23.3843752554094,460.874927305221,204,16,0.53943998432697,85.2536904589759,14.7463095410241
2016,2.61120133492113,0.51844444358772,92.5882553362432,23.4160968587217,462.941276681216,205,16,0.531502646988342,85.0429367468429,14.9570632531571
2016,2.61582362599579,0.519273922081243,93.0035640260605,23.4478756963171,465.017820130303,206,16,0.540311728715795,84.8197024709354,15.1802975290646
2016,2.62117566346684,0.520334272653798,93.4180183824959,23.4794907126757,467.09009191248,207,16,0.542463604275816,84.5868944829704,15.4131055170296
2016,2.62796225864951,0.521608676289143,93.8330954587494,23.5110554033502,469.165477293747,208,16,0.550184165988255,84.3465828061354,15.6534171938646
2016,2.63518165748088,0.523075805440753,94.2479680241751,23.5425074461702,471.239840120875,209,16,0.549492986630299,84.1009864997168,15.8990135002832
2016,2.6444962999682,0.524712263657453,94.6644046111739,23.5739811672515,473.322023055869,210,16,0.568503629621263,83.8518618173704,16.1481381826296
2016,2.65354634955978,0.526511021932233,95.0788834420023,23.6052112490777,475.394417210011,211,16,0.570290377410754,83.6063521147948,16.3936478852052
2016,2.50010030233053,0.495396475931054,95.4947960661373,23.6364541296606,477.473980330686,212,15,0.617161008044502,82.8653864507647,17.1346135492353
2017,4.27858169472901,0.855032742772934,54.5,19.9420239553624,272.5,141,24,0.242143342220242,91.1879456358194,8.81205436418062
2017,4.25800007605297,0.85093684435354,55.3072610851359,20.0310760119846,276.536305425679,142,24,0.244587581079777,91.0467904691745,8.95320953082546
2017,4.23475587118606,0.846085971803919,56.1099145489709,20.1187260747265,280.549572744855,143,24,0.251892570068843,90.9031543595505,9.09684564044947
2017,4.20779398383944,0.840569005216456,56.9064555547359,20.2048489267781,284.53227777368,144,24,0.257655348557915,90.7577205729937,9.24227942700626
2017,4.17967823571638,0.834477183330487,57.696448836436,20.2894379161342,288.48224418218,145,24,0.271760638334585,90.6110832974679,9.38891670253206
2017,4.14663823896165,0.827859398927625,58.4779949432647,20.3723317618638,292.389974716323,146,24,0.275184190850367,90.4644802009144,9.53551979908561
2017,4.11140954304348,0.820880564678413,59.2522451983365,20.4536938671147,296.261225991683,147,24,0.276681774584056,90.3174706171313,9.68252938286869
2017,4.07504627873922,0.813581689025009,60.0191468714166,20.5335565098838,300.095734357083,148,24,0.280494796077307,90.170993510128,9.82900648987201
2017,4.03647442229205,0.806028948694217,60.7780097721339,20.6118849693305,303.89004886067,149,24,0.279436307363419,90.0257204137566,9.97427958624344
2017,3.99807562276515,0.798286677879042,61.5293662934058,20.6887699254853,307.646831467029,150,24,0.284133715129467,89.8820843591959,10.1179156408041
2017,4.18709535452987,0.835788795076078,62.272099669574,20.7641320067995,311.36049834787,151,24,0.294692522106541,90.0087203773224,9.99127962267758
2017,4.1441345862948,0.827462488987508,63.0505211311709,20.8424458363663,315.252605655854,152,24,0.29101978220813,89.8668881052491,10.1331118947509
2017,4.10246843817015,0.819075004133828,63.8210804209992,20.9193077645329,319.105402104996,153,24,0.295679459237488,89.72785711458,10.27214288542
2017,4.05985405833785,0.810667770102277,64.5823697406091,20.9946124515296,322.911848703045,154,24,0.295734061252755,89.5931070896017,10.4068929103983
2017,4.01878967421848,0.802269442979118,65.3351202240836,21.0684666103457,326.675601120418,155,24,0.304043264919255,89.4624564167361,10.5375435832639
2017,3.97659357455228,0.793899279788353,66.0779907072783,21.1407722526697,330.389953536392,156,24,0.305265199912722,89.335585661815,10.664414338185
2017,3.93468371113475,0.785577481254908,66.812172064508,21.211677622934,334.06086032254,157,24,0.306653150846762,89.2125002523529,10.7874997476471
2017,3.89487901985951,0.777318847129786,67.5376880924198,21.2812146274973,337.688440462099,158,24,0.318691883997657,89.0933106493334,10.9066893506666
2017,3.85239349700685,0.769133619711986,68.252829418797,21.3492495979928,341.264147093985,159,24,0.312358773760647,88.9783131786669,11.0216868213331
2017,3.81168182284023,0.761031277678234,68.9607340089397,21.4161085181409,344.803670044699,160,24,0.31415275485428,88.8671245671181,11.1328754328819
2017,3.77158155272397,0.753016567364976,69.6601309482552,21.4816957940981,348.300654741276,161,24,0.316962309881901,88.7599066581801,11.2400933418199
2017,3.73152955929507,0.745092927495355,70.3509391459785,21.5460286375107,351.754695729892,162,24,0.317151358446925,88.6566323769176,11.3433676230824
2017,3.69274989705487,0.737262534709737,71.0336921016871,21.6091801466694,355.168460508435,163,24,0.322439354348348,88.5571644493347,11.4428355506653
2017,3.65447987701965,0.729526170686791,71.7076242287243,21.671102227092,358.538121143621,164,24,0.328080096258271,88.4615138020911,11.5384861979089
2017,3.61792721983946,0.721884280305995,72.3727666507744,21.7318202476204,361.863833253872,165,24,0.342509405149025,88.3695646105627,11.6304353894373
2017,3.57855379232729,0.714336769359699,73.027704871844,21.7912279221353,365.13852435922,166,24,0.334045742002742,88.2813764577523,11.7186235422477
2017,3.5422459545665,0.706884565092469,73.6764530960796,21.8497091466408,368.382265480398,167,24,0.343761629566734,88.1962713817739,11.8037286182262
2017,3.50583533607502,0.69952756059576,74.315988246525,21.9070096118206,371.579941232625,168,24,0.349525519843615,88.1144992863618,11.8855007136382
2017,3.46956920807669,0.692266882758789,74.9470799209233,21.9632176439707,374.735399604617,169,24,0.35283027590394,88.0357973321092,11.9642026678908
2017,3.43478028894995,0.685104284968984,75.5702485910967,22.0183972499142,377.851242955483,170,24,0.36384616450468,87.9599319603214,12.0400680396786
2017,3.40019688698585,0.678042229337916,76.1842472140518,22.0724555696328,380.921236070259,171,24,0.372887375338912,87.8869035405542,12.1130964594458
2017,3.36353332729616,0.67108437305423,76.7895115919804,22.1254485042119,383.947557959902,172,24,0.360798932114126,87.8164897119586,12.1835102880415
2017,3.33366233123886,0.664235624643433,77.3898513852645,22.1777234702502,386.949256926323,173,24,0.401187069653372,87.7480250601997,12.2519749398003
2017,3.29760577043517,0.657501412802546,77.9761294924711,22.2285019316021,389.880647462356,174,24,0.383500133303246,87.6825660254557,12.3174339745443
2017,3.26357900073818,0.650889343628538,78.5587236740667,22.2786984100988,392.793618370334,175,24,0.378242479508802,87.618591444381,12.381408555619
2017,3.23042490679892,0.644407624968967,79.1355537192408,22.3281432794836,395.677768596204,176,24,0.374761290340346,87.5562410070713,12.4437589929287
2017,3.20036339837967,0.638065817805592,79.7064385927948,22.3768318278037,398.532192963974,177,24,0.392457333082695,87.4954127402197,12.5045872597803
2017,3.17218275563414,0.631874674190043,80.2677610921232,22.4244684327192,401.338805460616,178,24,0.422310335320066,87.4364661277281,12.5635338722719
2017,3.14097671265966,0.625846144380863,80.8174657989637,22.470894598868,404.087328994819,179,24,0.415232053209355,87.3795623443936,12.6204376556064
2017,3.11269742814299,0.619993139294181,81.362333742434,22.5166955790681,406.81166871217,180,24,0.428609089181914,87.3237143455862,12.6762856544138
2017,3.08470853822537,0.614329385171617,81.8988589315121,22.5615868593762,409.49429465756,181,24,0.435564114748692,87.2692924801737,12.7307075198263
2017,3.05438814873032,0.608869253109123,82.4283836459925,22.605691878827,412.141918229962,182,24,0.407821966601439,87.2160376668344,12.7839623331656
2017,3.02947059152886,0.603627439060955,82.9573807968628,22.649556215199,414.786903984314,183,24,0.424096187325651,87.163028722319,12.836971277681
2017,3.00452547877948,0.598619070222161,83.4781273058744,22.6925464070979,417.390636529372,184,24,0.428263639357397,87.1111903946699,12.8888096053301
2017,2.982786039624,0.593859073164319,83.9930388242848,22.7348714997788,419.965194121424,185,24,0.454237271671712,87.0601224724144,12.9398775275856
2017,2.96102840382503,0.589362195942452,84.4983950078145,22.7762356781116,422.491975039072,186,24,0.466093151246021,87.0102092386628,12.9897907613372
2017,2.93907583840921,0.585142467319545,84.9970156248342,22.816879894667,424.985078124171,187,24,0.45943018731465,86.9609746400763,13.0390253599237
2017,2.91836812894518,0.581213070330531,85.4925652530872,22.8571094682111,427.462826265436,188,24,0.450247732190556,86.911818692783,13.088181307217
2017,2.90249120857956,0.577586264276921,85.9857964634983,22.8969897650098,429.928982317492,189,24,0.480383933972034,86.8624961749679,13.1375038250321
2017,2.88645933574956,0.574278224395495,86.4698113614101,22.9359701756009,432.349056807051,190,24,0.490016366468583,86.8150373165926,13.1849626834074
2017,2.82317204549838,0.561369671674342,86.9486795856369,22.9743867245638,434.743397928184,191,17,0.462693349392825,86.7681811679198,13.2318188320802
2017,2.85734799103542,0.568648316086466,87.4203409106712,23.0120812270117,437.101704553356,192,24,0.483916083390644,86.7212986057379,13.2787013942621
2017,2.84400578304804,0.56634029189731,87.8945786686629,23.0498389949493,439.472893343314,193,24,0.464236833212287,86.6728959472882,13.3271040527118
2017,2.83708522264704,0.564379608865267,88.3700691638491,23.0875542190215,441.850345819245,194,24,0.503658054407179,86.6228800824885,13.3771199175115
2017,2.77925477762644,0.552820748760761,88.8362761978212,23.1243960172631,444.181380989106,195,17,0.459269266695381,86.5723121867354,13.4276878132646
2017,2.61153989468813,0.519387452892121,89.2997796985321,23.1608908263377,446.498898492661,196,16,0.454728816774685,86.1421432616084,13.8578567383916
2017,2.60704581810462,0.518524840711049,89.7306328066139,23.1946966349687,448.65316403307,197,16,0.454455857904459,86.0878966461166,13.9121033538834
2017,2.60524171166169,0.518005615790912,90.160626919699,23.2283224360099,450.803134598495,198,16,0.466917783193812,86.0309561534648,13.9690438465352
2017,2.60447228274325,0.517696110764965,90.5877527343306,23.2616134596429,452.938763671653,199,16,0.479446793004625,85.9557470737495,14.0442529262505
2017,2.6024948330917,0.517444701264006,91.0122035172117,23.2945877846766,455.061017586058,200,16,0.471510552742114,85.8508555406698,14.1491444593302
2017,2.60211736568613,0.51728057938885,91.4378304559404,23.3275460299234,457.189152279702,201,16,0.479454892237336,85.7175635019375,14.2824364980625
2017,2.60188072237387,0.517245615778407,91.8617770267271,23.3602680341019,459.308885133635,202,16,0.480436121943599,85.5594804162255,14.4405195837745
2017,2.60378949269155,0.517383633259885,92.285463713769,23.3928649924419,461.427318568845,203,16,0.49940714075113,85.3798483668292,14.6201516331708
2017,2.66632315884895,0.530083770023075,92.7057212808477,23.4250952469357,463.528606404238,204,24,0.543804163200071,85.182452326945,14.817547673055
2017,2.60817590408264,0.518309191619687,93.1295892684344,23.4574994065998,465.647946342172,205,16,0.499258630394328,84.9694819346208,15.0305180653792
2017,2.67691039376316,0.531977485833795,93.5507194754622,23.4895926277788,467.753597377311,206,24,0.564354953550866,84.7446223107848,15.2553776892152
2017,2.68429836292669,0.533304343065551,93.9725596051287,23.5216391613509,469.862798025644,207,24,0.577784020217465,84.5099448336242,15.4900551663758
2017,2.69185707592617,0.534863660210834,94.3931733813314,23.5534928591317,471.965866906657,208,24,0.575230358639213,84.2680126735809,15.7319873264191
2017,2.70086459818965,0.536631478756929,94.8157911525179,23.5853988421562,474.078955762589,209,24,0.579099349752191,84.0204987799619,15.9795012200381
2017,2.7111853689978,0.538583219912151,95.2394176542533,23.6172816615952,476.197088271266,210,24,0.589256156917546,83.7695655384032,16.2304344615968
2017,2.72230131248253,0.540708867016055,95.6630575107392,23.6490667931177,478.315287553696,211,24,0.598178125154379,83.5220264624686,16.4779735375314
2017,2.57559338973873,0.511781258774278,96.0871162991969,23.6807852574084,480.435581495985,212,24,0.577041856333148,82.7769743407077,17.2230256592923
2018,4.27229345703893,0.855032742772934,54.5,19.9420239553624,272.5,141,24,0.217032289337017,91.1879456358194,8.81205436418061
2018,4.25471206260763,0.850945137166418,55.3110256481745,20.0314891664584,276.555128240873,142,24,0.230760086022068,91.0463322459115,8.9536677540885
2018,4.22789330801779,0.846098066871066,56.1157869964825,20.1193641181476,280.578934982413,143,24,0.223022925702924,90.9024341918591,9.0975658081409
2018,4.20022312822517,0.840588703661021,56.9167293986228,20.2059542410352,284.583646993114,144,24,0.224963409252646,90.7564506841441,9.24354931585589
2018,4.17117429642893,0.834504378121657,57.7117468597696,20.2910679708664,288.558734298848,145,24,0.23299022891355,90.6091770217982,9.39082297820177
2018,4.13316092554238,0.827894464439112,58.4993462011309,20.3745854952684,292.496731005654,146,24,0.215341539565723,90.4617979121997,9.53820208780028
2018,4.10211043038824,0.820926857888667,59.2828694349549,20.456896742677,296.414347174775,147,24,0.232859956437167,90.3135919423084,9.68640805769153
2018,4.06754735537695,0.813633736942859,60.0566755130492,20.5374463222761,300.283377565246,148,24,0.243488738761925,90.1662022034478,9.83379779655217
2018,4.02929360779359,0.806084044287255,60.8214396627008,20.6163470551091,304.107198313504,149,24,0.243623649957304,90.0201325560235,9.97986744397647
2018,3.99060597969107,0.798343558787941,61.578522333378,20.6937771181723,307.89261166689,150,24,0.246034962065545,89.8757126538256,10.1242873461744
2018,4.18105881101161,0.835849687871345,62.3273812677484,20.7697160994196,311.636906338742,151,24,0.263404355181908,90.0016902315635,9.99830976843644
2018,4.13904714689866,0.827522609760344,63.110852739009,20.8484873560696,315.554263695045,152,24,0.264333925962974,89.8591649613109,10.1408350386891
2018,4.09778958786172,0.819133132248562,63.8857313463997,20.9257271094429,319.428656731998,153,24,0.270360637065053,89.7195302383359,10.2804697616641
2018,4.05708445700145,0.810723423008875,64.6511482438779,21.0013853030537,323.255741219389,154,24,0.279872202531235,89.5841992226063,10.4158007773937
2018,4.01281178563869,0.802321303257176,65.4065167087206,21.0754406402856,327.032583543603,155,24,0.271049432334772,89.4531630824226,10.5468369175774
2018,3.96857497814353,0.793949227126706,66.1547898636959,21.148214955998,330.77394931848,156,24,0.261664560218836,89.3255440929658,10.6744559070342
2018,3.92953539029109,0.78562621572708,66.8960870411441,21.2197472780073,334.48043520572,157,24,0.277143882239274,89.2014845655496,10.7985154344504
2018,3.89149047088867,0.777364769652239,67.6264745791493,21.2896885462171,338.132372895746,158,24,0.297666566389936,89.0816148943538,10.9183851056462
2018,3.8509895301204,0.769176026753323,68.3451425005579,21.3579955416707,341.72571250279,159,24,0.303065024869117,88.9661164526674,11.0338835473326
2018,3.81012682392068,0.761069470076886,69.0546242157696,21.4249401120718,345.273121078848,160,24,0.303933104422404,88.8546882355922,11.1453117644078
2018,3.76939143292127,0.753050898567748,69.755753195325,21.4906272373174,348.778765976625,161,24,0.302833659312248,88.7472147990335,11.2527852009665
2018,3.72999334164641,0.74512387543568,70.4489481460702,21.5551202019512,352.244740730351,162,24,0.306955649364849,88.6436025563124,11.3563974436876
2018,3.69324309727412,0.737290126396445,71.1334319739982,21.6183701650409,355.667159869991,163,24,0.325123545736416,88.5438883663282,11.4561116336718
2018,3.65483215880274,0.729550134674941,71.8069248072695,21.6801918117085,359.034624036347,164,24,0.330003762478895,88.4482851138026,11.5517148861974
2018,3.61840377767677,0.72190501811894,72.4717518094204,21.7408228939026,362.358759047102,165,24,0.345529315355901,88.3563715968887,11.6436284031113
2018,3.57882859521029,0.714354582720308,73.1261801672506,21.8001281971824,365.630900836253,166,24,0.335702180269236,88.2682493719851,11.7317506280149
2018,3.54054250386228,0.706899801347354,73.7746508235973,21.8585298422758,368.873254117986,167,24,0.33146901567947,88.1831833508951,11.8168166491049
2018,3.50478426276765,0.699540810142752,74.4163025139219,21.9159662581272,372.081512569609,168,24,0.341680849591142,88.1011350084483,11.8988649915517
2018,3.46887190749503,0.692278212114398,75.0487515292005,21.9722421159264,375.243757646003,169,24,0.347532631260548,88.0222615841982,11.9777384158018
2018,3.4323666604226,0.685113824393011,75.6728388111913,22.0274508545376,378.364194055957,170,24,0.345272748746079,87.9462865082624,12.0537134917376
2018,3.39772963869967,0.678050329317197,76.290067859854,22.0817416370626,381.45033929927,171,24,0.35330420439501,87.8728443152644,12.1271556847356
2018,3.36384966008813,0.671091138388486,76.8987537776002,22.1349819835983,384.493768888001,172,24,0.363481192656116,87.8019949751891,12.1980050248109
2018,3.32726584058026,0.664240949465145,77.4986186194469,22.1871641769698,387.493093097235,173,24,0.347790419562315,87.7336147216997,12.2663852783003
2018,3.29436347015478,0.657505842761238,78.0942949313162,22.2387041787422,390.471474656581,174,24,0.356610335659113,87.6669359542647,12.3330640457353
2018,3.26465343714316,0.65089270597598,78.6816165511928,22.2892537338048,393.408082755964,175,24,0.387990417839047,87.602364583398,12.397635416602
2018,3.23126540006185,0.64440986171,79.2567096716754,22.3384966131723,396.283548358377,176,24,0.382480414549848,87.5402732642045,12.4597267357955
2018,3.20276004279189,0.638067093183385,79.8262165456015,22.3870163542698,399.131082728008,177,24,0.415467102466583,87.4796575463456,12.5203424536544
2018,3.16985765267244,0.63187511899087,80.3834140912506,22.4342544510751,401.917070456253,178,24,0.400241355026081,87.4212844096104,12.5787155903896
2018,3.14043179140635,0.625845896437591,80.9370652461207,22.4809663856964,404.685326230604,179,24,0.410385081725056,87.3638954928098,12.6361045071902
2018,3.10985501598919,0.619992270469515,81.4827911100572,22.5267922162444,407.413955550286,180,24,0.400851668706469,87.3079690788889,12.6920309211111
2018,3.08194699186744,0.614327922491129,82.024296708817,22.572052710134,410.121483544085,181,24,0.407945361374203,87.2529322410189,12.7470677589811
2018,3.05457599943795,0.608867232733909,82.5587900762546,22.6165233337942,412.793950381273,182,24,0.410323425947501,87.1990673069613,12.8009326930387
2018,3.03045394279521,0.603624995190627,83.0873215125311,22.6603010332333,415.436607562656,183,24,0.435187334702216,87.1461571801628,12.8538428198372
2018,3.00533781904186,0.59861630239262,83.6060433847441,22.7030779005246,418.030216923721,184,24,0.437694578505791,87.0946193665925,12.9053806334075
2018,2.98170733177061,0.593856036033703,84.1192280591709,22.7452164959261,420.596140295855,185,24,0.442823869841632,87.0438122562377,12.9561877437623
2018,2.9595930342957,0.589358842698348,84.6266480049568,22.7867059387707,423.133240024784,186,24,0.450238961155319,86.9936697129391,13.0063302870609
2018,2.93732831699904,0.585138804515459,85.1281490607412,22.8275414048354,425.640745303706,187,24,0.440204700604375,86.9441015106157,13.0558984893843
2018,2.91838714877202,0.581209099555409,85.6271907819663,22.8680105165463,428.135953909831,188,24,0.451270263837312,86.8945346057485,13.1054653942515
2018,2.90135774510111,0.577582114613648,86.1202175922422,22.907830751854,430.601087961211,189,24,0.467393019087926,86.8452758735903,13.1547241264097
2018,2.88381322987593,0.574273834868005,86.6066001825168,22.94695896884,433.033000912584,190,24,0.458377470962897,86.7975517971547,13.2024482028453
2018,2.86956271127361,0.571292028092944,87.0912629916331,22.9857967852929,435.456314958166,191,24,0.469196306426531,86.7499939803579,13.2500060196421
2018,2.85692042900041,0.568643161898439,87.5708976026501,23.0240836534601,437.854488013251,192,24,0.479520740502306,86.7021338741858,13.2978661258142
2018,2.84430266468491,0.566334961071958,88.0459243012436,23.0618589082482,440.229621506218,193,24,0.46885501214666,86.6536686386158,13.3463313613842
2018,2.83362558004365,0.564374161426936,88.5205457724644,23.0994603388568,442.602728862322,194,24,0.460696126972531,86.6037987090729,13.3962012909271
2018,2.82654706760813,0.562767095307315,88.9946483995334,23.1368806406517,444.973241997667,195,24,0.474959495263002,86.5522641958666,13.4477358041334
2018,2.66567187604798,0.530786327981232,89.4644670587444,23.1738260007777,447.322335293722,196,24,0.469903292448716,86.1207930780264,13.8792069219736
2018,2.6620907785605,0.529958121423454,89.903106062843,23.2081976090646,449.515530314215,197,24,0.479471729973221,86.065564936042,13.934435063958
2018,2.65984389055152,0.529483695636128,90.3390999824352,23.2422463170401,451.695499912176,198,24,0.483180113975015,86.0078721171323,13.9921278828677
2018,2.65820891108458,0.529240964438525,90.7738873983505,23.2760869388994,453.869436991752,199,24,0.479408683569317,85.9316588037578,14.0683411962422
2018,2.65920944778984,0.529088569349588,91.2090863305721,23.3098466466903,456.045431652861,200,24,0.505774555207448,85.8252942730344,14.1747057269656
2018,2.6576869587978,0.529054556550261,91.6391960328979,23.3431014386121,458.195980164489,201,24,0.488752912855982,85.6912734922477,14.3087265077523
2018,2.65933636596063,0.529178106587322,92.0723892175981,23.3764848604463,460.36194608799,202,24,0.505027510575117,85.5317745156851,14.4682254843149
2018,2.66085961446928,0.529501719151173,92.5026405157154,23.4095333870845,462.513202578577,203,24,0.50547312278058,85.3510181012229,14.6489818987771
2018,2.66458617282814,0.530059294868245,92.9330902198368,23.4424901171307,464.665451099184,204,24,0.520730261314933,85.1519602472266,14.8480397527734
2018,2.66983426149707,0.530871270765205,93.3612162857853,23.4751635771748,466.806081428926,205,24,0.540057058830905,84.9380796488568,15.0619203511432
2018,2.67557433752915,0.531942726535658,93.7865087856856,23.5075175567878,468.932543928428,206,24,0.547417520145012,84.7122962949022,15.2877037050978
2018,2.68240224096918,0.533264987257529,94.2114591036939,23.5397435329185,471.05729551847,207,24,0.552160582513992,84.4768243621111,15.5231756378889
2018,2.68904261323927,0.534819999154239,94.6368078961166,23.5718984332871,473.184039480583,208,24,0.536259826912979,84.2338659095747,15.7661340904254
2018,2.69791084364356,0.536583789342604,95.0666459921636,23.60429054454,475.333229960818,209,24,0.538242920160638,83.9849741367178,16.0150258632822
2018,2.70770814309032,0.538532360799237,95.4978415693663,23.6366825542841,477.489207846832,210,24,0.540230333987695,83.7326156694133,16.2673843305867
2018,2.71825401646101,0.540655665283679,95.9305790795515,23.6690880731301,479.652895397758,211,24,0.540269807817872,83.4834486796758,16.5165513203242
2018,2.57270863095814,0.511735275489703,96.3653973072186,23.7015469496207,481.826986536093,212,24,0.535410490187113,82.7354824201348,17.2645175798652
2019,4.27562339311932,0.855032742772934,54.5,19.9420239553624,272.5,141,24,0.229987106502265,91.1879456358194,8.81205436418062
2019,4.25884710266925,0.850940896819031,55.3091006719576,20.0312779059988,276.545503359788,142,24,0.24815737470467,91.04656655359,8.95343344640998
2019,4.23773258763538,0.846088639255012,56.111209576601,20.1188667839193,280.556047883005,143,24,0.265379526433535,90.9029955425689,9.09700445743107
2019,4.20892448640927,0.840567457628611,56.9056485300032,20.2047620969137,284.528242650016,144,24,0.262899198903953,90.7578203263826,9.24217967361744
2019,4.17905890086458,0.834474285562188,57.694819145076,20.2892642494028,288.47409572538,145,24,0.268838175109009,90.6112863777673,9.3887136222327
2019,4.14658148092299,0.827857478317027,58.4768258839126,20.3722083451686,292.384129419563,146,24,0.274946712868043,90.4646270713244,9.53537292867565
2019,4.10961501384475,0.820878851283233,59.2511122878318,20.4535753580699,296.255561439159,147,24,0.267859966190667,90.3176141116779,9.68238588832214
2019,4.07304505999403,0.81358206723992,60.0194194217783,20.5335847656114,300.097097108892,148,24,0.270400965207124,90.1709587114394,9.82904128856061
2019,4.03629145980619,0.806031349309612,60.779900843631,20.6120793085864,303.899504218155,149,24,0.278438618015393,90.0254770858297,9.97452291417031
2019,3.99874296681095,0.798289056494689,61.5314203007479,20.6889792090998,307.65710150374,150,24,0.287635492465413,89.8818180958467,10.1181819041533
2019,4.1864776334646,0.835790434625285,62.2735867792563,20.7642822676073,311.367933896281,151,24,0.291430775161506,90.0085312471756,9.99146875282437
2019,4.14609366862797,0.82746449989502,63.0525370375732,20.8426477713605,315.262685187866,152,24,0.301412937278574,89.8666300242883,10.1333699757117
2019,4.10395834523539,0.819075300354638,63.8214095006592,20.9193404511125,319.107047503296,153,24,0.303788724735901,89.7278147260822,10.2721852739178
2019,4.0632694640232,0.81066696410687,64.5813749464677,20.994514453917,322.906874732338,154,24,0.314895887081484,89.5932359432477,10.4067640567523
2019,4.02088779943451,0.802266428457286,65.3309761526947,21.0680616531487,326.654880763474,155,24,0.316186605130383,89.4629958869606,10.5370041130394
2019,3.97976264533244,0.793895271384788,66.0718376228137,21.1401756886594,330.359188114069,156,24,0.324053495185055,89.3363902756691,10.6636097243309
2019,3.93703694174361,0.785572083103218,66.8028951821431,21.2107850811588,334.014475910715,157,24,0.320766530251807,89.2137182018689,10.7862817981311
2019,3.89958733556442,0.777312819193877,67.5260592551504,21.2801041784502,337.630296275752,158,24,0.348918426912595,89.0948427123172,10.9051572876827
2019,3.85776472770713,0.769125913889882,68.2360970350892,21.34766345281,341.180485175446,159,24,0.346771844099428,88.9805242429397,11.0194757570603
2019,3.81776566706868,0.761022082842895,68.9381934073915,21.4139870343363,344.690967036957,160,24,0.354082305058256,88.8701106707479,11.1298893292521
2019,3.77608802320643,0.753006010729107,69.6308214182979,21.4789564734039,348.15410709149,161,24,0.346743229803171,88.7637975306395,11.2362024693605
2019,3.73592754469141,0.745082037387671,70.3165750169822,21.5428388432277,351.582875084911,162,24,0.346523555536649,88.6612017171006,11.3387982828994
2019,3.69879327954788,0.737251602675801,70.9943334884363,21.6055511745976,354.971667442182,163,24,0.364529607180057,88.5624043133464,11.4375956866536
2019,3.66043818052455,0.72951488147693,71.6610566716194,21.6668365940431,358.305283358097,164,24,0.370732330626881,88.4677186472684,11.5322813527316
2019,3.62193201249349,0.721872928552017,72.3188608408184,21.7269139337798,361.594304204092,165,24,0.372212516054918,88.3767507482257,11.6232492517743
2019,3.58576057036562,0.714326026850198,72.9686600444029,21.7858873919458,364.843300222014,166,24,0.388364402097023,88.2892489292191,11.7107510707809
2019,3.54809276269627,0.70687387054095,73.6079866322358,21.8435542381234,368.039933161179,167,24,0.388956217229109,88.205398709978,11.794601290022
2019,3.51178888740824,0.69951739869732,74.2396531230823,21.9001883167968,371.198265615411,168,24,0.396841842087216,88.1246712599899,11.8753287400101
2019,3.47688076117076,0.692257367167081,74.8624732861251,21.9557013690476,374.312366430625,169,24,0.412955754035814,88.0470638549232,11.9529361450768
2019,3.43955460117209,0.685095336461885,75.475080376293,22.0099909762752,377.375401881465,170,24,0.403605930816733,87.9725933881866,12.0274066118134
2019,3.40652714779249,0.678034303055194,76.0820833201721,22.0634818596418,380.41041660086,171,24,0.428400585784662,87.9004804952739,12.0995195047261
2019,3.37157441197738,0.671077319347131,76.6775126853537,22.1156646294158,383.387563426768,172,24,0.431088204234608,87.8313543541449,12.1686456458551
2019,3.33716963421045,0.66422940107057,77.2654046387338,22.1669104732541,386.327023193669,173,24,0.433738366876178,87.7645175566929,12.2354824433071
2019,3.30334216554253,0.657496390251256,77.8458760221901,22.2172435268005,389.22938011095,174,24,0.436351776841678,87.6998003507175,12.3001996492825
2019,3.27603142741311,0.650885371186839,78.4190494083138,22.2666877431172,392.095247041569,175,24,0.502386007547488,87.6370401465905,12.3629598534096
2019,3.19360766906697,0.633953465481965,78.9735437404537,22.3142815033964,394.867718702268,176,17,0.485775543258606,87.5776005868938,12.4223994131063
2019,3.16193720838224,0.627664865788663,79.5148653291606,22.3605204649207,397.574326645803,177,17,0.488583408022694,87.5206213252531,12.4793786747469
2019,3.13101894444692,0.621526933761406,80.0492810642435,22.4059548191548,400.246405321218,178,17,0.491277093435751,87.4651576794021,12.5348423205979
2019,3.09999269374356,0.615551119543382,80.5769640090257,22.4506098135655,402.884820045128,179,17,0.4830120524296,87.4110806111201,12.5889193888799
2019,3.07043432842862,0.609749626972547,81.1000841004001,22.4946779444631,405.500420502001,180,17,0.481530131235666,87.3580096245163,12.6419903754837
2019,3.04256699804736,0.604135873987345,81.6175780390713,22.5380776201046,408.087890195357,181,17,0.488834528311564,87.3059967269172,12.6940032730828
2019,3.01604135483579,0.598723999235123,82.1280265394992,22.5806989438298,410.640132697496,182,17,0.500316227568306,87.255144864812,12.744855135188
2019,2.99155095735822,0.593528489907653,82.6308622844674,22.6225044788877,413.154311422337,183,17,0.524468838573462,87.2054473719976,12.7945526280024
2019,2.96568011741127,0.588564240816989,83.1239579656962,22.663328390499,415.619789828481,184,17,0.515808937419655,87.1570982963148,12.8429017036852
2019,2.94381952975856,0.583845006073928,83.6135998802783,22.7036996850078,418.067999401391,185,17,0.544268693905774,87.1091955159961,12.8908044840039
2019,2.92160434837553,0.579385893744484,84.0931658884717,22.7430808053198,420.465829442359,186,17,0.550589441592378,87.0625010357869,12.9374989642131
2019,2.89989970059521,0.575200018138235,84.5670127812114,22.7818388417675,422.835063906057,187,17,0.544633107374398,87.0163408088856,12.9836591911144
2019,2.88320788651197,0.571299918876572,85.0376978903226,22.8201887009663,425.188489451613,188,17,0.591133954195114,86.9702584786098,13.0297415213902
2019,2.86469665057375,0.567698743761611,85.4957320918062,22.8573660343626,427.478660459031,189,17,0.588501754895061,86.9253234771031,13.0746765228969
2019,2.84840914416665,0.564410801730001,85.9505781153465,22.8941474728803,429.752890576732,190,17,0.595803208467265,86.8814617485747,13.1185382514253
2019,2.83330383405869,0.561443817427222,86.4006937357203,22.930413072085,432.003468678601,191,17,0.596247645563463,86.8381363918411,13.1618636081589
2019,2.82107002138644,0.558803527594398,86.8476865996097,22.966296993574,434.238432998048,192,17,0.616398125144167,86.7942553202024,13.2057446797976
2019,2.81082134550324,0.556497712798478,87.2881895584108,23.0015342015482,436.440947792054,193,17,0.642418459126667,86.7500017059812,13.2499982940188
2019,2.79818980656467,0.554532956771246,87.7214255314598,23.0360694174896,438.607127657299,194,17,0.599784069514714,86.7052092769599,13.2947907230401
2019,2.78999479372171,0.55291339069582,88.1606487859989,23.0709607677341,440.803243929995,195,17,0.601855600657001,86.6579219285039,13.3420780714961
2019,2.62112256850871,0.519483296443418,88.5978049268352,23.1055678140996,442.989024634176,196,16,0.586450064739544,86.2332427066835,13.7667572933165
2019,2.61770695751779,0.518624431779641,89.0042536509994,23.1376373330651,445.021268254997,197,16,0.60434329655368,86.1820493626879,13.8179506373121
2019,2.6152051339451,0.518109553552389,89.4064272078171,23.1692692243535,447.032136039086,198,16,0.608247399610269,86.1286151042244,13.8713848957756
2019,2.61323904476382,0.517806792041803,89.8073060232149,23.2007007420773,449.036530116075,199,16,0.602826571715249,86.0568642215952,13.9431357784048
2019,2.61295703997476,0.517566383023003,90.2088619735676,23.2320874691209,451.044309867838,200,16,0.621448057214014,85.9552776790461,14.0447223209539
2019,2.61187038655806,0.517418519755472,90.6066230839869,23.2630817259474,453.033115419935,201,16,0.61761383512823,85.8262173383397,14.1737826616603
2019,2.61193197020622,0.517403416394212,91.004919393106,23.2940228074917,455.02459696553,202,16,0.622302345363749,85.6723404700416,14.3276595299584
2019,2.61188619011063,0.517564606164921,91.4022756715027,23.3247969579501,457.011378357513,203,16,0.609284794977758,85.497241422324,14.502758577676
2019,2.61508555361629,0.517936418108447,91.8022113777315,23.3556768672267,459.011056888657,204,16,0.635180037826039,85.3037781090243,14.6962218909757
2019,2.61849522165658,0.518541506568476,92.1975925616057,23.3861130822653,460.987962808028,205,16,0.64395721671624,85.0960030492038,14.9039969507962
2019,2.6234805823419,0.519385031090684,92.5918847474501,23.4163750060602,462.95942373725,206,16,0.659814912269304,84.8762543035223,15.1237456964777
2019,2.62831571004208,0.520459918308392,92.9839866869468,23.4463798895415,464.919933434734,207,16,0.650963791270393,84.6471895896262,15.3528104103738
2019,2.63479101265353,0.52174786290531,93.378809856218,23.476504036536,466.89404928109,208,16,0.652711634842089,84.4103857376933,15.5896142623067
2019,2.64328248273739,0.523227217698596,93.7745620501063,23.5066101103695,468.872810250531,209,16,0.674301317159736,84.1681712567879,15.8318287432121
2019,2.65241553187783,0.524875773654616,94.1676777518129,23.5364280746221,470.838388759064,210,16,0.692259316133488,83.9230426476391,16.0769573523609
2019,2.66142289775927,0.526684625841216,94.5590113798919,23.566024822816,472.79505689946,211,16,0.691997643427931,83.6814941153028,16.3185058846972
2019,2.50344561673997,0.495570502544559,94.9521814613995,23.5956746160793,474.760907306998,212,15,0.661581716870293,82.9464948636011,17.053505136399
2020,4.2846677973654,0.854950306450309,54.5,19.9420239553624,272.5,141,24,0.27115322134933,91.1884961154223,8.81150388457774
2020,4.26364444587748,0.850850029095988,55.3026763298374,20.0305728163155,276.513381649187,142,24,0.272016440358397,91.0479197995566,8.95208020044346
2020,4.23892731049592,0.845996512009094,56.1009729102074,20.1177544732395,280.504864551037,143,24,0.273187344253883,90.9048423446624,9.09515765533762
2020,4.21122815759297,0.840479809293871,56.8940892792234,20.2035183132304,284.470446396117,144,24,0.27594044637139,90.7598595273568,9.24014047264325
2020,4.17958359056669,0.834389822424365,57.6811124209536,20.2878034681964,288.405562104768,145,24,0.273370523470504,90.6136221726008,9.38637782739918
2020,4.14660718649137,0.827816036858552,58.4623176812895,20.370676582281,292.311588406448,146,24,0.276048491905756,90.4666555596684,9.53334444033157
2020,4.11112435185826,0.820805417056443,59.2363889307705,20.4520350654174,296.181944653852,147,24,0.277080559853198,90.3201481991781,9.67985180082184
2020,4.07608033054307,0.813512260409876,60.0031538788821,20.5318983344115,300.015769394411,148,24,0.287616681303965,90.1737276519517,9.82627234804827
2020,4.0386337482558,0.805964428540082,60.7607992885409,20.6101161102709,303.803996442704,149,24,0.292481374973058,90.0286347224776,9.97136527752237
2020,3.99899515389248,0.79822580683424,61.5099787481234,20.686794280953,307.549893740617,150,24,0.290623455132994,89.8853016533773,10.1146983466226
2020,4.18678888944087,0.83572926576156,62.2515981862712,20.7620602372353,311.257990931356,151,24,0.29457023021007,90.0126913191438,9.98730868085618
2020,4.14621604672315,0.827409164816903,63.0299829297018,20.8403882514068,315.149914648509,152,24,0.303499695115716,89.8708580290509,10.1291419709491
2020,4.10567742896392,0.819025549205034,63.798462653166,20.917060922177,318.99231326583,153,24,0.314762240068966,89.7320830701673,10.2679169298327
2020,4.06290803480005,0.810617004612079,64.5565773599848,20.9920712926023,322.782886799924,154,24,0.314157732358794,89.5970260593697,10.4029739406303
2020,4.02044817402452,0.80222192467408,65.3062540801827,21.065645448872,326.531270400914,155,24,0.314822769317032,89.4667847311764,10.5332152688236
2020,3.97697695460409,0.793855820356088,66.0473005706976,21.1377963466912,330.236502853488,156,24,0.308610537614605,89.3401582189824,10.6598417810176
2020,3.93738078510868,0.785538592330141,66.7808897705964,21.20866756431,333.904448852982,157,24,0.3238064065714,89.2171517985378,10.7828482014622
2020,3.89826939068934,0.77728297056713,67.5035148143666,21.2779510080222,337.517574071833,158,24,0.341106872060525,89.0983391441903,10.9016608558097
2020,3.85862800750827,0.76910025637091,68.2148515079946,21.3456490938378,341.074257539973,159,24,0.353405953442192,88.9838363036345,11.0161636963655
2020,3.81882283039724,0.76099914516365,68.9157939046945,21.4118783515376,344.578969523473,160,24,0.362201104800925,88.8735578189022,11.1264421810978
2020,3.77993162261287,0.752985510891581,69.6070097994298,21.4767304055177,348.035048997149,161,24,0.374777194751367,88.7674102991743,11.2325897008257
2020,3.74105818624571,0.745062732203132,70.2879255608493,21.5401786735494,351.439627804246,162,24,0.384549048694161,88.6654320172025,11.3345679827975
2020,3.7028305741687,0.737233127242718,70.9591053598546,21.6023018551472,354.795526799273,163,24,0.396075859778324,88.5674814034888,11.4325185965112
2020,3.66341401782369,0.729497708108222,71.6203271355039,21.6631041452145,358.101635677519,164,24,0.394457161428806,88.473496350393,11.526503649607
2020,3.62216487797854,0.721857441643049,72.2739819710546,21.7228272749603,361.369909855273,165,24,0.374417607135537,88.3830453148254,11.6169546851746
2020,3.58514898344606,0.714312906850435,72.9233872656594,21.7817904857687,364.616936328297,166,24,0.383781207419057,88.2955555368855,11.7044444631145
2020,3.55111590443053,0.706863090102478,73.5635087404386,21.8395536845282,367.817543702193,167,24,0.414797334339975,88.2115547567236,11.7884452432764
2020,3.5130738897609,0.699507991594759,74.1906122162669,21.8958034493609,370.953061081334,168,24,0.408037807811294,88.1313870956045,11.8686129043955
2020,3.47716564673543,0.692249626939479,74.8114508537921,21.9511657816591,374.05725426896,169,24,0.415613483708234,88.0539913140859,11.9460086859141
2020,3.44040727650207,0.685089300184268,75.4235840985652,22.0054391941256,377.117920492826,170,24,0.411199333937601,87.9795279931153,12.0204720068847
2020,3.4057110921537,0.67802975561345,76.0292396571221,22.0588369659835,380.146198285611,171,24,0.420769490839945,87.9075349938753,12.0924650061247
2020,3.37030541720643,0.67107432511113,76.6260328418466,22.1111641695399,383.130164209233,172,24,0.419035776665817,87.8381654745072,12.1618345254928
2020,3.33570661140362,0.664227832679012,77.2160823036889,22.1626215684357,386.080411518445,173,24,0.419605814366186,87.7709778838021,12.2290221161979
2020,3.3023038024481,0.657496097583375,77.7990884109516,22.2131962539652,388.995442054758,174,24,0.426021149841237,87.7058584106628,12.2941415893372
2020,3.26573520481265,0.650886183988658,78.3741210550374,22.2628211601318,391.870605275187,175,24,0.396756636098951,87.6427841332731,12.3572158667269
2020,3.23472414311881,0.64440660289325,78.9476828187574,22.3120669767673,394.738414093787,176,24,0.413152348970677,87.5807601800247,12.4192398199753
2020,3.20423745393342,0.638066717054312,79.5117528193089,22.3602552265818,397.558764096545,177,24,0.428693621721823,87.5207199726141,12.4792800273858
2020,3.1730641769212,0.631877384041031,80.0666066203322,22.4074242410584,400.333033101661,178,24,0.430164518113616,87.4625094066554,12.5374905933446
2020,3.14185748882381,0.625850549291272,80.6149207837093,22.453814026168,403.074603918546,179,24,0.422945566821855,87.4056700637582,12.5943299362418
2020,3.11398826836057,0.619999088888225,81.1584263545897,22.4995804590616,405.792131772948,180,24,0.440893462627495,87.349879525428,12.6501204745719
2020,3.08599426460288,0.61433675083886,81.6927571817288,22.5443665570447,408.463785908644,181,24,0.448036129975978,87.2956210245128,12.7043789754872
2020,3.05800675124997,0.608877923731387,82.2200491745162,22.5883629741441,411.100245872581,182,24,0.444168276646238,87.2425316471037,12.7574683528963
2020,3.03224358499135,0.603637399602447,82.742505517034,22.6317623788889,413.71252758517,183,24,0.452607935801918,87.1902448050219,12.8097551949781
2020,3.00836912476542,0.598630232325337,83.2581093124013,22.6744057047755,416.290546562007,184,24,0.469564024866722,87.1389425687673,12.8610574312327
2020,2.9830379234879,0.593871432986025,83.7655348017288,22.7161933127763,418.827674008644,185,24,0.455407387419259,87.0887100515378,12.9112899484622
2020,2.96159441239893,0.58937553157831,84.2707130067503,22.7576209593161,421.353565033751,186,24,0.470979973112271,87.0386845424503,12.9613154575497
2020,2.93969554956609,0.5851567389066,84.7684753035977,22.7982715029844,423.842376517988,187,24,0.46487065730519,86.9894251713606,13.0105748286394
2020,2.92012008387847,0.581228241530753,85.2630668169199,22.8384986506235,426.3153340846,188,24,0.468976357183048,86.9402568621061,13.0597431378939
2020,2.90146851685597,0.577602379467718,85.7529089313306,22.8781795259482,428.764544656653,189,24,0.465891735356897,86.891233528776,13.108766471224
2020,2.88624542212084,0.5742912761434,86.2396242419096,22.9174509428099,431.198121209548,190,24,0.48543722109097,86.8422479437859,13.1577520562141
2020,2.87117194295796,0.571310377862508,86.719372128973,22.9560092967905,433.596860644865,191,24,0.486435664459272,86.7950780841604,13.2049219158396
2020,2.8577993487298,0.568662350421897,87.1958917432866,22.9941612921616,435.979458716433,192,24,0.487755830078078,86.7473763038608,13.2526236961392
2020,2.84599525211346,0.566354928248468,87.6694586323245,23.0319331821567,438.347293161623,193,24,0.487210157343892,86.6988603756834,13.3011396243166
2020,2.8352869934467,0.564394980425289,88.1407593694634,23.0693833992715,440.703796847317,194,24,0.47834852762865,86.6491784747678,13.3508215252322
2020,2.8270681278245,0.562788779931895,88.6116759973089,23.1066639541054,443.058379986544,195,24,0.478500073351102,86.59781744935,13.40218255065
2020,2.61134095207602,0.519427313594832,89.0809033792849,23.1436736861264,445.404516896424,196,16,0.448661023989642,86.1687030450525,13.8312969549475
2020,2.60769971353824,0.518565154955781,89.5129376289285,23.1776299032369,447.564688144643,197,16,0.459475830772211,86.11418087527,13.88581912473
2020,2.6053482626899,0.518046319797361,89.9420660335218,23.2112448431929,449.710330167609,198,16,0.464687887804103,86.057306809587,13.942693190413
2020,2.60360807502495,0.517737907622669,90.3696668526777,23.2446291202229,451.848334263389,199,16,0.463953697859755,85.9819611045432,14.0180388954567
2020,2.60302750622612,0.517488147464959,90.7970512918259,23.2778866717278,453.985256459129,200,16,0.474879771515431,85.8766758177464,14.1233241822536
2020,2.60311042010041,0.517326899228259,91.22211887469,23.3108558878432,456.11059437345,201,16,0.4891200208186,85.7434977898562,14.2565022101438
2020,2.60385158227809,0.517295544030521,91.6443391884956,23.3434984331363,458.221695942478,202,16,0.503842954581359,85.5857281987941,14.4142718012059
2020,2.60516129472159,0.517438054128612,92.0637470917786,23.3758199385349,460.318735458893,203,16,0.514430542551362,85.406787204925,14.593212795075
2020,2.6083484497526,0.517790160446801,92.4812831091781,23.4078954087685,462.406415545891,204,16,0.537781211247687,85.2099094989464,14.7900905010536
2020,2.61027731946565,0.518374382487955,92.8947698217579,23.4395604933562,464.47384910879,205,16,0.52427009347547,84.9985199511405,15.0014800488596
2020,2.61378308153473,0.519195672982176,93.311327726611,23.4713615953414,466.556638633055,206,16,0.516792201534257,84.7744829649707,15.2255170350293
2020,2.6208205058391,0.520247493612236,93.7300650595888,23.503229512707,468.650325297944,207,16,0.545222505232911,84.5404378572398,15.4595621427602
2020,2.62615328633177,0.521515681182188,94.1445060401723,23.5346729008762,470.722530200861,208,16,0.530966825091009,84.2995710341427,15.7004289658573
2020,2.63451714923816,0.522976574817807,94.5628467339921,23.5663144696567,472.81423366996,209,16,0.54841883804237,84.0528580917924,15.9471419082076
2020,2.64342409083802,0.524609439177643,94.9793512550515,23.5977203848784,474.896756275258,210,16,0.561159528046239,83.8031254370265,16.1968745629735
2020,2.72424886059972,0.540754860392642,95.3950701646091,23.628971491121,476.975350823046,211,24,0.625719627025244,83.5539599461959,16.4460400538041
2020,2.57907201087266,0.511824135121706,95.8140227770626,23.6603698043422,479.070113885313,212,24,0.633058072790819,82.8131962351293,17.1868037648707
2021,4.29099476199612,0.855032742772934,54.5,19.9420239553624,272.5,141,24,0.300561460648269,91.1879456358194,8.81205436418061
2021,4.27112307595041,0.850916572105654,55.2980600749037,20.0300661340562,276.490300374519,142,24,0.308217622676806,91.0479104432991,8.95208955670084
2021,4.24471840890463,0.846046201782267,56.0906121593435,20.1166285355577,280.453060796718,143,24,0.301127747064072,90.9055216107335,9.09447838926652
2021,4.21648531765078,0.840516908161343,56.8792987024725,20.2019265796669,284.396493512362,144,24,0.301812135525752,90.7610774809172,9.23892251908278
2021,4.18619399297722,0.834416254219433,57.6621989919525,20.2857873900263,288.310994959762,145,24,0.306785403423315,90.6153514924932,9.38464850750678
2021,4.15133346441217,0.827793725818915,58.4380434301283,20.3681131362593,292.190217150641,146,24,0.301044395139058,90.4694996725955,9.53050032740451
2021,4.11589053277706,0.820813697191522,59.2080608551962,20.4490707564,296.040304275981,147,24,0.301758336826081,90.3230673891285,9.67693261087149
2021,4.07915684720823,0.813514608537085,59.9708436094984,20.5285474212079,299.854218047492,148,24,0.304080272675412,90.1771612375351,9.82283876246485
2021,4.04231070681742,0.805962629099326,60.7258117566949,20.606519084951,303.629058783475,149,24,0.312947184817011,90.0324373881811,9.96756261181889
2021,4.00310397434353,0.798219756272807,61.4716336217762,20.6828855279946,307.358168108881,150,24,0.313793751121223,89.8895689819306,10.1104310180694
2021,4.19041521767208,0.835719638191201,62.2094409695457,20.7577985610186,311.047204847729,151,24,0.31432961105576,90.0166900360143,9.98330996398568
2021,4.14878527025878,0.827396652598799,62.9845993413558,20.8358399157057,314.922996706779,152,24,0.318037598040631,89.8753283878451,10.1246716121549
2021,4.10653418193702,0.819011557497287,63.7506856025243,20.9123129385138,318.753428012621,153,24,0.319921657262006,89.7369255270634,10.2630744729366
2021,4.06360328741984,0.810607383650864,64.5079400824079,20.9872774455772,322.53970041204,154,24,0.31828649230154,89.6027488038724,10.3972511961276
2021,4.02209903056433,0.802212483993091,65.2569304314234,21.0608229115986,326.284652157117,155,24,0.324707260151845,89.4726361160676,10.5273638839324
2021,3.98034309287906,0.793846001911357,65.9963305498379,21.1328518471618,329.981652749189,156,24,0.328821282842289,89.3462651373971,10.6537348626028
2021,3.93732722465644,0.785527579460988,66.7265512161083,21.2034366390936,333.632756080542,157,24,0.323607123620679,89.2237424690511,10.7762575309489
2021,3.89508237865849,0.777272904212186,67.4492058410791,21.2727620175706,337.246029205396,158,24,0.321013449479159,89.1049691208863,10.8950308791137
2021,3.85763004868382,0.769092608047805,68.1639242772966,21.3408187330352,340.819621386483,159,24,0.346696305685148,88.9900624923028,11.0099375076972
2021,3.81701045225925,0.760992569859154,68.8660094667635,21.4071899474701,344.330047333818,160,24,0.349608989630032,88.879674565721,11.120325434279
2021,3.77639473754058,0.752980213444467,69.5593817768957,21.4722762294222,347.796908884479,161,24,0.349458915905347,88.7732824876117,11.2267175123883
2021,3.73738951279524,0.745059179618533,70.244654287603,21.5361594005576,351.223271438015,162,24,0.357320850527192,88.6707662334889,11.3292337665111
2021,3.69787493158404,0.737231040677631,70.9205464403062,21.5987440261284,354.602732201531,163,24,0.358280102381498,88.5722291357565,11.4277708642435
2021,3.65922154126213,0.729497186674282,71.588336658208,21.6601715050391,357.94168329104,164,24,0.362002753931923,88.4774096546355,11.5225903453645
2021,3.62042841337806,0.721857868215664,72.2476442442955,21.7204281444482,361.238221221477,165,24,0.361125629515384,88.3862461117508,11.6137538882492
2021,3.58006309756275,0.714313359412392,72.8993609553759,21.779615533376,364.496804776879,166,24,0.345077269242599,88.2984901352558,11.7015098647442
2021,3.54350425492188,0.706864169881811,73.5462063399626,21.8379969686918,367.731031699813,167,24,0.353252628436041,88.2136360756362,11.7863639243638
2021,3.50703149635325,0.699509959535206,74.1840966522492,21.8952207248322,370.920483261246,168,24,0.35870000612509,88.1320756394409,11.8679243605591
2021,3.46942578638492,0.692251833355961,74.813594459904,21.9513563787302,374.06797229952,169,24,0.35181138264354,88.053573840294,11.946426159706
2021,3.43208115029429,0.685091723296522,75.4369401224757,22.0066199478508,377.184700612379,170,24,0.343103247565717,87.9776685243213,12.0223314756787
2021,3.39866480492263,0.678032148956091,76.0545494761383,22.0610619489359,380.272747380692,171,24,0.360459725904771,87.9041401730842,12.0958598269159
2021,3.36563369339654,0.671076332609699,76.6619949679919,22.114308264625,383.309974839959,172,24,0.377841128789141,87.8334142160633,12.1665857839367
2021,3.33152775816073,0.664229094616021,77.2593484407812,22.1663839493788,386.296742203906,173,24,0.382208358848628,87.7653202947591,12.2346797052409
2021,3.29784623005093,0.657496512333297,77.8489975511965,22.217513488362,389.244987755983,174,24,0.385302792785542,87.6993872640295,12.3006127359705
2021,3.26558413118602,0.65088572551835,78.4312814932286,22.267740182247,392.156407466143,175,24,0.395640444997143,87.635424231043,12.364575768957
2021,3.23220292418444,0.644405086004019,79.0050352599404,22.3169775079197,395.025176299702,176,24,0.390071853612962,87.5734480385008,12.4265519614992
2021,3.20371905453775,0.63806427199218,79.5732160542656,22.3654915920228,397.866080271328,177,24,0.423924183048175,87.5129418566887,12.4870581433112
2021,3.17224501369259,0.63187401200995,80.1289188846737,22.4127072623163,400.644594423368,178,24,0.422374397394436,87.4546975816915,12.5453024183085
2021,3.14363262711043,0.625846306917902,80.6786260030261,22.4591894932035,403.393130015131,179,24,0.441690485513334,87.3977553275582,12.6022446724418
2021,3.11520269662342,0.619994047358618,81.2187363102922,22.5046457388375,406.093681551461,180,24,0.454486324738141,87.3424903520627,12.6575096479373
2021,3.08854923376611,0.614330982106607,81.7505901712212,22.5492016972641,408.752950856106,181,24,0.477258358870994,87.2886368899203,12.7113631100797
2021,3.06182287975587,0.608871527122212,82.2725474449066,22.5927325720035,411.362737224533,182,24,0.488239140719523,87.2363243502651,12.7636756497349
2021,3.03688221090259,0.603630488361983,82.7869516531633,22.6354456060072,413.934758265817,183,24,0.508117053235328,87.1851653252102,12.8148346747899
2021,2.96149203815176,0.588542398581357,83.2923803135438,22.677233577982,416.461901567719,184,17,0.466023701189384,87.1352622826496,12.8647377173504
2021,2.93806341778841,0.583821751186573,83.791137626341,22.7182970809399,418.955688131705,185,17,0.472193513427339,87.0862288960619,12.9137711039381
2021,2.91586600251657,0.579360710698624,84.2839630709454,22.7587052118329,421.419815354727,186,17,0.477542820829761,87.0378737599093,12.9621262400907
2021,2.89631994663505,0.575172900057093,84.7712667783891,22.7984990034742,423.856333891946,187,17,0.499180733456428,86.9900344490196,13.0099655509804
2021,2.87629708729898,0.571271561207837,85.2503210826403,22.8374640323443,426.251605413201,188,17,0.496568863140105,86.9429335063084,13.0570664936916
2021,2.85842891016478,0.56766794170882,85.7258804405746,22.8759941398973,428.629402202873,189,17,0.502443695092783,86.8958088576466,13.1041911423534
2021,2.84191114128511,0.564377766147458,86.196678187948,22.9139919937781,430.98339093974,190,17,0.50534627573691,86.8499684915081,13.1500315084919
2021,2.8270186979039,0.561408431793511,86.6635786327884,22.9515327069929,433.317893163942,191,17,0.508371208394521,86.8045655150258,13.1954344849742
2021,2.81115569077544,0.55876584319026,87.1268821239676,22.9886451295778,435.634410619838,192,17,0.476965682782116,86.7586732400494,13.2413267599507
2021,2.79842285167166,0.556456408574582,87.5932803871188,23.0258667877302,437.966401935594,193,17,0.464972510696373,86.7111939643517,13.2888060356483
2021,2.78888785634693,0.554487028510337,88.0595165266944,23.0629377017472,440.297582633472,194,17,0.471632519053601,86.662281392264,13.337718607736
2021,2.78131879347473,0.552864031608429,88.5224991050006,23.0996147990791,442.612495525003,195,17,0.481284603428542,86.6120544995498,13.3879455004502
2021,2.61312611608762,0.519431085365296,88.9820226160599,23.1358859070591,444.910113080299,196,16,0.471527187331047,86.1833614249317,13.8166385750683
2021,2.60927033009723,0.518569082175382,89.4098439670793,23.1695375352143,447.049219835397,197,16,0.479941107546338,86.1294567790282,13.8705432209718
2021,2.60776201093795,0.51805073713512,89.8351969636658,23.2028839326899,449.175984818329,198,16,0.497261105765679,86.073073349256,13.926926650744
2021,2.60603304853803,0.517743335297858,90.2567696281374,23.2358255581521,451.283848140687,199,16,0.496558490503609,85.9986071880946,14.0013928119055
2021,2.60394307992519,0.51749559731215,90.678122145737,23.2686430002038,453.390610728685,200,16,0.486505100510277,85.8942567299846,14.1057432700154
2021,2.60306823656317,0.517336769777526,91.1010521344998,23.3014765984286,455.505260672499,201,16,0.487297799619259,85.7615607869389,14.2384392130611
2021,2.6049673753968,0.517308194738497,91.5236329932864,23.3341771572582,457.618164966432,202,16,0.51876976914305,85.6039916334755,14.3960083665245
2021,2.60671941297525,0.517454673184652,91.9402833194989,23.3663159286561,459.701416597494,203,16,0.536130540979098,85.4257010125907,14.5742989874093
2021,2.60760064524511,0.517811518956504,92.3537958001616,23.398112448701,461.768979000808,204,16,0.52412310258841,85.2296798977992,14.7703201022008
2021,2.61051939444188,0.518399163817241,92.7698696816285,23.4300059313637,463.849348408143,205,16,0.52545755866627,85.0182829760951,14.981717023905
2021,2.61602801419763,0.51922446572785,93.186243623283,23.4618227659791,465.931218116415,206,16,0.54825865464661,84.7946249642397,15.2053750357603
2021,2.62171761011124,0.520281695149341,93.5991418874878,23.4932763129923,467.995709437439,207,16,0.556008475570864,84.5617506281447,15.4382493718553
2021,2.62766702574856,0.521553846796011,94.0116106945799,23.5246007371947,470.0580534729,208,16,0.550737846529435,84.3215290198477,15.6784709801523
2021,2.63548193767728,0.523018640019876,94.4263057392175,23.5559978146692,472.131528696087,209,16,0.559632273146846,84.0756961741943,15.9243038258057
2021,2.64382626477396,0.524654092434673,94.8407666270503,23.5872812880333,474.203833135251,210,16,0.563310266393613,83.8266090201152,16.1733909798848
2021,2.65421579461205,0.526451718087847,95.2561421444313,23.618538344047,476.280710722156,211,16,0.587011847989744,83.5807524277488,16.4192475722512
2021,2.49731176331111,0.495340572483101,95.6688361717637,23.6494996794643,478.344180858819,212,15,0.573223067172244,82.8393948664816,17.1606051335184
2022,4.27824873086759,0.855032742772934,54.5,19.9420239553624,272.5,141,24,0.240743651631999,91.1879456358194,8.81205436418062
2022,4.25960864993986,0.850937314347339,55.3074744304813,20.031099426802,276.537372152406,142,24,0.251558809989309,91.0467645005799,8.95323549942012
2022,4.2350874815928,0.84608420202872,56.1090553626404,20.1186327199364,280.545276813202,143,24,0.253403033413726,90.9032597270973,9.0967402729027
2022,4.2077974120945,0.840566905473415,56.9053606007231,20.204731117655,284.526803003616,144,24,0.257715076622195,90.7578559163378,9.24214408366215
2022,4.1779893029231,0.834475216384028,57.6953426264338,20.2893200341397,288.476713132169,145,24,0.263736939365992,90.6112211452048,9.38877885479524
2022,4.14432893182337,0.827859663009411,58.4781556907965,20.3723487317224,292.390778453983,146,24,0.263984988529629,90.4644600060411,9.53553999395894
2022,4.11186326826908,0.82088349663843,59.2541839242367,20.453896665485,296.270919621184,147,24,0.278900699599073,90.3172250591208,9.68277494087924
2022,4.07324193627161,0.813583889405783,60.0207325487542,20.5337208983112,300.103662743771,148,24,0.271336193275835,90.1707910544071,9.82920894559288
2022,4.03546004098678,0.806032828715518,60.7810662940347,20.612199076028,303.905331470174,149,24,0.27416227140977,90.025327125707,9.97467287429302
2022,3.99815189139275,0.798291203856065,61.5332747308365,20.6891681535272,307.666373654182,150,24,0.284432094840481,89.8815777053337,10.1184222946663
2022,4.18429687861203,0.835793054986064,62.2759636638518,20.764522428021,311.379818319259,151,24,0.280270760669828,90.0082289574333,9.99177104256668
2022,4.14680638597358,0.827468661821108,63.0567097605791,20.843065742143,315.283548802895,152,24,0.305204186102083,89.8660958274684,10.1339041725317
2022,4.10563540538829,0.819078501953734,63.8249664921212,20.9196937498167,319.124832460606,153,24,0.313113594230313,89.7273565552742,10.2726434447258
2022,4.06125298996511,0.810668606707102,64.5834023531999,20.9947141735417,322.917011766,154,24,0.30341027839609,89.5929733377898,10.4070266622103
2022,4.02191768304705,0.802269280882486,65.3348973725316,21.068444833826,326.674486862658,155,24,0.322217099920151,89.462485427125,10.537514572875
2022,3.98117241262365,0.793897174427709,66.0747586921013,21.1404589018223,330.373793460506,156,24,0.332686426805453,89.3360082976104,10.6639917023897
2022,3.94017892726931,0.785572942358219,66.8043715962559,21.2109271347973,334.02185798128,157,24,0.34042377084047,89.2135243633683,10.7864756366317
2022,3.89878401274711,0.77731187205171,67.524232606341,21.2799297378563,337.621163031705,158,24,0.343615246104233,89.095083371969,10.904916628031
2022,3.85773145794935,0.769125486958273,68.2351703734218,21.3475756020581,341.175851867109,159,24,0.346559218345333,88.980646697522,11.019353302478
2022,3.81800980495095,0.76102171926637,68.93730262523,21.4139031854759,344.68651312615,160,24,0.355786380760261,88.8702286822797,11.1297713177203
2022,3.77757230836117,0.753005584392959,69.6296386569745,21.478845913563,348.148193284872,161,24,0.357079143708386,88.7639545498519,11.2360454501481
2022,3.73711808331008,0.745081100599806,70.3136219416328,21.5425646781289,351.568109708164,162,24,0.354886591390147,88.6615944018343,11.3384055981656
2022,3.69829563801552,0.737250382469527,70.9899459443713,21.6051465441414,354.949729721857,163,24,0.360911715786933,88.5629884663229,11.4370115336771
2022,3.65642349939718,0.72951396768803,71.6572932254118,21.6664917743812,358.286466127059,164,24,0.341588240326761,88.4682201365729,11.5317798634271
2022,3.62093205373305,0.721873194881874,72.3201233194716,21.7270288692109,361.600616597358,165,24,0.364610508350865,88.376582436789,11.623417563211
2022,3.58372445281306,0.714326497744599,72.9712429177389,21.7861210725653,364.856214588694,166,24,0.372221685592407,88.2889045285635,11.7110954714365
2022,3.54653925863449,0.706874716814506,73.6133907930532,21.8440401993054,368.066953965266,167,24,0.376425127648076,88.2046782179336,11.7953217820664
2022,3.5098869103665,0.699518413462066,74.2472527304068,21.9008676356005,371.236263652034,168,24,0.381089534863277,88.1236584916578,11.8763415083422
2022,3.47497768582916,0.692258537718214,74.8728428559046,21.956622897991,374.364214279523,169,24,0.39639051866243,88.0456828754014,11.9543171245986
2022,3.44005603231982,0.685096592970123,75.4883822307537,22.0111663821601,377.441911153769,170,24,0.408029385056166,87.9708234911603,12.0291765088397
2022,3.40574654567401,0.678035279819153,76.094600573222,22.0645817815384,380.47300286611,171,24,0.421131102449639,87.8988168409727,12.1011831590273
2022,3.37286810586886,0.671078195868215,76.6913275219718,22.1168719887015,383.456637609859,172,24,0.443659938083503,87.8295206046221,12.1704793953779
2022,3.34261394721589,0.664229985052149,77.2769636463339,22.1679153297706,386.38481823167,173,24,0.490053748274191,87.7629854649633,12.2370145350367
2022,3.30529087283046,0.657496444413033,77.8472606240655,22.2173632733061,389.236303120327,174,24,0.456039314034909,87.6996171194098,12.3003828805902
2022,3.2707844212016,0.650885308395977,78.4168862203436,22.2665016121906,392.084431101718,175,24,0.445566154486442,87.637325918935,12.362674081065
2022,3.23869569351651,0.644404617765839,78.9816951605107,22.3149794223525,394.908475802553,176,24,0.45311315150803,87.5765256897581,12.4234743102419
2022,3.20746369643797,0.638063847881995,79.5385666815747,22.362539982609,397.692833407874,177,24,0.462488332358718,87.5175018855568,12.4824981144432
2022,3.17657803118423,0.63187378617543,80.0873062754068,22.4091795378524,400.436531377034,178,24,0.467587325573144,87.4601629700967,12.5398370299033
2022,3.14375736973438,0.625846332248849,80.6288382379082,22.4549886381427,403.144191189541,179,24,0.442781570510975,87.4042808138229,12.5957191861771
2022,3.11614851034972,0.619994330678107,81.1687562990159,22.5004482309666,405.843781495079,180,24,0.464679579920108,87.3490270057861,12.6509729942139
2022,3.08718216999446,0.614331506426134,81.6987617322833,22.5448686798253,408.493808661417,181,24,0.461441650559164,87.2954005166424,12.7045994833576
2022,3.05873010849868,0.60887220953368,82.2236100706748,22.5886594203118,411.118050353374,182,24,0.452425872303976,87.2426965760509,12.7573034239491
2022,3.03262302588562,0.60363121918263,82.744559485106,22.6319326204914,413.72279742553,183,24,0.457221245633955,87.1906729508273,12.8093270491727
2022,3.00957714127685,0.598623580234454,83.2593164588385,22.6745053263018,416.296582294193,184,24,0.484291326504035,87.1395483234681,12.8604516765319
2022,2.98665017848147,0.593864350780074,83.764038062147,22.7160703127516,418.820190310735,185,24,0.499006020571069,87.0897339137569,12.9102660862431
2022,2.96365689800359,0.589368154400406,84.2612190285753,22.7568439941797,421.306095142877,186,24,0.49658484132729,87.0408088718458,12.9591911281542
2022,2.94281111140838,0.585149000021189,84.7542730908414,22.7971139657169,423.771365454207,187,24,0.50364583004792,86.9922226172183,13.0077773827817
2022,2.87374925641999,0.571272711223658,85.2417330544981,22.8367668496169,426.208665272491,188,17,0.464561861651069,86.9440369165833,13.0559630834167
2022,2.85613475852794,0.567668304106275,85.7231844782186,22.8757761317792,428.615922391093,189,17,0.473071641630147,86.896154499091,13.103845500909
2022,2.83932229015464,0.564377399358611,86.1993978807103,22.9142110781293,430.996989403552,190,17,0.472024528914464,86.8496205568694,13.1503794431306
2022,2.82355130721872,0.561407232408605,86.6724448272091,22.9522442200957,433.362224136045,191,17,0.463826558579947,86.8034336494295,13.1965663505706
2022,2.81186775893032,0.558763525386846,87.1439635107934,22.9900107837068,435.719817553967,192,17,0.486329717163618,86.7564970622834,13.2435029377166
2022,2.80097186856857,0.556454318709398,87.6086308675344,23.0270895068624,438.043154337672,193,17,0.497998400375624,86.7092421092933,13.2907578907067
2022,2.79103753939833,0.554485763829873,88.0687711591741,23.0636721609231,440.343855795871,194,17,0.499781855116592,86.661106797455,13.338893202545
2022,2.78458086154072,0.552863475171429,88.5265535140062,23.099935394827,442.632767570031,195,17,0.525530826652036,86.6115407908616,13.3884592091384
2022,2.6166097491236,0.519431651506665,88.9778800624071,23.135559510848,444.889400312036,196,16,0.520972854642227,86.1838989883752,13.8161010116248
2022,2.61340872664821,0.518570912420039,89.3965091444836,23.1684903393845,446.982545722418,197,16,0.540276337959195,86.1311850798309,13.8688149201691
2022,2.6090496479401,0.51805412759477,89.8106232286696,23.2009604243325,449.053116143348,198,16,0.515637519914248,86.0762550232509,13.9237449767491
2022,2.60842193152425,0.517747309863111,90.228778994454,23.2336417018739,451.14389497227,199,16,0.53142479465876,86.0022333491074,13.9977666508926
2022,2.60704901953696,0.517500827421206,90.643637026205,23.265961092054,453.218185131025,200,16,0.531407411557885,85.8987387301662,14.1012612698338
2022,2.60669858045815,0.517343888808723,91.0582089988271,23.2981553715247,455.291044994135,201,16,0.54019336709219,85.7671603982376,14.2328396017624
2022,2.60668965191807,0.517317911119826,91.470938411571,23.3301052449388,457.354692057855,202,16,0.544106754399462,85.6109312011809,14.3890687988191
2022,2.60865864642648,0.517466451418876,91.8828678067388,23.36189315972,459.414339033694,203,16,0.565636471483883,85.4333314633618,14.5666685366382
2022,2.60929797648331,0.517825816886072,92.2908691876787,23.3932801960192,461.454345938394,204,16,0.54888995881324,85.23812852626,14.7618714737401
2022,2.61298321690534,0.518416013750204,92.7023316727961,23.4248357000007,463.511658363981,205,16,0.562275055830313,85.0274499275084,14.9725500724916
2022,2.61781865628802,0.519244620655745,93.1118376313448,23.4561443814761,465.559188156724,206,16,0.575088244803432,84.8048378572228,15.1951621427772
2022,2.62435915054611,0.520304757290904,93.519731203957,23.4872345294824,467.598656019785,207,16,0.597256471352408,84.5727732723023,15.4272267276977
2022,2.63122371405311,0.521580617017801,93.92448209793,23.5179918572561,469.62241048965,208,16,0.606781451996332,84.3337558396916,15.6662441603083
2022,2.63971989859762,0.523049940868747,94.3286835448394,23.5486153791428,471.643417724197,209,16,0.628017303699629,84.0895388305288,15.9104611694712
2022,2.64929088236187,0.524690529423082,94.7303193510564,23.5789540643703,473.651596755282,210,16,0.653745172683504,83.8424224491441,16.1575775508559
2022,2.65677721505458,0.526494358899716,95.1287058160498,23.6089588644033,475.643529080249,211,16,0.626595464057846,83.5991556837668,16.4008443162332
2022,2.5007626234775,0.495383886355668,95.5340013009853,23.6393942872941,477.670006504927,212,15,0.63098030964702,82.8595304511166,17.1404695488834
