"year","assimilated_weight","ingested_weight","Weight","Length","Energy","JulianDay","feeding_hours","Metabolism","percentage_partic","percentage_filters"
1980,11.1764642019283,2.21518789563689,54.5,19.9420239553624,272.5,141,24,0.450215730332575,85.2275469954868,14.7724530045132
1980,11.1573863816959,2.2111236215873,56.6452231089533,20.1766973154402,283.226115544766,142,24,0.468492142785639,84.8648021379961,15.1351978620039
1980,11.1403881835588,2.20752517047003,58.7829684483755,20.4044690148846,293.914842241878,143,24,0.486057468887543,84.5421571993574,15.4578428006426
1980,11.1257951413729,2.20438937491488,60.9137927526312,20.6258282449172,304.568963763156,144,24,0.503979921732556,84.259095754793,15.740904245207
1980,11.1135761592916,2.20171296769065,63.0381040069931,20.8412019036403,315.190520034966,145,24,0.522240754639623,84.0148827942086,15.9851172057914
1980,11.1035969708005,2.19953689000102,65.156307492007,21.0509767884711,325.781537460035,146,24,0.539618336476851,83.8100179582216,16.1899820417784
1980,11.0952173210291,2.19776870099903,67.2690257028037,21.2555256901511,336.345128514019,147,24,0.555366626439226,83.6402312462458,16.3597687537542
1980,11.088458473599,2.19644613777755,69.3769020066793,21.4551910084786,346.884510033396,148,24,0.568687242474696,83.5053618097116,16.4946381902884
1980,11.0831644460547,2.19557162716465,71.480743387306,21.6503014769871,357.40371693653,149,24,0.578755003809445,83.4037822002785,16.5962177997215
1980,11.0804262346256,2.19514225005113,73.5814903238732,21.8411712368049,367.907451619366,150,24,0.589824916821247,83.3334198299322,16.6665801700678
1980,11.7302102102332,2.32379257629025,75.6794501149473,22.0280340097525,378.397250574737,151,24,0.608809699602491,83.7410556481011,16.2589443518989
1980,11.7311806597504,2.32388717958699,77.9035403843364,22.2222293404399,389.517701921682,152,24,0.624987797322557,83.7008371728573,16.2991628271427
1980,11.7338326089583,2.32447317826691,80.1245532695444,22.4123372256264,400.622766347722,153,24,0.63790356271035,83.6852917856402,16.3147082143599
1980,11.7372360610574,2.32554515020374,82.3434721606728,22.5986327763741,411.717360803364,154,24,0.643637916762708,83.6925644430064,16.3074355569936
1980,11.7427905166369,2.32706449819697,84.5618776402125,22.7814196281239,422.809388201063,155,24,0.648624514533401,83.7184112340723,16.2815887659277
1980,11.7518094003037,2.32897690254989,86.780342764259,22.9608989793913,433.901713821295,156,24,0.659537204952285,83.7579239102803,16.2420760897197
1980,11.7630832010473,2.33122379172464,88.9983677696832,23.137173655785,444.991838848416,157,24,0.672737493251736,83.8069408868867,16.1930591131132
1980,11.775249450638,2.33371874644455,91.2159379320478,23.3103772477302,456.079689660239,158,24,0.684309773438158,83.860732806844,16.139267193156
1980,11.7868090471819,2.33634758639905,93.4335483338055,23.4806734519489,467.167741669027,159,24,0.690116448793953,83.9140095550663,16.0859904449337
1980,11.7981866971139,2.33895246270439,95.6522208618721,23.6482549577694,478.261104309361,160,24,0.695433177701622,83.9608450136181,16.0391549863819
1980,11.8098484863039,2.34133063619906,97.8720062301894,23.8132307910839,489.360031150947,161,24,0.706922336495388,83.9948828155515,16.0051171844485
1980,11.8200152164315,2.34323243589584,100.091714886134,23.9756133885113,500.45857443067,162,24,0.722485152381953,84.00935113127,15.99064886873
1980,11.8266128561461,2.3443488791652,102.310220198005,24.1354191180155,511.551100990023,163,24,0.739954386069307,83.9968194495004,16.0031805504996
1980,11.8272937498049,2.34432045427425,104.526413151449,24.2926647352475,522.632065757246,164,24,0.756889439208968,83.9492561384835,16.0507438615165
1980,11.8207477904351,2.34274471580443,106.739202274172,24.4473672960935,533.696011370859,165,24,0.776794684083635,83.8580631090617,16.1419368909383
1980,11.8053496765762,2.33920658324599,108.946532136224,24.5994769284834,544.73266068112,166,24,0.80229611465926,83.7143408491647,16.2856591508353
1980,11.7782010885626,2.33331591294878,111.14549606594,24.7488890230672,555.727480329701,167,24,0.829032953283976,83.5090492486054,16.4909507513946
1980,11.7242310456974,2.32226797575402,113.333479020141,24.8955238710225,566.667395100705,168,24,0.852138926781209,83.1991349116304,16.8008650883696
1980,11.6339711940776,2.30436717097856,115.505824203972,25.0391715230765,577.529121019859,169,24,0.866166707961589,82.7524731562533,17.2475268437467
1980,11.5167635988969,2.28144589861916,117.657070137937,25.1795801491692,588.285350689687,170,24,0.870935332033994,82.1797110446769,17.820288955323
1980,11.3855840681418,2.25584870944632,119.783659769077,25.3166316762104,598.918298845385,171,24,0.872506585968604,81.4958820614618,18.5041179385382
1980,11.2543476808891,2.23020784205222,121.883418670607,25.45030010444,609.417093353035,172,24,0.874405338248001,80.7204288580907,19.2795711419093
1980,11.1372397963407,2.20721566719976,123.95625028375,25.5806892551045,619.781251418748,173,24,0.880225630445541,79.8766571591623,20.1233428408376
1980,11.0476263665617,2.18940767161123,126.004175971747,25.7080277339326,630.020879858737,174,24,0.893697648808001,78.9907574101273,21.0092425898727
1980,10.9967154658725,2.17898212772399,128.031143622304,25.8326504678922,640.155718111521,175,24,0.916099300300836,78.0903465069995,21.9096534930005
1980,10.9932305475763,2.17774894424624,130.043086146273,25.9549968588019,650.215430731364,176,24,0.945477688609168,77.2026127934116,22.7973872065884
1980,11.0442069561798,2.187148162718,132.0480701893,26.0756146129175,660.2403509465,177,24,0.980728843556811,76.3523551151393,23.6476448848606
1980,11.1542433757425,2.20813356313511,134.055788019598,26.1951244597028,670.278940097989,178,24,1.0205685033201,75.5603371032046,24.4396628967954
1980,11.3258032418233,2.24123176209411,136.077105488949,26.3141902037893,680.385527444743,179,24,1.0635673009418,74.8421314186855,25.1578685813145
1980,11.5587813583859,2.28659606414178,138.123663190337,26.4334934065253,690.618315951686,180,24,1.10314046468602,74.207602694886,25.792397305114
1980,11.8517630842914,2.34406478018644,140.20839295894,26.5537617693059,701.041964794699,181,24,1.13443423287746,73.6609457181385,26.3390542818615
1980,12.2027469234991,2.41321703580085,142.344908657155,26.6757313722029,711.724543285773,182,24,1.15810471616276,73.2014010867471,26.7985989132529
1980,12.6086325158426,2.49341612499657,144.546285689161,26.8000763837283,722.731428445805,183,24,1.17515326599191,72.8243475644294,27.1756524355705
1980,13.0653867307298,2.58384409925255,146.824771249278,26.9273945482409,734.12385624639,184,24,1.18670744724469,72.5224001632126,27.4775998367874
1980,13.5682484482784,2.68352634643391,149.191571617012,27.0581977198791,745.957858085062,185,24,1.19441967729501,72.2864585713855,27.7135414286145
1980,14.1118662922472,2.79134647468024,151.65660070999,27.1929009768276,758.283003549948,186,24,1.2006760715855,72.106609758207,27.893390241793
1980,14.6901994908497,2.90605294291935,154.228214495474,27.3318119543605,771.141072477368,187,24,1.20755086376949,71.9728305959489,28.0271694040511
1980,15.2966044717624,3.02626130948302,156.913134834039,27.4751313954628,784.565674170197,188,24,1.21724452646587,71.8754724323387,28.1245275676613
1980,15.9238069070708,3.1504518645656,159.716303160021,27.6229505564153,798.581515800105,189,24,1.23196908444219,71.8055703087393,28.1944296912607
1980,16.5646730245934,3.27694135629031,162.640751748398,27.77525036361,813.203758741991,190,24,1.25920492197861,71.7570345491415,28.2429654508585
1980,17.2103849737272,3.40391867580331,165.686578205879,27.9318555321612,828.432891029394,191,24,1.30029144136844,71.7218260832881,28.2781739167119
1980,17.8496708923502,3.52942427215966,168.851837780048,28.092489709908,844.25918890024,192,24,1.34729803959347,71.6925823742946,28.3074176257054
1980,18.4702887833689,3.65135350155885,172.133907607964,28.2568506702034,860.669538039821,193,24,1.39123156741744,71.6636968028241,28.3363031971759
1980,19.0591253600577,3.76747316561838,175.529506024463,28.4246139848342,877.647530122313,194,24,1.42198381656504,71.6302042657015,28.3697957342985
1980,19.604276540368,3.87542908662866,179.034742517983,28.5954379901573,895.173712589915,195,24,1.43999548773556,71.5876692291922,28.4123307708078
1980,19.3193533396611,3.81945498495427,182.643251367254,28.7688769453832,913.21625683627,196,24,1.43603713811124,71.0836526661391,28.9163473338609
1980,19.7180874291787,3.89875866936912,186.193231905951,28.9371876728646,930.966159529755,197,24,1.44573904113355,71.0153672147556,28.9846327852444
1980,20.0378327325072,3.96253018524091,189.818610748661,29.1067804099987,949.093053743307,198,24,1.45368095098402,70.9261312761518,29.0738687238482
1980,20.2628998452859,4.00761446141845,193.503783226281,29.2768721015416,967.518916131404,199,24,1.4610746837358,70.8143560530237,29.1856439469763
1980,20.3745146152171,4.02988873140141,197.22977602148,29.4465677871024,986.1488801074,200,24,1.47880815906428,70.672103118292,29.327896881708
1980,20.3783594621952,4.03029801319085,200.971700739035,29.6147550176503,1004.85850369517,201,24,1.51188503317227,70.5026363336441,29.4973636663559
1980,20.2745246320502,4.00917743392918,204.70482997224,29.7803858756364,1023.5241498612,202,24,1.55206282225361,70.3064612693934,29.6935387306066
1980,20.0646493634159,3.96717410308542,208.406131145959,29.9425390256569,1042.03065572979,203,24,1.59035237428876,70.0841695651829,29.915830434817
1980,19.7520730965731,3.90525748629429,212.054726644683,30.1004303502455,1060.27363322342,204,24,1.61695353366131,69.8365097609593,30.1634902390407
1980,19.3437626624305,3.82472513723695,215.632395710002,30.253424302857,1078.16197855001,205,24,1.63321413429557,69.5645054267941,30.4354945732059
1980,18.8493722946939,3.72717640468315,219.122068639154,30.4009600989234,1095.61034319577,206,24,1.64828383511265,69.2696859213256,30.7303140786744
1980,18.2786060288046,3.61449393147086,222.506802757891,30.5425029742436,1112.53401378945,207,24,1.66318288691064,68.9543801468165,31.0456198531835
1980,17.6426450231719,3.48885550470513,225.771417496289,30.6776079809181,1128.85708748145,208,24,1.67904394979183,68.6220244812167,31.3779755187833
1980,16.9540592166529,3.35271892375457,228.902764751904,30.8059243447197,1144.51382375952,209,24,1.69708392776365,68.2776114444654,31.7223885555346
1980,16.2270941939398,3.20879879465805,231.889986700808,30.9271994588401,1159.44993350404,210,24,1.72187593543368,67.9282545857758,32.0717454142242
1980,15.4758397993159,3.05989595426223,234.724176226499,31.0412592513132,1173.62088113249,211,24,1.75410452483759,67.5898065288396,32.4101934711604
1980,14.1005916810627,2.78759654440071,237.399120325599,31.1480331684717,1186.99560162799,212,24,1.76349342287667,66.6705219059902,33.3294780940099
1981,11.1533293376974,2.21525763924388,54.5,19.9420239553624,272.5,141,24,0.384477813159556,85.2298833861507,14.7701166138493
1981,11.1358214521009,2.2111638933548,56.6537437195417,20.1776169616827,283.268718597709,142,24,0.404671246403879,84.8651198562809,15.1348801437191
1981,11.1205370342765,2.20753728223658,58.7999402220977,20.406254036115,293.999701110488,143,24,0.425075158456721,84.5405328066501,15.4594671933499
1981,11.1066711926286,2.20437510255606,60.9389906861391,20.6284133853794,304.694953430695,144,24,0.443275708431419,84.2556458163444,15.7443541836556
1981,11.0937478383327,2.20167298936022,63.0716178649208,20.8445588906282,315.358089324604,145,24,0.457526395624081,84.0096552810079,15.990344718992
1981,11.0821651327435,2.1994260105644,65.1987983547562,21.0551358823655,325.993991773781,146,24,0.468765020606351,83.8014603307944,16.1985396692056
1981,11.0726455418027,2.19767468460733,67.3214005579186,21.2605392685203,336.607002789593,147,24,0.478450917882372,83.6312395652594,16.3687604347406
1981,11.0652295539764,2.19632263516766,69.4401452094785,21.4611158874457,347.200726047393,148,24,0.488248540910696,83.4943316032804,16.5056683967196
1981,11.0606657032613,2.19541681306912,71.5554279294489,21.6571537334159,357.777139647245,149,24,0.499915677637326,83.3906590129114,16.6093409870886
1981,11.059427253397,2.19495763303455,73.6674421371604,21.8488993191208,368.337210685802,150,24,0.515246873367979,83.3183460365058,16.6816539634942
1981,11.7094818037548,2.32357085773524,75.7761166168121,22.0365565019965,378.88058308406,151,24,0.53747566148389,83.7257163253097,16.2742836746903
1981,11.7121422447109,2.32363796703076,78.0103265591627,22.2314555682896,390.051632795813,152,24,0.55830594679486,83.6839651248481,16.3160348751519
1981,11.7169848732724,2.32419911549491,80.2408662779932,22.422191310548,401.204331389966,153,24,0.578414946838345,83.6670808704039,16.3329191295961
1981,11.723334316938,2.32523876403851,82.4683110249291,22.6090094831306,412.341555124645,154,24,0.59540935234384,83.6722854143042,16.3277145856958
1981,11.730962747103,2.32674297767201,84.6935790184235,22.7921656315899,423.467895092117,155,24,0.608386056974254,83.6974553767942,16.3025446232058
1981,11.7400611238564,2.32864403218993,86.9177228523425,22.9719077274945,434.588614261712,156,24,0.619209519887755,83.7365339612304,16.2634660387696
1981,11.7507396767642,2.33087986434143,89.141459678417,23.1484400831536,445.707298392085,157,24,0.629482912682066,83.7851420475546,16.2148579524454
1981,11.7629745811128,2.33336292710689,91.365207264643,23.3219300600098,456.826036323215,158,24,0.640898983589682,83.8384767773697,16.1615232226303
1981,11.7766233220095,2.33598024432817,93.5890392172439,23.4925078724083,467.94519608622,159,24,0.655306763805505,83.8913114354047,16.1086885645953
1981,11.7913152207766,2.33857672996342,95.8126299395887,23.6602655771216,479.063149697943,160,24,0.674664014976908,83.9379096322254,16.0620903677746
1981,11.8057964797509,2.34095373329183,98.0351872160699,23.825255187113,490.17593608035,161,24,0.698261744292568,83.9720264249361,16.0279735750639
1981,11.8182019554235,2.34285837361054,100.255808916129,23.9875176505025,501.279044580643,162,24,0.723785685602323,83.98680650441,16.0131934955901
1981,11.8263567607866,2.34398133763149,102.473681751366,24.1470978543479,512.368408756828,163,24,0.748473980918693,83.9747544823811,16.0252455176189
1981,11.8278371333071,2.34396189494655,104.688108811912,24.3040462365918,523.440544059559,164,24,0.769250130076281,83.9277629600417,16.0722370399583
1981,11.8201038795958,2.34239620987761,106.898522687238,24.4584192702485,534.49261343619,165,24,0.783268558947646,83.8371499360028,16.1628500639972
1981,11.8015034519953,2.33886559817474,109.104416163047,24.610274286783,545.522080815237,166,24,0.792452113271207,83.6938021047932,16.3061978952068
1981,11.7708224307063,2.33297632227683,111.304565642015,24.7596170669726,556.522828210075,167,24,0.800537639083537,83.4884575755194,16.5115424244806
1981,11.7146949643071,2.32192374908857,113.496756424597,24.9063870586302,567.483782122984,168,24,0.811536795893953,83.1779789050059,16.822021094994
1981,11.6253401756575,2.30401692827546,115.675297384972,25.0502986023742,578.376486924858,169,24,0.829593634281056,82.7303558194904,17.2696441805096
1981,11.5119275666949,2.28109712982224,117.83211196421,25.190925902083,589.160559821052,170,24,0.854669851492089,82.1566060840693,17.8433939159307
1981,11.3855903604737,2.25551786516964,119.960965253634,25.3279815931075,599.804826268169,171,24,0.883283268228745,81.4721667289093,18.5278332710907
1981,11.2594349570457,2.2299157825505,122.058545632898,25.4613757747343,610.29272816449,172,24,0.914634035005466,80.6967040429919,19.3032959570081
1981,11.1468871584373,2.20698367855834,124.124322836554,25.591194872211,620.621614182769,173,24,0.947911755788561,79.8536592463128,20.1463407536872
1981,11.0605540252666,2.1892526159205,126.160613724263,25.7176954445313,630.803068621317,174,24,0.982022938836793,78.9692414190093,21.0307585809907
1981,11.0108510260256,2.17891309275684,128.172474768656,25.8412884100159,640.862373843282,175,24,1.01230907669633,78.0709380027992,21.9290619972008
1981,11.006529476514,2.1777668988499,130.167976202605,25.9625478217889,650.839881013024,176,24,1.03563415186413,77.1856294572374,22.8143705427626
1981,11.0551126904913,2.18724940389281,132.157563913412,26.0821647792513,660.787819567061,177,24,1.05334397045827,76.3377576767043,23.6622423232957
1981,11.1616700256321,2.20831531162297,134.152916614229,26.2008743351491,670.764583071146,178,24,1.06698019238638,75.5477971218706,24.4522028781294
1981,11.3291485631073,2.24149870928692,136.166415076906,26.3194224694661,680.832075384531,179,24,1.07834599463768,74.8311329493031,25.1688670506969
1981,11.5591222765306,2.28696565233912,138.210664554814,26.438537734233,691.053322774068,180,24,1.09279524287396,74.1975607923262,25.8024392076738
1981,11.8510168559905,2.34456394456294,140.297509207742,26.5588750405306,701.48754603871,181,24,1.11170646760492,73.6514707355501,26.3485292644499
1981,12.2020417015713,2.41387374186154,142.438396866646,26.6810392134604,712.19198433323,182,24,1.13031845418126,73.1923861523124,26.8076138476876
1981,12.6082467701171,2.49425705583966,144.6451629444,26.8056304116345,723.225814722001,183,24,1.14371609761792,72.8158230299973,27.1841769700027
1981,13.0646584995319,2.58489692140861,146.929828240067,26.9332316566177,734.649141200334,184,24,1.1467388529404,72.5144108940746,27.4855891059254
1981,13.5672917565716,2.68482734205109,149.30444216191,27.0643993633167,746.522210809548,185,24,1.14626656869278,72.2789750974597,27.7210249025403
1981,14.1119952039035,2.79293523440858,151.778871091301,27.1995426816436,758.894355456505,186,24,1.15191938815069,72.0996113711303,27.9003886288697
1981,14.6922777810513,2.9079591370055,154.360216534428,27.3388986177064,771.801082672141,187,24,1.16255098153486,71.9663775145478,28.0336224854522
1981,15.30095438936,3.02850535135706,157.054500287776,27.4826298805089,785.272501438878,188,24,1.17699751705816,71.8696442864525,28.1303557135475
1981,15.9301517647448,3.15304860240606,159.866528500737,27.6308211552219,799.332642503683,189,24,1.19409284638762,71.8004253332322,28.1995746667678
1981,16.5718740453472,3.27992493509265,162.799754058198,27.78347601311,813.998770290992,190,24,1.21597224207228,71.7509785836343,28.2490214163657
1981,17.2174458124552,3.40730193557636,165.85559159067,27.9404866152099,829.277957953351,191,24,1.24554165618555,71.7163132514373,28.2836867485627
1981,17.8571119808554,3.53324998624946,169.033127869659,28.1016262578395,845.165639348295,192,24,1.28254938515007,71.6875120849891,28.3124879150109
1981,18.4801613929047,3.6556604224017,172.329538463542,28.2665783398925,861.64769231771,193,24,1.32663440365716,71.6589860295982,28.3410139704018
1981,19.0750938616193,3.77227166791441,175.739919794653,28.4349350216035,878.699598973265,194,24,1.37754024672029,71.6258323432475,28.3741676567525
1981,19.6282262835124,3.88067018412694,179.257112515373,28.6061960461742,896.285562576865,195,24,1.42742840769815,71.5837162668786,28.4162837331214
1981,19.3484779392235,3.82469620218033,182.8727841864,28.7798281028502,914.363920931998,196,24,1.45225406141526,71.0816449026737,28.9183550973262
1981,19.7533194106662,3.9042218384459,186.425193822533,28.9481072727015,932.125969112667,197,24,1.48982103264573,71.0140151799165,28.9859848200835
1981,20.0785845282719,3.96804546522396,190.04864161406,29.1174646646957,950.243208070301,198,24,1.52710842790937,70.925274839502,29.074725160498
1981,20.3095526831686,4.01312775513262,193.727112546685,29.2871072094534,968.635562733424,199,24,1.56800507283557,70.8142405992478,29.1857594007522
1981,20.4239696062635,4.03527462409295,197.440882096746,29.4561152299421,987.20441048373,200,24,1.60662850614946,70.6728159489731,29.3271840510269
1981,20.4258218413704,4.03546647547631,201.166969752955,29.6234715879116,1005.83484876477,201,24,1.63700945574117,70.5042019795132,29.4957980204868
1981,20.3178782366328,4.01410443172155,204.884410304306,29.7883002089588,1024.42205152153,202,24,1.66315686297335,70.3088100506123,29.6911899493877
1981,20.1043195143622,3.97186753741407,208.572015910119,29.9497592428891,1042.86007955059,203,24,1.68937638806834,70.0871887834265,29.9128112165736
1981,19.7907691518419,3.90972186913055,212.208601371798,30.1070474596189,1061.04300685899,204,24,1.72037027486815,69.8400968974619,30.1599031025381
1981,19.3835744265769,3.8289281836233,215.773194726026,30.2594090721502,1078.86597363013,205,24,1.75639381862196,69.5686319970046,30.4313680029954
1981,18.8900230415452,3.73105732250296,219.246071865726,30.4061724612515,1096.23035932863,206,24,1.79341368927398,69.2743986618915,30.7256013381085
1981,18.3194319812446,3.61799778718849,222.609801254613,30.5467865675653,1113.04900627307,207,24,1.82983700868513,68.9597466939026,31.0402533060974
1981,17.6826624818835,3.49194071186973,225.849159076488,30.6808086431937,1129.24579538244,208,24,1.86383067980095,68.6281266326953,31.3718733673047
1981,16.9920736618153,3.35536352197318,228.951483122381,30.8079110333727,1144.75741561191,209,24,1.89353984277691,68.2845350339742,31.7154649660258
1981,16.2613870884569,3.21100438942687,231.906973117624,30.9278859506343,1159.53486558812,210,24,1.91704680489619,67.9360744700286,32.0639255299714
1981,15.5055919805836,3.06177725316622,234.70897178371,31.0406499278805,1173.54485891855,211,24,1.93551857783103,67.5948295469056,32.4051704530944
1981,14.1235180077287,2.7889121962842,237.353597189599,31.1462230842648,1186.76798594799,212,24,1.92328154265091,66.6791846643962,33.3208153356038
1982,11.1585321180047,2.21518789563689,54.5,19.9420239553624,272.5,141,24,0.399101882971948,85.2275469954868,14.7724530045132
1982,11.1371889870233,2.21110102940495,56.6518594616407,20.1774135983275,283.259297308203,142,24,0.409277764001525,84.8632403847695,15.1367596152305
1982,11.1187415433997,2.20747717550143,58.7974081743473,20.4059877485581,293.987040871736,143,24,0.420805980181104,84.5388184652951,15.4611815347049
1982,11.1037809767299,2.2043142017231,60.936953386683,20.6282043996852,304.684766933415,144,24,0.435600274258823,84.2538403777614,15.7461596222386
1982,11.0921226313741,2.20161013201839,63.0705376195182,20.8444507049389,315.352688097591,145,24,0.453492856238339,84.0076682378305,15.9923317621695
1982,11.0833647036646,2.19940708499929,65.1981997823839,21.0550773059793,325.99099891192,146,24,0.472889220960049,83.8008927558503,16.1991072441497
1982,11.076974896574,2.19761357336356,67.3202170639377,21.2604260086897,336.601085319689,147,24,0.493715310298307,83.6293210495397,16.3706789504603
1982,11.0730890725493,2.19626857502179,69.4367747178889,21.4608002210631,347.183873589445,148,24,0.5158995748766,83.4928872288231,16.5071127711769
1982,11.07166896938,2.19537600386876,71.5480991677361,21.6564815451004,357.74049583868,149,24,0.53935367842212,83.3900735913368,16.6099264086632
1982,11.0716353267608,2.19493466752026,73.6544265116801,21.847729464707,368.2721325584,150,24,0.56008919822289,83.3189296354683,16.6810703645317
1982,11.7212917748272,2.32355503429961,75.7565743116384,22.0348341882305,378.782871558192,151,24,0.579905336263263,83.7264578602655,16.2735421397345
1982,11.722000826164,2.32364249555341,77.9846606078048,22.2292388575293,389.923303039024,152,24,0.594469099216433,83.6858717042096,16.3141282957904
1982,11.7254108523195,2.32422084707212,80.2099398590696,22.4195721840171,401.049699295348,153,24,0.609878520125311,83.6699450353346,16.3300549646654
1982,11.732346304012,2.32528648845882,82.4327777057054,22.606057040314,412.163888528527,154,24,0.629585698941696,83.6769330960311,16.3230669039689
1982,11.7422358827726,2.32680571902922,84.6530136406984,22.7888569940451,423.265068203492,155,24,0.652315735890765,83.702880655205,16.297119344795
1982,11.7539335127486,2.3287255472307,86.8706272245428,22.9681351567158,434.353136122714,156,24,0.674562763328644,83.7429457558119,16.2570542441881
1982,11.7672385555475,2.33098438844882,89.0860692754481,23.1440803828192,445.43034637724,157,24,0.69673464790292,83.7927750315779,16.2072249684221
1982,11.7818158989769,2.3334946502213,91.2996681480403,23.3168592319688,456.498340740202,158,24,0.719285730678746,83.8475611861886,16.1524388138114
1982,11.7972053202467,2.3361428104706,93.5115934936933,23.4866151881164,467.557967468466,159,24,0.742757627656645,83.9020461147348,16.0979538852652
1982,11.8123212704466,2.33877275727808,95.7218137357171,23.6534674424398,478.609068678586,160,24,0.76575726405297,83.9504376204968,16.0495623795032
1982,11.8258450945978,2.34118355623338,97.9303578991863,23.8175321824727,489.651789495931,161,24,0.786694601483656,83.9863664616206,16.0136335383794
1982,11.8365144108469,2.34311982051848,100.137308330442,23.9789223455662,500.68654165221,162,24,0.805532251260396,84.0028449351555,15.9971550648446
1982,11.8427949644818,2.34427075110934,102.342501369026,24.1377265208373,511.712506845129,163,24,0.822303865518999,83.9923070978401,16.0076929021599
1982,11.8428907453459,2.34427528867593,104.545458730848,24.2940059606915,522.727293654238,164,24,0.837028830094234,83.9466424108386,16.0533575891614
1982,11.8350810828236,2.34273045798784,106.745337990792,24.4477931403543,533.726689953962,165,24,0.851296933849362,83.8572341888955,16.1427658111045
1982,11.8175335493088,2.3392200150499,108.940633568978,24.5990733265379,544.703167844891,166,24,0.866568067629228,83.7151277609351,16.2848722390649
1982,11.7882065227737,2.3333523202893,111.129180404063,24.7477880496975,555.645902020313,167,24,0.882538409073739,83.5112061678165,16.4887938321835
1982,11.7328588906394,2.32232257734113,113.308464938189,24.8938586684086,566.542324690945,168,24,0.898843677748585,83.202429590618,16.797570409382
1982,11.6428695099608,2.30443631838219,115.473197401273,25.0370280432347,577.365987006363,169,24,0.915137759824112,82.7567812686256,17.2432187313745
1982,11.5279814781808,2.28152816482131,117.616432577936,25.1769444464857,588.082162889682,170,24,0.934275142470234,82.1851137170714,17.8148862829286
1982,11.4002430170751,2.25594463361803,119.732602962352,25.3133611880996,598.663014811761,171,24,0.957723752369993,81.5027304598633,18.4972695401366
1982,11.2724519793385,2.23031626145303,121.818257228796,25.4461762250484,609.091286143981,172,24,0.982691851396948,80.729242683983,19.270757316017
1982,11.1577133299776,2.20732914902462,123.873062076478,25.5754857829721,619.365310382388,173,24,1.00610829162924,79.8879694204958,20.1120305795042
1982,11.0683437424221,2.18950892866355,125.899919265557,25.701580118207,629.499596327786,174,24,1.02461837605415,79.004933424518,20.995066575482
1982,11.0156097790352,2.17904290133569,127.904864210193,25.8249268409926,639.524321050965,175,24,1.03929991448959,78.1073885237889,21.8926114762111
1982,11.009141355108,2.17773323188012,129.895968817753,25.9460955289384,649.479844088767,176,24,1.05370660056127,77.2221426488954,22.7778573511046
1982,11.0561960688764,2.18701750897811,131.882518350496,26.0657037287086,659.412591752479,177,24,1.06781192109757,76.3737589218904,23.6262410781096
1982,11.161593371481,2.20785264573774,133.87525238514,26.184429286554,669.376261925698,178,24,1.0815351854398,75.58283390173,24.41716609827
1982,11.3280297225513,2.24077354817163,135.885887226876,26.3029794926178,679.429436134382,179,24,1.09488675455657,74.8648611320773,25.1351388679227
1982,11.557220844383,2.28594643437194,137.926672271723,26.4220637097726,689.633361358613,180,24,1.11428610985245,74.2297206325776,25.7702793674224
1982,11.8487217990431,2.34321744216225,140.008911183841,26.542307779986,700.044555919207,181,24,1.14209338189111,73.6819129024734,26.3180870975266
1982,12.1994871038973,2.4121621786433,142.143341064489,26.6642789962184,710.716705322444,182,24,1.17166230741799,73.2210796665026,26.7789203334974
1982,12.6052548675546,2.49213733728001,144.341412933678,26.7885600566132,721.707064668389,183,24,1.19564554334623,72.8428044893234,27.1571955106766
1982,13.0607050336092,2.58232227698266,146.615187542411,26.9157410923857,733.075937712055,184,24,1.20608841308222,72.5397345869766,27.4602654130234
1982,13.5615007880768,2.68175188713192,148.977243953415,27.0464125347109,744.886219767073,185,24,1.20783129885946,72.3026730237435,27.6973269762565
1982,14.1035038516096,2.78931986629732,151.438315782159,27.1810344946076,757.191578910793,186,24,1.21136947531335,72.1216804011764,27.8783195988236
1982,14.6803966281426,2.90377397876579,154.006199219936,27.3198832988191,770.030996099682,187,24,1.21678640075137,71.9868066987369,28.0131933012631
1982,15.2852200949337,3.02373078482506,156.687399341235,27.4631478801112,783.436996706177,188,24,1.22424987576771,71.888434570364,28.1115654296361
1982,15.9103345059432,3.14767497863672,159.486984338008,27.6109261401963,797.434921690039,189,24,1.23379238059363,71.8176011297521,28.1823988702479
1982,16.5478143950876,3.27393298446896,162.408476026783,27.7632239883214,812.042380133914,190,24,1.24831013486073,71.7681989370337,28.2318010629663
1982,17.1893484860337,3.40071515308239,165.453219810761,27.9199284221616,827.266099053807,191,24,1.27155281843327,71.7321409303035,28.2678590696965
1982,17.8255137046577,3.52608111377578,168.620137297499,28.0808026511882,843.100686487496,192,24,1.30520154838316,71.7020444765542,28.2979555234458
1982,18.4460282959708,3.64792324908843,171.905918730476,28.2455042828064,859.529593652379,193,24,1.35107056101148,71.672345257335,28.3276547426651
1982,19.0398386989604,3.76397478660283,175.304826197014,28.4135836573329,876.524130985069,194,24,1.4115746370171,71.638169039942,28.3618309600581
1982,19.5926057069269,3.87180893866999,178.808421480222,28.5844792195654,894.042107401112,195,24,1.47569201821834,71.595216166545,28.404783833455
1982,19.3143322523965,3.81572621793446,182.407599436238,28.7576238575005,912.037997181188,196,24,1.51409118239569,71.0910727075263,28.9089272924737
1982,19.7189520895993,3.89472037381249,185.941120972659,28.925308800801,929.705604863296,197,24,1.56654322386496,71.0229546755649,28.9770453244351
1982,20.0445766482299,3.95808813419738,189.54268644324,29.0939526294796,947.7134322162,198,24,1.62051513242896,70.9341296446461,29.0658703553539
1982,20.2760204902044,4.00267289582696,193.196039932011,29.2627548316117,965.980199660056,199,24,1.68131550132544,70.8230188474645,29.1769811525355
1982,20.3887640979662,4.02434735740682,196.880839235781,29.4307712111401,984.404196178907,200,24,1.7265347684944,70.6817306472734,29.3182693527266
1982,20.3861788982632,4.02413626514389,200.576338938377,29.5970884587377,1002.88169469188,201,24,1.74351770974301,70.5134199439576,29.4865800560424
1982,20.274073077523,4.00250057954535,204.265021230917,29.7609824868038,1021.32510615459,202,24,1.7536537496997,70.3184187748152,29.6815812251848
1982,20.0594120568616,3.96012988994526,207.926274377544,29.9216304424453,1039.63137188772,203,24,1.77940243553107,70.0972816101591,29.9027183898409
1982,19.7501994893689,3.8979539215967,211.536414535842,30.078116606548,1057.68207267921,204,24,1.84490577404127,69.850862409925,30.149137590075
1982,19.3498325402244,3.81715562872548,215.068560934366,30.2294307483516,1075.34280467183,205,24,1.93739167753723,69.5804621095481,30.4195378904519
1982,18.8616836944695,3.71926986324006,218.499101047526,30.3747430713771,1092.49550523763,206,24,2.02725730645315,69.287860389792,30.712139610208
1982,18.29571402611,3.60621377786252,221.811049258303,30.5135310987511,1109.05524629151,207,24,2.1161491514542,68.9754904872082,31.0245095127918
1982,17.6633710682948,3.48020110760926,224.989108367606,30.6453570598298,1124.94554183803,208,24,2.20601251512679,68.6469336274789,31.3530663725211
1982,16.9775176122273,3.34372562501488,228.01990450597,30.7698709770702,1140.09952252985,209,24,2.29928088179004,68.3073770683727,31.6926229316273
1982,16.2508548317698,3.19953633153698,230.892169479281,30.8868118641985,1154.46084739641,210,24,2.38287088554486,67.964191020763,32.035808979237
1982,15.4965675028006,3.05049606058065,233.599808481933,30.996125412177,1167.99904240966,211,24,2.43782824045652,67.6334288423857,32.3665711576143
1982,14.1146714517629,2.77849364458549,236.143164926988,31.0980050521,1180.71582463494,212,24,2.423088688511,66.7232140665023,33.2767859334977
1983,11.1382839296666,2.21518789563689,54.5,19.9420239553624,272.5,141,24,0.348326941527596,85.2275469954868,14.7724530045132
1983,11.1186690585172,2.21108024641959,56.6579648122619,20.1780725168068,283.28982406131,142,24,0.361582971356025,84.8618036281742,15.1381963718258
1983,11.1022528094445,2.20743749420661,58.8093484761296,20.407243402807,294.046742380648,143,24,0.377088538380425,84.5360577793343,15.4639422206657
1983,11.0893269651247,2.20425778483263,60.9543393790158,20.6299876941311,304.771696895079,144,24,0.395935383651614,84.2498956150868,15.7501043849132
1983,11.0792943345818,2.20153904328193,63.0929656988554,20.846696593766,315.464828494277,145,24,0.416937536097489,84.0026798086563,15.9973201913437
1983,11.0714963032228,2.19932292127634,65.2253731303917,21.0577361164443,326.126865651959,146,24,0.437784024915252,83.7949744280972,16.2050255719027
1983,11.0652937603253,2.19751719263742,67.3520375766609,21.2634707343299,336.760187883305,147,24,0.457826856698611,83.6225402438611,16.3774597561389
1983,11.0607079290364,2.1961599087126,69.4734364270576,21.4642332324825,347.367182135288,148,24,0.476333038293539,83.485249933394,16.514750066606
1983,11.0575861428001,2.19525381182,71.5901975966272,21.6603421265357,357.950987983136,149,24,0.492510552125979,83.3815070235128,16.6184929764872
1983,11.0553661319532,2.19479629875078,73.7030765222107,21.8521014280871,368.515382611053,150,24,0.504215554292263,83.3092662289362,16.6907337710638
1983,11.7018210671274,2.32338091720324,75.8131445735386,22.03981902253,379.065722867693,151,24,0.515086204144309,83.7157525779738,16.2842474220261
1983,11.7004176409708,2.32344465240019,78.0502997008838,22.2349069469612,390.251498504419,152,24,0.521364970742838,83.6737648421459,16.3262351578542
1983,11.7018132356253,2.32399660177382,80.285881997132,22.4260023883131,401.42940998566,153,24,0.528534297681089,83.6562988485668,16.3437011514332
1983,11.7068212890337,2.32503329715246,82.5202676439204,22.6133249327553,412.601338219602,154,24,0.539510640914852,83.6616232175646,16.3383767824354
1983,11.7159494544588,2.32652089126426,84.7534115816519,22.7970437449158,423.76705790826,155,24,0.556953136415715,83.6857760508423,16.3142239491577
1983,11.7284739889075,2.32840787007781,86.9848377752321,22.9772814724551,434.924188876161,156,24,0.579751535653868,83.7240032070355,16.2759967929645
1983,11.7432066495527,2.33063509410369,89.2141467757001,23.154158318236,446.0707338785,157,24,0.6050590379206,83.7720930064661,16.2279069935339
1983,11.7588215917074,2.33311602272507,91.4412700851047,23.3278119402061,457.206350425524,158,24,0.629541551330221,83.8252917433867,16.1747082566133
1983,11.7738461407638,2.33573664405093,93.6665400384327,23.498401347723,468.332700192164,159,24,0.649306104849583,83.878300966739,16.121699033261
1983,11.7870260574842,2.33833862612194,95.8907721478684,23.6661113939157,479.453860739342,160,24,0.661967044769663,83.9251867485505,16.0748132514495
1983,11.79798723213,2.3407185682541,98.1150072467442,23.831131844115,490.575036233721,161,24,0.669903882468225,83.9594242798168,16.0405757201832
1983,11.8061626211104,2.34262029729361,100.339734401739,23.9936008076151,501.698672008695,162,24,0.676074144245084,83.9739663312551,16.0260336687449
1983,11.8107215774465,2.34373339702285,102.564736678554,24.1535977693829,512.823683392768,163,24,0.683616267473086,83.9612506992998,16.0387493007002
1983,11.8105756763047,2.34369829568982,104.789002218437,24.3111417572691,523.945011092185,164,24,0.695763685722838,83.9132286597815,16.0867713402185
1983,11.8035955866353,2.34211454813987,107.010653693012,24.4661908582995,535.053268465062,165,24,0.712256371370893,83.8214006081112,16.1785993918888
1983,11.78726487487,2.33856693450287,109.227438863924,24.6186800057379,546.137194319619,166,24,0.731434630733324,83.6768730657231,16.3231269342769
1983,11.7598746954929,2.33266634750943,111.436933143923,24.7685361144529,557.184665719613,167,24,0.754737993073157,83.4705335432188,16.5294664567812
1983,11.707524500082,2.32160830590559,113.636081328642,24.9156480269492,568.180406643208,168,24,0.783805719917319,83.1592918169729,16.8407081830271
1983,11.6219140481541,2.30370504058722,115.818719442687,25.0597063733177,579.093597213437,169,24,0.820555340377898,82.7111732857309,17.2888267142691
1983,11.5119207613212,2.28080013484653,117.976639622686,25.2002849560445,589.883198113429,170,24,0.863901984027325,82.1372427792794,17.8627572207206
1983,11.3881985739504,2.25524890331744,120.103626653841,25.3371053409098,600.518133269204,171,24,0.90759653311148,81.4529842657641,18.5470157342359
1983,11.2630605483658,2.22968783494536,122.19684623475,25.4701145867596,610.984231173748,172,24,0.945150864701644,80.678057118053,19.321942881947
1983,11.1491474749326,2.20680670388722,124.257224438916,25.5994950609821,621.286122194581,173,24,0.96914754402052,79.8357549951344,20.1642450048656
1983,11.0583146456843,2.18913206499153,126.289698728031,25.7256664905541,631.448493640156,174,24,0.972010215308164,78.9519623664046,21.0480376335954
1983,11.0018976175092,2.17885296422423,128.303091983514,25.8492656324564,641.515459917568,175,24,0.955014285914018,78.05367644253,21.94632355747
1983,10.9907551366856,2.17777917915857,130.308237323309,25.9710221154593,651.541186616546,176,24,0.93019723436063,77.1674493881139,22.8325506118861
1983,11.0333795410695,2.18736152993565,132.315729544875,26.091619936262,661.578647724377,177,24,0.905905000363951,76.3177917433845,23.6822082566155
1983,11.1358466117063,2.20857232378758,134.336189676484,26.2117159434371,671.680948382418,178,24,0.889701587165307,75.5254462970536,24.4745537029464
1983,11.302157572776,2.24196031767881,136.379937482304,26.3319221434665,681.899687411521,179,24,0.88869165544255,74.8061964539704,25.1938035460296
1983,11.53448407629,2.2876976478603,138.456667868704,26.4527890085583,692.283339343521,180,24,0.910090117841072,74.1702893515431,25.8297106484569
1983,11.8317270242338,2.34562626073858,140.575062411178,26.5747858707659,702.87531205589,181,24,0.952188508053119,73.6224968009505,26.3775031990495
1983,12.1905926921297,2.4153096741461,142.743919460862,26.6983685007855,713.71959730431,182,24,1.0089874225231,73.1625514792925,26.8374485207075
1983,12.6065221179109,2.49608186973758,144.972572673271,26.8240024557071,724.862863366354,183,24,1.07340127101438,72.7860589030638,27.2139410969362
1983,13.0738377078026,2.58708833650378,147.270854255301,26.952159499015,736.354271276506,184,24,1.1364454986506,72.4856261246434,27.5143738753566
1983,13.5841006754674,2.68732073437685,149.649249975377,27.0833245258422,748.246249876886,185,24,1.17552544602939,72.2519549463466,27.7480450536534
1983,14.1309055047815,2.79566376565461,152.121067700887,27.2181109382155,760.605338504434,186,24,1.18596596604768,72.0746595883785,27.9253404116215
1983,14.7106126814647,2.91089307395968,154.699257929377,27.357081062949,773.496289646887,187,24,1.18574585137507,71.9432901088768,28.0567098911232
1983,15.3193112763055,3.03163908847443,157.392434819834,27.5005359869189,786.962174099171,188,24,1.19377895617425,71.8480573561509,28.1519426438491
1983,15.9527795971157,3.15636980286561,160.20463512332,27.6485163833287,801.023175616599,189,24,1.22961585155841,71.7800527706179,28.2199472293821
1983,16.6019793616956,3.28334874465166,163.135129496731,27.8008076116962,815.675647483654,190,24,1.29082685598015,71.7333676195921,28.2666323804079
1983,17.2542201424248,3.41072181588,166.181856771687,27.9571308236055,830.909283858436,191,24,1.35832340707995,71.7000212479541,28.2999787520459
1983,17.8987740230484,3.53652955485722,169.344025888575,28.1172788213907,846.720129442876,192,24,1.42752889121029,71.6725610310528,28.3274389689472
1983,18.5240373708882,3.65866434761822,172.61960559197,28.2809876607878,863.098027959851,193,24,1.49294144141777,71.6453419935619,28.3546580064381
1983,19.1175834733158,3.77488483308329,176.005335398494,28.447941684676,880.026676992469,194,24,1.5480145149269,71.6133973485649,28.3866026514351
1983,19.6645255475554,3.88282190644869,179.496771426868,28.6177801147775,897.483857134339,195,24,1.57522210086391,71.5723155998653,28.4276844001347
1983,19.3749124975697,3.82652572170808,183.089992241197,28.7901824191567,915.449961205987,196,24,1.55412705224071,71.0696325503087,28.9303674496913
1983,19.7695073275585,3.90571140883757,186.627169516595,28.9576075621979,933.135847582975,197,24,1.54111719853885,71.0023513265308,28.9976486734692
1983,20.0866851121518,3.96937116453613,190.243455066114,29.1265061277534,951.21727533057,198,24,1.53637671110258,70.9138555186158,29.0861444813842
1983,20.3136986438054,4.01432413749009,193.92155120556,29.2960115734973,969.6077560278,199,24,1.55820851327499,70.8026340402138,29.1973659597862
1983,20.430716978522,4.03637237206088,197.637962930765,29.465021950544,988.189814653825,200,24,1.6150043593738,70.6608777577034,29.3391222422966
1983,20.439717546015,4.03640661825765,201.363571530379,29.6322416955639,1006.81785765189,201,24,1.69445080474777,70.4919835889017,29.5080164110983
1983,20.3397557531953,4.01475492742951,205.072145384137,29.7965687649642,1025.36072692068,202,24,1.78312757536275,70.2965082115797,29.7034917884203
1983,20.1315383341691,3.97207598535964,208.739977991321,29.957065799696,1043.6998899566,203,24,1.86463036890147,70.075077591246,29.924922408754
1983,19.8176622325725,3.90937426043283,212.346815283683,30.1129882531045,1061.73407641841,204,24,1.91969182797605,69.8284479556862,30.1715520443138
1983,19.4034903290813,3.82800713635681,215.87680468156,30.2638113539477,1079.3840234078,205,24,1.93328372759901,69.5576109040188,30.4423890959813
1983,18.8995115763512,3.72966628278181,219.318197051124,30.4092032324719,1096.59098525562,206,24,1.91621239594776,69.2639825983962,30.7360174016038
1983,18.3183424429148,3.61630817863327,222.659201041465,30.5488405598189,1113.29600520733,207,24,1.88723952779491,68.9497714863115,31.0502285136885
1983,17.6735861477393,3.4901325878934,225.886816663379,30.6823587500522,1129.4340833169,208,24,1.8646664072442,68.6183628968122,31.3816371031878
1983,16.9796967958108,3.35357864200806,228.987124698218,30.8093642762028,1144.93562349109,209,24,1.86587203185561,68.2747777816089,31.7252222183911
1983,16.2507684461676,3.20931570321243,231.945640940137,30.9294485475795,1159.72820470068,210,24,1.89895888987875,67.9262581494362,32.0737418505638
1983,15.4991631553398,3.06010445516633,234.749098711791,31.0422579692438,1173.74549355896,211,24,1.95498242311368,67.5888437025019,32.4111562974981
1983,14.1235164821942,2.78751957514443,237.388509476789,31.1476112830929,1186.94254738394,212,24,1.99724721486777,66.6709650779578,33.3290349220422
1984,11.1584958967622,2.21518789563689,54.5,19.9420239553624,272.5,141,24,0.399004745435071,85.2275469954868,14.7724530045132
1984,11.1377095555627,2.21110098793096,56.6518716448996,20.177414913252,283.259358224498,142,24,0.410715395785734,84.8632375176815,15.1367624823185
1984,11.1205768157467,2.20747774458934,58.7972369449139,20.4059697406046,293.98618472457,143,24,0.426037355222268,84.5388580556909,15.4611419443091
1984,11.1063404189275,2.20431696169296,60.9361029374422,20.6281171593634,304.680514687211,144,24,0.443148687783369,84.2540333452762,15.7459666547238
1984,11.0942413878275,2.20161599108903,63.0686893803522,20.8442656023102,315.343446901761,145,24,0.459934183614537,84.0080793390245,15.9919206609755
1984,11.0847700878041,2.19941548861679,65.19548704023,21.0548118319086,325.97743520115,146,24,0.477256502609581,83.8014836192816,16.1985163807184
1984,11.077883705182,2.19762358618755,67.3169119616673,21.2601097045703,336.584559808336,147,24,0.496575077208184,83.6300253941073,16.3699746058927
1984,11.0732380351891,2.19627953043126,69.4330794516572,21.4604541253503,347.165397258286,148,24,0.516205676229185,83.4936570714346,16.5063429285654
1984,11.070306729911,2.19538682341594,71.5443725098836,21.6561397205397,357.721862549418,149,24,0.534174678873855,83.3908319819659,16.6091680180341
1984,11.0685345304361,2.19494309794916,73.6514632481168,21.8474631041668,368.257316240584,150,24,0.548257463242414,83.3195182800962,16.6804817199038
1984,11.7167169965772,2.32355878131277,75.7553572746269,22.0347269173769,378.776786373134,151,24,0.563079387903553,83.7266881905758,16.2733118094242
1984,11.7165259426739,2.32363877731704,77.9858938231469,22.2293453792055,389.929469115735,152,24,0.574055245202185,83.6856442215019,16.3143557784981
1984,11.7186153365459,2.32420837880245,80.2141608470733,22.4199296966102,401.070804235367,153,24,0.584162260898745,83.6691864816916,16.3308135183084
1984,11.7229934773524,2.32526331354299,82.4407827580467,22.6067222528489,412.203913790233,154,24,0.593483751412823,83.6755321392917,16.3244678607083
1984,11.7295030122267,2.32676781677529,84.6663683341183,22.7899463660934,423.331841670592,155,24,0.602094027065084,83.700605181118,16.299394818882
1984,11.7395114551166,2.32866752286795,86.8914793373964,22.9698056801788,434.457396686982,156,24,0.616422395349107,83.739486888526,16.260513111474
1984,11.7532433885338,2.33090364189614,89.1156644328497,23.1464100108036,445.578322164248,157,24,0.638992740866321,83.7879954089548,16.2120045910452
1984,11.7685534897108,2.33339207970342,91.3380116616034,23.3198262164024,456.690058308017,158,24,0.663341161196936,83.8415302377685,16.1584697622315
1984,11.7831548661687,2.33601987238847,93.5584719900808,23.4901824816929,467.792359950404,159,24,0.682110972573229,83.8948612103576,16.1051387896423
1984,11.7945142733993,2.33862830047613,95.7780094807328,23.6576745591357,478.890047403664,160,24,0.687205249205086,83.942038089368,16.057961910632
1984,11.8026996718809,2.34101137862881,97.9986999727072,23.8225677455564,489.993499863536,161,24,0.68317578087621,83.9763934024795,16.0236065975205
1984,11.8087897018045,2.34291142302214,100.221721449228,23.9850458807344,501.108607246139,162,24,0.680423273921545,83.990800833236,16.009199166764
1984,11.8112902461974,2.34401945191911,102.446386341079,24.1451485995763,512.231931705393,163,24,0.679198006625653,83.9777878361691,16.0222121638309
1984,11.8084977416468,2.3439761756391,104.671657095181,24.3028887864381,523.358285475905,164,24,0.679940565747504,83.9293261179035,16.0706738820965
1984,11.7984685435941,2.34238040654051,106.896066208175,24.4582489527433,534.480331040877,165,24,0.682978308191935,83.8368744338113,16.1631255661887
1984,11.7804123176788,2.33881708853012,109.117690865431,24.6111816194858,545.588454327156,166,24,0.694049397193208,83.6915111335994,16.3084888664006
1984,11.752972477866,2.33289716106115,111.333301478764,24.7615539428173,556.666507393822,167,24,0.716328634877882,83.4842266634869,16.5157733365131
1984,11.7010468469724,2.3218202891191,113.538761259919,24.9091799665983,567.693806299593,168,24,0.746258838656196,83.1721030413635,16.8278969586365
1984,11.6150993125081,2.30389762471151,115.727623684404,25.0537318878402,578.638118422022,169,24,0.779789937432612,82.7231943620466,17.2768056379534
1984,11.5034092473473,2.2809702707342,117.89234470037,25.1948273136983,589.461723501852,170,24,0.812176648789044,82.148441846078,17.851558153922
1984,11.3766034107135,2.25539049126951,120.027985281345,25.3322687241465,600.139926406726,171,24,0.836334969036539,81.4631223056185,18.5368776943815
1984,11.2481045712069,2.22979331553303,122.133148647734,25.4660905786242,610.665743238669,172,24,0.85193320739814,80.6866652161646,19.3133347838354
1984,11.1325449674649,2.20687180528657,124.209188758867,25.5964957722877,621.045943794336,173,24,0.864270258446423,79.8422803294708,20.1577196705292
1984,11.0437194070602,2.18916126469604,126.259325787962,25.7237914614921,631.296628939811,174,24,0.879113856514506,78.956087293549,21.043912706451
1984,10.9936930627903,2.17885988335465,128.288384560825,25.8483676846979,641.441922804123,175,24,0.902651568210008,78.0556585034291,21.9443414965709
1984,10.9907442983376,2.17777848279305,130.302364282792,25.9706674057712,651.511821413961,176,24,0.930116269878563,77.1682277559429,22.8317722440571
1984,11.0410247707233,2.18735683216332,132.309871704843,26.0912698945202,661.549358524213,177,24,0.954408572275339,76.3185476267364,23.6814523732636
1984,11.149968082125,2.20855030224423,134.322161420453,26.2108864595085,671.610807102263,178,24,0.979199634636304,75.5271903972457,24.4728096027543
1984,11.3208745331805,2.24189015452141,136.350837110902,26.3302194010155,681.754185554508,179,24,1.00849122972525,74.8096462927472,25.1903537072528
1984,11.555224467737,2.28753426034704,138.407358049017,26.4499338451154,692.036790245084,180,24,1.04689865650758,74.1758085192034,25.8241914807965
1984,11.8504366034349,2.34531706214583,140.502551726881,26.5706312859034,702.512758634407,181,24,1.08246757344992,73.6300909191574,26.3699090808426
1984,12.2030008627057,2.41481192377465,142.649114855154,26.6929939379422,713.245574275768,182,24,1.1055952482118,73.1717695082032,26.8282304917968
1984,12.6110908798666,2.49538324431953,144.860955919709,26.817742521926,724.304779598546,183,24,1.12581379059542,72.7960691704964,27.2039308295036
1984,13.0721204152735,2.58620654912982,147.149703539523,26.9454388169771,735.748517697616,184,24,1.15372396810186,72.4955972607896,27.5044027392104
1984,13.5828402752151,2.68628447037957,149.52434026569,27.0764722307936,747.62170132845,185,24,1.20090240228016,72.2613553795438,27.7386446204562
1984,14.1362401268115,2.79445290663582,151.99087455308,27.2110498380061,759.954372765399,186,24,1.25970513622614,72.0835993930062,27.9164006069938
1984,14.7233782225702,2.90941451372726,154.55543268207,27.349371256517,772.777163410351,187,24,1.31410823254788,71.9522936713925,28.0477063286075
1984,15.3370371283162,3.02976586896027,157.225547548566,27.4916964987271,786.127737742831,188,24,1.36322915257526,71.8575865080944,28.1424134919056
1984,15.9693461860203,3.1539797176336,160.007473737936,27.6382008657384,800.03736868968,189,24,1.40620992500105,71.7903386816468,28.2096613183532
1984,16.6116678502925,3.28037904374915,162.906051471332,27.788971963426,814.530257356658,190,24,1.4422949774982,71.7443179743412,28.2556820256588
1984,17.2539672677334,3.40718653590708,165.924532497192,27.9440054914968,829.622662485958,191,24,1.46522122420233,71.7113352710073,28.2886647289927
1984,17.8863391218604,3.53250671255204,169.065402231229,28.1032520852861,845.327011156143,192,24,1.47400065920287,71.6838818786909,28.3161181213091
1984,18.4994182446537,3.65429483981542,172.329350664244,28.2665690053357,861.646753321219,193,24,1.47577725092281,71.6562995500467,28.3437004499533
1984,19.0831987062161,3.77034263987733,175.713754903021,28.4336520727264,878.568774515106,194,24,1.47795451274305,71.6236865502778,28.3763134497222
1984,19.626990323694,3.87827299067559,179.212501453277,28.6040385501422,896.062507266385,195,24,1.48799643628531,71.5817536998488,28.4182463001512
1984,19.3422727220973,3.82218633035065,182.815840557739,28.7771121798718,914.079202788694,196,24,1.4890310924509,71.0782290742546,28.9217709257454
1984,19.7437970278529,3.90142539529948,186.359691604509,28.9450247178007,931.798458022543,197,24,1.51588273934752,71.0103673738099,28.9896326261901
1984,20.0684293781374,3.9650654033979,189.976068100886,29.1140948129326,949.88034050443,198,24,1.55508085371994,70.9215760267918,29.0784239732082
1984,20.3006339832045,4.00991390772444,193.646966063864,29.2834350695163,968.23483031932,199,24,1.61076883210567,70.8103336280133,29.1896663719867
1984,20.4199268403198,4.03180551664091,197.350459358762,29.4520266600584,986.752296793811,200,24,1.68816125909524,70.6687801246533,29.3312198753467
1984,20.4277725970037,4.03166658078224,201.059502188907,29.6186750971549,1005.29751094454,201,24,1.76937434082698,70.5002464331494,29.4997535668506
1984,20.3234167948344,4.00987762233312,204.750945948445,29.7824187269062,1023.75472974222,202,24,1.83701364183138,70.3052100062983,29.6947899937018
1984,20.1118932493987,3.96715745972299,208.404997534251,29.9424896708635,1042.02498767125,203,24,1.89942453858876,70.084200480265,29.915799519735
1984,19.7996245861603,3.90450353987689,212.001228328571,30.0981289661564,1060.00614164286,204,24,1.96634082273636,69.8379884054119,30.1620115945881
1984,19.394396138695,3.82319689447864,215.518575957029,30.2485843165615,1077.59287978515,205,24,2.04902401275279,69.5677207604039,30.4322792395961
1984,18.9016370609058,3.72480580334885,218.935312347045,30.3931060877196,1094.67656173522,206,24,2.12936543911327,69.2751249387927,30.7248750612073
1984,18.328484508106,3.61125213129462,222.234447043231,30.531169339192,1111.17223521616,207,24,2.18345510886263,68.9626301495483,31.0373698504517
1984,17.6875120735415,3.48480375912683,225.405224301893,30.6625212725645,1127.02612150946,208,24,2.21680221290303,68.6336654217656,31.3663345782344
1984,16.9925703861023,3.34798692230134,228.438319879229,30.7869699132185,1142.19159939614,209,24,2.23637042659383,68.2932450574428,31.7067549425572
1984,16.2585559263661,3.20356043616918,231.325802852921,30.9043785004598,1156.6290142646,210,24,2.24944099136088,67.9485404228654,32.0514595771346
1984,15.5016134751366,3.05435247189305,234.061278604891,31.0146678071881,1170.30639302446,211,24,2.27474172109472,67.6154812359498,32.3845187640502
1984,14.1210993495081,2.78207716068635,236.63784642856,31.1177316456814,1183.1892321428,212,24,2.27906065349391,66.7024032954081,33.2975967045919
1985,11.1636182483622,2.21518789563689,54.5,19.9420239553624,272.5,141,24,0.412979262365939,85.2275469954868,14.7724530045132
1985,11.143622074341,2.2111070148615,56.6501012118334,20.1772238304662,283.250506059167,142,24,0.427296949600628,84.8636541553076,15.1363458446924
1985,11.125152060648,2.20749072077316,58.7933327111212,20.4055591280286,293.966663555606,143,24,0.43917085295234,84.5397607703842,15.4602392296158
1985,11.1075337575979,2.20433518760274,60.9304870697543,20.6275410541719,304.652435348771,144,24,0.446425164421215,84.2553076044895,15.7446923955105
1985,11.0910513228542,2.20163511538991,63.062656913724,20.8436614196499,315.31328456862,145,24,0.449792328416446,84.0094211508457,15.9905788491543
1985,11.0771843644325,2.19942986959177,65.1908449681798,21.0543575321104,325.954224840899,146,24,0.45312282313274,83.8024947238388,16.1975052761612
1985,11.0662292912848,2.19762762295325,67.3155795140016,21.2599821839161,336.577897570008,147,24,0.458808743962026,83.6303093519568,16.3696906480432
1985,11.0591470056888,2.19626799786069,69.4369693990262,21.4608184543885,347.184846995131,148,24,0.469388672165053,83.492846670755,16.507153329245
1985,11.056727480355,2.19535652849043,71.5548076141403,21.6570968404379,357.774038070702,149,24,0.487744940870987,83.3887084173706,16.6112915826294
1985,11.0593179757014,2.19489472257224,73.6684683316647,21.848991548144,368.342341658323,150,24,0.515981878405488,83.3161403396308,16.6838596603692
1985,11.7141749218907,2.32349223486047,75.7769739413123,22.0366320531274,378.884869706562,151,24,0.555301942106105,83.7225972531152,16.2774027468848
1985,11.7215950936843,2.32357045357669,78.0085572382348,22.2313027723162,390.042786191174,152,24,0.594454201055951,83.6814638024718,16.3185361975282
1985,11.7301200429468,2.32415049824969,80.2337579068201,22.4215893722028,401.168789534101,153,24,0.630135898724499,83.665664812251,16.334335187749
1985,11.7381532795139,2.32522654184351,82.4534856395898,22.6077777583027,412.267428197949,154,24,0.654832102870629,83.6733090824115,16.3266909175885
1985,11.7448332933545,2.32675798377848,84.6698332150762,22.7902289845735,423.349166075381,155,24,0.664376297691777,83.7000148214521,16.2999851785479
1985,11.750996087454,2.3286840107292,86.885553730064,22.9693309909465,434.42776865032,156,24,0.662993540708268,83.7404697865111,16.2595302134889
1985,11.757431505728,2.33093895193278,89.1027216984698,23.1453912700669,445.513608492349,157,24,0.655492297507556,83.7900856197001,16.2099143802999
1985,11.7647975432526,2.33343328367321,91.3226070732914,23.3186343284236,456.613035366457,158,24,0.646688567618837,83.8439531177889,16.1560468822111
1985,11.773658882235,2.33605350024008,93.5456473137766,23.4892066914084,467.728236568883,159,24,0.641292474174705,83.8968267264847,16.1031732735153
1985,11.7851882073387,2.33864515935414,95.7714498526445,23.6571835586873,478.857249263223,160,24,0.647209610264593,83.9430184968063,16.0569815031937
1985,11.7987175797801,2.34101245008225,97.9982745718421,23.8225364088505,489.991372859211,161,24,0.66606785957532,83.9764554759958,16.0235445240042
1985,11.8116871813478,2.34290599400172,100.223921236863,23.9852054106701,501.119606184314,162,24,0.693199221632834,83.990486995567,16.009513004433
1985,11.8212391537589,2.34401891035784,102.446610304499,24.1451645950115,512.233051522496,163,24,0.72351215680764,83.977756537808,16.022243462192
1985,11.8242453788213,2.34399192828084,104.665007995304,24.3024209572323,523.325039976522,164,24,0.751043819867171,83.9302383610032,16.0697616389967
1985,11.8184804099245,2.34242153875439,106.878346470911,24.4570202917646,534.391732354554,165,24,0.774480989517745,83.8392676194203,16.1607323805798
1985,11.8024262575436,2.33888990867812,109.085674396368,24.6089931464291,545.42837198184,166,24,0.79638749438146,83.6957809924774,16.3042190075226
1985,11.7739356201482,2.33300430539471,111.285223027845,24.7583131243661,556.426115139223,167,24,0.815749092997755,83.490580375903,16.509419624097
1985,11.718682206052,2.32195927215076,113.474996048221,24.9049399245717,567.374980241106,168,24,0.831464115588883,83.1804985053948,16.8195014946052
1985,11.62796783197,2.30406110564745,115.650351323157,25.04866143539,578.251756615785,169,24,0.842435730122852,82.7333931543148,17.2666068456852
1985,11.5118672748052,2.28114645987919,117.805125932398,25.189177504405,589.025629661988,170,24,0.852786949118791,82.1600316738839,17.8399683261161
1985,11.3828090416593,2.25556594487247,119.934347181224,25.3262784275052,599.671735906119,171,24,0.865671388692682,81.4756751161981,18.5243248838019
1985,11.2535666485823,2.22995621564377,122.034897352872,25.4598808180142,610.17448676436,172,24,0.878157525908976,80.6999459772453,19.3000540227547
1985,11.1372220766786,2.20701078496906,124.106799734414,25.5901000285924,620.533998672069,173,24,0.887162436942847,79.8561926076315,20.1438073923685
1985,11.0460699934705,2.18926340589849,126.153310297186,25.7172442853759,630.766551485932,174,24,0.889540512353499,78.9704888337162,21.0295111662838
1985,10.9919712109131,2.17891079792377,128.18077228809,25.841795335278,640.903861440451,175,24,0.889917447870936,78.0701652863048,21.9298347136952
1985,10.9851797414882,2.17776619203478,130.196974539875,25.9643003644578,650.984872699373,176,24,0.895185831620185,77.1821991084335,22.8178008915665
1985,11.0329426650162,2.18727723266308,132.210376188636,26.0853227788994,661.051880943182,177,24,0.905241377427712,76.3313900834067,23.6686099165933
1985,11.1400944776935,2.20840722842172,134.230904158566,26.2054889877149,671.154520792829,178,24,0.920106380470626,75.538539944193,24.461460055807
1985,11.3093499919877,2.24169408394991,136.269444561293,26.3254555546541,681.347222806464,179,24,0.939889918016346,74.8192990747052,25.1807009252948
1985,11.5411734911991,2.28730261809109,138.337400606886,26.4458819153839,691.687003034431,180,24,0.962311228055335,74.1836423317654,25.8163576682346
1985,11.834683850089,2.34507912113207,140.44671965267,26.5674313031786,702.233598263352,181,24,0.986638921040773,73.6359414062708,26.3640585937292
1985,12.1882050905309,2.41460305514546,142.609313313119,26.6907368088546,713.046566565595,182,24,1.01556117789938,73.1756418255232,26.8243581744768
1985,12.5989625885349,2.49522844052822,144.836213679293,26.81635441857,724.181068396464,183,24,1.05198040981022,72.7982896030408,27.2017103969592
1985,13.0632892051211,2.58611637274089,147.13731001444,26.9447510845112,735.686550072201,184,24,1.09934340191815,72.4966179742486,27.5033820257514
1985,13.5746927120553,2.68625726991984,149.521060712729,27.0762922673837,747.605303563643,185,24,1.14873895250108,72.2616023562506,27.7383976437494
1985,14.1258050533942,2.79450427877392,151.996399331667,27.2113495631798,759.981996658334,186,24,1.18997641305295,72.0832197767614,27.9167802232386
1985,14.7106392254099,2.90959316640834,154.572814122494,27.350303260731,772.86407061247,187,24,1.22561932563465,71.9512048288238,28.0487951711762
1985,15.3226121146212,3.03013087763106,157.258072051113,27.4934197310907,786.290360255566,188,24,1.25870023347143,71.8557280007645,28.1442719992355
1985,15.954556454602,3.15459218840506,160.058005252972,27.6408455272203,800.290026264862,189,24,1.29269577480424,71.7877003061755,28.2122996938245
1985,16.5975529685601,3.28128965753219,162.976305132103,27.7926029531999,814.881525660513,190,24,1.32529208825692,71.7409567676295,28.2590432323705
1985,17.2417027984559,3.40843380371922,166.01533017751,27.9486384250034,830.07665088755,191,24,1.35162120101442,71.7073394392694,28.2926605607306
1985,17.8771886052809,3.53410944315396,169.176420958034,28.1088430246547,845.882104790171,192,24,1.37134860983192,71.679366961183,28.320633038817
1985,18.4934157803434,3.65624654580764,172.45900999384,28.2730120306838,862.295049969202,193,24,1.38422402198193,71.6514005599784,28.3485994400216
1985,19.0790508955138,3.77262766599672,175.860450590356,28.4408433160166,879.302252951782,194,24,1.39006013918763,71.6185061274261,28.3814938725739
1985,19.6245410247436,3.88088689557987,179.375858269877,28.6119370473483,896.879291349385,195,24,1.40220971384539,71.5763267662878,28.4236732337122
1985,19.34246813868,3.82503409185971,182.995761394564,28.7856914830947,914.978806972821,196,24,1.41003011582329,71.0725847524184,28.9274152475816
1985,19.7453723098868,3.90456030582042,186.555331999415,28.9542293770497,932.776659997073,197,24,1.43675141056041,71.0045026813405,28.9954973186595
1985,20.0677089359843,3.96847349723104,190.18771374656,29.1239197835526,950.938568732802,198,24,1.45504905687623,70.915463433043,29.084536566957
1985,20.2914519393877,4.01362974685455,193.878320628,29.2940323571838,969.39160314,199,24,1.45334843765805,70.8038450150418,29.1961549849582
1985,20.3979962210329,4.03594861732624,197.611287585019,29.4638167676869,988.056437925095,200,24,1.44259627858799,70.6616101325467,29.3383898674534
1985,20.3958692478685,4.03642661842824,201.364854421916,29.6322989038107,1006.82427210958,201,24,1.44090614761747,70.4919487723891,29.5080512276108
1985,20.2867503638831,4.01541128799827,205.115366518531,29.7984716384169,1025.57683259266,202,24,1.44730327596801,70.2953390549265,29.7046609450735
1985,20.073735756812,3.97354077682658,208.839727344293,29.9614030798852,1044.19863672147,203,24,1.46095391611211,70.0723658320721,29.9276341679279
1985,19.7614038917796,3.91175424513688,212.515655532286,30.120241790368,1062.57827766143,204,24,1.48113932598081,69.8237965295767,30.1762034704233
1985,19.3563080838568,3.83129962763863,216.121959194462,30.2742218589687,1080.60979597231,205,24,1.50981790799925,69.5507088415189,30.4492911584811
1985,18.8664645429542,3.73373192680611,219.638395262561,30.4226498949137,1098.19197631281,206,24,1.5490825173699,69.254690352061,30.745309647939
1985,18.3008750473264,3.62091299284963,223.045934353495,30.5649095667372,1115.22967176747,207,24,1.59815558281085,68.9381009653864,31.0618990346136
1985,17.6700958975465,3.49501090712646,226.327530308829,30.7004865609174,1131.63765154414,208,24,1.65635952052349,68.6044092482333,31.3955907517667
1985,16.9861585101267,3.3584847016735,229.468408299892,30.8289726222794,1147.34204149946,209,24,1.72291749936524,68.2586463216519,31.7413536783481
1985,16.2611590307495,3.21406073883206,232.456376333293,30.9500707482068,1162.28188166647,210,24,1.78600855064124,67.9079759796706,32.0920240203294
1985,15.5083967570945,3.06458129301842,235.284043233374,31.0636769893125,1176.42021616687,211,24,1.83490123600049,67.5682198358871,32.4317801641129
1985,14.1287672618494,2.79158556617232,237.948835575088,31.1698717906381,1189.74417787544,212,24,1.84386754912156,66.6476087152022,33.3523912847978
1986,11.1378189619436,2.21518789563689,54.5,19.9420239553624,272.5,141,24,0.347240204809711,85.2275469954868,14.7724530045132
1986,11.1167407641628,2.21107982312665,56.6580891660609,20.178085937146,283.290445830305,142,24,0.356924641331307,84.8617743646532,15.1382256353468
1986,11.0978928610437,2.20743526655498,58.8100188366212,20.4073138933283,294.050094183106,143,24,0.36619324308928,84.5359027906497,15.4640972093503
1986,11.0813449062451,2.20425136888259,60.9563168060196,20.6301904978671,304.781584030098,144,24,0.375247596046911,84.249446966239,15.750553033761
1986,11.0680077958867,2.20152472337002,63.0974842614969,20.8471490033874,315.487421307485,145,24,0.386510796261762,84.0016748432354,15.9983251567646
1986,11.0583484171383,2.19929707489251,65.2337197058326,21.0585526426435,326.168598529163,146,24,0.400899369005964,83.7931566654981,16.2068433345019
1986,11.0509931023403,2.19747754314534,67.3651314462722,21.2647233218095,336.825657231361,147,24,0.416179705811388,83.6197502149112,16.3802497850888
1986,11.0452275594311,2.1961049047575,69.4919994851885,21.4659710002903,347.459997425943,148,24,0.429778089615936,83.4813832708679,16.5186167291321
1986,11.0401521703756,2.1951819206756,71.6149753884943,21.6626136019332,358.074876942472,149,24,0.438787694531913,83.3764655651492,16.6235344348508
1986,11.0358148477934,2.19470522579724,73.7351118089438,21.8549792008329,368.675559044719,150,24,0.44312092633817,83.3029038390021,16.6970961609979
1986,11.6798101705679,2.32325680570159,75.8534881074749,22.0433724134717,379.267440537375,151,24,0.449315679947301,83.7081191222729,16.2918808777271
1986,11.6780275262431,2.32329676012467,78.0993945495903,22.239144230759,390.496972747951,152,24,0.454073617501968,83.6647110006692,16.3352889993307
1986,11.6799018219428,2.32382522945682,80.3439562350141,22.430916814508,401.71978117507,153,24,0.462130935408108,83.6458653403914,16.3541346596086
1986,11.6862081660264,2.32483962693977,82.5872391035843,22.6188847028229,412.936195517922,154,24,0.476070531247347,83.6499063313531,16.3500936686469
1986,11.6968880281854,2.3263067716939,84.8289468961015,22.8031986676892,424.144734480508,155,24,0.4967658284833,83.6729102239343,16.3270897760657
1986,11.7108377205855,2.32817510092215,87.0685962813419,22.9839837806271,435.34298140671,156,24,0.522227677502594,83.7101148275323,16.2898851724677
1986,11.7270928856243,2.33038515496024,89.3058802988414,23.1613702872037,446.529401494207,157,24,0.550740993558439,83.7572838419785,16.2427161580215
1986,11.7445412074525,2.33285058335421,91.540641363021,23.3354911103611,457.703206815105,158,24,0.580145736466621,83.809668326419,16.190331673581
1986,11.7619288212058,2.33545805521926,93.7729306119725,23.5064861838473,468.864653059863,159,24,0.607779139528486,83.8620018264114,16.1379981735886
1986,11.7771597016328,2.33805037664837,96.0030800870739,23.6745073359551,480.015400435369,160,24,0.628035237014584,83.9084076100885,16.0915923899115
1986,11.7890679491852,2.34042398819204,98.2321228766089,23.8397483180381,491.160614383044,161,24,0.639581945683885,83.9423415834705,16.0576584165295
1986,11.7973995316904,2.34232111180017,100.461124269852,24.002393218449,502.305621349259,162,24,0.646242592953675,83.956654541828,16.043345458172
1986,11.8016377255678,2.34343010389482,102.69033297157,24.1625568078242,513.451664857852,163,24,0.652229796746416,83.943705563336,16.056294436664
1986,11.8010219813874,2.34339061438859,104.919050680143,24.3202806418921,524.595253400713,164,24,0.661943221358228,83.8953930993972,16.1046069006028
1986,11.7937227206982,2.34180186776307,107.145545922264,24.4755324665437,535.727729611319,165,24,0.676357767994339,83.8031894768888,16.1968105231112
1986,11.7771164714973,2.33824877711097,109.367525252906,24.6282435970288,546.837626264531,166,24,0.693432426124885,83.6581979462202,16.3418020537798
1986,11.7491607921557,2.33234226769508,111.582577718848,24.7783412557939,557.91288859424,167,24,0.71300111073108,83.4512940382978,16.5487059617022
1986,11.6956425435482,2.32127790710631,113.787916133562,24.9257315250353,568.939580667809,168,24,0.73490295800927,83.1393094412481,16.8606905587519
1986,11.6079694975344,2.30336880035261,115.977941998271,25.0701410721477,579.889709991354,169,24,0.758957429366975,82.6901678476067,17.3098321523933
1986,11.4944039962396,2.28046000496582,118.145374050067,25.211201441838,590.726870250333,170,24,0.780151820622217,82.1148320348713,17.8851679651287
1986,11.3665300985084,2.25490883454673,120.285586064619,25.3487313940174,601.427930323094,171,24,0.796577178405676,81.4286046796466,18.5713953203534
1986,11.2385926541878,2.22935762903339,122.396650426443,25.4827274663684,611.983252132213,172,24,0.812759720862896,80.6510657245884,19.3489342754115
1986,11.1251015488605,2.2065075337932,124.478583112096,25.6133059910806,622.392915560478,173,24,0.833673660222997,79.8056980098862,20.1943019901138
1986,11.0397307144047,2.18889888559047,126.533306946085,25.740693929914,632.666534730427,174,24,0.864860457487824,78.9188949691673,21.0811050308327
1986,10.9924332577073,2.17873123215851,128.564370706264,25.8652058129606,642.82185353132,175,24,0.900479551360601,78.0184857066447,21.9815142933553
1986,10.9909673804152,2.17781252707705,130.578481043011,25.9873317873785,652.892405215056,176,24,0.932059686355168,77.1316575456528,22.8683424543472
1986,11.043087926703,2.18757931039373,132.585588894373,26.1077339850272,662.927944471864,177,24,0.96217615130057,76.2829963700673,23.7170036299327
1986,11.1541032804055,2.20898259001918,134.596678515456,26.2271075643838,672.983392577282,178,24,0.993834161028778,75.4930881887463,24.5069118112537
1986,11.3271925714626,2.24254809335256,136.623191460247,26.3461457040931,683.115957301234,179,24,1.03043202954991,74.7773861925787,25.2226138074213
1986,11.5625826843179,2.28842726976863,138.676521386261,26.4655104669394,693.382606931307,180,24,1.06817106406984,74.1457069469939,25.8542930530061
1986,11.8584287992925,2.34645364378626,140.768862317756,26.5858825383713,703.844311588781,181,24,1.09973223043292,73.6022225095248,26.3977774904752
1986,12.212377225187,2.41620084471327,142.913497381333,26.7079758318943,714.567486906664,182,24,1.12347754443509,73.1460826547708,26.8539173452292
1986,12.6209241381184,2.49702764027031,145.123559594442,26.8324650898175,725.617797972211,183,24,1.13777168421825,72.7725346870598,27.2274653129402
1986,13.0796137555062,2.58811485029488,147.411800268595,26.9599734526044,737.059001342977,184,24,1.14119548883152,72.4740409727305,27.5259590272695
1986,13.5834480184861,2.68849197977533,149.790354318413,27.0910604324786,748.951771592065,185,24,1.13438692832734,72.2413504262067,27.7586495737933
1986,14.1276909714873,2.79705160988485,152.270219305627,27.2261950865105,761.351096528135,186,24,1.1240279348249,72.0644332975913,27.9355667024087
1986,14.707166795125,2.91254728603224,154.860098124918,27.3656970470831,774.300490624592,187,24,1.11726651666348,71.9332381430921,28.0667618569079
1986,15.3161895354671,3.03359053275769,157.566217348009,27.509733754738,787.831086740047,188,24,1.12111386439107,71.8381531539994,28.1618468460006
1986,15.9485498775182,3.15864512865358,160.392252362493,27.6583243367677,801.961261812463,189,24,1.14285892076214,71.7702856487628,28.2297143512372
1986,16.596867000432,3.28599489212987,163.339167275897,27.8113397697848,816.695836379484,190,24,1.18831623559528,71.7236375637006,28.2763624362994
1986,17.2509399139269,3.41379247110699,166.405276086599,27.9685152827319,832.026380432995,191,24,1.25272038532233,71.6902237795732,28.3097762204268
1986,17.8988727866617,3.54005044647983,169.587795714997,28.1295377263419,847.938978574985,192,24,1.32659415139094,71.6626841973382,28.3373158026618
1986,18.5277212757837,3.66263760466336,172.883450214344,28.2940797082365,864.417251071719,193,24,1.39825150976748,71.635410581144,28.364589418856
1986,19.1236031545416,3.7793004381751,176.288703725302,28.461813039148,881.443518626511,194,24,1.45344068238081,71.6034275368364,28.3965724631636
1986,19.6727887361592,3.88767691476545,179.80008716542,28.6324256325855,899.000435827102,195,24,1.4818445189331,71.5622748049856,28.4377251950144
1986,19.3862151817511,3.83164661469556,183.413443054079,28.8055854765137,917.067215270393,196,24,1.47041776367724,71.0595194753054,28.9404805246946
1986,19.7831127429353,3.91119608767122,186.969406528152,28.9736889493034,934.847032640758,197,24,1.46249082994669,70.9921220931435,29.0078779068565
1986,20.1000204705454,3.97517656371719,190.603899441892,29.143217666782,953.019497209461,198,24,1.44906217078889,70.903477848674,29.096522151326
1986,20.3225214404209,4.02043363148852,194.301863440168,29.3134100889788,971.509317200842,199,24,1.43814671698278,70.7920007170184,29.2079992829816
1986,20.4325390911077,4.04281954188275,198.043765088805,29.4833419860531,990.218825444023,200,24,1.44424208599741,70.6497572105719,29.3502427894281
1986,20.4355390520994,4.04326699998751,201.803573985589,29.6518479366227,1009.01786992794,201,24,1.47090808687119,70.4800644331084,29.5199355668916
1986,20.33133900629,4.02209857487971,205.555667213761,29.817840612541,1027.77833606881,202,24,1.50903627716904,70.283452508897,29.716547491103
1986,20.1213056695427,3.97995169812584,209.276236323386,29.9803663047244,1046.38118161693,203,24,1.54901614285211,70.0605249396541,29.9394750603459
1986,19.8084850909553,3.91778896745077,212.943698458258,30.1386129391437,1064.71849229129,204,24,1.580193166498,69.8120325509907,30.1879674490093
1986,19.4001455688263,3.8369049299209,216.539240593112,30.2919228339111,1082.69620296556,205,24,1.60610116826242,69.5389916666803,30.4610083333197
1986,18.9057200280743,3.7388936809221,220.044824486374,30.4396981491073,1100.22412243187,206,24,1.63502393479295,69.2429293929602,30.7570706070398
1986,18.3340493503672,3.62563821217481,223.442668741525,30.5813739587391,1117.21334370762,207,24,1.66277508534449,68.9261652180628,31.0738347819372
1986,17.6955981244681,3.49933033806843,226.717623501032,30.7165116933114,1133.58811750516,208,24,1.68480352510032,68.5920979260155,31.4079020739845
1986,17.0024043441811,3.36245321000407,229.857564711394,30.8448065953707,1149.28782355697,209,24,1.69638270190175,68.2456460266541,31.7543539733459
1986,16.2694941306888,3.21775421956183,232.853739837437,30.9660934474807,1164.26869918718,210,24,1.70492275243928,67.893800505748,32.106199494252
1986,15.5120991481272,3.06805539578838,235.698933663561,31.0802657206216,1178.4946683178,211,24,1.71793461945721,67.5522802410865,32.4477197589136
1986,14.1300279701065,2.79477072533943,238.387486428757,31.1872729294925,1191.93743214378,212,24,1.70614830662002,66.6293896663129,33.3706103336871
1987,11.1491844685553,2.21518789563689,54.5,19.9420239553624,272.5,141,24,0.374801712494649,85.2275469954868,14.7724530045132
1987,11.1302694288306,2.21109084936653,56.6548499658463,20.1777363539495,283.274249829231,142,24,0.390798697362882,84.862536632934,15.137463367066
1987,11.1138434611496,2.20745955333498,58.8027105696307,20.4065453757606,294.013552848154,143,24,0.407405578254931,84.5375924973036,15.4624075026964
1987,11.0998822356867,2.20429147640327,60.943956223252,20.6289227285995,304.71978111626,144,24,0.424646948536832,84.2522514520536,15.7477485479464
1987,11.0876918935718,2.20158346144459,63.0789513372723,20.8452932977174,315.394756686362,145,24,0.440554044134487,84.0057968209471,15.9942031790529
1987,11.0772086902759,2.19937575191607,65.2083150640076,21.0560671386758,326.041575320038,146,24,0.454130372724551,83.7986895919013,16.2013104080987
1987,11.0685680310893,2.19757529676162,67.3328528402104,21.2616351749986,336.664264201052,147,24,0.467063136423478,83.6266283349024,16.3733716650976
1987,11.0625644149988,2.19622030098018,69.4530594498805,21.462325283261,347.265297249403,148,24,0.481259793253558,83.4894947096755,16.5105052903245
1987,11.0598153567542,2.19531473111444,71.5692067652427,21.6584173876,357.846033826213,149,24,0.498856864337608,83.385778280025,16.614221719975
1987,11.06003667403,2.19485833222079,73.6812625098379,21.8501413471483,368.406312549189,150,24,0.51922009756082,83.3135989862085,16.6864010137915
1987,11.7106538834519,2.32345440658109,75.7892640474607,22.0377150447849,378.946320237303,151,24,0.543649061052387,83.7202714774639,16.2797285225361
1987,11.7134281854143,2.32352850758912,78.0224735274566,22.2325044975393,390.112367637283,152,24,0.564995162679207,83.6788969852972,16.3211030147028
1987,11.7183410204279,2.32409682921738,80.251932379621,22.4231283163681,401.259661898105,153,24,0.585462892984722,83.6623989603635,16.3376010396365
1987,11.725219623198,2.32515490100093,82.4782385451435,22.6098341965437,412.391192725717,154,24,0.604334565014888,83.6689774419336,16.3310225580664
1987,11.7338019384519,2.3266664335271,84.702098329793,22.7928603526025,423.510491648965,155,24,0.621123561877439,83.694517626304,16.305482373696
1987,11.7438645573437,2.32857632083601,86.924262278368,22.9724314521605,434.62131139184,156,24,0.635877740141026,83.7340493533999,16.2659506466001
1987,11.7551099611961,2.33082246224242,89.1454259529912,23.1487521905719,445.727129764956,157,24,0.648524119827733,83.7831892704634,16.2168107295366
1987,11.7671274800458,2.33331659081972,91.3662392214386,23.322009883279,456.831196107193,158,24,0.659096901538611,83.8370907534995,16.1629092465005
1987,11.7793592796003,2.33594439391695,93.587262131135,23.4923726957213,467.936310655675,159,24,0.667593191348543,83.8904490319065,16.1095509680935
1987,11.7918678916083,2.33854881053835,95.8089428351955,23.6599896628453,479.044714175977,160,24,0.677629491214464,83.9374149594834,16.0625850405166
1987,11.8041736106452,2.34092999045027,98.0310177266528,23.8249481216647,490.155088633264,161,24,0.691596699379244,83.9716778390394,16.0283221609606
1987,11.814508854718,2.3428351051374,100.252648084351,23.9872884751138,501.263240421753,162,24,0.707509484572485,83.9863887503677,16.0136112496323
1987,11.820808453653,2.34395501308334,102.473037727565,24.1470518666647,512.365188637823,163,24,0.723165897686202,83.9740634706053,16.0259365293947
1987,11.8207506045993,2.34392936673784,104.691416785865,24.3042789517045,523.457083929326,164,24,0.736182461692779,83.926615201914,16.0733847980859
1987,11.8126042530584,2.34235496713827,106.907026647101,24.4590088626863,534.535133235507,165,24,0.747848856597289,83.8353941862585,16.1646058137415
1987,11.7949607355595,2.33881524056354,109.118503450744,24.6112371576091,545.592517253722,166,24,0.761439775803565,83.691402767217,16.308597232783
1987,11.7658780474761,2.33291889918469,111.323545599557,24.7608964083166,556.617727997783,167,24,0.777218714031462,83.485515882032,16.514484117968
1987,11.7112478065485,2.32186246100861,113.519409433763,24.9078933501767,567.597047168813,168,24,0.795503155180106,83.1746508266227,16.8253491733773
1987,11.6225566206331,2.30395506968952,115.700465262778,25.0519500774108,578.502326313891,169,24,0.81659716417581,82.7267786712729,17.2732213287271
1987,11.5083906578359,2.28103696624441,117.859319478225,25.1926883668659,589.296597391125,170,24,0.836982715528342,82.1528300360357,17.8471699639643
1987,11.3803975886656,2.25545976972351,119.990999343887,25.3299030174304,599.954996719435,171,24,0.855351815531957,81.4680801584294,18.5319198415706
1987,11.2525874785969,2.22985964804205,122.093123302313,25.4635612836584,610.465616511563,172,24,0.875621403772583,80.6920750466567,19.3079249533433
1987,11.1392328850897,2.20693130423872,124.165328358155,25.5937564767302,620.826641790776,173,24,0.902063085697774,79.8482393680054,20.1517606319946
1987,11.0537923804368,2.18920946625114,126.209251501287,25.7206995120903,631.046257506433,174,24,0.939579728899845,78.9628888640127,21.0371111359873
1987,11.0061003216269,2.17888832351221,128.228240408871,25.8446948936715,641.141202044353,175,24,0.981166140980079,78.063765700546,21.936234299454
1987,11.0038756405017,2.17776988691256,130.22900989767,25.9662361361553,651.145049488349,176,24,1.01730047048281,77.1779514692819,22.8220485307181
1987,11.0548433161653,2.18728629084373,132.221721407601,26.0860010707976,661.108607038006,177,24,1.05049720947591,76.3299253317371,23.6700746682629
1987,11.164288434403,2.20838635869108,134.217575923284,26.2047004663022,671.087879616418,178,24,1.08378030211254,75.5401981029802,24.4598018970198
1987,11.3353597947428,2.24159488137869,136.228223363277,26.3230421515545,681.141116816387,179,24,1.12054964363688,74.8241898126853,25.1758101873147
1987,11.5679473535626,2.2870639428525,138.265259409464,26.4417020067313,691.326297047322,180,24,1.15404047100024,74.1917250937588,25.8082749062412
1987,11.8603061590985,2.34463147915976,140.341605981264,26.561404367797,701.708029906321,181,24,1.1769934208843,73.6469633853261,26.3530366146739
1987,12.2107441259213,2.41387916203604,142.47128203937,26.6829057088139,712.356410196852,182,24,1.19265813309557,73.1890817025618,26.8109182974382
1987,12.6165107561007,2.4941722711827,144.667311094572,26.8068741311738,723.336555472858,183,24,1.20476657246644,72.8134613592997,27.1865386407003
1987,13.0739671385348,2.58469172047892,146.94141223824,26.9338751011345,734.707061191198,184,24,1.217218723493,72.5127686819734,27.4872313180266
1987,13.5786963915842,2.68445602637655,149.303788101739,27.0643634355608,746.518940508693,185,24,1.23386394525943,72.2779835308393,27.7220164691607
1987,14.1250091099117,2.79233466617115,151.762978711734,27.198679621382,758.814893558668,186,24,1.25469862411891,72.0992780804798,27.9007219195202
1987,14.7061572362257,2.90706104546157,154.326377005543,27.3370823110062,771.631885027717,187,24,1.27728942182582,71.966661981955,28.033338018045
1987,15.3147100729289,3.02724109737636,157.00050236419,27.4797662098764,785.002511820952,188,24,1.29917657585399,71.870464326302,28.129535673698
1987,15.9425119738057,3.15135509643178,159.790868651305,27.6268578326522,798.954343256525,189,24,1.3175766574594,71.8016649647303,28.1983350352697
1987,16.5814485947644,3.27773359305628,162.701903385404,27.7784145777044,813.509516927022,190,24,1.33481660399894,71.7541000602424,28.2458999397576
1987,17.2233001753401,3.40459637655488,165.735933548927,27.9343766178973,828.679667744636,191,24,1.35570932969046,71.7196478766289,28.2803521233711
1987,17.858377091031,3.53001351101706,168.892667669984,28.0945480262152,844.46333834992,192,24,1.38050574979864,71.6909174343774,28.3090825656226
1987,18.4761907170111,3.65189384566163,172.169815335909,28.2586367454287,860.849076679546,193,24,1.40956206172052,71.6623365956727,28.3376634043273
1987,19.0654709175198,3.76799331811149,175.562907686372,28.4262529502269,877.81453843186,194,24,1.44323213139338,71.6290217762089,28.3709782237911
1987,19.6141814566587,3.87591543000746,179.065143624731,28.5969093171205,895.325718123656,195,24,1.4819742934446,71.5866567792852,28.4133432207147
1987,19.3334477922682,3.81983426000328,182.667218508373,28.7700208813447,913.336092541865,196,24,1.50598743765276,71.0828989580855,28.9171010419145
1987,19.7371785707205,3.89896339852193,186.206011982018,28.9377895412638,931.030059910091,197,24,1.54901158374963,71.0149830697875,28.9850169302125
1987,20.0616083539031,3.96246473698342,189.814545683018,29.1065915185735,949.072728415088,198,24,1.59145541111903,70.9262489656844,29.0737510343156
1987,20.2903206728892,4.0071830935611,193.476921329929,29.2756404752398,967.384606649647,199,24,1.63073272510125,70.8151112536458,29.1848887463542
1987,20.4020827469539,4.02901062804233,197.174486833111,29.444066112001,985.872434165557,200,24,1.66407523860288,70.6736266589134,29.3263733410866
1987,20.4020707600409,4.02894533439972,200.884914661756,29.6108790983849,1004.42457330878,201,24,1.69195213083051,70.5050003471109,29.4949996528891
1987,20.2926459854225,4.00738607696515,204.586842116535,29.7751833665018,1022.93421058267,202,24,1.71613755249913,70.3096648175092,29.6903351824908
1987,20.0776254515465,3.96501477579266,208.259049419599,29.9361338690566,1041.295247098,203,24,1.73861915394169,70.0881830765731,29.9118169234269
1987,19.7622972717491,3.90280517228792,211.880710152557,30.0929430464603,1059.40355076279,204,24,1.76150760257736,69.8413217617143,30.1586782382857
1987,19.3530147661773,3.82202998164666,215.431661923082,30.2448872492622,1077.15830961541,205,24,1.7840796694311,69.5701779962416,30.4298220037584
1987,18.8578556045831,3.72427111383392,218.89318627834,30.3913338360844,1094.4659313917,206,24,1.80670255918861,69.2763529141548,30.7236470858452
1987,18.2869052691569,3.6114150320752,222.248134226858,30.5317391397814,1111.24067113429,207,24,1.8333687086089,68.9622151265169,31.0377848734831
1987,17.6516401400598,3.48563766420695,225.480600796609,30.665628086743,1127.40300398304,208,24,1.86836182289542,68.6312665674778,31.3687334325222
1987,16.9648292017683,3.34939092271566,228.576142863243,30.7925973990428,1142.88071431621,209,24,1.9162805527987,68.2886000072792,31.7113999927208
1987,16.239065355782,3.20538148550116,231.521972125547,30.9123178455013,1157.60986062774,210,24,1.96982768519133,67.9414771523866,32.0585228476134
1987,15.4874869920139,3.0564259987358,234.309296200194,31.024622911396,1171.54648100097,211,24,2.01917441052686,67.605860545477,32.394139454523
1987,14.1107371316969,2.78422314963979,236.933929054502,31.1295248939081,1184.66964527251,212,24,2.03634015811855,66.6899828706331,33.3100171293669
1988,11.1560336229364,2.21518789563689,54.5,19.9420239553624,272.5,141,24,0.392456590149901,85.2275469954868,14.7724530045132
1988,11.1363373183019,2.21109820612999,56.6526888211915,20.1775031096599,283.263444105957,142,24,0.406981274507152,84.8630452117724,15.1369547882276
1988,11.1188823066676,2.20747345874509,58.7985264951101,20.4061053598468,293.99263247555,143,24,0.421265112957781,84.5385598961037,15.4614401038963
1988,11.1035014629228,2.20431077912263,60.9380080287679,20.6283125852276,304.690040143839,144,24,0.434835316436631,84.2536010795799,15.7463989204201
1988,11.0900206255057,2.20160648101778,63.0716893450233,20.8445660492562,315.358446725116,145,24,0.447154828149395,84.0074120625473,15.9925879374527
1988,11.0788664231936,2.19940089284394,65.2001987053551,21.0552729194303,326.000993526776,146,24,0.458816111396563,83.8004573732481,16.199542626752
1988,11.0698996552309,2.19760171675841,67.3241309384403,21.260800559389,336.620654692202,147,24,0.470822503501921,83.6284869809039,16.3715130190961
1988,11.0633162089939,2.19624759398337,69.4438520726724,21.4614630446791,347.219260363362,148,24,0.483217211889424,83.4914128151467,16.5085871848533
1988,11.0591205175185,2.19534215688245,71.5597583531971,21.6575508939564,357.798791765985,149,24,0.495994962315317,83.3877009573545,16.6122990426455
1988,11.057299065198,2.19488397265013,73.6722476176635,21.8493312029867,368.361238088317,150,24,0.509172288276393,83.3153896357746,16.6846103642254
1988,11.7058884137577,2.32347765292291,75.7817113136671,22.0370495200611,378.908556568336,151,24,0.526862843113857,83.7217007442433,16.2782992557567
1988,11.7073264868791,2.32354402524678,78.0173250572953,22.2320599247049,390.086625286476,152,24,0.543032734912764,83.6798465929021,16.3201534070979
1988,11.7115386817672,2.32410266455794,80.2499561450248,22.4229609882262,401.249780725124,153,24,0.560384221325953,83.6627540706829,16.3372459293171
1988,11.718453036615,2.32515004197299,82.479917616735,22.6099736759831,412.399588083675,154,24,0.578812088829788,83.6686836229646,16.3313163770354
1988,11.72784850184,2.32665102830926,84.7075285408032,22.7933031425209,423.537642704016,155,24,0.598236577156564,83.6935924955816,16.3064075044184
1988,11.7389061741572,2.3285517971314,86.9330790570362,22.9731375202743,434.665395285181,156,24,0.616574432212392,83.7325870378787,16.2674129621213
1988,11.7511353849019,2.33079059373376,89.1571114548015,23.1496716701982,445.785557274007,157,24,0.632984484517373,83.781302294609,16.218697705391
1988,11.7646171232515,2.33327916230069,91.3802373423418,23.3230925950052,456.901186711709,158,24,0.649486615452393,83.8348893126285,16.1651106873715
1988,11.7792809133762,2.33590398126,93.6026797072876,23.4935453969256,468.013398536438,159,24,0.668216245374711,83.8880863614501,16.1119136385499
1988,11.7948716435076,2.33850956109007,95.8242194702561,23.6611327994621,479.12109735128,160,24,0.691671927988114,83.9351319158095,16.0648680841905
1988,11.8096940931915,2.34089708567453,98.0440858950733,23.8259105071429,490.220429475366,161,24,0.717141987282794,83.9697711249321,16.0302288750679
1988,11.8216691967553,2.34281274488922,100.261710594249,23.9879455368525,501.308552971246,162,24,0.741029067358608,83.9850959218079,16.0149040781921
1988,11.8295178348426,2.34394585020213,102.476827850469,24.1473225043436,512.384139252345,163,24,0.764542255310987,83.9735338413641,16.0264661586359
1988,11.8317384891073,2.34393586548514,104.688673263144,24.3040859459528,523.443366315719,164,24,0.789212033705741,83.9269915908654,16.0730084091346
1988,11.8265848107886,2.34238085038557,106.895874987609,24.4582356945432,534.479374938046,165,24,0.816591350597409,83.8369002591451,16.1630997408549
1988,11.8110332472396,2.33886551110772,109.096400305273,24.6097263615425,545.482001526367,166,24,0.841960676861816,83.6943505065752,16.3056494934248
1988,11.7824670081511,2.33299687930144,111.288554743979,24.7585377364266,556.442773719897,167,24,0.86161566590042,83.4901400594856,16.5098599405144
1988,11.7274200558732,2.32196828866888,113.470860401819,24.9046648690944,567.354302009097,168,24,0.879090327698223,83.1810430518346,16.8189569481654
1988,11.6380500541259,2.30408631892255,115.638438446916,25.0478795270475,578.192192234582,169,24,0.898325789975506,82.7349656274012,17.2650343725988
1988,11.5243215277935,2.28118905236735,117.784052881023,25.1878120086335,588.920264405115,170,24,0.92356011022456,82.1628322613094,17.8371677386906
1988,11.3977684774855,2.25562732687575,119.901613029859,25.3241835614504,599.508065149293,171,24,0.953336108872616,81.4800640543752,18.5199359456248
1988,11.2708806115414,2.23003467666143,121.987626665385,25.4568919348566,609.938133326923,172,24,0.982839989046452,80.7063369481044,19.2936630518956
1988,11.1571338386954,2.20709880828202,124.042062409249,25.5860543052659,620.210312046243,173,24,1.01121572791379,79.8649912842873,20.1350087157127
1988,11.0692096792473,2.18934608493715,126.067755097164,25.7119578744683,630.338775485818,174,24,1.03758831317458,78.9821151120114,21.0178848879886
1988,11.0180842904893,2.17896341383425,128.07025028964,25.8350412719692,640.351251448199,175,24,1.06105003413864,78.0850707362414,21.9149292637586
1988,11.0133594124706,2.17775052112347,130.057469181975,25.9558667272801,650.287345909876,176,24,1.08498927167905,77.2007041963124,22.7992958036876
1988,11.0623693643844,2.1871406409314,132.038573827631,26.0750463403573,660.192869138154,177,24,1.11000387532721,76.3535823445185,23.6464176554815
1988,11.1691395799686,2.2080841214426,134.024071145851,26.1932462367627,670.120355729255,178,24,1.13006999404889,75.564287544378,24.435712455622
1988,11.3355241418883,2.24111029890275,136.026474726813,26.3112229015014,680.132373634063,179,24,1.13879770856597,74.8481468373042,25.1518531626958
1988,11.56146054462,2.28638576455164,138.059942716667,26.4297974967312,690.299713583336,180,24,1.12992227439423,74.2147534997264,25.7852465002736
1988,11.847889994767,2.34377353584152,140.139868288175,26.5498284514607,700.699341440875,181,24,1.11682039945329,73.668144285591,26.331855714409
1988,12.1946194874701,2.41287273907882,142.279150813138,26.6719964810349,711.395754065688,182,24,1.11293737400039,73.2078169581487,26.7921830418513
1988,12.5976595894571,2.49305187548898,144.487954888714,26.7967986461838,722.439774443568,183,24,1.11242577171676,72.8295988955413,27.1704011044587
1988,13.0519969763349,2.58349570295749,146.776809345365,26.9247287521884,733.884046726827,184,24,1.10950060820973,72.5263638237754,27.4736361762246
1988,13.5517268308461,2.68323495525792,149.156388856889,27.0562639435567,745.781944284443,185,24,1.09853456882777,72.2891177558778,27.7108822441222
1988,14.0934094729758,2.79116724793941,151.637302920786,27.1918523834726,758.186514603932,186,24,1.09326894558515,72.1079406777866,27.8920593222134
1988,14.6730243850739,2.90603753477341,154.226713930251,27.3317313706978,771.133569651255,187,24,1.10627846982584,71.9729249441601,28.0270750558399
1988,15.2824423237252,3.02643309510832,156.928454319137,27.4759442183661,784.642271595686,188,24,1.13058599948743,71.8745939341394,28.1254060658606
1988,15.9126958494603,3.1508129717625,159.746115482332,27.6245128924044,798.730577411659,189,24,1.15910348289726,71.8040085092831,28.1959914907169
1988,16.5538404935509,3.27748741051707,162.682901650891,27.7774314457685,813.414508254456,190,24,1.18406548628557,71.7550116851233,28.2449883148767
1988,17.1979255276178,3.40467376691075,165.74156945504,27.9346644683843,828.707847275199,191,24,1.21129606855979,71.7193992214233,28.2806007785767
1988,17.8365051247076,3.53043840825919,168.922108452136,28.0960319796657,844.610542260679,192,24,1.24770037468604,71.6897173695161,28.3102826304839
1988,18.4575172083398,3.65267054649671,172.221427027711,28.2612034919658,861.107135138554,193,24,1.28583203268524,71.6603824188746,28.3396175811254
1988,19.0479908093634,3.76912385872817,175.635501405204,28.429814257008,878.177507026019,194,24,1.31731241950707,71.6264532133057,28.3735467866943
1988,19.59412775528,3.87742309744017,179.159381753239,28.6014690680705,895.796908766197,195,24,1.33312529429602,71.5835203290701,28.4164796709299
1988,19.3090173734711,3.8217323543726,182.787156164533,28.7757438561332,913.935780822667,196,24,1.319700406636,71.0791298475662,28.9208701524338
1988,19.7074273357703,3.90140216037132,186.358241339536,28.9449564593326,931.79120669768,197,24,1.32003947199614,71.0104109006022,28.9895890993978
1988,20.027528947734,3.96555563386155,190.006513558471,29.1155086153178,950.032567792357,198,24,1.3215478615805,70.9206959950743,29.0793040049256
1988,20.2539382971673,4.01102127716372,193.715915995297,29.2865942711198,968.579579976487,199,24,1.32695770650371,70.8083984496509,29.1916015503491
1988,20.3663755430378,4.0336531375071,197.466780559339,29.4572860187993,987.333902796697,200,24,1.33904021919238,70.6655805315492,29.3344194684508
1988,20.3716435421471,4.03439988049692,201.234846921738,29.6265001605749,1006.17423460869,201,24,1.36770212748091,70.4954789808353,29.5045210191647
1988,20.2715089092332,4.01358735788119,204.995258903867,29.7931830345705,1024.97629451933,202,24,1.41462067394002,70.2985890725385,29.7014109274615
1988,20.0667986980802,3.9718297121529,208.723206762494,29.9563364148352,1043.61603381247,203,24,1.46964768842772,70.0755337464145,29.9244662535855
1988,19.7600282104121,3.91006905368395,212.396106762248,30.1151062771214,1061.98053381124,204,24,1.52122736059644,69.8270893569367,30.1729106430633
1988,19.3555459607812,3.82958399658299,215.994220055212,30.2687984342988,1079.97110027606,205,24,1.556169114459,69.5543035170388,30.4456964829612
1988,18.8611778483029,3.73199165225655,219.501344474956,30.4168961469613,1097.50672237478,206,24,1.57008628868019,69.2586647315182,30.7413352684818
1988,18.2884682047799,3.61921981453788,222.903745979118,30.5590038113181,1114.51872989559,207,24,1.57221404111443,68.9423877077279,31.0576122922721
1988,17.6496951086498,3.49346817772866,226.188175009983,30.6947571413041,1130.94087504992,208,24,1.56895531721545,68.6088162997317,31.3911837002683
1988,16.9583522736802,3.35720181940664,229.342578100603,30.8238488466686,1146.71289050301,209,24,1.5667928116522,68.2628581173577,31.7371418826423
1988,16.2290129499585,3.21313098230978,232.356322650077,30.9460333231293,1161.78161325039,210,24,1.5722070869404,67.9115519496039,32.0884480503961
1988,15.476261494387,3.06404861426776,235.220410568023,31.0611309359754,1176.10205284011,211,24,1.58999402008625,67.5706688302296,32.4293311697704
1988,14.1008943090283,2.79143297332183,237.927814564181,31.1690373326808,1189.63907282091,212,24,1.59562054459397,66.6484832485219,33.3515167514781
1989,11.1627306994766,2.21518789563689,54.5,19.9420239553624,272.5,141,24,0.410523316519967,85.2275469954868,14.7724530045132
1989,11.1432261727457,2.21110594702134,56.6504148912255,20.1772576861766,283.252074456127,142,24,0.426176793164342,84.8635803366492,15.1364196633509
1989,11.1259786692451,2.2074891967665,58.7937912403687,20.4056073530404,293.968956201844,143,24,0.44165142268446,84.5396547511889,15.4603452488111
1989,11.1112794548018,2.20433477303415,60.9306148048173,20.6275541583166,304.653074024086,144,24,0.457869370990378,84.2552786206859,15.7447213793141
1989,11.0987040249138,2.20163959184561,63.0612449462623,20.8435199980054,315.306224731312,145,24,0.473599143269055,84.0097352213502,15.9902647786499
1989,11.088136753834,2.19944425354602,65.1862021867081,21.0539031403319,325.93101093354,146,24,0.487722968811945,83.8035059993635,16.1964940006365
1989,11.0795235693452,2.19765601891329,67.306207214431,21.2590851670645,336.531036072155,147,24,0.501503130310452,83.6323067188465,16.3676932811535
1989,11.0734758930514,2.19631321930615,69.4217171563,21.4593898613222,347.1085857815,148,24,0.516376738001915,83.4960242620481,16.5039757379519
1989,11.0704265533174,2.19541977508894,71.5330236847526,21.6550986826441,357.665118423763,149,24,0.533939681620873,83.3931415726615,16.6068584273385
1989,11.0706102574493,2.19497518541684,73.6401855157858,21.8464493079791,368.200927578929,150,24,0.555353054266018,83.3217586230566,16.6782413769434
1989,11.7223750263291,2.32359659637458,75.7430757171686,22.0336443414535,378.715378585843,151,24,0.583076823984987,83.7290125831578,16.2709874168422
1989,11.7255749554402,2.32368445662074,77.9707445693329,22.2280367478456,389.853722846664,152,24,0.607326939311227,83.6884387558411,16.3115612441589
1989,11.7302170089698,2.32426744170583,80.1941673202912,22.4182361529496,400.970836601456,153,24,0.627899044187477,83.6727795973489,16.3272204026511
1989,11.7354912752525,2.32533980749195,82.4143626084522,22.6045265916225,412.071813042261,154,24,0.641169573040174,83.6801560207302,16.3198439792698
1989,11.7417448217108,2.3268627810239,84.6329111837393,22.7872169660418,423.164555918696,155,24,0.648948363098596,83.7063060152781,16.2936939847219
1989,11.7497690913635,2.32877989310395,86.8511005535899,22.9665705648498,434.25550276795,156,24,0.655572171123536,83.7461849305287,16.2538150694713
1989,11.7592151188393,2.33102958160556,89.0695084162693,23.1427765341352,445.347542081347,157,24,0.660869569785418,83.7954497651612,16.2045502348388
1989,11.7696004302625,2.33352406029111,91.2886761714555,23.3160085231626,456.443380857278,158,24,0.664665903282912,83.8492901865522,16.1507098134478
1989,11.7803228671564,2.33614939603371,93.509082803746,23.486424098019,467.54541401873,159,24,0.666842852953253,83.9024309414651,16.0975690585349
1989,11.7914391513244,2.33874885685926,95.7311096166189,23.6541635010489,478.655548083094,160,24,0.671014796002631,83.9490480996906,16.0509519003094
1989,11.8028726675509,2.34112291142014,97.9544254078928,23.8193057977686,489.772127039464,161,24,0.681236353173598,83.9828541550833,16.0171458449167
1989,11.8133446386789,2.34301966183136,100.177871724931,23.9818653627797,500.889358624654,162,24,0.697730884895923,83.9970570607562,16.0029429392438
1989,11.8212888447855,2.34413166455466,102.399988682027,24.1418343598102,511.999943410134,163,24,0.720864263210734,83.9842721161221,16.0157278838779
1989,11.8248932269693,2.34410111710801,104.6189289617,24.2991782772378,523.094644808499,164,24,0.751236986425678,83.9365606548494,16.0634393451506
1989,11.8209880564947,2.34252830655366,106.832361737621,24.4538311143676,534.161808688104,165,24,0.783957299092402,83.8454786115754,16.1545213884246
1989,11.8066976155885,2.33899769240324,109.038299639353,24.6057540422326,545.191498196764,166,24,0.815217355211764,83.7020996104257,16.2979003895743
1989,11.7805397881867,2.33311640273984,111.234940779598,24.7549227106729,556.17470389799,167,24,0.847479355588892,83.4972259926875,16.5027740073125
1989,11.7288622724028,2.32207986711899,113.419693488809,24.9012612583372,567.098467444046,168,24,0.883729936869428,83.1877806588788,16.8122193411212
1989,11.6435855817031,2.30419598474385,115.586637525313,25.0444788914103,577.933187626564,169,24,0.927368117298872,82.7418037061373,17.2581962938627
1989,11.532576287524,2.28130328608755,117.727556646364,25.1841503140207,588.637783231822,170,24,0.970628564456759,82.1703412312614,17.8296587687386
1989,11.4062586148464,2.25574788002068,119.837361234802,25.3200705220374,599.186806174009,171,24,1.00379047397345,81.4886798888757,18.5113201111243
1989,11.2783851603214,2.23015534877468,121.914990881912,25.4522976658603,609.574954409562,172,24,1.02862811758307,80.7161589469197,19.2838410530803
1989,11.1629697998167,2.20720812963554,123.961780737683,25.5810351020137,619.808903688413,173,24,1.0473427791799,79.8759052143406,20.1240947856594
1989,11.0732225258306,2.18942973662152,125.981428109236,25.7066212402019,629.907140546182,174,24,1.06262926679073,78.9938500187542,21.0061499812458
1989,11.0208657569413,2.17900680643849,127.979732593352,25.8295066565144,639.898662966761,175,24,1.07915968827474,78.0972835650281,21.9027164349719
1989,11.0149855997573,2.17774039293843,129.963902613945,25.9502067340841,649.819513069724,176,24,1.0968542579001,77.2131226776886,22.7868773223114
1989,11.0621369601752,2.18706510700624,131.94297803972,26.0693241976324,659.714890198601,177,24,1.11047516904566,76.365939946549,23.634060053451
1989,11.1664482529187,2.20793514591224,133.928354843938,26.1875761904351,669.641774219692,178,24,1.11474802846027,75.5762140873025,24.4237859126975
1989,11.3298623032527,2.24088704592661,135.933306143376,26.3057605853628,679.66653071688,179,24,1.10439717135556,74.8592217148429,25.1407782851571
1989,11.5540258034895,2.28609757511904,137.972544254521,26.4247262839879,689.862721272606,180,24,1.08622112795298,74.224567181595,25.775432818405
1989,11.8399909639928,2.34343322552786,140.05974545097,26.5452276982001,700.298727254848,181,24,1.07332967586419,73.6765664802834,26.3234335197166
1989,12.1863339702137,2.41249080502372,142.206168106364,26.6678498257276,711.030840531819,182,24,1.06968628018663,73.2149421845221,26.7850578154779
1989,12.590577666976,2.49264008234346,144.421986412375,26.7930906191312,722.109932061877,183,24,1.07928643677021,72.8355413441251,27.1644586558749
1989,13.049412167049,2.58305462688447,146.716072654413,26.9213520425425,733.580363272063,184,24,1.10684740667647,72.5313859513176,27.4686140486824
1989,13.5577874797747,2.68273229717991,149.095685731419,27.0529267247456,745.478428657094,185,24,1.15184107386845,72.2937081141664,27.7062918858336
1989,14.1090606234234,2.79051601072952,151.56717177304,27.1880408498259,757.835858865201,186,24,1.20904422878894,72.1127797663179,27.8872202336821
1989,14.6963239972407,2.90511218429164,154.136583957442,27.3268901898705,770.682919787212,187,24,1.27616396010115,71.9785947199988,28.0214052800012
1989,15.3119150505985,3.02509424426312,156.809042731384,27.4696070001885,784.045213656919,188,24,1.35042374104252,71.8814455595249,28.1185544404751
1989,15.9474062689113,3.14890628173524,159.588681019884,27.6162601288842,797.943405099418,189,24,1.42825902412251,71.8122619980996,28.1877380019004
1989,16.5909839949674,3.27484170060175,162.478648454148,27.7668585193796,812.39324227074,190,24,1.4881145154088,71.7648230492251,28.2351769507749
1989,17.231813955523,3.40113807156845,165.484032076335,27.9215039300684,827.420160381673,191,24,1.51726366746882,71.7307774582784,28.2692225417216
1989,17.8623490315735,3.5259389812495,168.610285004784,28.0803054498505,843.051425023919,192,24,1.5293843472604,71.7024473472499,28.2975526527501
1989,18.474491627797,3.64721145869243,171.858602193708,28.2431481532093,859.29301096854,193,24,1.5396256270896,71.6741427701853,28.3258572298147
1989,19.0595692955902,3.76274011874657,175.225518012624,28.409687785252,876.127590063122,194,24,1.5637735632903,71.6409849001856,28.3590150998144
1989,19.6047085849862,3.87011759142273,178.702666917858,28.5793551263718,893.51333458929,195,24,1.59697759620569,71.5987485829585,28.4012514170415
1989,19.3196972232114,3.81370865591355,182.28007479845,28.7515299470637,911.40037399225,196,24,1.60808568814831,71.0950952174444,28.9049047825557
1989,19.7196893431383,3.8923954306879,185.795954659062,28.9184638132816,928.979773295311,197,24,1.64224689576266,71.0273317683628,28.9726682316372
1989,20.0426367847279,3.95551172313067,189.382627102321,29.086505470491,946.913135511606,198,24,1.68851413909421,70.9387786611066,29.0612213388934
1989,20.2736361600491,3.99988038584553,193.02210801775,29.2547690279679,965.110540088752,199,24,1.75523713142472,70.8279254618029,29.1720745381971
1989,20.3906350650596,4.02134533704728,196.691776123869,29.4222040597213,983.458880619346,200,24,1.83776361199471,70.6869593170397,29.3130406829603
1989,20.3959331237846,4.02085163606405,200.36555042689,29.5876595506179,1001.82775213445,201,24,1.9208213667598,70.5191841070618,29.4808158929382
1989,20.2904570020714,3.99879503972099,204.020890767943,29.7501994208223,1020.10445383971,202,24,1.99686521979663,70.3250751587632,29.6749248412367
1989,20.0767896075489,3.95588395394048,207.636978047503,29.9090088092561,1038.18489023752,203,24,2.05741414306844,70.1052116196789,29.8947883803211
1989,19.7592332857894,3.8931474882844,211.195233290081,30.0634076804838,1055.9761664504,204,24,2.09331869264105,69.8603430742424,30.1396569257577
1989,19.3445904021785,3.81193792840725,214.679794552628,30.2128615470751,1073.39897276314,205,24,2.10150776795019,69.5915063964154,30.4084936035846
1989,18.8426124206659,3.71391197008797,218.076799366069,30.3569412449886,1090.38399683034,206,24,2.09078383600107,69.3002318452067,30.6997681547933
1989,18.264266351831,3.60099793306518,221.372597875115,30.4952409941044,1106.86298937558,207,24,2.06955688898569,68.9888532943496,31.0111467056504
1989,17.6218071193752,3.47539087134826,224.554073565271,30.6273887961331,1122.77036782636,208,24,2.04645095535332,68.6608511252242,31.3391488747758
1989,16.9286273595042,3.33954096964136,227.608856597799,30.7530518117916,1138.044282989,209,24,2.02964932786828,68.3213045919341,31.6786954080659
1989,16.1999784277346,3.19613636869559,230.525637676764,30.8719455945968,1152.62818838382,210,24,2.03489056709558,67.9774599074082,32.0225400925918
1989,15.4499575104377,3.04793354996827,233.293026535442,30.9837844322344,1166.46513267721,211,24,2.06666399498216,67.6453942547837,32.3546057452163
1989,14.0779915634557,2.77674437802359,235.901569756248,31.0883604045745,1179.50784878124,212,24,2.08586823418167,66.7334048004983,33.2665951995017
