"year","assimilated_weight","ingested_weight","Weight","Length","Energy","JulianDay","feeding_hours","Metabolism","percentage_partic","percentage_filters"
1980,8.72968175221015,1.73218849559132,54.5,19.9420239553624,272.5,141,24,0.413916972411965,84.119359537163,15.880640462837
1980,8.71622818132881,1.72921596381613,56.1631263705938,20.1245058583769,280.815631852969,142,24,0.429335817028435,83.9122395886773,16.0877604113227
1980,8.70120300042508,1.72594158907143,57.8204730086215,20.3026444324346,289.102365043107,143,24,0.444819957773559,83.7544158231389,16.2455841768611
1980,8.68474148053603,1.72238588508259,59.4717117199011,20.4766216214242,297.358558599505,144,24,0.460483198868655,83.6450706316599,16.35492936834
1980,8.66672408638658,1.71856507164897,61.1165185126019,20.6466054783866,305.582592563009,145,24,0.475496139930288,83.5831354577952,16.4168645422048
1980,8.64696278024208,1.71448892574195,62.7547112710314,20.8127654144657,313.773556355157,146,24,0.488764615041367,83.5684688302636,16.4315311697364
1980,8.62549386414364,1.7101784305031,64.3862890016111,20.9752760822455,321.931445008055,147,24,0.499824593822684,83.5969515153296,16.4030484846704
1980,8.60231028930169,1.70564346821732,66.0113506663543,21.1343091950619,330.056753331772,148,24,0.508257495216778,83.667766303746,16.332233696254
1980,8.57742800061582,1.7008988518594,67.6300774153214,21.2900322426872,338.150387076607,149,24,0.513654370197037,83.7787999053811,16.2212000946189
1980,8.55146906489793,1.6959626716907,69.2427352510224,21.442609249367,346.213676255112,150,24,0.518316248874658,83.9274705956253,16.0725294043747
1980,9.01423913291854,1.78788831061155,70.8492542484298,21.5921623478462,354.246271242149,151,24,0.527890024376441,84.5236679784635,15.4763320215365
1980,8.98608134231421,1.78239888108489,72.5463960944556,21.7476060845326,362.731980472278,152,24,0.535680484978803,84.7150230140584,15.2849769859416
1980,8.95756414873342,1.7768134980712,74.2363288264662,21.8998911471009,371.181644132331,153,24,0.543869749167072,84.9350466663001,15.0649533336999
1980,8.92883248611633,1.77118642869358,75.9188985056512,22.0491308537851,379.594492528256,154,24,0.551889730052954,85.1809193617086,14.8190806382914
1980,8.90073038827312,1.76556368757421,77.5940936071874,22.1954435442013,387.970468035937,155,24,0.562640642191739,85.4473997442932,14.5526002557068
1980,8.87384932201133,1.75999839680303,79.261491169655,22.3389049878543,396.307455848275,156,24,0.577899107555328,85.7283193679463,14.2716806320537
1980,8.84799185810333,1.75456578655572,80.9204309992942,22.4795661929228,404.602154996471,157,24,0.595152783014001,86.0178357547174,13.9821642452826
1980,8.82304081914855,1.7493547936869,82.5707156836592,22.6175132700562,412.853578418296,158,24,0.611630231100741,86.3093258114667,13.6906741885333
1980,8.79896203935038,1.74446855696727,84.2126784479856,22.7528705919925,421.063392239928,159,24,0.624281115804731,86.595344925156,13.404655074844
1980,8.77644232404435,1.74002379594726,85.8472555185195,22.8858041496914,429.236277592598,160,24,0.633364669992228,86.8675997833746,13.1324002166254
1980,8.7566576832899,1.73614874002274,87.4754683762314,23.016477676363,437.377341881157,161,24,0.641613953176115,87.117016255704,12.882983744296
1980,8.74034799309825,1.73297903213781,89.0980268132114,23.1450217035862,445.490134066057,162,24,0.64931460170401,87.3338086650985,12.6661913349015
1980,8.72826140346866,1.73064951413282,90.7157311820066,23.2715670451434,453.578655910033,163,24,0.65684290034613,87.5074784061776,12.4925215938224
1980,8.72114061825074,1.72929330535734,92.3294559007238,23.396243614365,461.647279503619,164,24,0.664615250283496,87.6269784176411,12.3730215823589
1980,8.7202446223328,1.72902538867223,93.9401403185823,23.5191798797573,469.700701592911,165,24,0.676599879366355,87.68085269047,12.31914730953
1980,8.72620171256663,1.72993884129358,95.5481815825883,23.6404575163317,477.740907912942,166,24,0.693975188753604,87.6575825876229,12.3424174123771
1980,8.7386303631942,1.73209926212146,97.153866466844,23.7601461888104,485.76933233422,167,24,0.71274854393295,87.5458573813914,12.4541426186086
1980,8.77048094891443,1.7382182829529,98.7582036035499,23.8783652490134,493.791018017749,168,24,0.728401359299276,87.3708368387108,12.6291631612892
1980,8.83188396031311,1.75044605770592,100.365694997339,23.9954817870223,501.828474986695,169,24,0.736210584417332,87.1641713176586,12.8358286823414
1980,8.9181329781968,1.76778590250286,101.983812703283,24.1120595149643,509.919063516417,170,24,0.73814752937639,86.923797069281,13.076202930719
1980,9.0242738409891,1.7890759612171,103.61869228308,24.2285428505913,518.093461415399,171,24,0.739993434172979,86.6473520834476,13.3526479165524
1980,9.14438917935059,1.81311781609451,105.274321192107,24.3452063585685,526.371605960536,172,24,0.742595024437535,86.3328274730587,13.6671725269413
1980,9.27289789550555,1.83877827635998,106.953333034441,24.4622187812943,534.766665172206,173,24,0.746781294325279,85.9788944838883,14.0211055161117
1980,9.40492221799791,1.86506272955442,108.657078331776,24.5796534299615,543.285391658879,174,24,0.753359919089637,85.5851597093421,14.4148402906579
1980,9.53669064687731,1.89115533175049,110.38576943892,24.6975030560198,551.928847194601,175,24,0.764352643083217,85.1522514230478,14.8477485769522
1980,9.6652695939307,1.91643689729447,112.138458986123,24.8156827279202,560.692294930614,176,24,0.780906683765461,84.681842959839,15.318157040161
1980,9.78834361661778,1.9404699463994,113.913382402499,24.9340567888853,569.566912012497,177,24,0.802483291997146,84.1764873859857,15.8235126140142
1980,9.90441669064002,1.96298212725555,115.708418777339,25.0524719219814,578.542093886694,178,24,0.828540029579247,83.6394736571051,16.3605263428949
1980,10.0126589715553,1.98383695468731,117.521255501843,25.1707688921459,587.606277509215,179,24,0.858445829079268,83.0746656477504,16.9253343522496
1980,10.11247488469,2.00300401432171,119.349539252898,25.2887926524785,596.747696264491,180,24,0.889560780498263,82.4863539669801,17.5136460330199
1980,10.2035981774666,2.02053049576621,121.19132463568,25.4064206974074,605.956623178398,181,24,0.918550650984365,81.8790828043594,18.1209171956406
1980,10.2862902052329,2.0365161415468,123.045278881552,25.5235742678836,615.226394407759,182,24,0.943584208745065,81.2575187172305,18.7424812827695
1980,10.3609454960867,2.05109242186162,124.910486698589,25.6402039584037,624.552433492945,183,24,0.96254631544002,80.6263839160563,19.3736160839437
1980,10.4280496455342,2.06440566802666,126.786533627526,25.7562933434514,633.932668137629,184,24,0.973421626044803,79.9903716469908,20.0096283530092
1980,10.4883021681047,2.07660401367103,128.673504207321,25.8718571817699,643.367521036605,185,24,0.975749907612225,79.3540861307006,20.6459138692994
1980,10.5429438260542,2.08782752755217,130.571713625346,25.9869236494429,652.858568126728,186,24,0.973301477967655,78.7220286558581,21.2779713441419
1980,10.5932068641793,2.09820162085384,132.480969773986,26.1014896033611,662.40484886993,187,24,0.970282865052588,78.0986614690653,21.9013385309347
1980,10.6402360965575,2.10783075007943,134.400484369102,26.2155168849754,672.002421845509,188,24,0.970911197714949,77.4883894941337,22.5116105058663
1980,10.6850505666828,2.11679544551393,136.328853465066,26.3289329097233,681.64426732533,189,24,0.979334341680453,76.8955537311909,23.1044462688091
1980,10.7287665932977,2.12515163127487,138.264046327651,26.4416317069759,691.320231638254,190,24,1.00145995132769,76.3263098612968,23.6736901387032
1980,10.7712112404927,2.1329207552001,140.20307316379,26.5534564609048,701.015365818949,191,24,1.03601074728436,75.784184601669,24.215815398331
1980,10.8112954801088,2.14009911682082,142.143164641736,26.6642689675293,710.715823208679,192,24,1.07606905619915,75.272304677836,24.727695322164
1980,10.8477877179387,2.14665849904105,144.082716887309,26.7740019227598,720.413584436545,193,24,1.1137070022625,74.7944586420435,25.2055413579565
1980,10.8793266647162,2.15254651694636,146.021464861535,26.8826652486215,730.107324307676,194,24,1.13995356401893,74.3541677122138,25.6458322877862
1980,10.9051885312453,2.15768910277443,147.960664766771,26.9903526097894,739.803323833855,195,24,1.15130662185169,73.9547058942145,26.0452941057855
1980,10.3793063929469,2.0538792919837,149.902127319278,27.0971846728484,749.510636596389,196,24,1.14051264471742,72.9619235826218,27.0380764173782
1980,10.3951405127357,2.05737247910432,151.739899175637,27.197426139295,758.699495878187,197,24,1.13683177009015,72.6593193963775,27.3406806036225
1980,10.4053632890729,2.05977469806897,153.580905709133,27.2969991981044,767.904528545664,198,24,1.13228200143948,72.4078864586032,27.5921135413969
1980,10.4120702572504,2.06140063115178,155.424166306545,27.3958641890209,777.120831532725,199,24,1.13098495513211,72.2169837319024,27.7830162680976
1980,10.4177036505342,2.0625098793243,157.268294918926,27.4939613137899,786.341474594631,200,24,1.14217596700459,72.0949411502793,27.9050588497207
1980,10.4224921070999,2.0631246714485,159.110546951543,27.5911613554896,795.552734757717,201,24,1.16718262262387,72.0373545376517,27.9626454623483
1980,10.4253931966926,2.06325074355922,160.947958851293,27.6873278331744,804.739794256467,202,24,1.19759917229386,72.0414724825226,27.9585275174774
1980,10.4254866055018,2.06291674556737,162.779040919073,27.7824047797859,813.895204595365,203,24,1.22438062844527,72.104614461539,27.895385538461
1980,10.4219441911864,2.06217146056613,164.603929156998,27.8764213438475,823.019645784988,204,24,1.23762667366361,72.2240916142883,27.7759083857117
1980,10.4152506905668,2.06108080308954,166.424574141327,27.9694981262174,832.122870706635,205,24,1.23824933560907,72.3971260923619,27.6028739076381
1980,10.4068834947316,2.05972256557754,168.242840261395,28.0617476722765,841.214201306973,206,24,1.23586877176808,72.6210075462109,27.3789924537891
1980,10.3975799280777,2.05818203191748,170.058962602428,28.1531974024578,850.294813012141,207,24,1.23322795653575,72.893192363023,27.106807636977
1980,10.3881061141569,2.05655054203799,171.872775198556,28.2438539462047,859.363875992777,208,24,1.23304477506022,73.2110842088239,26.7889157911761
1980,10.3792438660344,2.05492273890955,173.683722090011,28.3337044514549,868.418610450056,209,24,1.2380449380687,73.571955000641,26.4280449993589
1980,10.3720393581442,2.05339377511528,175.490859203105,28.4227173766966,877.454296015524,210,24,1.25343123804899,73.9728650384859,26.0271349615141
1980,10.3668968398962,2.05204859338476,177.292412143866,28.5108215975304,886.462060719332,211,24,1.27931440548475,74.416218616496,25.583781383504
1980,9.80592090473914,1.94059521194959,179.086666864653,28.597950875361,895.433334323266,212,24,1.29422126647819,74.2154114154457,25.7845885845543
1981,8.7185712741249,1.73217975399929,54.5,19.9420239553624,272.5,141,24,0.376361743404318,84.1213716399071,15.8786283600929
1981,8.70598779537945,1.72920524209029,56.1684153207783,20.1250801271945,280.842076603891,142,24,0.393315344639458,83.9129839698036,16.0870160301964
1981,8.69159439889808,1.72592872985827,57.8309179581191,20.3037557445153,289.154589790595,143,24,0.409724867144372,83.7539634790686,16.2460365209314
1981,8.67484698477965,1.72237081580672,59.4872539261699,20.4782430844393,297.43626963085,144,24,0.423101298488902,83.643479689561,16.356520310439
1981,8.6554238614566,1.71854755877199,61.1375581294907,20.6487590625348,305.687790647453,145,24,0.431600581475735,83.5803672387368,16.4196327612632
1981,8.63382975339238,1.71447251720005,62.7822698455654,20.8155346494669,313.911349227827,146,24,0.436552495901706,83.5631507734879,16.4368492265121
1981,8.61073430928456,1.71015442482871,64.4216632315871,20.9787675192798,322.108316157935,147,24,0.44021213307428,83.5913461845543,16.4086538154457
1981,8.58686062094412,1.70561563955242,66.0556952396602,21.1386104415965,330.278476198301,148,24,0.444918283973134,83.6605107727267,16.3394892272733
1981,8.56287757839518,1.70086738161874,67.6839995595487,21.2951746801285,338.419997797743,149,24,0.453144615458555,83.7698493088879,16.2301506911121
1981,8.53927211960885,1.69592815695575,69.3058487984321,21.4485299645308,346.52924399216,150,24,0.466736159686187,83.9170142282241,16.0829857717759
1981,9.00441260797404,1.78784947863895,70.920243814736,21.598716097555,354.60121907368,151,24,0.487594882552555,84.5133371403562,15.4866628596438
1981,8.97934951342149,1.78235858029493,72.623478615168,21.7546057428736,363.11739307584,152,24,0.507678016241101,84.7039205763026,15.2960794236974
1981,8.95342272848477,1.77677305898104,74.3176645359076,21.9071593499771,371.588322679538,153,24,0.526676133228607,84.9235526952202,15.0764473047798
1981,8.92619196144534,1.77113778324209,76.0028435431512,22.0565159369648,380.014217715756,154,24,0.541367154967775,85.1684240895568,14.8315759104433
1981,8.89766784101866,1.76551722137975,77.679613773309,22.2028536264249,388.398068866545,155,24,0.549865600827524,85.4350786196999,14.5649213803001
1981,8.86856400995294,1.75995422662429,79.348952380144,22.3463717833446,396.74476190072,156,24,0.554163497926092,85.7161268018087,14.2838731981913
1981,8.83979497935759,1.75452361775567,81.0115806169244,22.4872362791889,405.057903084622,157,24,0.556672083513944,86.0055289671618,13.9944710328382
1981,8.81233352355766,1.74931432734932,82.6679201577749,22.6255784309315,413.339600788875,158,24,0.559861742025068,86.2965998647424,13.7034001352576
1981,8.78722155272372,1.74442976570625,84.3180929131186,22.7614975091995,421.590464565593,159,24,0.566277762939431,86.5819532663562,13.4180467336438
1981,8.76550084143835,1.73998704647615,85.9619198706481,22.8950628963383,429.80959935324,160,24,0.578301746663089,86.8534610003523,13.1465389996477
1981,8.74761303428679,1.73611464558382,87.5989538041555,23.0263187125182,437.994769020777,161,24,0.595287179781449,87.1022311469629,12.8977688530371
1981,8.73373312983694,1.73294812803782,89.2289648715272,23.1553236473455,446.144824357636,162,24,0.614997736422078,87.3185672340723,12.6814327659277
1981,8.72404513265395,1.73062208090394,90.8522052373769,23.2821706034412,454.261026186885,163,24,0.634973574503098,87.491999152199,12.508000847801
1981,8.71872597563885,1.72926925463953,92.4694555548823,23.4069881965539,462.347277774412,164,24,0.652423179694442,87.6114519928243,12.3885480071757
1981,8.71792694275752,1.72900427464956,94.0820898542938,23.5299436011695,470.410449271469,165,24,0.664654084580085,87.6653876170489,12.3346123829511
1981,8.72234592131486,1.72991986973821,95.6920505599158,23.6512385131602,478.460252799579,166,24,0.67270093078788,87.642093813216,12.357906186784
1981,8.73278625714663,1.7320813917694,97.3012123339276,23.7710601810565,486.506061669638,167,24,0.679194198522455,87.5300747618993,12.4699252381007
1981,8.7633816321591,1.73819968621123,98.911083964013,23.8895605306422,494.555419820065,168,24,0.686847740780343,87.3544608946287,12.6455391053713
1981,8.82544688131606,1.75042424628693,100.525457733353,24.0070499651013,502.627288666767,169,24,0.698547058268459,87.1470094976784,12.8529905023216
1981,8.91396631089756,1.7677586731916,102.149811143189,24.1239458219543,510.749055715943,170,24,0.71446789811054,86.9058698884855,13.0941301115145
1981,9.02272241121239,1.78904178654704,103.788582559377,24.2405736861145,518.942912796886,171,24,0.732529299440784,86.6288629819149,13.3711370180851
1981,9.1455912440555,1.81307600755121,105.445382128968,24.3571870574087,527.226910644838,172,24,0.752257463875738,86.314024875439,13.685975124561
1981,9.27677007910405,1.83872912355585,107.122688994159,24.4739501468347,535.613444970797,173,24,0.773111539400435,85.9600530028476,14.0399469971524
1981,9.41115441400751,1.86500746825692,108.821928908656,24.5909478720863,544.109644543281,174,24,0.794533257870197,85.5665595054083,14.4334404945916
1981,9.54437936328588,1.89109595104154,110.543617343458,24.7081997246578,552.718086717288,175,24,0.814914504898141,85.1341556272656,14.8658443727344
1981,9.67312574827535,1.91637562528469,112.28771736576,24.8256872210141,561.438586828801,176,24,0.832951273916297,84.6644285845526,15.3355714154474
1981,9.79514112292867,1.94040874491818,114.053787932499,24.9433657671792,570.268939662495,177,24,0.848305593630806,84.1597929619497,15.8402070380503
1981,9.90899738226524,1.96292239775723,115.841004003578,25.0611674003191,579.205020017888,178,24,0.860601368741497,83.6233938795188,16.3766061204812
1981,10.0139581892061,1.98377940789874,117.648329020655,25.1790132645074,588.241645103274,179,24,0.869519922938859,83.0589446081549,16.9410553918451
1981,10.1103355201867,2.00294873827994,119.47464175787,25.2968223805773,597.37320878935,180,24,0.878102376418663,82.4705817849604,17.5294182150396
1981,10.1987309446377,2.02047761264568,121.318274001619,25.4144824613652,606.591370008096,181,24,0.888704727807693,81.8628048571966,18.1371951428034
1981,10.2793906429455,2.03646647151489,123.177205546083,25.5318638565,615.886027730415,182,24,0.899613947516041,81.2403541973746,18.7596458026254
1981,10.3527146447937,2.05104760876996,125.049806977706,25.6488666776671,625.249034888532,183,24,0.909052895565816,80.6080346690013,19.3919653309987
1981,10.4191687995376,2.06436820163512,126.934883229109,25.7654219749294,634.674416145547,184,24,0.915164548907745,79.9706358877542,20.0293641122458
1981,10.4801568112598,2.07657710980345,128.831702664374,25.8814919394784,644.158513321869,185,24,0.922235721697183,79.3328677847708,20.6671322152292
1981,10.537037013291,2.08781498948286,130.738955807201,25.9970055845789,653.694779036003,186,24,0.934568130682246,78.6994435706936,21.3005564293064
1981,10.5901320983038,2.09820718285883,132.654743402971,26.111859712089,663.273717014855,187,24,0.95018407250183,78.0750513687663,21.9249486312337
1981,10.6396485075848,2.10785734434488,134.577625339974,26.2259824649469,672.888126699871,188,24,0.967026421268259,77.4641879003197,22.5358120996803
1981,10.6856569865126,2.11684491945041,136.506613260062,26.3393313412801,682.533066300312,189,24,0.982852923863194,76.8711463187932,23.1288536812068
1981,10.7284672033,2.12522355048044,138.441180405798,26.4518923215828,692.205902028991,190,24,0.997892522113344,76.3003989500013,23.6996010499987
1981,10.7685078253933,2.13301886173157,140.380815104092,26.5636528812975,701.904075520458,191,24,1.01421464361537,75.7580300162753,24.2419699837247
1981,10.8058012010282,2.14022563051597,142.324676505009,26.6745823615579,711.623382525044,192,24,1.03223276382064,75.2455374996122,24.7544625003878
1981,10.8402508958202,2.14681653102244,144.271844651814,26.7846468866336,721.359223259072,193,24,1.05231873233935,74.76662758941,25.23337241059
1981,10.8716392709477,2.15273924583672,146.221305151958,26.8938086486294,731.106525759789,194,24,1.07491478897767,74.3249233252693,25.6750766747307
1981,10.8993514864734,2.15791804620382,148.17191098224,27.0020239660085,740.859554911202,195,24,1.09839272379498,73.9240067909842,26.0759932090158
1981,10.3766058923006,2.05415800001845,150.12271729392,27.1092618551182,750.613586469598,196,24,1.10839589429934,72.9316763012494,27.0683236987506
1981,10.3955817102083,2.05767940683475,151.966293794562,27.2097162133932,759.831468972811,197,24,1.12913250600934,72.628486952718,27.371513047282
1981,10.4088608551103,2.0601000218973,153.808843964309,27.309269534598,769.044219821545,198,24,1.14896297287413,72.3771271894141,27.6228728105859
1981,10.418058183485,2.06173886252664,155.649378979481,27.4078875577351,778.246894897403,199,24,1.16787762817925,72.1867474434901,27.8132525565099
1981,10.4243706997518,2.06285219309146,157.487234929601,27.5055543383186,787.436174648005,200,24,1.18497838140369,72.0656602841813,27.9343397158187
1981,10.4278831070974,2.06346547550504,159.322166922813,27.6022764340489,796.610834614065,201,24,1.19981680776272,72.0091477840436,27.9908522159564
1981,10.4287070624082,2.06358807904898,161.154036617587,27.6980657264457,805.770183087936,202,24,1.21287433372835,72.0141168177879,27.9858831822121
1981,10.4270659275004,2.0632504129675,162.982631678208,27.7929298808238,814.91315839104,203,24,1.22471046828369,72.0777427435895,27.9222572564105
1981,10.4232638281492,2.06250091415204,164.807672612904,27.8868728603279,824.038363064518,204,24,1.23581938771867,72.1973965571986,27.8026034428014
1981,10.4178651092993,2.0614031742548,166.628842111044,27.9798965588237,833.144210555218,205,24,1.24837014925217,72.3705700791516,27.6294299208484
1981,10.4113613191458,2.06003282390177,168.44550222004,28.071986593418,842.227511100198,206,24,1.26340625471188,72.5948361976999,27.4051638023001
1981,10.4040320450316,2.05847498085935,170.256905159798,28.1631234729949,851.28452579899,207,24,1.27962630339282,72.8677509781599,27.1322490218401
1981,10.3962006901957,2.05682178985873,172.062620085276,28.2533040098526,860.313100426381,208,24,1.29574144746794,73.1867327467167,26.8132672532833
1981,10.3882043034929,2.05516940461287,173.86253927927,28.3425410232556,869.312696396348,209,24,1.31033173922133,73.5489889044305,26.4510110955695
1981,10.3806601281894,2.05361488546132,175.656907007892,28.4308641784214,878.284535039459,210,24,1.32455844854971,73.9514390402111,26.0485609597889
1981,10.3742064900357,2.05224968901023,177.445859174448,28.5182969760338,887.229295872241,211,24,1.34009526979375,74.3927725734012,25.6072274265988
1981,9.811171101447,1.94077998263657,179.229325161058,28.6048522282329,896.146625805291,212,24,1.33869516064641,74.1959849708059,25.8040150291941
1982,8.72481532172071,1.73218849559132,54.5,19.9420239553624,272.5,141,24,0.396962595640338,84.119359537163,15.880640462837
1982,8.70939194200924,1.72921454730173,56.1655439598502,20.1247683624296,280.827719799251,142,24,0.404835647305978,83.9116737463329,16.0883262536671
1982,8.69253636497389,1.72593815994783,57.8264233757432,20.3032775512431,289.132116878716,143,24,0.412875651794982,83.7530509181292,16.2469490818708
1982,8.67452592046674,1.7223799204123,59.4823175977476,20.4777281268793,297.411587988738,144,24,0.421736757576784,83.6426906373806,16.3573093626194
1982,8.65570819126699,1.71855617225574,61.1328305187274,20.6482751962698,305.664152593637,145,24,0.432478697584056,83.5795604721228,16.4204395278772
1982,8.63611039744427,1.71447696911909,62.7774235020646,20.8150477239956,313.887117510323,146,24,0.445170783878886,83.5636154977145,16.4363845022855
1982,8.61557483525796,1.71016361740328,64.4155493879945,20.9781641783544,322.077746939972,147,24,0.458940864545926,83.5908641216266,16.4091358783734
1982,8.59389655318234,1.70562627327466,66.0468037961225,21.1377481684218,330.234018980612,148,24,0.472828709368574,83.6605960517469,16.3394039482531
1982,8.57089119922211,1.70087994364063,67.6709332851727,21.2939288401998,338.354666425863,149,24,0.485728377564016,83.7707787066259,16.2292212933741
1982,8.54641757263783,1.69594282909114,69.2878686082398,21.4468436163267,346.439343041199,150,24,0.496527027309799,83.9188807468537,16.0811192531463
1982,9.00965871075457,1.78786268577101,70.8977347156537,21.5966385549933,354.488673578268,151,24,0.508960616688866,84.5149403413123,15.4850596586877
1982,8.9819542186235,1.78237333469233,72.5977458340507,21.7522695936014,362.988729170253,152,24,0.518380029308795,84.7060885825597,15.2939114174403
1982,8.95399984702602,1.77678838795712,74.2903126073181,21.9047157858705,371.451563036591,153,24,0.528735832491121,84.9259792938208,15.0740207061792
1982,8.92638101522377,1.7711621315712,75.9751954727294,22.0540842200165,379.875977363647,154,24,0.54151304795913,85.1718011043314,14.8281988956686
1982,8.89910377930156,1.76554071684819,77.6519747578806,22.2004594054899,388.259873789403,155,24,0.555851286662137,85.4383680609691,14.5616319390309
1982,8.87209968566472,1.75997712485213,79.3204038861334,22.3439351535782,396.602019430667,156,24,0.570266802155777,85.7194692769633,14.2805307230367
1982,8.84589015767532,1.7545462849307,80.9805191375569,22.4846231841161,404.902595687785,157,24,0.585471543870124,86.0091490694315,13.9908509305685
1982,8.82105320809966,1.74933706762984,82.6323184732746,22.6226252879406,413.161592366373,158,24,0.602191249756985,86.3007561832819,13.6992438167181
1982,8.79824847258802,1.74445270272066,84.2757700887187,22.7580347942629,421.378850443593,159,24,0.621289987623001,86.586896254662,13.413103745338
1982,8.77774624403725,1.74001007313149,85.9108010657743,22.8909362950696,429.554005328872,160,24,0.641232472171286,86.8594010168883,13.1405989831117
1982,8.75976915302696,1.73613737329491,87.5376993694083,23.0214383166889,437.688496847042,161,24,0.659665862110226,87.1092682584326,12.8907317415674
1982,8.74493876247946,1.73297000299151,89.1572678095837,23.1496839724839,445.786339047918,162,24,0.676060871727089,87.3266748027599,12.6733251972401
1982,8.73387412887596,1.73064259602917,90.7705390899413,23.2758267635584,453.852695449707,163,24,0.689878031891801,87.5010746704865,12.4989253295135
1982,8.72717857196696,1.72928811509198,92.3787773189505,23.4000301900762,461.893886594752,164,24,0.700535959237311,87.6213643048085,12.3786356951915
1982,8.72545214595651,1.72902147306642,93.9834832161984,23.5224676779697,469.917416080992,165,24,0.708012344420644,87.676022204965,12.323977795035
1982,8.72939193913494,1.72993570832682,95.5862816092948,23.6433136889512,477.931408046474,166,24,0.713619314768294,87.653400633749,12.346599366251
1982,8.73956558461311,1.73209643351522,97.1886739167395,23.7627254366244,485.943369583698,167,24,0.718798291955751,87.5420695996614,12.4579304003386
1982,8.76989504242949,1.73821518126324,98.7919863685276,23.8808401674842,493.959931842638,168,24,0.725054499031944,87.3671737663806,12.6328262336194
1982,8.83146487456893,1.75044205331201,100.400028083594,23.9979688759696,502.000140417969,169,24,0.733921910132452,87.1604512180629,12.8395487819371
1982,8.91946598387339,1.76778059310306,102.018517653497,24.1145456748392,510.092588267487,170,24,0.746855965711925,86.920029215061,13.079970784939
1982,9.02801423399955,1.78906939522685,103.65191990528,24.2308969564416,518.259599526401,171,24,0.763797344773067,86.6437285077841,13.3562714922159
1982,9.1509263660572,1.81311059851481,105.3035337945,24.3472532995729,526.517668972498,172,24,0.783954614120408,86.3296203963266,13.6703796036734
1982,9.28234944189712,1.83877164841479,106.975578959954,24.4637605051233,534.877894799768,173,24,0.806523961750506,85.9764311166114,14.0235688833886
1982,9.4171039076538,1.86505850195353,108.669264230133,24.5804887335955,543.346321150667,174,24,0.830509247683541,85.5837964758335,14.4162035241665
1982,9.55069197584091,1.89115564794427,110.384960745332,24.6974482269186,551.924803726662,175,24,0.853398740707385,85.1523429328554,14.8476570671446
1982,9.67977066966898,1.91644366133339,112.12264141486,24.8146219637227,560.613207074301,176,24,0.873684221013638,84.683655009524,15.316344990476
1982,9.80218345979722,1.94048425479828,113.881911140242,24.931969126645,569.409555701209,177,24,0.891679209970544,84.1801391592488,15.8198608407512
1982,9.91661523597261,1.96300401942738,115.661879727504,25.0494180552576,578.309398637519,178,24,0.907785392560282,83.6449441158621,16.3550558841379
1982,10.0224421408133,1.98386535109523,117.461312536957,25.1668777100901,587.306562684787,179,24,0.922458423537848,83.0818019719053,16.9181980280947
1982,10.1196394312911,2.0030368500864,119.278757941028,25.2842469417655,596.393789705141,180,24,0.936600674351851,82.4948843784746,17.5051156215254
1982,10.2084944679113,2.0205651973944,121.112577806809,25.4014170182817,605.562889034045,181,24,0.950555674218052,81.8886828378785,18.1113171621215
1982,10.2894101339865,2.03655015337787,122.961121700173,25.5182830296062,614.805608500864,182,24,0.963598131080678,81.2678867995807,18.7321132004194
1982,10.3629560134594,2.05112347389304,124.822963760008,25.6347584729772,624.114818800039,183,24,0.975022226282993,80.6372681933962,19.3627318066038
1982,10.4297823722792,2.06443195391087,126.696932120316,25.7507761451157,633.484660601579,184,24,0.984145763715337,80.0016049313639,19.9983950686361
1982,10.4912653060015,2.07662420135702,128.582120291516,25.8662878663411,642.910601457581,185,24,0.995389145894522,79.3656199802286,20.6343800197714
1982,10.5485128111926,2.08784066085403,130.477011769037,25.9812107034521,652.385058845186,186,24,1.01164516072295,78.7340442786134,21.2659557213866
1982,10.6016993611447,2.09820650092479,132.379732068023,26.0954437746619,661.898660340116,187,24,1.02971689063699,78.1115549539102,21.8884450460898
1982,10.6508638924571,2.10782530430786,134.289080085772,26.2089301372414,671.445400428861,188,24,1.04608310846464,77.5026103041972,22.4973896958028
1982,10.6959279997111,2.11677670459605,136.204565784199,26.3216568266823,681.022828920993,189,24,1.05710290709858,76.9114321584152,23.0885678415848
1982,10.7372544244112,2.12511650191025,138.126410543612,26.4336527315639,690.632052718061,190,24,1.0632617223234,76.3438824157491,23.6561175842509
1982,10.7756367315078,2.13286732961678,140.054809969212,26.5449442367095,700.27404984606,191,24,1.06959418777047,75.8030758642462,24.1969241357538
1982,10.8114280407753,2.14002759700291,141.989110216413,26.6555084848229,709.945551082064,192,24,1.07880961355423,75.2918690252263,24.7081309747737
1982,10.8448619973762,2.14657120218549,143.928185210066,26.7652969509623,719.64092605033,193,24,1.09371514931029,74.8139952161653,25.1860047838347
1982,10.8760487967469,2.15244676250638,145.870393384396,26.8742342153803,729.35196692198,194,24,1.1173415831955,74.3731595934344,25.6268404065656
1982,10.9045232531591,2.15757895706939,147.813508530542,26.9822153609524,739.067542652709,195,24,1.14950262003461,73.9730828126113,26.0269171873887
1982,10.3825795477398,2.05374055356086,149.755248480554,27.0891362642773,748.776242402771,196,24,1.17290698012413,72.9803646011234,27.0196353988766
1982,10.4031077176467,2.05721854301491,151.58724819735,27.1891321020627,757.936240986751,197,24,1.21010259762738,72.6783285071642,27.3216714928358
1982,10.4178032631213,2.05959909274286,153.415250687977,27.2880737164982,767.076253439887,198,24,1.24568015379655,72.4283312222714,27.5716687777286
1982,10.4278891978754,2.06119674292259,155.238383956616,27.3859367332402,776.19191978308,199,24,1.27608931303464,72.2396904270446,27.7603095729554
1982,10.4332033685674,2.06227362443716,157.056730782768,27.482748155539,785.283653913842,200,24,1.28702771055201,72.1205324823285,27.8794675176715
1982,10.4339433603408,2.06285884965989,158.873201812576,27.5786828289458,794.366009062878,201,24,1.2785177021205,72.0657517707059,27.9342482292941
1982,10.4320588192079,2.06296563310322,160.690741379657,27.6739118002045,803.453706898283,202,24,1.26808224364345,72.0718959199344,27.9281040800656
1982,10.4295936418787,2.06262439467112,162.509177644502,27.7684394156009,812.545888222508,203,24,1.27300620894596,72.1361531609122,27.8638468390878
1982,10.4286622251715,2.06188001944699,164.325290396072,27.8621132830478,821.626451980359,204,24,1.31120309468198,72.2562517001241,27.7437482998759
1982,10.4289776294856,2.06078961988215,166.132701002712,27.9546246317259,830.663505013561,205,24,1.37995230955509,72.4303786248642,27.5696213751358
1982,10.4285675897031,2.05942435019368,167.925520863829,28.0456987281634,839.627604319143,206,24,1.45916178403605,72.6566731141855,27.3433268858145
1982,10.4270516121977,2.05786964597472,169.70148889605,28.1352510265043,848.50744448025,207,24,1.5411409968458,72.9328078741171,27.0671921258829
1982,10.4240960784924,2.05621961797491,171.459808076056,28.2232721917881,857.299040380282,208,24,1.61635497399642,73.2561790038048,26.7438209961952
1982,10.4194050427836,2.05457379002654,173.201523093449,28.3098440777355,866.007615467243,209,24,1.67365676516662,73.6238014195554,26.3761985804446
1982,10.4124289959131,2.05303341833354,174.929849317165,28.3951527511107,874.649246585824,210,24,1.69776919314397,74.0322128562647,25.9677871437353
1982,10.403734015698,2.0516907521953,176.650946811471,28.4795228329304,883.254734057353,211,24,1.68832511112441,74.4829226350985,25.5170773649015
1982,9.83476800850043,1.94018472011864,178.371159482801,28.5632789898569,891.855797414003,212,24,1.6353969928777,74.2896224634743,25.7103775365257
1983,8.70664766274581,1.73218849559132,54.5,19.9420239553624,272.5,141,24,0.339578302863712,84.119359537163,15.880640462837
1983,8.69253181623607,1.72920995154745,56.1733872866106,20.1256199438076,280.866936433053,142,24,0.350247506790621,83.9098380436663,16.0901619563337
1983,8.67709332051167,1.72592929122487,57.8418122787873,20.304914719334,289.209061393937,143,24,0.36159967913737,83.7495211690705,16.2504788309295
1983,8.66033041341368,1.72236723556486,59.5048730259076,20.4800808653077,297.524365129538,144,24,0.37335731503354,83.6376295273142,16.3623704726858
1983,8.64206789536995,1.71854013802427,61.1622226318359,20.6512830270126,305.811113159179,145,24,0.384695305425765,83.5731195099486,16.4268804900514
1983,8.62226495414297,1.71445790425268,62.8136440818153,20.8186862717515,314.068220409077,146,24,0.395252321274421,83.5558766530872,16.4441233469128
1983,8.60117674073032,1.7101416337919,64.4589843568916,20.9824496666741,322.294921784458,147,24,0.405483801932714,83.5818293137025,16.4181706862975
1983,8.57899660922092,1.7056014263977,66.0980502658376,21.1427168313131,330.490251329188,148,24,0.415876485961393,83.6502336600313,16.3497663399687
1983,8.55593705166087,1.70085234466718,67.7305898194221,21.2996155928264,338.652949097111,149,24,0.42695383935647,83.7590689404945,16.2409310595055
1983,8.53188950117459,1.69591276044782,69.3562887063754,21.4532590577513,346.781443531877,150,24,0.438000736593145,83.9058620436437,16.0941379563563
1983,8.99487520760989,1.78782187667838,70.9749537942079,21.6037637984328,354.87476897104,151,24,0.451173975071909,84.5010425172302,15.4989574827698
1983,8.96776056297538,1.78233064414683,72.6835647008222,21.7600584097422,363.417823504111,152,24,0.461692122407686,84.6911607167268,15.3088392832732
1983,8.94022028977604,1.77674451805305,74.3846292746592,21.9131391950167,371.923146373296,153,24,0.472435920576167,84.9101417493484,15.0898582506516
1983,8.91267364093301,1.77111775118739,76.0780149173893,22.0631243318967,380.390074586946,154,24,0.484015193884659,85.1551524448412,14.8448475551588
1983,8.88529589204593,1.76549642465779,77.7635507221692,22.2101210004035,388.817753610846,155,24,0.496263157029692,85.420962970661,14.579037029339
1983,8.85817349403696,1.75993351059895,79.441133992716,22.3542353657566,397.20566996358,156,24,0.508460854217932,85.7013381032699,14.2986618967302
1983,8.8316355093482,1.7545039618557,81.1108229037315,22.4955805134049,405.554114518657,157,24,0.520386713204282,85.9903172808559,14.0096827191441
1983,8.80608843511814,1.7492966022341,82.7727855355243,22.6342718172097,413.863927677622,158,24,0.531831651194702,86.281221663662,13.718778336338
1983,8.78200506689731,1.74441456003379,84.4273128518711,22.7704279336803,422.136564259356,159,24,0.54254314489853,86.5666093634651,13.4333906365349
1983,8.7600652110575,1.73997456979283,86.074840635129,22.9041724457843,430.374203175645,160,24,0.552907110180921,86.8382431035092,13.1617568964908
1983,8.74100354666,1.73610473443921,87.7158631857113,23.0356267717021,438.579315928557,161,24,0.563336575580947,87.0870934305644,12.9129065694356
1983,8.72542820182648,1.73294037050977,89.3509388597216,23.1649108412325,446.754694298608,162,24,0.573477421114147,87.3033605062537,12.6966394937463
1983,8.71393824760626,1.73061456749541,90.980818172576,23.2921532242383,454.90409086288,163,24,0.582959251060933,87.4765059807476,12.5234940192524
1983,8.70714164139298,1.72926263004057,92.6064452204623,23.4174908012525,463.032226102312,164,24,0.591378586616609,87.5954503277322,12.4045496722678
1983,8.70533595392669,1.72899914819559,94.2289660478922,23.5410689918704,471.144830239461,165,24,0.597257196708709,87.6486733943541,12.3513266056459
1983,8.70922077349204,1.72991388761856,95.8498814894157,23.6630527790043,479.249407447078,166,24,0.60181627965452,87.6244780140335,12.3755219859665
1983,8.71979549142764,1.73207339372574,97.4705876429179,23.7835916848215,487.352938214589,167,24,0.608511960829299,87.5114034803016,12.4885965196984
1983,8.75137340870203,1.73818753736232,99.0919888147597,23.9027924505899,495.459944073799,168,24,0.620968720237044,87.3346579813119,12.6653420186881
1983,8.81547453243677,1.75040501923619,100.717126621255,24.0209115238585,503.585633106274,169,24,0.643271804786081,87.126107791954,12.873892208046
1983,8.90723957460439,1.76772982224218,102.350529014989,24.138300244464,511.752645074945,170,24,0.677030335439493,86.8840001910717,13.1159998089283
1983,9.01970106624676,1.78900163033877,103.995429477801,24.2552031037466,519.977147389005,171,24,0.716710959409103,86.6062859731146,13.3937140268854
1983,9.14551685039687,1.81302403789571,105.654773855525,24.3718339278236,528.273869277627,172,24,0.754640187966538,86.2910791565517,13.7089208434483
1983,9.27760067122138,1.83866591515002,107.33157336757,24.4884018730756,536.657866837851,173,24,0.781584038068784,85.9370306630787,14.0629693369213
1983,9.40947766548522,1.86493405123879,109.029267773225,24.6051364046754,545.146338866126,174,24,0.787516436338239,85.5435435748818,14.4564564251182
1983,9.53663211190556,1.89101269830674,110.752005908741,24.7223050231795,553.760029543705,175,24,0.770424958034932,85.1108304705527,14.8891695294473
1983,9.6576599245788,1.91628152785343,112.503434571079,24.8401299525667,562.517172855394,176,24,0.742548201469208,84.6400547713765,15.3599452286235
1983,9.77201519236995,1.94030212019463,114.284470506535,24.9586428462199,571.422352532674,177,24,0.714506783668089,84.133454138073,15.866545861927
1983,9.88008815738817,1.96280197936821,116.093795750921,25.0777273094166,580.468978754604,178,24,0.695593521278368,83.5942046837489,16.4057953162511
1983,9.98302770917972,1.98364558037193,117.928310561555,25.1971562421082,589.641552807774,179,24,0.694249673342953,83.0262413584809,16.9737586415191
1983,10.0817346795642,2.00280457621935,119.783455632473,25.3166186019976,598.917278162364,180,24,0.715296825134602,82.4341032853795,17.5658967146205
1983,10.1755112209758,2.02032897575678,121.653886636502,25.435766850201,608.269433182512,181,24,0.754807641558416,81.8227445710546,18.1772554289454
1983,10.2636789276021,2.03632106899546,123.534904482115,25.5543087155946,617.674522410577,182,24,0.808229454772114,81.1972593204436,18.8027406795564
1983,10.3456669874921,2.05091401571601,125.422584318112,25.6720123649582,627.112921590561,183,24,0.870077750440613,80.5627707680385,19.4372292319615
1983,10.4209371769405,2.06425461534995,127.313983444632,25.7887160187274,636.569917223162,184,24,0.933029853986048,79.9243239918876,20.0756760081124
1983,10.4866972063662,2.07649001640692,129.207515430969,25.9043470416796,646.037577154846,185,24,0.971878438004616,79.2867706467009,20.7132293532991
1983,10.5427824342414,2.08775759428914,131.106076093181,26.0191053794147,655.530380465907,186,24,0.977909977015593,78.6543170779908,21.3456829220092
1983,10.5926075643795,2.09818026986084,133.014269414323,26.1332847525093,665.071347071616,187,24,0.970103263755515,78.0308323562262,21.9691676437738
1983,10.6395444065876,2.10786136999922,134.933584424522,26.246983715282,674.66792212261,188,24,0.96827166180944,77.4204344591257,22.5795655408743
1983,10.6868970952943,2.1168806446148,136.862220175255,26.3601050219383,684.311100876274,189,24,0.992319274353244,76.8275133803535,23.1724866196465
1983,10.7344261756646,2.12529209364005,138.79505476933,26.4723633726658,693.97527384665,190,24,1.04006915963989,76.2586175274603,23.7413824725397
1983,10.7793455881619,2.13311464831701,140.7273538152,26.5835067254525,703.636769075999,191,24,1.0924063541309,75.7174874680288,24.2825125319712
1983,10.8209962420801,2.14034286973989,142.657648916653,26.6934778439131,713.288244583266,192,24,1.14475905987446,75.2070713443039,24.7929286556961
1983,10.8585683594435,2.1469471272042,144.585253796826,26.8022655748359,722.92626898413,193,24,1.19148184506209,74.7310271012899,25.2689728987101
1983,10.8911333281219,2.15287390272357,146.51044878021,26.9099129651153,732.552243901051,194,24,1.22622251296143,74.2927922746257,25.7072077253743
1983,10.9169714697865,2.15804806943418,148.434598157679,27.0165212698298,742.172990788395,195,24,1.23651445225472,73.8956125831963,26.1043874168037
1983,10.3893378898433,2.05431672254325,150.361214520525,27.1223055424344,751.806072602624,196,24,1.21003727532074,72.9043741552703,27.0956258447297
1983,10.4032165508998,2.0578268858001,152.186923664448,27.2216810702223,760.934618322241,197,24,1.18822860023172,72.6037396012199,27.3962603987801
1983,10.4121742357859,2.06024274077634,154.019098826381,27.3205767094271,770.095494131903,198,24,1.17197882706772,72.3538906509551,27.6461093490449
1983,10.4193819776044,2.0618776211289,155.855610914713,27.4188869761809,779.278054573564,199,24,1.17439336656284,72.164336339533,27.835663660467
1983,10.4274114803762,2.06298689467285,157.69234407423,27.5164048225062,788.461720371149,200,24,1.20659807978673,72.0437315025103,27.9562684974897
1983,10.4353250905903,2.06359053466501,159.523472777285,27.6128402306319,797.617363886425,201,24,1.26151631171074,71.9880324342043,28.0119675657957
1983,10.4412760569128,2.06369338065109,161.344401562425,27.7079763868569,806.722007812124,202,24,1.32415415179513,71.9946595187555,28.0053404812445
1983,10.4435330700197,2.06332495404734,163.153166571102,27.801739031234,815.765832855509,203,24,1.37662830649101,72.0609613009407,27.9390386990593
1983,10.4404789625003,2.06253706830702,164.951035640319,27.8942216193526,824.755178201593,204,24,1.39845219134273,72.184090914828,27.815909085172
1983,10.4317555157827,2.06140074845761,166.743050386463,27.9857065551393,833.715251932316,205,24,1.38096856401838,72.3608963135249,27.6391036864751
1983,10.4195061085747,2.05999997643174,168.535910161026,28.0765514291573,842.67955080513,206,24,1.34217814870854,72.5881151549439,27.4118848450561
1983,10.4059545490543,2.05842348965331,170.333139609598,28.1669441969407,851.665698047991,207,24,1.30044228294426,72.8628522314887,27.1371477685113
1983,10.3933309662468,2.05676254088987,172.135033981554,28.2569067007498,860.675169907772,208,24,1.27227668292032,73.1824898640953,26.8175101359047
1983,10.3838677757169,2.05510938822723,173.939031173242,28.3463190729529,869.69515586621,209,24,1.2730417903309,73.5445482612114,26.4554517387886
1983,10.3791210741318,2.05355572675651,175.739944958417,28.4349362553998,878.699724792085,210,24,1.31319308304361,73.946560165603,26.053439834397
1983,10.3781979640955,2.05218354077535,177.530812539259,28.5224336559637,887.654062696295,211,24,1.38329470386173,74.3914728387609,25.6085271612391
1983,9.82120388792572,1.94072301459903,179.306384527128,28.6085785218402,896.531922635638,212,24,1.44946238796519,74.1926661767139,25.8073338232861
1984,8.72126141731143,1.73218849559132,54.5,19.9420239553624,272.5,141,24,0.385021392418796,84.119359537163,15.880640462837
1984,8.70628557366408,1.72921356442786,56.1672214196127,20.1249504979171,280.836107098063,142,24,0.394178694913786,83.911281136936,16.088718863064
1984,8.69032725015175,1.72593632296421,57.8296109466138,20.3036166899712,289.148054733069,143,24,0.4051328527762,83.7523197640933,16.2476802359067
1984,8.67320227365402,1.72237750534484,59.4866118929277,20.4781761092452,297.433059464638,144,24,0.41700683646202,83.6417270177333,16.3582729822666
1984,8.65470322578361,1.71855345784251,61.1378060493347,20.6487844361649,305.689030246674,145,24,0.428808344965903,83.5784700756303,16.4215299243697
1984,8.63512911821017,1.71447406940534,62.7829320842906,20.8156011843799,313.914660421453,146,24,0.441480316303127,83.5624384567237,16.4375615432763
1984,8.61474271668006,1.71016055475048,64.4215997752738,20.9787612573372,322.107998876369,147,24,0.455723468232136,83.5896054872939,16.4103945127061
1984,8.59316161726289,1.70562310793692,66.0533311982217,21.1383811898099,330.266655991109,148,24,0.469907478041188,83.6592760343986,16.3407239656014
1984,8.57003607590454,1.70087672096213,67.6778978965895,21.2945929211271,338.389489482947,149,24,0.482214304170295,83.769411491997,16.230588508003
1984,8.54503782909627,1.69593953396577,69.2953649497526,21.4475467294974,346.476824748763,150,24,0.49066322260535,83.9174541898925,16.0825458101075
1984,9.0074771988959,1.78785824980153,70.9061277968698,21.5974132725012,354.530638984349,151,24,0.499939276786233,84.5134295565627,15.4865704434373
1984,8.9791680889792,1.7823684788368,72.607506789851,21.7531558094242,363.037533949255,152,24,0.506614291865707,84.7043904547954,15.2956095452046
1984,8.95033209834893,1.77678301245067,74.3018693655985,21.9057483189746,371.509346827993,153,24,0.512914952775014,84.9240384002914,15.0759615997086
1984,8.92114731044194,1.77115609454497,75.9891826991464,22.0553145086362,379.945913495732,154,24,0.518417195944213,85.1695359165724,14.8304640834276
1984,8.89176074748277,1.7655337473299,77.6695341999257,22.201980555373,388.347670999628,155,24,0.522728671631862,85.4356284669323,14.5643715330677
1984,8.86341376136857,1.75996892112022,79.3431189457298,22.3458739461635,396.715594728649,156,24,0.530178398287842,85.716057392967,14.2839426070331
1984,8.83698084969691,1.75453687107706,81.0095142632105,22.4870624656656,405.047571316052,157,24,0.543220236073843,86.0049579583124,13.9950420416876
1984,8.81208333674656,1.74932679998705,82.6679813909809,22.6255835094335,413.339906954905,158,24,0.558374163810603,86.2957958107816,13.7042041892184
1984,8.78842687538058,1.74444198125976,84.3184016231853,22.7615227623957,421.592008115926,159,24,0.571835309056964,86.5811883012902,13.4188116987098
1984,8.76580270757439,1.73999914296819,85.9613581281315,22.8950175585762,429.806790640658,160,24,0.579493235398287,86.8528790969659,13.1471209030341
1984,8.74542992934415,1.73612630316924,87.5982141529078,23.0262597956133,437.991070764539,161,24,0.583950263627444,87.1017351930633,12.8982648069367
1984,8.72894025883499,1.73295888647512,89.2300560053282,23.1554094512834,446.150280026641,162,24,0.589922770081741,87.3179110972861,12.682088902714
1984,8.71677980903314,1.73063160909308,90.8573527534185,23.2825703301687,454.286763767092,163,24,0.596286640976481,87.4909332370603,12.5090667629397
1984,8.70937207463303,1.72927733459611,92.4808872031333,23.4078650427842,462.404436015667,164,24,0.601796436531222,87.6097436468267,12.3902563531733
1984,8.7070687903964,1.72901074634588,94.1017756115486,23.5314354349988,470.508878057743,165,24,0.605265785101552,87.662841378051,12.337158621949
1984,8.71074295189319,1.72992455114189,95.7214414857555,23.6534395680604,478.607207428777,166,24,0.608805630694573,87.6385683166599,12.3614316833401
1984,8.72133933933265,1.73208400794689,97.3410603298802,23.7740097657717,486.705301649401,167,24,0.615690327328412,87.5254905949826,12.4745094050174
1984,8.75254540357554,1.73819959759705,98.9613412980808,23.8932381927304,494.806706490404,168,24,0.626233709208869,87.348815227735,12.651184772265
1984,8.81523686563278,1.75042038279064,100.585667824895,24.011406362171,502.928339124476,169,24,0.640867858287919,87.1403421328958,12.8596578671042
1984,8.90445696636919,1.76774985196891,102.219511439995,24.1289326939835,511.097557199977,170,24,0.660097637163301,86.8982142369012,13.1017857630988
1984,9.01393406145604,1.78902689151188,103.867250497944,24.2461399329734,519.336252489722,171,24,0.681718916055404,86.6202535844235,13.3797464155765
1984,9.13721625795904,1.81305413732357,105.532448941423,24.3632798072293,527.662244707116,172,24,0.703376447916944,86.3044977075252,13.6955022924749
1984,9.26865269781349,1.83869962353062,107.217850407206,24.4805363503805,536.089252036031,173,24,0.725334074855858,85.9496131005079,14.0503868994921
1984,9.40328457759347,1.86497000218526,108.925014555195,24.5980045418616,544.625072775976,174,24,0.747861770209354,85.5551962873318,14.4448037126682
1984,9.53705868419766,1.89105058051413,110.65445423545,24.7157043003691,553.272271177252,175,24,0.771298152738847,85.1218592713551,14.8781407286449
1984,9.66559031633864,1.91632295692791,112.405802872934,24.8335956931961,562.029014364668,176,24,0.787892411873484,84.6512288459741,15.3487711540259
1984,9.78618337286493,1.94034948753858,114.179366062905,24.9516849151522,570.896830314527,177,24,0.794497761814273,84.1456377085911,15.8543622914089
1984,9.89873022059833,1.96285704418048,115.975538351399,25.069983622664,579.877691756997,178,24,0.798882920133593,83.6080902277555,16.3919097722445
1984,10.0038817193416,1.98370884903811,117.793137734356,25.1884007116438,588.965688671778,179,24,0.809164010920128,83.0423148203076,16.9576851796924
1984,10.1028690653766,2.00287497754211,119.629487985547,25.3067531036526,598.147439927735,180,24,0.833884331094992,82.4526348687999,17.5473651312001
1984,10.1950966365363,2.02040407099683,121.480449458632,25.4247726664179,607.402247293159,181,24,0.868541605806576,81.8438579741646,18.1561420258354
1984,10.2793960710565,2.03639708877575,123.342663082083,25.5422516091123,616.713315410417,182,24,0.902947735572917,81.2209063146311,18.7790936853689
1984,10.35658356453,2.05098580784584,125.214572959467,25.6591028939849,626.072864797337,183,24,0.938072735278271,80.5885954960383,19.4114045039617
1984,10.4275402924219,2.06431668103163,127.094591450589,25.7752412466501,635.472957252943,184,24,0.974943235705327,79.9517801416172,20.0482198583828
1984,10.4931670995212,2.07653752202454,128.9811008826,25.8905831688098,644.905504412998,185,24,1.01480606570114,79.3152941688835,20.6847058311165
1984,10.5528826146626,2.08778730254924,130.872413495414,26.0050444274998,654.362067477069,186,24,1.04827443877902,78.6839072789873,21.3160927210127
1984,10.6063834354265,2.09818919618442,132.768601794736,26.1186491882602,663.843008973681,187,24,1.0677452270536,78.0620592093317,21.9379407906683
1984,10.6548564599863,2.10784535690441,134.671197107122,26.2315068583212,673.355985535608,188,24,1.0777450378231,77.45386162394,22.54613837606
1984,10.6993775602805,2.11683476820658,136.58106134911,26.3436835342732,682.905306745551,189,24,1.08328458046214,76.8633599186845,23.1366400813155
1984,10.7409242674464,2.12521262291644,138.498268079725,26.4551972150284,692.491340398625,190,24,1.08965041617307,76.2964312302445,23.7035687697555
1984,10.7802692011461,2.13300078847511,140.42202781704,26.5660158222793,702.1101390852,191,24,1.10192471447214,75.7563100300676,24.2436899699324
1984,10.8172587284823,2.14019653008825,142.350688170666,26.6760595775074,711.753440853328,192,24,1.11915174149665,75.2459727078252,24.7540272921747
1984,10.8512214144958,2.14677252246376,144.282756481496,26.7852607568075,721.413782407479,193,24,1.1372930213161,74.7691905420775,25.2308094579225
1984,10.8813525797388,2.1526768829988,146.217412885668,26.8935917113007,731.08706442834,194,24,1.152051904552,74.3295552673757,25.6704447326244
1984,10.906730754895,2.15783516450802,148.154535211249,27.0010643923242,740.772676056247,195,24,1.15895879088495,73.9305158815528,26.0694841184472
1984,10.3806741847934,2.05406209182817,150.09471006837,27.1077291603952,750.473550341849,196,24,1.14538929085145,72.9377655147211,27.0622344852788
1984,10.3968131123423,2.05756679878253,151.931711552653,27.2078397055286,759.658557763267,197,24,1.14370768717788,72.6354550145532,27.3645449854467
1984,10.4080240523998,2.05997775979312,153.77160589778,27.3072658073479,768.858029488898,198,24,1.14690238057691,72.3843725115134,27.6156274884866
1984,10.4165340622397,2.06160813516418,155.612400227533,27.4059142153657,778.062001137665,199,24,1.16037525962586,72.1939997855414,27.8060002144586
1984,10.4242841932851,2.06271536189311,157.451466918607,27.5036611654557,787.257334593035,200,24,1.18992405793656,72.0728068540384,27.9271931459616
1984,10.4308854551401,2.06332142371729,159.285407694147,27.6003464395629,796.427038470737,201,24,1.23229532781124,72.0164554326371,27.9835445673629
1984,10.4352975025742,2.06343275716733,161.11139843841,27.6958448059567,805.556992192052,202,24,1.27886200901763,72.0221616789254,27.9778383210746
1984,10.4374382053334,2.06307901626243,162.928133689244,27.7901133782291,814.640668446219,203,24,1.32778058208078,72.0872084203531,27.9127915796469
1984,10.4373290330605,2.06230882853445,164.734661114816,27.8831285936832,823.67330557408,204,24,1.37697830019671,72.2090179592986,27.7909820407014
1984,10.4350707950348,2.06118690834305,166.530448064714,27.97488883697,832.652240323568,205,24,1.42404038876447,72.3850756982839,27.6149243017161
1984,10.4296366524299,2.05979113311611,168.315465761875,28.0654178576651,841.577328809377,206,24,1.45363932116621,72.6128522399923,27.3871477600078
1984,10.421006100398,2.05821152091911,170.092546157589,28.1548820577216,850.462730787944,207,24,1.45959564511201,72.889473973711,27.110526026289
1984,10.4108555662306,2.05654488450699,171.865752081308,28.2435042112578,859.328760406539,208,24,1.45402851187775,73.2118504113229,26.7881495886771
1984,10.4008549236385,2.05488876416426,173.637056077867,28.3313973236142,868.185280389337,209,24,1.44935558665067,73.5769677843647,26.4230322156353
1984,10.3926660166925,2.05333905645653,175.406280393138,28.4185656220334,877.031401965688,210,24,1.45795688578841,73.9818033716067,26.0181966283933
1984,10.3875806555809,2.05198033300016,177.171104111719,28.5049087213665,885.855520558596,211,24,1.48932024768704,74.4288196015735,25.5711803984265
1984,9.826200403108,1.9405031823074,178.927568974098,28.5902497065498,894.63784487049,212,24,1.51637969390249,74.2318940154013,25.7681059845987
1985,8.7239073606123,1.73218849559132,54.5,19.9420239553624,272.5,141,24,0.393877051784583,84.119359537163,15.880640462837
1985,8.70900222735646,1.72921429212083,56.1659794763997,20.1248156503778,280.829897381998,142,24,0.403486588448911,83.9115718133906,16.0884281866094
1985,8.69171192144735,1.72593779839054,57.8270507596534,20.3033443022183,289.135253798267,143,24,0.40995997923441,83.7529070100726,16.2470929899274
1985,8.67166170031814,1.72237933236154,59.4833632249987,20.4778372091537,297.416816124994,144,24,0.411440617774271,83.6424560017113,16.3575439982887
1985,8.64942462794385,1.7185547909072,61.1353625251782,20.648534347858,305.676812625891,145,24,0.409605687970569,83.5790055751395,16.4209944248605
1985,8.6262325173952,1.71447388974797,62.7832733846411,20.8156354745261,313.916366923205,146,24,0.408665064104733,83.5623655306929,16.4376344693071
1985,8.60268538345931,1.71015796060383,64.4267248038798,20.9792669872586,322.133624019399,147,24,0.41038838546099,83.5885393782278,16.4114606217722
1985,8.57932338505878,1.70561739557406,66.0651117422245,21.1395235456756,330.325558711122,148,24,0.416608020907027,83.6568937866527,16.3431062133473
1985,8.55670167715801,1.70086761887046,67.697570595703,21.2964684705076,338.487852978515,149,24,0.429366248770988,83.7655497906761,16.2344502093239
1985,8.53521518220422,1.6959274143377,69.3229402107791,21.4501326722846,346.614701053896,150,24,0.450512415635423,83.9122069935946,16.0877930064054
1985,9.00274882084289,1.787840470682,70.9397684227777,21.6005178056876,354.698842113889,151,24,0.481179045257747,84.5073746252491,15.4926253747509
1985,8.98026771798061,1.78235034806421,72.6439534210775,21.7564641350098,363.219767105388,152,24,0.511884358403376,84.6980503403819,15.3019496596181
1985,8.9563327803753,1.77676644794552,74.3374814639808,21.9089293613423,371.687407319904,153,24,0.539946687120409,84.9180580658387,15.0819419341613
1985,8.93005699892701,1.77114253925619,76.0205880992019,22.0580762902428,380.102940496009,154,24,0.559237107421305,85.1644503202014,14.8355496797986
1985,8.90104594230395,1.76552381481835,77.6945570745872,22.2041478378778,388.472785372936,155,24,0.565683968558602,85.4317247253602,14.5682752746398
1985,8.87036000564979,1.75996231535856,79.3614073731756,22.3474346324647,396.807036865878,156,24,0.562525192156077,85.7133105904114,14.2866894095886
1985,8.83931458770212,1.75453258210219,81.0227222342086,22.4881734148408,405.113611171043,157,24,0.554258201472379,86.003048934673,13.996951065327
1985,8.80928828408227,1.74932349770683,82.6794482392263,22.6265344898828,413.397241196131,158,24,0.54538747964344,86.2942009955366,13.7057990044634
1985,8.78171514426402,1.74443858345726,84.3319065317196,22.7626274320313,421.659532658598,159,24,0.540151178704945,86.579380272003,13.420619727997
1985,8.75839289775713,1.73999514088953,85.9798571711679,22.8965104920937,429.899285855839,160,24,0.544084312492767,86.8504929309312,13.1495070690688
1985,8.74002910223911,1.73612189020833,87.6223124983475,23.0281791704768,438.111562491737,161,24,0.557753971130125,87.0987357024978,12.9012642975022
1985,8.72650127889687,1.73295456434536,89.2583127003121,23.1576312300006,446.291563501561,162,24,0.57794751251721,87.3145094417062,12.6854905582938
1985,8.71770019617019,1.73062778351212,90.8875157494598,23.2849122991815,454.437578747299,163,24,0.601287665046008,87.487410173093,12.512589826907
1985,8.71350396189117,1.7292742276712,92.5102329587231,23.4101156160483,462.551164793616,164,24,0.623832392474082,87.6064044927775,12.3935955072225
1985,8.71416558123306,1.72900840237875,94.1275393727534,23.53338754594,470.637696863767,165,24,0.643611625265407,87.6599711426847,12.3400288573153
1985,8.72031531778867,1.72992293491893,95.7409543091469,23.6549006023115,478.704771545734,166,24,0.661235404419147,87.6364274062484,12.3635725937516
1985,8.7321782837202,1.73208311327283,97.3520007437286,23.774819437855,486.760003718643,167,24,0.675891541282237,87.5243005641874,12.4756994358126
1985,8.76331840311353,1.73819949919753,98.9624086937656,23.8933162870257,494.812043468828,168,24,0.686772024892104,87.348699543722,12.651300456278
1985,8.82446315137068,1.75042142074939,100.576782097742,24.010763565087,502.88391048871,169,24,0.69309974973167,87.1413044485848,12.8586955514152
1985,8.91115037944976,1.76775252580983,102.202025128305,24.1276818173547,511.010125641527,170,24,0.698197745848266,86.9001116797194,13.0998883202806
1985,9.01797758253589,1.78903157866988,103.843483987901,24.2444586141377,519.217419939507,171,24,0.704776675846939,86.6228439209794,13.3771560790206
1985,9.13856667429756,1.81306092760578,105.504881257286,24.3613510586462,527.524406286432,172,24,0.71086741510393,86.3075223687847,13.6924776312153
1985,9.26685880289909,1.83870816842889,107.18905670715,24.4785439435697,535.945283535752,173,24,0.714469250179802,85.9527994786474,14.0472005213526
1985,9.39746917424515,1.86497931687002,108.898037399561,24.596158285711,544.490186997804,174,24,0.713526935935558,85.5582121542248,14.4417878457752
1985,9.52708693671836,1.8910588512648,110.633183347387,24.714264491424,553.165916736937,175,24,0.712720455304497,85.124264476633,14.875735523367
1985,9.6536188447077,1.91632786348811,112.394255197509,24.8328225729411,561.971275987544,176,24,0.717724318335103,84.6525507025367,15.3474492974633
1985,9.77470148953978,1.94034944564424,114.17945889411,24.9516910625621,570.897294470551,177,24,0.727504682730557,84.1456269460198,15.8543730539802
1985,9.88879580215733,1.96285182317539,115.986733411529,25.0707169291648,579.933667057645,178,24,0.741108886231922,83.6067755076915,16.3932244923085
1985,9.99503254727102,1.9836991131502,117.813899391341,25.1897459585482,589.069496956706,179,24,0.757561823109827,83.0398455874989,16.9601544125011
1985,10.0927600086023,2.00286154477135,119.658797602753,25.3086318031284,598.293988013765,180,24,0.774068788820688,82.4491064221903,17.5508935778097
1985,10.1822116547797,2.02038702898175,121.519696367154,25.4272614854111,607.59848183577,181,24,0.79058528401117,81.8390791359106,18.1609208640894
1985,10.2644213724667,2.03637635181305,123.394918505481,25.5455302902368,616.974592527405,182,24,0.810219830894497,81.214476929439,18.785523070561
1985,10.3406090560306,2.05096230688046,125.282370817322,25.6633121631202,626.41185408661,183,24,0.83646341209346,80.5801761598393,19.4198238401607
1985,10.4120739164437,2.06429253001615,127.179504877164,25.7804584409023,635.897524385818,184,24,0.873292246634912,79.9411507698974,20.0588492301026
1985,10.4781508975117,2.07651594151385,129.083235979868,25.8967941042243,645.416179899341,185,24,0.912539615925953,79.3024240899777,20.6975759100223
1985,10.5380627077944,2.08777193161483,130.991979061982,26.012241625568,654.959895309911,186,24,0.944382961913678,78.6687623712848,21.3312376287152
1985,10.5929532453161,2.09818401408315,132.905957244577,26.1268344161608,664.529786222885,187,24,0.971704184681765,78.044595929682,21.955404070318
1985,10.6438853506285,2.10785452464019,134.825044855795,26.2405840792429,674.125224278977,188,24,0.998000065400632,77.4342573591268,22.5657426408732
1985,10.6917993250404,2.11686185121529,136.748628307843,26.353473358035,683.743141539215,189,24,1.02711008889355,76.8419904228689,23.1580095771311
1985,10.7363746825685,2.12525979010753,138.675513175979,26.4654521606212,693.377565879893,190,24,1.05482011194401,76.2738421761214,23.7261578238786
1985,10.7768668947587,2.13306881160637,140.605282960457,26.5765169516855,703.026414802283,191,24,1.07464105025116,75.7330022541435,24.2669977458565
1985,10.8133799423617,2.1402858292852,142.538669137959,26.6867295252542,712.693345689794,192,24,1.08712663382412,75.222142964271,24.777857035729
1985,10.8458985228865,2.14688394269192,144.476312014597,26.7961442967565,722.381560072987,193,24,1.09301364301007,74.7447648642281,25.2552351357719
1985,10.8742845427894,2.1528119512446,146.41870026964,26.904805286338,732.0935013482,194,24,1.09316738551341,74.3042969228781,25.6957030771219
1985,10.8994234064853,2.15799580477999,148.3661207322,27.0127438295856,741.830603660998,195,24,1.0971169860892,73.9041421864291,26.0958578135709
1985,10.3755931103645,2.05427446927488,150.317130391384,27.1198956176791,751.585651956921,196,24,1.09675389947528,72.909894449414,27.0901055505859
1985,10.3935748625314,2.05780218850665,152.162763093475,27.2203714213138,760.813815467374,197,24,1.10902998984746,72.6067402520979,27.3932597479021
1985,10.4052423508155,2.06023174475997,154.008858724073,27.3200262621814,770.044293620366,198,24,1.11510911110042,72.3551510686437,27.6448489313563
1985,10.4112742982458,2.0618773449775,155.855362402843,27.4188737278606,779.276812014215,199,24,1.10763000616184,72.1643666303742,27.8356333696258
1985,10.4140512143543,2.06299987607624,157.703826800514,27.5170119796842,788.519134002573,200,24,1.09524885598403,72.0423463733675,27.9576536266325
1985,10.4153139394438,2.06362576833305,159.55454838438,27.6144701371115,797.772741921898,201,24,1.09071050643546,71.984324831894,28.015675168106
1985,10.4149713750597,2.06376208071637,161.405622264207,27.7111618886515,807.028111321034,202,24,1.09289426376913,71.9874388369914,28.0125611630086
1985,10.4130359439605,2.06343703257859,163.255349975682,27.8070143428541,816.27674987841,203,24,1.1007955590766,72.0490527388845,27.9509472611155
1985,10.4096182298767,2.0626972130231,165.102237064527,27.9019673512852,825.511185322635,204,24,1.11353461274039,72.1666878247235,27.8333121752765
1985,10.4052122658817,2.06160481651239,166.944987852202,27.9959727213918,834.724939261009,205,24,1.13275467623215,72.3379529012251,27.6620470987749
1985,10.4002899035779,2.06023446106575,168.782077597043,28.0889721569272,843.910387985215,206,24,1.15959416080598,72.5605221099335,27.4394778900665
1985,10.3949932664942,2.05867059299242,170.611849314282,28.1809024559039,853.059246571411,207,24,1.1921413202342,72.8320499567981,27.1679500432019
1985,10.3894971030037,2.0570051845374,172.433058115059,28.2717227014513,862.165290575296,208,24,1.228275988353,73.1500369980162,26.8499630019838
1985,10.3840148522537,2.05533473569627,174.244919366068,28.361415786927,871.224596830341,209,24,1.26576263850704,73.5117523288939,26.4882476711061
1985,10.378348373375,2.05375711166785,176.04713938082,28.4499890379533,880.2356969041,210,24,1.29812754823057,73.9141569891085,26.0858430108915
1985,10.372577584986,2.05236052315541,177.840680559757,28.5375105427432,889.203402798787,211,24,1.32134204196151,74.3593449798871,25.6406550201129
1985,9.80969939397207,1.94091117007176,179.627327288106,28.6240860816748,898.136636440531,212,24,1.31931823602439,74.1594787357596,25.8405212642404
1986,8.70516358826154,1.73218849559132,54.5,19.9420239553624,272.5,141,24,0.335274650226991,84.119359537163,15.880640462837
1986,8.68939806304053,1.72920962111298,56.173951202241,20.1256811671912,280.869756011205,142,24,0.34093217724909,83.9097060639368,16.0902939360632
1986,8.6721666069613,1.72592825371473,57.8436125077691,20.3051062191571,289.218062538846,143,24,0.346579469428603,83.7491082682057,16.2508917317943
1986,8.65355112131418,1.72236508788251,59.5086919470357,20.4804791523437,297.543459735179,144,24,0.352159573785656,83.6367726712279,16.3632273287721
1986,8.63437074339389,1.71853648181147,61.1689252254793,20.6519687933221,305.844626127397,145,24,0.359969856072171,83.5716508349135,16.4283491650865
1986,8.61496856106008,1.71445258443523,62.8237523000818,20.8197014344439,314.118761500409,146,24,0.371120811285998,83.5537171762967,16.4462828237033
1986,8.59476312271128,1.71013481496742,64.4724595385078,20.9837787792978,322.362297692539,147,24,0.383643307979589,83.5790267356401,16.4209732643599
1986,8.57312531850887,1.70559339908154,66.1146107316034,21.1443218970969,330.573053658017,148,24,0.395318735981033,83.6468855243034,16.3531144756966
1986,8.54946438335365,1.70084332714325,67.7500874502507,21.3014734453997,338.750437251254,149,24,0.403690122488594,83.7552424775224,16.2447575224776
1986,8.52374883403001,1.6959027192921,69.3791443783561,21.4554011472798,346.895721891781,150,24,0.408080690823405,83.9015139936381,16.0984860063619
1986,8.98432023885648,1.78780749773073,71.0021651195689,21.6062733841914,355.010825597845,151,24,0.413588527177863,84.4961460552169,15.5038539447831
1986,8.95551154764631,1.78231442030149,72.7161818251041,21.7630170193391,363.58090912552,152,24,0.417226159997942,84.6854883751074,15.3145116248926
1986,8.92693316684032,1.77672635034626,74.4236893877895,21.91662546884,372.118446938948,153,24,0.423163277483454,84.9035844343989,15.0964155656011
1986,8.89942172032963,1.77109778354121,76.1242715964297,22.067188543877,380.621357982149,154,24,0.433572912466035,85.1476644880344,14.8523355119656
1986,8.87310402155504,1.76547510448951,77.8172447607607,22.2147670356545,389.086223803803,155,24,0.448433679878459,85.412589435741,14.587410564259
1986,8.84764297089236,1.75991152841417,79.5019546304871,22.3594202083756,397.509773152436,156,24,0.465849676533812,85.692206826346,14.307793173654
1986,8.82317481875974,1.7544821064805,81.1780585113907,22.5012296018879,405.890292556953,157,24,0.485113665111067,85.9806032784852,14.0193967215148
1986,8.79991108913198,1.74927566423132,82.8453821921429,22.6402856166945,414.226910960715,158,24,0.50540465896712,86.271129038552,13.728870961448
1986,8.77814070503383,1.74439523649643,84.5039577399822,22.7766900356472,422.519788699911,159,24,0.52576328235729,86.5563524065412,13.4436475934588
1986,8.7575862097512,1.73995738309453,86.1540666473051,22.9105587996856,430.770333236525,160,24,0.542107062839442,86.8280279916268,13.1719720083732
1986,8.73857960151634,1.73608986982086,87.7967511607914,23.0420618287557,438.983755803957,161,24,0.552514310890332,87.0770294081936,12.9229705918064
1986,8.72238285890339,1.73292768549052,89.433503982508,23.1713953100101,447.16751991254,162,24,0.559393878837395,87.2934248629944,12.7065751370056
1986,8.71024668846302,1.73060376197949,91.0655881235873,23.2987274835577,455.327940617936,163,24,0.565429149386355,87.4666086325307,12.5333913674693
1986,8.70341847396534,1.72925330721244,92.6939797263863,23.4241961517864,463.469898631932,164,24,0.573395126125992,87.5854939696822,12.4145060303178
1986,8.70239955806622,1.72899086650281,94.3193490619094,23.54790920322,471.596745309547,165,24,0.583009141727773,87.6386081780958,12.3613918219042
1986,8.70731838739738,1.72990616006451,95.9425228455228,23.6699810350988,479.712614227614,166,24,0.592707715803535,87.6143177173907,12.3856822826093
1986,8.71870863422085,1.73206565491048,97.5646657918302,23.7905456523319,487.823328959151,167,24,0.603529669919125,87.5011745745343,12.4988254254656
1986,8.75040905144681,1.73817876128337,99.1868411569315,23.9097235064571,495.934205784657,168,24,0.616574478872213,87.3243824724012,12.6756175275988
1986,8.81344786004057,1.75039384582435,100.81265959717,24.0278136361615,504.063297985849,169,24,0.633070803694585,87.115766456969,12.884233543031
1986,8.90219482605008,1.76771497354584,102.447691036584,24.1452417803985,512.238455182922,170,24,0.649781287539909,86.8734621925925,13.1265378074075
1986,9.01037623985492,1.7889816298386,104.097025964411,24.2623811725213,520.485129822057,171,24,0.664286295468663,86.5952183406368,13.4047816593632
1986,9.13247297481749,1.8129969631476,105.764983092104,24.3795348961087,528.824915460521,172,24,0.679331067008564,86.2789933515198,13.7210066484802
1986,9.26331458390288,1.83862963222316,107.454227208391,24.4968785823289,537.271136041954,173,24,0.697894822576892,85.9234644171369,14.0765355828631
1986,9.39844406479191,1.86488587610478,109.165792108704,24.6144687197847,545.828960543522,174,24,0.723261079961165,85.5282813169314,14.4717186830686
1986,9.53287094447483,1.89095570498354,110.899162446255,24.7322545400394,554.495812231273,175,24,0.750456502658596,85.0941993002068,14.9058006997932
1986,9.66241339156472,1.91621790401679,112.653818464669,24.8501870641741,563.269092323343,176,24,0.773249855003252,84.6228493565584,15.3771506434416
1986,9.7852540047803,1.94023690968891,114.42964925177,24.9682463714628,572.148246258852,177,24,0.793719690066616,84.1166315391235,15.8833684608765
1986,9.90042354794818,1.96274075634716,116.225763567627,25.0863622885798,581.128817838133,178,24,0.814254526721488,83.5787153193368,16.4212846806632
1986,10.0076442006624,1.98359323705775,118.040597509861,25.2044240717627,590.202987549305,179,24,0.837428731854802,83.0128945875151,16.9871054124849
1986,10.1063230326714,2.00276426477609,119.872015672223,25.3222890955602,599.360078361117,180,24,0.860558518681382,82.4234484921987,17.5765515078013
1986,10.1960337825931,2.02030122795337,121.718299819522,25.4398472202433,608.591499097611,181,24,0.879321519386361,81.814906449204,18.185093550796
1986,10.2773419980129,2.0363039285115,123.578509893983,25.5570417650589,617.892549469913,182,24,0.893954094265424,81.1918978288425,18.8081021711575
1986,10.350983809337,2.05090401643861,125.451770520854,25.673822506803,627.25885260427,183,24,0.904817229377904,80.559148881984,19.440851118016
1986,10.4177785883982,2.06424808866554,127.337280177825,25.7901459231422,636.686400889127,184,24,0.912370486583078,79.9214098477262,20.0785901522738
1986,10.4786740737929,2.07648447545111,129.234308107924,25.9059746715878,646.171540539618,185,24,0.917893854823112,79.2833970272809,20.7166029727191
1986,10.5346829079227,2.08775314003773,131.142055890859,26.0212689585667,655.710279454294,186,24,0.923387794068427,78.6497632481677,21.3502367518324
1986,10.5866684847409,2.09817879471191,133.059526344768,26.1359788631981,665.297631723842,187,24,0.930383075935754,78.0250832840974,21.9749167159026
1986,10.6353683559236,2.10786476034829,134.985587670645,26.2500486239617,674.927938353224,188,24,0.940315187066717,77.4138139781091,22.5861860218908
1986,10.6814216541366,2.1168901645697,136.918967405169,26.3634165736407,684.594837025845,189,24,0.954838459480044,76.8202838235496,23.1797161764504
1986,10.7255331892711,2.12530931413935,138.858189053954,26.4760117623256,694.290945269772,190,24,0.977028425970247,76.2505802024728,23.7494197975272
1986,10.7676337740381,2.13314261892552,140.801301111811,26.5877388905357,704.006505559057,191,24,1.00611227366842,75.708093339496,24.291906660504
1986,10.806998950215,2.14038572493856,142.746492161037,26.6985143149166,713.732460805185,192,24,1.03753223448678,75.1958228247888,24.8041771752112
1986,10.8427701715704,2.14700978702864,144.692716907686,26.808300619915,723.46358453843,193,24,1.06616775886098,74.7174829328093,25.2825170671907
1986,10.8739580868911,2.15296164282702,146.639781829664,26.9171092064172,733.198909148319,194,24,1.0863629031665,74.2765836223594,25.7234163776406
1986,10.9002886033603,2.15816596690717,148.588425925823,27.0250024893618,742.942129629113,195,24,1.09851344930592,73.8764623040512,26.1235376959488
1986,10.3762201000322,2.05448790389817,150.539253163241,27.1320332833091,752.696265816203,196,24,1.09449497345748,72.882092631407,27.117907368593
1986,10.3931926524461,2.05803034863038,152.385383063837,27.2324332885717,761.926915319186,197,24,1.09809821300389,72.5791059575052,27.4208940424948
1986,10.4040608327111,2.06047361431282,154.233504700951,27.3320960457056,771.167523504754,198,24,1.09722201174489,72.3275156387328,27.6724843612672
1986,10.4103736116678,2.0621312698416,156.083260988624,27.4310169621877,780.416304943121,199,24,1.09161594671311,72.1366047800996,27.8633952199004
1986,10.414585665522,2.06326154952664,157.934654326653,27.5292106165905,789.673271633263,200,24,1.09035535133828,72.0145197779762,27.9854802220238
1986,10.4175768317483,2.06388936819711,159.786362519069,27.6266217447161,798.931812595347,201,24,1.09937715693202,71.9566859951111,28.0433140048889
1986,10.4186949143257,2.06402149038111,161.636052141962,27.72314432085,808.180260709811,202,24,1.113392922107,71.9602809253457,28.0397190746543
1986,10.4174040950125,2.06368687764156,163.48231784206,27.8187235389375,817.4115892103,203,24,1.12703155045602,72.0226235099799,27.9773764900201
1986,10.4132618437807,2.06293383134228,165.324721931215,27.9133557998737,826.623609656073,204,24,1.13464551572673,72.1411037219277,27.8588962780723
1986,10.4071146089012,2.06182705518896,167.163868017834,28.0070904564449,835.819340089171,205,24,1.14038347435753,72.3131098635238,27.6868901364762
1986,10.4001627939124,2.0604428705239,168.999699129918,28.0999420502397,844.99849564959,206,24,1.15097448289178,72.536155603738,27.463844396262
1986,10.3925932033,2.05886610770003,170.831052810544,28.1918693813605,854.155264052721,207,24,1.16452664658845,72.8078520630549,27.1921479369451
1986,10.3846170025161,2.05718887451808,172.657183277513,28.282853127899,863.285916387566,208,24,1.17898254554603,73.1256599601946,26.8743400398054
1986,10.3764687189697,2.05550755403882,174.477799315025,28.3728968941281,872.388996575123,209,24,1.19219875634165,73.4868134633043,26.5131865366957
1986,10.3687776995879,2.0539196578808,176.29308599925,28.4620274367374,881.46542999625,210,24,1.20532845021865,73.8882447598212,26.1117552401788
1986,10.3622315191857,2.05251181401117,178.103124139944,28.5502656399465,890.515620699721,211,24,1.22052296013888,74.3321661828823,25.6678338171177
1986,9.80029801403206,1.94107697182953,179.907702408253,28.63761766662,899.538512041263,212,24,1.22123628893711,74.1305218184009,25.8694781815992
1987,8.70706869957838,1.73218849559132,54.5,19.9420239553624,272.5,141,24,0.34080929208407,84.119359537163,15.880640462837
1987,8.69476520552006,1.72921004646782,56.173225296133,20.1256023566913,280.866126480665,142,24,0.357044733319423,83.9098759562479,16.0901240437521
1987,8.68114588075156,1.72592991062768,57.8407375214117,20.3048003897602,289.203687607058,143,24,0.374447397891803,83.7497676773491,16.2502323226509
1987,8.66602555519319,1.72236882923153,59.5020392410586,20.4797853096509,297.510196205293,144,24,0.392153671950534,83.638265357307,16.361734642693
1987,8.64839110787215,1.71854311321411,61.1567686168037,20.6507249685908,305.783843084019,145,24,0.406273524232112,83.5743146303335,16.4256853696665
1987,8.62800475444764,1.71446238054635,62.8051390938683,20.8178320323739,314.025695469342,146,24,0.415325082350708,83.5576937012368,16.4423062987632
1987,8.6058479665393,1.71014738860131,64.447612827263,20.9813278952298,322.238064136315,147,24,0.422146725262131,83.5841945066094,16.4158054933906
1987,8.58284464110745,1.70560810175836,66.0842804734564,21.1413820284555,330.421402367282,148,24,0.429884718883172,83.6530177753524,16.3469822246476
1987,8.55993111082989,1.70085965383865,67.7147880921383,21.2981096348861,338.573940460692,149,24,0.441919547305617,83.7621703097258,16.2378296902742
1987,8.5369758462601,1.69592066772835,69.338292785767,21.4515720897939,346.691463928835,150,24,0.457745868547122,83.9092858719496,16.0907141280504
1987,9.00169537991463,1.78783293580188,70.9540262910379,21.6018332868629,354.770131455189,151,24,0.477204032840601,84.5048086131057,15.4951913868943
1987,8.97599931464187,1.78234296502101,72.6587954485185,21.7578110407849,363.293977242592,152,24,0.494190639487601,84.6954687317788,15.3045312682212
1987,8.9495721474687,1.77675829559678,74.3550083728663,21.9104945583931,371.775041864332,153,24,0.510483549073809,84.915115063038,15.0848849369621
1987,8.92254747085227,1.77113301424242,76.042655268582,22.0600163949563,380.21327634291,154,24,0.525363416571912,85.1608772388815,14.8391227611185
1987,8.89489383755602,1.76551296179014,77.7218967380997,22.2065152261475,388.609483690499,155,24,0.537487027918597,85.4274599308584,14.5725400691416
1987,8.86685359332453,1.75995084639771,79.3931555367784,22.350143342078,396.965777683892,156,24,0.54652865801736,85.7085426158277,14.2914573841723
1987,8.83904959247062,1.7545214595258,81.0569678196699,22.4910532925641,405.284839098349,157,24,0.55346458214502,85.9980995956495,14.0019004043505
1987,8.81214709417014,1.74931360270571,82.7137988295515,22.6293827383256,413.568994147757,158,24,0.559243018627753,86.2894238301935,13.7105761698065
1987,8.78689243294752,1.74443049172389,84.3640569783005,22.7652567666019,421.820284891502,159,24,0.56492156801322,86.5750762762521,13.4249237237479
1987,8.76434434135982,1.73998903064664,86.0080881743826,22.8987883952939,430.040440871913,160,24,0.572808511204083,86.8468516924632,13.1531483075368
1987,8.74527793354792,1.73611755212353,87.6459881555914,23.0300645209917,438.229940777957,161,24,0.583667467647805,87.0957890149117,12.9042109850883
1987,8.73006278719012,1.73295157305178,89.2778546930444,23.1591674988913,446.389273465222,162,24,0.596085870474748,87.3121570455988,12.6878429544012
1987,8.71907172491503,1.73062431319209,90.9041417112948,23.2862029701148,454.520708556474,163,24,0.60860534924817,87.4854602278748,12.5145397721252
1987,8.71269176167251,1.72927259185985,92.5256690751687,23.4112992369849,462.628345375844,164,24,0.619613594065651,87.6046481683346,12.3953518316654
1987,8.71133002730414,1.7290069346923,94.1436561870728,23.5346085218394,470.718280935364,165,24,0.628215914943516,87.6581757275382,12.3418242724618
1987,8.71577768203553,1.72992139069698,95.7595824483801,23.6562952016865,478.7979122419,166,24,0.636055849833154,87.6343836578882,12.3656163421118
1987,8.72672106555114,1.73208125128654,97.3747563799675,23.7765033212552,486.873781899838,167,24,0.645096472094515,87.5218254495432,12.4781745504568
1987,8.75818026995577,1.73819693359962,98.9902307256063,23.8953516343669,494.951153628032,168,24,0.657428719693931,87.3456843092991,12.6543156907009
1987,8.82135968077989,1.75041760516879,100.609443609167,24.0131261173857,503.047218045835,169,24,0.675334382109447,87.1377673444233,12.8622326555767
1987,8.91071622544204,1.7677470835661,102.237617045603,24.1302277144201,511.188085228013,170,24,0.696008089669685,86.8962496836276,13.1037503163724
1987,9.01980968482696,1.78902449095492,103.879424682709,24.24700106984,519.397123413545,171,24,0.716018588018989,86.618926769151,13.381073230849
1987,9.14289094765681,1.8130525394863,105.538937458448,24.3637337195178,527.69468729224,172,24,0.737011236480939,86.3037858346792,13.6962141653208
1987,9.27453901138002,1.83869935769608,107.218746411162,24.4805983442229,536.09373205581,173,24,0.760752481683789,85.9495139505733,14.0504860494267
1987,9.41004885821262,1.86497173184225,108.920004067059,24.597661659369,544.600020335297,174,24,0.789267906392294,85.5557564097054,14.4442435902946
1987,9.54447950736973,1.89105522205557,110.642515818709,24.714896222497,553.212579093546,175,24,0.817475572525933,85.1232091898012,14.8767908101988
1987,9.67385994394455,1.91633132334889,112.386114272318,24.8322775023402,561.930571361588,176,24,0.839773494112863,84.6534826168347,15.3465173831653
1987,9.79625391689198,1.94036231317658,114.150957186735,24.9498034766653,570.754785933677,177,24,0.857716221530543,84.1489314895316,15.8510685104684
1987,9.91057796174532,1.96287526235751,115.936503019939,25.0674263176423,579.682515099697,178,24,0.873141325116711,83.6126747980865,16.3873252019135
1987,10.0164494654568,1.98373303383597,117.741624889865,25.1850622346164,588.708124449324,179,24,0.88806227945972,83.0484420771632,16.9515579228368
1987,10.1137664514921,2.00290471484023,119.564715584835,25.3026001584559,597.823577924176,180,24,0.902827721579196,82.4604337368052,17.5395662631948
1987,10.2025791175886,2.02043731581071,121.404076693691,25.4199279268775,607.020383468456,181,24,0.916163848953332,81.8531592442325,18.1468407557675
1987,10.2833305362506,2.03643069305812,123.258273535935,25.5369546801914,616.291367679673,182,24,0.927622348974006,81.2312919518854,18.7687080481146
1987,10.3566277073319,2.05101664107823,125.126048604136,25.6536044164856,625.63024302068,183,24,0.93676922880076,80.5995919029423,19.4004080970577
1987,10.4231515109048,2.06434195099852,127.006351461266,25.769817089273,635.031757306329,184,24,0.943162662679899,79.9628296086783,20.0371703913217
1987,10.4841915014334,2.07655518754261,128.898355053314,25.8855487998183,644.49177526657,185,24,0.950453543447589,79.325724834584,20.674275165416
1987,10.5409242737174,2.08779668418816,130.800758864352,26.0007290112326,654.003794321759,186,24,0.961836501889175,78.6929870592307,21.3070129407693
1987,10.5937778299903,2.0981914786898,132.711857677638,26.1152659940565,663.559288388188,187,24,0.975971338167778,78.0692765837911,21.9307234162089
1987,10.6430514319268,2.10784302542849,134.630298948556,26.2290925968681,673.151494742782,188,24,0.991367649426796,77.4590753407437,22.5409246592563
1987,10.6889327818404,2.11683063848503,136.555087087404,26.3421652815331,682.775435437021,189,24,1.00655533059692,76.8666738016225,23.1333261983775
1987,10.731714371215,2.12520927385501,138.485557066348,26.4544614370468,692.42778533174,190,24,1.0216159641117,76.298051894757,23.701948105243
1987,10.7717536563224,2.13300044095838,140.421085011239,26.5659617716806,702.105425056195,191,24,1.03834957545001,75.7564299950207,24.2435700049793
1987,10.8091155127439,2.14020128796629,142.360757542551,26.6766313718356,711.803787712753,192,24,1.05740641891382,75.2446957029914,24.7553042970086
1987,10.8437514746862,2.14678443693555,144.303543352151,26.7864300806864,721.517716760756,193,24,1.0795578064512,74.7665662475527,25.2334337524473
1987,10.8754856082237,2.1526974974478,146.248246442263,26.8953101240355,731.241232211314,194,24,1.10564046187588,74.3256845224622,25.6743154775378
1987,10.9036105256015,2.15786462641038,148.193467703577,27.0032143228901,740.967338517886,195,24,1.13335786882922,73.9256609358815,26.0743390641185
1987,10.381026554607,2.05410344123562,150.138125464292,27.1101049818806,750.690627321461,196,24,1.14685120048702,72.9323226975848,27.0676773024152
1987,10.400233222002,2.05761067809649,151.974889529197,27.2101825905169,759.874447645985,197,24,1.17075396902569,72.6300862957609,27.3699137042391
1987,10.4136275674889,2.06001880533568,153.810042492835,27.3093340200921,769.050212464175,198,24,1.19275355517198,72.3796359837245,27.6203640162755
1987,10.4227646386667,2.06164170365837,155.642772265294,27.4075350195413,778.213861326471,199,24,1.21248086853972,72.1902933752471,27.8097066247529
1987,10.4284809405849,2.06273918267186,157.472651555605,27.5047824879199,787.363257778025,200,24,1.22558568732537,72.0702482820193,27.9297517179806
1987,10.4309221973286,2.06333820526831,159.300290342345,27.6011278706378,796.501451711726,201,24,1.23196200460485,72.0146775476528,27.9853224523472
1987,10.4307843577978,2.06344943918599,161.126348508414,27.6966235658783,805.631742542072,202,24,1.23723324820835,72.0203960915736,27.9796039084264
1987,10.4288724596579,2.06310340572045,162.950499999115,27.7912693676465,814.752499995573,203,24,1.24722682832416,72.0845983579981,27.9154016420019
1987,10.4260813374384,2.06234751968191,164.771414335385,27.8850135626862,823.857071676925,204,24,1.26803754432408,72.2047819916397,27.7952180083603
1987,10.4222070017943,2.06124340916286,166.586721684473,27.9777531105383,832.933608422366,205,24,1.29537952614938,72.3786732433323,27.6213267566677
1987,10.4169315304787,2.05986623444116,168.394869925587,28.069429345141,841.974349627937,206,24,1.32298190451507,72.6039389525574,27.3960610474426
1987,10.4109632016263,2.05830207239285,170.195498664592,28.1600450304784,850.97749332296,207,24,1.35351473939483,72.8780786173682,27.1219213826318
1987,10.4050663667666,2.05664339229936,171.987855810369,28.2495832754499,859.939279051845,208,24,1.39014502832435,73.1985326892557,26.8014673107443
1987,10.4000018126964,2.05498618617417,173.770709712581,28.3380038923077,868.853548562904,209,24,1.43619964966177,73.5626136723152,26.4373863276848
1987,10.3952366345839,2.05342713367234,175.542316864105,28.4252426176592,877.711584320527,210,24,1.48153662193033,73.9674285361634,26.0325714638366
1987,10.390247676173,2.05205448377457,177.302857380496,28.5113305942819,886.514286902478,211,24,1.51521665728646,74.4151339013074,25.5848660986926
1987,9.82688240952474,1.94057662565829,179.05459539297,28.5963988324774,895.272976964849,212,24,1.52087559686298,74.2187331704377,25.7812668295623
1988,8.71298290111681,1.73218849559132,54.5,19.9420239553624,272.5,141,24,0.358579795578424,84.119359537163,15.880640462837
1988,8.69948687890174,1.7292114359237,56.1708540357418,20.125344907683,280.854270178709,142,24,0.371822644008045,83.9104309343021,16.0895690656979
1988,8.68445967266386,1.72593243632391,57.8363550216224,20.3043341768089,289.181775108112,143,24,0.38523945575149,83.7507728686766,16.2492271313234
1988,8.66776572702922,1.72237213499546,59.4961611053224,20.4791722056193,297.480805526612,144,24,0.398008401547441,83.6395842906084,16.3604157093916
1988,8.64925012752101,1.71854676873284,61.1500675961487,20.6500392682379,305.750337980743,145,24,0.409207479781464,83.5757830452216,16.4242169547784
1988,8.62875089085908,1.71446612594575,62.798023120843,20.8171172434403,313.990115604215,146,24,0.417918901659906,83.5592140485335,16.4407859514665
1988,8.60656075676228,1.7101511770292,64.4401273598615,20.9805893982931,322.200636799308,147,24,0.424664829669591,83.5857514946068,16.4142485053932
1988,8.58307384167466,1.70561190590522,66.0764339937041,21.1406213272622,330.38216996852,148,24,0.430633220999545,83.6546043319931,16.3453956680069
1988,8.55871152145535,1.70086333161118,67.7068378120333,21.2973518537416,338.534189060166,149,24,0.437115959740134,83.763730773553,16.236269226447
1988,8.53390313096602,1.69592384632268,69.3310593738826,21.4508939315817,346.655296869413,150,24,0.445465026442253,83.9106621436635,16.0893378563365
1988,8.99702449220925,1.78783578514127,70.9486345747174,21.6013358497768,354.743172873587,151,24,0.458917587517545,84.5057789522373,15.4942210477627
1988,8.97036845469806,1.78234429245458,72.6561269023983,21.7575688858419,363.280634511992,152,24,0.471446152747953,84.6959328854461,15.3040671145539
1988,8.94357014610216,1.77675794478885,74.3557625847827,21.9105619056434,371.778812923914,153,24,0.485457889194031,84.9149884250236,15.0850115749764
1988,8.91689604446241,1.77113104640536,76.0472142018442,22.0604171590269,380.236071009221,154,24,0.501056949107964,85.1601390985328,14.8398609014672
1988,8.89055395656207,1.76550967077774,77.7301866096002,22.2072329456347,388.650933048001,155,24,0.518290532984772,85.4261668482802,14.5738331517198
1988,8.86422087879869,1.75994677789605,79.4044165892767,22.3511039381955,397.022082946384,156,24,0.534645967837569,85.7068515381164,14.2931484618837
1988,8.83793816992049,1.75451720046682,81.0700786533049,22.4921556218091,405.350393266524,157,24,0.548440997723264,85.9962048959548,14.0037951040452
1988,8.812510743283,1.7493095996253,82.7276918195302,22.6305344694522,413.638459097651,158,24,0.561148611631294,86.2874918621492,13.7125081378508
1988,8.78882311004918,1.74442707162506,84.3776412563023,22.766367509,421.888206281512,159,24,0.57446555941418,86.5732578640356,13.4267421359644
1988,8.76781129800949,1.73998641912796,86.0201494412227,22.8997614359198,430.100747206113,160,24,0.590187136900635,86.8452961169971,13.1547038830029
1988,8.74973208675013,1.73611585132836,87.6552667486011,23.0308033012422,438.276333743006,161,24,0.606487444004666,87.0946342470125,12.9053657529875
1988,8.73478053190344,1.7329507147476,89.2834598344925,23.1596080967002,446.417299172462,162,24,0.620794667619475,87.3114823408302,12.6885176591698
1988,8.72383579726143,1.73062410924955,90.9057484525443,23.2863276924795,454.528742262722,163,24,0.634079192705275,87.4852725751674,12.5147274248326
1988,8.71777515563695,1.72927286060304,92.523133802801,23.4111048451085,462.615669014005,164,24,0.64730902109418,87.6049366274552,12.3950633725448
1988,8.71736653590872,1.72900757752588,94.1365986102473,23.5340738726183,470.682993051237,165,24,0.661671942351356,87.6589619336494,12.3410380663506
1988,8.72308946721817,1.7299224304628,95.7470412771846,23.6553563251933,478.735206385923,166,24,0.677260824188536,87.6357595766136,12.3642404233864
1988,8.73505504827738,1.7320828321815,97.3554371680306,23.7750737457513,486.777185840153,167,24,0.69283971698501,87.5239267777807,12.4760732222193
1988,8.76673760556293,1.73819944185973,98.9630306585422,23.8933617918114,494.815153292711,168,24,0.707186109340141,87.3486321355148,12.6513678644852
1988,8.82879011470056,1.75042174512773,100.574005051384,24.010562664316,502.870025256918,169,24,0.719054518678468,87.1416052044528,12.8583947955472
1988,8.91597993132958,1.76775361188347,102.194922688481,24.1271737044366,510.974613442406,170,24,0.727105006951062,86.9008823909218,13.0991176090782
1988,9.02261971457678,1.78903392939191,103.831566469312,24.2436154298441,519.157832346562,171,24,0.732392583031016,86.6241428836821,13.3758571163179
1988,9.14309274135747,1.81306499580372,105.488369822217,24.3601956825312,527.441849111085,172,24,0.737563890746453,86.3093340696526,13.6906659303474
1988,9.27182918342236,1.83871438649106,107.168112443451,24.4770944514325,535.840562217255,173,24,0.743499722789911,85.955117374766,14.044882625234
1988,9.40395970058156,1.86498821394041,108.872282831085,24.5943954032345,544.361414155423,174,24,0.751054382026438,85.5610915529348,14.4389084470652
1988,9.53553895695229,1.89107128528136,110.601223665825,24.7121008040524,553.006118329124,175,24,0.76119953862937,85.1278785889497,14.8721214110503
1988,9.66409290834235,1.91634485366621,112.354293138936,24.8301466740314,561.771465694679,176,24,0.777820475109852,84.6571254821852,15.3428745178148
1988,9.78746012126264,1.94037197217167,114.129576503831,24.948387280045,570.647882519153,177,24,0.801334238593322,84.1514105934136,15.8485894065864
1988,9.90345815316865,1.96288080198324,115.924642326145,25.0666491741973,579.623211630723,178,24,0.826998934226255,83.6140679074643,16.3859320925357
1988,10.0105424976789,1.9837349392437,117.737570114792,25.1847994069715,588.68785057396,179,24,0.849470142377802,83.0489244203685,16.9510755796315
1988,10.107668703383,2.00290357367528,119.567198358503,25.3027593727903,597.835991792517,180,24,0.862874472645095,82.4601347694046,17.5398652305954
1988,10.1954481154365,2.02043328202401,121.413330229212,25.4205150419985,607.066651146061,181,24,0.869454083862424,81.8520321457785,18.1479678542215
1988,10.2752866732929,2.03642384517636,123.275441472204,25.5380324750292,616.377207361022,182,24,0.874969288104833,81.2291788767671,18.7708211232329
1988,10.3476681180113,2.05100753749119,125.15213569376,25.6552250350259,625.760678468798,183,24,0.878231530052296,80.5963510148432,19.4036489851568
1988,10.4131609124616,2.06433162060233,127.042349805602,25.7720302430478,635.211749028009,184,24,0.878135400572132,79.9583214203765,20.0416785796235
1988,10.4723212903633,2.07654513364014,128.945354289779,25.8884085736548,644.726771448897,185,24,0.87349684405587,79.319799844998,20.680200155002
1988,10.5271506358312,2.08778881881276,130.86076642201,26.0043430919865,654.303832110052,186,24,0.872438677694982,78.6853829663652,21.3146170336348
1988,10.5792831649562,2.09818847477649,132.786977852447,26.1197445883969,663.934889262236,187,24,0.881094405692577,78.0597223010422,21.9402776989578
1988,10.628535246603,2.10784828414869,134.721479286328,26.2344743681822,673.60739643164,188,24,0.895097489737382,77.4474529009008,22.5525470990992
1988,10.6746048724051,2.11684785105578,136.662597191284,26.3484481766638,683.312985956422,189,24,0.910107860817411,76.8529598059188,23.1470401940812
1988,10.7170461624691,2.12524211189422,138.609464749279,26.4616318368582,693.047323746395,190,24,0.921467163796586,76.2822575914679,23.7177424085321
1988,10.7566312272706,2.13305268101335,140.562056625359,26.5740407989261,702.810283126793,191,24,0.933396732760222,75.7384983021546,24.2615016978454
1988,10.7941158730889,2.14027675168894,142.519656456749,26.6856507964652,712.598282283747,192,24,0.950995986113778,75.2245521674223,24.7754478325777
1988,10.8287661327951,2.14688646846787,144.480678194603,26.796389687843,722.403390973014,193,24,0.970519499503425,74.7442141406991,25.2557858593009
1988,10.8596891192183,2.1528291030137,146.444137455695,26.9062216087952,732.220687278475,194,24,0.987770843175142,74.3011067483277,25.6988932516723
1988,10.8858858864981,2.15802905817347,148.409709882677,27.0151484911647,742.048549413387,195,24,0.998383555042022,73.8987123494152,26.1012876505848
1988,10.3619732433568,2.05433257897286,150.377743823625,27.123209014535,751.888719118126,196,24,0.991893000520922,72.9023046503844,27.0976953496156
1988,10.3789725619058,2.05788283782187,152.24160294991,27.2246444828344,761.20801474955,197,24,0.995339093715691,72.5969500337116,27.4030499662884
1988,10.3906334415537,2.06033776923407,154.107486636412,27.3253268546217,770.537433182061,198,24,1.00005054865211,72.3430141059664,27.6569858940336
1988,10.3987943044994,2.06200940761833,155.974041445667,27.4251989057924,779.870207228337,199,24,1.00796181912707,72.1499054310382,27.8500945689618
1988,10.405011352128,2.06315396126933,157.839894730614,27.5242043218781,789.199473653071,200,24,1.0210656483023,72.0259391561882,27.9740608438118
1988,10.4095373431118,2.06379508699015,159.703586696763,27.6222840792597,798.517933483815,201,24,1.0405617764295,71.9665514431982,28.0334485568018
1988,10.4121819432789,2.06393963725535,161.563468516682,27.7193712327881,807.817342583408,202,24,1.06507718141307,71.9688320206517,28.0311679793483
1988,10.4128045109892,2.06361609280863,163.418128526195,27.8154131833098,817.090642630975,203,24,1.09271098969827,72.030094967992,27.969905032008
1988,10.4113461929851,2.06287180720748,165.266507809851,27.9103769956806,826.332539049254,204,24,1.12127493259692,72.1477951966834,27.8522048033166
1988,10.4078320766054,2.06177019988623,167.107974036514,28.0042523590229,835.539870182572,205,24,1.14836891694885,72.3194513604955,27.6805486395045
1988,10.4021142502487,2.06038787676958,168.942380541013,28.097053683198,844.711902705063,206,24,1.16933556758866,72.5425709745475,27.4574290254525
1988,10.3945458869873,2.05881198070406,170.770483038031,28.1888400085156,853.852415190153,207,24,1.18307639751775,72.8145359100929,27.1854640899071
1988,10.3859759173114,2.05713643332075,172.593327642737,28.2796829777312,862.966638213684,208,24,1.19255388526662,73.1326027267217,26.8673972732783
1988,10.3772577746466,2.05545827140061,174.411537678853,28.3696312473703,872.057688394265,209,24,1.20081805505292,73.4939067606512,26.5060932393488
1988,10.3692552425319,2.05387473986281,176.225297313165,28.4587105393703,881.126486565823,210,24,1.21111309010152,73.8953840777378,26.1046159222622
1988,10.3625192891398,2.0524720240123,178.034315082191,28.5469226985223,890.171575410957,211,24,1.22446582735683,74.3392892498812,25.6607107501187
1988,9.80038881641216,1.94103575001397,179.838205144972,28.6342649305639,899.19102572486,212,24,1.22365179593232,74.1376963485282,25.8623036514718
1989,8.71465620112412,1.73218849559132,54.5,19.9420239553624,272.5,141,24,0.363773704828379,84.1193595371629,15.880640462837
1989,8.7003071216782,1.72921184850349,56.1701499138933,20.125268459339,280.850749569466,142,24,0.374447196113849,83.9105957306752,16.0894042693248
1989,8.68482943744296,1.72593305008261,57.835290040302,20.3042208797398,289.17645020151,143,24,0.386454209977267,83.7510171411687,16.2489828588313
1989,8.66873934715512,1.72237282896417,59.4949271303018,20.4790434936246,297.474635651509,144,24,0.401353208381586,83.6398611740661,16.3601388259339
1989,8.65091155246159,1.71854770060251,61.1483593893758,20.649864462909,305.741796946879,145,24,0.415113407757484,83.5761573771822,16.4238426228178
1989,8.63069060549856,1.71446747187739,62.7954660223336,20.8168603729008,313.977330111668,146,24,0.424978770115546,83.5597603919866,16.4402396080134
1989,8.60932931623437,1.71015298951515,64.4365462457487,20.9802360736529,322.182731228744,147,24,0.434970094101388,83.586496390281,16.413503609719
1989,8.58801965056308,1.70561437300774,66.0713455627419,21.1401279799664,330.35672781371,148,24,0.449553719751088,83.6556332413382,16.3443667586618
1989,8.56796878660946,1.70086697862923,67.6989544819617,21.2966003927033,338.494772409808,149,24,0.473887626648936,83.7652781496858,16.2347218503142
1989,8.54834128315758,1.69592972905227,69.3176732314255,21.4496388028102,346.588366157127,150,24,0.505447482243638,83.9132091808873,16.0867908191127
1989,9.01664433589463,1.78784767331366,70.9261397013576,21.5992601995497,354.630698506788,151,24,0.539956044065153,84.5098275437601,15.4901724562399
1989,8.99306214644693,1.78236159298818,72.6213485510338,21.7544123870092,363.106742755169,152,24,0.569204559514313,84.701982491855,15.298017508145
1989,8.9677413393507,1.77678110428811,74.3059717157449,21.90611481459,371.529858578725,153,24,0.593536786422317,84.9233494532035,15.0766505467965
1989,8.94061500351769,1.77115978060455,75.9806424746232,22.0545633462371,379.903212373116,154,24,0.610429673388929,85.1709189659475,14.8290810340525
1989,8.91167848922282,1.76554289564666,77.6464851491037,22.1999837991756,388.232425745518,155,24,0.617933006111165,85.4392245740898,14.5607754259102
1989,8.88150301658464,1.75998268282084,79.3050129688871,22.3426212766785,396.525064844435,156,24,0.617234938057904,85.7217811932399,14.2782188067601
1989,8.85092771143411,1.75455371945141,80.9576155502246,22.4826959368565,404.788077751123,157,24,0.610705013994721,86.0124599485403,13.9875400514597
1989,8.82083994319905,1.74934482176076,82.605376182106,22.6203898480234,413.02688091053,158,24,0.600741479560276,86.3045039561071,13.6954960438929
1989,8.79220868023063,1.74445941259462,84.2490757215835,22.7558501251874,421.245378607918,159,24,0.58975734314651,86.5904707364058,13.4095292635942
1989,8.76719932813955,1.74001473858194,85.8892059491908,22.8891924999891,429.446029745954,160,24,0.585667629949926,86.862187095085,13.1378129049149
1989,8.74724809037912,1.7361396745016,87.5251084429225,23.0204348502699,437.625542214612,161,24,0.592382917888017,87.1108357712838,12.8891642287162
1989,8.7322405162839,1.732970252893,89.1556296461829,23.1495550779872,445.778148230914,162,24,0.606178606407827,87.3268720571295,12.6731279428705
1989,8.72207934294788,1.73064135769785,90.7803377854341,23.2765881378109,453.90168892717,163,24,0.623406033392801,87.49992988941,12.50007011059
1989,8.71664963512124,1.72928592989101,92.3995110972512,23.4016215732181,461.997555486256,164,24,0.640009150050398,87.6190044471679,12.3809955528321
1989,8.71640338659404,1.72901869187963,94.0142157394685,23.5247982693695,470.071078697342,165,24,0.655198345748997,87.6725974366858,12.3274025633142
1989,8.72222040223718,1.72993245588252,95.6257658429799,23.6462727916895,478.128829214899,166,24,0.671230268080735,87.6490671601917,12.3509328398082
1989,8.73447744410326,1.73209264700979,97.2351997865052,23.7661720194255,486.175998932526,167,24,0.688422843640366,87.5370071167622,12.4629928832378
1989,8.76688620795512,1.73821044098089,98.8435673163072,23.8846178395833,494.217836581536,168,24,0.707054444119633,87.3615814286559,12.6384185713441
1989,8.83034247541282,1.75043568559998,100.454604415101,24.0019211659344,502.273022075503,169,24,0.727470315412591,87.1545383603817,12.8454616396183
1989,8.91959175735747,1.76777208190427,102.074156552484,24.1185302510677,510.370782762418,170,24,0.748250589576232,86.9139892951509,13.0860107048491
1989,9.02846069685389,1.78905845573495,103.707301432365,24.2348194503667,518.536507161824,171,24,0.767326934609995,86.6376896717642,13.3623103282358
1989,9.15080176815983,1.8130970761655,105.358294827653,24.351089365247,526.791474138266,172,24,0.783924871477364,86.3236091744034,13.6763908255966
1989,9.28078582548391,1.8387553501129,107.030316897139,24.4675530928227,535.151584485696,173,24,0.797242286819695,85.9703704243844,14.0296295756156
1989,9.41327170432957,1.86503899068245,108.725541335136,24.5843454990968,543.62770667568,174,24,0.806464640812186,85.5775013621245,14.4224986378755
1989,9.54465008926979,1.89113208028676,110.445275409211,24.7015367689851,552.226377046053,175,24,0.814887124980775,85.1455184449332,14.8544815550668
1989,9.6721722991116,1.91641511174241,112.189444344799,24.8191012184752,560.947221723996,176,24,0.82493304033824,84.6760026808282,15.3239973191718
1989,9.79325316822689,1.94045016333614,113.956937862142,24.9369453994757,569.784689310711,177,24,0.834185073574715,84.1714339899901,15.8285660100098
1989,9.90611584884632,1.96296418349038,115.746611040295,25.0549774376831,578.733055201475,178,24,0.840089575799939,83.6349849166442,16.3650150833558
1989,10.0096588370171,1.98381982417544,117.557473208316,25.1731192848404,587.787366041578,179,24,0.840092211711411,83.0703545274513,16.9296454725487
1989,10.1041571047114,2.00298582702953,119.388823092839,25.2913147247831,596.944115464193,180,24,0.837029854262654,82.4816204314772,17.5183795685228
1989,10.1908736738545,2.02050934657397,121.239445792045,25.4094772648512,606.197228960224,181,24,0.837278858216752,81.8732176355443,18.1267823644557
1989,10.2707154657525,2.03649124593731,123.107102516429,25.527459715918,615.535512582145,182,24,0.84316694961448,81.2499040976583,18.7500959023417
1989,10.3447576205467,2.05106461076807,124.989269231185,25.6451033611507,624.946346155927,183,24,0.85716131471278,80.6165896122964,19.3834103877036
1989,10.4141664723117,2.06437753002464,126.883142485213,25.7622389744733,634.415712426064,184,24,0.882141159535361,79.978264189267,20.021735810733
1989,10.4790906452301,2.07657952721595,128.78557535289,25.8786835007102,643.927876764449,185,24,0.914860302670579,79.3399469996096,20.6600530003904
1989,10.5393984849399,2.08781088500715,130.694099122372,25.9943023515648,653.47049561186,186,24,0.950305398633193,78.7065074929202,21.2934925070798
1989,10.595762806005,2.09819590497999,132.607220659035,26.1090246876001,663.036103295175,187,24,0.989015396919104,78.0825900800368,21.9174099199632
1989,10.6487506597712,2.10783714499298,134.523472738998,26.2227841207764,672.617363694988,188,24,1.03162872769326,77.4726979800199,22.5273020199801
1989,10.6988066128572,2.11681277491539,136.441373068034,26.3355160764432,682.20686534017,189,24,1.07887932688635,76.8811863499435,23.1188136500565
1989,10.7447798647716,2.12517627258258,138.359380771913,26.4471551587057,691.796903859566,190,24,1.11999843568638,76.3141445973507,23.6858554026493
1989,10.7856850261898,2.13294794609996,140.27787797513,26.5577488431258,701.38938987565,191,24,1.14554136282049,75.774658170816,24.225341829184
1989,10.8221578358049,2.14012517645557,142.19893765776,26.6674389328952,710.994688288799,192,24,1.15983867002713,75.265225259076,24.734774740924
1989,10.8547393540852,2.14668187533128,144.12389234843,26.7763202924308,720.61946174215,193,24,1.168029754807,74.7892555346904,25.2107444653096
1989,10.883850978908,2.15256752481145,146.05315354919,26.8844329670765,730.265767745952,194,24,1.17553259319227,74.3501857783931,25.649814221607
1989,10.9087923126864,2.15770822835733,147.986132330256,26.9917603084379,739.930661651278,195,24,1.17967161948242,73.9515268661333,26.0484731338667
1989,10.3824351706656,2.0538987089327,149.922634027011,27.0983079260727,749.613170135053,196,24,1.16597316955723,72.9593500254773,27.0406499745227
1989,10.3988842490688,2.05738868369809,151.755932244984,27.1982969319462,758.77966122492,197,24,1.16745725032824,72.6573237271674,27.3426762728326
1989,10.4110120845686,2.05978601364579,153.591556464018,27.2975728304569,767.957782320091,198,24,1.17904482301476,72.4065725702713,27.5934274297287
1989,10.4212696252176,2.06140329717432,155.426590112913,27.3959936527404,777.132950564563,199,24,1.20857215408348,72.2166876344593,27.7833123655407
1989,10.4306887912421,2.06249728197161,157.257040174592,27.4933650634163,786.28520087296,200,24,1.25490662694911,72.0963018461141,27.9036981538859
1989,10.4381374876997,2.06308964770829,159.079347870058,27.5895217907889,795.39673935029,201,24,1.30813594082231,72.0410853832911,27.9589146167089
1989,10.4430624950777,2.06318825726569,160.891711940737,27.6843953657176,804.458559703686,202,24,1.36315661364962,72.0481219131338,27.9518780868662
1989,10.4450083954443,2.06282360647883,162.693242169432,27.7779664644326,813.466210847162,203,24,1.41380369490253,72.11463706057,27.88536293943
1989,10.4436370991241,2.06204599701666,164.484190994664,27.8702748762618,822.420954973318,204,24,1.45322855573175,72.2379062012358,27.7620937987642
1989,10.4388447181729,2.06092247488,166.266113277461,27.9614254142862,831.330566387307,205,24,1.47568920679499,72.4151733944917,27.5848266055083
1989,10.431161424661,2.05953326697844,168.04169119654,28.0515766821499,840.208455982699,206,24,1.48170356302544,72.6436097589824,27.3563902410176
1989,10.4212725335891,2.05796732784772,169.813608440489,28.1408826363617,849.068042202444,207,24,1.4735598569447,72.9203756468301,27.0796243531699
1989,10.4098842019175,2.05631894503597,171.58422704983,28.2294767078669,857.921135249151,208,24,1.45388187272205,73.2425839846204,26.7574160153796
1989,10.3977129713289,2.05468472649482,173.355524534436,28.3174694683273,866.777622672182,209,24,1.42546847687579,73.6072311645296,26.3927688354704
1989,10.3866738367515,2.05316068006725,175.129061058772,28.4049478540239,875.645305293859,210,24,1.40330547159076,74.0111225662248,25.9888774337752
1989,10.3781776673374,2.05183087889376,176.903781924231,28.4918687595631,884.518909621154,211,24,1.39701841407094,74.4566101094854,25.5433898905146
1989,9.81376613650298,1.94035910983348,178.676990352739,28.578110708832,893.384951763693,212,24,1.38455128795015,74.2578757630127,25.7421242369873
