"year","assimilated_weight","ingested_weight","Weight","Length","Energy","JulianDay","feeding_hours","Metabolism","percentage_partic","percentage_filters"
2008,3.47613767812717,0.697034004074371,54.5,19.9420239553624,272.5,141,24,0.188490698209319,88.4425391717491,11.5574608282509
2008,3.46037785551218,0.693491110732506,55.1575028106177,20.0146243698326,275.787514053089,142,24,0.198235888457062,88.2746049372833,11.7253950627167
2008,3.4395044581825,0.689492204631513,55.8099026370034,20.0860675660766,279.049513185017,143,24,0.196146340100886,88.1031278822368,11.8968721177632
2008,3.41936436039856,0.685115910861373,56.4585436072802,20.1565243894018,282.292718036401,144,24,0.205348810675054,87.9286070693656,12.0713929306344
2008,3.39415347971575,0.680439607522111,57.101313865373,20.2257891604681,285.506569326865,145,24,0.198877485877739,87.7522038422323,12.2477961577677
2008,3.37006308968005,0.675537819385071,57.7403339057483,20.2941132076913,288.701669528742,146,24,0.20223252749465,87.5753444745409,12.4246555254591
2008,3.34284751573473,0.670467210990104,58.3738624346575,20.361331821067,291.869312173287,147,24,0.195471141937845,87.3969100564502,12.6030899435498
2008,3.31707202967336,0.665286742261572,59.0032975857444,20.4276144495086,295.016487928722,148,24,0.197371739198591,87.2182542036676,12.7817457963324
2008,3.29101934724869,0.660046885203804,59.6271948565364,20.4928293422366,298.135974282682,149,24,0.199347916154613,87.0403583208026,12.9596416791974
2008,3.26956041198901,0.654787643460971,60.24548357166,20.5569904603214,301.2274178583,150,24,0.22397209259853,86.8637452759288,13.1362547240712
2008,3.43583330359818,0.688014875895236,60.8545527586174,20.6197476781144,304.272763793087,151,24,0.228801194746792,87.0534417460009,12.9465582539991
2008,3.40609520001764,0.682462868569554,61.4959076918618,20.6853601295464,307.479538459309,152,24,0.220817163618503,86.8765345085066,13.1234654914934
2008,3.37554757406262,0.676974202736102,62.1329084727384,20.7500567383918,310.664542363692,153,24,0.207723493260148,86.7016082178569,13.2983917821431
2008,3.35000341186763,0.671570913872721,62.766414971034,20.813941569227,313.83207485517,154,24,0.216004517274684,86.5299348287517,13.4700651712483
2008,3.32498550400161,0.66626698028935,63.3931527783053,20.8767031129372,316.965763891527,155,24,0.224843570944926,86.361836230443,13.638163769557
2008,3.30033592243936,0.661068590426778,64.0131153931468,20.9383621386777,320.065576965734,156,24,0.233292978550589,86.196515472279,13.803484527721
2008,3.27515960687185,0.65598308403405,64.6264542624236,20.9989541813865,323.132271312118,157,24,0.236215449975781,86.0339885711456,13.9660114288544
2008,3.25122110149113,0.651015671484845,65.2341692768244,21.0585966210687,326.170846384122,158,24,0.242730561657117,85.8740829162744,14.1259170837256
2008,3.22772165691264,0.646172373541218,65.8357893123825,21.1172606488581,329.178946561913,159,24,0.248428047365199,85.7168976313695,14.2831023686305
2008,3.20335174438306,0.641459189422448,66.4315655501965,21.1749877848528,332.157827750982,160,24,0.245468942938148,85.5624010230025,14.4375989769975
2008,3.18122073988075,0.636882688954625,67.0230550552842,21.2319437111958,335.115275276421,161,24,0.251432013408191,85.410337813679,14.589662186321
2008,3.16065999776294,0.6324541404396,67.6089210008199,21.2880138209606,338.044605004099,162,24,0.262658435524053,85.2610519509237,14.7389480490763
2008,3.13979909944099,0.628187531733808,68.1884246041683,21.3431428610178,340.942123020842,163,24,0.267366270364146,85.1148362959915,14.8851637040085
2008,3.12599720282921,0.624099416586342,68.7628093921775,21.3974636454919,343.814046960888,164,24,0.315296975067441,84.9716876639142,15.0283123360858
2008,3.10452296964962,0.620216679600373,69.3248424201096,21.4503110305431,346.624212100548,165,24,0.302293242686441,84.8333149143042,15.1666850856958
2008,3.08475041071075,0.616559261693835,69.8851760057401,21.5027021875011,349.4258800287,166,24,0.293673518935557,84.6981379065689,15.3018620934311
2008,3.07048306426604,0.613160485500799,70.443273479691,21.5545940459586,352.216367398455,167,24,0.315859867186368,84.566837869039,15.433162130961
2008,3.05158064187033,0.60982669257731,70.9940744681811,21.6055272875759,354.970372340905,168,24,0.301158008132454,84.4421702690915,15.5578297309085
2008,3.03207030050624,0.606336039485699,71.5440294464655,21.6561082527121,357.720147232328,169,24,0.288199030276518,84.3239497819001,15.6760502180999
2008,3.01690666522367,0.602699358708852,72.0926680324282,21.7062988423574,360.463340162141,170,24,0.312440123296368,84.2118977499595,15.7881022500405
2008,2.9991997518365,0.598936665847888,72.6334193305366,21.7555080557469,363.167096652683,171,24,0.323249861196644,84.1069933790662,15.8930066209338
2008,2.97646378840149,0.595067612628706,73.1684608084812,21.8039469917731,365.842304042406,172,24,0.298927635575351,84.0086610488053,15.9913389511947
2008,2.95660903636163,0.591113965627373,73.7038128771089,21.8521675856227,368.519064385545,173,24,0.300077762593385,83.9156952701888,16.0843047298112
2008,2.93895473444065,0.587107524202577,74.2349570579787,21.8997685175471,371.174785289894,174,24,0.320620040039722,83.8289554172338,16.1710445827662
2008,2.92195709998366,0.58308265638242,74.7584548148178,21.946452469268,373.792274074089,175,24,0.34942922678398,83.7491636617853,16.2508363382147
2008,2.90050386312149,0.57907527216453,75.2727839504504,21.9920974214756,376.363919752252,176,24,0.339178167100534,83.6767383443972,16.3232616556028
2008,2.88150525859916,0.5751183564838,75.7848652712085,22.0373274431597,378.924326356042,177,24,0.348345047316195,83.6105666786011,16.3894333213989
2008,2.86219763143586,0.571252459214016,76.2913058953728,22.0818502251119,381.456529476864,178,24,0.350765435807748,83.5514967445405,16.4485032554595
2008,2.84177349293238,0.567516122852554,76.7933931460745,22.1257874062891,383.966965730373,179,24,0.337196132851463,83.4995153918178,16.5004846081822
2008,2.82572330117039,0.563946915327181,77.2941014698063,22.1694049754064,386.470507349031,180,24,0.355652010749225,83.4542926507365,16.5457073492635
2008,2.808603976242,0.560586576413818,77.787900380837,22.2122282035004,388.939501904185,181,24,0.354796532920712,83.417039300839,16.582960699161
2008,2.79269811497372,0.557469635157802,78.278438175249,22.2545814360337,391.392190876245,182,24,0.353831822728644,83.3872069460981,16.6127930539018
2008,2.78002749587547,0.554629749965065,78.7659791837145,22.2964930281142,393.829895918572,183,24,0.37075285690194,83.3647820968734,16.6352179031266
2008,2.76768050167863,0.552098251691763,79.2475930912297,22.3377179433549,396.237965456148,184,24,0.376007712680586,83.350200919154,16.649799080846
2008,2.75588485361488,0.549898014805485,79.7256776975202,22.3784684166413,398.628388487601,185,24,0.370060272674068,83.3427595079338,16.6572404920662
2008,2.74521805581762,0.548045212874373,80.2025835271006,22.4189490802302,401.012917635503,186,24,0.358128862822703,83.3415649277403,16.6584350722597
2008,2.73908581048254,0.546547633753806,80.6797328928545,22.459282866774,403.398664464273,187,24,0.37349654834048,83.3456533764421,16.6543466235579
2008,2.73388851002989,0.54540439411437,81.1525726014659,22.499088677568,405.762863007329,188,24,0.380726073047603,83.3548310731902,16.6451689268098
2008,2.73079775698453,0.544605002610115,81.6229170787892,22.5385243782494,408.114585393946,189,24,0.392179641658844,83.367453849014,16.632546150986
2008,2.72302174871237,0.544129011338054,82.0903425920681,22.5775587395659,410.45171296034,190,24,0.339951533750084,83.3835507762623,16.6164492237377
2008,2.72781491472532,0.543933810879967,82.5666481997432,22.6171756422827,412.833240998716,191,24,0.399936896477598,83.3984409476188,16.6015590523813
2008,2.73059636666414,0.543974754460215,83.0319045438791,22.6557200288057,415.159522719395,192,24,0.43106545039578,83.4123766289603,16.5876233710397
2008,2.73094654193123,0.544187093143682,83.4914805931514,22.6936463257812,417.457402965757,193,24,0.424561651916341,83.4217813892095,16.5782186107905
2008,2.73881705651816,0.544496266870666,83.9524163966418,22.7315389675809,419.762081983209,194,24,0.506837799384375,83.4226000744064,16.5773999255935
2008,2.73562994612534,0.54482752073444,84.398459695602,22.7680695234878,421.99229847801,195,24,0.445763282971317,83.4144672625466,16.5855327374534
2008,2.58875766882691,0.515527376109174,84.8560691687039,22.8054077680618,424.280345843519,196,24,0.447455715994795,82.9348132877273,17.0651867122727
2008,2.58745403577137,0.515668390244315,85.2839537898151,22.8401938902402,426.419768949076,197,24,0.423898450598059,82.8940093794396,17.1059906205604
2008,2.58825656193165,0.515606527797804,85.7162777115965,22.8752175965414,428.581388557982,198,24,0.439506396605232,82.8312579329748,17.1687420670252
2008,2.58932109995402,0.515743770829627,86.1456287152308,22.9098788186375,430.728143576154,199,24,0.446070582609632,82.7656474873383,17.2343525126617
2008,2.58902535669795,0.516489882687619,86.5738677425284,22.9443305425792,432.869338712642,200,24,0.398587270962521,82.7195522037039,17.2804477962961
2008,2.59885505125213,0.517807114887504,87.0115319705326,22.9794180149763,435.057659852663,201,24,0.439087367430043,82.6890040714329,17.310995928567
2008,2.60930181932746,0.51966435125379,87.443049221338,23.0138924627562,437.21524610669,202,24,0.455255080776551,82.6755332170507,17.3244667829493
2008,2.61912510964813,0.522028389092804,87.8734092518426,23.0481565641247,439.367046259213,203,24,0.431114270271634,82.6772578708249,17.3227421291751
2008,2.63464563952398,0.524866549726803,88.310548788171,23.0828409045104,441.552743940855,204,24,0.448822344678116,82.6918058911618,17.3081941088382
2008,2.65415049058472,0.52814940527878,88.7472369601763,23.1173701604279,443.736184800881,205,24,0.490693202303533,82.7192442361887,17.2807557638113
2008,2.67207470515242,0.531847183865546,89.1794377500338,23.1514281925247,445.897188750169,206,24,0.483581686758456,82.7590842476758,17.2409157523242
2008,2.69140845645892,0.535927581632246,89.6166313101635,23.1857628199484,448.083156550818,207,24,0.469969542201589,82.8086649030649,17.1913350969351
2008,2.71209531260403,0.540359168779234,90.0603991564134,23.2204945707977,450.301995782067,208,24,0.45185112355754,82.8665973472161,17.1334026527839
2008,2.73644262760311,0.54510977060912,90.5119125725913,23.2557103288311,452.559562862956,209,24,0.459919996785521,82.9315586274833,17.0684413725167
2008,2.76197358279971,0.550147123795365,90.9666655340968,23.2910552129181,454.833327670484,210,24,0.464793026910914,83.0031068345036,16.9968931654964
2008,2.78829347414707,0.555449575855908,91.4255334189588,23.3265953156021,457.127667094794,211,24,0.462880883563033,83.084773696088,16.915226303912
2008,2.64679856714303,0.528776139376201,91.8900304807582,23.3624450121263,459.450152403791,212,24,0.372156009379344,82.6704857429747,17.3295142570252
2009,3.47457588475303,0.697035361628612,54.5,19.9420239553624,272.5,141,24,0.182279910710288,88.4441714972371,11.5558285027629
2009,3.45470394773162,0.69349316523657,55.1584326094427,20.01472660854,275.792163047213,142,24,0.17546633123594,88.276056274153,11.723943725847
2009,3.43648265687754,0.689493692411423,55.8142515628295,20.086541851658,279.071257814147,143,24,0.183738475014389,88.1039315843491,11.8960684156509
2009,3.41490902375496,0.685117365423983,56.4647697315412,20.1571979445072,282.323848657706,144,24,0.186386866769827,87.9290449827075,12.0709550172925
2009,3.39025265455069,0.680440243357487,57.1104412893644,20.2267688071442,285.552206446822,145,24,0.18261809332412,87.7520771929223,12.2479228070777
2009,3.36579781397636,0.675532965241202,57.751933009519,20.2953485032536,288.759665047595,146,24,0.184216791469399,87.5736525109864,12.4263474890136
2009,3.34164749835224,0.670465839381677,58.3882115852194,20.3628483922678,291.941057926097,147,24,0.190396402544195,87.3957734046625,12.6042265953375
2009,3.31404714317365,0.665285282290387,59.0184216215622,20.4292010089061,295.092108107811,148,24,0.184520733949077,87.2169628097551,12.7830371902449
2009,3.28674046677211,0.660044206348004,59.6442840503369,20.4946089398275,298.221420251684,149,24,0.181103080718831,87.038649148618,12.961350851382
2009,3.26084705725379,0.65478295298931,60.265365878132,20.5590460570743,301.32682939066,150,24,0.183865778685071,86.8614514900961,13.1385485099039
2009,3.43055215549595,0.688007936327185,60.8807135609843,20.6224334080551,304.403567804921,151,24,0.204315165395842,87.0508810032799,12.9491189967201
2009,3.40322500024672,0.682452283148172,61.5259093377169,20.6884176839187,307.629546688585,152,24,0.207733489020715,86.8731589836321,13.1268410163679
2009,3.37723212672139,0.676961385096892,62.1649526531155,20.753299050323,310.824763265577,153,24,0.215952572434011,86.6977519222677,13.3022480777323
2009,3.34963306100552,0.671555043827527,62.797150065699,20.8170295424584,313.985750328495,154,24,0.214697513530582,86.5253510192275,13.4746489807725
2009,3.3227831371144,0.666250695877766,63.4240750215489,20.8797884513502,317.120375107745,155,24,0.214518307949838,86.3571571594617,13.6428428405383
2009,3.29743163438054,0.661050711616003,64.0456620232162,20.941587578151,320.228310116081,156,24,0.219050405007236,86.1914648047141,13.8085351952859
2009,3.27281022682096,0.655963148056635,64.6612683370193,21.0023814389278,323.306341685096,157,24,0.224552714512317,86.0284417158398,13.9715582841602
2009,3.24912838387283,0.650994123813049,65.2708457840473,21.0621837191202,326.354228920236,158,24,0.232061292055023,85.868116594591,14.131883405409
2009,3.22461245602727,0.646149456615705,65.8741808667922,21.1209915097365,329.370904333961,159,24,0.231972393816983,85.7105398358847,14.2894601641153
2009,3.2009046705462,0.641434293743813,66.4726261067239,21.1789529935563,332.363130533619,160,24,0.232700524591792,85.5554693741425,14.4445306258575
2009,3.17969675752196,0.636856444219384,67.0661795580761,21.2360825483588,335.330897790381,161,24,0.24350160344439,85.4029488056112,14.5970511943888
2009,3.15839179828731,0.632427255587261,67.6533264349763,21.2922498013576,338.266632174882,162,24,0.249921501804655,85.2533557854787,14.7466442145213
2009,3.13987366052315,0.628159513138757,68.2349234043502,21.34755218839,341.174617021751,163,24,0.268875210815689,85.1066782334806,14.8933217665194
2009,3.1198854110664,0.62407197665392,68.8090209003929,21.4018202005265,344.045104501964,164,24,0.273563786239911,84.9635212574838,15.0364787425162
2009,3.10124839956961,0.620184851216194,69.3781777766155,21.4553105649595,346.890888883078,165,24,0.280684646267921,84.8237297224284,15.1762702775716
2009,3.07230638742297,0.616525453168893,69.942177649258,21.5080154100838,349.71088824629,166,24,0.218486570074678,84.6877924692266,15.3122075307734
2009,3.05584277088759,0.613119081166917,70.5128231317684,21.5610406645013,352.564115658842,167,24,0.222659988891182,84.5540485138047,15.4459514861953
2009,3.04139125020323,0.609775883280483,71.0793353050974,21.6133868206524,355.396676525487,168,24,0.236521761581008,84.4263429062773,15.5736570937227
2009,3.02531464418788,0.606278896208698,71.640178720925,21.6649235263996,358.200893604625,169,24,0.246129869601696,84.3060035191933,15.6939964808067
2009,3.00824730731593,0.602638139649211,72.1958789136113,21.7157110104573,360.979394568057,170,24,0.254478412543348,84.1925595347745,15.8074404652255
2009,2.98823266607181,0.598869558340752,72.7464894621181,21.7657653127886,363.73244731059,171,24,0.248489490807712,84.0857382502533,15.9142617497467
2009,2.97030008279038,0.594992751221209,73.2942882093215,21.8153026520625,366.471441046607,172,24,0.258974132718537,83.9849479385789,16.0150520614211
2009,2.95106543485708,0.591034750089728,73.8363966352493,21.8640720235059,369.181983176247,173,24,0.263968469776294,83.8906582747624,16.1093417252376
2009,2.93129484517467,0.587024177120544,74.3736522036981,21.9121592171615,371.868261018491,174,24,0.267221811070984,83.8027198038962,16.1972801961038
2009,2.9110078666962,0.582993262105625,74.9062957303853,21.9595952012139,374.531478651926,175,24,0.267664059233653,83.7211668808921,16.2788331191079
2009,2.89210603989296,0.578976796006154,75.4347859573238,22.0064295164083,377.173929786619,176,24,0.27727351270485,83.6460534583721,16.3539465416279
2009,2.87097877476605,0.57501286845458,75.9575662676519,22.0525333653051,379.78783133826,177,24,0.269394371928645,83.5778568906122,16.4221431093878
2009,2.85451822263359,0.571138322279367,76.4776891091324,22.0981838988755,382.388445545662,178,24,0.292018290964046,83.5162270232856,16.4837729767144
2009,2.8377910289701,0.567395656496613,76.9899869823468,22.1429366026933,384.949934911734,179,24,0.309220925531508,83.46235697707,16.53764302293
2009,2.81868434602517,0.563823714024658,77.4954906670738,22.1868928080312,387.477453335369,180,24,0.30081332793066,83.4162756452633,16.5837243547367
2009,2.8023847786349,0.560458393963447,77.9988461510836,22.2304640939876,389.994230755418,181,24,0.306612627090786,83.3773162688034,16.6226837311966
2009,2.7869504905166,0.557337875571593,78.4977732405068,22.2734590805885,392.488866202534,182,24,0.309568389536637,83.3460326830558,16.6539673169443
2009,2.77528671693323,0.554495682309691,78.9930134984422,22.315948407387,394.965067492211,183,24,0.33315694273792,83.3223272393939,16.6776727606061
2009,2.759686002994,0.551963509152485,79.4811942563134,22.3576507371968,397.405971281567,184,24,0.309382391537379,83.3067186415704,16.6932813584296
2009,2.74913832890973,0.549760979748258,79.97100059743,22.3993129006193,399.85500298715,185,24,0.314834675581906,83.297374699195,16.702625300805
2009,2.74069809715676,0.547908337503617,80.457597447696,22.4405263364362,402.28798723848,186,24,0.32352242071356,83.2947064837878,16.7052935162122
2009,2.73229779247052,0.546414328567809,80.9407589767066,22.4812772793754,404.703794883533,187,24,0.316959691755336,83.2980344358743,16.7019655641257
2009,2.72808002681074,0.545273911878583,81.4235430416716,22.521827393014,407.117715208358,188,24,0.331637161232607,83.305814527167,16.694185472833
2009,2.72368393530575,0.544479359718951,81.9025378213454,22.5618939650471,409.512689106727,189,24,0.329375747231689,83.3173234946321,16.6826765053679
2009,2.72089195705674,0.544005080769266,82.3810952072639,22.6017611878612,411.905476036319,190,24,0.327127731814363,83.3306514593326,16.6693485406674
2009,2.72138590739235,0.543819116104774,82.8595330462887,22.6414574247002,414.297665231444,191,24,0.341697021565234,83.3455533939105,16.6544466060895
2009,2.72085541941277,0.543866832481038,83.3351447534717,22.6807611505755,416.675723767358,192,24,0.336099104372986,83.3581190983733,16.6418809016267
2009,2.71869162066216,0.544084303834448,83.8117586313974,22.7199911703747,419.058793156987,193,24,0.308881781655562,83.3650529431676,16.6349470568324
2009,2.71976993968806,0.544397832327059,84.2933715515402,22.7594750355065,421.466857757701,194,24,0.306174940195469,83.3628095923184,16.6371904076816
2009,2.72223267048096,0.544729248043965,84.7757293824651,22.7988626873384,423.878646912326,195,24,0.314426273386942,83.3490472029947,16.6509527970053
2009,2.58164147159212,0.515449494458286,85.2569170063659,22.8379994612688,426.284585031829,196,24,0.369859415288566,82.8658238609306,17.1341761390694
2009,2.58298348293768,0.515593237096335,85.6988869527245,22.87381110465,428.494434763623,197,24,0.378112409687837,82.8229019227805,17.1770980772195
2009,2.58156686384137,0.515532036516841,86.1394626196829,22.9093818869506,430.697313098415,198,24,0.367682901877578,82.7589449123802,17.2410550876198
2009,2.57734726086893,0.515667236241531,86.5818285110126,22.9449698587773,432.909142555063,199,24,0.320519971617286,82.6911987526761,17.3088012473239
2009,2.58218361346058,0.516409594798437,87.0327703479791,22.9811175599729,435.163851739895,200,24,0.33246551868265,82.6414516383522,17.3585483616478
2009,2.59070201685218,0.517724910801853,87.4822770469854,23.0170205380597,437.411385234927,201,24,0.352994899174841,82.6091116814864,17.3908883185136
2009,2.59969030094146,0.519579513537316,87.9293679529433,23.0526032458998,439.646839764716,202,24,0.351470295658463,82.5933117961484,17.4066882038516
2009,2.61547244586634,0.521940286276095,88.3785475675741,23.088225428942,441.89273783787,203,24,0.395202492006429,82.5922581456824,17.4077418543176
2009,2.62957077223284,0.524777278155494,88.822122885699,23.1232795440427,444.110614428495,204,24,0.395444928364225,82.6061074713928,17.3938925286072
2009,2.64476684360167,0.528058350426317,89.2684549202863,23.1584285769749,446.342274601432,205,24,0.383323559971508,82.6323922624886,17.3676077375114
2009,2.66069820920372,0.53175255493115,89.7202355299345,23.1938821723341,448.601177649672,206,24,0.358128003526255,82.6695593117995,17.3304406882005
2009,2.68596064169255,0.535828763983129,90.1802260526865,23.2298524343031,450.901130263432,207,24,0.411634114841158,82.7160420185025,17.2839579814975
2009,2.70856918503341,0.54025828082301,90.6345516906588,23.2652544070488,453.172758453294,208,24,0.417902692229547,82.7728855488647,17.2271144511353
2009,2.73225635811717,0.545007594274201,91.0921289713238,23.300784958958,455.460644856619,209,24,0.418154341695756,82.8375156232444,17.1624843767556
2009,2.75830641178257,0.550043408095757,91.5543764792727,23.3365520695708,457.771882396364,210,24,0.429065822674186,82.9085540637713,17.0914459362287
2009,2.78546045370207,0.555336389862976,92.0196342263429,23.3724252333257,460.098171131714,211,24,0.437896844036983,82.9869039934966,17.0130960065034
2009,2.65161635986155,0.528688433357221,92.4885385479324,23.4084518847051,462.442692739662,212,24,0.433771301178435,82.5728201519099,17.4271798480901
2010,3.48087116610719,0.697034004074371,54.5,19.9420239553624,272.5,141,24,0.208542717205022,88.4425391717491,11.5574608282509
2010,3.46431292824448,0.693492500666914,55.1544391044146,20.0142874826945,275.772195522073,142,24,0.2156674390261,88.2751744234712,11.7248255765288
2010,3.44187487413554,0.689495034766023,55.8041396447438,20.0854390254134,279.020698223719,143,24,0.206366728396147,88.1042037595356,11.8957962404644
2010,3.41993204733395,0.685119796824036,56.4512106395217,20.1557310272629,282.256053197609,144,24,0.207788745936113,87.9299825829033,12.0700174170967
2010,3.3986060069355,0.680443992053473,57.0936064735175,20.2249618408866,285.468032367587,145,24,0.219097686800962,87.7536569151472,12.2463430848528
2010,3.3743247829354,0.675544406484665,57.7294730075869,20.2929563736516,288.647365037935,146,24,0.221951869305869,87.577402559982,12.422597440018
2010,3.34802691267693,0.670476170008804,58.3599100491355,20.3598569350551,291.799550245678,147,24,0.219035429164018,87.3995676768236,12.6004323231764
2010,3.32312539462904,0.665298636946468,58.9856682796071,20.4257647215001,294.928341398035,148,24,0.225648480904632,87.2216291456417,12.7783708543583
2010,3.29829086610679,0.660062409880034,59.6051209516045,20.4905301313424,298.025604758023,149,24,0.234396569189536,87.0446043679325,12.9553956320675
2010,3.27288463442482,0.654807757810155,60.2178543408927,20.5541331374698,301.089271704464,150,24,0.240916954067469,86.8690834750068,13.1309165249932
2010,3.438110293789,0.688039774995464,60.8241995331046,20.6166305354215,304.120997665523,151,24,0.239615035906367,87.0591816457119,12.9408183542881
2010,3.40897175675835,0.682489651013516,61.4638472498365,20.6820916079807,307.319236249183,152,24,0.234334712626665,86.8826190043108,13.1173809956892
2010,3.37743459104864,0.67700308612461,62.0987200032826,20.7465961765154,310.493600016413,153,24,0.215745181293526,86.708116344278,13.291883655722
2010,3.35417237047388,0.671600972317276,62.7309997593397,20.8103820747529,313.654998796698,154,24,0.236024883568499,86.5366927526283,13.4633072473717
2010,3.33070404930944,0.666299674997166,63.3545674942347,20.8728517054846,316.772837471173,155,24,0.254434257844877,86.3692123904697,13.6307876095303
2010,3.30339945806881,0.661105052695582,63.9697559201776,20.9340633475985,319.848779600888,156,24,0.248798194428905,86.2048146957941,13.7951853042059
2010,3.27693115020934,0.656021136298648,64.5806067357619,20.9944387764193,322.90303367881,157,24,0.244708872543043,86.0427703065499,13.9572296934501
2010,3.25499637362563,0.651054134301277,65.1869776873703,21.0539790406111,325.934888436851,158,24,0.2633037147257,85.8831240010473,14.1168759989527
2010,3.2287114394426,0.646212652131424,65.7852384843313,21.1123458459079,328.926192421656,159,24,0.252827664204177,85.7265799502183,14.2734200497817
2010,3.20850385397076,0.641498944513678,66.3803331337697,21.1700378858808,331.901665668848,160,24,0.275203339862767,85.5722075701046,14.4277924298954
2010,3.17985560100657,0.63692499157083,66.9669065825647,21.2265521272364,334.834532912823,161,24,0.242174436530034,85.4210748861775,14.5789251138225
2010,3.16048189283356,0.632493971133102,67.5543514751203,21.2828055979467,337.771757375601,162,24,0.260169519712793,85.2714740906877,14.7285259093123
2010,3.13915873586461,0.62822575331005,68.1343177069354,21.3380094441551,340.671588534677,163,24,0.261984333304479,85.1251553705275,14.8748446294725
2010,3.11946669154222,0.624135765378425,68.7096512920419,21.3924496812646,343.548256460209,164,24,0.268483523195662,84.9818102842716,15.0181897157284
2010,3.10147342314795,0.620246579934208,69.2797414022422,21.4460812718397,346.398707011211,165,24,0.279804711197487,84.841890020623,15.158109979377
2010,3.08410782221219,0.616585832509074,69.8439632215696,21.4988587903529,349.219816107848,166,24,0.288090069608646,84.7059619727296,15.2940380272704
2010,3.06707693879219,0.613185819580573,70.4030492830885,21.5508636047748,352.015246415443,167,24,0.289764551340567,84.5744635738048,15.4255364261952
2010,3.05431310773823,0.609848748747297,70.9583885314545,21.6022357257306,354.791942657272,168,24,0.32093563080404,84.44892636786,15.55107363214
2010,3.0345306776846,0.606359838778559,71.5049348674176,21.6525215751381,357.524674337088,169,24,0.305117718503307,84.3313406993484,15.6686593006516
2010,3.01656350778609,0.602724624935894,72.0506822339712,21.7024673204084,360.253411169856,170,24,0.308693028941577,84.2198236508983,15.7801763491017
2010,2.99986751250536,0.598961323667931,72.5921148133487,21.751758304701,362.960574066744,171,24,0.32750339245846,84.1147791439649,15.8852208560351
2010,2.97855760521186,0.595092576092335,73.1264396414226,21.8001516376256,365.632198207113,172,24,0.313875738755849,84.016569990707,15.983430009293
2010,2.95946680242001,0.591140392522598,73.6592213847918,21.8481604483459,368.296106923959,173,24,0.321242527224474,83.9240747462303,16.0759252537697
2010,2.94391968652405,0.587136105994206,74.1867047512493,21.8954539864735,370.933523756247,174,24,0.36212700001481,83.8380076458945,16.1619923541055
2010,2.92302123895736,0.583115589708583,74.7028947627499,21.9415086199208,373.51447381375,175,24,0.357329887408311,83.7595680366984,16.2404319633016
2010,2.90176409286414,0.579109050399932,75.2158573762863,21.9870561013908,376.079286881431,176,24,0.348614265732754,83.68737721147,16.31262278853
2010,2.88153416988862,0.575153121188784,75.7263043524153,22.032165807245,378.631521762076,177,24,0.346822720383564,83.6214858589573,16.3785141410427
2010,2.86243076133324,0.571287008840297,76.2330561062804,22.0767398071894,381.165280531402,178,24,0.351099387920264,83.5623291297043,16.4376708702957
2010,2.84460470053304,0.567550577736006,76.7351240993562,22.1206986257447,383.675620496781,179,24,0.361330522034064,83.5103179470746,16.4896820529254
2010,2.82690516245921,0.563983663826958,77.231572723846,22.1639687690317,386.15786361923,180,24,0.364905844669315,83.4658431948704,16.5341568051296
2010,2.80922422763543,0.560623900838357,77.7237582786745,22.2066763990263,388.618791393372,181,24,0.358664353758742,83.4288382963765,16.5711617036235
2010,2.79143572098215,0.557506791894893,78.2136476583677,22.2489980186917,391.068238291839,182,24,0.34018083182614,83.3990674452099,16.6009325547901
2010,2.78095738301685,0.554664778051726,78.7036675315556,22.2911464862065,393.518337657778,183,24,0.378094970871828,83.3761252455211,16.6238747544789
2010,2.7683342834207,0.552133078575593,79.1840001296719,22.3322845728678,395.920000648359,184,24,0.380651791887316,83.3617041321371,16.6382958678629
2010,2.75962283742992,0.549932132222442,79.6612878712272,22.3729899663505,398.306439356136,185,24,0.407310869015533,83.354324101442,16.645675898558
2010,2.74943351614686,0.548081379898971,80.1314924245093,22.4129253931855,400.657462122547,186,24,0.399318285680906,83.3542324594499,16.6457675405501
2010,2.74124516637715,0.54658560088262,80.6012484145239,22.4526599613633,403.006242072619,187,24,0.393765806608039,83.3595176227686,16.6404823772314
2010,2.73498923098191,0.545441882674179,81.0704677529154,22.492188334526,405.352338764577,188,24,0.390012782956002,83.3692000443513,16.6307999556487
2010,2.72878451448213,0.544640748378369,81.5391767661112,22.5315148411453,407.695883830556,189,24,0.369062632476406,83.3819648013208,16.6180351986792
2010,2.72970794817351,0.544160464486628,82.0108248520051,22.5709292260674,410.054124260025,190,24,0.406114371188466,83.3971883432107,16.6028116567893
2010,2.72932145737062,0.543967021887109,82.4752369092262,22.6095848475719,412.376184546131,191,24,0.41450584833063,83.4139539349343,16.5860460650657
2010,2.73284991815729,0.544005891682191,82.9378828728661,22.6479429169092,414.68941436433,192,24,0.456112619960857,83.4281671202384,16.5718328797616
2010,2.73156894351411,0.544216696961167,83.3929024204291,22.6855234891497,416.964512102146,193,24,0.42969158138423,83.4381724136347,16.5618275863653
2010,2.73256867145013,0.544523328038996,83.8529391118559,22.7233734252055,419.26469555928,194,24,0.425254819907507,83.4389882429093,16.5610117570907
2010,2.73376447691723,0.544848431961535,84.3140518113949,22.7611669318047,421.570259056974,195,24,0.422058147381449,83.4282605616627,16.5717394383373
2010,2.59010003339731,0.515542757023551,84.7760313801581,22.7988872984253,423.880156900791,196,24,0.463754485768365,82.9481121957033,17.0518878042967
2010,2.59029616418459,0.515683365883262,85.200926826238,22.833453499526,426.00463413119,197,24,0.458790296569987,82.907741268244,17.092258731756
2010,2.58420650911326,0.515622248593286,85.6268430437186,22.8679823744902,428.134215218593,198,24,0.389789694615992,82.8460131320084,17.1539868679916
2010,2.58705701471865,0.515757838737962,86.0653298494953,22.9034055125564,430.326649247476,199,24,0.416689770657388,82.7788729208975,17.2211270791025
2010,2.59248819125289,0.516502966465468,86.4989944976927,22.93831558983,432.494972488463,200,24,0.439286268330504,82.7318521085499,17.2681478914501
2010,2.59919868712312,0.517821478276643,86.9292136676086,22.9728279770555,434.646068338043,201,24,0.442193586563041,82.702481271698,17.297518728302
2010,2.60960424309392,0.519678804417496,87.3601808518923,23.007281219757,436.800904259461,202,24,0.457914957967345,82.6890447688597,17.3109552311403
2010,2.62163697498572,0.52204293206757,87.7900719188151,23.0415306170411,438.950359594075,203,24,0.461814217020222,82.6907809139027,17.3092190860973
2010,2.63173685008569,0.524882098080404,88.2215764422035,23.0757912097031,441.107882211018,204,24,0.412034231501122,82.7061650172801,17.2938349827199
2010,2.64488798389308,0.528163800293034,88.6650433263626,23.1108801103569,443.325216631813,205,24,0.376894078156495,82.7324294939504,17.2675705060496
2010,2.67033278428747,0.531857947262736,89.1181541350698,23.1466059669232,445.590770675349,206,24,0.459619514911347,82.7688507187281,17.2311492812719
2010,2.69077888948623,0.535937598124057,89.5597938046525,23.1813057458431,447.798969023262,207,24,0.460943100104232,82.8176591734218,17.1823408265782
2010,2.712636579683,0.540368925981984,90.0052429823116,23.2161842409755,450.026214911558,208,24,0.457796232557098,82.8752603250042,17.1247396749958
2010,2.73872624781114,0.545119759294597,90.4556775751621,23.2513309686975,452.278387875811,209,24,0.488602412658356,82.9403214985549,17.0596785014451
2010,2.75778519983419,0.550158096454833,90.9051528096845,23.2862814562245,454.525764048423,210,24,0.414148479657121,83.0126134237241,16.9873865762759
2010,2.78746790712861,0.555458937777624,91.3733142050846,23.3225571260173,456.866571025423,211,24,0.45197454650335,83.092773934347,16.907226065653
2010,2.65580086926071,0.528783397051378,91.8398294030718,23.358576609253,459.199147015359,212,24,0.478807124246831,82.6783025267646,17.3216974732354
2011,3.47211511462987,0.697034004074371,54.5,19.9420239553624,272.5,141,24,0.172973249396843,88.4425391717491,11.5574608282509
2011,3.45408189531897,0.693490067714117,55.1598017876807,20.0148771582893,275.799008938404,142,24,0.173200387610441,88.2741776038044,11.7258223961956
2011,3.43607520369988,0.689489234963681,55.8159495150584,20.0867270201083,279.079747575292,143,24,0.182221729357737,88.101999028399,11.898000971601
2011,3.41517581087142,0.685111593910444,56.4666895366729,20.1574056225881,282.333447683365,144,24,0.187593598175807,87.9270790980554,12.0729209019446
2011,3.39216220256998,0.680433429774004,57.1121730989379,20.2269546699982,285.56086549469,145,24,0.19055602980489,87.7501566116564,12.2498433883436
2011,3.36479421165144,0.675530465262237,57.7524591350034,20.2954045311101,288.762295675017,146,24,0.180238270821748,87.5730468842982,12.4269531157018
2011,3.34024628410586,0.670457277135899,58.3893326923137,20.3629668718761,291.946663461569,147,24,0.184742476470982,87.3939634435055,12.6060365564945
2011,3.31685844447618,0.665275207582933,59.0203932663976,20.4294078198328,295.101966331988,148,24,0.196728430685811,87.2149815846863,12.7850184153137
2011,3.29037255539363,0.66003480154802,59.6443764075056,20.4946185565535,298.221882037528,149,24,0.196772648472346,87.0370535349304,12.9629464650696
2011,3.26237867577489,0.654774854927199,60.2630507390507,20.5588067232269,301.315253695253,150,24,0.190550987945049,86.8603513728672,13.1396486271328
2011,3.42706828709902,0.687996161703548,60.8773677149349,20.6220899604377,304.386838574674,151,24,0.189713609643207,87.0491276779658,12.9508723220342
2011,3.40000264726514,0.682438745971513,61.5247870461341,20.6883033266535,307.623935230671,152,24,0.193916924842996,86.8710541928169,13.1289458071831
2011,3.37354403509045,0.67694629300818,62.1659492097807,20.7533998657906,310.829746048904,153,24,0.199463316005,86.6953191712936,13.3046808287064
2011,3.34788688649247,0.671541814171635,62.8007068497057,20.8173868266533,314.003534248529,154,24,0.20685784471265,86.5233919131156,13.4766080868844
2011,3.3247554716882,0.666236739311075,63.4288504833265,20.8802648406414,317.144252416633,155,24,0.224546943657149,86.3550128159333,13.6449871840667
2011,3.29533899927059,0.661038568696022,64.0488261950129,20.9419010932933,320.244130975065,156,24,0.209260806358975,86.1896810520877,13.8103189479123
2011,3.27679622108655,0.655950296912154,64.6659718808288,21.0028443787788,323.329859404144,157,24,0.246186448358931,86.0264202729248,13.9735797270752
2011,3.24830753992904,0.650984834120623,65.2720197476752,21.0622985138992,326.360098738376,158,24,0.227991360334967,85.866832401583,14.1331675984171
2011,3.22447032455015,0.64614034517182,65.8760046395382,21.1211687048192,329.380023197691,159,24,0.231462085170421,85.7091960747273,14.2908039252727
2011,3.20421328077807,0.641425872943784,66.474523501182,21.1791361832421,332.37261750591,160,24,0.25152502748698,85.5541796155024,14.4458203844976
2011,3.18716272680846,0.636851126404132,67.0649737590686,21.235966848044,335.324868795343,161,24,0.290108438514977,85.4023232083912,14.5976767916088
2011,3.16370047036282,0.632428338245304,67.6442924727299,21.2913881790399,338.22146236365,162,24,0.283121816011397,85.25429749526,14.74570250474
2011,3.14081089560747,0.628165020893427,68.2203111912541,21.346166786278,341.10155595627,163,24,0.274688443313065,85.1087559549557,14.8912440450443
2011,3.11773804337473,0.624078489818414,68.7934336187229,21.4003509492942,343.967168093615,164,24,0.25965540324222,84.9658569655783,15.0341430344217
2011,3.09816382111139,0.620190113148253,69.3649428435866,21.4540702025441,346.824714217933,165,24,0.260449257250041,84.8256918161491,15.1743081838509
2011,3.08085856988355,0.616528855927316,69.9323730071287,21.5071017172627,349.661865035644,166,24,0.268461560520628,84.689179299225,15.310820700775
2011,3.0633063484502,0.613128101025289,70.4947340273796,21.5593643960541,352.473670136898,167,24,0.266551530967266,84.5570837308545,15.4429162691455
2011,3.04399840656466,0.609789711234484,71.0539607985741,21.6110484294446,355.26980399287,168,24,0.251569868973589,84.4308346659168,15.5691653340832
2011,3.02702733530388,0.606294510035196,71.6123163025767,21.6623698595484,358.061581512884,169,24,0.2561310053902,84.3110427420892,15.6889572579108
2011,3.01114000820604,0.602655059848585,72.166359124145,21.7130199537215,360.831795620725,170,24,0.272669052628427,84.197989835518,15.802010164482
2011,2.99249168552101,0.598888667472044,72.7139104346841,21.7628110177303,363.56955217342,171,24,0.275487058284974,84.0918246988693,15.9081753011307
2011,2.97089737319111,0.595014978953745,73.2571618732107,21.811953491718,366.285809366053,172,24,0.26203814376917,83.9919705719023,16.0080294280977
2011,2.95261770447032,0.591057752628364,73.7987774291558,21.8606957830758,368.993887145779,173,24,0.273588517625105,83.8978546444448,16.1021453555552
2011,2.9359036175209,0.587048679831335,74.3344199402814,21.9086559331881,371.672099701407,174,24,0.299293936415537,83.8103011868053,16.1896988131947
2011,2.91678202995251,0.583021609816564,74.8615713350591,21.9556212097314,374.307856675295,175,24,0.308918181872194,83.7298593695424,16.2701406304576
2011,2.89474408804387,0.579009974830567,75.3829662062256,22.0018474297379,376.914831031128,176,24,0.295307707788125,83.6561528981754,16.3438471018246
2011,2.88008638346276,0.575048508783436,75.9026680501485,22.0477023193841,379.513340250743,177,24,0.339259909431964,83.5886082216041,16.4113917783959
2011,2.85891726836161,0.571181760542344,76.4106401422355,22.0923112679313,382.053200711177,178,24,0.325416674566631,83.529311650736,16.470688349264
2011,2.84039910820581,0.567443031695801,76.9171392040682,22.1365855371143,384.585696020341,179,24,0.328816967514905,83.4765810435986,16.5234189564014
2011,2.8230640103369,0.563873444351458,77.4192464821451,22.1802757979295,387.096232410726,180,24,0.335211570227383,83.4311825452026,16.5688174547974
2011,2.8043353362009,0.560511760805556,77.9165995324884,22.2233581117714,389.582997662442,181,24,0.320362812483988,83.3933723247482,16.6066276752518
2011,2.78876382539134,0.557392442027308,78.4131681239617,22.2661816812264,392.065840619808,182,24,0.322290523863327,83.3625511315482,16.6374488684518
2011,2.77430012167338,0.554550979274716,78.9062281375232,22.3085160677597,394.531140687616,183,24,0.321762209874315,83.3392592923497,16.6607407076503
2011,2.76135176599898,0.552016775210624,79.3964921265015,22.3504279714777,396.982460632507,184,24,0.321005529268682,83.3232755159881,16.6767244840119
2011,2.75281892789029,0.549814030386895,79.8843086062879,22.3919519934823,399.421543031439,185,24,0.345035023568719,83.3142784417899,16.6857215582101
2011,2.74436123743217,0.547962341035799,80.365603209096,22.4327480166874,401.82801604548,186,24,0.354434983264165,83.3125269496755,16.6874730503245
2011,2.73325812524127,0.54646855608074,80.8433167147808,22.4730724526761,404.216583573904,187,24,0.322652548459478,83.316766664331,16.6832333356691
2011,2.73000409127029,0.545325646922673,81.3251563051438,22.5135772931282,406.625781525719,188,24,0.346722063084774,83.3246389291917,16.6753610708083
2011,2.72495498904732,0.544528811033983,81.8015210282301,22.5534578093183,409.00760514115,189,24,0.338386170758399,83.3365164243422,16.6634835756578
2011,2.72722319618866,0.544054616220393,82.2785327710009,22.5932306262918,411.392663855005,190,24,0.385984152104389,83.351288363915,16.648711636085
2011,2.72382878860656,0.543868514755287,82.7464679046832,22.6320907957765,413.732339523416,191,24,0.362459243087617,83.3679370222656,16.6320629777344
2011,2.72504839538831,0.543913017775354,83.2184183870072,22.6711295922039,416.092091935036,192,24,0.37416637760553,83.3810659031698,16.6189340968302
2011,2.72499263881353,0.54412802786469,83.6882602120745,22.7098409890017,418.441301060373,193,24,0.364369623073465,83.3890769077279,16.6109230922721
2011,2.72674391719388,0.544439814186257,84.1600388210232,22.7485598482641,420.800194105116,194,24,0.367904476893584,83.388412221903,16.611587778097
2011,2.73024689257456,0.5447698284353,84.6314489301298,22.7870976597397,423.157244650649,195,24,0.388705770776173,83.3764130832255,16.6235869167745
2011,2.58307126988264,0.515480648350822,85.0993872706849,22.8252039724259,425.496936353424,196,24,0.383148272956545,82.894405619542,17.105594380458
2011,2.58337395657418,0.515622422441486,85.5389896379714,22.8608699458594,427.694948189857,197,24,0.380216935554263,82.851852468043,17.148147531957
2011,2.58345220739316,0.515560343526898,85.9792269013227,22.8964596309316,429.896134506613,198,24,0.38608969492688,82.7879011898293,17.2120988101707
2011,2.58534362759401,0.515696041740841,86.4182930316756,22.9318283612367,432.091465158378,199,24,0.401457848138109,82.7207652705268,17.2792347294732
2011,2.58866576714717,0.516440859784337,86.8546513063088,22.9668550903037,434.273256531544,200,24,0.398311824744952,82.6734532631969,17.326546736803
2011,2.59620054685563,0.517758170710085,87.2922904684347,23.0018616632459,436.461452342174,201,24,0.410762652082746,82.6430656619936,17.3569343380064
2011,2.60307222345576,0.519614535572474,87.7289333188842,23.0366668485157,438.644666594421,202,24,0.38458304602785,82.6289485081547,17.3710514918453
2011,2.6141418614353,0.521976301409504,88.1721730283584,23.0718746064714,440.860865141792,203,24,0.377821020254037,82.6288080949427,17.3711919050573
2011,2.62970129824364,0.524812703527171,88.6189651320413,23.1072399188309,443.094825660207,204,24,0.39419057306285,82.642063071044,17.357936928956
2011,2.64646073262777,0.528093703233134,89.0655808103245,23.1424672860287,445.327904051622,205,24,0.399336817797281,82.6682093806336,17.3317906193664
2011,2.66584931450594,0.531788386121702,89.5145043700537,23.1777528349315,447.572521850268,206,24,0.410847081482388,82.7057200843289,17.2942799156711
2011,2.68808766840306,0.535866241429402,89.9649883909894,23.2130372737823,449.824941954947,207,24,0.433581717976528,82.7535743331807,17.2464256668193
2011,2.70798874249684,0.540296424905646,90.4153575203838,23.2481898334697,452.076787601919,208,24,0.408312954128391,82.8108824199399,17.1891175800601
2011,2.73479040478611,0.545045369582461,90.8747445987881,23.2839207649096,454.37372299394,209,24,0.444950577923372,82.8750566912189,17.1249433087811
2011,2.75970519820956,0.550081972080157,91.3321477386964,23.3193725278876,456.660738693482,210,24,0.442424991874239,82.946659714283,17.053340285717
2011,2.78578884809323,0.555383371272255,91.7950218645615,23.35512257765,458.975109322807,211,24,0.438113511199054,83.0282024009995,16.9717975990005
2011,2.65209120121477,0.528722118146744,92.2639572914299,23.3912128799352,461.319786457149,212,24,0.436670941959269,82.612299894221,17.387700105779
2012,3.47812891334122,0.697034004074371,54.5,19.9420239553624,272.5,141,24,0.196679670783477,88.4425391717491,11.5574608282509
2012,3.46080553103699,0.693491673091704,55.1562632631457,20.0144880699527,275.781316315728,142,24,0.200048642229689,88.2748353454939,11.7251646545061
2012,3.44057689594848,0.689492949405963,55.8083860777301,20.0859021669484,279.041930388651,143,24,0.20072073001807,88.103411002626,11.896588997374
2012,3.41726096321298,0.685117085703575,56.4563266625696,20.1562845432015,282.281633312848,144,24,0.196143638146127,87.9290229191433,12.0709770808567
2012,3.39373720971819,0.68044006068243,57.1005172834627,20.2257036581311,285.502586417313,145,24,0.19706257201519,87.7523540200533,12.2476459799467
2012,3.37060543447609,0.675538132857088,57.7398170555508,20.2940581595209,288.699085277754,146,24,0.204655555847615,87.5754424135211,12.4245575864789
2012,3.34636009997513,0.670467784392845,58.3729694497648,20.3612374323162,291.864847248824,147,24,0.211310717919082,87.3970801470003,12.6029198529997
2012,3.31805682428973,0.66528900819988,58.999939206182,20.427262106368,294.99969603091,148,24,0.201709328810651,87.2188971160798,12.7811028839202
2012,3.29612762179559,0.660049718741986,59.6231659325675,20.4924097350641,298.115829662837,149,24,0.223607589192795,87.0411332880863,12.9588667119137
2012,3.26951821027342,0.654793364919902,60.2376243864413,20.556177782574,301.188121932206,150,24,0.223589055245928,86.8652636931713,13.1347363068287
2012,3.43264730390184,0.688021266755411,60.8467617784065,20.6189476821244,304.233808892032,151,24,0.213390780134303,87.0549150010301,12.9450849989699
2012,3.40631067751228,0.682467334326117,61.490561634117,20.6848151882343,307.452808170585,152,24,0.221734365401122,86.8775490563213,13.1224509436787
2012,3.37856086120996,0.676978837495617,62.1274220986849,20.7495014962212,310.637110493425,153,24,0.221825745453606,86.7026525631908,13.2973474368092
2012,3.35395926680509,0.671577452236527,62.7587108348132,20.8131673648933,313.793554174066,154,24,0.235607733815897,86.5314048721292,13.4685951278708
2012,3.32704771943202,0.666276159168866,63.3823192153142,20.8756219209895,316.911596076571,155,24,0.235173235834378,86.3639071456627,13.6360928543373
2012,3.30084073016091,0.661079089938452,64.000628407559,20.9371243487668,320.003142037795,156,24,0.235645193562781,86.1989054343725,13.8010945656275
2012,3.2761242351137,0.655993753059927,64.6135978767907,20.9976882143491,323.067989383954,157,24,0.241113558822567,86.0364509865219,13.9635490134781
2012,3.25118836806192,0.651026789287055,65.2205262829674,21.0572619271309,326.102631414837,158,24,0.242200848966079,85.8766965371443,14.1233034628557
2012,3.22705841558138,0.646183162866673,65.8222458120994,21.1159441404061,329.111229060497,159,24,0.244317322096826,85.7194915470538,14.2805084529462
2012,3.2029554321793,0.641469161560305,66.4187116482462,21.1737461353751,332.093558241231,160,24,0.242903222445605,85.5648612676051,14.4351387323949
2012,3.18198773293127,0.636892043656453,67.0106351357886,21.2307513758387,335.053175678943,161,24,0.255663099718309,85.4127126511033,14.5872873488967
2012,3.16228436129898,0.632463708766316,67.59580836446,21.2867625926233,337.9790418223,162,24,0.272546259238656,85.263556126087,14.736443873913
2012,3.13984779301353,0.628197959019092,68.1736593879897,21.3417422860536,340.868296939948,163,24,0.267298388637524,85.1176520630425,14.8823479369575
2012,3.11968249983639,0.624109493793884,68.7480676228898,21.3960734470279,343.740338114449,164,24,0.270836521552067,84.9744946606445,15.0255053393555
2012,3.09999895743353,0.620221393441022,69.3177299381546,21.449644120176,346.588649690773,165,24,0.271011602696364,84.8346671203232,15.1653328796768
2012,3.08262494387155,0.616560396591519,69.8834151183017,21.5025380040252,349.417075591508,166,24,0.278938683391873,84.6984721777448,15.3015278222552
2012,3.065224139023,0.613160006378943,70.4440344837672,21.5546646080959,352.220172418836,167,24,0.278017609046582,84.5666936094539,15.4333063905461
2012,3.04601630868876,0.609822196279618,71.001352130845,21.6061984153861,355.006760654225,168,24,0.263072787701577,84.4407925712719,15.5592074287281
2012,3.0282395735296,0.606327653746797,71.5578112071207,21.6573723154483,357.789056035603,169,24,0.262639119864947,84.3213445818446,15.6786554181554
2012,3.01032153522415,0.602688455977201,72.110795473386,21.7079526278867,360.55397736693,170,24,0.26594890210569,84.2084761346891,15.791523865311
2012,2.99383206146443,0.598921089220575,72.6595277760548,21.7578774941391,363.297638880274,171,24,0.283505587897365,84.1020726745168,15.8979273254833
2012,2.97353274139354,0.595048031177049,73.2014442511166,21.8069249940743,366.007221255583,172,24,0.278574037822949,84.0024540317008,15.9975459682991
2012,2.95383480437954,0.591092368336521,73.740280411238,21.8554434216611,368.70140205619,173,24,0.280700513257041,83.9088434854263,16.0911565145737
2012,2.93393812142965,0.587083973411214,74.2747447156032,21.9033247029557,371.373723578016,174,24,0.283288971263615,83.8214924142532,16.1785075857468
2012,2.91524473748543,0.583055263454616,74.804704820883,21.9505659385477,374.023524104415,175,24,0.29557360911284,83.7405043533967,16.2594956466032
2012,2.89663212820567,0.579042262347299,75.3284619541916,21.9970256004675,376.642309770958,176,24,0.308532964666846,83.6663349455885,16.3336650544115
2012,2.87695912371833,0.575082155077636,75.8458971544788,22.0427039156599,379.229485772394,177,24,0.311329102582839,83.5991891797546,16.4008108202454
2012,2.86128979622042,0.571212441054642,76.3588308177389,22.0877709741971,381.794154088695,178,24,0.344602944555636,83.5389422497801,16.4610577502199
2012,2.84306708707718,0.567475605274407,76.8619679441382,22.1317727676359,384.309839720691,179,24,0.35094822002624,83.4868049673177,16.5131950326823
2012,2.82393530930687,0.56390810658355,77.3601834619357,22.175146768293,386.800917309678,180,24,0.34123451885998,83.4420883248631,16.5579116751368
2012,2.80580689556504,0.560546681377833,77.8565071711165,22.2181629176135,389.282535855583,181,24,0.331383456723388,83.4044217173042,16.5955782826958
2012,2.79328926348972,0.557427953106911,78.3511669839799,22.2608451115084,391.755834919899,182,24,0.361742024843262,83.3738961494614,16.6261038505386
2012,2.7782316976408,0.554589712758445,78.8372428904582,22.3026040729454,394.186214452291,183,24,0.355471199274707,83.3518119959552,16.6481880040448
2012,2.76415829949104,0.552057769520709,79.3215526652278,22.3440332143116,396.607763326139,184,24,0.344072116740072,83.3368252957665,16.6631747042335
2012,2.75155170982925,0.54985583832527,79.805318554775,22.3852401991576,399.026592773875,185,24,0.331250478638208,83.3284588635932,16.6715411364068
2012,2.74447577652931,0.548001211605761,80.2891181661342,22.4262763083709,401.445590830671,186,24,0.353393649598501,83.3261491492076,16.6738508507924
2012,2.73816411872128,0.546505407505196,80.7670643857467,22.4666470506544,403.835321928734,187,24,0.366660455453559,83.3302300735499,16.6697699264501
2012,2.7328801019147,0.545363998160866,81.2410851737024,22.5065220973128,406.205425868512,188,24,0.372768493333998,83.3393445888678,16.6606554111322
2012,2.73370514831902,0.544566643261045,81.7128176066603,22.5460439835879,408.564088033302,189,24,0.427238895159728,83.3518794167346,16.6481205832654
2012,2.73174797098272,0.544096007248009,82.1738107841192,22.5845127951129,410.869053920596,190,24,0.433935427745877,83.3692391642445,16.6307608357555
2012,2.73106431808893,0.543909688928833,82.633062982865,22.6226870537387,413.165314914325,191,24,0.438869209411417,83.3871726769338,16.6128273230662
2012,2.7339486848846,0.543955129162982,83.0911812111469,22.6606200131498,415.455906055734,192,24,0.4740326477594,83.4024237202446,16.5975762797554
2012,2.73526701643079,0.544171675485709,83.5428328773881,22.6978751037411,417.71416438694,193,24,0.47907823941636,83.4132447978784,16.5867552021216
2012,2.73461822413694,0.544485031164749,83.9937282059006,22.7349280447159,419.968641029503,194,24,0.452746045095138,83.4157957514511,16.5842042485489
2012,2.73540782909329,0.544814816952703,84.4497490543583,22.7722614442658,422.248745271791,195,24,0.444056193167986,83.40608774672,16.59391225328
2012,2.5877572945304,0.515517465614965,84.9076542028609,22.8096079947691,424.538271014305,196,24,0.435551105067363,82.9262438887119,17.0737561112882
2012,2.58941877294017,0.515658695500012,85.3377183087696,22.8445562240749,426.688591543848,197,24,0.449494381599588,82.8851192452179,17.1148807547821
2012,2.59009395131489,0.515597910794076,85.7653145360434,22.8791824191976,428.826572680217,198,24,0.464243649892102,82.823169553006,17.176830446994
2012,2.59433670385645,0.515735984769117,86.1900842059443,22.9134607967662,430.950421029721,199,24,0.516355285019214,82.7583270682595,17.2416729317405
2012,2.59730464186436,0.516484397016969,86.6052681492455,22.946852019623,433.026340746227,200,24,0.506562066261806,82.7143947669455,17.2856052330545
2012,2.60338832417025,0.517805115671411,87.0229923605375,22.9803351382926,435.114961802688,201,24,0.500407930452085,82.687128060159,17.312871939841
2012,2.61068062569875,0.519664333364604,87.4431518113106,23.0139006446828,437.215759056553,202,24,0.473598624199092,82.6755164922038,17.3244835077962
2012,2.62153667693913,0.522028963173678,87.870118891269,23.0478950386861,439.350594456345,203,24,0.461754109506771,82.6777917236461,17.3222082763539
2012,2.63653902310558,0.524868111027226,88.3016128762248,23.0821330941256,441.508064381124,204,24,0.473440381363901,82.6932478586001,17.3067521413999
2012,2.65252029255203,0.528151765834479,88.7337564042234,23.1163060163309,443.668782021117,205,24,0.468442379305461,82.721406507561,17.278593492439
2012,2.67194801113045,0.531848826898407,89.1700817619782,23.1506921470365,445.850408809891,206,24,0.48171799618394,82.7605751422909,17.2394248577091
2012,2.69204805855346,0.535929169010644,89.6076230362474,23.185056542025,448.038115181237,207,24,0.478249499439552,82.8100903125786,17.1899096874214
2012,2.71466035260031,0.540361032463751,90.0498631219445,23.2196713458042,450.249315609723,208,24,0.48476671004934,82.8682520496184,17.1317479503816
2012,2.73910038841078,0.54511271999529,90.495306800822,23.2544173340837,452.47653400411,209,24,0.494270914625405,82.9341460784648,17.0658539215352
2012,2.76407149699167,0.550151216279745,90.9437217316422,23.2892748992726,454.718608658211,210,24,0.491569161531432,83.0066525140569,16.9933474859431
2012,2.79172949305253,0.555454573803628,91.3976548228572,23.3244396223231,456.988274114286,211,24,0.507066541850515,83.0890446755245,16.9109553244755
2012,2.65770213906496,0.528781347823009,91.8540030157068,23.3596689510969,459.270015078534,212,24,0.505342886717897,82.6760954381398,17.3239045618602
2013,3.47370622748014,0.697034004074371,54.5,19.9420239553624,272.5,141,24,0.178952260687331,88.4425391717491,11.5574608282509
2013,3.45614782521324,0.693490465863985,55.1589242079927,20.0147806631888,275.794621039964,142,24,0.181044462705318,88.2743407277944,11.7256592722056
2013,3.43744370324382,0.689490233500386,55.8139163090554,20.0865052904351,279.069581545277,143,24,0.187660725631166,88.1023785924721,11.8976214075279
2013,3.41394064949745,0.685113102862776,56.4638422380213,20.1570976096055,282.319211190107,144,24,0.182588685438594,87.9276131751773,12.0723868248228
2013,3.39140320715133,0.680434620680532,57.1100797604959,20.2267300063161,285.550398802479,145,24,0.187388114939922,87.7505512517337,12.2494487482663
2013,3.3672639453827,0.675531442700918,57.7508475881828,20.2952329140565,288.754237940914,146,24,0.190295226328018,87.5733522488835,12.4266477511165
2013,3.34243456657696,0.670459286354302,58.3862037074312,20.3626361939705,291.931018537156,147,24,0.193889238332297,87.3945594089372,12.6054405910628
2013,3.31709507266575,0.665278257739863,59.0158725985419,20.428933628151,295.07936299271,148,24,0.197693676933073,87.2158469583331,12.7841530416669
2013,3.28993693221414,0.660038083354287,59.6397100357087,20.4941326557949,298.198550178543,149,24,0.194764893342658,87.0379510720732,12.9620489279268
2013,3.26346541263312,0.654778022998754,60.2586988150412,20.5583568138098,301.293494075206,150,24,0.195236544839725,86.8611921303259,13.1388078696741
2013,3.43004975775463,0.688000321700348,60.8722960479275,20.6215693340077,304.361480239638,151,24,0.202251875633565,87.0500866531391,12.9499133468609
2013,3.40222509648185,0.682444578579359,61.5178040458128,20.6875917526777,307.589020229064,152,24,0.203402425640649,86.8723792873658,13.1276207126341
2013,3.37615196636369,0.676953418215673,62.1575136365185,20.7525464554828,310.787568182593,153,24,0.211049485096488,86.6969247610589,13.3030752389411
2013,3.34814464186032,0.671550495680902,62.790475676421,20.816359052152,313.952378382105,154,24,0.20781676801135,86.5253439611341,13.4746560388659
2013,3.31791384646125,0.666245524608156,63.4184791371059,20.8792301867328,317.092395685529,155,24,0.19250131413814,86.3569951667134,13.6430048332866
2013,3.29168162562479,0.661043049489799,64.0434957142567,20.9413729278714,320.217478571283,156,24,0.192606075170217,86.1907011660817,13.8092988339183
2013,3.26791814805735,0.655952562414608,64.6632409064414,21.0025755892263,323.316204532207,157,24,0.201202221726289,86.0269432715523,13.9730567284477
2013,3.24720725947266,0.650981176540072,65.2765100227438,21.062737577371,326.382550113719,158,24,0.222431295953187,85.8659723164878,14.1340276835122
2013,3.2235765995107,0.646136059676513,65.8813868391139,21.1216916114958,329.406934195569,159,24,0.226871237140038,85.7081654170391,14.2918345829609
2013,3.19963320612799,0.641421126612106,66.4806450848498,21.1797271852046,332.403225424249,160,24,0.226301078587122,85.5530081469885,14.4469918530115
2013,3.17743087496505,0.636843410975003,67.0752240693936,21.2369503522535,335.376120346968,161,24,0.231316564713879,85.4003635872305,14.5996364127695
2013,3.15597289784364,0.632413709074879,67.6643547031073,21.2933015237115,338.321773515537,162,24,0.23649598066262,85.2504668353634,14.7495331646366
2013,3.13369261261196,0.628145374165431,68.248152901849,21.3488063151751,341.240764509245,163,24,0.232662723063173,85.1034474965303,14.8965525034697
2013,3.11373522022265,0.624054706040406,68.8282565672183,21.4036330274192,344.141282836092,164,24,0.236773995925757,84.9592276635079,15.0407723364921
2013,3.09573139027172,0.620164558432038,69.4035411834544,21.4576871329504,347.017705917272,165,24,0.246540641344445,84.8183553666616,15.1816446333383
2013,3.07800153549901,0.616502531311467,69.973266208072,21.5109119570802,349.86633104036,166,24,0.251479510449084,84.6814185619303,15.3185814380697
2013,3.06175185897943,0.613100612507681,70.5384518166855,21.5634150924602,352.692259083427,167,24,0.257663043703147,84.5487987486298,15.4512012513702
2013,3.04381315039984,0.609761835605127,71.099144925973,21.6152119746649,355.495724629865,168,24,0.251414579581343,84.4222837487518,15.5777162512482
2013,3.02827239538942,0.606267063396716,71.6574939405671,21.6665101649008,358.287469702835,169,24,0.265106214387927,84.3025055410275,15.6974944589725
2013,3.00717807719327,0.602628859569041,72.2099902167187,21.7169971415773,361.049951083593,170,24,0.248167438337405,84.1897571323784,15.8102428676216
2013,2.98919083813913,0.598860233147513,72.7616489465426,21.7671396738974,363.808244732713,171,24,0.254816327779157,84.0828305632106,15.9171694367894
2013,2.96868243417277,0.594984628330989,73.3083737739033,21.8165729990066,366.541868869516,172,24,0.248992295309904,83.9823368825684,16.0176631174316
2013,2.95047879883157,0.591026196753021,73.852154857388,21.8654859327574,369.26077428694,173,24,0.260421007766579,83.8878296871514,16.1121703128486
2013,2.93244858968999,0.587015838048569,74.3900023819173,21.9136188423483,371.950011909587,174,24,0.275495078146238,83.7998797713181,16.2001202286819
2013,2.91151139245406,0.5829863409426,74.9212217791753,21.9609210890038,374.606108895876,175,24,0.271410295906065,83.7186956671576,16.2813043328424
2013,2.89090306752003,0.578970855007975,75.4490632512218,22.007691580005,377.245316256109,176,24,0.26907398429004,83.6438078818223,16.3561921181777
2013,2.87283956244898,0.575006718703481,75.9732426620862,22.0539124421176,379.866213310431,177,24,0.28296151863416,83.5754574999666,16.4245425000333
2013,2.85374216997852,0.571134199870139,76.4910239923839,22.0993514360502,382.45511996192,178,24,0.286363900700538,83.5143728857162,16.4856271142838
2013,2.83563618966862,0.567391617354687,77.0042973225142,22.1441837244593,385.021486612571,179,24,0.29242134813307,83.4604334409632,16.5395665590368
2013,2.81776793433111,0.563818629111511,77.5127297212469,22.1883883061917,387.563648606234,180,24,0.293870924265082,83.4139255345465,16.5860744654535
2013,2.80000891517779,0.560453296854542,78.0172901129361,22.2320569071731,390.08645056468,181,24,0.288109650675086,83.3748627873061,16.6251372126939
2013,2.78404846414061,0.557331622462906,78.5194423037817,22.2753220887407,392.597211518909,182,24,0.286780468522285,83.3431101469109,16.6568898530891
2013,2.77201337570311,0.55448790193467,79.0186593511893,22.3181436409889,395.093296755946,183,24,0.30552577663407,83.3188067895575,16.6811932104425
2013,2.7591187077521,0.551953794315662,79.5117111984912,22.360251679737,397.558555992456,184,24,0.30517712539319,83.3024487944746,16.6975512055254
2013,2.7479038474995,0.549751653546905,80.0022445503404,22.4019644216811,400.011222751702,185,24,0.304963423619949,83.2931126197043,16.7068873802957
2013,2.73855660980512,0.547898874326913,80.4905681389505,22.4433125736085,402.452840694753,186,24,0.30572740643368,83.290276980929,16.709723019071
2013,2.72936384411618,0.546404057391433,80.9768597037563,22.4843152825828,404.884298518782,187,24,0.293122979104159,83.2931950730716,16.7068049269284
2013,2.72420757551331,0.545262428144392,81.4638235663626,22.5252030627658,407.319117831813,188,24,0.298950151354326,83.3003913017716,16.6996086982284
2013,2.72091199664268,0.54446612586402,81.9485803898941,22.5657366850096,409.74290194947,189,24,0.306024693849869,83.3110553384974,16.6889446615025
2013,2.71960945563812,0.543994288453441,82.4312525774612,22.6059302984445,412.156262887306,190,24,0.316463470142403,83.3251200972765,16.6748799027235
2013,2.72048743765374,0.543808605804637,82.9115656234127,22.6457649543808,414.557828117063,191,24,0.334039731568063,83.3399450014224,16.6600549985776
2013,2.72113803703176,0.54385674782535,83.3885278722591,22.6851628715498,416.942639361296,192,24,0.339347324759694,83.3525245437,16.6474754563
2013,2.7233348096151,0.544075147369409,83.8645473396075,22.7243266285247,419.322736698038,193,24,0.351337848439498,83.3597951288264,16.6402048711736
2013,2.72389081443189,0.544391294854369,84.3385963722244,22.7631745995262,421.692981861122,194,24,0.343145618378421,83.3590280753138,16.6409719246862
2013,2.72783263661275,0.544724560825345,84.8143830865994,22.8020122469478,424.071915432997,195,24,0.366787554727002,83.3465541117677,16.6534458882323
2013,2.58124598803238,0.515444801069164,85.286217431614,22.840377595761,426.43108715807,196,24,0.36600472512732,82.8634008574134,17.1365991425866
2013,2.58189662906248,0.515588230191878,85.7288784277417,22.876236565542,428.644392138709,197,24,0.366795960600468,82.8204873900726,17.1795126099274
2013,2.58103361195463,0.515526608626334,86.171499182652,22.9119634748173,430.85749591326,198,24,0.362453409315126,82.7562220809493,17.2437779190507
2013,2.57984388500324,0.515661682591721,86.6148034116535,22.9476175824741,433.074017058267,199,24,0.344852866607485,82.6884436423699,17.3115563576301
2013,2.58388805825043,0.516404811124615,87.061377033422,22.9834062775145,435.30688516711,200,24,0.349538965931647,82.639540501052,17.360459498948
2013,2.59121220190773,0.517720647234494,87.5078090767927,23.0190559684941,437.539045383964,201,24,0.358511706793867,82.6078308322638,17.3921691677362
2013,2.60152943441248,0.519575386214983,87.9538978755376,23.0545518609193,439.769489377688,202,24,0.370786051939435,82.5923213575286,17.4076786424714
2013,2.6141301091308,0.521936706538029,88.3995813946136,23.089890420502,441.997906973068,203,24,0.380620856357335,82.5919615179653,17.4080384820347
2013,2.62812977159096,0.524773151823837,88.8458038947604,23.1251475325447,444.229019473802,204,24,0.379905538075216,82.6055092082173,17.3944907917827
2013,2.64355173287966,0.528053620495034,89.2949548252143,23.1605116117597,446.474774126072,205,24,0.370746340375754,82.631470003542,17.368529996458
2013,2.66309134472682,0.531747288048383,89.7490069596671,23.1961357992361,448.745034798335,206,24,0.383321055875,82.6684061184908,17.3315938815092
2013,2.68408956216226,0.535824130693632,90.2044365007776,23.2317420930934,451.022182503888,207,24,0.391114284510224,82.7157422411589,17.2842577588411
2013,2.70712850290909,0.540252792117381,90.6624910277166,23.2674274560702,453.312455138583,208,24,0.402037014743506,82.7721284350109,17.2278715649891
2013,2.72995123114473,0.545001362147275,91.1229522888012,23.3031738917641,455.614761444006,209,24,0.393074303061982,82.8364411806398,17.1635588193602
2013,2.75568335670137,0.550036096916217,91.5897536272012,23.3392842412605,457.948768136006,210,24,0.400177117457527,82.9069115879417,17.0930884120583
2013,2.78030422208437,0.555335888394228,92.0602631489944,23.3755518729831,460.301315744972,211,24,0.381515577101284,82.987631093095,17.012368906905
2013,2.64658939279252,0.528682368405523,92.5394108819483,23.4123528247128,462.697054409741,212,24,0.37699989471741,82.5694801585312,17.4305198414688
2014,3.47932499629415,0.697034004074371,54.5,19.9420239553624,272.5,141,24,0.201768631483868,88.4425391717491,11.5574608282509
2014,3.46131105747242,0.693492026313574,55.1554846875962,20.0144024571711,275.777423437981,142,24,0.202221483237845,88.274980068301,11.725019931699
2014,3.43516596085413,0.689493495516205,55.8072740416831,20.0857808839791,279.036370208415,143,24,0.178575673981423,88.1036186050638,11.8963813949362
2014,3.41444591782346,0.685115901403474,56.4585614543717,20.1565263202114,282.292807271858,144,24,0.184534895445166,87.9286037216579,12.0713962783422
2014,3.39554045146432,0.680437788829013,57.1045108069331,20.2261323007146,285.522554034666,145,24,0.205054560498822,87.7516011336263,12.2483988663737
2014,3.37126227831767,0.675536461471717,57.7425728149339,20.2943516632537,288.71286407467,146,24,0.207685423602418,87.5749202209117,12.4250797790883
2014,3.34588690022486,0.670466319625278,58.3752505936138,20.3614785478554,291.876252968069,147,24,0.209142506826597,87.3966456489285,12.6033543510715
2014,3.32059160630479,0.665287240362846,59.0025593429022,20.4275369982344,295.012796714511,148,24,0.213530508317827,87.2183955288693,12.7816044711307
2014,3.29509948545072,0.660049182232514,59.6239287784048,20.492489185979,298.119643892024,149,24,0.218497461899341,87.040986553284,12.959013446716
2014,3.26923811953842,0.654792215231717,60.2392036269757,20.5563410896128,301.196018134879,150,24,0.22220336139124,86.8649585765866,13.1350414234134
2014,3.43255193024474,0.688019789933605,60.8485621319551,20.6191325529615,304.242810659775,151,24,0.212989829291479,87.0545745558047,12.9454254441953
2014,3.40571693895665,0.682465779371934,61.4924230939812,20.6850049367296,307.462115469906,152,24,0.218923425491018,86.8771957961574,13.1228042038426
2014,3.37796037979235,0.676976890365414,62.1297269888809,20.7497347641428,310.648634944405,153,24,0.218969091956911,86.7022138194752,13.2977861805248
2014,3.35103049620481,0.671575113143084,62.7614669464696,20.8134443397742,313.807334732348,154,24,0.22086238066863,86.5308789685991,13.4691210314009
2014,3.32414151029495,0.666271821602482,63.3874386271878,20.8761328554606,316.937193135939,155,24,0.220508358621416,86.3629285242664,13.6370714757336
2014,3.29818198589211,0.661072807840945,64.0080995212545,20.9378649535854,320.040497606273,156,24,0.222127943694786,86.1974754805669,13.8025245194331
2014,3.27305293103636,0.655985750789307,64.6232406429052,20.9986377530417,323.116203214526,157,24,0.225111064716975,86.0346040745307,13.9653959254693
2014,3.24907362498181,0.651016823746859,65.2327552211697,21.0584582930574,326.163776105849,158,24,0.231064434498753,85.8743538050517,14.1256461949483
2014,3.2272941554337,0.646171983465894,65.8362789969909,21.1173082455668,329.181394984955,159,24,0.24600578553769,85.7168038467843,14.2831961532157
2014,3.20095494596047,0.641458500069199,66.4324541832011,21.1750736180235,332.162270916006,160,24,0.232208682273381,85.5622309420316,14.4377690579684
2014,3.18001850140095,0.636880383387131,67.0261163737652,21.2322375798032,335.130581868826,161,24,0.244539366054892,85.409752468574,14.590247531426
2014,3.15886904397132,0.632451076502837,67.6131203759722,21.2884144961701,338.065601879861,162,24,0.251919168948463,85.2602500033375,14.7397499966625
2014,3.13718317560369,0.628183302904454,68.1944136059166,21.3437108957906,340.972068029583,163,24,0.251438284106632,85.1136942203,14.8863057797
2014,3.11645784369185,0.624093503750204,68.7714607528966,21.3982794012071,343.857303764483,164,24,0.251331777499818,84.9700404207474,15.0299595792526
2014,3.096406675895,0.620203734545957,69.3443788679129,21.4521426435477,346.721894339564,165,24,0.249226194748343,84.8296008860743,15.1703991139257
2014,3.07829067064589,0.616540881136444,69.9137024147757,21.5053615612313,349.568512073878,166,24,0.251901854510715,84.6927230254306,15.3072769745694
2014,3.06119219660172,0.61313808623609,70.4788619853542,21.5578933298433,352.394309926771,167,24,0.252862335379097,84.5600920020096,15.4399079979904
2014,3.0431058753662,0.609798079411444,71.0404039324835,21.6097988559941,355.202019662418,168,24,0.245859264212183,84.433400546855,15.566599453145
2014,3.02624207129071,0.606302164756074,71.5997231997276,21.6612154400012,357.998615998638,169,24,0.250968903767711,84.313422728122,15.686577271878
2014,3.0101433448193,0.602662099788822,72.1546415322613,21.7119515523436,360.773207661306,170,24,0.26577247990302,84.2002010568993,15.7997989431007
2014,2.99366006115428,0.598894947186636,72.7033729633493,21.7618552730489,363.516864816746,171,24,0.283351252340063,84.0938102298462,15.9061897701538
2014,2.97378745811535,0.595022021475447,73.2452853676786,21.810881864472,366.226426838393,172,24,0.281402960083711,83.9942049862419,16.0057950137581
2014,2.95438532323847,0.591066726935587,73.7836061287713,21.8593338530451,368.918030643856,173,24,0.285674058058295,83.9007043818989,16.0992956181011
2014,2.93358473480459,0.587058869337955,74.3171852561749,21.9071165375239,371.585926280874,174,24,0.281785194076488,83.8135330440482,16.1864669559518
2014,2.91282810335757,0.583030008485853,74.8473748590777,21.9543594341873,374.236874295389,175,24,0.278911233115414,83.7325166328676,16.2674833671324
2014,2.89422546114689,0.579015296009147,75.3739805361963,22.0010526615154,376.869902680982,176,24,0.291169078615153,83.6578313902924,16.3421686097076
2014,2.87520812914348,0.575053403472742,75.894406512613,22.046975092863,379.472032563065,177,24,0.298794880392063,83.5901478742118,16.4098521257882
2014,2.85916772673052,0.571182437807167,76.4094960852485,22.0922110320301,382.047480426243,178,24,0.327514993782328,83.5295242956045,16.4704757043955
2014,2.84049735163763,0.567443925053127,76.9156255928939,22.1364535319644,384.57812796447,179,24,0.329621680857813,83.4768615092208,16.5231384907792
2014,2.81949324171893,0.563874415235066,77.4175916015701,22.1801321253281,387.08795800785,180,24,0.305009951707258,83.4314880841763,16.5685119158237
2014,2.80233155516257,0.560509628054051,77.9202708496489,22.2236754194103,389.601354248244,181,24,0.303856604053021,83.392697336112,16.607302663888
2014,2.78941698227502,0.557388679301413,78.4197398630337,22.2667471523543,392.098699315168,182,24,0.328149123549881,83.3613487592617,16.6386512407383
2014,2.7738677399383,0.55454787502777,78.9117586706056,22.3089898751669,394.558793353028,183,24,0.318199540943959,83.3382530602948,16.6617469397052
2014,2.76097074207312,0.552013408497079,79.4026486150916,22.3509531318318,397.013243075458,184,24,0.317888041640551,83.322162500039,16.677837499961
2014,2.75085305285258,0.549810483361603,79.8910122706208,22.3925213916874,399.455061353104,185,24,0.327328897806875,83.3130751432141,16.6869248567859
2014,2.74104454591149,0.54795733576212,80.3754547922612,22.4335812868012,401.877273961306,186,24,0.324146909446115,83.3107725793782,16.6892274206218
2014,2.73713858334377,0.546461190121403,80.8585623756012,22.4743566214457,404.292811878006,187,24,0.359043664242646,83.3140751934088,16.6859248065912
2014,2.73096692983416,0.545321659471887,81.3338995175847,22.5143107260861,406.669497587924,188,24,0.356181227102489,83.3231097817903,16.6768902182097
2014,2.72755259929484,0.544525807551162,81.8085647885038,22.5540462861264,409.042823942519,189,24,0.363465502159856,83.3352966524975,16.6647033475025
2014,2.72564721897861,0.544053609660758,82.2810800319327,22.5934425827268,411.405400159664,190,24,0.369753299113491,83.3508517977635,16.6491482022365
2014,2.7257154845314,0.543866526252302,82.751946083054,22.6325448287789,413.75973041527,191,24,0.381793963165481,83.3670079840244,16.6329920159756
2014,2.7240708936444,0.543912359819519,83.2204068328899,22.6712937456187,416.102034164449,192,24,0.364328457183177,83.3807321917118,16.6192678082882
2014,2.72604310362627,0.544126899504438,83.6920206940444,22.7101502123827,418.460103470222,193,24,0.375065039510798,83.3884521147999,16.6115478852
2014,2.72737752819088,0.544439316396257,84.1618702200184,22.7487098560217,420.809351100092,194,24,0.37436608765595,83.3881107561123,16.6118892438877
2014,2.72812578085813,0.544769663644081,84.6321146827868,22.7871519791461,423.160573413934,195,24,0.366826200616203,83.3763043859979,16.6236956140021
2014,2.57917554481782,0.515479762058302,85.1040046976993,22.8255792616738,425.520023488497,196,24,0.342436605869622,82.8936391200277,17.1063608799723
2014,2.57993618264576,0.515620264325087,85.5509701298677,22.8618401612299,427.754850649338,197,24,0.344437108178581,82.8498729939101,17.1501270060899
2014,2.57913719943769,0.515557105329248,85.9976754751213,22.897948276077,429.988377375607,198,24,0.341078501986409,82.7848606933779,17.2151393066221
2014,2.58033010433628,0.515691391089922,86.4448803231468,22.9339660604564,432.224401615734,199,24,0.347683414810169,82.7163910133341,17.2836089866659
2014,2.58599005945977,0.516434520316939,86.8909900122276,22.9697664821167,434.454950061138,200,24,0.369206181903529,82.6674903208252,17.3325096791749
2014,2.59433759665221,0.517750920453881,87.3339140857379,23.005184743468,436.66957042869,201,24,0.389894837722622,82.6362587237278,17.3637412762722
2014,2.60305381565626,0.519606627130036,87.7743566459854,23.0402806429828,438.871783229927,202,24,0.384976305166881,82.6215508203074,17.3784491796926
2014,2.61668256257018,0.521968403508955,88.2175126094456,23.0754690949284,441.087563047228,203,24,0.406841107681771,82.6214596187204,17.3785403812796
2014,2.63160572489631,0.524805718497806,88.6590073905856,23.1104033446304,443.295036952928,204,24,0.416635149744998,82.635608518884,17.364391481116
2014,2.645781018865,0.528087421101474,89.101513730629,23.1452961839656,445.507568653145,205,24,0.392232419729216,82.6624521282267,17.3375478717733
2014,2.66499597286701,0.531781860726012,89.55172102412,23.1806725359981,447.7586051206,206,24,0.401650044112342,82.6997963196179,17.3002036803821
2014,2.68682070323128,0.535859400092129,90.0038725070317,23.2160771180058,450.019362535159,207,24,0.419130402382804,82.7474288097413,17.2525711902587
2014,2.70896882417112,0.540289091372317,90.4568771388817,23.2514244058,452.284385694409,208,24,0.420069195198209,82.8043694680515,17.1956305319485
2014,2.7338197298486,0.545038387833408,90.9141074888842,23.2869765330764,454.570537444421,209,24,0.433874295618192,82.8689307330999,17.1310692669001
2014,2.7624064152899,0.55007459991837,91.373530295991,23.3225738399628,456.867651479955,210,24,0.476629414071702,82.9402723443919,17.0597276556081
2014,2.78997543362859,0.555377089160167,91.8301022139056,23.3578268794783,459.150511069528,211,24,0.490708651219624,83.0228346408168,16.9771653591832
2014,2.65568363936902,0.528718451514345,92.2893545686274,23.3931638572819,461.446772843137,212,24,0.483507770857149,82.6083503202171,17.3916496797829
2015,3.47158574061766,0.697034004074371,54.5,19.9420239553624,272.5,141,24,0.171028613860706,88.4425391717492,11.5574608282509
2015,3.45389757229305,0.69348993929523,55.1600848399855,20.0149082813436,275.800424199928,142,24,0.172519486777487,88.2741249903101,11.7258750096899
2015,3.43420245491208,0.689489047176198,55.8163318820456,20.0867687182089,279.081659410228,143,24,0.175005078338711,88.1019276474322,11.8980723525678
2015,3.41239543432106,0.685110824853415,56.4681406828467,20.1575625994488,282.340703414234,144,24,0.176613932517092,87.9268069036543,12.0731930963457
2015,3.38946852998499,0.680431671278191,57.115264097868,20.2272863952557,285.57632048934,145,24,0.179692464146266,87.7495738953977,12.2504261046023
2015,3.36435126734652,0.675527599443573,57.7571841011285,20.2959076835793,288.785920505642,146,24,0.178555091538959,87.572151580774,12.427848419226
2015,3.33834088427129,0.67045408380495,58.3943056869782,20.3634924033207,291.971528434891,147,24,0.177163885590058,87.3930162681598,12.6069837318402
2015,3.31324173598387,0.665271086688916,59.0265008787541,20.4300484325314,295.132504393771,148,24,0.181532325483566,87.2138124466649,12.7861875533351
2015,3.28759143486169,0.660028877454853,59.6527998726167,20.4954956094879,298.263999363083,149,24,0.184952374488313,87.035433383374,12.964566616626
2015,3.26085035239746,0.654767406976829,60.2732819962057,20.5598643590629,301.366409981028,150,24,0.184223371031035,86.8583748160578,13.1416251839422
2015,3.42652830363498,0.687986982493298,60.8885587813749,20.6232386601861,304.442793906874,151,24,0.187722828448051,87.0470116651907,12.9529883348093
2015,3.39899554689946,0.682429156527935,61.5362682152563,20.6894731457048,307.681341076282,152,24,0.189929091889319,86.8688755817257,13.1311244182743
2015,3.37116710390918,0.676936092261881,62.1780264639236,20.7546215572838,310.890132319618,153,24,0.189545713640219,86.6930205066782,13.3069794933218
2015,3.34433959852382,0.671530287273371,62.8142921699645,20.8187513622968,314.071460849822,154,24,0.191490723169808,86.5208000020094,13.4791999979906
2015,3.3183845863411,0.666223230261584,63.4447996896904,20.8818557163389,317.223998448452,155,24,0.195084466166971,86.3519644455469,13.6480355544531
2015,3.2930112303369,0.661021281365649,64.0693936203506,20.9439387092115,320.346968101753,156,24,0.199009770030117,86.185745139739,13.814254860261
2015,3.26799225126908,0.655931922463092,64.6881238250035,21.005024338032,323.440619125017,157,24,0.202073659836657,86.0221781996925,13.9778218003075
2015,3.2449947632356,0.650961040765383,65.3012333034752,21.0651546669017,326.506166517376,158,24,0.212006955747425,85.8612369400112,14.1387630599888
2015,3.22116028141382,0.646115070002756,65.9077523107189,21.1242527142939,329.538761553595,159,24,0.215172652733845,85.7031168546187,14.2968831453813
2015,3.19598800116464,0.64139924935085,66.5088668110541,21.1824513321734,332.54433405527,160,24,0.208540307034059,85.5476077540637,14.4523922459363
2015,3.17776118349883,0.636820049646847,67.1062686864516,21.2399284047701,335.531343432258,161,24,0.233831892927606,85.3944290017554,14.6055709982446
2015,3.155948975366,0.632391398170811,67.6949620604041,21.296219800666,338.474810302021,162,24,0.237068650980307,85.2446232277222,14.7553767722778
2015,3.13306902889854,0.62812386938776,68.2786406771582,21.3516958430837,341.393203385791,163,24,0.22991498766341,85.0976351440247,14.9023648559753
2015,3.11207215530724,0.624033604015125,68.8591688990161,21.4065455586646,344.29584449508,164,24,0.22821824287596,84.9533435558303,15.0466564441697
2015,3.09370206074849,0.620143192402344,69.435831763281,21.4607119059002,347.179158816405,165,24,0.235507657542833,84.8122186741693,15.1877813258307
2015,3.07524507368899,0.616480599785692,70.0073572034532,21.5140872127271,350.036786017266,166,24,0.235999872807228,84.6749496928348,15.3250503071652
2015,3.05638400189828,0.613077593824641,70.5750871005304,21.5668082080371,352.875435502652,167,24,0.226901394627276,84.5418570708539,15.4581429291461
2015,3.03940978609841,0.609736121446344,71.1408585804153,21.6190540922069,355.704292902077,168,24,0.226602356775729,84.4143909601609,15.5856090398391
2015,3.02253428202506,0.606239265028955,71.7032889073649,21.6707051890023,358.516444536824,169,24,0.231168155178547,84.2938532423579,15.7061467576421
2015,3.00562897540695,0.602598000402479,72.2614246483555,21.7216834915888,361.307123241778,170,24,0.239896533090631,84.1800538487886,15.8199461512114
2015,2.98813379366588,0.598828825729699,72.8144271269738,21.7719229952324,364.072135634869,171,24,0.249321286055582,84.0728888960836,15.9271111039164
2015,2.96964140114047,0.594952853388337,73.3620389017107,21.8214113839091,366.810194508554,172,24,0.256202952176879,83.9722437658474,16.0277562341526
2015,2.95048017044951,0.590995238539634,73.9045689590839,21.8701872849487,369.522844795419,173,24,0.261594389639567,83.8779876545642,16.1220123454358
2015,2.93002843047529,0.58698503465535,74.4421813844175,21.9182755099152,372.210906922088,174,24,0.260253180902342,83.7900984750295,16.2099015249705
2015,2.90711319300782,0.582954002976865,74.9759644098526,21.9657823268764,374.879822049263,175,24,0.243721092292139,83.70845264574,16.29154735426
2015,2.88714202044371,0.578935731675557,75.5084633008033,22.0129405536405,377.542316504017,176,24,0.245528858876591,83.6327161992189,16.3672838007811
2015,2.86758949270491,0.574969238250445,76.03659864872,22.0594839472152,380.1829932436,177,24,0.248363898607532,83.5636546885308,16.4363453114692
2015,2.84890792773594,0.571093281966709,76.560248519134,22.1054101184892,382.80124259567,178,24,0.253991967861258,83.5015113371227,16.4984886628773
2015,2.83147315424603,0.567347577256987,77.079028291153,22.150693778057,385.395141455765,179,24,0.263885038913939,83.4465919802002,16.5534080197998
2015,2.81351768370397,0.563771997540644,77.5923341211791,22.1952910299337,387.961670605895,180,24,0.264512047361632,83.3992347536758,16.6007652463242
2015,2.7980503855609,0.560404208595093,78.1019148915395,22.2393617066148,390.509574457697,181,24,0.275530623987642,83.3593112022707,16.6406887977293
2015,2.78245789911525,0.557282023693048,78.6061897033841,22.2827766515645,393.03094851692,182,24,0.276921167592852,83.3272460633755,16.6727539366245
2015,2.76837093403418,0.554438350668187,79.1070589335399,22.3257066644274,395.5352946677,183,24,0.279159326701566,83.3027308914184,16.6972691085816
2015,2.75584135480615,0.551903032295559,79.6046539374678,22.3681688554743,398.023269687339,184,24,0.281539626831375,83.2856539886285,16.7143460113715
2015,2.74589956806167,0.549700382979588,80.0992575346548,22.4101928410508,400.496287673274,185,24,0.291146533092624,83.2757074087389,16.7242925912611
2015,2.73529310736047,0.547848442105386,80.5899417259329,22.4517054771419,402.949708629665,186,24,0.281985382421975,83.2725894171508,16.7274105828492
2015,2.72801467968404,0.546354120164075,81.080326968699,22.493017190477,405.401634843495,187,24,0.284762155350255,83.2749385010815,16.7250614989185
2015,2.72252483411243,0.545214650343897,81.5686909894339,22.5339859206256,407.84345494717,188,24,0.287689796563116,83.2820605490248,16.7179394509752
2015,2.71952053557301,0.544420638157421,82.0553610662838,22.5746428288289,410.276805331419,189,24,0.296747251761131,83.2925748217432,16.7074251782568
2015,2.71646753215597,0.543951510469979,82.5396080705772,22.6149308399294,412.698040352886,190,24,0.292402071845651,83.3065607874245,16.6934392125755
2015,2.71575423898456,0.543767792582607,83.0241025259143,22.6550749094132,415.120512629572,191,24,0.295408630672972,83.3208725366542,16.6791274633458
2015,2.71730593524263,0.543817301745878,83.5078416984436,22.6949938331963,417.539208492218,192,24,0.307561580523099,83.3325146198552,16.6674853801448
2015,2.71972901298107,0.544037700605167,83.9894489962724,22.7345770471875,419.947244981362,193,24,0.32034802802992,83.339058268212,16.660941731788
2015,2.72141714148946,0.544355886372309,84.4689717132249,22.7738320705837,422.344858566125,194,24,0.322658705551477,83.3375833642879,16.6624166357121
2015,2.72377365074838,0.544691425729192,84.94835772631,22.8129209571552,424.74178863155,195,24,0.33018533928029,83.3246974206331,16.6753025793669
2015,2.5768378094095,0.515417866086792,85.4266971786294,22.8517715658307,427.133485893147,196,24,0.323932806086949,82.8401005925842,17.1598994074158
2015,2.57727600005977,0.515561599414642,85.8768871091593,22.8881976228124,429.384435545797,197,24,0.32266511761183,82.7960535974192,17.2039464025808
2015,2.57667158612718,0.515499276994075,86.3274057844323,22.9245172861212,431.637028922162,198,24,0.321283697355926,82.7305494980472,17.2694505019528
2015,2.57875270932779,0.515633162306671,86.77806709607,22.9607165198855,433.89033548035,199,24,0.336043486976079,82.6616063923172,17.3383936076828
2015,2.58239195613789,0.516376100601536,87.2261795738996,22.9965813358968,436.130897869498,200,24,0.336681718092212,82.6125217418406,17.3874782581594
2015,2.58976496078554,0.517691588238539,87.6748788930176,23.0323646803139,438.374394465088,201,24,0.345866580105328,82.5805340595749,17.4194659404251
2015,2.60055109508243,0.519545953550879,88.1232021195206,23.0679907816043,440.616010597603,202,24,0.362619663826578,82.5647742660532,17.4352257339468
2015,2.61296693069026,0.52190700961431,88.5703178981712,23.1033953405434,442.851589490856,203,24,0.37033684881477,82.5643153566297,17.4356846433703
2015,2.62777185876722,0.524743095355581,89.0183590332712,23.1387484382745,445.091795166356,204,24,0.378264337070248,82.5777208641211,17.4222791358789
2015,2.64455562431676,0.528023452468117,89.4677608918343,23.1740845416674,447.338804459171,205,24,0.383610751460772,82.6038091539955,17.3961908460045
2015,2.66362868419967,0.531717447508951,89.9194350411626,23.2094748837448,449.597175205813,206,24,0.39135758817743,82.6413051793205,17.3586948206795
2015,2.68570593225719,0.535794449574002,90.373358798201,23.2449168833215,451.866793991005,207,24,0.411389670600442,82.6890702428887,17.3109297571113
2015,2.70797483229923,0.540223652374063,90.82767548164,23.2802655456949,454.1383774082,208,24,0.413786281256361,82.7462419186613,17.2537580813387
2015,2.73187646635689,0.544972484734152,91.2859501013324,23.3157975316921,456.429750506662,209,24,0.416536675618188,82.8110985494983,17.1889014505017
2015,2.75717165346528,0.550007857920569,91.7484378892347,23.3515303616067,458.742189446174,210,24,0.418806302459037,82.8824425014195,17.1175574985805
2015,2.78450090742486,0.555308113395014,92.2155131226393,23.3874904398707,461.077565613196,211,24,0.429120471725048,82.963899166563,17.036100833437
2015,2.65124084914488,0.528661234895455,92.6859730845695,23.4235830074779,463.429865422848,212,24,0.43158602024312,82.5467116408001,17.4532883591999
2016,3.4731844517512,0.697034004074371,54.5,19.9420239553624,272.5,141,24,0.17696912289057,88.4425391717491,11.5574608282509
2016,3.45722288707039,0.693490333263005,55.1592164804063,20.0148128003959,275.796082402031,142,24,0.185274571872522,88.2742864003203,11.7257135996797
2016,3.43593596516117,0.689490399858112,55.8135775710994,20.086468349088,279.067887855497,143,24,0.181645913618206,88.102441829176,11.897558170824
2016,3.41556575034281,0.685112804668163,56.464404915967,20.1571584794253,282.322024579835,144,24,0.189159022738134,87.9275076314565,12.0724923685435
2016,3.39423854943079,0.680434863243295,57.1096533891872,20.2266842460994,285.548266945936,145,24,0.199374022602447,87.7506316323611,12.2493683676389
2016,3.37144218243617,0.675532811300927,57.7485911053722,20.2949926107866,288.742955526861,146,24,0.208611239745866,87.573779821911,12.426220178089
2016,3.34574664539693,0.670462550950223,58.3811196781579,20.3620988763962,291.905598390789,147,24,0.208595769798594,87.3955277557597,12.6044722442403
2016,3.31932620003736,0.665283225584049,59.0085096997002,20.4281612488237,295.042548498501,148,24,0.207678609441184,87.2172564335475,12.7827435664525
2016,3.2888407740566,0.660044352244775,59.630796407861,20.4932044223787,298.153982039305,149,24,0.189852543715865,87.0396655666986,12.9603344333014
2016,3.26393395439267,0.654783956279791,60.2505484663372,20.5575141557649,301.252742331686,150,24,0.197173811800569,86.8627667418948,13.1372332581052
2016,3.42991466395602,0.688007247984045,60.8638519935095,20.6207024517621,304.319259967548,151,24,0.201488728564182,87.051683325541,12.948316674459
2016,3.40345477557541,0.682451526769135,61.5094856449026,20.6867440267105,307.547428224513,152,24,0.208752096668161,86.8739578213714,13.1260421786286
2016,3.37618545621777,0.676961140706458,62.1483712817167,20.7516214503253,310.741856408584,153,24,0.211001508400807,86.6986649197082,13.3013350802918
2016,3.34908819941474,0.671558239814407,62.7813496664173,20.8154421985499,313.906748332086,154,24,0.212003291502175,86.5270851988006,13.4729148011994
2016,3.32117232704935,0.666253804893117,63.4087045879722,20.8782549618326,317.043522939861,155,24,0.206823748680171,86.3588635023703,13.6411364976297
2016,3.29822178192815,0.661053126606908,64.0315084351725,20.9401850682265,320.157542175862,156,24,0.222884107116544,86.1929952758798,13.8070047241202
2016,3.27214897075359,0.655966445997105,64.6465061305701,21.0009283365526,323.232530652851,157,24,0.221085919201032,86.0301481813747,13.9698518186253
2016,3.25065637538043,0.650997359038148,65.2566447866371,21.0607949757596,326.283223933186,158,24,0.240183602105471,85.8697774751055,14.1302225248945
2016,3.22598866502025,0.646154156314705,65.8586611076747,21.1194834943587,329.293305538374,159,24,0.239271702792231,85.7125173759875,14.2874826240125
2016,3.20123715837918,0.641440297651244,66.4559218443023,21.1773400727283,332.279609221511,160,24,0.234293767662766,85.5577395047573,14.4422604952427
2016,3.18052342274588,0.636862983745707,67.049223275982,21.2344554050712,335.24611637991,161,24,0.24801385483575,85.4053344702068,14.5946655297932
2016,3.15360830702915,0.63243465374393,67.635633175036,21.2905622154089,338.17816587518,162,24,0.223067004126439,85.2559509764182,14.7440490235818
2016,3.13553474972784,0.628164079852911,68.2216444975813,21.3462932072848,341.108222487906,163,24,0.242432946773898,85.1085017268965,14.8914982731034
2016,3.11261894186222,0.624073892848522,68.8001627832429,21.4009852662374,344.000813916214,164,24,0.229951517244817,84.9645758561055,15.0354241438945
2016,3.09164942313248,0.620182400951776,69.3765889021756,21.45516166622,346.882944510878,165,24,0.222982915198829,84.8234781168668,15.1765218831332
2016,3.07206785804346,0.61651737166463,69.9502093412121,21.5087638154861,349.75104670606,166,24,0.217463353142825,84.6857941571326,15.3142058428674
2016,3.05568982498198,0.613111575799142,70.5210116798069,21.5617993765875,352.605058399034,167,24,0.222057070225057,84.5521036680797,15.4478963319203
2016,3.0421605914653,0.609768947388586,71.0876137612513,21.6141495970659,355.438068806256,168,24,0.241232556975315,84.4244658309219,15.5755341690781
2016,3.02724428315965,0.606273030495061,71.6476687953234,21.6656098941487,358.238343976617,169,24,0.258279939431172,84.304362065031,15.695637934969
2016,3.00910715808313,0.602634061432221,72.201324816297,21.7162073811898,361.006624081485,170,24,0.260088129135089,84.1913920843451,15.8086079156549
2016,2.99428755911531,0.598866582546398,72.7509853270159,21.7661729293873,363.754926635079,171,24,0.288973290983504,84.0848394875136,15.9151605124864
2016,2.97350480558764,0.594994389515203,73.2918982373951,21.8150870887217,366.459491186976,172,24,0.280529839892335,83.9854359566782,16.0145640433218
2016,2.95469531297135,0.591039091920272,73.8303364970063,21.8635282205439,369.151682485032,173,24,0.289063252495821,83.8919272033461,16.1080727966539
2016,2.93550967144923,0.587031612316892,74.363299164895,21.9112348573889,371.816495824475,174,24,0.297053295868148,83.8048862108535,16.1951137891465
2016,2.9198479724866,0.583004312435332,74.89081950217,21.958220246272,374.45409751085,175,24,0.334918490922975,83.7243852067261,16.2756147932739
2016,2.8979325592809,0.57899537468274,75.4076270842565,22.0040283059577,377.038135421283,176,24,0.321223565217598,83.651546612793,16.348453387207
2016,2.87797960663729,0.575036593649737,75.9227830881642,22.0494727263448,379.613915440821,177,24,0.32181680290739,83.584859692862,16.415140307138
2016,2.85646785048067,0.571168039325499,76.4338221400884,22.0943421201708,382.169110700442,178,24,0.305912261603992,83.52500301475,16.47499698525
2016,2.83859711727989,0.567427338986446,76.9437318362803,22.1389044401038,384.718659181401,179,24,0.314367561589305,83.4716537776554,16.5283462223446
2016,2.82107953696118,0.563856362235358,77.4483681650958,22.1828037195866,387.241840825479,180,24,0.31891601692595,83.4258061103854,16.5741938896146
2016,2.80526657446502,0.560493183648924,77.9485829425241,22.2261220504629,389.74291471262,181,24,0.329305594207435,83.3874922949281,16.6125077050719
2016,2.78876400068,0.557375049266125,78.4435486710309,22.2687955258563,392.217743355155,182,24,0.323142468623637,83.3569928830051,16.6430071169949
2016,2.77464037410932,0.55453402464979,78.9364377874266,22.3111038827047,394.682188937133,183,24,0.325555065467128,83.333763120298,16.666236879702
2016,2.7618749940543,0.552000634298651,79.4260106985597,22.3529457044861,397.130053492798,184,24,0.32637447003734,83.3179391171566,16.6820608828434
2016,2.75012283127989,0.549798925877468,79.9128574744258,22.3943766562779,399.564287372129,185,24,0.321493957162559,83.3091541262977,16.6908458737023
2016,2.74138383988554,0.547945719667738,80.3983205115949,22.4355150489007,401.991602557975,186,24,0.327740548142477,83.3067008483676,16.6932991516324
2016,2.73358597603663,0.54645045841026,80.8807767640976,22.4762274763232,404.403883820488,187,24,0.326472633421024,83.3101536786607,16.6898463213393
2016,2.72774782534704,0.545308882955758,81.3619171285849,22.5166606407659,406.809585642924,188,24,0.326876452501658,83.318209896254,16.681790103746
2016,2.71988916133876,0.544511637791102,81.8417989333716,22.5568223841018,409.208994666858,189,24,0.2954307216924,83.3295418196304,16.6704581803695
2016,2.72068962965893,0.544035708050791,82.3263877125623,22.597211850552,411.631938562811,190,24,0.323783406483805,83.3430872255453,16.6569127744547
2016,2.7235949877437,0.543847105480717,82.8054551962669,22.6369785782436,414.027275981335,191,24,0.361412794550092,83.3579342373229,16.6420657626771
2016,2.72372533531663,0.543893448236148,83.277566831358,22.6760113423572,416.38783415679,192,24,0.36203568551695,83.3711401640978,16.6288598359022
2016,2.72568168166604,0.544109633601703,83.7495687630732,22.7148811664287,418.747843815366,193,24,0.372460553057214,83.3788915792871,16.6211084207129
2016,2.72657706045753,0.544423554331703,84.2198654815324,22.7534590040077,421.099327407662,194,24,0.367256276003415,83.3785650759005,16.6214349240996
2016,2.72927663842347,0.544754997732481,84.6913703416275,22.7919855135211,423.456851708137,195,24,0.379520772657157,83.3666306524154,16.6333693475846
2016,2.57989689082438,0.515468833091086,85.1609500683748,22.8302064273812,425.804750341874,196,24,0.350385224331378,82.8841870659436,17.1158129340564
2016,2.58136845338829,0.515610268565464,85.6064685199715,22.866333348663,428.032342599857,197,24,0.35968443855126,82.8407043108367,17.1592956891633
2016,2.5825362149422,0.515547850729267,86.0504093272716,22.9022022285388,430.252046636358,198,24,0.376941191142429,82.7761706922632,17.2238293077368
2016,2.58398218401729,0.515683304301205,86.4911199530956,22.937682776309,432.455599765478,199,24,0.386958455857749,82.7087843872714,17.2912156127286
2016,2.58802564304788,0.516427698043828,86.9301037122156,22.9728992533302,434.650518561078,200,24,0.392045976667181,82.6610728220633,17.3389271779367
2016,2.59516256366525,0.517744833551845,87.3688657832328,23.0079743090353,436.844328916164,201,24,0.399732181854722,82.630543603189,17.369456396811
2016,2.60589239317551,0.5196008570242,87.8075048051932,23.042917025595,439.037524025966,202,24,0.418065923066106,82.6161529749096,17.3838470250904
2016,2.61907576446903,0.521963684244386,88.2446095274329,23.0776167038807,441.223047637164,203,24,0.435981413589212,82.6170683670799,17.3829316329201
2016,2.63083728036613,0.524801925562926,88.680754022266,23.1121209587466,443.40377011133,204,24,0.407951640274441,82.6321034542519,17.3678965457481
2016,2.6467519428401,0.52808334309274,89.1248426635922,23.1471323796992,445.624213317961,205,24,0.403433217130789,82.6587146711737,17.3412853288263
2016,2.66652121027402,0.53177812970261,89.5730032000299,23.1823417738329,447.86501600015,206,24,0.41947053707484,82.6964091576759,17.3035908423241
2016,2.68808299532946,0.535856229586528,90.0218949003181,23.2174857445296,450.109474501591,207,24,0.434350812900896,82.7445806782574,17.2554193217426
2016,2.7089124816626,0.540286401604226,90.4721072736211,23.2526106450736,452.360536368106,208,24,0.419630084886442,82.8019806136803,17.1980193863197
2016,2.73136781461555,0.545035673271302,90.9294136273907,23.2881645101148,454.647068136953,209,24,0.405974840101592,82.8665488749075,17.1334511250925
2016,2.7564655914963,0.550070966972026,91.3939253762325,23.3241512106739,456.969626881162,210,24,0.406113350552186,82.9371246754449,17.0628753245551
2016,2.78664917879088,0.555371124781328,91.8634115685684,23.3603939911252,459.317057842842,211,24,0.449341674676844,83.0177383940665,16.9822616059335
2016,2.65253331930212,0.528712545089453,92.3302707727518,23.3963061863587,461.651353863759,212,24,0.44299235018507,82.6019880224204,17.3980119775796
2017,3.47275708873355,0.697034004074371,54.5,19.9420239553624,272.5,141,24,0.175361206789173,88.4425391717491,11.5574608282509
2017,3.45535190188528,0.693490226141807,55.159452591023,20.0148387621703,275.797262955115,142,24,0.17798335668589,88.2742425122153,11.7257574877847
2017,3.43601645020786,0.689489751513669,55.8148977269833,20.0866123188942,279.074488634916,143,24,0.181977914207257,88.1021953785664,11.8978046214336
2017,3.41324308335525,0.685112131701006,56.4656747643941,20.1572958485392,282.328373821971,144,24,0.179865460976243,87.9272694416645,12.0727305583355
2017,3.39053534826043,0.680433347673443,57.1123174121376,20.2269701579343,285.561587060688,145,24,0.183894836959555,87.7501294055556,12.2498705944444
2017,3.36722887926951,0.675529767043563,57.7536103153771,20.2955271207166,288.768051576886,146,24,0.190190378655073,87.5728287533386,12.4271712466614
2017,3.3424080284324,0.670457503366889,58.3889803801485,20.3629296393797,291.944901900742,147,24,0.193820513218966,87.3940305467405,12.6059694532595
2017,3.31654951090682,0.665276378595681,59.0186576972013,20.4292257717443,295.093288486007,148,24,0.195343098358923,87.215313816511,12.784686183489
2017,3.28974105400904,0.660035870743524,59.6428561256135,20.4944602552913,298.214280628067,149,24,0.193962615835496,87.0373459469605,12.9626540530395
2017,3.2635514344509,0.654775644458608,60.2619661703811,20.558694600764,301.309830851906,150,24,0.195679840125151,86.8605609020097,13.1394390979903
2017,3.4293533310617,0.687997700293907,60.8754919328011,20.6218974075971,304.377459664005,151,24,0.199291589971237,87.0494823582908,12.9505176417092
2017,3.40201830396875,0.682441531005742,61.5214526862534,20.6879635594229,307.607263431267,152,24,0.202563604025273,86.8716869179156,13.1283130820844
2017,3.37462415996032,0.676950229562385,62.1612886632535,20.7529283774698,310.806443316267,153,24,0.204157647860248,86.6962062344095,13.3037937655905
2017,3.34760531560525,0.671546382084523,62.7953234880512,20.8168460545606,313.976617440256,154,24,0.205452933475061,86.5244190198898,13.4755809801102
2017,3.32157176122656,0.66624110900801,63.4236918216607,20.8797502231105,317.118459108304,155,24,0.209012533754802,86.3559988209133,13.6440011790867
2017,3.29569193339199,0.661040828614671,64.0461377053766,20.941634710782,320.230688526883,156,24,0.210870129023435,86.1901955563473,13.8098044436527
2017,3.27034134377886,0.655952735608043,64.6630321310679,21.0025550406892,323.315160655339,157,24,0.212572443037444,86.026983253519,13.973016746481
2017,3.24676332983924,0.650982804150074,65.2745118436845,21.062542196075,326.372559218422,158,24,0.220138372907507,85.8663550541214,14.1336449458786
2017,3.22239137359387,0.646137356213329,65.8797584731021,21.1215334110166,329.398792365511,159,24,0.220722562499638,85.7084772370789,14.2915227629211
2017,3.19945967297733,0.64142161945484,66.4800094208394,21.1796658174452,332.400047104197,160,24,0.225376892181548,85.5531297909216,14.4468702090784
2017,3.17909010128141,0.63684377641092,67.0747385410396,21.2369037687904,335.373692705198,161,24,0.240453059056466,85.4004564074024,14.5995435925976
2017,3.15767732041263,0.632415153406516,67.6623737251444,21.2931126144741,338.311868625722,162,24,0.246129989309488,85.2508450689148,14.7491549310852
2017,3.13467756572646,0.628147890715556,68.2445860236998,21.3484681997854,341.222930118499,163,24,0.238076879450843,85.1041275475776,14.8958724524224
2017,3.11354514924207,0.624057746466763,68.8238038804134,21.4032134242813,344.119019402067,164,24,0.235605412079725,84.9600752806607,15.0399247193393
2017,3.09528006835328,0.620167376016871,69.3992842408837,21.4572882968942,346.996421204418,165,24,0.243789818577898,84.8191644376343,15.1808355623657
2017,3.07617361978676,0.616504974811123,69.9694692071834,21.5105582354255,349.847346035917,166,24,0.240539552706546,84.6821391072695,15.3178608927305
2017,3.05936669761455,0.613101853588268,70.5364772627662,21.5632321767895,352.682386313831,167,24,0.243122438527405,84.5491729167686,15.4508270832314
2017,3.04273911321131,0.609761554057686,71.099601481689,21.6152540351225,355.498007408445,168,24,0.244917378453134,84.4221973551814,15.5778026448186
2017,3.0267135197652,0.606266127488898,71.6590351240508,21.6666513745911,358.295175620254,169,24,0.255183868400639,84.3022143311102,15.6977856688899
2017,3.00873261058889,0.602626930490956,72.2132040766563,21.7172900344194,361.066020383281,170,24,0.257953456627623,84.1891507687917,15.8108492312083
2017,2.98870365661572,0.598859299905719,72.7632164713304,21.7672817745421,363.816082356652,171,24,0.251782427999363,84.0825352635728,15.9174647364272
2017,2.9702529763682,0.594983398072382,73.3104506230094,21.8167602911943,366.552253115047,172,24,0.25901712998785,83.9819462381128,16.0180537618872
2017,2.95236187660312,0.591025968682668,73.8525408214132,21.8655205608092,369.262704107066,173,24,0.2730797156033,83.8877572057008,16.1122427942992
2017,2.93122268264508,0.587016882925468,74.3882332148049,21.9134609147438,371.941166074024,174,24,0.267021474714842,83.8002114471164,16.1997885528836
2017,2.91037748329465,0.582986529822949,74.9209021756891,21.9608927004078,374.604510878445,175,24,0.263657050222668,83.7187554750207,16.2812445249793
2017,2.89153344528982,0.578970260924216,75.4500675195972,22.0077803476037,377.250337597986,176,24,0.273494636653573,83.6436203363932,16.3563796636068
2017,2.87003507024809,0.575006572991604,75.9734888607167,22.0539340990123,379.867444303584,177,24,0.263150023230073,83.5754116296104,16.4245883703896
2017,2.8528997789137,0.571132042886643,76.4946715878937,22.0996707769679,382.473357939468,178,24,0.280234055194341,83.5136951048385,16.4863048951615
2017,2.83456317177936,0.567388843424294,77.0090023512718,22.1445937244144,385.045011756359,179,24,0.28442089638707,83.459561885498,16.540438114502
2017,2.81870051597488,0.563815059901957,77.5188201599202,22.1889165999377,387.594100799601,180,24,0.301357837474438,83.4128014239101,16.5871985760899
2017,2.80154112744658,0.560450523275129,78.0220695825122,22.2324696174414,390.110347912561,181,24,0.300202577200402,83.373984346171,16.6260156538289
2017,2.78678200639854,0.557330096823088,78.5221095472192,22.2755513815105,392.610547736096,182,24,0.308574597235918,83.342622305491,16.657377694509
2017,2.77127157933854,0.554488543958112,79.0175144293608,22.3180456485651,395.087572146804,183,24,0.299471915940713,83.3190150279755,16.6809849720245
2017,2.76004391725675,0.551953839384284,79.5116287107747,22.3602446502912,397.558143553874,184,24,0.312886175771313,83.3024637021537,16.6975362978463
2017,2.7489582369743,0.549752414453388,80.0008052960278,22.4018422950847,400.004026480139,185,24,0.31375939926499,83.2933708759757,16.7066291240243
2017,2.73822191010763,0.547900391020761,80.4875805957953,22.4430601396194,402.437902978976,186,24,0.302888277063295,83.2908088160813,16.7091911839187
2017,2.73098653204874,0.546405257899087,80.9743731072644,22.4841060570127,404.871865536322,187,24,0.306315150980148,83.2936338960186,16.7063661039814
2017,2.72610884408629,0.545264615886494,81.4590231251543,22.5248008275796,407.295115625772,188,24,0.314769192951165,83.3012305509636,16.6987694490364
2017,2.72319955773609,0.544469357451486,81.9409964976195,22.56510383571,409.704982488097,189,24,0.325608657190857,83.3123681033647,16.6876318966353
2017,2.72020407594675,0.54399864931748,82.4202095731542,22.6050125491425,412.101047865771,190,24,0.321428636857386,83.3270118975379,16.6729881024621
2017,2.72058833553185,0.543812928733032,82.8996487622382,22.6447785804775,414.498243811191,191,24,0.334726673459517,83.3419650183886,16.6580349816114
2017,2.72062097167325,0.543860727272468,83.3764940825757,22.6841707933335,416.882470412878,192,24,0.33435707792495,83.3545431143937,16.6454568856063
2017,2.72153988162739,0.54407848771208,83.8534084773759,22.7234119686844,419.267042386879,193,24,0.334310999395149,83.3616448526665,16.6383551473335
2017,2.72283861480437,0.544393493119534,84.3305041713773,22.762512728003,421.652520856886,194,24,0.333286872648091,83.3603594048375,16.6396405951626
2017,2.72570501246425,0.544726126919323,84.8080524020186,22.8014964821466,424.040262010093,195,24,0.34597354258283,83.3475871326408,16.6524128673592
2017,2.57876795490021,0.515445298440586,85.2836241911629,22.8401671414261,426.418120955814,196,24,0.340692566998532,82.8638310791226,17.1361689208774
2017,2.57985699098789,0.515587874959541,85.7308520824003,22.8763961575639,428.654260412001,197,24,0.345842627858043,82.8201614933315,17.1798385066685
2017,2.57982475016064,0.515525599129863,86.1772555215022,22.9124272643694,430.886277607511,198,24,0.350088831842619,82.7552739687558,17.2447260312442
2017,2.58123746506519,0.515660286749907,86.6227907298707,22.9482588194705,433.113953649354,199,24,0.359108736648105,82.6871303503368,17.3128696496632
2017,2.584745870198,0.516403867441053,87.0667916605892,22.9838394232748,435.333958302946,200,24,0.35835707273314,82.6386525589606,17.3613474410394
2017,2.59189138861524,0.517719982103812,87.5116314829736,23.0193606576392,437.558157414868,201,24,0.365629962944204,82.6072061386307,17.3927938613693
2017,2.60109888559491,0.519574945415271,87.9564323505552,23.0547531736814,439.782161752776,202,24,0.366271708571885,82.591908866207,17.408091133793
2017,2.61388102411833,0.521936123402738,88.4029325488208,23.0901556650091,442.014662744104,203,24,0.377969274824605,82.5914187408691,17.4085812591309
2017,2.62770816319436,0.52477248414019,88.8496354402164,23.1254497371696,444.248177201082,204,24,0.375437401582834,82.6048920059061,17.3951079940939
2017,2.64326463980494,0.528052809994615,89.299595549657,23.1608763532793,446.497977748285,205,24,0.367815114065748,82.6307269676257,17.3692730323743
2017,2.66133077790534,0.531746382579558,89.7541763535432,23.1965406574528,448.770881767716,206,24,0.364948723948978,82.6675838809489,17.3324161190511
2017,2.68320432922742,0.53582263812141,90.2129280681472,23.2324047878783,451.064640340736,207,24,0.381720390066148,82.7144011244853,17.2855988755147
2017,2.70598851086258,0.540250993423329,90.6726840250654,23.268220124712,453.363420125327,208,24,0.389736020532377,82.7705306744531,17.2294693255469
2017,2.72877084200649,0.544999160281146,91.1353771145697,23.3041367071603,455.676885572848,209,24,0.380758942042515,82.8345089386758,17.1654910613242
2017,2.75439170802034,0.550033488956461,91.6044049824861,23.3404155477897,458.02202491243,210,24,0.386615331668132,82.9046518529251,17.0953481470749
2017,2.7812968896407,0.555332827611435,92.0773679696564,23.3768679040098,460.386839848282,211,24,0.392023623008138,82.9850158577015,17.0149841422985
2017,2.64741860063344,0.528680175952081,92.5546119541206,23.4135181676591,462.773059770603,212,24,0.38607591063997,82.5671181851502,17.4328818148498
2018,3.46955877730567,0.697034004074371,54.5,19.9420239553624,272.5,141,24,0.163782627165561,88.4425391717491,11.5574608282509
2018,3.44820432926153,0.693489465725483,55.1611286446622,20.0150230520655,275.805643223311,142,24,0.152682562451048,88.2739309693055,11.7260690306945
2018,3.43106599949311,0.689487145273711,55.8202044197395,20.0871910171579,279.101022098697,143,24,0.163588481405162,88.10120471995,11.89879528005
2018,3.41033874323482,0.685107894858879,56.4736692360838,20.1581606215964,282.368346180419,144,24,0.168961312333816,87.9257699131676,12.0742300868324
2018,3.38710402078448,0.680427889263821,57.1219118176206,20.2279997845418,285.609559088103,145,24,0.170718847449368,87.74832068356,12.25167931644
2018,3.36132394140468,0.675522765642002,57.7651536178097,20.29675627694,288.825768089048,146,24,0.167138234649413,87.5706415170561,12.4293584829439
2018,3.33780443181916,0.670447888825005,58.4039530787023,20.3645118223466,292.019765393511,147,24,0.175208792461128,87.3911788292966,12.6088211707034
2018,3.31266462161609,0.665264386037224,59.0364319587861,20.4310899808868,295.18215979393,148,24,0.179360629587386,87.2119114532175,12.7880885467825
2018,3.28635644406706,0.660021668880436,59.6630498256934,20.4965627203141,298.315249128467,149,24,0.18004161285768,87.0334619822643,12.9665380177357
2018,3.26011098201932,0.654759410446272,60.2842670563866,20.5609997784989,301.421335281933,150,24,0.181342455269585,86.8562526983665,13.1437473016335
2018,3.42491634594446,0.687977621240762,60.8999720975223,20.6244100210602,304.499860487611,151,24,0.181497827375061,87.0448536971589,12.9551463028411
2018,3.39965014123996,0.682418853624582,61.5486040820332,20.6907298805872,307.743020410166,152,24,0.192907211273768,86.8665348652785,13.1334651347215
2018,3.37140079746743,0.67692606615951,62.189897559553,20.7558222333572,310.949487797765,153,24,0.190760615197163,86.6907611566642,13.3092388433358
2018,3.34472285938994,0.671520382086952,62.8259669569718,20.81992383599,314.129834784859,154,24,0.193364526201727,86.5185726777198,13.4814273222802
2018,3.3180286413736,0.666213595043248,63.4561762989217,20.8829903216827,317.280881494609,155,24,0.193774256005844,86.349790122141,13.650209877859
2018,3.28908710405938,0.66101155987093,64.0809610116033,20.9450844909797,320.404805058016,156,24,0.182401745498348,86.1835316372166,13.8164683627834
2018,3.26612704989399,0.655920225236005,64.7022279200878,21.0064120423056,323.511139600439,157,24,0.193987863043869,86.0194774313245,13.9805225686755
2018,3.24186597163483,0.650948542873537,65.3165814206562,21.0666548658851,326.582907103281,158,24,0.19768544643801,85.8582974228818,14.1417025771182
2018,3.22025536936024,0.646101072443235,65.9253388608208,21.1259606486992,329.626694304104,159,24,0.211116693647227,85.6997495551841,14.3002504448159
2018,3.19376288459125,0.641385131699905,66.5270834378286,21.184209293193,332.635417189143,160,24,0.198410338041434,85.5441221674767,14.4558778325233
2018,3.17183380171795,0.636805156627943,67.1260661398636,21.2418270363611,335.630330699318,161,24,0.203977154734397,85.3906447919323,14.6093552080677
2018,3.15008751079786,0.632373485538871,67.7195448216486,21.2985629930279,338.597724108243,162,24,0.207008014398555,85.2399303070945,14.7600696929055
2018,3.12729423147866,0.628103125183291,68.3080630607995,21.3544835442445,341.540315303997,163,24,0.201066461048289,85.0920265177232,14.9079734822768
2018,3.10900618543293,0.624010380848957,68.89320576364,21.4097514265823,344.4660288182,164,24,0.212792107037983,84.9468654864321,15.0531345135679
2018,3.09183693094865,0.620119049154883,69.4723403414794,21.4641306130735,347.361701707397,165,24,0.22594224039559,84.805281280039,15.194718719961
2018,3.07400489673523,0.616456137739027,70.0454054817546,21.5176297797397,350.227027408773,166,24,0.229812309554897,84.6677309282847,15.3322690717153
2018,3.05713028707033,0.613053082484111,70.6141244681518,21.570422450985,353.070622340759,167,24,0.231839865330443,84.5344613435833,15.4655386564167
2018,3.04024943415812,0.609712591377551,71.1790570965997,21.6225710640608,355.895285482999,168,24,0.232058779996663,84.4071644248292,15.5928355751708
2018,3.02347291107788,0.606216655928667,71.740563646705,21.6741183437773,358.702818233525,169,24,0.237312780470859,84.2868118765071,15.7131881234929
2018,3.00457999527296,0.602576279124132,72.2976577604411,21.7249834068462,361.488288802205,170,24,0.234479899739299,84.1732195312214,15.8267804687786
2018,2.98506062139027,0.598806762472102,72.8515333373502,21.7752845090842,364.257666686751,171,24,0.231709699538118,84.0659005452281,15.9340994547719
2018,2.96165118463242,0.594929181278493,73.4020523350825,21.8250173429738,367.010261675412,172,24,0.210487106258198,83.9647195756051,16.0352804243949
2018,2.94679171240555,0.590967172698069,73.95212700363,21.8744510561929,369.76063501815,173,24,0.23934956384464,83.8690591806589,16.1309408193411
2018,2.9279692843543,0.586954794532401,74.4934500678329,21.922848721678,372.467250339165,174,24,0.248094315501857,83.7804897033927,16.2195102966073
2018,2.90866891672133,0.582922551135823,75.0292523278073,21.9705120083202,375.146261639036,175,24,0.25476204775107,83.6984838174671,16.3015161825329
2018,2.88728908288978,0.578905369737653,75.5598534085357,22.0174793953907,377.799267042678,176,24,0.247555626047892,83.6231221326565,16.3768778673435
2018,2.86805690037082,0.574939083699807,76.0876120526032,22.063967698546,380.438060263016,177,24,0.252504584264288,83.5541531509142,16.4458468490858
2018,2.84888197542585,0.571063586490522,76.6105264835214,22.1098081630359,383.052632417607,178,24,0.254936463985225,83.4921718944202,16.5078281055798
2018,2.8307718829513,0.567318085042094,77.1291113665757,22.1550542132731,385.645556832879,179,24,0.260211583642463,83.4373176915528,16.5626823084472
2018,2.81154351355585,0.563742333460364,77.6430108101644,22.1996827788145,388.215054050822,180,24,0.252191250427365,83.3898845155747,16.6101154844253
2018,2.79583687168255,0.56037363467724,78.1546600450695,22.2439118708796,390.773300225347,181,24,0.260992579048923,83.349620314385,16.650379685615
2018,2.78107541306633,0.55725047876345,78.6613988376388,22.2875180154894,393.306994188194,182,24,0.268156661858604,83.3171518524968,16.6828481475032
2018,2.76652791483152,0.554406597110691,79.163743471616,22.3305532092234,395.81871735808,183,24,0.266967473945506,83.2924248369839,16.7075751630161
2018,2.75406083783402,0.55187096286317,79.6634071826207,22.3731703318676,398.317035913104,184,24,0.269658335909303,83.2750396849824,16.7249603150176
2018,2.74250253210031,0.549668283801406,80.1600298016668,22.4153438678265,400.800149008334,185,24,0.26687375575557,83.2648067580363,16.7351932419637
2018,2.73284942421556,0.547815499728503,80.6548879328843,22.4571868130669,403.274439664422,186,24,0.265221528112819,83.2610324147313,16.7389675852687
2018,2.72602362063867,0.546321409891204,81.1481358788655,22.4987159262,405.740679394327,187,24,0.271109330170809,83.2629767846598,16.7370232153402
2018,2.72104460862081,0.545182709750535,81.6388308207899,22.5398558815127,408.194154103949,188,24,0.277691307252758,83.2698033118474,16.7301966881526
2018,2.71948685637249,0.544390047590259,82.1272030245045,22.5806303310393,410.636015122523,189,24,0.297925258525187,83.280144423551,16.719855576449
2018,2.71486688868243,0.543923255510989,82.6112060820787,22.6208736061287,413.056030410393,190,24,0.281147909997661,83.294300643486,16.705699356514
2018,2.71426339253452,0.543741137055179,83.0976295898482,22.6611529082236,415.488147949241,191,24,0.284832062850426,83.30841484492,16.69158515508
2018,2.71556051348431,0.54379240212677,83.5831841612208,22.7011966961189,417.915920806104,192,24,0.29442515534093,83.3198828060856,16.6801171939144
2018,2.71580330076416,0.544014438085445,84.0670678192099,22.7409417106466,420.335339096049,193,24,0.288850082567776,83.3261755941111,16.6738244058889
2018,2.7173171083001,0.544333317066152,84.5521030321164,22.7806216167617,422.760515160582,194,24,0.289554153727113,83.323914129131,16.676085870869
2018,2.71968162262615,0.544669439484605,85.0372878000111,22.8201553526405,425.186439000056,195,24,0.296384963865841,83.3101944489155,16.6898055510845
2018,2.5742709748881,0.5153996856498,85.5215665577132,22.8594588046868,427.607832788566,196,24,0.301843348563885,82.8243714599769,17.1756285400231
2018,2.57496496637935,0.515543837895624,85.9756584198724,22.8961716587184,429.878292099362,197,24,0.302888471525218,82.77975475299,17.22024524701
2018,2.5773731465879,0.51548136103096,86.429667447092,22.9327429549786,432.14833723546,198,24,0.329019979989679,82.713717655134,17.286282344866
2018,2.57722343904231,0.515615556585308,86.8789188709198,22.9687994581116,434.394594354599,199,24,0.322647013861552,82.6450356626264,17.3549643373736
2018,2.58146639846249,0.51635813079436,87.3294018115128,23.0048245530414,436.647009057564,200,24,0.328978072452573,82.5956063489832,17.4043936510168
2018,2.58958086471535,0.517673412422908,87.7794536222402,23.0406860674849,438.897268111201,201,24,0.345270415458695,82.5634557263715,17.4365442736285
2018,2.59901540916527,0.519527773335482,88.2278560147184,23.0762889320663,441.139280073592,202,24,0.348245559539058,82.547753935118,17.452246064882
2018,2.61166343955843,0.521888374370775,88.67753614458,23.1118668196342,443.3876807229,203,24,0.358117484617471,82.5469621337841,17.4530378662159
2018,2.62486052181569,0.524724053749267,89.127756954242,23.1473617369073,445.63878477121,204,24,0.349563508095722,82.5601114324769,17.4398885675231
2018,2.64088351139624,0.528003468543591,89.5823130504766,23.1830718920824,447.911565252383,205,24,0.34721410526695,82.5854814086863,17.4145185913137
2018,2.66046949373856,0.531696259782452,90.0405281770845,23.2189419109382,450.202640885422,206,24,0.35968131968358,82.6220582808597,17.3779417191403
2018,2.67962918538569,0.535772185828719,90.5001510916765,23.2547945478855,452.500755458383,207,24,0.348946370887666,82.6690597194483,17.3309402805517
2018,2.70154865293022,0.540199312844176,90.9657365154506,23.2909831322296,454.828682577253,208,24,0.348220707610946,82.7246162544696,17.2753837455304
2018,2.72528667313072,0.544945946663516,91.4358339126541,23.3273916782873,457.179169563271,209,24,0.349640040020979,82.7878061504946,17.2121938495054
2018,2.7504573627588,0.549979055812284,91.9103773913109,23.3640124882119,459.551886956555,210,24,0.351071088995645,82.8574837173863,17.1425162826137
2018,2.77696731402228,0.555276975293089,92.3896505197617,23.4008647737102,461.948252598808,211,24,0.352645582702248,82.9372933236062,17.0627066763938
2018,2.64402412473188,0.528634155228675,92.8738918058354,23.4379639985743,464.369459029177,212,24,0.35413335504976,82.5175334230584,17.4824665769416
2019,3.46843043223978,0.697034004074371,54.5,19.9420239553624,272.5,141,24,0.159882877186104,88.4425391717491,11.5574608282509
2019,3.45068199804108,0.693489214248807,55.1616829256449,20.0150839969796,275.808414628224,142,24,0.161028747026062,88.273827940573,11.726172059427
2019,3.42949122823023,0.689487449492054,55.8195849958415,20.0871234705595,279.097924979208,143,24,0.15811322773201,88.1013203537447,11.8986796462553
2019,3.41047838927395,0.685107809704091,56.4738299107092,20.1581780011181,282.369149553546,144,24,0.169476726757801,87.9257397757039,12.0742602242961
2019,3.38575202213169,0.680427840609026,57.1219973380078,20.2280089616467,285.609986690039,145,24,0.165744020168002,87.7483045616329,12.2516954383671
2019,3.36299620955835,0.675522274290184,57.7659637036064,20.296842530228,288.829818518032,146,24,0.17342389265248,87.5704880240603,12.4295119759397
2019,3.3391442636498,0.670447961127461,58.403840483362,20.3644999253174,292.01920241681,147,24,0.180497868213507,87.3912002738629,12.6087997261371
2019,3.31502516204408,0.665264994930223,59.0355295151264,20.4309953397591,295.177647575632,148,24,0.189074525188328,87.2120841954407,12.7879158045593
2019,3.28952588878057,0.660023337833019,59.6606767149319,20.4963156698495,298.303383574659,149,24,0.19334116408451,87.0339184038498,12.9660815961502
2019,3.26230424007735,0.654762612749156,60.2798679352222,20.5605451011996,301.399339676111,150,24,0.19053460802888,86.8571025220464,13.1428974779536
2019,3.42751350769108,0.687982377474959,60.8941732186921,20.6238148950302,304.470866093461,151,24,0.191876954827086,87.0459501092156,12.9540498907844
2019,3.39950323644639,0.682424996664267,61.5412488395613,20.6899805753902,307.706244197806,152,24,0.19214343041636,86.8679305043094,13.1320694956906
2019,3.37295925184978,0.676932173963124,62.1826657317369,20.7550908049244,310.913328658685,153,24,0.197261638684395,86.6921375353661,13.3078624646339
2019,3.34518544144748,0.671527356335875,62.8177466561721,20.8190983047207,314.08873328086,154,24,0.195186962116581,86.5201409448674,13.4798590551327
2019,3.32064848289785,0.666220787316667,63.447684076182,20.8821433937043,317.23842038091,155,24,0.205270374543577,86.3514131681996,13.6485868318004
2019,3.29651189766962,0.661020188804482,64.0706935864787,20.9440674816057,320.353467932394,156,24,0.215364372672705,86.1854963781581,13.8145036218419
2019,3.27212015191799,0.655932976491817,64.6868529955523,21.0048992905537,323.434264977762,157,24,0.221890303440121,86.0224215543407,13.9775784456593
2019,3.24341113378982,0.650964630968936,65.2968247341668,21.0647237066468,326.484123670834,158,24,0.204371642729108,85.8620813087234,14.1379186912766
2019,3.22002379965344,0.646117615801013,65.9045541098757,21.1239420838686,329.522770549379,159,24,0.209542074597184,85.7037292353628,14.2962707646372
2019,3.19731625561706,0.641401031531591,66.5065674536055,21.1822294131913,332.532837268028,160,24,0.215019207771892,85.5480477304513,14.4519522695487
2019,3.17362898485197,0.636822554665913,67.1029392178887,21.2396090610024,335.514696089444,161,24,0.212230536559397,85.395065442795,14.604934557205
2019,3.14958967236457,0.632391278365168,67.6951264508504,21.2962354720892,338.475632254252,162,24,0.204111001638732,85.2445918437435,14.7554081562565
2019,3.13166160719513,0.628120002184011,68.2841247354561,21.352215508093,341.420623677281,163,24,0.222488192482246,85.0965897025674,14.9034102974326
2019,3.11241129971873,0.624029039932804,68.8658567826857,21.4071755649533,344.329283913429,164,24,0.230214972909851,84.9520706185886,15.0479293814114
2019,3.09402412291686,0.620138987907769,69.4421880670866,21.4613072078911,347.210940335433,165,24,0.237472390591371,84.811010773815,15.188989226185
2019,3.07709722358743,0.616476723369045,70.0133849109308,21.5146485248722,350.066924554654,166,24,0.246927132497548,84.6738060062393,15.3261939937607
2019,3.06096740275431,0.613074947916467,70.579299724661,21.5671982974746,352.896498623305,167,24,0.253706743795428,84.5410589240629,15.4589410759371
2019,3.04455466035524,0.609736264290312,71.1406267702267,21.6190327452162,355.703133851133,168,24,0.256926539684418,84.4144348181937,15.5855651818063
2019,3.0292754282187,0.606242461403828,71.6980212380022,21.6702227419534,358.490106190011,169,24,0.272661385397699,84.2948484126468,15.7051515873532
2019,3.01080277585519,0.602605328218454,72.2492066225847,21.7205704800931,361.246033112923,170,24,0.272321682837776,84.1823586429882,15.8176413570118
2019,2.99068544544199,0.598839336399073,72.7967589768927,21.770321988275,363.983794884464,171,24,0.265251185291003,84.0762167628041,15.9237832371959
2019,2.97133595681241,0.594964895190869,73.3416953206889,21.8195775209435,366.708476603444,172,24,0.266838656751597,83.9760696548854,16.0239303451146
2019,2.95157621523366,0.591008307060723,73.882437409435,21.8682024498763,369.412187047175,173,24,0.268411204587362,83.88214315387,16.1178568461299
2019,2.93155204844115,0.586998771797745,74.4189059754005,21.9161985983797,372.094529877002,174,24,0.269968661153874,83.794461364749,16.205538635251
2019,2.91933072698951,0.582968716580864,74.9510509496019,21.9635702764524,374.755254748009,175,24,0.332245859951162,83.7131140034755,16.2868859965245
2019,2.89845030432278,0.578959483539313,75.4682887500255,22.0093907849156,377.341443750127,176,24,0.327246519750328,83.6402176711081,16.3597823288919
2019,2.87871092859024,0.575001333139787,75.9823428171595,22.0547129059404,379.911714085798,177,24,0.329677239537032,83.5737620364623,16.4262379635377
2019,2.85836933812261,0.571133649233354,76.4919551374335,22.0994329572588,382.459775687167,178,24,0.323097519409117,83.5141998634392,16.4858001365608
2019,2.84008057168917,0.567394854373811,76.9988071627378,22.1437052854877,384.994035813689,179,24,0.328429551437671,83.4614504509544,16.5385495490456
2019,2.82160216152962,0.563825546683415,77.500926886865,22.187364428346,387.504634434325,180,24,0.324842997440535,83.4161040448354,16.5838959551646
2019,2.80404184179059,0.560463296880533,78.0000599084333,22.2305689216567,390.000299542166,181,24,0.320203998958099,83.3780297196712,16.6219702803288
2019,2.79012070943576,0.5573446895891,78.4966001149903,22.2733582103299,392.483000574951,182,24,0.336612242873025,83.3472881732516,16.6527118267484
2019,2.77826763937381,0.554505620690411,78.9870656671115,22.3154392139857,394.935328335557,183,24,0.360410511233751,83.3245533196832,16.6754466803168
2019,2.76440858923943,0.551976373504049,79.4703920059517,22.3567299004274,397.351960029758,184,24,0.350758998859862,83.3099167156375,16.6900832843625
2019,2.75490220895341,0.54977776266792,79.952867749114,22.3977737235848,399.76433874557,185,24,0.367110666700606,83.301973306904,16.698026693096
2019,2.7440254930566,0.547929546391342,80.4301625339887,22.4382073017147,402.150812669943,186,24,0.353015125885062,83.3010311534049,16.6989688465951
2019,2.73648499088864,0.546437264656022,80.9080915572793,22.4785273870405,404.540457786397,187,24,0.354034755181849,83.3053321390293,16.6946678609707
2019,2.73259191840227,0.545298677942885,81.3842987312054,22.5185374426094,406.921493656027,188,24,0.37369605734592,83.3142959594095,16.6857040405905
2019,2.72661578530874,0.544505675377081,81.8557849534729,22.5579904224446,409.278924767365,189,24,0.355417464996894,83.3271201657494,16.6728798342506
2019,2.72366984649191,0.544034391012197,82.3297213999963,22.5974891318682,411.648606999982,190,24,0.351369292501184,83.3425159585287,16.6574840414713
2019,2.72533666526752,0.543847681601092,82.8038676741091,22.6368470653697,414.019338370545,191,24,0.37902482982285,83.3582034185592,16.6417965814408
2019,2.72454706454814,0.543895023461368,83.2728052747666,22.6756184421101,416.364026373833,192,24,0.37017366690053,83.371939137821,16.628060862179
2019,2.72807516392484,0.544111501004729,83.7433440705282,22.714369551623,418.716720352641,193,24,0.397542131489447,83.3799256135649,16.6200743864351
2019,2.73085183198572,0.544426479064731,84.2091033236239,22.7525778787605,421.045516618119,194,24,0.412586699087633,83.3803363329848,16.6196636670152
2019,2.7337000457756,0.544759693291749,84.6723973268426,22.790438125204,423.361986634213,195,24,0.427932810585401,83.3697278783951,16.6302721216049
2019,2.5832576756061,0.51547416243405,85.1331798228325,22.8279501916175,425.665899114162,196,24,0.385700610523538,82.8887962771324,17.1112037228676
2019,2.58594829171371,0.515616420874009,85.5723080989897,22.8635679380503,427.861540494949,197,24,0.410037116982975,82.8463476274896,17.1536523725104
2019,2.58633581100722,0.515555452020022,86.0070952781461,22.8987082893243,430.03547639073,198,24,0.42001980836812,82.7833082941684,17.2166917058316
2019,2.58899445666061,0.515692253225297,86.439951321832,22.9335697883422,432.19975660916,199,24,0.44641207733597,82.7172019249808,17.2827980750191
2019,2.59378252798225,0.516438522478257,86.8680482912587,22.9679285314438,434.340241456294,200,24,0.461827838072972,82.6712548226615,17.3287451773386
2019,2.60008363124387,0.517757871647552,87.2940072065847,23.0019987432915,436.470036032924,201,24,0.459308948242529,82.6427848959087,17.3572151040913
2019,2.6089300693209,0.519615792078053,87.7217173626453,23.0360926405768,438.608586813226,202,24,0.454746204280687,82.6301238074955,17.3698761925046
2019,2.62058125359412,0.521979799252076,88.152096233722,23.0702825215119,440.76048116861,203,24,0.453679134509449,82.6320624171674,17.3679375828326
2019,2.63443260182019,0.524818628619751,88.5850052318085,23.1045562317763,442.925026159042,204,24,0.450290222006923,82.6475378435294,17.3524621564706
2019,2.65176203842406,0.528101437837571,89.0213483482658,23.1389838959969,445.106741741329,205,24,0.46301310387123,82.6752973185015,17.3247026814985
2019,2.67165273167408,0.531798190475713,89.4585983896623,23.1733653383708,447.292991948311,206,24,0.482413854862114,82.7146199465457,17.2853800534543
2019,2.69224436194591,0.535878394169548,89.8959316530127,23.2076363659359,449.479658265063,207,24,0.485532174258317,82.7644904163003,17.2355095836997
2019,2.71564060396866,0.540310313468598,90.3367444516,23.2420626711811,451.683722258,208,24,0.502826992477044,82.823216334962,17.176783665038
2019,2.73818345389252,0.545062398066418,90.7787619189506,23.2764656943395,453.893809594753,209,24,0.486605609726787,82.8899973926709,17.1100026073291
2019,2.76404801053543,0.550100438030902,91.2285161955521,23.3113512600587,456.142580977761,210,24,0.495902241731208,82.962658728133,17.037341271867
2019,2.79017561248379,0.555403692751474,91.6815673426782,23.34637157052,458.407836713391,211,24,0.490946488013544,83.0455663568927,16.9544336431073
2019,2.65745365907065,0.528739900519967,92.140817912176,23.3817482033015,460.70408956088,212,24,0.506025754073596,82.6314538997267,17.3685461002733
2020,3.47085918533515,0.697035361628612,54.5,19.9420239553624,272.5,141,24,0.168370078321377,88.4441714972371,11.5558285027629
2020,3.45227469823964,0.693492240957247,55.1604712360369,20.0149507673939,275.802356180185,142,24,0.166571963446646,88.2756773823767,11.7243226176233
2020,3.43545951766905,0.689492057199864,55.8175832067525,20.0869051769856,279.087916033762,143,24,0.179764113675672,88.1033097021725,11.8966902978275
2020,3.41371032680158,0.685115288159316,56.468691608915,20.1576221948071,282.343458044575,144,24,0.181645579562976,87.928309434727,12.071690565273
2020,3.38866508170004,0.680437610484528,57.1150716711,20.2272657444268,285.5753583555,145,24,0.176445875739758,87.751204371661,12.248795628339
2020,3.36586205529399,0.675529601179473,57.7574803030958,20.2959392245961,288.787401515479,146,24,0.184559848642216,87.5726014283279,12.4273985716721
2020,3.34059576013937,0.670462314694867,58.3937030939572,20.3634287247241,291.968515469786,147,24,0.186087969667454,87.3947275888328,12.6052724111672
2020,3.31657941652917,0.6652811393841,59.0245644465778,20.4298453298425,295.122822232889,148,24,0.195384549946526,87.2157870586039,12.7842129413961
2020,3.28826897123995,0.660041059305798,59.6487605400879,20.4950750441196,298.243802700439,149,24,0.187532742731738,87.0377882400288,12.9622117599712
2020,3.26303476710911,0.654780408746766,60.2688621158396,20.5594074780837,301.344310579198,150,24,0.193306845857442,86.8607761286703,13.1392238713297
2020,3.42840417424899,0.688006259051933,60.8827591103413,20.6226433750894,304.413795551706,151,24,0.195076929779512,87.0504942876907,12.9495057123093
2020,3.40193988262715,0.682449391053531,61.529372927555,20.6887706014492,307.646864637775,152,24,0.20206347001091,86.8725018402457,13.1274981597543
2020,3.37624226818615,0.676957719818815,62.1692932046838,20.7537381488197,310.846466023419,153,24,0.211399259493654,86.6969258877572,13.3030741122428
2020,3.35000675251464,0.671550757131623,62.8022032836753,20.8175371414357,314.011016418376,154,24,0.216599932320688,86.5243869904254,13.4756130095746
2020,3.32441109467349,0.666246675372099,63.4288224641039,20.8802620455799,317.14411232052,155,24,0.222578166768445,86.3562498280057,13.6437501719943
2020,3.29896242906825,0.661047802841545,64.0491230559397,20.9419305065644,320.245615279699,156,24,0.226817397506259,86.1908025068847,13.8091974931153
2020,3.27312398146535,0.655961311860847,64.6634821075439,21.0025993291803,323.31741053772,157,24,0.226210556788376,86.0280177918916,13.9719822081084
2020,3.24955917049182,0.650992539725117,65.272790721861,21.0623739020033,326.363953609305,158,24,0.234406611636935,85.8677440746027,14.1322559253973
2020,3.22478226425393,0.646148212968714,65.8757428840348,21.1211432732489,329.378714420174,159,24,0.232919414897007,85.7102407331729,14.2897592668271
2020,3.2024917360301,0.641433203213724,66.4740326696436,21.1790887947764,332.370163348218,160,24,0.241466153868035,85.5552002148804,14.4447997851196
2020,3.17924288531486,0.636856466168523,67.0661503971675,21.2360797502924,335.330751985838,161,24,0.2409311256311,85.4029543803134,14.5970456196866
2020,3.15878163467731,0.632426968179672,67.6537205954289,21.2922873929414,338.268602977144,162,24,0.252235146607183,85.253280527828,14.7467194721719
2020,3.13649985414055,0.628159506509098,68.2349327997343,21.3475530791116,341.174663998672,163,24,0.248214129000535,85.1066764421728,14.8933235578272
2020,3.11647559411966,0.624069608863066,68.8124877507793,21.4021469529879,344.062438753896,164,24,0.252274533735782,84.9628612878392,15.0371387121608
2020,3.0973702259068,0.62018018830937,69.3852204817119,21.4559705318028,346.92610240856,165,24,0.255898389909275,84.8223911264344,15.1776088735656
2020,3.07875167237058,0.616518227041573,69.953401902312,21.5090612866019,349.76700951156,166,24,0.255533747086037,84.6856623288278,15.3143376711722
2020,3.06270644580449,0.613115871987636,70.5179268926041,21.5615135620216,352.589634463021,167,24,0.263155939440451,84.5530813099189,15.4469186900811
2020,3.04580829401314,0.609776884376939,71.0777125569382,21.6132372934841,355.388562784691,168,24,0.263416429189959,84.4266499983028,15.5733500016972
2020,3.02832714460329,0.606282613075348,71.6340604658238,21.6643628309048,358.170302329119,169,24,0.264887599458931,84.3071596619118,15.6928403380882
2020,3.01059455317561,0.602643704278358,72.1866116824631,21.7148662819916,360.933058412315,170,24,0.269457382674404,84.1943081266107,15.8056918733893
2020,2.99118557893882,0.598876582488036,72.7346959960281,21.7646959773455,363.673479980141,171,24,0.267148068059604,84.0879601591353,15.9120398408647
2020,2.97327774886463,0.595001601455061,73.2793537555919,21.813955559764,366.39676877796,172,24,0.278651112209286,83.9877572828456,16.0122427171544
2020,2.95363560782121,0.591045553127919,73.8181225097104,21.862432110991,369.090612548552,173,24,0.281183844778329,83.8940903830647,16.1059096169353
2020,2.93271961935405,0.587036705068199,74.3524492799777,21.9102660409939,371.762246399889,174,24,0.276551099348086,83.8066952675265,16.1933047324735
2020,2.91145651162773,0.583006732432878,74.8835121951533,21.9575709741791,374.417560975766,175,24,0.270217576983328,83.7254308719478,16.2745691280522
2020,2.89289219962053,0.57899052823398,75.4115817718083,22.0043779911324,377.057908859042,176,24,0.282367017635324,83.6503872990404,16.3496127009596
2020,2.87365366343917,0.575027117331349,75.9335009550698,22.0504159162521,379.667504775349,177,24,0.288106631575572,83.5823411565606,16.4176588434394
2020,2.85494573224863,0.571154456342192,76.4504166893564,22.0957956172466,382.252083446782,178,24,0.294586142230197,83.5212953242224,16.4787046757776
2020,2.83779647898615,0.567411994479826,76.9622869244047,22.140522130724,384.811434622023,179,24,0.308513754739169,83.4674888200895,16.5325111799105
2020,2.82112368127043,0.563839870803991,77.4679335848815,22.184501733191,387.339667924407,180,24,0.320049873536824,83.4213626264941,16.5786373735059
2020,2.80522245674178,0.560476343348223,77.9679300908704,22.2277936064655,389.839650454352,181,24,0.329723663743917,83.3829994049592,16.6170005950408
2020,2.78928008358906,0.557357888310662,78.4628030460914,22.2704517451434,392.314015230457,182,24,0.328445555283293,83.3524299172505,16.6475700827495
2020,2.77564448645055,0.554517158996447,78.9547344168869,22.3126708704878,394.773672084434,183,24,0.335272438091266,83.3292907981444,16.6707092018556
2020,2.76267167588832,0.551984627352138,79.4425643379711,22.3543573317055,397.212821689855,184,24,0.334241097452736,83.313701580107,16.686298419893
2020,2.75211361181311,0.549783728305151,79.927996809456,22.3956621989834,399.63998404728,185,24,0.340052118913558,83.3050929397113,16.6949070602887
2020,2.74219378135934,0.547932441813934,80.4101460732282,22.4365149905177,402.050730366141,186,24,0.335678826597417,83.3031556883364,16.6968443116636
2020,2.73480980049821,0.546438281852719,80.891176419201,22.4771031930457,404.455882096005,187,24,0.338138149652758,83.3067867878211,16.6932132121789
2020,2.72997178795904,0.545298225696619,81.3702282287404,22.5173576073011,406.851141143702,188,24,0.347873721184227,83.3151380033346,16.6848619966654
2020,2.72546245171988,0.544503316751461,81.8463551940877,22.5572029141488,409.231775970439,189,24,0.344466110753243,83.3270515659007,16.6729484340993
2020,2.72319227660134,0.544028332725075,82.3222514529724,22.5968678039694,411.611257264862,190,24,0.347074546199902,83.3407357383162,16.6592642616838
2020,2.72051011598675,0.543841756545195,82.7971613320942,22.6362914818813,413.985806660471,191,24,0.332368215139197,83.3561299704623,16.6438700295377
2020,2.72320050768515,0.543886911777565,83.2744651025877,22.6757554047216,416.372325512939,192,24,0.357186519431665,83.3683015716064,16.6316984283936
2020,2.72263215387106,0.544103637274542,83.7473319765687,22.7146973253644,418.736659882844,193,24,0.342924586198817,83.3757559640502,16.6242440359498
2020,2.72385929650954,0.544416982102274,84.2229260381393,22.7537095652313,421.114630190696,194,24,0.341275125824533,83.3744039465208,16.6255960534792
2020,2.72697055899853,0.544748222079723,84.6990834976894,22.7926145088147,423.495417488447,195,24,0.356704087116152,83.3615590536374,16.6384409463626
2020,2.58253690594143,0.515465649775926,85.1727651441245,22.8311662056552,425.863825720623,196,24,0.378364177109634,82.8797895504097,17.1202104495903
2020,2.58226125277909,0.515608672722982,85.6132154909272,22.8668794496,428.066077454636,197,24,0.36918820578044,82.8370533963466,17.1629466036534
2020,2.58229431973742,0.515546788550442,86.0554339188079,22.9026074591926,430.277169594039,198,24,0.37439564407999,82.7727902118153,17.2272097881847
2020,2.58324410702159,0.51568214651571,86.4966051330401,22.9381235801429,432.483025665201,199,24,0.378886762872626,82.7052167537273,17.2947832462727
2020,2.5883942961597,0.516426295997384,86.9370554564415,22.9734559432438,434.685277282208,200,24,0.396343751197654,82.6571539593458,17.3428460406542
2020,2.59582563490684,0.517743595326416,87.375031496692,23.0084663263695,436.87515748346,201,24,0.407526003460272,82.6266457311053,17.3733542688947
2020,2.60562058766815,0.519599910015366,87.8122441808668,23.0432939071182,439.061220904334,202,24,0.414901360352107,82.6123818052579,17.3876181947421
2020,2.61790881152142,0.521962697350954,88.2499273066771,23.0780381189047,441.249636533385,203,24,0.421793802501175,82.6130992564481,17.3869007435519
2020,2.63044418494234,0.52480056499216,88.6886757631297,23.1127465686246,443.443378815648,204,24,0.403539014551425,82.6276132953643,17.3723867046357
2020,2.64786151074864,0.528081942355779,89.1335680510471,23.1478190596767,445.667840255236,205,24,0.416371179754805,82.6539992332379,17.3460007667621
2020,2.66586739233325,0.531777267131599,89.5793626156661,23.1828405121029,447.896813078331,206,24,0.411940430527034,82.691977179023,17.308022820977
2020,2.68554432878549,0.535855275120416,90.0296293549243,23.2180902076233,450.148146774622,207,24,0.404858439889468,82.7398381917208,17.2601618082792
2020,2.70954733907906,0.540284671806396,90.4852321968735,23.2536328027433,452.426160984368,208,24,0.427191681247153,82.7963033292215,17.2036966707785
2020,2.73593270092053,0.545034392843332,90.9411527286937,23.2890755392004,454.705763643468,209,24,0.460017747455512,82.861006908547,17.138993091453
2020,2.76115930349985,0.550071687819091,91.3957684386674,23.3242937424093,456.978842193337,210,24,0.461088815536177,82.9330303461461,17.0669696538539
2020,2.78793507638732,0.555365850844228,91.8551982104638,23.3597610578274,459.275991052319,211,24,0.465410903963603,83.012062556108,16.987937443892
2020,2.65408880268055,0.528712917751734,92.319101067811,23.3954484590095,461.595505339055,212,24,0.462763558414115,82.5991645859491,17.4008354140509
2021,3.47654095297018,0.697034004074371,54.5,19.9420239553624,272.5,141,24,0.190121165520601,88.4425391717491,11.5574608282509
2021,3.4581610973919,0.693491222083781,55.1572573721241,20.0145973817359,275.78628686062,142,24,0.189020617368781,88.2746505595396,11.7253494404604
2021,3.43873315277837,0.689491637772781,55.8110569018653,20.0861934505187,279.055284509327,143,24,0.192921807700263,88.1029123980638,11.8970876019362
2021,3.42003311522824,0.685115039154882,56.4601885137409,20.1567023438444,282.300942568705,144,24,0.20837905843363,87.9282985231746,12.0717014768254
2021,3.39191791464566,0.680438940448537,57.1024864675103,20.2259150219985,285.512432337551,145,24,0.189401190663932,87.7519827748204,12.2480172251796
2021,3.36902765566729,0.675536229885698,57.7429546495866,20.2943923300022,288.714773247933,146,24,0.197711831364679,87.5748478668838,12.4251521331162
2021,3.34296005245872,0.670465080570208,58.377180220694,20.3616825031557,291.88590110347,147,24,0.196015161141413,87.3962781078742,12.6037218921258
2021,3.31723906879371,0.665284561945366,59.0065290616157,20.4279534654007,295.032645308079,148,24,0.198167582539535,87.2176355910606,12.7823644089395
2021,3.2914740693052,0.660044700974194,59.6303005575186,20.493152783453,298.151502787593,149,24,0.201460670387096,87.039760942492,12.960239057508
2021,3.2652367038859,0.654785623960242,60.2482576519818,20.5572772959946,301.241288259909,150,24,0.203056720809739,86.8632093238232,13.1367906761768
2021,3.43109576923687,0.688009878445316,60.8606451582996,20.6203732101659,304.303225791498,151,24,0.206637105460756,87.0522897105758,12.9477102894242
2021,3.40391226107521,0.682454868184142,61.5054853716365,20.6863363315012,307.527426858182,152,24,0.210758244497558,86.8747169427678,13.1252830572322
2021,3.37708789871569,0.676964781428897,62.1440612973715,20.7511853418431,310.720306486857,153,24,0.215132939047463,86.6994852990539,13.3005147009461
2021,3.34986428668984,0.671562445318125,62.7763939087023,20.8149442745423,313.881969543511,154,24,0.215568356868302,86.5280307737297,13.4719692262703
2021,3.32298380545844,0.666258475770529,63.4031910639777,20.8777048210952,317.015955319889,155,24,0.215239900848472,86.35991739689,13.64008260311
2021,3.2973473843122,0.661058872361714,64.0246740107237,20.9395077528357,320.123370053618,156,24,0.218378594183959,86.1943032759431,13.8056967240569
2021,3.27218117361058,0.655971513949914,64.6403979738176,21.0003270188782,323.201989869088,157,24,0.221104024948896,86.0313180075446,13.9686819924554
2021,3.24915388020079,0.651002333094066,65.2505394911422,21.0601978622067,326.252697455711,158,24,0.23192236669602,85.8709469840721,14.1290530159279
2021,3.22357269732577,0.646157942094328,65.8539076040442,21.1190215589968,329.269538020221,159,24,0.226205790097221,85.7134277087854,14.2865722912146
2021,3.20099960718713,0.641442332280997,66.4532983653858,21.1770867306452,332.266491826929,160,24,0.232943382230603,85.5582415905269,14.4417584094731
2021,3.17866834576146,0.636864791398816,67.0468223845317,21.2342249897356,335.234111922659,161,24,0.237432213202168,85.4057934999192,14.5942065000808
2021,3.15621372698598,0.632435131893773,67.6349776162377,21.2904996821954,338.174888081188,162,24,0.237160525478401,85.2560761565571,14.7439238434429
2021,3.1357491967997,0.628166164211679,68.2186913241277,21.3460131919253,341.093456620639,163,24,0.243599680087225,85.109064824635,14.890935175365
2021,3.11561044217881,0.624076040314208,68.7970191789838,21.4006889433846,343.985095894919,164,24,0.246888431998872,84.9651743366698,15.0348256633302
2021,3.09593176599139,0.620186329462324,69.3706562443836,21.4546056760038,346.853281221918,165,24,0.246990424949637,84.8246057925476,15.1753942074524
2021,3.07938251565686,0.616523731129081,69.9403317077803,21.5078433939541,349.701658538901,166,24,0.25924550587045,84.6876687955107,15.3123312044893
2021,3.0608760775365,0.613122121701244,70.5042406474861,21.5602453862342,352.52120323743,167,24,0.251487341223838,84.5552820051011,15.4447179948989
2021,3.04543997700027,0.609782285232702,71.0659941022197,21.612157432777,355.329970511099,168,24,0.260852411499998,84.4285572617165,15.5714427382835
2021,3.0278039289471,0.606288150245744,71.6227812798495,21.6633290845275,358.113906399248,169,24,0.261296064510529,84.3090650434063,15.6909349565937
2021,3.00911525280795,0.602649300997523,72.1759462890242,21.71389401441,360.879731445121,170,24,0.259578604152666,84.1961807221818,15.8038192778182
2021,2.9891745375978,0.598881636674878,72.7257106246287,21.7638811759436,363.628553123143,171,24,0.253937157477698,84.089601336718,15.910398663282
2021,2.97181138479878,0.595005821659651,73.2726084686178,21.8133470700849,366.363042343089,172,24,0.268451720455379,83.9890646447239,16.0109353552761
2021,2.95264564572872,0.591049268374819,73.8131239144207,21.8619834898216,369.065619572103,173,24,0.274116204481942,83.8951599908155,16.1048400091845
2021,2.93615566677143,0.587040259277794,74.348666286534,21.9099282238229,371.74333143267,174,24,0.301581212274802,83.8076298631715,16.1923701368285
2021,2.91581596886637,0.58301342437134,74.8754104405392,21.9568510618523,374.377052202696,175,24,0.301751086998446,83.7272691326533,16.2727308673467
2021,2.89753511590077,0.579001046802729,75.3980453218341,22.0031810051691,376.990226609171,176,24,0.31769340488494,83.6533362945547,16.3466637054453
2021,2.87725493788034,0.57504189777207,75.9138280101558,22.0486845935949,379.569140050779,177,24,0.315588825398048,83.5865284792854,16.4134715207146
2021,2.85867466880057,0.571172687737318,76.4259678601548,22.0936540963323,382.129839300774,178,24,0.323800585643543,83.5264627825645,16.4735372174355
2021,2.84019272079576,0.567433824003672,76.9327413788134,22.1379461294231,384.663706894067,179,24,0.327490322288832,83.4736901115562,16.5263098884438
2021,2.82161812908754,0.56386416050061,77.435072454931,22.1816496612895,387.175362274655,180,24,0.32310572458998,83.4282606956342,16.5717393043658
2021,2.80352863212613,0.560501329543899,77.9345572325754,22.2249100755835,389.672786162877,181,24,0.314064780034414,83.3900707944817,16.6099292055183
2021,2.78907088890561,0.557381532139514,78.4322237786541,22.2678212510107,392.161118893271,182,24,0.325482142362176,83.3590647574388,16.6409352425612
2021,2.77633414071144,0.55454060807094,78.9247065405831,22.3100990442166,394.623532702915,183,24,0.340357931681291,83.3358973758777,16.6641026241223
2021,2.7614465042839,0.552008482039828,79.4116578483006,22.3517215856564,397.058289241503,184,24,0.322236430717018,83.3205337810563,16.6794662189437
2021,2.75056984163111,0.549806126560452,79.8992468071648,22.393220774083,399.496234035824,185,24,0.325047110290025,83.3115970881649,16.6884029118351
2021,2.74178481810531,0.547952949323005,80.3840888826902,22.4343115199811,401.920444413451,186,24,0.330957888439107,83.3092350622927,16.6907649377073
2021,2.73300836156971,0.546457605490244,80.8659821503359,22.4749815410448,404.32991075168,187,24,0.321015487783106,83.3127653491267,16.6872346508733
2021,2.73127497728451,0.545315184144571,81.3480987289482,22.5155017237919,406.740493644741,188,24,0.359557789632931,83.3206264892373,16.6793735107627
2021,2.72653521951278,0.544520015065693,81.8221499928225,22.5551811735869,409.110749964113,189,24,0.353822946578175,83.3329441668504,16.6670558331496
2021,2.72396744851177,0.544047560118901,82.2963899720646,22.594716419612,411.481949860323,190,24,0.35348858634072,83.3482279503284,16.6517720496716
2021,2.72356079018225,0.543859910569291,82.7701726645606,22.6340553023257,413.850863322803,191,24,0.360317759635392,83.3639170683107,16.6360829316893
2021,2.72338846299353,0.543905050642666,83.2424972912004,22.6731172091676,416.212486456002,192,24,0.35802150829406,83.3770249906675,16.6229750093326
2021,2.72334741279542,0.544119934045668,83.7152355262785,22.7120589471602,418.576177631392,193,24,0.348809066872593,83.384595199993,16.615404800007
2021,2.72678927447604,0.544431726153136,84.1897965361991,22.750996986243,420.948982680995,194,24,0.368874307314606,83.3835140316285,16.6164859683715
2021,2.72874241585655,0.544762508914712,84.6610209963684,22.7895101862358,423.305104981842,195,24,0.373528147627734,83.3715850825604,16.6284149174396
2021,2.58203706540339,0.515474447747902,85.1316931957237,22.8278293938767,425.658465978618,196,24,0.372320502119003,82.8890430343584,17.1109569656416
2021,2.58371585230122,0.51561625061025,85.5732534113614,22.8636444748834,427.866267056807,197,24,0.384454786747156,82.8461914528646,17.1538085471354
2021,2.58508980432735,0.515554466496024,86.0127105426982,22.8991613153011,430.063552713491,198,24,0.405255542125933,82.7823829123477,17.2176170876523
2021,2.58479496079603,0.515690798197099,86.448270080034,22.9342385742976,432.24135040017,199,24,0.39555902767374,82.7158333434926,17.2841666565074
2021,2.59026341663974,0.516435443545898,86.8856975198894,22.9693425099455,434.428487599447,200,24,0.417530620607436,82.6683587393223,17.3316412606777
2021,2.59486512673924,0.517753376749164,87.3198115338932,23.0040589700073,436.599057669466,201,24,0.39566263052743,82.6385648866001,17.3614351133999
2021,2.60491958293168,0.519609264651438,87.759206469858,23.0390754683658,438.79603234929,202,24,0.405905152484207,82.624018070272,17.375981929728
2021,2.6173205356203,0.521971706418378,88.1985502888658,23.0739659328559,440.992751444329,203,24,0.41404457339193,82.6245328310788,17.3754671689212
2021,2.63311953047463,0.524809255093272,88.6387325763765,23.108801714549,443.193662881883,204,24,0.434617212147934,82.6388765825607,17.3611234174393
2021,2.64974913950574,0.528091541325808,89.0779459278221,23.1434408467672,445.38972963911,205,24,0.43830798702379,82.6662281388627,17.3337718611372
2021,2.66767994715582,0.531787469375576,89.5197325213432,23.1781630421356,447.598662606716,206,24,0.4325263708662,82.7048878784287,17.2951121215712
2021,2.68903547631998,0.535866020034686,89.9662466316736,23.2131356536213,449.831233158368,207,24,0.445168720554247,82.7533754600045,17.2466245399954
2021,2.70858951072297,0.540296578521844,90.4144878779263,23.24812207319,452.072439389632,208,24,0.415116022678761,82.8110188449744,17.1889811550256
2021,2.73245898867541,0.545045743871384,90.8726345275751,23.2837569325839,454.363172637875,209,24,0.417471041744756,82.8753850979597,17.1246149020403
2021,2.75988796582594,0.550081451925219,91.3350673693673,23.3195984206567,456.675336846837,210,24,0.44466155820608,82.9462090446923,17.0537909553077
2021,2.78838917567987,0.555382921987947,91.7975306250528,23.3553159988827,458.987653125264,211,24,0.46977852363163,83.027818508336,16.972181491664
2021,2.65301257241092,0.528722595212395,92.2606530176869,23.3909590235082,461.303265088435,212,24,0.448104486888327,82.6128137702398,17.3871862297602
2022,3.47197147474291,0.697034004074371,54.5,19.9420239553624,272.5,141,24,0.172443418310183,88.4425391717491,11.5574608282509
2022,3.45487258893813,0.69349003267169,55.1598790259207,20.0148856510414,275.799395129603,142,24,0.176166148955595,88.2741632468287,11.7258367531713
2022,3.43636176885037,0.689489410673407,55.8155917395133,20.0866880035872,279.077958697566,143,24,0.183348291882538,88.1020658186697,11.8979341813303
2022,3.41468746863722,0.685111872550861,56.4661637628315,20.1573487466265,282.330818814158,144,24,0.18560656363755,87.9271777188159,12.0728222811841
2022,3.39153102968138,0.680433558365621,57.1119470653924,20.2269304116418,285.559735326962,145,24,0.187939484274203,87.7501992238008,12.2498007761992
2022,3.36679627713609,0.675530361521373,57.7526301768213,20.2954227455217,288.763150884107,146,24,0.188371023487308,87.5730144744588,12.4269855255412
2022,3.34158596354968,0.670457954646905,58.3882775960275,20.3628553683934,291.941387980137,147,24,0.190303463490703,87.3941644029238,12.6058355970762
2022,3.31440382642073,0.665276489103183,59.0184939129481,20.4292085918216,295.092469564741,148,24,0.186182815738166,87.2153451690451,12.7846548309549
2022,3.28718073860726,0.66003499927429,59.6440952616999,20.4945892821052,298.220476308499,149,24,0.183100043165368,87.0371076106046,12.9628923893954
2022,3.26183942972556,0.654773533659042,60.2648657522385,20.558994355732,301.324328761193,150,24,0.188261686020045,86.8600007297232,13.1399992702768
2022,3.42831556856564,0.687994385881066,60.8795327305334,20.6223121985395,304.397663652667,151,24,0.194946275298504,87.0487183105304,12.9512816894696
2022,3.4024803713217,0.682437603414679,61.5261549738981,20.6884427131221,307.630774869491,152,24,0.204715535994808,86.8707946177946,13.1292053822054
2022,3.37580288066005,0.676946543240787,62.1656529528016,20.753369895424,310.828264764008,153,24,0.209615283004173,86.6953755588905,13.3046244411095
2022,3.34849275514616,0.671543405037748,62.7988319701109,20.8171984939929,313.994159850555,154,24,0.209613058362244,86.5237496248888,13.4762503751113
2022,3.32514155511496,0.666238691545093,63.4265457458505,20.8800349283525,317.132728729252,155,24,0.226436624398016,86.3554533319609,13.6445466680392
2022,3.2994208816508,0.661040758805452,64.0462207524355,20.9416429394162,320.231103762177,156,24,0.22934525567933,86.1901796633226,13.8098203366774
2022,3.27377158759676,0.655955113337809,64.6601659419042,21.0022729338049,323.300829709521,157,24,0.229712318944276,86.0275321516933,13.9724678483067
2022,3.24808496941913,0.650987372366384,65.2689037477615,21.0619938160179,326.344518738808,158,24,0.226759574092691,85.8674292597432,14.1325707402568
2022,3.22279198335442,0.646142665606601,65.8730905051637,21.1208855701682,329.365452525819,159,24,0.222615425315939,85.7097541208475,14.2902458791525
2022,3.19945931653152,0.641427020850114,66.4730430524639,21.1789932491561,332.36521526232,160,24,0.225215332369517,85.5544629280063,14.4455370719937
2022,3.17658549683612,0.636848995625159,67.0678044681764,21.2362384614453,335.339022340882,161,24,0.22662263591745,85.401782035638,14.598217964362
2022,3.15539372932829,0.632418557621379,67.6577048730782,21.2926673699998,338.288524365391,162,24,0.233142504679345,85.2517365161856,14.7482634838144
2022,3.13531569780439,0.628149674405765,68.2420579904683,21.3482285522536,341.210289952341,163,24,0.241646660871696,85.1046095407165,14.8953904592835
2022,3.11280021456413,0.624059873156244,68.8206895399875,21.402919930231,344.103447699938,164,24,0.231388674267381,84.9606681374816,15.0393318625184
2022,3.09462532935056,0.620168977822027,69.3968642902158,21.4570615623484,346.984321451079,165,24,0.239935466069633,84.8196243773142,15.1803756226858
2022,3.07576960223984,0.61650612035996,69.9676892028097,21.5103924088693,349.838446014048,166,24,0.238166573407866,84.6824768969551,15.3175231030449
2022,3.05745853834656,0.613102724888926,70.5350910688174,21.5631037625672,352.675455344087,167,24,0.232086816258728,84.5494355953546,15.4505644046454
2022,3.04119708692075,0.609761283145463,71.1000407949922,21.6152945069353,355.500203974961,168,24,0.235877225159779,84.4221142245223,15.5778857754777
2022,3.0241482000573,0.606264950078686,71.6609740579237,21.6668290248325,358.304870289618,169,24,0.239645018830656,84.3018479679303,15.6981520320697
2022,3.0080260515029,0.602624209439102,72.2177376943331,21.7177031869986,361.088688471665,170,24,0.253587916463088,84.1882954177059,15.8117045822941
2022,2.98939339049405,0.598856165314592,72.7684818313629,21.7677590790013,363.842409156815,171,24,0.256251171198747,84.0815433570635,15.9184566429365
2022,2.97063375832174,0.594980726949756,73.3149601162227,21.8171669487625,366.574800581113,172,24,0.261596837446315,83.9810980368916,16.0189019631084
2022,2.95038683568371,0.591023563973942,73.8566104717896,21.8658856754102,369.283052358948,173,24,0.259917051530207,83.8869929592445,16.1130070407555
2022,2.92958201467585,0.587013158055115,74.3945403357692,21.9140239182747,371.972701678846,174,24,0.256277475812378,83.7990290254983,16.2009709745017
2022,2.90961111838513,0.582981726782224,74.9290298760224,21.9616146125008,374.645149380112,175,24,0.2587283614439,83.7172345487181,16.2827654512819
2022,2.88869888251143,0.578964960921989,75.4590275687918,22.0085722927333,377.295137843959,176,24,0.254467457482104,83.6419470925705,16.3580529074295
2022,2.86953867362817,0.574999354013164,75.985687300868,22.0550070751487,379.92843650434,177,24,0.260065643282965,83.5731389344686,16.4268610655314
2022,2.85029177827619,0.571124524252134,76.5073874382682,22.1007839455283,382.536937191341,178,24,0.262108243743928,83.5113323659498,16.4886676340502
2022,2.83196944367596,0.567379518104557,77.0248215627629,22.1459720950908,385.124107813814,179,24,0.266077661842346,83.456631650126,16.543368349874
2022,2.81538974878329,0.563803945065619,77.5377890141254,22.1905618013429,387.688945070627,180,24,0.276591952087309,83.4093004923034,16.5906995076966
2022,2.79975592468234,0.560437027467199,78.0453291399763,22.2344778436758,390.226645699881,181,24,0.28688128369879,83.3697095560278,16.6302904439722
2022,2.78473858119653,0.557315475060539,78.5476759171476,22.2777489497106,392.738379585738,182,24,0.292830669625754,83.3379463994075,16.6620536005925
2022,2.7669063780891,0.554472673040902,79.0458204395083,22.3204680343393,395.229102197541,183,24,0.26699715829584,83.3138669456485,16.6861330543515
2022,2.75568381707785,0.551935305058876,79.5455561064819,22.3631354494384,397.72778053241,184,24,0.278963470017947,83.2963324524721,16.7036675475279
2022,2.74687507094439,0.549731355126476,80.0406445629014,22.4052222540048,400.203222814507,185,24,0.297515268069402,83.2862226257197,16.7137773742803
2022,2.73803633821328,0.547878731120689,80.5302512688814,22.446665000712,402.651256344407,186,24,0.302381383990936,83.2832131329875,16.7167868670125
2022,2.73266397444615,0.546384628744062,81.0171071761484,22.487701136367,405.085535880742,187,24,0.321678254493263,83.2860928337939,16.7139071662061
2022,2.72865980692558,0.545246389922962,81.4990191658146,22.528151643172,407.495095829073,188,24,0.338448315580393,83.2942385047615,16.7057614952386
2022,2.72511219588576,0.544454116675842,81.9767660427463,22.5680883215145,409.883830213731,189,24,0.343926656097189,83.3061766852906,16.6938233147094
2022,2.71919751113739,0.54398582060108,82.4526972511133,22.607712252974,412.263486255566,190,24,0.313344204782445,83.3214465427668,16.6785534572332
2022,2.71913583535085,0.543800630900467,82.933551270592,22.6475844753529,414.66775635296,191,24,0.322326372880982,83.336218423121,16.663781576879
2022,2.72059211089464,0.543848792808496,83.4125853530748,22.6871458963476,417.062926765374,192,24,0.334756089265136,83.3484893180998,16.6515106819002
2022,2.72215088376714,0.544067690990161,83.8894132996051,22.7263681739036,419.447066498026,193,24,0.340567550294474,83.355666107368,16.644333892632
2022,2.7248557884473,0.544384019721159,84.3653789872766,22.7653648684675,421.826894936383,194,24,0.352762329925454,83.3546220380091,16.6453779619909
2022,2.72805933436188,0.544718363850687,84.8394346681919,22.8040529517161,424.19717334096,195,24,0.369468097014247,83.3424664781552,16.6575335218448
2022,2.57712579332177,0.515440090822845,85.3107775847097,22.8423705529859,426.553887923549,196,24,0.325238517420018,82.8593264808114,17.1406735191886
2022,2.58048481652889,0.515582491029,85.7607671189131,22.8788148088778,428.803835594565,197,24,0.352541534974584,82.8152220793567,17.1847779206433
2022,2.57980369007341,0.515520566392403,86.2059555112088,22.9147393070387,431.029777556044,198,24,0.350223799831596,82.7505471357194,17.2494528642806
2022,2.58142802398181,0.515655277277705,86.6514586966412,22.9505599986669,433.257293483206,199,24,0.361446952622846,82.6824169883374,17.3175830116626
2022,2.58580348364072,0.516398946505807,87.0950292586033,22.9860979995964,435.475146293017,200,24,0.36980970486444,82.6340221468911,17.3659778531089
2022,2.59409402427826,0.517715430795515,87.5377892315278,23.0214454781212,437.688946157639,201,24,0.389885386771657,82.6029314043069,17.3970685956931
2022,2.6019096363709,0.519571163492265,87.9781787382597,23.0564803180594,439.890893691299,202,24,0.375157382640295,82.5883697353927,17.4116302646073
2022,2.61396740684545,0.521932620664257,88.4230632673835,23.0917488678264,442.115316336918,203,24,0.379160435999017,82.5881583495242,17.4118416504758
2022,2.62750414735901,0.524769014994314,88.869544553568,23.1270198779984,444.34772276784,204,24,0.373521806681306,82.6016850811934,17.3983149188066
2022,2.64236023691732,0.528049273421792,89.319846320396,23.1624678245213,446.59923160198,205,24,0.358799609680393,82.6274847050082,17.3725152949918
2022,2.66335621385146,0.531742551677568,89.7760486580789,23.1982534796517,448.880243290395,206,24,0.386523933339327,82.6641050487133,17.3358949512868
2022,2.68296693889776,0.535819481176494,90.2308896578328,23.2338063943283,451.154448289164,207,24,0.379438176319749,82.711564477363,17.288435522637
2022,2.7058200338478,0.540247751989938,90.6910539394947,23.2696485226878,453.455269697474,208,24,0.38816750183114,82.7676513042762,17.2323486957238
2022,2.73159589465284,0.544995855546593,91.1540263663743,23.3055816894681,455.770131831871,209,24,0.411558209173551,82.8316088470928,17.1683911529072
2022,2.75774009385189,0.55003116548949,91.6174586930732,23.3414233857221,458.087293465366,210,24,0.423471066645596,82.9026386142563,17.0973613857437
2022,2.78436507555937,0.5553316910543,92.0837197092878,23.37735655832,460.418598546439,211,24,0.42571896498779,82.9840447452369,17.0159552547631
2022,2.64895442033315,0.528680143348565,92.5548380125382,23.4135354967183,462.774190062691,212,24,0.403141258471048,82.5670830605714,17.4329169394286
