"year","assimilated_weight","ingested_weight","Weight","Length","Energy","JulianDay","feeding_hours","Metabolism","percentage_partic","percentage_filters"
1980,3.40715614569184,0.681447477568029,54.5,19.9420239553624,272.5,141,24,0.22783061888237,90.7406159171506,9.25938408284935
1980,3.40268620848826,0.680355586257814,55.135838519996,20.0122418702443,275.67919259998,142,24,0.234947969668758,90.61612455057,9.38387544942995
1980,3.3976016718088,0.679136015667738,55.7693576679324,20.081644568831,278.846788339662,143,24,0.242400988564352,90.4914112482969,9.50858875170309
1980,3.39176328855162,0.677794366797345,56.4003672844927,20.1502282502608,282.001836422463,144,24,0.249293941750184,90.3663116116807,9.63368838831935
1980,3.38491704481916,0.676336356848412,57.0288285043914,20.2180054270032,285.144142521957,145,24,0.253980154328192,90.2406333621983,9.75936663780172
1980,3.3770392345328,0.674762081802697,57.6549809907609,20.2850178652198,288.274904953805,146,24,0.256179662430574,90.1148978497702,9.88510215022983
1980,3.36845234312846,0.673089812380927,58.2791156534069,20.3513114436139,291.395578267035,147,24,0.257122883857788,89.98732243011,10.01267756989
1980,3.35938533369236,0.671320402648685,58.9013418103137,20.4169115621027,294.506709051568,148,24,0.258069224313978,89.858373458711,10.141626541289
1980,3.35009825371562,0.669460228136714,59.5215626860561,20.4818213501433,297.60781343028,149,24,0.260336078485,89.7279424284375,10.2720575715625
1980,3.34062563419281,0.667516856991668,60.1394700316455,20.5460219173519,300.697350158228,150,24,0.263949607511923,89.5958681123783,10.4041318876217
1980,3.52740565560429,0.704767860793307,60.7547572689647,20.6094950407758,303.773786344823,151,24,0.2695736910897,89.7500489578622,10.2499510421378
1980,3.51667101848368,0.702534000147343,61.4062726771809,20.6762189687751,307.031363385905,152,24,0.274459189336576,89.6102626733797,10.3897373266203
1980,3.50572480325627,0.700238995678375,62.0546606936413,20.7421345279062,310.273303468207,153,24,0.279977533110267,89.4684249012141,10.5315750987859
1980,3.49464760805203,0.697898791035215,62.6997522683977,20.8072403042474,313.498761341989,154,24,0.286173156768429,89.3253886009838,10.6746113990162
1980,3.48328998718124,0.695522968816807,63.3413855802273,20.8715355721657,316.706927901137,155,24,0.291857723100377,89.1806429979357,10.8193570020643
1980,3.47158629997204,0.693120065146727,63.9796065823203,20.9350401506784,319.898032911602,156,24,0.29630133394508,89.0332884222693,10.9667115777307
1980,3.45973215325086,0.690702980636646,64.6145940743181,20.9977863160968,323.07297037159,157,24,0.300278785235374,88.8831369254812,11.1168630745188
1980,3.44792657696287,0.688285268700373,65.2464110120319,21.0597940642957,326.23205506016,158,24,0.304628215364315,88.7300278841588,11.2699721158412
1980,3.43636729607202,0.685881074583854,65.8749925241717,21.1210703695982,329.374962620858,159,24,0.310221484118971,88.5738306268927,11.4261693731073
1980,3.42510019831108,0.683505053880845,66.5001389079454,21.1816089435222,332.500694539727,160,24,0.316947227526742,88.4144461453297,11.5855538546703
1980,3.41402847337847,0.681172239156049,67.1216819075235,21.2414066097683,335.608409537617,161,24,0.323665238968963,88.2517825273533,11.7482174726467
1980,3.40313161315606,0.678897877805712,67.7396619430111,21.3004800861732,338.698309715055,162,24,0.329666213178544,88.0857278889729,11.9142721110271
1980,3.39239490063302,0.67669729776466,68.3542571890991,21.3588586405416,341.771285945495,163,24,0.334223512976242,87.9161599489102,12.0838400510898
1980,3.38180255704347,0.674585749754518,68.9657881984055,21.4165841436839,344.828940992028,164,24,0.336575150371285,87.7429439695158,12.2570560304842
1980,3.37150079761675,0.672578241818669,69.5747247576986,21.4737113381112,347.873623788493,165,24,0.337184847182095,87.5659299875583,12.4340700124416
1980,3.36173976930996,0.670689422919034,70.1814731427621,21.5302876891355,350.90736571381,166,24,0.337351359374619,87.3849834906416,12.6150165093584
1980,3.3526536423461,0.668933463646993,70.7862298977712,21.5863401096329,353.931149488856,167,24,0.337546984620966,87.2000065300506,12.7999934699494
1980,3.34949372180076,0.668344707484072,71.3891239331235,21.6418886350399,356.945619665618,168,24,0.338289115185731,86.9841962330397,13.0158037669603
1980,3.35768496295882,0.669992906754013,71.9912309338487,21.6970392765249,359.956154669243,169,24,0.340082639480753,86.7160061799961,13.2839938200039
1980,3.37798202119193,0.673970168192804,72.5946105790487,21.7519849201893,362.973052895244,170,24,0.345174774678136,86.4045411099382,13.5954588900619
1980,3.41080822254308,0.680355481756182,73.2010240019879,21.8068870565899,366.00512000994,171,24,0.353841124011761,86.0597075970058,13.9402924029942
1980,3.45592705744587,0.689167849055522,73.8122618464416,21.8619061175554,369.061309232208,172,24,0.363566152408981,85.690915264164,14.309084735836
1980,3.5126531961881,0.700339574899221,74.4305705227286,21.9172395059692,372.152852613643,173,24,0.37157904413735,85.306079541091,14.693920458909
1980,3.57981502079534,0.7137103436896,75.0586134889628,21.9731170197278,375.293067444814,174,24,0.374919449801391,84.9111271988603,15.0888728011397
1980,3.6562627375439,0.729037491859123,75.6994118880583,22.0297945381305,378.497059440291,175,24,0.374241329582624,84.5099213149428,15.4900786850572
1980,3.74084852751409,0.746016325554314,76.3556260375438,22.0874900537954,381.778130187719,176,24,0.372662157548041,84.1046129022946,15.8953870977054
1980,3.83192644886776,0.764304095878199,77.0290631178031,22.1463416397078,385.145315589015,177,24,0.370811008569668,83.6961334618533,16.3038665381467
1980,3.92778369998942,0.783542737698874,77.7210752314831,22.2064440989418,388.605376157416,178,24,0.369316217119645,83.2845777689132,16.7154222310868
1980,4.02673120670088,0.803378183483677,78.4325461788553,22.2678489882951,392.162730894276,179,24,0.368753009529257,82.8696123469692,17.1303876530308
1980,4.12753666514809,0.823474936171953,79.1639068251432,22.3305671725027,395.819534125716,180,24,0.372069842189941,82.4507927011337,17.5492072988663
1980,4.2288219153554,0.843526043672948,79.9147518095032,22.3945375212885,399.573759047516,181,24,0.380163952658452,82.0278589031699,17.9721410968301
1980,4.32886743485157,0.863258441669291,80.6842206272217,22.4596614280771,403.421103136108,182,24,0.390635680320597,81.600807162315,18.399192837685
1980,4.42609197619005,0.882434730536022,81.4715887420026,22.5258536819165,407.357943710013,183,24,0.400875969213293,81.169851109362,18.830148890638
1980,4.51906018963728,0.90085266215447,82.2763371145505,22.5930479230371,411.381685572753,184,24,0.408051842768424,80.7354306012814,19.2645693987186
1980,4.60681221709477,0.918342884483355,83.098226158533,22.661202207301,415.491130792665,185,24,0.411466172993621,80.2981904834508,19.7018095165492
1980,4.68894656536256,0.934765814642552,83.9369636585962,22.7302709799988,419.684818292981,186,24,0.413200466434904,79.8590217383985,20.1409782616015
1980,4.76505486053332,0.950007976251471,84.7917607123713,22.8001690646881,423.958803561856,187,24,0.414355960653876,79.4191204092984,20.5808795907016
1980,4.83485274204761,0.963977768109703,85.6615264157917,22.8707888677172,428.307632078959,188,24,0.416066159261918,78.9799227357193,21.0200772642808
1980,4.89815051315539,0.97660134736628,86.5448862179538,22.9420027379409,432.724431089769,189,24,0.419455032314601,78.5430748849987,21.4569251150013
1980,4.954724432299,0.987822130133402,87.4402027677587,23.0136654449731,437.201013838793,190,24,0.424869960404443,78.1123751584141,21.8876248415859
1980,5.00424740579254,0.997587662980331,88.3457244319307,23.0856266697506,441.728622159654,191,24,0.431909848753731,77.6890357811515,22.3109642188485
1980,5.04649760493924,1.00585269390446,89.2597143267541,23.1577414248832,446.29857163377,192,24,0.440651196030706,77.2741304130269,22.7258695869731
1980,5.08127495668658,1.01257786278761,90.1803758570242,23.2298641278249,450.901879285121,193,24,0.4511509153066,76.8698075446234,23.1301924553766
1980,5.10838957069573,1.0177252058486,91.1058609925769,23.3018493161835,455.529304962885,194,24,0.463521788694093,76.4783016683486,23.5216983316514
1980,5.12741927899392,1.02125593725084,92.0342611407052,23.373550973072,460.171305703526,195,24,0.476329306211538,76.1019338230965,23.8980661769035
1980,4.87246351843883,0.970272686695062,92.9638701608427,23.44484265751,464.819350804213,196,24,0.48375732785298,75.1307828367244,24.8692171632757
1980,4.874803417426,0.970592277732264,93.8409650144187,23.5116529057597,469.204825072094,197,24,0.492946081765868,74.79237512196,25.20762487804
1980,4.86839384824125,0.969235766628115,94.7166530888288,23.5779232198188,473.583265444144,198,24,0.499721574549715,74.4763261897752,25.5236738102248
1980,4.84355192494423,0.964286491174614,95.5896654839965,23.6435673231158,477.948327419982,199,24,0.503562656000993,74.1259179473172,25.8740820526828
1980,4.79329851434579,0.95435580748422,96.4569009605938,23.7083646264993,482.284504802969,200,24,0.504309682947019,73.6936640932702,26.3063359067297
1980,4.72189214695921,0.940257228701685,97.3138944896154,23.7719990170154,486.569472448077,201,24,0.50316678908725,73.1877617596796,26.8122382403204
1980,4.63410290074777,0.922898628246296,98.1567921267368,23.8342068787014,490.783960633684,202,24,0.501690464403964,72.6200405237601,27.3799594762399
1980,4.53499840878779,0.903250971909082,98.9823828581657,23.8947775564951,494.911914290828,203,24,0.501395142556174,72.0039023587387,27.9960976412613
1980,4.42941786150691,0.882243065003492,99.788166523709,23.9535564576728,498.940832618545,204,24,0.503820250766186,71.3540505973416,28.6459494026584
1980,4.32196337379788,0.860734218108311,100.572303120161,24.0104395390394,502.861515600805,205,24,0.511742379584976,70.6861840148791,29.3138159851209
1980,4.21632217477824,0.839484420656553,101.333317939636,24.0653505022465,506.666589698179,206,24,0.524658115687313,70.0166477103004,29.9833522896996
1980,4.11527649079545,0.819136265089093,102.070574590292,24.1182737746686,510.352872951461,207,24,0.538940164051536,69.3618019001283,30.6381980998717
1980,4.02102793521895,0.800207131157332,102.784718734131,24.1692845109544,513.923593670655,208,24,0.550640647913137,68.7372871412617,31.2627128587383
1980,3.9351898511135,0.783089846680157,103.477626003233,24.218542744374,517.388130016166,209,24,0.555504359073525,68.1573369260469,31.8426630739531
1980,3.85910791101164,0.768059771328712,104.152345723523,24.2662876113502,520.761728617615,210,24,0.552481533115363,67.6340985861972,32.3659014138028
1980,3.79383976965422,0.755247321339462,104.812406193754,24.312787005919,524.062030968769,211,24,0.545590707190877,67.1845322717279,32.8154677282721
1980,3.55215421574132,0.70731337412992,105.460743361697,24.358262258382,527.303716808484,212,24,0.533115651374592,65.9967010501539,34.0032989498461
1981,3.40573299850004,0.681435195657304,54.5,19.9420239553624,272.5,141,24,0.221151880100412,90.7418154925112,9.25818450748886
1981,3.40058036976412,0.680344166975386,55.1368896383141,20.0123574805472,275.68444819157,142,24,0.224650607846389,90.6171557594502,9.38284424054983
1981,3.39475887534747,0.679125401370535,55.7720470876128,20.0819380234665,278.860235438064,143,24,0.228029620640458,90.4921849869855,9.50781501301445
1981,3.38822585088692,0.677784482522822,56.4053624096418,20.1507690258362,282.026812048209,144,24,0.230923978043344,90.3667265357129,9.63327346428709
1981,3.38097569227914,0.676327108103748,57.0367901174122,20.2188607100341,285.183950587061,145,24,0.233137048463605,90.2405886785035,9.75941132149652
1981,3.37311019648346,0.674759180475928,57.6663229252395,20.2862270202447,288.331614626197,146,24,0.235019456787424,90.1135696022177,9.88643039778234
1981,3.36472708875547,0.673081312473699,58.2939037774608,20.3528761764387,291.469518887304,147,24,0.237056241265528,89.9862399015731,10.0137600984269
1981,3.35601449798122,0.671312108276339,58.9193981515463,20.4188079810391,294.596990757731,148,24,0.239759116809521,89.8567962692206,10.1432037307794
1981,3.3470659367035,0.669452207120955,59.5426068037934,20.484015455768,297.713034018967,149,24,0.243644373002391,89.7258883963332,10.2741116036668
1981,3.33784012464623,0.667509040173498,60.1632459314639,20.5484830291837,300.81622965732,150,24,0.248344147311803,89.5933718495133,10.4066281504867
1981,3.52464545340134,0.704761400138135,60.7810970451692,20.6122022361448,303.905485225846,151,24,0.254565239220235,89.7479336759514,10.2520663240486
1981,3.51402943223629,0.702527504778024,61.4350619707369,20.6791559725976,307.175309853684,152,24,0.259791758291471,89.6077267367429,10.3922732632571
1981,3.50315030958888,0.700232391975862,62.0858550033192,20.7452936354887,310.429275016596,153,24,0.265355716431838,89.4654697831291,10.5345302168709
1981,3.49208628099387,0.69788835105042,62.7333558681585,20.8106189248491,313.666779340792,154,24,0.271374302836038,89.3212874451693,10.6787125548307
1981,3.48075073416974,0.695512462429185,63.3774364874071,20.8751345815724,316.887182437036,155,24,0.276854490323249,89.1761366147685,10.8238633852315
1981,3.46904727461787,0.693109414415015,64.018150062013,20.938861159666,320.090750310065,156,24,0.281031108004071,89.0283653576361,10.9716346423639
1981,3.45712722091555,0.690692105718262,64.6556835429872,21.0018317327525,323.278417714936,157,24,0.284360733966705,88.8777841643696,11.1222158356304
1981,3.44514556966301,0.688274078444797,65.2901628232388,21.0640724322164,326.450814116194,158,24,0.287345425407135,88.7242226623316,11.2757773376684
1981,3.43325759632424,0.685869453940815,65.9216443775458,21.1256018818204,329.608221887729,159,24,0.29050357067584,88.567531560861,11.432468439139
1981,3.4216530991159,0.683492847988358,66.5501120524393,21.186431145898,332.750560262197,160,24,0.294590003309512,88.4075836165847,11.5924163834153
1981,3.41036407120649,0.681159274221223,67.175436682201,21.2465601109556,335.877183411005,161,24,0.299370023907583,88.2442799474365,11.7557200525635
1981,3.39932155677775,0.67888399110463,67.7975424353943,21.3059936876212,338.987712176971,162,24,0.303912038322432,88.0775249953784,11.9224750046216
1981,3.38845644416975,0.676682334986984,68.4165260037528,21.3647529279718,342.082630018764,163,24,0.307212687648162,87.9072077477752,12.0927922522248
1981,3.37770001652133,0.674569558578167,69.03267092253,21.4228758696001,345.16335461265,164,24,0.308230460501449,87.7331981264328,12.2668018735672
1981,3.36727428083368,0.672560663284388,69.6464552780426,21.480417741671,348.232276390213,165,24,0.307923529360945,87.5553439629696,12.4446560370304
1981,3.35751114173374,0.670670311437984,70.2582099132761,21.5374187069311,351.291049566381,166,24,0.308049616894349,87.3735213673631,12.6264786326369
1981,3.34851395417893,0.668912708737902,70.8679804980596,21.5938915976067,354.339902490298,167,24,0.308836398535709,87.1876548747249,12.8123451252751
1981,3.3454939597902,0.668321978609798,71.4757878310313,21.6498466315391,357.378939155157,168,24,0.310540176084142,86.9709317089078,13.0290682910922
1981,3.35383715430455,0.669967649618694,72.0826436918394,21.7053841867549,360.413218459197,169,24,0.313411406673469,86.7017896046611,13.2982103953389
1981,3.37400851947437,0.673941875982733,72.6905869491363,21.7606954567192,363.452934745681,170,24,0.317497133716601,86.3893409729019,13.6106590270981
1981,3.40640322795627,0.680323603351941,73.3017400258471,21.8159747366527,366.508700129236,171,24,0.322807334854928,86.0434418851866,13.9565581148134
1981,3.45115133526186,0.689131753014684,73.9183023450687,21.8714187349356,369.591511725343,172,24,0.329591702958044,85.6734417869843,14.3265582130157
1981,3.50795307584106,0.700298688896291,74.5424493576315,21.927217451829,372.712246788158,173,24,0.338123133114699,85.2872719300296,14.7127280699703
1981,3.57605415903852,0.713664370251488,75.1762419321961,21.9835462559573,375.881209660981,174,24,0.348739862061239,84.8909651972964,15.1090348027036
1981,3.65397700171843,0.728986705306799,75.8215223774704,22.0405570338816,379.107611887352,175,24,0.359501214925667,84.4885952782201,15.5114047217799
1981,3.73992997801658,0.745961478732854,76.480225562879,22.09840598929,382.401127814395,176,24,0.368388615356768,84.0824547649633,15.9175452350367
1981,3.83223068986103,0.764246058102022,77.1543316822457,22.1572492489624,385.771658411229,177,24,0.375625186928549,83.6734621414095,16.3265378585905
1981,3.92912087877856,0.783482422160152,77.8454397510013,22.2172057958274,389.227198755007,178,24,0.38149222340687,83.261681784225,16.7383182157749
1981,4.02886534681441,0.803316474239423,78.5547407979782,22.2783561266303,392.773703989891,179,24,0.386317628544827,82.8467347243962,17.1532652756038
1981,4.12978094192954,0.823412623370167,79.2830131543613,22.3407429092368,396.415065771806,180,24,0.390142937708395,82.4281196828023,17.5718803171977
1981,4.23030800535308,0.843463531588085,80.0306901361816,22.4043778314668,400.153450680908,181,24,0.392890076932282,82.0054252026909,17.9945747973091
1981,4.32908665663158,0.863195620143533,80.7979086640508,22.4692466525741,403.989543320254,182,24,0.39469893477227,81.5784596180223,18.4215403819777
1981,4.42493844498474,0.882371179477464,81.5845056253774,22.5353097452161,407.922528126887,183,24,0.395711194165235,81.1473244454059,18.8526755545941
1981,4.5168664329986,0.900787907648145,82.3900538013971,22.6025059613082,411.950269006985,184,24,0.396082107741348,80.7124341701094,19.2875658298906
1981,4.60436750173556,0.918276688526776,83.2138954561466,22.6707561976865,416.069477280733,185,24,0.398058793550445,80.2745069341894,19.7254930658106
1981,4.68695204308029,0.934698445146336,84.0548227276551,22.7399378979423,420.274113638275,186,24,0.402897290750502,79.8346069789119,20.1653930210881
1981,4.76385862984456,0.949940113586726,84.9112785557181,22.8099030348727,424.556392778591,187,24,0.40930120450269,79.3940805209868,20.6059194790132
1981,4.83441747444429,0.963910262382675,85.7818128129184,22.8805160154081,428.909064064592,188,24,0.415916946488103,78.9544376544495,21.0455623455505
1981,4.89803337260215,0.976534978500496,86.6651120693773,22.9516557690806,433.325560346887,189,24,0.421309779193205,78.5173166778936,21.4826833221064
1981,4.9544279827873,0.987754668672119,87.5600307364781,23.023217825286,437.800153682391,190,24,0.425614691930282,78.0848629704538,21.9151370295462
1981,5.00356899960153,0.997522181914561,88.4653404899913,23.0950939857329,442.326702449956,191,24,0.430136386986404,77.6611904468266,22.3388095531734
1981,5.0452676006148,1.00578933225893,89.3795455380855,23.1671580144866,446.897727690427,192,24,0.435220764784669,77.2458765424102,22.7541234575898
1981,5.0793746332095,1.01251667013372,90.3010430892398,23.2392788527689,451.505215446199,193,24,0.441189597089727,76.8410309553215,23.1589690446785
1981,5.10575348795843,1.01766617358138,91.2281361201925,23.3113218298567,456.140680600962,194,24,0.448419442598486,76.4488579988569,23.5511420011431
1981,5.12403209848615,1.0211990241717,92.1590249369254,23.3831481775765,460.795124684627,195,24,0.455781058814575,76.0716573526115,23.9283426473885
1981,4.86873655151217,0.970232956459123,93.0920612555986,23.4546345911411,465.460306277993,196,24,0.458781174551885,75.1010722752369,24.8989277247631
1981,4.87083469729106,0.97055464808406,93.9734006427029,23.5217029534116,469.867003213514,197,24,0.465710823218331,74.7616035775026,25.2383964224974
1981,4.86471469471697,0.969200789859515,94.8537362886262,23.5882586981701,474.268681443131,198,24,0.474094961468375,74.4445677262937,25.5554322737063
1981,4.84087597282471,0.964252527708507,95.7311319633482,23.6541651742745,478.655659816741,199,24,0.485036966491569,74.0930284825672,25.9069715174328
1981,4.79201010425561,0.954320464915059,96.6015306837617,23.7191313884555,483.007653418808,200,24,0.4962471498666,73.65973554162,26.34026445838
1981,4.72188869143597,0.940218566913225,97.4598718765971,23.7827993116005,487.299359382985,201,24,0.505301590384381,73.1530254376362,26.8469745623638
1981,4.63521511809338,0.922855842361083,98.3023343184628,23.8449105075573,491.511671592314,202,24,0.513162111416241,72.5847515706484,27.4152484293516
1981,4.53700230660609,0.903204091539087,99.1258453225174,23.90526694577,495.629226612587,203,24,0.520858465037201,71.9683296418715,28.0316703581285
1981,4.43204838206299,0.882193131389872,99.9281290553101,23.9637324471748,499.640645276551,204,24,0.529524086722952,71.3184659832994,28.6815340167006
1981,4.324419520044,0.860683153494879,100.707642825045,24.0202260850635,503.538214125223,205,24,0.536911666631892,70.6508490033494,29.3491509966506
1981,4.21776572061557,0.839434723867672,101.464106820255,24.0747585946008,507.320534101277,206,24,0.541219558294644,69.9816127853457,30.0183872146543
1981,4.11554273668732,0.819090906441369,102.198331679763,24.1274175888433,510.991658398813,207,24,0.544357408119427,69.3268373075966,30.6731626924034
1981,4.02055143944542,0.800169699243034,102.911437319184,24.1783100909728,514.557186595921,208,24,0.548245615868622,68.7020899028787,31.2979100971213
1981,3.93495517327784,0.783064578519385,103.604719778637,24.2275527714422,518.023598893184,209,24,0.554924762686127,68.1217677107154,31.8782322892846
1981,3.86008033071367,0.768051167936816,104.279499661379,24.275261185979,521.397498306894,210,24,0.56402821455253,67.5984402309979,32.4015597690021
1981,3.79648751616045,0.755283512494649,104.937436175475,24.321572007172,524.687180877373,211,24,0.573344349465353,67.1448963728296,32.8551036271704
1981,3.55612045565261,0.707366549854619,105.580742939087,24.3666578077108,527.903714695434,212,24,0.576815427859129,65.9621910973297,34.0378089026703
1982,3.40222164908239,0.681447477568029,54.5,19.9420239553624,272.5,141,24,0.204548205187926,90.7406159171506,9.25938408284935
1982,3.39723794442734,0.680355729241001,55.139508103413,20.0126454733612,275.697540517065,142,24,0.208551718646367,90.6155822104171,9.38441778958286
1982,3.39150864303069,0.67913620976267,55.7772168373687,20.0825020903335,278.886084186844,143,24,0.212113495132689,90.4902480467281,9.50975195327186
1982,3.38488321080997,0.677794508962699,56.4130653210683,20.1516028827388,282.065326605342,144,24,0.214365333272748,90.3644295267148,9.63557047328518
1982,3.37739293958593,0.676336327191335,57.0471362030277,20.2199720227428,285.235681015138,145,24,0.215271037139458,90.2379158531521,9.76208414684791
1982,3.36923690187494,0.674761747614023,57.6795256245962,20.2876343412451,288.397628122981,146,24,0.215748173177178,90.1112493411052,9.88875065889479
1982,3.36061354058202,0.673089026339395,58.3101860234108,20.3545986824786,291.550930117054,147,24,0.216304516420224,89.9826966236678,10.0173033763322
1982,3.35163775179069,0.671319026771795,58.9390079661678,20.4208670991886,294.695039830839,148,24,0.217473317527117,89.8527563426874,10.1472436573126
1982,3.34244912076419,0.669458134216702,59.5657983443463,20.4864328304546,297.828991721731,149,24,0.219795040074945,89.721333992065,10.278666007935
1982,3.3331928729613,0.667513921482893,60.1902838698494,20.5512809803927,300.951419349247,150,24,0.223852041337478,89.5882626982749,10.4117373017251
1982,3.51995204910121,0.704762701383298,60.8121038247898,20.615388057298,304.060519123949,151,24,0.230601626923905,89.7416732275018,10.2583267724982
1982,3.50964157517289,0.702527559379673,61.4699226355159,20.6827110771131,307.349613177579,152,24,0.236832078068687,89.6009454125874,10.3990545874126
1982,3.49893000147694,0.7002311753423,62.1244298471821,20.7491986544503,310.62214923591,153,24,0.242736721008962,89.4581873813994,10.5418126186006
1982,3.48771118059202,0.697889483843905,62.775610233068,20.8148655331334,313.87805116534,154,24,0.247296865961404,89.3142298231507,10.6857701768493
1982,3.47589876919471,0.695512026389215,63.4236310699437,20.8797441624697,317.118155349718,155,24,0.249702040142176,89.1685127366574,10.8314872633426
1982,3.46364911727227,0.69310729279968,64.0688044543541,20.9438803468481,320.344022271771,156,24,0.250480519126307,89.0200956094915,10.9799043905085
1982,3.45123011745174,0.690688159185373,64.7113680904347,21.0073112326114,323.556840452174,157,24,0.250698937175996,88.8687803404248,11.1312196595752
1982,3.43890456316361,0.688268159776331,65.3513999267795,21.0700572838821,326.756999633898,158,24,0.251410015425077,88.7144024605021,11.2855975394979
1982,3.42693826998468,0.685861425837672,65.9888199200194,21.1321230310567,329.944099600097,159,24,0.253696472498529,88.5568318007197,11.4431681992803
1982,3.41534755299932,0.683482605417441,66.6233846407921,21.1934970875536,333.11692320396,160,24,0.257299339809122,88.3959740394163,11.6040259605837
1982,3.40407409254023,0.681146721216787,67.2549057124551,21.2541735897451,336.274528562276,161,24,0.261524391835358,88.2317383869629,11.7682616130371
1982,3.39326839868212,0.678869028395108,67.8833219353951,21.3141588724777,339.416609676975,162,24,0.266840919281312,88.0640263520239,11.9359736479761
1982,3.38307994987009,0.676664909410779,68.5085083488993,21.3734530236038,342.542541744497,163,24,0.273759325217809,87.892759792676,12.107240207324
1982,3.37365699007719,0.674549728236517,69.1302678030403,21.4320492888238,345.651339015201,164,24,0.282857127160729,87.7178815646917,12.2821184353084
1982,3.36481618080304,0.672538678879193,69.7483172898027,21.4899330045376,348.741586449013,165,24,0.292670083796921,87.5393567545997,12.4606432454003
1982,3.35633617578175,0.670646547356007,70.3626299795791,21.5471135725209,351.813149897895,166,24,0.301270411080571,87.3571190612547,12.6428809387453
1982,3.34831045257476,0.668887520888697,70.9735203260381,21.6036315771176,354.867601630191,167,24,0.308672133982107,87.1710551559482,12.8289448440518
1982,3.34593430236239,0.668295346974343,71.5813186654884,21.6595280274439,357.906593327442,168,24,0.314905608353357,86.9542742612078,13.0457257387922
1982,3.35458553977438,0.669939277931254,72.1873883127337,21.7149370764474,360.936941563668,169,24,0.320046199755914,86.6851388731794,13.3148611268206
1982,3.37457156734325,0.673911569742882,72.7941530509938,21.7700858282706,363.970765254969,170,24,0.322917985333926,86.3727201101118,13.6272798898882
1982,3.40625657419388,0.680291162587884,73.4043332913741,21.8252228585367,367.02166645687,171,24,0.323280728976375,86.026796079176,13.973203920824
1982,3.44993301561011,0.689096875758182,74.0207702839075,21.8806018356239,370.103851419537,172,24,0.322601443582625,85.6566234551639,14.3433765448361
1982,3.50546882460883,0.700260955304045,74.6460703131558,21.936449610247,373.230351565779,173,24,0.322379173321714,85.2700661231069,14.7299338768931
1982,3.57227903306758,0.713623259501304,75.2825133836977,21.992958777536,376.412566918488,174,24,0.324083924041122,84.8731178525059,15.1268821474941
1982,3.64945195126606,0.728941643162567,75.9319684450342,22.0502810585349,379.659842225171,175,24,0.329667103540645,84.4698418321081,15.5301581678919
1982,3.73539001225473,0.745912125045613,76.5957317658447,22.1085142100442,382.978658829224,176,24,0.338551949612051,84.0626348647765,15.9373651352235
1982,3.82802691426404,0.764192482186185,77.2748953946035,22.1677355386201,386.374476973018,177,24,0.348341960624527,83.6525693916351,16.3474306083649
1982,3.92518514957924,0.78342496569131,77.9706173576479,22.2280257582241,389.85308678824,178,24,0.356404194192153,83.2397911079614,16.7602088920386
1982,4.02465986754322,0.803255536452675,78.6841466986678,22.2894709285346,393.420733493339,179,24,0.359855376618275,82.823914882117,17.176085117883
1982,4.12472505697509,0.823348377879067,79.4168680674992,22.3521659700945,397.084340337496,180,24,0.358624620572034,82.4043314950294,17.5956685049706
1982,4.22424876340753,0.843395888276466,80.1698349998253,22.4161746964667,400.849174999127,181,24,0.355653907216664,81.9805139487346,18.0194860512654
1982,4.32207863424606,0.86312447809005,80.9432861516309,22.4814899807752,404.716430758155,182,24,0.352427882692428,81.5522478572771,18.4477521427229
1982,4.41727280049898,0.882296556639428,81.7369326939499,22.5480600758486,408.684663469749,183,24,0.35042743506314,81.1196550146032,18.8803449853968
1982,4.50908830797165,0.900710069680519,82.550001165386,22.6157937087076,412.75000582693,184,24,0.351099960176771,80.6832138574811,19.3167861425189
1982,4.59695218450047,0.918196261687799,83.3812799589651,22.6845653579438,416.906399794825,185,24,0.355854962651086,80.2437492464395,19.7562507535605
1982,4.68013505671759,0.934616323689061,84.2291609036164,22.7542199807017,421.145804518082,186,24,0.364424288086978,79.8024060235496,20.1975939764504
1982,4.7578724065626,0.949857302334723,85.0919435242389,22.8245989393678,425.459717621195,187,24,0.375719799636861,79.3605631290949,20.6394368709051
1982,4.82948584704886,0.963827867920942,85.9679920125867,22.8955529605849,429.839960062933,188,24,0.388555061781039,78.9197722135949,21.0802277864051
1982,4.89437079867312,0.97645418871666,86.8557721134921,22.9669449000485,434.278860567461,189,24,0.401605083004846,78.4817205659881,21.5182794340119
1982,4.95179263043318,0.987679368636758,87.7538935971278,23.0386528026762,438.769467985639,190,24,0.412100955179112,78.0501690619726,21.9498309380274
1982,5.00135629349122,0.997450480428466,88.6613730303679,23.1105902041799,443.30686515184,191,24,0.419141611156894,77.6261827068791,22.3738172931209
1982,5.04307481726609,1.0057218092211,89.5773281144687,23.1826809586796,447.886640572344,192,24,0.424184608757929,77.2106670611818,22.7893329388182
1982,5.07700129020901,1.0124536422277,90.5005875730584,23.254828534997,452.502937865292,193,24,0.428796694032432,76.8056471032901,23.1943528967099
1982,5.10320111984722,1.01760780240616,91.4296773373811,23.3269157021329,457.148386686905,194,24,0.434601106189038,76.4132830893818,23.5867169106182
1982,5.12141491825335,1.02114540345867,92.3628117262602,23.3988046106218,461.814058631301,195,24,0.441216325008269,76.0358722613845,23.9641277386155
1982,4.86626721963533,0.970202342315811,93.2982294577303,23.4703631480979,466.491147288651,196,24,0.443544268419472,75.062276336762,24.937723663238
1982,4.86820071462852,0.970529195232186,94.1821137547754,23.5375213977029,470.910568773877,197,24,0.448937278300059,74.722470768017,25.277529231983
1982,4.86171103124488,0.969179881847799,95.065268192987,23.6041868783938,475.326340964935,198,24,0.454251648826568,74.4049349958039,25.5950650041961
1982,4.8372142197292,0.964235732574245,95.9460221253199,23.6702426400657,479.730110626599,199,24,0.459791493653982,74.0528530897311,25.9471469102689
1982,4.78760744076688,0.954306499220015,96.8207273143023,23.7354277855062,484.103636571512,200,24,0.464651210405789,73.6186875859729,26.3813124140271
1982,4.71694875934897,0.940206498675361,97.6844962101579,23.7993963841651,488.422481050789,201,24,0.468588518384923,73.1107491622401,26.8892508377599
1982,4.62996949995655,0.922845474992585,98.5333015644553,23.8618739134701,492.666507822277,202,24,0.472800710402466,72.5409509608239,27.4590490391761
1982,4.53171071675154,0.903196046471218,99.3638231654638,23.9226436046174,496.819115827319,203,24,0.478582107722142,71.9227830153009,28.0772169846991
1982,4.4269840853275,0.882188852315979,100.173490377376,23.9815475205897,500.867451886882,204,24,0.487273642531306,71.2710442169331,28.7289557830668
1982,4.31990647200505,0.860684881810084,100.960426931766,24.0384806282683,504.802134658828,205,24,0.497507032551509,70.6015331865101,29.3984668134899
1982,4.21404081168441,0.839445400626165,101.723853793114,24.093418051773,508.619268965571,206,24,0.507167003157918,69.9305392926997,30.0694607073003
1982,4.11266492100432,0.819113933449914,102.464127721731,24.1464156109258,512.320638608654,207,24,0.516593738240992,69.2742941128086,30.7257058871914
1982,4.01841767047518,0.80020859797699,103.182193093725,24.1975688506623,515.910965468626,208,24,0.52608865294044,68.6484536898629,31.3515463101371
1982,3.93331515952876,0.783122671202759,103.879461825032,24.2470036969821,519.397309125158,209,24,0.53603581092466,68.0674293164463,31.9325706835538
1982,3.85853974516916,0.768131389759247,104.557672248512,24.294865969909,522.788361242558,210,24,0.544320289627511,67.5437225944448,32.4562774055552
1982,3.79461015248582,0.755363731595849,105.219222128538,24.3413444630817,526.096110642691,211,24,0.549287252191054,67.0945845226241,32.9054154773759
1982,3.55423741842646,0.707511109337104,105.866943854551,24.3866545158716,529.334719272755,212,24,0.54715027349696,65.9070379856529,34.0929620143471
1983,3.40515933488617,0.681447477568029,54.5,19.9420239553624,272.5,141,24,0.218105789338497,90.7406159171506,9.25938408284935
1983,3.40018384417082,0.680355646509388,55.1373841237437,20.0124118674329,275.686920618718,142,24,0.22243283455796,90.6158961199261,9.38410388007392
1983,3.39437865579977,0.679136103419642,55.772905821049,20.0820317216432,278.864529105245,143,24,0.225875528715926,90.4908860985769,9.50911390142308
1983,3.38788716179501,0.67779443662103,56.4065759147354,20.1509003956664,282.032879573677,144,24,0.228966862667556,90.3653913694508,9.6346086305492
1983,3.38063376885109,0.676336342080522,57.0383273035497,20.2190258339747,285.191636517748,145,24,0.231159761998726,90.2392233885293,9.76077661147074
1983,3.37254295701392,0.674761903050556,57.6681871783428,20.2864257509912,288.340935891714,146,24,0.232033066606478,90.1129347480148,9.88706525198526
1983,3.36385962905418,0.673089380463634,58.2962518534795,20.3531246011351,291.481259267397,147,24,0.232352312672202,89.9847711179323,10.0152288820677
1983,3.35474265785616,0.67131963152384,58.9225135117355,20.4191351396886,294.612567558678,148,24,0.232907674536202,89.8552160746302,10.1447839253698
1983,3.34537393526671,0.669459034637977,59.5468380709677,20.4844565516514,297.734190354838,149,24,0.234483374778583,89.7241664020075,10.2758335979925
1983,3.33595025374186,0.667515156378405,60.1689709787507,20.5490755440397,300.844854893754,150,24,0.237950809967868,89.5914525169954,10.4085474830046
1983,3.5227243845812,0.704764827721512,60.7885227583217,20.6129653012613,303.942613791608,151,24,0.244378943941639,89.7451171987292,10.2548828012708
1983,3.51228530810636,0.70253017381297,61.4441406917517,20.6800819595661,307.220703458759,152,24,0.250325769527829,89.6047192576594,10.3952807423406
1983,3.50145480858115,0.700234314709064,62.0964780489893,20.746369199185,310.482390244946,153,24,0.255945200828353,89.462288638118,10.537711361882
1983,3.49011838533011,0.697893182456637,62.7455218572162,20.8118418239045,313.727609286081,154,24,0.260125082300845,89.3186555813904,10.6813444186096
1983,3.47828489566345,0.695516314523956,63.3914586696401,20.876534049018,316.9572933482,155,24,0.262559815157815,89.1732574763266,10.8267425236734
1983,3.46614867919636,0.693112207969905,64.0345379244984,20.9404852851078,320.172689622492,156,24,0.264043597811744,89.0251634261871,10.9748365738129
1983,3.45386837982733,0.690693755480748,64.6748890814187,21.0037219776032,323.374445407094,157,24,0.265088820700703,88.8741916197166,11.1258083802834
1983,3.44160530980001,0.688274497568884,65.3125708443423,21.0662628765314,326.562854221712,158,24,0.266225044456569,88.7201808437311,11.2798191562689
1983,3.42952094986835,0.685868557795995,65.9475682614548,21.1281190236073,329.737841307274,159,24,0.267983176114323,88.5629916537206,11.4370083462794
1983,3.41793953261963,0.683490557511147,66.5797924900428,21.1892939912521,332.898962450214,160,24,0.271865607234337,88.4025069257234,11.5974930742766
1983,3.40693193112128,0.68115554251112,67.2089190505258,21.2497686323336,336.044595252629,161,24,0.277960066031366,88.2386564558388,11.7613435441612
1983,3.39627545628146,0.678878822337528,67.8346200892822,21.3095239208426,339.173100446411,162,24,0.284560836256581,88.0713823637701,11.9286176362299
1983,3.3857506481447,0.67667576769069,68.4568643556262,21.3685693101086,342.284321778131,163,24,0.289805020720632,87.9005931398155,12.0994068601845
1983,3.37514646741892,0.674561639134919,69.0759492816578,21.4269448451684,345.379746408289,164,24,0.291742237035094,87.7261569978436,12.2738430021564
1983,3.36455838870317,0.672551410373014,69.6925201603925,21.4847220131639,348.462600801963,165,24,0.290409029967681,87.5478966400839,12.4521033599161
1983,3.35442157431953,0.670659672527282,70.3072340591768,21.54197159624,351.536170295884,166,24,0.288132808198641,87.3656381758455,12.6343618241545
1983,3.34502529104463,0.668900571889612,70.9203695832095,21.5987277044298,354.601847916047,167,24,0.286320819824765,87.1792696011935,12.8207303988065
1983,3.34175001505999,0.668308028992955,71.5319817314354,21.6550030975635,357.659908657177,168,24,0.286317135045757,86.9619537031592,13.0380462968408
1983,3.35015684579367,0.669951440320819,72.1429327759403,21.7108838357889,360.714663879701,169,24,0.289515807395862,86.6921328067223,13.3078671932777
1983,3.37044475942893,0.673923097042343,72.7549183801896,21.7665295043881,363.774591900948,170,24,0.294279816860933,86.3789753271433,13.6210246728567
1983,3.40281082859425,0.680302026594783,73.3700013769794,21.8221290611511,366.850006884897,171,24,0.299332126625789,86.032352234401,13.967647765599
1983,3.44767327440339,0.689107166173413,73.9905393826402,21.8778934865501,369.952696913201,172,24,0.306788925265035,85.6615938898716,14.3384061101284
1983,3.5050388900287,0.700270993248482,74.6185503728504,21.9339985795992,373.092751864252,173,24,0.319010760429893,85.274663727955,14.725336272045
1983,3.57448646061235,0.713633730079576,75.2555815239882,21.9905742842487,376.277907619941,174,24,0.338888352861867,84.8776883114948,15.1223116885052
1983,3.65438338882767,0.728953773880013,75.9025175779773,22.0476890744793,379.512587889887,175,24,0.364032461862673,84.4749157178686,15.5250842821314
1983,3.74227599096701,0.745927448389898,76.5603945629394,22.1054228965266,382.801972814697,176,24,0.38768886458258,84.0688107073206,15.9311892926794
1983,3.83605038847803,0.764212343764898,77.2311085659425,22.1639284039932,386.155542829712,177,24,0.406298967972458,83.6603260780982,16.3396739219018
1983,3.93346869709753,0.783450317269427,77.9168445490061,22.2233792885864,389.584222745031,178,24,0.415922765973471,83.2494385564103,16.7505614435897
1983,4.03225761279207,0.803286708247215,78.620127817719,22.283973876658,393.100639088595,179,24,0.412798357571104,82.8355383875187,17.1644616124813
1983,4.13118417417979,0.82338489971651,79.3437813004526,22.3459304741492,396.718906502263,180,24,0.401420854363489,82.417750711844,17.582249288156
1983,4.22945461835754,0.843436835474415,80.089482196737,22.4093640340447,400.447410983685,181,24,0.38815995685559,81.9954228765171,18.0045771234829
1983,4.32561229738463,0.863168789874773,80.8574749072625,22.4742650276684,404.287374536313,182,24,0.37282580758309,81.5683268642016,18.4316731357984
1983,4.41837960429788,0.882342926023233,81.6477503859963,22.5406021026878,408.238751929981,183,24,0.355325254110593,81.1365200237341,18.8634799762659
1983,4.50665893204228,0.900756851299019,82.4600626049647,22.6083242057473,412.300313024823,184,24,0.335685193957539,80.7003682727122,19.2996317272878
1983,4.59062213948965,0.918241414006202,83.2939405421282,22.6773623010124,416.469702710641,185,24,0.319702469703383,80.260540918017,19.739459081983
1983,4.67084543478314,0.934657858707999,84.1477880839393,22.7475563461494,420.738940419697,186,24,0.313020068484001,79.8181657434356,20.1818342565644
1983,4.74707627940555,0.949893819390932,85.0189956884006,22.8186677338438,425.094978442003,187,24,0.316109516162699,79.3747863456776,20.6252136543224
1983,4.81916472146358,0.963858676213185,85.9048089542625,22.8904524656287,429.524044771312,188,24,0.330315592219651,78.9321667634707,21.0678332365293
1983,4.88704490151685,0.976479468877111,86.8021744972732,22.9626492440659,434.010872486366,189,24,0.358294075157414,78.4922922898259,21.5077077101741
1983,4.94909710123025,0.987700400187534,87.7074945856402,23.0349607702049,438.537472928201,190,24,0.394897296985647,78.0593647353217,21.9406352646783
1983,5.00345631758366,0.997469300087081,88.617877085959,23.1071539469146,443.089385429795,191,24,0.431707192372159,77.6348385132495,22.3651614867505
1983,5.04979667151761,1.00574050456753,89.5317404797558,23.1791051381639,447.658702398779,192,24,0.46771890853658,77.2197704739889,22.7802295260111
1983,5.08782277706672,1.01247407626989,90.4476390155116,23.2507048023317,452.238195077558,193,24,0.501758164957061,76.8162498891036,23.1837501108964
1983,5.11724846030481,1.01763137473809,91.3643026954086,23.3218600898257,456.821513477043,194,24,0.532520232837765,76.4264017752268,23.5735982247732
1983,5.1366045394135,1.02117288120464,92.2806652082711,23.3924963969307,461.403326041356,195,24,0.549081517297949,76.0523800245943,23.9476199754057
1983,4.87929172703509,0.970223345774397,93.1975511002867,23.4626854333142,465.987755501433,196,24,0.540320658220316,75.0828926957834,24.9171073042166
1983,4.87818514265264,0.970550707793396,94.0646892344822,23.5286247593734,470.323446172411,197,24,0.521848495407609,74.7465191446804,25.2534808553196
1983,4.86770634018554,0.969200503872209,94.9352634581002,23.5944005569478,474.676317290501,198,24,0.496734391502475,74.4315439901281,25.5684560098718
1983,4.83903086063413,0.964255055699688,95.8087258605017,23.6599734259127,479.043629302509,199,24,0.471621874734072,74.0809884249591,25.9190115750409
1983,4.78690652379104,0.954325130948989,96.6814348794197,23.7250749295812,483.407174397099,200,24,0.458400460162998,73.6473770334144,26.3526229665856
1983,4.71587971530428,0.940225154530074,97.5463207156102,23.7891900076276,487.731603578051,201,24,0.459520714586585,73.1394464234733,26.8605535765267
1983,4.62944424848743,0.922864483544129,98.3967330440086,23.8518469817789,491.983665220043,202,24,0.467571802843698,72.569621816644,27.430378183356
1983,4.5314560633026,0.903215289397741,99.2282028198111,23.9127444418932,496.141014099056,203,24,0.475300136130412,71.9516075406626,28.0483924593374
1983,4.42564222249203,0.882207545989752,100.038483193314,23.971748753885,500.192415966572,204,24,0.475097778071271,71.300109527891,28.699890472109
1983,4.31689793940344,0.860701452062805,100.827594517243,24.0288922493486,504.137972586214,205,24,0.471105433600091,70.6304858377804,29.3695141622196
1983,4.21002705048727,0.839457878826108,101.595708134283,24.0842166007421,507.978540671414,206,24,0.471322099851919,69.958774968763,30.041225031237
1983,4.10800055072192,0.819120509773197,102.342356437158,24.1377161624892,511.711782185788,207,24,0.473870767013687,69.3013510467524,30.6986489532476
1983,4.01318174602422,0.800207838563198,103.068041545442,24.1894535922496,515.340207727211,208,24,0.47687194706191,68.6739462986469,31.3260537013531
1983,3.92733492585672,0.78311372841745,103.774114204783,24.2395496397595,518.870571023915,209,24,0.478454263994876,68.0909801389818,31.9090198610181
1983,3.85201715108457,0.768114273405939,104.462652299793,24.2881733364298,522.313261498963,210,24,0.480132924705083,67.5648895928961,32.4351104071039
1983,3.78812646762056,0.755339538528129,105.135742029306,24.3354906533071,525.678710146528,211,24,0.484247874722151,67.1130232425075,32.8869767574924
1983,3.54841749283574,0.707475916349953,105.795181138507,24.3816440351595,528.975905692533,212,24,0.485627574475947,65.9228603087694,34.0771396912306
1984,3.40311265912805,0.681447477568029,54.5,19.9420239553624,272.5,141,24,0.208568731394892,90.7406159171506,9.25938408284935
1984,3.39787256254638,0.680355704869306,55.1388822001808,20.0125766340388,275.694411000904,142,24,0.211466568327233,90.6156747144057,9.38432528559429
1984,3.39196671955833,0.679136183101903,55.7761348897642,20.0823840429932,278.880674448821,143,24,0.214251460427758,90.490408179674,9.50959182032598
1984,3.38564996991056,0.677794493212005,56.411647399262,20.1514493955813,282.05823699631,144,24,0.218002078777853,90.3646396859516,9.63536031404845
1984,3.3791698464992,0.676336330658646,57.0451442888658,20.2197580745281,285.225721444329,145,24,0.223851227189846,90.238211517189,9.76178848281094
1984,3.37257081551632,0.674761793762631,57.6761730611228,20.2872770012766,288.380865305614,146,24,0.232203768495713,90.1117476786836,9.88825232131638
1984,3.36556906103593,0.673089178556476,58.3042091366105,20.3539664239132,291.521045683053,147,24,0.241336509737695,89.9835864424559,10.0164135575441
1984,3.35777819318146,0.671319393540239,58.9290158092762,20.419817937746,294.645079046381,148,24,0.24915367596091,89.8542464079896,10.1457535920104
1984,3.34884113163396,0.669458851674309,59.5506982472158,20.4848589434539,297.753491236079,149,24,0.253295461170568,89.7235897319089,10.2764102680911
1984,3.33841544312248,0.667515110630671,60.1697621594308,20.549157424344,300.848810797154,150,24,0.251403163337375,89.5913341007479,10.4086658992521
1984,3.52326819050713,0.704764954315053,60.7871165024133,20.612820799612,303.935582512066,151,24,0.247194444057828,89.7453225865543,10.2546774134457
1984,3.51064503282376,0.702530362194977,61.4422801040953,20.6798921961197,307.211400520476,152,24,0.241763778070364,89.6049916120609,10.3950083879391
1984,3.4976900551505,0.700234368123939,62.0960018144634,20.7463209840672,310.480009072317,153,24,0.23625542742774,89.4623585167609,10.5376414832391
1984,3.48446124695831,0.697892849857465,62.7482306293543,20.8121140813599,313.741153146772,154,24,0.230571042465425,89.3182571282367,10.6817428717633
1984,3.47098523764419,0.695515317344807,63.3989468060753,20.8772813053175,316.994734030376,155,24,0.224626066315518,89.1721531001296,10.8278468998704
1984,3.45814993099393,0.693110256324452,64.0481528325567,20.9418343755299,320.240764162784,156,24,0.222447929196374,89.023149805962,10.9768501940379
1984,3.44649618181955,0.690690637374419,64.6952232845543,21.0057228813999,323.476116422771,157,24,0.226275631493346,88.8711751874951,11.1288248125049
1984,3.43551673695305,0.688270153499661,65.3391931059984,21.0688645934894,326.695965529992,158,24,0.233561221892967,88.7162189631392,11.2837810368608
1984,3.4247152199397,0.68586303732409,65.979505380927,21.1312190869817,329.897526904635,159,24,0.241676320435405,88.5582226218982,11.4417773781018
1984,3.41360860805753,0.68348394804985,66.6160295927641,21.1927880582016,333.080147963821,160,24,0.24767818979347,88.397076239935,11.602923760065
1984,3.40211032290219,0.681147830420781,67.2491271639639,21.253620191113,336.24563581982,161,24,0.250489893622756,88.2326076425935,11.7673923574065
1984,3.39064599613668,0.678869826153165,67.8793575808095,21.3137816717664,339.396787904047,162,24,0.251894970877816,88.0646250976008,11.9353749023992
1984,3.37949918292983,0.676665224912854,68.507008738114,21.3733112491093,342.53504369057,163,24,0.253007479222097,87.8929872371784,12.1070127628216
1984,3.3689489881188,0.674549303744416,69.1322024217774,21.4322310380935,345.661012108887,164,24,0.254960478037402,87.717586848823,12.282413151177
1984,3.35927233437441,0.672537178312533,69.7548896194692,21.4905466145903,348.774448097346,165,24,0.258933759320242,87.5383509333756,12.4616490666244
1984,3.35026057434274,0.67064365253292,70.3748407391403,21.548246623666,351.874203695702,166,24,0.263381366628986,87.3552414009296,12.6447585990704
1984,3.34176358119012,0.66888295785252,70.9920936466475,21.6053446128773,354.960468233238,167,24,0.267010515873105,87.1681849492417,12.8318150507583
1984,3.33923470088961,0.668288764545259,71.6069147328677,21.661874710776,358.034573664339,168,24,0.271524416376054,86.950290595325,13.049709404675
1984,3.34830488153948,0.669930265049325,72.2203204068987,21.7179385437912,361.101602034493,169,24,0.278736656374365,86.679958455477,13.320041544523
1984,3.36973634730819,0.673899833231189,72.8340905312632,21.7737044846839,364.170452656316,170,24,0.290708980218706,86.366353611667,13.633646388333
1984,3.4035662707185,0.680276790813446,73.4497450343544,21.8293135583654,367.248725171772,171,24,0.305429114880007,86.0194477166991,13.9805522833009
1984,3.44927102859736,0.689080385774198,74.0692137030849,21.8849402146134,370.346068515425,172,24,0.318755306919257,85.6486595957834,14.3513404042166
1984,3.50643837237076,0.70024305492786,74.6951499106927,21.9408192633312,373.475749553464,173,24,0.32989430553663,85.2618676906061,14.738132309394
1984,3.57417673809877,0.713604690511135,75.3302831760975,21.9971867578209,376.651415880488,174,24,0.337997704900729,84.8650121140027,15.1349878859974
1984,3.6511683111273,0.728922961396908,75.9773343236412,22.0542723593128,379.886671618206,175,24,0.342244652779573,84.4620270595319,15.5379729404681
1984,3.73573730315138,0.745893400945019,76.6389247143257,22.1122913977984,383.194623571628,176,24,0.341699780400095,84.0550871192656,15.9449128807344
1984,3.82626697809437,0.764173152167452,77.3175275470411,22.1714408332569,386.587637735206,177,24,0.337386141698175,83.6450184180084,16.3549815819916
1984,3.92123525419821,0.783404010772333,78.0150879771921,22.2318667454069,390.075439885961,178,24,0.331444064143966,83.231814006329,16.768185993671
1984,4.0191696269592,0.803231853503953,78.7328185915142,22.2936481088396,393.664092957571,179,24,0.325917174966691,82.8150796844754,17.1849203155247
1984,4.11872979909427,0.823321236815052,79.4712286667176,22.3568012246087,397.356143333588,180,24,0.32275094954644,82.394352937553,17.605647062447
1984,4.21900656247614,0.843365173690403,80.2301702457431,22.4212855542049,401.150851228715,181,24,0.325298681916332,81.9693221844854,18.0306778155145
1984,4.3187327872822,0.863090769668865,81.0086427975647,22.4869891604867,405.043213987823,182,24,0.333851259939743,81.5400051958209,18.4599948041791
1984,4.41623729829639,0.882261040766904,81.8053341263658,22.5537763821565,409.026670631829,183,24,0.345624718634926,81.1067238879229,18.8932761120771
1984,4.50997575802471,0.900674153318125,82.6191545374508,22.6215331210862,413.095772687254,184,24,0.357588965698955,80.6700281611572,19.3299718388428
1984,4.59851737335613,0.918161146635633,83.4493114242002,22.690172406868,417.246557121001,185,24,0.366283275723082,80.2306738668012,19.7693261331989
1984,4.68064194753442,0.934582558923363,84.2954180948016,22.759642480486,421.477090474008,186,24,0.368602411628377,79.7895777585991,20.2104222414009
1984,4.7560933914204,0.949824556826554,85.1574647807693,22.8299232880405,425.787323903846,187,24,0.366555719941473,79.3477916878491,20.6522083121509
1984,4.82507847883224,0.96379525472991,86.0349885269097,22.9009584461489,430.174942634548,188,24,0.364129348478319,78.9066332653666,21.0933667346334
1984,4.88793763608164,0.976420759237353,86.9267704094848,22.9726323142056,434.633852047424,189,24,0.365256225472398,78.4677204947242,21.5322795052758
1984,4.94513596791331,0.987644540656196,87.8308729283258,23.0447751527886,439.154364641629,190,24,0.374005115599029,78.0349169258592,21.9650830741408
1984,4.9961320205395,0.997414528538027,88.7446377975308,23.1171649934148,443.723188987654,191,24,0.389039320131579,77.6096174881451,22.3903825118549
1984,5.03984251004139,1.00568570961831,89.6655657552349,23.1895985751166,448.327828776175,192,24,0.405773107527038,77.1930521677482,22.8069478322518
1984,5.07595493705303,1.01241851785836,90.591858009909,23.2619329015324,452.959290049545,193,24,0.423688583790255,76.7873764767958,23.2126235232042
1984,5.10415988200934,1.01757471254251,91.5217568162922,23.3340322059268,457.608784081461,194,24,0.442169609874373,76.3948122374761,23.6051877625239
1984,5.12414291091473,1.02111516947904,92.4535657473685,23.4057692688704,462.267828736843,195,24,0.460498056577973,76.0176420653337,23.9823579346663
1984,4.86975863952791,0.970184224958527,93.3856690965957,23.477026596408,466.928345482979,196,24,0.468958678470679,75.044378973707,24.955621026293
1984,4.87135604290457,0.970514107028787,94.2651651180377,23.5438090961896,471.325825590189,197,24,0.472080294309012,74.7054701539024,25.2945298460976
1984,4.86383634978132,0.969167469408906,95.1443183621516,23.610132951199,475.721591810758,198,24,0.470087340038431,74.3887633933733,25.6112366066267
1984,4.83812015427208,0.964225119652152,96.0223265784729,23.6759454822755,480.111632892365,199,24,0.466948055078181,74.0372245361338,25.9627754638661
1984,4.78779265799017,0.954296586969662,96.8957779664787,23.7410015931106,484.478889832394,200,24,0.466646552753539,73.6032377611138,26.3967622388862
1984,4.71732905030883,0.940196542850601,97.7591810596928,23.804908815532,488.795905298464,201,24,0.472080184575722,73.095246091156,26.904753908844
1984,4.63101836526175,0.922835296059037,98.607360214691,23.8673072880321,493.036801073455,202,24,0.481554254530546,72.5254112250578,27.4745887749422
1984,4.53328446208171,0.903185886870866,99.4363368225236,23.9279326382482,497.181684112618,203,24,0.491858523525777,71.9073789043734,28.0926210956266
1984,4.42837681464745,0.882179264535803,100.24365936354,23.986636722432,501.218296817702,204,24,0.499546369303258,71.2559453576782,28.7440546423218
1984,4.32023094062705,0.860676527104331,101.028415756019,24.0433849339867,505.142078780096,205,24,0.500939694957466,70.5867215085252,29.4132784914748
1984,4.21302336987114,0.839438968456198,101.79121679102,24.09825178726,508.956083955102,206,24,0.498647172191003,69.915703888229,30.084296111771
1984,4.1104926435848,0.819110346779286,102.532986895598,24.1513317822626,512.664934477989,207,24,0.497025475108836,69.2590016163808,30.7409983836192
1984,4.0151283320272,0.800209220065725,103.25452691153,24.2027079659394,516.27263455765,208,24,0.495108970007539,68.6323081168529,31.3676918831471
1984,3.92879820047371,0.783129435072383,103.957328765697,24.252509924422,519.786643828484,209,24,0.491906694785349,68.0500309660891,31.9499690339109
1984,3.85279269554301,0.768147014134118,104.643456121239,24.300904429713,523.217280606194,210,24,0.486527231121597,67.5246234000247,32.4753765999753
1984,3.78825165785206,0.75539180229247,105.315408952212,24.3480852844039,526.577044761059,211,24,0.483602101526089,67.0733512743411,32.9266487256589
1984,3.54845029941874,0.707564305060045,105.974988784906,24.3941937617385,529.874943924529,212,24,0.482099633575196,65.8832309081662,34.1167690918338
1985,3.40260666025245,0.681447477568029,54.5,19.9420239553624,272.5,141,24,0.206275902663818,90.7406159171506,9.25938408284935
1985,3.3971986795784,0.680355718785398,55.1392395661519,20.0126159386338,275.696197830759,142,24,0.20837206044152,90.6156218982712,9.38437810172884
1985,3.39105922457952,0.679136203839087,55.7769763796112,20.0824758550062,278.884881898056,143,24,0.210033568340182,90.4902836354816,9.5097163645184
1985,3.38432561539242,0.677794509913067,56.4131509657684,20.1516121535176,282.065754828842,144,24,0.211756272819888,90.3644168327926,9.63558316720742
1985,3.37707551866976,0.676336326318931,57.0476321404373,20.2200252897524,285.238160702186,145,24,0.213773709695435,90.2378422403541,9.76215775964587
1985,3.36929186118308,0.674761737517967,57.6802575414897,20.2877123522082,288.401287707448,146,24,0.216012326620291,90.1111405468285,9.8888594531715
1985,3.36105415672332,0.673089008733881,58.3108760986368,20.3546716784383,291.554380493184,147,24,0.21842520995693,89.9825938885017,10.0174061114983
1985,3.35236177629686,0.671319013752444,58.9393620230874,20.4209042723583,294.696810115437,148,24,0.220994534829767,89.852703545213,10.147296454787
1985,3.34323623236358,0.669458143993822,59.5655929611762,20.4864114251796,297.827964805881,149,24,0.223675162313277,89.7213646727787,10.2786353272213
1985,3.33366058756107,0.667513969323548,60.1894598854874,20.5511957254422,300.947299427437,150,24,0.226195609897987,89.5883860174585,10.4116139825415
1985,3.51981070826481,0.704762809673203,60.8109046735901,20.6152648704121,304.054523367951,151,24,0.229907950535015,89.7418483561686,10.2581516438314
1985,3.50885700218605,0.702527669930251,61.4688339574843,20.6826000745521,307.344169787421,152,24,0.232921187719721,89.6011047631895,10.3988952368105
1985,3.4977877276234,0.700231227457796,62.1239664384254,20.749151752561,310.619832192127,153,24,0.236910225404796,89.4582553730522,10.5417446269478
1985,3.48678624126864,0.697889425573106,62.7760836712653,20.8149131028846,313.880418356327,154,24,0.242468444214652,89.3141601870349,10.6858398129651
1985,3.47571935978946,0.695511859030093,63.4248852018235,20.8798692748671,317.124426009118,155,24,0.248753359834267,89.1683277873616,10.8316722126384
1985,3.46440823605114,0.693107090613602,64.0702124326018,20.9440198195479,320.351062163009,156,24,0.254607981936535,89.0198873878577,10.9801126121423
1985,3.45295452039942,0.690688046419538,64.7121023906515,21.0073834676464,323.560511953258,157,24,0.260197556584101,88.8686714201604,11.1313285798396
1985,3.44146430219997,0.688268293832435,65.3505793786484,21.0699771155512,326.752896893242,158,24,0.265715559761814,88.7145245647546,11.2854754352454
1985,3.43004375717241,0.685861974292835,65.9856502167612,21.1318154322086,329.928251083806,159,24,0.271360031694987,88.5573050880454,11.4426949119546
1985,3.41858966105879,0.683483715558235,66.6173033471834,21.1929108525052,333.086516735917,160,24,0.276072216215354,88.396885358169,11.603114641831
1985,3.40706582776829,0.68114848465598,67.2457183135664,21.2532937176114,336.228591567832,161,24,0.279111675880624,88.2331204357635,11.7668795642365
1985,3.39568275760767,0.678871464313748,67.8712155033523,21.3130069206092,339.356077516762,162,24,0.281234110848174,88.0658548350706,11.9341451649294
1985,3.3846501832748,0.676667959982178,68.4940062560466,21.3720818925696,342.470031280233,163,24,0.283238791643526,87.8949593512022,12.1050406487978
1985,3.37417449942115,0.674553256607581,69.1141839961173,21.4305381457454,345.570919980587,164,24,0.285941618527751,87.7203318016429,12.2796681983571
1985,3.36443690506543,0.672542467378819,69.7317202402087,21.4883832807628,348.658601201044,165,24,0.290046401123657,87.5418968307499,12.4581031692501
1985,3.35543737319984,0.670650374656159,70.3464819771847,21.5456149693802,351.732409885924,166,24,0.295139542885129,87.3596022567376,12.6403977432624
1985,3.34711180433088,0.668891230038553,70.9584189052807,21.6022385278101,354.792094526403,167,24,0.300371214506754,87.173388950849,12.826611049151
1985,3.34450025134853,0.668298864372467,71.5676378634911,21.6582735124992,357.838189317455,168,24,0.304838812682127,86.9564036074987,13.0435963925013
1985,3.35282092779913,0.669942548878229,72.1754342151604,21.713847330742,360.877171075802,169,24,0.307586770525377,86.6870194511742,13.3129805488258
1985,3.37255171969592,0.673914453675399,72.7843380585555,21.7691962993337,363.921690292778,170,24,0.308694676877731,86.3742848525785,13.6257151474215
1985,3.40425699974085,0.680293496168145,73.3969591123716,21.8245584244126,366.984795561858,171,24,0.30933604892795,86.0279894400266,13.9720105599734
1985,3.4481349279018,0.689098572648145,74.0157852210003,21.8801552830889,370.078926105001,172,24,0.310236638782609,85.6574430447612,14.3425569552388
1985,3.5039502970963,0.700262002716221,74.6431986605969,21.9361938793716,373.215993302984,173,24,0.312093786011753,85.2705458549733,14.7294541450267
1985,3.5710170185868,0.713623694227257,75.2813951432982,21.9928597825869,376.406975716491,174,24,0.315645068041864,84.873307614794,15.126692385206
1985,3.64811914158111,0.728941512543809,75.9322855892662,22.0503089667278,379.661427946331,175,24,0.320820139594034,84.4697871963088,15.5302128036912
1985,3.73365993424819,0.745911335962661,76.5975517360968,22.1086733948973,382.987758680484,176,24,0.327093689389122,84.0623168113268,15.9376831886732
1985,3.82593665853108,0.764190774510082,77.2786609723454,22.1680628741967,386.393304861727,177,24,0.334511415849465,83.6519023891274,16.3480976108726
1985,3.92317181053745,0.783422084331119,77.9767309306129,22.2285538862469,389.883654653065,178,24,0.343142053356066,83.2386943837801,16.7613056162199
1985,4.02360820387009,0.803251466049417,78.6925099257665,22.2901888160243,393.462549628832,179,24,0.353072969829623,82.8223966279748,17.1776033720252
1985,4.12533945685657,0.823343628701337,79.4263772912007,22.3529769682396,397.131886456003,180,24,0.362821685884799,82.4025858115469,17.5974141884531
1985,4.22659352061349,0.843391410615168,80.1786275094795,22.4169196562517,400.893137547398,181,24,0.370861916945909,81.9788828377379,18.0211171622621
1985,4.32600994703529,0.863121268696277,80.949505835478,22.4820134449927,404.74752917739,182,24,0.377281310194862,81.5510826455943,18.4489173544057
1985,4.42240811689057,0.882295499333921,81.7389678248385,22.5482301998093,408.694839124193,183,24,0.382187212850778,81.1192702269893,18.8807297730107
1985,4.51478744840434,0.900711779481461,82.5467113593607,22.6155205864248,412.733556796804,184,24,0.385712496029605,80.6838412276592,19.3161587723408
1985,4.60239200739612,0.918200948168699,83.3722075496051,22.6838173829634,416.861037748025,185,24,0.38848387575554,80.245493205057,19.754506794943
1985,4.68459412966813,0.934623724577388,84.214650895646,22.7530320823958,421.07325447823,186,24,0.390963795120082,79.8052158272629,20.1947841727371
1985,4.76080396824525,0.949866770319291,85.0730177982687,22.8230604766229,425.365088991343,187,24,0.39302240201978,79.3642528042069,20.6357471957931
1985,4.83054548674181,0.963838491759279,85.9461925842042,22.8937934823407,429.730962921021,188,24,0.394561572801091,78.9240482020424,21.0759517979576
1985,4.89342782103461,0.976464932523271,86.8329839233959,22.9651187344842,434.164919616979,189,24,0.395464381873292,78.4862150618416,21.5137849381584
1985,4.94956866176164,0.987689222803831,87.73214562519,23.0369224564094,438.66072812595,190,24,0.398139967858504,78.0544789892188,21.9455210107812
1985,4.99894229900731,0.997458870986809,88.6419731381771,23.1090577232489,443.209865690886,191,24,0.403984451843046,77.6300431283858,22.3699568716142
1985,5.04101417245158,1.00572871606717,89.5604774895087,23.1813593706418,447.802387447544,192,24,0.411168382245241,77.2140317511014,22.7859682488986
1985,5.0752671709779,1.01245929521913,90.4859286438359,23.253687038543,452.42964321918,193,24,0.417772789953529,76.8085822529735,23.1914177470265
1985,5.10117854974366,1.01761241272348,91.4168768951248,23.3259260048962,457.084384475624,194,24,0.421739994772845,76.4158514356581,23.5841485643419
1985,5.11857763417929,1.02114895395274,92.3521794787755,23.3979883570674,461.760897393877,195,24,0.423189243990336,76.0380085126532,23.9619914873468
1985,4.86285726634105,0.970203921202945,93.2906355942899,23.4697842427398,466.453177971449,196,24,0.420855051765841,75.0638310204941,24.9361689795059
1985,4.86426085791011,0.97052987674605,94.1783760626014,23.5372383315828,470.891880313007,197,24,0.422574560775976,74.7232360331009,25.2767639668991
1985,4.85755157450171,0.969179764097977,95.0660152371673,23.6042430864186,475.330076185836,198,24,0.426143560799459,74.4047821411837,25.5952178588163
1985,4.83327586951221,0.964234959455788,95.9515588614128,23.6706565509875,479.757794307064,199,24,0.432713038004162,74.0517188703005,25.9482811296995
1985,4.78438910281406,0.954305151568116,96.8308918052529,23.7361828508345,484.154459026264,200,24,0.441982995276481,73.6165948087706,26.3834051912294
1985,4.71473261686943,0.940204618371948,97.6985501657518,23.8004339201433,488.492750828759,201,24,0.452550733588318,73.1078314150839,26.8921685849161
1985,4.6287659907666,0.922843155555304,98.5501191111671,23.8631079965124,492.750595555836,202,24,0.46386047238794,72.5374216422561,27.4625783577439
1985,4.53126969048333,0.903193465055768,99.3821871378585,23.9239832985779,496.910935689293,203,24,0.475287517339466,71.9188814326106,28.0811185673894
1985,4.42683243732307,0.882186256623201,100.192424016332,23.98292098037,500.962120081658,204,24,0.486208626816695,71.2669695909898,28.7330304090102
1985,4.31959680403319,0.860682524208667,100.979542122503,24.0398597159501,504.897710612515,205,24,0.495025658885271,70.5973683466926,29.4026316533074
1985,4.21330742213127,0.839443525014774,101.743402149011,24.0948210038186,508.717010745054,206,24,0.500774003025621,69.9262336189691,30.073766381031
1985,4.11125570200995,0.819112846316774,102.484806752773,24.1478922233827,512.424033763867,207,24,0.503662109947746,69.2697010579426,30.7302989420574
1985,4.0161025598289,0.800208783788022,103.2051752408,24.1992019399607,516.025876203998,208,24,0.503992159511375,68.6433231744509,31.3566768255491
1985,3.92986999824627,0.783124996266232,103.906398678989,24.2489088158508,519.531993394946,209,24,0.502047708620458,68.0614097562818,31.9385902437182
1985,3.85415363910268,0.768137388902965,104.590715790486,24.2971923647779,522.953578952428,210,24,0.499796713043706,67.5363645134415,32.4636354865586
1985,3.78976865874792,0.755375691315833,105.260290759723,24.3442230987378,526.301453798613,211,24,0.498863999394809,67.0855170377615,32.9144829622385
1985,3.54953630742107,0.707535784980956,105.91712575676,24.3901568155464,529.585628783798,212,24,0.494514969196317,65.8959784830893,34.1040215169108
1986,3.40243715102425,0.681447477568029,54.5,19.9420239553624,272.5,141,24,0.205513456858779,90.7406159171506,9.25938408284936
1986,3.39776464282274,0.680355723402793,55.1393581534672,20.0126289813204,275.696790767336,142,24,0.210968801288302,90.615604371925,9.38439562807495
1986,3.39234631892747,0.679136196753711,55.7766888110384,20.082444479514,278.883444055192,143,24,0.216043029119653,90.4903261968621,9.50967380313784
1986,3.3860899970628,0.677794496230607,56.4119189248534,20.1514787878836,282.059594624267,144,24,0.220119958490995,90.3645994413507,9.63540055864933
1986,3.37904631577266,0.676336330769156,57.0450802430019,20.219751195381,285.225401215009,145,24,0.223243193965533,90.2382210236781,9.76177897632192
1986,3.37127921935686,0.674761793311148,57.6762059159936,20.2872805032517,288.381029579968,146,24,0.2256804531214,90.1117427949912,9.88825720500879
1986,3.36281424974136,0.673089151107407,58.3052883351968,20.354080589121,291.526441675984,147,24,0.227075154344757,89.9834257739568,10.0165742260432
1986,3.35359410775765,0.671319269599947,58.9323963122627,20.4201728993514,294.661981561313,148,24,0.227089531079722,89.8537422911408,10.1462577088592
1986,3.34358506820927,0.669458521492627,59.5576547474928,20.4855840558136,297.788273737464,149,24,0.22538390872411,89.7225505183281,10.2774494816719
1986,3.33332615724855,0.667514445576321,60.1812497258472,20.5503462028041,300.906248629236,150,24,0.224478809875759,89.5896147816565,10.4103852183436
1986,3.51925108858552,0.704763525691003,60.8029710272803,20.6144498169505,304.014855136401,151,24,0.227165532336165,89.7430070303881,10.2569929696119
1986,3.50813767525919,0.702528430858026,61.4613369109405,20.6818356319424,307.306684554702,152,24,0.22935704170969,89.602202123832,10.397797876168
1986,3.49648594448708,0.700232006318831,62.1170383956425,20.748450531954,310.585191978213,153,24,0.230403970796996,89.4592718702429,10.5407281297571
1986,3.48401631806512,0.697890149997226,62.7701965616928,20.8143215647376,313.850982808464,154,24,0.228522321784927,89.3150261044985,10.6849738955015
1986,3.47112285111535,0.695512346311647,63.4212333669329,20.8795049624335,317.106166834664,155,24,0.225423189771186,89.1688663323678,10.8311336676322
1986,3.45842776728156,0.693107076982401,64.0703073527362,20.94402922215,320.351536763681,156,24,0.223917222957647,89.0198733504353,10.9801266495647
1986,3.44599264450191,0.690687272772253,64.7171393682058,21.0078789529179,323.585696841029,157,24,0.223974517123409,88.8679242807391,11.1320757192609
1986,3.43388086028882,0.688266514390793,65.3614685542266,21.0710409412215,326.807342771133,158,24,0.225591402957957,88.7129041888628,11.2870958111372
1986,3.42216138843058,0.685858963122573,66.0030474565525,21.1335035930402,330.015237282762,159,24,0.228810267649315,88.5547074529078,11.4452925470922
1986,3.41100943545191,0.683479272472862,66.6416339339571,21.1952560905886,333.208169669786,160,24,0.234236825325997,88.3932393638508,11.6067606361492
1986,3.40044835833096,0.681142497460686,67.2768997396641,21.2562796053554,336.384498698321,161,24,0.241774776735195,88.2284299964799,11.7715700035202
1986,3.39032521196995,0.6788639514026,67.9085405551729,21.3165580162216,339.542702775865,162,24,0.250376092567029,88.0602176813587,11.9397823186413
1986,3.38048993518931,0.676659032531006,68.5364310761569,21.3760924672764,342.682155380785,163,24,0.258847570456249,87.888524955381,12.111475044619
1986,3.37079495343318,0.67454305864065,69.1606546227364,21.4349035930169,345.803273113682,164,24,0.265832177682646,87.7132526854819,12.2867473145181
1986,3.36095337644511,0.672531092434036,69.781536401134,21.4930340156996,348.90768200567,165,24,0.269013400937697,87.5342731364881,12.4657268635119
1986,3.35110297286457,0.670637731733243,70.3998075341465,21.5505628963363,351.999037670733,166,24,0.268605239739646,87.3514024384242,12.6485975615758
1986,3.34172578113278,0.668877037579475,71.0161838855889,21.6075660142259,355.080919427944,167,24,0.267034101064727,87.164462422778,12.835537577222
1986,3.33839435705217,0.668282570735858,71.6309924316201,21.6640816543595,358.154962158101,168,24,0.266744343772864,86.9465435156808,13.0534564843192
1986,3.34685334927336,0.669923458112045,72.2451857768976,21.7202041690308,361.225928884488,169,24,0.270167834132389,86.6760473200286,13.3239526799714
1986,3.36747163242838,0.673892106273128,72.8603790635026,21.7760856821045,364.301895317513,170,24,0.276838859030055,86.3621633370001,13.6378366629999
1986,3.40028046424955,0.680267735668497,73.4783543217484,21.8318897842886,367.391771608742,171,24,0.284608622430403,86.014818800014,13.985181199986
1986,3.4453844213497,0.689069453557596,74.1013295576187,21.8878152789102,370.506647788093,172,24,0.293531746501999,85.6433805857204,14.3566194142796
1986,3.50245508542217,0.70022978658395,74.7315327227312,21.9440572052627,373.657663613656,173,24,0.303654481648309,85.2557910228642,14.7442089771358
1986,3.57070356798979,0.713588820763561,75.3711167838767,22.0007993533008,376.855583919383,174,24,0.315032102273209,84.8580843567814,15.1419156432186
1986,3.6485197507775,0.728904545983183,76.0220658189949,22.0582062208949,380.110329094975,175,24,0.324988080873392,84.4543227538932,15.5456772461068
1986,3.73408092223567,0.745872751018462,76.6865771274128,22.1164568410681,383.432885637064,176,24,0.331436283010067,84.0467614280882,15.9532385719118
1986,3.82583910801454,0.764150775352325,77.3669006220878,22.1757302236534,386.834503110439,177,24,0.335488411677719,83.6362749346334,16.3637250653666
1986,3.92218179863413,0.783380619507241,78.0647542001832,22.2361546804383,390.323771000916,178,24,0.338384313550858,83.2229064508305,16.7770935491695
1986,4.02153206401482,0.803208284320575,78.7812852069124,22.2978058835375,393.906426034562,179,24,0.341418539787657,82.8062833389282,17.1937166610718
1986,4.1221358474432,0.823298366324233,79.5170666117628,22.3607080469594,397.585333058814,180,24,0.344123590294869,82.3859404156005,17.6140595843995
1986,4.22234582466985,0.84334368510751,80.2724139960665,22.4248623294549,401.362069980333,181,24,0.345851488201166,81.9614878164793,18.0385121835207
1986,4.32096387599512,0.863070774763405,81.0474429928207,22.4902523887247,405.237214964104,182,24,0.347682404548653,81.5327385973504,18.4672614026496
1986,4.4169878653904,0.882242116990262,81.8418134953206,22.556823600311,409.209067476603,183,24,0.350715442229834,81.0998289952228,18.9001710047772
1986,4.50960750028989,0.900655676440029,82.6547650708927,22.6244873259321,413.273825354464,184,24,0.356086225110354,80.6632396299201,19.3367603700799
1986,4.59804386481931,0.918142668807812,83.4851480299168,22.6931247238457,417.425740149584,185,24,0.364153398256154,80.2237876874628,19.7762123125372
1986,4.68140333360983,0.934564148916477,84.3315851028926,22.7626011413445,421.657925514463,186,24,0.37377743813662,79.7825768506743,20.2174231493257
1986,4.75894136383346,0.949806944407871,85.1927481365464,22.8327892800543,425.963740682732,187,24,0.383946771737739,79.3409157078276,20.6590842921723
1986,4.83000469590693,0.963779515634499,86.0673623189201,22.9035694123218,430.336811594601,188,24,0.39351570632981,78.9002856725698,21.0997143274302
1986,4.89402059559,0.976407837644234,86.9542512587519,22.9748328355587,434.77125629376,189,24,0.401249709993841,78.4623027417374,21.5376972582626
1986,4.95050428595874,0.987634828749708,87.8523708560255,23.0464842662454,439.261854280128,190,24,0.405904314549165,78.0306584053518,21.9693415946482
1986,4.99927163282483,0.99740754899595,88.7608288771141,23.1184429812172,443.804144385571,191,24,0.407976502030824,77.6063970473778,22.3936029526222
1986,5.04031371615576,1.00568038804024,89.6785967885776,23.1906197743034,448.392983942888,192,24,0.408822506343141,77.190451374504,22.8095486254961
1986,5.0736599647874,1.01241371138948,90.6043729541161,23.2629066587797,453.021864770581,193,24,0.409820093595818,76.7848718117615,23.2151281882385
1986,5.09934990981049,1.01756939568555,91.5365860090359,23.3351778362341,457.682930045179,194,24,0.412338709401602,76.391838278083,23.608161721917
1986,5.11745363306618,1.02110857951627,92.4733985589563,23.4072906468877,462.366992794782,195,24,0.417982573181796,76.0136591716044,23.9863408283956
1986,4.86297015515296,0.970178654498227,93.4126663527213,23.4790830778561,467.063331763606,196,24,0.422846479435766,75.0388546182267,24.9611453817733
1986,4.86552229225316,0.970507805109087,94.3000259782409,23.5464472110032,471.500129891205,197,24,0.432008208797041,74.6983361562615,25.3016638437384
1986,4.8595474501415,0.969160959248944,95.1860253498115,23.6132687206563,475.930126749058,198,24,0.440491418118734,74.3802337166141,25.6197662833859
1986,4.83514470756921,0.964218659610806,96.0690930434092,23.6794391533417,480.345465217046,199,24,0.446379366143201,74.0276487566601,25.9723512433399
1986,4.7855058755575,0.954289995444951,96.9460608200981,23.7447342806515,484.730304100491,200,24,0.450712406919261,73.5928897440332,26.4071102559668
1986,4.71494403702333,0.940189530799785,97.8121908471026,23.8088196464586,489.060954235513,201,24,0.455035586688619,73.0842457331152,26.9157542668849
1986,4.62786074207031,0.922827667716961,98.6632991248532,23.8714094076068,493.316495624266,202,24,0.458129593152374,72.5136772620888,27.4863227379112
1986,4.52898017538395,0.903177550044379,99.4963260658556,23.9323061290851,497.481630329278,203,24,0.458709363010298,71.8946394781315,28.1053605218685
1986,4.4228421527102,0.882170359399067,100.30941414832,23.9914035189918,501.547070741602,204,24,0.455584146909183,71.2418010683506,28.7581989316494
1986,4.31421356401116,0.860667599227166,101.101852139565,24.0486796104666,505.509260697825,205,24,0.452035275493683,70.570728696454,29.429271303546
1986,4.20732330254076,0.839431256130257,101.873226044769,24.1041334789759,509.366130223844,206,24,0.451304200498835,69.8976497982733,30.1023502017267
1986,4.10522028154994,0.819105786250288,102.623319474542,24.1577775500239,513.116597372708,207,24,0.452115918566114,69.2389486004293,30.7610513995707
1986,4.01033979271927,0.800210239994949,103.352780934004,24.2096846217327,516.763904670021,208,24,0.453211296772602,68.6103870938662,31.3896129061338
1986,3.92450628126627,0.783138822981302,104.062997869931,24.2599775389077,520.314989349655,209,24,0.453329679003524,68.026432911104,31.973567088896
1986,3.84916000353118,0.768167754763248,104.755974750349,24.3088195621964,523.779873751747,210,24,0.452928828279321,67.4995867626265,32.5004132373735
1986,3.78517842293394,0.755426672803454,105.433912487412,24.3563841750135,527.16956243706,211,24,0.454024751369897,67.047209379646,32.952790620354
1986,3.5458107879973,0.70762556492468,106.098784199098,24.4028254747645,530.493920995488,212,24,0.453539990500575,65.8559751350582,34.1440248649418
1987,3.40303647875697,0.681447477568029,54.5,19.9420239553624,272.5,141,24,0.208221913135461,90.7406159171506,9.25938408284935
1987,3.398308014845,0.680355706977213,55.1389363277585,20.0125825872262,275.694681638792,142,24,0.213491195159251,90.6156667147337,9.38433328526631
1987,3.39288066494068,0.679136176600878,55.7758711822674,20.0823552705923,278.879355911337,143,24,0.218586395237591,90.4904472095981,9.50955279040186
1987,3.38659015022546,0.677794482664998,56.4106994947453,20.1513467853417,282.053497473727,144,24,0.222547910701344,90.3647801813649,9.63521981863507
1987,3.37924413642149,0.676336333518704,57.0434752573198,20.2195788025933,285.217376286599,145,24,0.224212348941257,90.2384592562737,9.76154074372627
1987,3.37097260016553,0.674761817464827,57.6744466693399,20.2870929845617,288.372233346699,146,24,0.224152966030313,90.1120042977447,9.88799570225534
1987,3.36219108704991,0.673089189638187,58.3037732689478,20.3539203143523,291.518866344739,147,24,0.223961403573504,89.9836513335197,10.0163486664803
1987,3.35322746135743,0.671319306899784,58.9313793698339,20.4200661192441,294.65689684917,148,24,0.225246660303814,89.853893942004,10.146106057996
1987,3.34442757879129,0.669458555774356,59.556933054332,20.4855088327102,297.78466527166,149,24,0.229643229796297,89.7226583293021,10.2773416706979
1987,3.33575180416863,0.667514527001808,60.1798446738742,20.5502008110007,300.899223369371,150,24,0.236950322437338,89.5898250698796,10.4101749301204
1987,3.52316614733011,0.704763833594858,60.7995568089171,20.6140990385851,303.997784044586,151,24,0.246731453247199,89.7435056694312,10.2564943305688
1987,3.51330521302219,0.702529094570967,61.4547925373766,20.6811682762995,307.273962686883,152,24,0.25585920483258,89.6031600572121,10.3968399427879
1987,3.50304523648566,0.700233220707758,62.1062271318552,20.7473561629214,310.531135659276,153,24,0.264811083641144,89.4608581592258,10.5391418407742
1987,3.49234200550153,0.697892163842333,62.7538157944222,20.8126754179036,313.769078972111,154,24,0.272819059429427,89.317435574443,10.682564425557
1987,3.48080056301002,0.695515488945869,63.3976584864671,20.8771527456762,316.988292432335,155,24,0.277131083651406,89.172343104372,10.827656895628
1987,3.46841567638813,0.693111665048227,64.0383265825639,20.9408607202994,320.191632912819,156,24,0.277247581185885,89.0246030831101,10.9753969168899
1987,3.45570619155169,0.690693510069796,64.6764903174894,21.0038795565692,323.382451587447,157,24,0.275812806096872,88.8739540818802,11.1260459181198
1987,3.44318614903036,0.688274526270377,65.3123948346842,21.0662456731552,326.561974173421,158,24,0.275483880745591,88.7202070381511,11.2797929618489
1987,3.43136556256786,0.685868853440807,65.9458566536539,21.1279528522015,329.729283268269,159,24,0.278915532480697,88.5632472524919,11.4367527475081
1987,3.42041279973011,0.683491200722644,66.5762633464562,21.1889536320787,332.881316732281,160,24,0.286880242382741,88.4030358510422,11.5969641489578
1987,3.41000654071064,0.681156699610804,67.2028816613248,21.2491901686153,336.014408306624,161,24,0.297220940055286,88.2395647646739,11.7604352353261
1987,3.39992443559639,0.678880685860559,67.825345497372,21.308640995641,339.12672748686,162,24,0.308169622186603,88.0727833278564,11.9272166721436
1987,3.38995281332916,0.676678554647221,68.4435978831023,21.367314351803,342.217989415512,163,24,0.317727508495894,87.9026055787863,12.0973944212137
1987,3.37987869670758,0.674565585183088,69.0579388654091,21.4252517449538,345.289694327045,164,24,0.323649588240167,87.7289011685058,12.2710988314942
1987,3.36956116336605,0.672556755777953,69.6690748912259,21.4825315509124,348.34537445613,165,24,0.324136509379393,87.5514854018405,12.4485145981595
1987,3.35929966052528,0.670666583582644,70.278044082303,21.5392609796476,351.390220411515,166,24,0.320730685851269,87.3701277317903,12.6298722682097
1987,3.34954354175799,0.668909095074555,70.885635951332,21.5955216744976,354.42817975666,167,24,0.316185257434611,87.1846383685261,12.8153616314739
1987,3.3458430688171,0.668318254655462,71.4921792388998,21.6513510320966,357.460896194499,168,24,0.313152133588171,86.9681498926338,13.0318501073662
1987,3.35392262353646,0.669963569080223,72.0985823448783,21.7068384431618,360.492911724392,169,24,0.314205505068605,86.6991111304393,13.3008888695607
1987,3.37439532652773,0.673937353029529,72.7063836886089,21.7621283545472,363.531918443045,170,24,0.320437609400434,86.3867142894208,13.6132857105792
1987,3.40742667730426,0.680318788051488,73.3170258376139,21.8173532257883,366.585129188069,171,24,0.330347676418784,86.0409267739416,13.9590732260584
1987,3.45291386897221,0.689126995540022,73.9322845827291,21.8726723352291,369.661422913646,172,24,0.342611058856024,85.6711732450511,14.3288267549489
1987,3.51031461303655,0.700294474749024,74.5541800442942,21.9282630517545,372.770900221471,173,24,0.355735051701939,85.2854193380783,14.7145806619217
1987,3.57861084991392,0.713661206670972,75.1849223794116,21.9843154356787,375.924611897058,174,24,0.367999320860724,84.8896814461813,15.1103185538187
1987,3.65630929624137,0.728984946136927,75.8268621451981,22.0410273911227,379.134310725991,175,24,0.37712695066909,84.4879522119158,15.5120477880842
1987,3.74181877040677,0.745961238033279,76.4825065615725,22.0986057078246,382.412532807863,176,24,0.382557580377434,84.0824258003216,15.9175741996784
1987,3.83351653806399,0.764247268593093,77.154156610395,22.1572340134083,385.770783051975,177,24,0.385105567514708,83.6739607940434,16.3260392059566
1987,3.92970705749577,0.783484860328799,77.8436257755609,22.217048912334,389.218128877805,178,24,0.385667484571874,83.2625778727869,16.7374221272131
1987,4.02872498812366,0.803319805335367,78.5522090373092,22.2781385439468,392.761045186546,179,24,0.385184042016974,82.847872999326,17.152127000674
1987,4.12913424671872,0.823416460489483,79.2806800848915,22.3405436879926,396.403400424458,180,24,0.385463809134161,82.4293395056989,17.5706604943011
1987,4.22950307947075,0.843467605169429,80.0291635973981,22.4042483304687,400.14581798699,181,24,0.38720122396912,82.0066176300809,17.9933823699191
1987,4.32838462581484,0.863199869242294,80.7973589408496,22.4692003271346,403.986794704248,182,24,0.389802334307981,81.5795944101025,18.4204055898975
1987,4.42450086285598,0.882375702364866,81.5847948274931,22.5353339523201,407.923974137466,183,24,0.392649994184257,81.1484289867675,18.8515710132325
1987,4.51674133903133,0.900792896932823,82.390867720799,22.6025736237665,411.954338603995,184,24,0.395102270028506,80.7135704118037,19.2864295881963
1987,4.60447461202806,0.918282355299179,83.2148803057327,22.670837504011,416.074401528664,185,24,0.398568978535623,80.2757460715336,19.7242539284664
1987,4.68721125827898,0.934704938804777,84.0557269387101,22.7400120257032,420.27863469355,186,24,0.404355842017689,79.8360019795783,20.1639980204217
1987,4.76424720787589,0.949947523512227,84.911942876799,22.8099571129159,424.559714383995,187,24,0.411561894456038,79.3956672613808,20.6043327386192
1987,4.83498213002352,0.963918650931494,85.7821026940378,22.8805394456123,428.910513470189,188,24,0.419286020844933,78.9562475505678,21.0437524494322
1987,4.89888815900545,0.97654441626056,86.664841058677,22.9516340199104,433.324205293385,189,24,0.426524004170832,78.5193915546457,21.4806084453543
1987,4.95568788986164,0.987767958063668,87.5588878459912,23.0231267600179,437.794439229956,190,24,0.433326001928554,78.0888293172461,21.9111706827539
1987,5.00519071774891,0.997536569786852,88.4629073540822,23.0949014979494,442.314536770411,191,24,0.440181188061733,77.6656915601528,22.3343084398472
1987,5.04710711501061,1.00580483880556,89.3754278643192,23.1668345850183,446.877139321596,192,24,0.446693017892426,77.2509988183055,22.7490011816945
1987,5.08117656915597,1.01253321947146,90.2949990078398,23.2388074888073,451.474995039199,193,24,0.45244760180803,76.8468298893362,23.1531701106638
1987,5.10714519610298,1.01768356616447,91.2202010412678,23.3107073769915,456.101005206339,194,24,0.457015795764882,76.4553324663651,23.5446675336349
1987,5.12465839197147,1.02121692454191,92.1496492273926,23.3824272847361,460.748246136963,195,24,0.459310742039808,76.0787213380145,23.9212786619855
1987,4.86847595357569,0.970247618569144,93.0821052385863,23.4538744330866,465.410526192931,196,24,0.45639031234445,75.1065452730404,24.8934547269596
1987,4.86980464523089,0.970569346027019,93.9638710917388,23.5209801209247,469.819355458694,197,24,0.457849447520423,74.7671773868613,25.2328226131387
1987,4.86317433433336,0.969214882360391,94.8455734164574,23.5876435446407,474.227867082287,198,24,0.462469185123545,74.4499112233428,25.5500887766572
1987,4.83928607939362,0.964266984580461,95.7249865455216,23.6537050219474,478.624932727608,199,24,0.472715648731025,74.098157823965,25.901842176035
1987,4.7908241054633,0.954336501150265,96.5975318430139,23.7188338512999,482.987659215069,200,24,0.486516079515703,73.6646675212106,26.3353324787894
1987,4.7213767352065,0.940237297569632,97.4575822488479,23.7826299980836,487.287911244239,201,24,0.500459346603102,73.1578864005344,26.8421135994656
1987,4.63557355106837,0.922878005082785,98.3009108669713,23.8448058759758,491.504554334856,202,24,0.51519760150951,72.5897498478373,27.4102501521627
1987,4.53836375032253,0.903230276121328,99.1240865365663,23.90513841461,495.620432682832,203,24,0.531508137628226,71.9737491903646,28.0262508096354
1987,4.4344781268243,0.882223579505137,99.9245127225877,23.9634696464103,499.622563612938,204,24,0.550237960442018,71.3246609365654,28.6753390634346
1987,4.32781925175862,0.860717629749819,100.700369878156,24.0197004043226,503.50184939078,205,24,0.567682549529255,70.6582341926347,29.3417658073653
1987,4.2218240064831,0.839472315243622,101.451360084926,24.0738420501192,507.256800424629,206,24,0.579591371938467,69.9906027762901,30.0093972237099
1987,4.1198324893216,0.819129817269272,102.178723041442,24.1260146796172,510.893615207211,207,24,0.58630531178143,69.33773674536,30.66226325464
1987,4.0245470096189,0.800207188340556,102.884298328547,24.1763777579926,514.421491642735,208,24,0.588348305129058,68.7150135734485,31.2849864265515
1987,3.93803412611306,0.783097112151907,103.570361192458,24.2251177569519,517.851805962289,209,24,0.586380323942637,68.1365699038433,31.8634300961567
1987,3.86175849263612,0.768074857637896,104.239468143369,24.2724368835481,521.197340716846,210,24,0.581140514927713,67.6146543176886,32.3853456823114
1987,3.79652657215751,0.755270459937759,104.894320701619,24.3185434023532,524.471603508095,211,24,0.574305029073504,67.1664021959558,32.8335978040442
1987,3.55488867526735,0.707350439066158,105.537446327657,24.3636294073278,527.687231638283,212,24,0.562812403450118,65.97975067374,34.02024932626
1988,3.40710438413264,0.681447477568029,54.5,19.9420239553624,272.5,141,24,0.227573138039927,90.7406159171506,9.25938408284935
1988,3.40177051868474,0.680355587862235,55.1358796638527,20.0122463955999,275.679398319263,142,24,0.23028744095821,90.6161184697514,9.38388153024865
1988,3.39552021605089,0.67913603522629,55.770147779443,20.0817307824624,278.850738897215,143,24,0.231591755165011,90.4912943062352,9.50870569376484
1988,3.38850240656763,0.677794395386326,56.4029029489394,20.150502767154,282.014514744697,144,24,0.23207109977469,90.3659357740644,9.63406422593562
1988,3.38086494283937,0.67633634872939,57.0341565520368,20.2185778062505,285.170782760184,145,24,0.232325485619497,90.2398424781978,9.76015752180219
1988,3.37283144786772,0.674761962305773,57.6638295322084,20.2859612157215,288.319147661042,146,24,0.233499239373864,90.1135825051677,9.88641749483232
1988,3.36453999956353,0.673089496622125,58.2916586878535,20.3526386411058,291.458293439268,147,24,0.235857537970956,89.9854549570508,10.0145450429492
1988,3.35584666745638,0.671319819924933,58.9173553939441,20.4185934548955,294.58677696972,148,24,0.238658682779183,89.8559853000532,10.1440146999468
1988,3.34663748832067,0.669459322801855,59.540750575706,20.4838219431142,297.70375287853,149,24,0.241138168274857,89.7250758224695,10.2749241775305
1988,3.33680297732362,0.667515570383971,60.161805263086,20.5483339207478,300.80902631543,150,24,0.242485391395845,89.5925250232636,10.4074749767364
1988,3.52265675240457,0.704765538769941,60.7806207054086,20.6121532853282,303.903103527043,151,24,0.243986580171854,89.7462713267299,10.2537286732701
1988,3.51113321075181,0.702530967039384,61.4363036249868,20.679282621138,307.181518124934,152,24,0.244243211256806,89.6058664632028,10.3941335367972
1988,3.49949976518527,0.700235082880809,62.0896271160793,20.7456755696035,310.448135580397,153,24,0.245483609036503,89.4632938948092,10.5367061051908
1988,3.48803146429966,0.697893814547703,62.7403722723839,20.811324218885,313.701861361919,154,24,0.248766207767129,89.3194130795156,10.6805869204844
1988,3.47696730126761,0.695516753163509,63.3881635059077,20.8762051984629,316.940817529539,155,24,0.255236044896556,89.1737434654647,10.8262565345353
1988,3.46629148406675,0.693112507975156,64.0324440164112,20.9402777836819,320.162220082056,156,24,0.264839291251817,89.0254731179505,10.9745268820495
1988,3.45571641385733,0.690694096374872,64.6726646092977,21.0035030609494,323.363323046489,157,24,0.275843149730794,88.8745216141767,11.1254783858233
1988,3.44506098304232,0.688275150710745,65.3085651284927,21.065871345488,326.542825642464,158,24,0.286851908860403,88.720776992556,11.279223007444
1988,3.43415188075525,0.685869842730442,65.9401283362476,21.127396696766,329.700641681238,159,24,0.296251761061451,88.5641026855057,11.4358973144943
1988,3.42281892112211,0.683492774741708,66.567625090292,21.1881204846254,332.83812545146,160,24,0.302232492966415,88.4043305189867,11.5956694810133
1988,3.41096576457625,0.681158850783805,67.1916542478094,21.2481143339046,335.958271239047,161,24,0.3034057988449,88.2412539390868,11.7587460609132
1988,3.39884891890165,0.678883150948927,67.8130730501252,21.3074725504149,339.065365250626,162,24,0.300861732926407,88.0746371857935,11.9253628142065
1988,3.38683343861751,0.676680870174732,68.4325720170815,21.3662712174174,342.162860085407,163,24,0.296540727611951,87.9042781893138,12.0957218106862
1988,3.37527775131607,0.674567208728951,69.0505265809264,21.424554850985,345.252632904632,164,24,0.292322880877846,87.7300305875668,12.2699694124332
1988,3.36453920863018,0.672557226937887,69.6670078296404,21.4823384032835,348.335039148202,165,24,0.290014001943146,87.5518018180085,12.4481981819915
1988,3.35500778866249,0.67066569519654,70.2817971518028,21.539609538179,351.408985759014,166,24,0.291627091737915,87.3695504708529,12.6304495291471
1988,3.34673469363476,0.668906956847409,70.8943513263223,21.5963262355232,354.471756631611,167,24,0.297124884057681,87.183291184604,12.816708815396
1988,3.34465879071217,0.668315181096676,71.5041448244999,21.6524490796662,357.520724122499,168,24,0.305144579528798,86.9662870929631,13.0337129070369
1988,3.35390670727323,0.669959924135357,72.1119124503899,21.7080545213976,360.559562251949,169,24,0.314268268376084,86.697013606228,13.302986393772
1988,3.37471579510927,0.673933442683784,72.7196979010393,21.7633358976807,363.598489505197,170,24,0.322900963524381,86.3845911953042,13.6154088046958
1988,3.40740767883877,0.680314711330669,73.3299113092782,21.8185150943675,366.649556546391,171,24,0.330404434978213,86.0388410209981,13.9611589790019
1988,3.45211130538806,0.689122614690399,73.9451547378932,21.8738260839141,369.725773689466,172,24,0.336928920922033,85.6690567377227,14.3309432622773
1988,3.50842600422361,0.700289423664499,74.5680259424515,21.9294970408504,372.840129712257,173,24,0.341970641487349,85.2831056421006,14.7168943578994
1988,3.57548009293799,0.71365489827944,75.2011432450947,21.9857526105994,376.005716225474,174,24,0.345021297447691,84.8869279917565,15.1130720082435
1988,3.65198195723442,0.728976625820878,75.8470522287051,22.0428056403611,379.235261143525,175,24,0.34559803478742,84.4844728467176,15.5155271532824
1988,3.73635181018576,0.745950116835798,76.5081366547258,22.1008495292705,382.540683273629,176,24,0.343489818118381,84.0779451615462,15.9220548384538
1988,3.82708026716221,0.764232583489422,77.1865064588768,22.1600488363399,385.932532294384,177,24,0.340329176874323,83.668228436191,16.331771563809
1988,3.92269084404329,0.783465977638328,77.8836431139794,22.2205092604237,389.418215569897,178,24,0.338278797183804,83.2553962131989,16.7446037868011
1988,4.02175901036474,0.803296367527952,78.6003001800419,22.2822707219409,393.00150090021,179,24,0.339439505869244,82.8391389283167,17.1608610716833
1988,4.12299422980933,0.823388527143968,79.3365260712765,22.3453112661126,396.682630356383,180,24,0.346032834735772,82.4190830230437,17.5809169769563
1988,4.22498887229093,0.843435721617738,80.0916667199812,22.4095492560783,400.458333599906,181,24,0.358782505963587,81.9950174916184,18.0049825083815
1988,4.32597791756996,0.86316508669237,80.8646417281415,22.4748686489174,404.323208640707,182,24,0.375331021421113,81.5669837632558,18.4330162367442
1988,4.42437817534496,0.882339419770458,81.654489139108,22.5411658369154,408.27244569554,183,24,0.393312430726852,81.1352454676767,18.8647545323233
1988,4.51874267025705,0.900756673838015,82.4604034899403,22.6083525273618,412.302017449701,184,24,0.409894823614857,80.7003032422482,19.2996967577518
1988,4.60774700079793,0.918247667602557,83.2818562410074,22.676365269954,416.409281205037,185,24,0.421744628163061,80.262864693891,19.737135306109
1988,4.69027331695747,0.93467271356264,84.1187206141364,22.7451749172385,420.593603070682,186,24,0.425915944501034,79.82379663004,20.17620336996
1988,4.76590818741959,0.94991776202993,84.9712353548487,22.8147825393564,424.856176774244,187,24,0.423642730446501,79.3841009435374,20.6158990564626
1988,4.83458332808948,0.96389066665239,85.8393096292628,22.8851622275759,429.196548146314,188,24,0.417839849722914,78.945019253522,21.054980746478
1988,4.8963538635343,0.976517233707371,86.7222558736637,22.9562406194105,433.611279368319,189,24,0.411432671205584,78.5080602244721,21.4919397755279
1988,4.95138548404673,0.987740679543985,87.6188123861136,23.027900417852,438.094061930568,190,24,0.407181617485672,78.0769456218409,21.9230543781591
1988,4.99993000095927,0.997508620804216,88.5271984432239,23.0999863906046,442.63599221612,191,24,0.408034979725602,77.6528892050549,22.3471107949451
1988,5.04180499208076,1.00577612186136,89.4450939679534,23.1723052259608,447.225469839767,192,24,0.414118886781318,77.2370781106412,22.7629218893588
1988,5.07654754706818,1.01250406976192,90.3701171383795,23.2446642174983,451.850585691898,193,24,0.423872096371297,76.8317780174499,23.1682219825501
1988,5.10368462876514,1.0176545864103,91.3001057760621,23.3168931001059,456.50052888031,194,24,0.435688404304162,76.439287960178,23.5607120398219
1988,5.12273182029024,1.02118883180298,92.2331243164239,23.3888438380574,461.165621582119,195,24,0.447835489057766,76.0619364754679,23.9380635245321
1988,4.86818066504786,0.970229647479245,93.1674867589966,23.4603916108671,465.837433794983,196,24,0.455289844350871,75.0890510290532,24.9109489709468
1988,4.87070344022461,0.97055352246285,94.0494100975414,23.5274665705042,470.247050487707,197,24,0.465109120508329,74.7496492880967,25.2503507119033
1988,4.8645946481357,0.969201370366927,94.9298365225909,23.5939918323636,474.649182612954,198,24,0.473497912627796,74.4326551226552,25.5673448773448
1988,4.84018909989213,0.964255254485536,95.8073241301592,23.6598685291859,479.036620650796,199,24,0.480118131617163,74.0812757699369,25.9187242300632
1988,4.79047868156678,0.954325517950609,96.6785656124747,23.7248615631898,483.392828062374,200,24,0.484642995349974,73.6479682072732,26.3520317927268
1988,4.71961616853288,0.940226162745163,97.5389175163221,23.7886428836488,487.69458758161,201,24,0.487457721550998,73.1409845150873,26.8590154849127
1988,4.63227696457885,0.922866202679122,98.3844901195287,23.8509476262729,491.922450597644,202,24,0.489316320227705,72.5721929951597,27.4278070048403
1988,4.53336437049256,0.903217583918512,99.2121781999316,23.9115741544747,496.060890999658,203,24,0.490330826250896,71.9550146471609,28.0449853528391
1988,4.42756844625512,0.882210153608351,100.019835003077,23.9703945514687,500.099175015385,204,24,0.490612617193283,71.3041257610643,28.6958742389357
1988,4.31922842153318,0.860704147788464,100.806229700635,24.0273492290298,504.031148503177,205,24,0.490285040264669,70.6351443847717,29.3648556152283
1988,4.21263163298866,0.839460323807044,101.57097479759,24.0824397015883,507.854873987951,206,24,0.493399334962979,69.964226846974,30.035773153026
1988,4.11111757574294,0.819122099102289,102.313730136496,24.1356700269923,511.56865068248,207,24,0.501305388974034,69.3077141681974,30.6922858318026
1988,4.01681186918041,0.800207667441036,103.034553603209,24.187071680118,515.172768016044,208,24,0.510064984825504,68.6814279147876,31.3185720852124
1988,3.93125710030098,0.783110445509802,103.734715951772,24.2367605916619,518.673579758861,209,24,0.515496428284167,68.0997913817221,31.9002086182779
1988,3.85544086039984,0.768106055639088,104.416632810385,24.2849304753416,522.083164051925,210,24,0.513302577787836,67.5751453956376,32.4248546043624
1988,3.79030824931761,0.755324558170312,105.083776679898,24.331845091596,525.418883399488,211,24,0.506074546677736,67.1245060432676,32.8754939567324
1988,3.5492010651709,0.707448584300861,105.739290686358,24.3777401165605,528.696453431788,212,24,0.494920275172236,65.9351885314192,34.0648114685808
1989,3.40018082119509,0.681447477568029,54.5,19.9420239553624,272.5,141,24,0.19562896683239,90.7406159171506,9.25938408284935
1989,3.39461798659553,0.680355782784415,55.1408837855067,20.0127967744255,275.704418927533,142,24,0.196934944006806,90.6153788950471,9.38462110495293
1989,3.38863691343319,0.679136287890328,55.7803918785594,20.0828484982351,278.901959392797,143,24,0.199179889906911,90.4897781294644,9.51022187053559
1989,3.38238349270029,0.677794566320069,56.41825272696,20.1521643859862,282.0912636348,144,24,0.202926637095799,90.3636606748813,9.63633932511865
1989,3.37569598829459,0.676336314586948,57.0541113865082,20.2207211746594,285.270556932541,145,24,0.207398805556857,90.2368805241618,9.76311947583819
1989,3.36839068706197,0.674761633929235,57.6877358385067,20.2885093828847,288.438679192534,146,24,0.211783941424123,90.1100289628893,9.88997103711071
1989,3.360689376096,0.67308880048417,58.3190198088363,20.3555330722946,291.595099044181,147,24,0.216698816016575,89.9813815053271,10.0186184946729
1989,3.3527225455895,0.671318703807349,58.9477780225706,20.4217878397702,294.738890112853,148,24,0.222802292508442,89.8514485540164,10.1485514459836
1989,3.34464740838421,0.669457756741969,59.5737195265927,20.4872583461173,297.868597632963,149,24,0.230840211667142,89.7201507165331,10.2798492834669
1989,3.33611004222544,0.667513564061353,60.1964356391982,20.5519174580191,300.982178195991,150,24,0.238928457336389,89.5873420205372,10.4126579794628
1989,3.52308803010945,0.704762365347336,60.8158237152587,20.6157701849281,304.079118576294,151,24,0.246415161297334,89.7411299638609,10.2588700361391
1989,3.51247547353448,0.702527439097635,61.4711069965168,20.6828318340369,307.355534982584,152,24,0.251496974974991,89.6007720573193,10.3992279426807
1989,3.50147014520653,0.700231308249429,62.1232480021611,20.7490790386964,310.616240010805,153,24,0.256198222823585,89.4583607826823,10.5416392173177
1989,3.49032573750807,0.697889898079357,62.7722441230704,20.8145273085692,313.861220615352,154,24,0.261458221925637,89.3147249332346,10.6852750667654
1989,3.4790688811711,0.695512783568167,63.4179556200564,20.8791779571208,317.089778100282,155,24,0.267192613839087,89.1693497141893,10.8306502858107
1989,3.46753330062669,0.693108518692405,64.0602649474688,20.9430343873818,320.301324737344,156,24,0.272208847303366,89.0213585081914,10.9786414918086
1989,3.45567101834561,0.690690017984473,64.6992598105112,21.006120027025,323.496299052556,157,24,0.275784864870771,88.8705764177762,11.1294235822238
1989,3.44343694636699,0.688270811516345,65.3351627248235,21.0684707634103,326.675813624117,158,24,0.277170618423661,88.7168187392881,11.2831812607119
1989,3.43078848934178,0.685864968656874,65.9683371914402,21.130135135232,329.841685957201,159,24,0.275634832569624,88.5598902718296,11.4401097281704
1989,3.4180737044497,0.683487003409827,66.5992844393882,21.191173615681,332.996422196941,160,24,0.272830492953933,88.3995856906064,11.6004143093936
1989,3.40570720508766,0.681151837064186,67.2282447023508,21.2516200482483,336.141223511754,161,24,0.270790351727434,88.2357490663091,11.7642509336909
1989,3.39375918261726,0.678874698590179,67.8551345779917,21.311476566066,339.275672889959,162,24,0.269471335840312,88.0682836975186,11.9317163024814
1989,3.38230256831381,0.676670927593511,68.4798933109699,21.3707473600573,342.399466554849,163,24,0.268849391950538,87.8970999732436,12.1029000267564
1989,3.37140475917813,0.674555823452494,69.1024795368306,21.4294383071917,345.512397684153,164,24,0.268874098423398,87.722114950965,12.277885049035
1989,3.36147570957333,0.672544485812436,69.7228754486571,21.4875573070562,348.614377243286,165,24,0.271556320728345,87.5432505208338,12.4567494791662
1989,3.35271060025329,0.670651734605533,70.3407430508973,21.5450823149234,351.703715254486,166,24,0.27774520379668,87.3604848009147,12.6395151990853
1989,3.34486349395439,0.668891918987009,70.9556135520645,21.6019797217622,354.778067760323,167,24,0.285680003175091,87.1738225053841,12.8261774946158
1989,3.34279161809662,0.668298945801548,71.5673211210081,21.6582444655719,357.836605605041,168,24,0.293450632931158,86.9564529078475,13.0435470921525
1989,3.35153719690797,0.669942105852392,72.1770533855756,21.7139949430598,360.885266927878,169,24,0.298956626175935,86.6867647248555,13.3132352751445
1989,3.37156043636881,0.673913546220885,72.7874264924782,21.7694762119098,363.937132462391,170,24,0.302049028385296,86.3737924779508,13.6262075220492
1989,3.40347071444275,0.680292160974455,73.4011783811755,21.8249385980105,367.005891905877,171,24,0.304117501330735,86.0273066338521,13.9726933661479
1989,3.44737457593439,0.689096834705167,74.0208908879274,21.8806126388449,370.104454439637,172,24,0.305256454896752,85.6566036269296,14.3433963730704
1989,3.50294262409904,0.700259832667566,74.6491482253583,21.9367237016642,373.245741126792,173,24,0.305569197905496,85.2695519389604,14.7304480610396
1989,3.56938317751302,0.713620952397917,75.2884480077855,21.9934841374049,376.442240038928,174,24,0.305178264287284,84.872110775166,15.127889224834
1989,3.64569803999783,0.728937880313979,75.9411049432882,22.0510850234505,379.705524716441,175,24,0.305484677368071,84.4682678720494,15.5317321279506
1989,3.73053432490883,0.745906392622916,76.6089538278279,22.1096706260996,383.04476913914,176,24,0.307501097080045,84.0603242563678,15.9396757436322
1989,3.82212152742979,0.764184110815375,77.2933562792,22.1693402070949,386.466781396,177,24,0.310800707789243,83.6492994729412,16.3507005270589
1989,3.91860359733692,0.783413284263269,77.9954051084734,22.2301668978652,389.977025542367,178,24,0.314934999090095,83.2353445428785,16.7646554571216
1989,4.01813789108632,0.803240078612983,78.7159115471153,22.2921972953054,393.579557735577,179,24,0.319445416652738,82.8181485656493,17.1818514343507
1989,4.11902690090242,0.823329132720155,79.4554099348267,22.3554526108347,397.277049674134,180,24,0.324205934661656,82.3972564485424,17.6027435514576
1989,4.2197898476756,0.84337334152874,80.2141202390038,22.4199262572182,401.070601195019,181,24,0.329536811919062,81.9722990935646,18.0277009064354
1989,4.31908325310746,0.863099400480177,80.9919021428107,22.4855808781479,404.959510714054,182,24,0.335569646997901,81.5431407698516,18.4568592301484
1989,4.4157525348128,0.882269870884881,81.7883202384616,22.5523548432388,408.941601192308,183,24,0.342496355694593,81.1099399924896,18.8900600075104
1989,4.50881242789544,0.900682710818994,82.6026697439164,22.6201652629419,413.013348719582,184,24,0.350474352491462,80.6731710337926,19.3268289662074
1989,4.59718461236423,0.918169036613755,83.4340172682713,22.6889121636997,417.170086341357,185,24,0.358170822833734,80.2336130236545,19.7663869763455
1989,4.67999773160494,0.934589657585298,84.2814802485878,22.758502051569,421.407401242939,186,24,0.364584278053093,79.7922760136633,20.2077239863367
1989,4.75680816219087,0.949831181004461,85.1442020737378,22.8288457725125,425.721010368689,187,24,0.370446159320741,79.3503765754863,20.6496234245137
1989,4.8272990854177,0.963802015261934,86.021091041961,22.8998373953957,430.105455209805,188,24,0.376589548264157,78.9093584438938,21.0906415561062
1989,4.89124729205255,0.976428261176853,86.9108253979938,22.9713552995632,434.554126989969,189,24,0.383883357267501,78.4708642954778,21.5291357045222
1989,4.94815644080047,0.987653132987438,87.8118648948788,23.0432637463085,439.059324474394,190,24,0.391104312539169,78.0386825602935,21.9613174397065
1989,4.99755273059566,0.997423941807686,88.7228146127135,23.1154421973818,443.614073063567,191,24,0.397018635530545,77.6139585350749,22.3860414649251
1989,5.03934535270035,1.00569516321449,89.6424315660827,23.187785370017,448.212157830413,192,24,0.402431906043799,77.197669771523,22.802330228477
1989,5.07348377289532,1.01242718992313,90.5692934287446,23.2601769696306,452.846467143723,193,24,0.408226608768515,76.791892775727,23.208107224273
1989,5.09992778514519,1.01758187634763,91.5017912169831,23.3324895578044,457.508956084915,194,24,0.415331917240248,76.3988166107166,23.6011833892834
1989,5.11829891826882,1.02112030531945,92.4381220296431,23.4045844213831,462.190610148216,195,24,0.422673068853472,76.0207437789955,23.9792562210045
1989,4.86344071940038,0.970186094106284,93.376622197596,23.4763373677588,466.88311098798,196,24,0.42553571772649,75.0462303688349,24.9537696311651
1989,4.86549143465269,0.970514401330312,94.263539608438,23.5436860682634,471.31769804219,197,24,0.431451241686408,74.7058028306544,25.2941971693456
1989,4.85921896182722,0.969166636344669,95.1496458131437,23.6105335527467,475.748229065719,198,24,0.437948881324772,74.3876737576822,25.6123262423178
1989,4.83511233329326,0.964223620452395,96.0331579976767,23.6767547448573,480.165789988384,199,24,0.445851511337852,74.0350065301654,25.9649934698346
1989,4.78602409092837,0.954294688843637,96.9102266073337,23.7420743088994,484.551133036669,200,24,0.454069639153319,73.6002640285002,26.3997359714998
1989,4.71583681172773,0.940194340904189,97.7757906409656,23.8061343569676,488.878953204828,201,24,0.461200044385193,73.09179903967,26.90820096033
1989,4.62918531022364,0.922832769374883,98.6258465015758,23.8686631062636,493.129232507879,202,24,0.46768880566472,72.5215331170236,27.4784668829764
1989,4.53102246456369,0.903182976512679,99.4572285730776,23.9294559512793,497.286142865388,203,24,0.474051619084399,71.9029418707072,28.0970581292928
1989,4.42608083373653,0.882176005379393,100.267658900932,23.9883767861268,501.338294504658,204,24,0.480786331331222,71.2507823683023,28.7492176316977
1989,4.31861068827137,0.860673197598649,101.055706677948,24.0453528903087,505.278533389738,205,24,0.487341792905417,70.5807774683524,29.4192225316476
1989,4.21234148532228,0.83943616183458,101.820901558161,24.100381155674,509.104507790804,206,24,0.492891457950262,69.9091680052457,30.0908319947543
1989,4.11053217366342,0.81910877857171,102.563684528633,24.1535226851065,512.818422643166,207,24,0.497572910300035,69.2521859536937,30.7478140463063
1989,4.01580306472372,0.800209516050647,103.28512092898,24.2048808301749,516.425604644901,208,24,0.501467905375647,68.6254811633909,31.3745188366091
1989,3.93015276073693,0.78313202774841,103.98678384566,24.2545920406475,519.933919228301,209,24,0.504726950280375,68.0434516227004,31.9565483772995
1989,3.85504067203063,0.768151994884386,104.670615976751,24.302815534942,523.353079883755,210,24,0.508051138078973,67.518578487784,32.481421512216
1989,3.79114198042417,0.7553986342564,105.338711637464,24.3497177026507,526.693558187319,211,24,0.511692800178047,67.0682091500049,32.9317908499951
1989,3.55120743084371,0.707573320632974,105.993249639955,24.3954674530379,529.966248199777,212,24,0.510476348047097,65.8792089889702,34.1207910110298
