"year","assimilated_weight","ingested_weight","Weight","Length","Energy","JulianDay","feeding_hours","Metabolism","percentage_partic","percentage_filters"
1980,5.50134093536563,1.09358419433661,54.5,19.9420239553624,272.5,141,24,0.361943673532865,81.633016449931,18.366983550069
1980,5.47580136086333,1.08831666279224,55.5278528670007,20.0552525894165,277.639264335003,142,24,0.372106367808746,81.4506682103525,18.5493317896475
1980,5.44565324884176,1.08212848064021,56.5485621292778,20.1662577487777,282.742810646389,143,24,0.382590885016062,81.2928324960456,18.7071675039544
1980,5.41088098452698,1.07503437558011,57.5611414349668,20.2750073356746,287.805707174834,144,24,0.392937397231764,81.1582345628398,18.8417654371602
1980,5.37127843307792,1.0670236201231,58.5646932625748,20.3814796480824,292.823466312874,145,24,0.402273024615322,81.0451225289177,18.9548774710823
1980,5.32637790403265,1.0580189052638,59.5584534280468,20.4856673026817,297.792267140234,146,24,0.410044799174631,80.9520426621298,19.0479573378702
1980,5.27628077303219,1.04803656436678,60.5416747918391,20.5875643458255,302.708373959196,147,24,0.416238274870947,80.8743868134956,19.1256131865044
1980,5.22035774659994,1.03694916423981,61.5136333688602,20.6871667301146,307.568166844301,148,24,0.420809322330205,80.8094498843282,19.1905501156718
1980,5.15798520035152,1.02462893169706,62.4734881325643,20.784458014542,312.367440662822,149,24,0.423771873068626,80.7530829382672,19.2469170617328
1980,5.08849259543763,1.01092049461653,63.4202705388082,20.8794089068444,317.101352694041,150,24,0.425728119786532,80.7002117862393,19.2997882137607
1980,5.27508902327586,1.04808281644802,64.3527574934692,20.9719652873804,321.763787467346,151,24,0.430401574548353,81.0808235756057,18.9191764243943
1980,5.18344681651694,1.02993299406165,65.3216230187519,21.0671476023852,326.608115093759,152,24,0.433669269612469,81.0006207074335,18.9993792925665
1980,5.08125774617508,1.00963144931066,66.2714998268927,21.1595139452618,331.357499134463,153,24,0.438546624090629,80.9035013430032,19.0964986569968
1980,4.96729428364031,0.986914758927581,67.1999562444032,21.2489098609947,335.999781222016,154,24,0.445848391311133,80.7817734070047,19.2182265929953
1980,4.84039001098876,0.961529065526926,68.1041521630908,21.3351462405717,340.520760815454,155,24,0.456680672480315,80.624371449361,19.375628550639
1980,4.69943783117173,0.933291010233289,68.9807930035079,21.4179960308595,344.903965017539,156,24,0.470266808919967,80.4189918964421,19.5810081035579
1980,4.54403880750379,0.902189705524434,69.8265181440263,21.497231431608,349.132590720131,157,24,0.484419114598733,80.1549915630131,19.8450084369869
1980,4.37549400713277,0.868543439073371,70.6383247690759,21.5726623169861,353.191623845379,158,24,0.496714725246708,79.8249586999737,20.1750413000262
1980,4.19808107657368,0.833251903997256,71.4139549121265,21.6441694516848,357.069774560633,159,24,0.504498958764309,79.4303940289151,20.5696059710849
1980,4.02113363189842,0.798161110181447,72.1525371362374,21.7117596622589,360.762685681187,160,24,0.507277516997074,78.9921618675971,21.0078381324029
1980,3.86125993559158,0.766509979643683,72.8551656422167,21.7756135015468,364.275828211084,161,24,0.507182982318933,78.5667368007078,21.4332631992922
1980,3.7436640044209,0.743274920981352,73.5258298011559,21.8361633419361,367.629149005779,162,24,0.505352575628126,78.2627513319155,21.7372486680845
1980,3.70070977225492,0.734860938927267,74.1733323387542,21.8942579319422,370.866661693771,163,24,0.502982036898062,78.2341434280408,21.7658565719593
1980,3.76112384736476,0.746957839539354,74.8127095415174,21.9512776973611,374.063547707587,164,24,0.5012400003019,78.6050709003757,21.3949290996243
1980,3.92331503553414,0.779164518618546,75.4645091052806,22.0090567528641,377.322545526403,165,24,0.504716489317931,79.3174753369782,20.6825246630218
1980,4.11935725939407,0.817958036634168,76.1480421806046,22.0692764093737,380.740210903023,166,24,0.514706755641957,80.0353014299411,19.9646985700589
1980,4.22224319750893,0.838200752281299,76.8687753170779,22.132366727232,384.34387658539,167,24,0.527224831988701,80.2934506319897,19.7065493680102
1980,3.80142929658548,0.75453791438199,77.6075706243784,22.196611667595,388.037853121892,168,24,0.538281222932849,78.3237012010379,21.6762987989621
1980,5.07061472675087,1.00646716659988,78.2599796236805,22.2529910716201,391.299898118402,169,24,0.54037179486196,82.0947558973887,17.9052441026113
1980,6.92408475540567,1.37456830937106,79.1657962868553,22.3307286801455,395.828981434277,170,24,0.538454735070142,85.3489289398463,14.6510710601537
1980,8.32151393707157,1.65225083377729,80.4426738753052,22.4392649361946,402.213369376526,171,24,0.538578550479282,86.58007623943,13.41992376057
1980,9.23631664175656,1.83416140874558,81.9989876489781,22.5699419576105,409.994938244891,172,24,0.540768600815217,86.7519803234948,13.2480196765052
1980,9.81817357414021,1.9499420465868,83.7377908628144,22.7139131045751,418.688954314072,173,24,0.545111430809334,86.3564383366405,13.6435616633595
1980,10.1874698116141,2.02342472121805,85.592056075314,22.8651667025372,427.96028037657,174,24,0.552122331293852,85.6143833935047,14.3856166064953
1980,10.4223914377512,2.07002329617412,87.5187299724745,23.0199264631921,437.593649862372,175,24,0.563564012217029,84.6365992827167,15.3634007172833
1980,10.5718593239512,2.09940948461697,89.4900438221743,23.1758334082964,447.450219110871,176,24,0.580191241532543,83.4869519689017,16.5130480310983
1980,10.6666526075636,2.11776168737431,91.4878618509915,23.3314131621526,457.439309254958,177,24,0.60083382835345,82.2075378759227,17.7924621240773
1980,10.7269537035058,2.12915763948219,93.5004377773549,23.4857660925889,467.502188886774,178,24,0.624291124642146,80.8293742616763,19.1706257383237
1980,10.7664294093739,2.13638405881633,95.5203014698543,23.638366977674,477.601507349272,179,24,0.649170234048518,79.3772585684835,20.6227414315165
1980,10.7944145986473,2.14140463239441,97.5429941971277,23.7889441691125,487.714970985638,180,24,0.672975065703124,77.8720703706411,22.1279296293589
1980,10.8175569121268,2.14560409261784,99.5664228052325,23.9374141749273,497.832114026163,181,24,0.693949167590433,76.3318660129195,23.6681339870805
1980,10.8411712158331,2.15003683478696,101.590174249673,24.0838190600717,507.950871248366,182,24,0.711806105507053,74.7724721807025,25.2275278192975
1980,10.8690751709896,2.15546415646797,103.614954935149,24.2282780345809,518.074774675744,183,24,0.726198528882603,73.207829185663,26.792170814337
1980,10.9040143222215,2.16243123983223,105.642303351542,24.3709621877415,528.211516757709,184,24,0.736921076832667,71.6501793879575,28.3498206120425
1980,10.9479897519401,2.17131277736062,107.674347133099,24.5120743581621,538.371735665493,185,24,0.744430688989492,70.1102135333458,29.8897864666542
1980,11.0025069663357,2.18233898891936,109.713521574233,24.6518279731241,548.567607871163,186,24,0.750458112005463,68.5972159860664,31.4027840139336
1980,11.0684362285743,2.19561989112476,111.762215617635,24.7904226308825,558.811078088175,187,24,0.756638623636559,67.1192320094733,32.8807679905267
1980,11.1461199616128,2.21116126909759,113.822663776745,24.9280378312603,569.113318883726,188,24,0.76461365022338,65.6831970019578,34.3168029980422
1980,11.235453048862,2.22887665797681,115.896839216701,25.064827225058,579.484196083505,189,24,0.776136000709732,64.2950682021219,35.7049317978781
1980,11.3357787639391,2.24852662461461,117.986341855679,25.200912948959,589.931709278397,190,24,0.794157649880632,62.9624943250657,37.0375056749343
1980,11.4457824603568,2.26986961609368,120.092048110508,25.336365130051,600.460240552542,191,24,0.818426102421623,61.6889875398646,38.3110124601354
1980,11.563372844159,2.29262311412146,122.214620164857,25.4712371696461,611.073100824287,192,24,0.845632774527379,60.4771440405404,39.5228559594596
1980,11.6860025321365,2.31641733692863,124.354961771551,25.605595165638,621.774808857757,193,24,0.872097890222411,59.3302412603597,40.6697587396403
1980,11.8108351260955,2.34083377149245,126.514201122478,25.7395160796875,632.571005612388,194,24,0.893607043607882,58.2511257062053,41.7488742937947
1980,11.9354148838676,2.36541319606448,128.693739806775,25.8730900504268,643.468699033877,195,24,0.909146784530008,57.2423534273733,42.7576465726267
1980,11.5565142664238,2.29033494866251,130.894688558972,26.0063856126698,654.47344279486,196,24,0.91187300537856,55.4636865775432,44.5363134224568
1980,11.6743705935075,2.31381022081978,133.018878931219,26.1335591827673,665.094394656093,197,24,0.920118647151762,54.6141291839524,45.3858708160476
1980,11.7844732650584,2.33583385456007,135.164542462281,26.2605893751757,675.822712311407,198,24,0.925883731675218,53.8432659877961,46.1567340122039
1980,11.8908606993519,2.35718843803625,137.330587676079,26.3874085727243,686.652938380397,199,24,0.929722213305567,53.1050503930616,46.8949496069384
1980,12.0004628537796,2.37905360535372,139.516617956926,26.5139921772772,697.583089784632,200,24,0.937362584380533,52.3622713516663,47.6377286483337
1980,12.1158563502511,2.40183739794829,141.722474785033,26.6403302849633,708.612373925166,201,24,0.951857977950103,51.6192183767939,48.3807816232061
1980,12.2385191529328,2.42595604086011,143.947902064768,26.766407989648,719.739510323842,202,24,0.969613956343742,50.8843776508315,49.1156223491685
1980,12.3698759442342,2.45182117677543,146.193655926568,26.8922675185266,730.96827963284,203,24,0.986787289689515,50.1671170359199,49.8328829640801
1980,12.511138805155,2.47980598915326,148.461543515343,27.0180073314813,742.307717576715,204,24,0.99932556293759,49.477088154673,50.522911845327
1980,12.6643327268212,2.51026987550145,150.754421897808,27.1437790564971,753.77210948904,205,24,1.00848940572853,48.8236320595033,51.1763679404967
1980,12.8318400121812,2.54353109541086,153.075297531301,27.2697360047843,765.376487656507,206,24,1.01895594299992,48.2153709848522,51.7846290151479
1980,13.0143662290205,2.57970781913365,155.42671416523,27.3960002787576,777.133570826151,207,24,1.03137845602102,47.6598010768667,52.3401989231333
1980,13.2135165318137,2.61909645833738,157.811222236893,27.5226890972817,789.056111184466,208,24,1.04642199895142,47.1628030848699,52.8371969151301
1980,13.4298739067935,2.66178634061328,160.231556265803,27.6499242154533,801.157781329017,209,24,1.06487765538617,46.7283380671796,53.2716619328204
1980,13.6633776224421,2.70778962885794,162.690404978569,27.7778196704723,813.452024892843,210,24,1.08602686488004,46.3583430521077,53.6416569478924
1980,13.9094056810262,2.75623263190996,165.190584364571,27.906490910101,825.952921822855,211,24,1.10849015108415,46.0601339477567,53.9398660522433
1980,13.6644091590206,2.70734565646932,167.734257418221,28.0360150565967,838.671287091104,212,24,1.11947821430324,44.9904194673229,55.0095805326771
1981,5.49768010262296,1.09352694579132,54.5,19.9420239553624,272.5,141,24,0.345697714302048,81.6345966834128,18.3654033165872
1981,5.47217317292466,1.08826358887719,55.5303698922983,20.0555280655863,277.651849461492,142,24,0.355394788730843,81.4515916539706,18.5484083460294
1981,5.44185467207371,1.08207950464154,56.5536958247221,20.1668125100925,282.76847912361,143,24,0.364366950027341,81.2930839540392,18.7069160459608
1981,5.40672558849455,1.07498991693272,57.5691601840025,20.2758631966449,287.845800920013,144,24,0.37215325962092,81.1577645604409,18.8422354395591
1981,5.36653080371285,1.0669846750989,58.5760377291141,20.3826759496192,292.88018864557,145,24,0.377575663336812,81.0438497216749,18.9561502783251
1981,5.32112413305541,1.05802791372472,59.5737877934464,20.4872654602982,297.868938967232,146,24,0.38065954998229,80.949008966977,19.050991033023
1981,5.27026325964586,1.04801337252494,60.5618353830119,20.5896415991839,302.809176915059,147,24,0.382869092970924,80.8711463955856,19.1288536044144
1981,5.21420445874524,1.03693754000624,61.5392641940436,20.6897783816684,307.696320970218,148,24,0.385677031154226,80.8050754978631,19.1949245021369
1981,5.15237253917232,1.02463279509597,62.5049146211703,20.7876257488669,312.524573105851,149,24,0.390627778263989,80.7475513349983,19.2524486650017
1981,5.08418050268554,1.01094161000494,63.4572031323281,20.8830927222561,317.286015661641,150,24,0.399090574941962,80.6936548478186,19.3063451521814
1981,5.27225803942142,1.04811589316607,64.3941549470717,20.9760525667503,321.970774735359,151,24,0.412667027008766,81.0747645522197,18.9252354477803
1981,5.18222624557444,1.0299816278245,65.3660009074008,21.0714836962468,326.830004537004,152,24,0.424804432279138,80.9941062676455,19.0058937323545
1981,5.08104849671068,1.00969312487724,66.3174062481161,21.1639544626667,331.58703124058,153,24,0.435433319190285,80.8968327998336,19.1031672001664
1981,4.96705614960072,0.986983900878474,67.2464431202377,21.2533631349913,336.232215601188,154,24,0.44216469435697,80.7739775762224,19.2260224237776
1981,4.8390735500802,0.961611200276863,68.1513277646528,21.3396235873473,340.756638823264,155,24,0.44485499421482,80.6166600011455,19.3833399988545
1981,4.69654472818608,0.933392431706219,69.030070028969,21.4226312803101,345.150350144845,156,24,0.445668415174767,80.4111552834523,19.5888447165477
1981,4.53959042452898,0.902320577971935,69.880135760578,21.5022322321339,349.40067880289,157,24,0.445541114471311,80.1467209164776,19.8532790835223
1981,4.36996149437833,0.868715546521226,70.6988277690537,21.5782598509484,353.494138845268,158,24,0.445423347220151,79.8159344255402,20.1840655744598
1981,4.19229333182785,0.833475036077069,71.4836090396488,21.6505644906938,357.418045198244,159,24,0.446250681293737,79.420355933477,20.579644066523
1981,4.01614082151714,0.798438474002779,72.2326825855115,21.7190650001185,361.163412927558,160,24,0.450695341835009,78.9809580876625,21.0190419123375
1981,3.85774107724208,0.766834515880358,72.9456280138039,21.78380335723,364.72814006902,161,24,0.459345650371254,78.5543510353399,21.44564896466
1981,3.74177994251883,0.743632153302062,73.6251547412132,21.8450979690044,368.125773706066,162,24,0.469931993594845,78.2492644092178,21.7507355907822
1981,3.70024021812864,0.735237684658337,74.2793632883882,21.9037374208652,371.396816441941,163,24,0.479989299123303,78.2197742176955,21.7802257823045
1981,3.76160691018904,0.747353647896808,74.923243684344,21.9611006816124,374.61621842172,164,24,0.486958664288742,78.5903036568561,21.4096963431439
1981,3.92390886283616,0.779596839764486,75.577994557431,22.0190811316495,377.889972787155,165,24,0.490272539238833,79.3029900136257,20.6970099863743
1981,4.11929416602202,0.818448780860123,76.2645335049233,22.0795017457986,381.322667524616,166,24,0.49211450656608,80.0214198584518,19.9785801415482
1981,4.2212202818824,0.838744781982728,76.9897706656019,22.142917749818,384.94885332801,167,24,0.493776578382408,80.279686498816,19.720313501184
1981,3.79999611217122,0.755074246971487,77.7350490738709,22.2076539026523,388.675245369354,168,24,0.49678429714838,78.3086096160762,21.6913903839238
1981,5.06931736944313,1.00727626826561,78.395468648634,22.2646585498493,391.97734324317,169,24,0.499805350216922,82.0817709415839,17.9182290584161
1981,6.92254267169297,1.3753915936749,79.3091367217616,22.3429733266434,396.545683608808,170,24,0.507032279580667,85.3344432253742,14.6655567746258
1981,8.32045660947079,1.65289554329073,80.5919876878988,22.4518781993847,402.959938439494,171,24,0.518871221521659,86.5637267874763,13.4362732125237
1981,9.23671761582031,1.83459702209603,82.1520284214174,22.5826984977635,410.760142107087,172,24,0.533759841404567,86.7339551561527,13.2660448438473
1981,9.82048128562205,1.95019833722162,83.892310156508,22.7266059842567,419.46155078254,173,24,0.550177957556333,86.3369433976588,13.6630566023412
1981,10.1914094491957,2.02354312742767,85.7460197708792,22.8776225491282,428.730098854396,174,24,0.566693062420697,85.5936305366518,14.4063694633482
1981,10.4266666875788,2.07004186096547,87.6705631938079,23.0320211160122,438.35281596904,175,24,0.581583859870392,84.614791934477,15.385208065523
1981,10.574873203369,2.09935918319952,89.6391234433401,23.1875260602327,448.195617216701,176,24,0.594590014323037,83.464207588285,16.535792411715
1981,10.6673245357811,2.11766603026793,91.634659368675,23.3427512455997,458.173296843375,177,24,0.606513386781119,82.1838366882198,17.8161633117802
1981,10.7247793502557,2.12903381581076,93.6462281483889,23.4968570783491,468.231140741945,178,24,0.618339263113897,80.8045708256881,19.1954291743119
1981,10.7615115778554,2.13624492755595,95.6668411364588,23.6493502310648,478.334205682294,179,24,0.631155859938942,79.3511124275658,20.6488875724342
1981,10.7876549776527,2.14126074391364,97.6921462516987,23.7999611628565,488.460731258493,180,24,0.646126074109844,77.8443008244074,22.1556991755926
1981,10.8100737133025,2.14546577672281,99.7195849372135,23.9485665950265,498.597924686067,181,24,0.66285785348429,76.302258904754,23.697741095246
1981,10.8337575006432,2.14991456181128,101.748049163565,24.0951544844607,508.740245817823,182,24,0.679936639035503,74.7409383304953,25.2590616695047
1981,10.8622169834442,2.155368980387,103.77771095923,24.2398042214204,518.88855479615,183,24,0.695787295359511,73.174389141804,26.825610858196
1981,10.8978773019125,2.16237393411363,105.809758607124,24.3826620272942,529.04879303562,184,24,0.708752356022916,71.6149355357128,28.3850644642872
1981,10.9428870861667,2.17130389692753,107.846195888094,24.5239227353646,539.23097944047,185,24,0.71999003572748,70.0733068361237,29.9266931638763
1981,10.9988401851881,2.18238831647923,109.889223500698,24.6637846181316,549.44611750349,186,24,0.731630171450814,68.5588461845918,31.4411538154082
1981,11.06620372889,2.19573603894935,111.940933658928,24.8024287188428,559.70466829464,187,24,0.74328419593068,67.079670602953,32.920329397047
1981,11.144885303902,2.21135109974545,114.003588320809,24.9400384179622,570.017941604047,188,24,0.754389047616293,65.6427137698063,34.3572862301937
1981,11.2343451872653,2.22914585847055,116.079542033631,25.0767942443109,580.397710168155,189,24,0.764443186372613,64.2538543631588,35.7461456368412
1981,11.334045648617,2.24893678898023,118.171140012924,25.2128674466592,590.855700064621,190,24,0.775426517382628,62.9185834138014,37.0814165861986
1981,11.4426497565772,2.27038369897012,120.280222093004,25.3483888456348,601.40111046502,191,24,0.789293944737172,61.6440613266041,38.3559386733959
1981,11.558824209141,2.29325141364794,122.407967784299,25.4834414586087,612.039838921496,192,24,0.805363776277843,60.4309193573011,39.5690806426989
1981,11.6805648555841,2.31717157846661,124.555424254379,25.6180962332609,622.777121271897,193,24,0.8229174325947,59.2824084698484,40.7175915301516
1981,11.805610429763,2.34172536493714,126.723379414906,25.7524049158136,633.616897074531,194,24,0.841194911728992,58.2014521320131,41.7985478679868
1981,11.9314512197042,2.36645008186829,128.912318687834,25.8863985243185,644.561593439168,195,24,0.859256818037761,57.1908006628157,42.8091993371843
1981,11.5542699382896,2.29142656721997,131.122411122165,26.0200877077112,655.612055610826,196,24,0.868306834968305,55.4128796420291,44.5871203579709
1981,11.6743726699741,2.31502916968877,133.25481921463,26.1475971807248,666.274096073151,197,24,0.885723403964876,54.5620111168804,45.4379888831196
1981,11.7872042630908,2.33716763234725,135.407310399731,26.2748732961973,677.036551998655,198,24,0.903918035388781,53.7903995001694,46.2096004998306
1981,11.8968421362903,2.35863427281358,137.578237879801,26.4018191534465,687.891189399005,199,24,0.923404263473237,53.0517374440239,46.9482625559761
1981,12.0090495856282,2.38060697657525,139.76666579212,26.5283830550907,698.833328960599,200,24,0.943147470349676,52.3091008873992,47.6908991126008
1981,12.1256599415556,2.40349563086308,141.973015890216,26.6545928802587,709.865079451078,201,24,0.961759182497112,51.5666712805782,48.4333287194218
1981,12.248793770243,2.4277228806801,144.19835197207,26.7805115430833,720.991759860352,202,24,0.979126263888652,50.8326925152979,49.1673074847021
1981,12.3805227991873,2.45370266485555,146.444182022846,26.9062240901086,732.220910114229,203,24,0.995110861283716,50.1164109290545,49.8835890709455
1981,12.5227295680953,2.48181118110739,148.712453167724,27.0318362162769,743.562265838622,204,24,1.00959160345438,49.4274742986251,50.5725257013749
1981,12.6772708489799,2.51240434127739,151.005510281248,27.1574708715712,755.027551406241,205,24,1.02292858937002,48.7753298040867,51.2246701959133
1981,12.845840478733,2.54579498171966,153.325994260545,27.2832618011613,766.629971302727,206,24,1.03582755070215,48.1686657792964,51.8313342207036
1981,13.0291289814754,2.58210298671904,155.676740036666,27.4093474489764,778.383700183332,207,24,1.04881476218904,47.6149247279028,52.3850752720972
1981,13.2287329394155,2.62163197087305,158.060611544916,27.5358618897016,790.303057724578,208,24,1.06230438268324,47.1199290237451,52.8800709762548
1981,13.4451912028009,2.66447044077212,160.480705159457,27.6629455569768,802.403525797283,209,24,1.07686455962056,46.6875749934969,53.3124250065031
1981,13.6790655794138,2.71063444874545,162.940107065348,27.790732228804,814.700535326739,210,24,1.09539030914119,46.3197335588572,53.6802664411428
1981,13.9285881701194,2.7597619482531,165.441432297747,27.919325643173,827.207161488736,211,24,1.11819447384789,46.019073218646,53.980926781354
1981,13.6819187213317,2.71057357467407,167.986875310713,28.048803476315,839.934376553565,212,24,1.12839822165518,44.9559061887545,55.0440938112455
1982,5.50185734419099,1.09358419433661,54.5,19.9420239553624,272.5,141,24,0.364497040384629,81.633016449931,18.366983550069
1982,5.47564433579929,1.08831605647273,55.5274454753954,20.0552080015695,277.637227376977,142,24,0.371321336646091,81.4507665762642,18.5492334237358
1982,5.44458563678752,1.08212804463812,56.5482803402001,20.1662272968551,282.741401701,143,24,0.377022680023137,81.2928994412581,18.7071005587419
1982,5.40889708378286,1.07503538071527,57.5617597654674,20.2750733345791,287.808798827337,144,24,0.382265735200899,81.1580903187021,18.8419096812979
1982,5.36870069940834,1.0670276787217,58.5670491429576,20.3817280946748,292.835245714788,145,24,0.387964441873073,81.0445839749227,18.9554160250773
1982,5.32358935600422,1.05802755048206,59.5631554683791,20.4861573828917,297.815777341895,146,24,0.394050849283487,80.9509915356595,19.0490084643405
1982,5.2734828125965,1.04805104763369,60.549017891129,20.5883210003679,302.745089455645,147,24,0.399643998900509,80.8727848133066,19.1272151866934
1982,5.21757990100677,1.03697061962495,61.5237356949653,20.688196196629,307.618678474826,148,24,0.403783564895899,80.8073034733737,19.1926965266263
1982,5.15509579608999,1.02465862209146,62.4864399869782,20.7857636730089,312.432199934891,149,24,0.405535166610224,80.7504086254339,19.2495913745661
1982,5.08562413363088,1.01096018232348,63.4362917787864,20.8810071176629,317.181458893932,150,24,0.407002069604567,80.697003791468,19.302996208532
1982,5.27241289378225,1.04813549014763,64.3719501512856,20.9738604567023,321.859750756428,151,24,0.412889462076829,81.0771737494754,18.9228262505246
1982,5.18114578229,1.02999872909925,65.3437827445316,21.069313050975,326.718913722658,152,24,0.417594942203584,80.9965512906476,19.0034487093524
1982,5.07908151252063,1.00971114666971,66.2964140513036,21.1619241582996,331.482070256518,153,24,0.422320614516755,80.8990924838409,19.1009075161591
1982,4.96474218368913,0.987010049568853,67.2276802306846,21.2515659765826,336.138401153423,154,24,0.426059690910301,80.7770555155858,19.2229444844142
1982,4.83692696204797,0.96164360649103,68.1353232389084,21.3381048703711,340.676616194542,155,24,0.429151923081573,80.6192797852098,19.3807202147902
1982,4.6949684613,0.93343141864666,69.0167769423484,21.4213810916928,345.083884711742,156,24,0.433182218549309,80.4133575926382,19.5866424073618
1982,4.53890843577076,0.90236425325549,69.8690247860641,21.5011961550095,349.345123930321,157,24,0.43890841688592,80.1486148226751,19.8513851773249
1982,4.37042031557785,0.868759471101504,70.6889070483776,21.5773422481565,353.444535241888,158,24,0.447194344182728,79.8176802161622,20.1823197838378
1982,4.19405800411354,0.83351211613673,71.4734259898531,21.6496298423481,357.367129949265,159,24,0.45895756127452,79.4221535617622,20.5778464382378
1982,4.01887160316435,0.798459307827656,72.2203112091464,21.7179377056311,361.101556045732,160,24,0.473247725430141,78.9830448836712,21.0169551163288
1982,3.86082252657939,0.766831165541269,72.9292924641341,21.7823249701845,364.64646232067,161,24,0.487737349406583,78.556929704562,21.443070295438
1982,3.74486076759061,0.743601369179775,73.6037573454933,21.8431739084122,368.018786727467,162,24,0.50126705913664,78.2524605749419,21.7475394250581
1982,3.7032012293526,0.735179437648684,74.2523153241682,21.9013201472375,371.261576620841,163,24,0.512536181659729,78.2236625885896,21.7763374114104
1982,3.76450386578985,0.747267091707878,74.8902789150724,21.9581722152992,374.451394575362,164,24,0.520205075951888,78.5948753266066,21.4051246733934
1982,3.92662350004564,0.779475424885708,75.5389603665058,22.0156343541294,377.694801832529,165,24,0.522209768520985,79.3081136853128,20.6918863146872
1982,4.1214840514687,0.818283830564425,76.2196553759846,22.0755637383545,381.098276879923,166,24,0.519666969876092,80.0268987244188,19.9731012755812
1982,4.22269636966105,0.838540364151222,76.9398207188303,22.1385634219564,384.699103594152,167,24,0.515964160954556,80.2854824619707,19.7145175380293
1982,3.80073719320012,0.75486093612119,77.6809576418704,22.2029700234751,388.404788209352,168,24,0.514599672394952,78.3151140273821,21.6848859726179
1982,5.0698791144031,1.00694875136798,78.3379632819095,22.2597082607359,391.689816409547,169,24,0.516103401490424,82.0873709516544,17.9126290483456
1982,6.92400759201692,1.37505347360723,79.2484851181076,22.3377941363453,396.242425590538,170,24,0.52439543115735,85.3405906003847,14.6594093996153
1982,8.32328666425338,1.65262309367843,80.5281575819776,22.4464881550129,402.640787909888,171,24,0.538542615160128,86.5707118829865,13.4292881170135
1982,9.24121521095112,1.83440427795537,82.0848313508828,22.5770994034952,410.424156754414,172,24,0.557611310963753,86.7418751352208,13.2581248647792
1982,9.82704092708375,1.95007692439676,83.8212438190077,22.7207703149706,419.106219095039,173,24,0.580739312676083,86.3459414512901,13.6540585487099
1982,10.200598729347,2.02348099902591,85.6701548587947,22.871486937094,428.350774293974,174,24,0.607292875684392,85.6039232170177,14.3960767829823
1982,10.4382691470164,2.07002887781455,87.5884182766882,23.0254794725879,437.942091383441,175,24,0.632011832496713,84.6266928852447,15.3733071147553
1982,10.5879963807228,2.09938789088813,89.549215960826,23.1804760366597,447.74607980413,176,24,0.651379039936342,83.4780569903366,16.5219430096634
1982,10.6813799591015,2.11772995109265,91.5360218121923,23.3351342515353,457.680109060962,177,24,0.667403951139602,82.1999137201869,17.8000862798131
1982,10.7395041863028,2.12912615757988,93.5382273451967,23.4886420861791,467.691136725984,178,24,0.682529476711371,80.8231022610758,19.1768977389242
1982,10.776970886081,2.13635802499058,95.5489518597119,23.6405152681006,477.74475929856,179,24,0.699459868420673,79.3722966070285,20.6277033929715
1982,10.8036600390198,2.14138598651793,97.5636936064428,23.7904738152804,487.818468032214,180,24,0.718242647221139,77.8683473097253,22.1316526902747
1982,10.8260428104867,2.14559303304869,99.5799167077286,23.9383972064571,497.899583538643,181,24,0.736399912183479,76.3293573123786,23.6706426876214
1982,10.8492130470155,2.15003230829793,101.596874406629,24.0843003809557,507.984372033145,182,24,0.7527240848244,74.7711905285195,25.2288094714805
1982,10.8767907079994,2.15546409732105,103.615079437901,24.2282868565379,518.075397189504,183,24,0.765948077458601,73.2078047893745,26.7921952106255
1982,10.9113123929343,2.16243266223067,105.63602104331,24.3705230011067,528.180105216548,184,24,0.77481599562201,71.6514351482219,28.3485648517781
1982,10.95529669388,2.1713119694061,107.661945935104,24.5112188287367,538.30972967552,185,24,0.782623866554311,70.1127322790397,29.8872677209604
1982,11.0105159574076,2.182331676743,109.694944165933,24.6505629869232,548.474720829664,186,24,0.792690007433358,68.601035805429,31.398964194571
1982,11.077245995538,2.1956007538784,111.736795325464,24.7887138359305,558.683976627318,187,24,0.803590079956967,67.1245054619708,32.8754945380292
1982,11.1552280284612,2.21112370500522,113.789617679436,24.9258444732129,568.948088397179,188,24,0.813815220039539,65.6900918754172,34.3099081245828
1982,11.2437334541911,2.2288134587366,115.855778004238,25.062135909758,579.278890021191,189,24,0.821783597359327,64.3036598512251,35.6963401487749
1982,11.342474398167,2.24843187390457,117.937812049008,25.1977714174481,589.689060245039,190,24,0.832509827706785,62.9726508420142,37.0273491579858
1982,11.4508955425824,2.26973956346522,120.0371932112,25.3328576057975,600.185966055999,191,24,0.849673662217049,61.7004428077463,38.2995571922537
1982,11.5668985521148,2.29245555738913,122.154545988112,25.467442489519,610.772729940562,192,24,0.869634488917344,60.4896349937976,39.5103650062024
1982,11.6879042478862,2.31621192564702,124.290801426564,25.6015910869039,621.454007132819,193,24,0.888353548638607,59.3434983866071,40.6565016133929
1982,11.8110699474352,2.34059234200964,126.447180420056,25.735383356405,632.23590210028,194,24,0.901519389114617,58.2648632130115,41.7351367869885
1982,11.9345126594382,2.36513997015255,128.625195364684,25.8689133838181,643.12597682342,195,24,0.911486977091225,57.2562690878598,42.7437309121402
1982,11.5553569390376,2.29002674091916,130.825508608404,26.0022197563601,654.127543042018,196,24,0.913848867848709,55.477642529883,44.522357470117
1982,11.6736571416425,2.31347691550875,132.949086444401,26.1294033368674,664.745432222007,197,24,0.92548201647796,54.6280373680259,45.3719626319741
1982,11.7845661954378,2.33547423561453,135.093549861546,26.2564089510622,675.467749307728,198,24,0.936816191180989,53.8572254544558,46.1427745455442
1982,11.891827933897,2.35679709577957,137.257443777425,26.383148919419,686.287218887124,199,24,0.946755278029752,53.1192230256678,46.8807769743322
1982,12.0007824805746,2.37862212905363,139.440279187183,26.5095951087978,697.201395935916,200,24,0.951706031935919,52.3768229262015,47.6231770737984
1982,12.1139451389708,2.40136494789581,141.643351637889,26.6358223773744,708.216758189443,201,24,0.954222922931868,51.634027180069,48.365972819931
1982,12.2348129774771,2.4254518809691,143.86794621561,26.7619018449152,719.339731078052,202,24,0.962292834458065,50.8990379772655,49.1009620227345
1982,12.3668861651641,2.45129466781637,146.114447305638,26.8878514131771,730.572236528189,203,24,0.984366368664587,50.1813084326535,49.8186915673465
1982,12.5134359238527,2.47925097541089,148.382246651361,27.0136334977455,741.911233256803,204,24,1.02994699525674,49.4909305981724,50.5090694018276
1982,12.6749132143719,2.50964480692317,150.669487301686,27.1391439872775,753.347436508432,205,24,1.09359821402589,48.8380323698441,51.161967630156
1982,12.8501791036701,2.54276063740383,152.975488073317,27.2643467057091,764.877440366587,206,24,1.1599586226362,48.2317513975634,51.7682486024366
1982,13.0391230554373,2.57870376776242,155.302410298917,27.3893589761251,776.512051494585,207,24,1.22436681464688,47.6794790912781,52.3205209087219
1982,13.2425342845783,2.61776335136924,157.653322483086,27.5143412982887,788.26661241543,208,24,1.2812663527445,47.1868290775191,52.8131709224809
1982,13.4601792862878,2.66003416556276,160.032558771142,27.6395138106828,800.162793855712,209,24,1.3243900938784,46.7573404323862,53.2426595676138
1982,13.69013497735,2.70554715942931,162.445655806191,27.7651498248973,812.228279030957,210,24,1.33752260058837,46.3923947558844,53.6076052441156
1982,13.9280489393034,2.75347995395013,164.901003625896,27.8916574945462,824.505018129478,211,24,1.31983331255275,46.0984792003122,53.9015207996878
1982,13.6721282973524,2.70416292391584,167.406281020064,28.0193916769593,837.031405100322,212,24,1.27410657006551,45.0312594762977,54.9687405237023
1983,5.48929359431107,1.09358419433661,54.5,19.9420239553624,272.5,141,24,0.307196976380922,81.633016449931,18.366983550069
1983,5.46291185772709,1.08832937113949,55.5363927382202,20.0561872014375,277.681963691101,142,24,0.311722838091263,81.4486062888643,18.5513937111357
1983,5.43210589527299,1.08215638515301,56.5666007783878,20.1682069000507,282.833003891939,143,24,0.317005001603236,81.2885472588145,18.7114527411855
1983,5.39691008847331,1.07508060340232,57.5895877265766,20.2780431035531,287.947938632883,144,24,0.322904739983337,81.1515991929469,18.8484008070531
1983,5.3571893527665,1.06709191857509,58.6043517970215,20.3856610325144,293.021758985107,145,24,0.329083018258199,81.0360576810493,18.9639423189508
1983,5.31256337923188,1.05811351851908,59.609931981371,20.4910312972381,298.049659906855,146,24,0.335587413333755,80.9405365687972,19.0594634312028
1983,5.26319267071093,1.04816197024958,60.6052816824582,20.5941164655183,303.026408412291,147,24,0.342827261547841,80.8605127268385,19.1394872731615
1983,5.20850551416766,1.03710980935191,61.589304526587,20.6948750545527,307.946522632935,148,24,0.351217946660469,80.7933759473714,19.2066240526286
1983,5.14792372849093,1.02482878701738,62.5607067129307,20.7932467591994,312.803533564653,149,24,0.361232487864118,80.7350787879064,19.2649212120936
1983,5.08033957224375,1.01116245457751,63.5179841961353,20.8891520345862,317.589920980676,150,24,0.37131360032081,80.6806521978657,19.3193478021343
1983,5.26808197240282,1.04837626386768,64.4597228391876,20.9825225112377,322.298614195938,151,24,0.382054141444168,81.0604890548418,18.9395109451582
1983,5.17766347145159,1.03027469893477,65.4368557215792,21.0784025577986,327.184278607896,152,24,0.389655950048265,80.9794672624614,19.0205327375386
1983,5.07632424623013,1.01002439218313,66.3943776896211,21.1713950871552,331.971888448106,153,24,0.396656874817697,80.8817657064791,19.1182342935209
1983,4.96285119696324,0.98736238012691,67.3302244000545,21.261383662421,336.651122000272,154,24,0.40365330872743,80.7596154102522,19.2403845897478
1983,4.83596301031108,0.962035371414648,68.2419696304879,21.3482201759658,341.209848152439,155,24,0.410609622667142,80.6018710786355,19.3981289213645
1983,4.69463582194167,0.933861167051348,69.1269380509418,21.4317364643582,345.634690254709,156,24,0.416823926301151,80.3961218398883,19.6038781601117
1983,4.5387733614539,0.902829708677767,69.9823899760903,21.5117618559233,349.911949880452,157,24,0.421890232684144,80.1316231074082,19.8683768925918
1983,4.36993448147563,0.869258050793644,70.8056477127421,21.5881343273458,354.02823856371,158,24,0.425399082882709,79.8008996141477,20.1991003858524
1983,4.19259616410487,0.834041625579345,71.5944272872371,21.660729917308,357.972136436185,159,24,0.426943261744549,79.4054086322336,20.5945913677664
1983,4.01629700014741,0.799018776610717,72.3474216270247,21.72951375165,361.737108135123,160,24,0.428624230061206,78.9659724533263,21.0340275466738
1983,3.85747598816151,0.767418725010398,73.0648111432801,21.794582597842,365.324055716401,161,24,0.43222515860774,78.5390338833913,21.4609661166088
1983,3.74094048167764,0.744213347508389,73.7497074567875,21.856290058489,368.748537283938,162,24,0.436435891321608,78.2332291782427,21.7667708217573
1983,3.6987856040321,0.735817892949701,74.4104456967317,21.9154435585174,372.052228483658,163,24,0.439949580277886,78.2027301030583,21.7972698969417
1983,3.75961595433427,0.747952860417442,75.0620413148633,21.9734211005532,375.310206574316,164,24,0.441420095562314,78.572357433928,21.427642566072
1983,3.92161806437895,0.78025555547344,75.7254997221894,22.0320948667132,378.627498610947,165,24,0.441222552656987,79.2847208896923,20.7152791103077
1983,4.11706441932429,0.819202888022912,76.4213883005939,22.0932529106328,382.106941502969,166,24,0.441799551387533,80.0032956151936,19.9967043848065
1983,4.21941621332582,0.839576353305751,77.1562400482525,22.1574153221487,385.781200241262,167,24,0.444792610111836,80.2612827076607,19.7387172923393
1983,3.79914791813741,0.755874582444056,77.9109517055927,22.2228699563668,389.554758527963,168,24,0.452109282376729,78.2882857142234,21.7117142857766
1983,5.06991004812775,1.0084436131742,78.5801336172351,22.2805381470351,392.900668086175,169,24,0.46318212410489,82.0644794073919,17.9355205926081
1983,6.92338405845453,1.37653406824725,79.5012415566932,22.3593594362222,397.506207783466,170,24,0.481750472563235,85.315127194181,14.684872805819
1983,8.32169668728557,1.65375774671231,80.7893135095408,22.4685223096189,403.946567547704,171,24,0.505583971696992,86.5421246151076,13.4578753848924
1983,9.23839580183394,1.83515889632545,82.3522556476178,22.5993632253193,411.761278238089,172,24,0.529837895237381,86.7104161555997,13.2895838444003
1983,9.82150257330227,1.95051605200328,84.0936528797841,22.7431207165385,420.468264398921,173,24,0.548813003559903,86.3116996855463,13.6883003144537
1983,10.1893564418592,2.02368072137587,85.94783469283,22.8939260312534,429.73917346415,174,24,0.556414741158932,85.5667565534187,14.4332434465813
1983,10.4190343850889,2.07005202818177,87.8740175432578,23.0482049117802,439.370087716289,175,24,0.551350179432963,84.5861214692109,15.4138785307891
1983,10.5607162475231,2.09928001117744,89.8470917337954,23.2038148637464,449.235458668977,176,24,0.540329450880637,83.433310597867,16.566689402133
1983,10.6469412017712,2.117523990211,91.8506411614481,23.3594098680012,459.25320580724,177,24,0.5291953736488,82.1501437969077,17.8498562030923
1983,10.6997267685893,2.12884868576555,93.8735885271453,23.5141295000707,469.367942635726,178,24,0.523390279710014,80.7674864474688,19.2325135525312
1983,10.7346192700221,2.13603412155297,95.9081710228333,23.6674125513787,479.540855114166,179,24,0.528248397253055,79.3101377005901,20.6898622994099
1983,10.7624757006729,2.14104237723887,97.948667659195,23.8188815176313,489.743338295975,180,24,0.547678636909475,77.799170624065,22.200829375935
1983,10.7892998239304,2.14526020894364,99.9907464321012,23.9682818335505,499.953732160506,181,24,0.579278089574127,76.2530577529295,23.7469422470705
1983,10.8189685042989,2.14974312204563,102.031756019454,24.1154938768665,510.158780097272,182,24,0.618821588639488,74.6880967733586,25.3119032266414
1983,10.8538834649645,2.15525291036458,104.070664794595,24.2605191532638,520.353323972977,183,24,0.66102862945073,73.1186401280885,26.8813598719115
1983,10.8953340383716,2.1623316776324,106.107976776481,24.4034661529677,530.539883882404,184,24,0.699056880776526,71.5572163203174,28.4427836796826
1983,10.94243644808,2.17134983155327,108.145821391252,24.5445494435567,540.729106956258,185,24,0.718234092595481,70.0145847711633,29.9854152288367
1983,10.9962930336284,2.18253286257824,110.18908465071,24.6841596517165,550.945423253551,186,24,0.717035478800688,68.4995712812648,31.5004287187352
1983,11.060013125135,2.19598913556074,112.243176529179,24.8227027078495,561.215882645894,187,24,0.708133096071925,67.0196057968108,32.9803942031892
1983,11.1362499176696,2.21172469670981,114.311592741444,24.9604376185482,571.557963707222,188,24,0.704351645014313,65.5813458155674,34.4186541844326
1983,11.2272590143483,2.22965282102054,116.395792956229,25.0974776619551,581.978964781146,189,24,0.718351283900583,64.190840946559,35.809159053441
1983,11.3320750876267,2.24952875909358,118.495154231461,25.2337963472266,592.475771157303,190,24,0.752051666192206,62.8561942129092,37.1438057870908
1983,11.447052764997,2.27110310822816,120.608475064192,25.3693318158314,603.042375320958,191,24,0.795041685533154,61.5813391695426,38.4186608304574
1983,11.5694132360674,2.29408645376969,122.735905561454,25.5041105250488,613.67952780727,192,24,0.841186055908733,60.3689589981372,39.6310410018628
1983,11.695889919861,2.31810221853098,124.878265360262,25.6381995267411,624.391326801309,193,24,0.88287960668773,59.2223212047411,40.7776787952589
1983,11.8229140946882,2.34272741989293,127.037239862834,25.7717161138553,635.186199314171,194,24,0.911073755316307,58.1441250184952,41.8558749815048
1983,11.947141542455,2.36750283067392,129.21560822724,25.9048386962298,646.0780411362,195,24,0.918916160564738,57.1366135423165,42.8633864576835
1983,11.5661248462362,2.29267007098902,131.416848651222,26.0377794866694,657.084243256112,196,24,0.901962861919237,55.3585625376584,44.6414374623416
1983,11.6807289132265,2.31633084186413,133.544835682505,26.1648288945126,667.724178412525,197,24,0.886053121487073,54.5095320978267,45.4904679021733
1983,11.7879203513548,2.33854745754757,135.698467947693,26.2919808328107,678.492339738467,198,24,0.87016592887336,53.7384984675305,46.2615015324695
1983,11.8930438740275,2.36011694451599,137.876220045045,26.4191345689999,689.381100225225,199,24,0.861464469900779,52.9995542020108,47.0004457979892
1983,12.0039597936772,2.38222596782516,140.07620074487,26.5461727313554,700.38100372435,200,24,0.869668917515219,52.2558426270374,47.7441573729626
1983,12.1226736775472,2.40527265906174,142.296144846519,26.6729618175002,711.480724232593,201,24,0.894776797307253,51.5120984175567,48.4879015824433
1983,12.249859378474,2.42966288361206,144.534186952507,26.7993966045662,722.670934762533,202,24,0.929863213275857,50.777137456716,49.222862543284
1983,12.3860809034479,2.45579508239625,146.789979628013,26.9254608371234,733.949898140066,203,24,0.967186593293441,50.0605416439626,49.9394583560374
1983,12.5317086750642,2.4840385168268,149.064834411359,27.0512302776908,745.324172056793,204,24,0.997854712643061,49.3720437907327,50.6279562092673
1983,12.6873436977802,2.51475048916252,151.361912700273,27.1768782268411,756.809563501365,205,24,1.01415609394406,48.7209071573647,51.2790928426352
1983,12.8552411503892,2.54825431916061,153.686034969538,27.3026600759151,768.430174847692,206,24,1.01963992824755,48.115417196855,51.884582803145
1983,13.0372618148831,2.58468548960636,156.041758610939,27.4288064909731,780.208793054694,207,24,1.02149811997088,47.562724163456,52.437275836544
1983,13.2362070393327,2.62435217150975,158.432570261248,27.5554819342703,792.162851306242,208,24,1.02716483785253,47.0685608012762,52.9314391987238
1983,13.4538232545019,2.66733883871814,160.861025588785,27.6827952125347,804.305127943926,209,24,1.04423641366854,46.636916444374,53.363083555626
1983,13.6901909900301,2.71364629413617,163.328506066379,27.8107896794799,816.642530331895,210,24,1.07316327726104,46.2699007690278,53.7300992309721
1983,13.9396225329512,2.76238101015352,165.836315403317,27.9395025392166,829.181577016584,211,24,1.1070830430135,45.9749786765735,54.0250213234265
1983,13.6974880407661,2.71367951483231,168.385988505267,28.0689807224945,841.929942526337,212,24,1.12977763762376,44.9096254998706,55.0903745001294
1984,5.49896408511883,1.09358419433661,54.5,19.9420239553624,272.5,141,24,0.350420106418338,81.633016449931,18.366983550069
1984,5.47281456838482,1.08831938531659,55.5296822103742,20.0554528030103,277.648411051871,142,24,0.357152367479356,81.4502265129537,18.5497734870463
1984,5.44221703383076,1.08213501404642,56.5527849083484,20.1667140765136,282.763924541742,143,24,0.364782231115609,81.2918292956318,18.7081707043682
1984,5.4070583327042,1.07504591183035,57.5682386869664,20.2757648472066,287.841193434832,144,24,0.372414700066768,81.156578949658,18.843421050342
1984,5.36710456355522,1.06704159955843,58.5751304963727,20.382580285665,292.875652481864,145,24,0.37909092040199,81.0427366405035,18.9572633594965
1984,5.32215513447492,1.0580450829148,59.5726922650626,20.4871512931223,297.863461325313,146,24,0.385748091853402,80.9488597146798,19.0511402853203
1984,5.27244724965607,1.04807256424612,60.5599283515324,20.5894451281881,302.799641757662,147,24,0.393259040087927,80.870404690667,19.129595309333
1984,5.21710229056589,1.03699605992022,61.53571598058,20.6894168818649,307.6785799029,148,24,0.400349453321841,80.804758254616,19.195241745384
1984,5.15525632952451,1.02468743657468,62.4990115086533,20.7870308102789,312.495057543267,149,24,0.405690991560779,80.7478130837082,19.2521869162918
1984,5.08591619653309,1.01099132224929,63.4488641694082,20.8822610889343,317.244320847041,150,24,0.40787794743332,80.6944866431532,19.3055133568468
1984,5.27235059137126,1.04816966917058,64.3844057004887,20.9750901629164,321.922028502443,151,24,0.411581252826552,81.0748053922434,18.9251946077566
1984,5.18083615130654,1.0300364112937,65.3564873915214,21.070554318356,326.782436957607,152,24,0.414656915480082,80.9942185334631,19.005781466537
1984,5.07862633069183,1.00975346311528,66.3096442855851,21.1632038003704,331.548221427925,153,24,0.41824776392022,80.8967516195763,19.1032483804237
1984,4.96423731178449,0.987058004484256,67.241633895917,21.2529025282781,336.208169479585,154,24,0.421361662631892,80.7746814143059,19.2253185856941
1984,4.83624579084727,0.961697956287891,68.1501154191972,21.3395085529889,340.750577095986,155,24,0.422930186180972,80.6168640785164,19.3831359214836
1984,4.69416569258337,0.93349345567261,69.0326771040741,21.4228764509079,345.16338552037,156,24,0.425626835987868,80.4108686433244,19.5891313566756
1984,4.53824436644937,0.902435086524036,69.8862753196431,21.5028046850256,349.431376598215,157,24,0.431667010069482,80.1460278190659,19.8539721809341
1984,4.36977154143453,0.868838763403573,70.7074728754178,21.5790593944559,353.537364377089,158,24,0.439329975919681,79.8150098683755,20.1849901316245
1984,4.19297387294329,0.833599668722183,71.4934347372248,21.6514662516018,357.467173686124,159,24,0.446728666640843,79.4193826519207,20.5806173480793
1984,4.01687934401386,0.798557166060342,72.242548683229,21.7199639141984,361.212743416145,160,24,0.451936200941201,78.9800556361086,21.0199443638914
1984,3.85798071415461,0.766944293336825,72.9553935268106,21.7846870377942,364.776967634053,161,24,0.456616516038329,78.5534795816261,21.4465204183739
1984,3.74151841616886,0.743734462679614,73.635513886474,21.8460293266113,368.17756943237,162,24,0.462739009779,78.2482714442896,21.7517285557104
1984,3.69953606225046,0.735335968396595,74.2911085896372,21.9047869061241,371.455542948186,163,24,0.468540402993905,78.2185210439649,21.7814789560351
1984,3.76056307824689,0.747454042634455,74.9371377731095,21.9623347112692,374.685688865547,164,24,0.472234105856824,78.588724222655,21.411275777345
1984,3.92247266570584,0.779708048012867,75.5946245932764,22.0205492118261,377.973122966382,165,24,0.472024124163003,79.301123741442,20.698876258558
1984,4.11736784614743,0.818579158337428,76.2845257366335,22.0812555225852,381.422628683167,166,24,0.46963478205087,80.0192979792423,19.9807020207577
1984,4.2190004274202,0.838894603209914,77.0138732667571,22.1450181614783,385.069366333785,167,24,0.468511141978534,80.27718964142,19.72281035858
1984,3.79790183837925,0.755225643686199,77.7637603978254,22.2101391475566,388.818801989127,168,24,0.469726234445437,78.305440648897,21.694559351103
1984,5.06655786031029,1.00751187888023,78.4291722385609,22.2675587117689,392.145861192804,169,24,0.47166439812174,82.0787418902432,17.9212581097568
1984,6.91835110025206,1.37563635261919,79.3479159981952,22.3462833382604,396.739579990976,170,24,0.478317627426179,85.3305692387565,14.6694307612435
1984,8.31540640292187,1.65309068617078,80.6356708467682,22.4555652482258,403.178354233841,171,24,0.491649217260289,86.5589391453973,13.4410608546027
1984,9.23178151663837,1.83473003655875,82.2001450450507,22.5867057818115,411.000725225253,172,24,0.510266057844387,86.7283060520016,13.2716939479984
1984,9.81625317721844,1.9502752461572,83.9441372335241,22.7308596340309,419.72068616762,173,24,0.53139680507948,86.3304895247826,13.6695104752174
1984,10.1879601137609,2.02357500621359,85.8007561625817,22.8820470324037,429.003780812908,174,24,0.55212544537072,85.5864378471386,14.4135621528614
1984,10.4236009324809,2.07004009738927,87.7275217198565,23.036554523461,438.637608599282,175,24,0.56923600290888,84.6069267517624,15.3930732482376
1984,10.5709754735226,2.09933384837541,89.6979366236016,23.1921351828788,448.489683118008,176,24,0.579210665627288,83.4557098166025,16.5442901833975
1984,10.6615059039329,2.11762507995066,91.695766839421,23.3474672232823,458.478834197105,177,24,0.58336293018078,82.1746354536648,17.8253645463352
1984,10.7166803430176,2.12898294481862,93.7107996314007,23.5017655013041,468.553998157004,178,24,0.58566767926322,80.7944730948134,19.2055269051866
1984,10.7515151522597,2.13618849354498,95.7363243710088,23.6545539517222,478.681621855044,179,24,0.590196106202004,79.3398613240629,20.6601386759371
1984,10.776931359165,2.14120304428207,97.7678188523986,23.8055461749872,488.839094261993,180,24,0.601292994557323,77.8316520842815,22.1683479157185
1984,10.7997477542253,2.14541212098603,99.8020754523695,23.9545681526787,499.010377261848,181,24,0.618594895537257,76.2880787863079,23.711921213692
1984,10.8244906263597,2.14987129386373,101.837322289607,24.1015588731664,509.186611448033,182,24,0.639090157673489,74.7252249075843,25.2747750924157
1984,10.8550190962783,2.15534311512461,103.873294296151,24.2465674478002,519.366471480756,183,24,0.663128039924708,73.157242090801,26.842757909199
1984,10.8941126337373,2.16237249968376,105.910427495921,24.3896893968363,529.552137479607,184,24,0.691180343215533,71.5966245517377,28.4033754482623
1984,10.9436829676485,2.17133291229423,107.949618479699,24.5310470239332,539.748092398496,185,24,0.723759415698322,70.054349686636,29.945650313364
1984,11.0035732717279,2.18245094204787,109.992042658041,24.6707753582748,549.960213290207,186,24,0.754575159344876,68.5399960687002,31.4600039312998
1984,11.0732896373819,2.19583157200251,112.040100947961,24.8090849095711,560.200504739807,187,24,0.777870321554207,67.0616362685761,32.9383637314239
1984,11.1532994411224,2.21147592577109,114.097245585697,24.9462454192204,570.486227928483,188,24,0.795496815052517,65.6259604228923,34.3740395771077
1984,11.2436219369545,2.22929449121421,116.166650308856,25.0824952078898,580.833251544281,189,24,0.809719544128707,64.2386670635682,35.7613329364318
1984,11.3435037759929,2.2490459739968,118.251037988594,25.2180319712655,591.25518994297,190,24,0.822945673843609,62.9071521088928,37.0928478911072
1984,11.4518871402614,2.27048964330709,120.352497529288,25.3530035299906,601.762487646439,191,24,0.836021795204706,61.6346529466308,38.3653470533692
1984,11.5671606742791,2.29334558535745,122.472734993568,25.4875266233302,612.36367496784,192,24,0.847861205800572,60.4235305657277,39.5764694342723
1984,11.6874040548317,2.31724715306206,124.613349439591,25.6217059018274,623.066747197956,193,24,0.858065566342584,59.2769082209987,40.7230917790013
1984,11.8104474477689,2.34177817715749,126.775633306787,25.755622303181,633.878166533936,194,24,0.866246036579662,58.1975969888498,41.8024030111502
1984,11.9339053865501,2.36647934794939,128.960520498655,25.8893312405687,644.802602493276,195,24,0.872037793717537,57.1882529666325,42.8117470333675
1984,11.5546969271315,2.29155767759339,131.168538360506,26.0228611690074,655.842691802529,196,24,0.867210065670045,55.4085067227193,44.5914932772807
1984,11.6725965113281,2.31516149430612,133.301241712699,26.1503571910759,666.506208563495,197,24,0.872136209196003,54.5579284896362,45.4420715103637
1984,11.7840561103782,2.33731362118658,135.456084864767,26.2777409227023,677.280424323835,198,24,0.882059416087187,53.7860111593388,46.2139888406612
1984,11.8936765167517,2.3587974184426,137.630742919362,26.4048720592824,688.153714596808,199,24,0.900699593345477,53.0469667735803,46.9530332264197
1984,12.0080550065887,2.38078882914209,139.823065384646,26.5316265120501,699.115326923229,200,24,0.932212091580428,52.3039353612681,47.6960646387319
1984,12.1284616577128,2.40368509512767,142.031388439719,26.6579133440742,710.156942198597,201,24,0.973106517266966,51.5614813997242,48.4385186002758
1984,12.2555412665635,2.42789548892959,144.254998624809,26.7836991109415,721.274993124045,202,24,1.01533593022807,50.8281485221454,49.1718514778546
1984,12.3910413941429,2.45382657630707,146.494918916897,26.9090485677572,732.474594584487,203,24,1.05692379844861,50.1132167314981,49.8867832685019
1984,12.5364941762143,2.48184797205496,148.75291470254,27.0340647306989,743.764573512699,204,24,1.09546444076442,49.4262956126381,50.5737043873619
1984,12.6933420651913,2.51231162360335,151.031536215165,27.1588891543425,755.157681075827,205,24,1.1283696577701,48.7767135696624,51.2232864303376
1984,12.8615289299604,2.54553123468179,153.334136713116,27.2837008509387,766.670683565581,206,24,1.14423694178574,48.1729507622938,51.8270492377062
1984,13.0414577450212,2.58164519830516,155.666335153057,27.4087923015002,778.331675765286,207,24,1.14108719488675,47.6219230270941,52.3780769729059
1984,13.2365031843627,2.62098091735058,158.034222177817,27.5344686837491,790.171110889082,208,24,1.13095287613027,47.1289244947352,52.8710755052648
1984,13.449020366184,2.66364229366859,160.442151516169,27.6609315385242,802.210757580845,209,24,1.12589301191566,46.6976982127107,53.3023017872893
1984,13.6810169037305,2.70964320796182,162.892531071312,27.7882730499317,814.462655356558,210,24,1.13773272809569,46.3302754221932,53.6697245778068
1984,13.9279741067839,2.75808991445763,165.385800815151,27.9164804075644,826.929004075756,211,24,1.16599070249533,46.0343390356632,53.9656609643368
1984,13.6842511388714,2.70916497589353,167.921589693489,28.0454997703377,839.607948467444,212,24,1.18805680962033,44.9671472089482,55.0328527910518
1985,5.50196463345088,1.09358419433661,54.5,19.9420239553624,272.5,141,24,0.365029784437214,81.633016449931,18.366983550069
1985,5.47547571509843,1.08831592983132,55.5273603844369,20.0551986885785,277.636801922184,142,24,0.370468644389646,81.4507871217591,18.5492128782409
1985,5.4437620659873,1.08212812466844,56.5483320638258,20.1662328864475,282.741660319129,143,24,0.372773364235749,81.2928871531609,18.7071128468391
1985,5.40662965478121,1.07503657853089,57.5624966379088,20.2751519856804,287.812483189544,144,24,0.370422305204292,81.1579184218337,18.8420815781663
1985,5.364516515754,1.06703224737121,58.5697012127672,20.3820077684979,292.848506063836,145,24,0.365860519413978,81.0439777218325,18.9560222781675
1985,5.31780370056635,1.05803901505261,59.5693914748419,20.4868073024099,297.84695737421,146,24,0.36297893627813,80.949597546177,19.050402453823
1985,5.26669313000585,1.04807331904792,60.5603111206911,20.5894845631414,302.801555603455,147,24,0.362377990209185,80.8703211925753,19.1296788074247
1985,5.21066081415419,1.03700754295786,61.5411241338903,20.6899678706337,307.705620669451,148,24,0.364711332508874,80.8036093591378,19.1963906408622
1985,5.14916820868796,1.02471321285682,62.5102589618575,20.7881643384863,312.551294809288,149,24,0.37070324659533,80.7454911118553,19.2545088881447
1985,5.08170767305647,1.0110334903067,63.4658914822884,20.8839591184491,317.329457411442,150,24,0.382254771536395,80.6910779427515,19.3089220572485
1985,5.27084426763868,1.04822813700263,64.4057158375039,20.9771936766949,322.02857918752,151,24,0.401295952186875,81.0707539064748,18.9292460935252
1985,5.18209143230445,1.03010481529239,65.3795531807324,21.0728074586352,326.897765903662,152,24,0.420271113159967,80.9899839293213,19.0100160706787
1985,5.08201882641332,1.00982444101393,66.3318381244637,21.1653500120622,331.659190622318,153,24,0.437505345111414,80.8928253873965,19.1071746126035
1985,4.96871685320087,0.987123367314494,67.2606545450201,21.2547241096661,336.3032727251,154,24,0.448682050971849,80.771445686789,19.228554313211
1985,4.84071263034263,0.961751053999912,68.1645677403016,21.3408797800885,340.822838701508,155,24,0.451413618461338,80.614504205827,19.385495794173
1985,4.6976015624185,0.933531100805118,69.0423259778069,21.4237837795025,345.211629889035,156,24,0.448292713102008,80.4093584466674,19.5906415533326
1985,4.53983176860518,0.902458913129083,69.892078100254,21.5033457044533,349.46039050127,157,24,0.442273931258871,80.145157709814,19.854842290186
1985,4.36944674489234,0.868855841812215,70.7114716936307,21.579429202503,353.557358468153,158,24,0.436268960972612,79.814434794645,20.185565205355
1985,4.1913318984345,0.833619561194443,71.4979807563323,21.6518834367544,357.489903781661,159,24,0.433067000988338,79.4187532058352,20.5812467941648
1985,4.01504690166482,0.798587751443135,72.249498589178,21.7205970785693,361.24749294589,160,24,0.435541426182659,78.9791216197338,21.0208783802662
1985,3.85669881545663,0.766987043273515,72.9652558165023,21.7855793920064,364.826279082512,161,24,0.443587984035948,78.5521763706562,21.4478236293439
1985,3.74097807763252,0.743785651202739,73.6477253795403,21.8471271056163,368.238626897702,162,24,0.455468151725562,78.2466612699648,21.7533387300352
1985,3.6998945936152,0.735390687672909,74.3046660267505,21.9059981685218,371.523330133753,163,24,0.469398555727954,78.216725146815,21.783274853185
1985,3.76200035124878,0.747507751551393,74.9505951004905,21.9635297971235,374.752975502453,164,24,0.483407439460709,78.5869587997093,21.4130412002907
1985,3.92519954728287,0.779756166687525,75.6061345163762,22.0215651626147,378.030672581881,165,24,0.495016192800649,79.2996794027859,20.7003205972141
1985,4.12139318330165,0.818613118393993,76.291982450709,22.0819095652364,381.459912253545,166,24,0.503774859531664,80.0184249459154,19.9815750540846
1985,4.22388408751254,0.838901463780519,77.0153069164865,22.1451430818807,385.076534582433,167,24,0.510620295741379,80.2770292202072,19.7229707797928
1985,3.80261328439793,0.755199157350782,77.7577489253904,22.2096188489701,388.788744626952,168,24,0.516765173122023,78.3061423809546,21.6938576190454
1985,5.07278851412768,1.0074225074804,78.414695370642,22.2663130974701,392.07347685321,169,24,0.52052253509004,82.0801109153242,17.9198890846758
1985,6.92666269240646,1.37550156084492,79.3249138924198,22.3443201257594,396.624569462099,170,24,0.527070664952424,85.3328870480217,14.6671129519783
1985,8.32458471437662,1.65295553955763,80.6045808873339,22.4529412631224,403.022904436669,171,24,0.537129916667001,86.5623429498965,13.4376570501035
1985,9.24003073233766,1.83462176105321,82.1617952450989,22.5835120378564,410.808976225494,172,24,0.547802549871251,86.732818051635,13.267181948365
1985,9.82193185386596,1.95020394821328,83.8999308421227,22.7272315583958,419.499654210614,173,24,0.55622446269479,86.3360469836127,13.6639530163873
1985,10.1896528608331,2.0235404453914,85.7527210790723,22.8781643388286,428.763605395362,174,24,0.559507405383422,85.5928679747691,14.4071320252309
1985,10.4214064790095,2.07003611937388,87.6783501296585,23.0326410100633,438.391750648293,175,24,0.560150074346541,84.6139126777061,15.3860873222939
1985,10.567089280555,2.09935117305237,89.6501448534576,23.1883899561666,448.250724267288,176,24,0.562875942025136,83.462889685121,16.537110314879
1985,10.6579591295689,2.11765475721017,91.6504664281546,23.3439713677582,458.252332140773,177,24,0.568173126788371,82.1818021636288,17.8181978363711
1985,10.7146798216254,2.12901851932582,93.6678295707746,23.4984993802176,468.339147853873,178,24,0.576595539394739,80.8015996966318,19.1984003033682
1985,10.7514164631187,2.13622598167773,95.6947704743116,23.6514422244136,478.473852371558,179,24,0.588808521265117,79.3470521878397,20.6529478121603
1985,10.7780126057455,2.14123991655136,97.7265247094846,23.8024988366574,488.632623547423,180,24,0.604842199717946,77.8390726176625,22.1609273823376
1985,10.8013184470924,2.1454459802862,99.7602898902274,23.9515284965282,498.801449451137,181,24,0.624422918877826,76.2958393848321,23.7041606151679
1985,10.8266338739683,2.14989964136506,101.794687689566,24.0985007865168,508.973438447829,182,24,0.647785299871598,74.7333711204158,25.2666288795842
1985,10.8577833244236,2.15536346808668,103.829352047401,24.2434587483739,519.146760237004,183,24,0.675200826727642,73.1658418414738,26.8341581585261
1985,10.8975125304303,2.16238226159094,105.864626629297,24.3864927639401,529.323133146487,184,24,0.707062483168126,71.6057672266417,28.3942327733583
1985,10.9463153568543,2.17132907535294,107.901324702097,24.5277208884852,539.506623510486,185,24,0.736771643960321,70.0641442274765,29.9358557725235
1985,11.0043755565405,2.18243035920466,109.941676996219,24.6673515341289,549.708384981093,186,24,0.758972416004344,68.5503363822632,31.4496636177368
1985,11.0728408798325,2.19579232090239,111.989020944681,24.805656890397,559.945104723403,187,24,0.77626289782268,67.0722162309256,32.9277837690744
1985,11.1523335128184,2.2114173210645,114.046402461784,24.9428763047258,570.232012308918,188,24,0.791630314003652,65.6365514982501,34.3634485017499
1985,11.2430351112151,2.22921632607787,116.116392876106,25.0792063802055,580.58196438053,189,24,0.808396698282971,64.2491657267377,35.7508342732623
1985,11.3438150268958,2.24894733603433,118.200933751849,25.2147935683826,591.004668759246,190,24,0.827080657567897,62.9176207567809,37.0823792432191
1985,11.4529287281772,2.27036823017499,120.301635029936,25.3497562327898,601.508175149682,191,24,0.8448502902841,61.6452567169453,38.3547432830547
1985,11.5686417243364,2.29319854646497,122.420322247049,25.4842208274515,612.101611235243,192,24,0.859887520144635,60.4344100683274,39.5655899316726
1985,11.688777500374,2.31707173720688,124.558835597892,25.618308847123,622.794177989459,193,24,0.870299257309103,59.2881527611283,40.7118472388717
1985,11.8108948791367,2.34157307842822,126.718956363127,25.7521325363172,633.594781815634,194,24,0.87413115018624,58.2091938493818,41.7908061506182
1985,11.9340042142697,2.36624657141544,128.902366061251,25.8857928869443,644.511830306256,195,24,0.87872973288618,57.2000379131959,42.7999620868041
1985,11.5557735860507,2.2912918183431,131.109076411459,26.0192858138666,655.545382057293,196,24,0.880618486425308,55.4204793033643,44.5795206966357
1985,11.6746787954505,2.31486480461846,133.239325644458,26.1466758744636,666.196628222292,197,24,0.892107054823286,54.570242721029,45.4297572789709
1985,11.7855614461159,2.33698085659706,135.390604738783,26.273890944693,676.953023693914,198,24,0.899780075942162,53.7988604683244,46.2011395316756
1985,11.8914696104138,2.35842867753336,137.562035188597,26.4008768839128,687.810175942986,199,24,0.898367869236321,53.060251822728,46.939748177272
1985,11.9996824816613,2.38039958179103,139.754399961394,26.5276775445863,698.77199980697,200,24,0.895234669346223,52.316995738032,47.683004261968
1985,12.1139374306037,2.40330831140847,141.968462501914,26.6543338253373,709.842312509572,201,24,0.899599182615305,51.5732321754459,48.4267678245541
1985,12.235944288651,2.4275723631855,144.203887388774,26.7808230653842,721.019436943871,202,24,0.909157531892664,50.8374982993916,49.1625017006084
1985,12.3673493209682,2.45360149364068,146.461139597884,26.9071681790612,732.305697989422,203,24,0.921573269311946,50.1192544010552,49.8807455989449
1985,12.5096107919701,2.48176774435454,148.741478056349,27.0334348732826,743.707390281747,204,24,0.934529883611721,49.4282871858442,50.5717128141558
1985,12.6646053108664,2.51242502878956,151.046913749496,27.1597270727271,755.23456874748,205,24,0.948556304274259,48.7741128996447,51.2258871003553
1985,12.8343495890383,2.54588381403001,153.379723944828,27.2861586632576,766.898619724142,206,24,0.966212270307393,48.1654885400873,51.8345114599128
1985,13.0195051155798,2.5822580691957,155.742073813634,27.4128327098259,778.71036906817,207,24,0.988033550133803,47.6099657820992,52.3900342179008
1985,13.2216477710997,2.62184293042752,158.136150079336,27.5398489914235,790.680750396682,208,24,1.01461097121988,47.113460051835,52.886539948165
1985,13.441286008884,2.66471984394324,160.5643327496,27.6673130517046,802.821663748001,209,24,1.04663173631309,46.6799467011809,53.3200532988191
1985,13.6777663386813,2.71089517109214,163.028962157343,27.7953237633783,815.144810786715,210,24,1.08019291290935,46.3113578718362,53.6886421281639
1985,13.9258635523654,2.7594914487354,165.53302450997,27.9240086143171,827.665122549851,211,24,1.11038905889328,46.0149148513123,53.9850851486877
1985,13.6816279354772,2.71069874965009,168.079437643119,28.0534859566564,840.397188215597,212,24,1.123117196312,44.9475685096963,55.0524314903037
1986,5.48727183854144,1.09358419433661,54.5,19.9420239553624,272.5,141,24,0.298857588427993,81.633016449931,18.366983550069
1986,5.46049250382106,1.08833125117228,55.5376562646568,20.0563254745239,277.688281323284,142,24,0.301542129069776,81.4483012239446,18.5516987760554
1986,5.42926722835928,1.08216073991352,56.569416571788,20.1685111191803,282.84708285894,143,24,0.304784613227427,81.2878783856918,18.7121216143082
1986,5.39368798963796,1.0750882259057,57.5942798543527,20.2785437436529,287.971399271763,144,24,0.308670550549996,81.1505048233193,18.8494951766807
1986,5.35392641023124,1.06710378700724,58.6112463248457,20.3863877535248,293.056231624229,145,24,0.314206557452092,81.0344820182064,18.9655179817936
1986,5.30964953120555,1.05813045067528,59.6191491838758,20.4919913762579,298.095745919379,146,24,0.321762162313669,80.93847682282,19.06152317718
1986,5.26069483710167,1.0481844331827,60.6166811233938,20.5952902107428,303.083405616969,147,24,0.330397595014488,80.8580268864891,19.1419731135109
1986,5.20618121778484,1.03713821068877,61.6026902774629,20.6962379213665,308.013451387315,148,24,0.339056832877548,80.7905334549355,19.2094665450645
1986,5.1452439020714,1.02486394765194,62.5760597552072,20.7947929533619,312.880298776036,149,24,0.346617766537332,80.7319107019112,19.2680892980888
1986,5.0768247514501,1.01120635797095,63.5357241280095,20.890919780521,317.678620640047,150,24,0.351522692902375,80.6771026887827,19.3228973112174
1986,5.26345196433795,1.04843382831422,64.4807178769814,20.9845932375251,322.403589384907,151,24,0.356370497089519,81.0564997765661,18.9435002234339
1986,5.17232780355662,1.03034940163659,65.4620613447407,21.0808625882482,327.310306723704,152,24,0.358903496113168,80.974842838017,19.025157161983
1986,5.07074702635411,1.01012120172268,66.4246664863677,21.1743213762076,332.123332431838,153,24,0.362878151520138,80.8764114511003,19.1235885488997
1986,4.95771075034281,0.987485781002026,67.366153260246,21.2648210635744,336.83076630123,154,24,0.370233502436315,80.7535086415413,19.2464913584587
1986,4.83178512825354,0.962188082684176,68.2835540608445,21.352161432776,341.417770304222,155,24,0.380546967013929,80.5950877662676,19.4049122337324
1986,4.69162113038441,0.934043541695482,69.173699062513,21.436128619248,345.868495312565,156,24,0.391717065553062,80.3888115927218,19.6111884072782
1986,4.53703528262172,0.903039809613833,70.0335689736408,21.5165278598706,350.167844868204,157,24,0.403130517613196,80.1239593168208,19.8760406831792
1986,4.36950677121408,0.86949116070368,70.8602305164007,21.593175974844,354.301152582003,158,24,0.414159883550358,79.7930621892656,20.2069378107344
1986,4.19342982535777,0.834289977929497,71.6511717996041,21.6659308816954,358.255858998021,159,24,0.424061713640695,79.3975657962684,20.6024342037316
1986,4.0177412966973,0.799271886436759,72.4049085341537,21.7347444747852,362.024542670768,160,24,0.43027098700215,78.9582626071845,21.0417373928155
1986,3.85869863829474,0.767667931487307,73.1222568678031,21.7997737661037,365.611284339016,161,24,0.43224331727269,78.5314609750508,21.4685390249492
1986,3.74166373345992,0.744455434313447,73.8073933549593,21.8614691492187,369.036966774796,162,24,0.43241715156145,78.2256431861859,21.7743568138141
1986,3.69918825553535,0.736054895898499,74.4690792310757,21.920675095185,372.345396155378,163,24,0.433258245858199,78.1949857435319,21.8050142564681
1986,3.7603192205118,0.748192939335049,75.1220928366942,21.9787466735729,375.610464183471,164,24,0.437297822575068,78.5645036161435,21.4354963838565
1986,3.9232629832845,0.780511085928974,75.7865154859244,22.0374728549636,378.932577429622,165,24,0.444552464166587,79.2770887709807,20.7229112290193
1986,4.11983308668063,0.819479699888416,76.4820661467508,22.0985671465289,382.410330733754,166,24,0.453280934141912,79.9962155339033,20.0037844660967
1986,4.22311723683797,0.839858848766643,77.2151743950299,22.1625426018492,386.07587197515,167,24,0.463429110659947,80.2547117194315,19.7452882805685
1986,3.80287808985861,0.756121449760754,77.9668979831515,22.2277044416654,389.834489915758,168,24,0.475091394718211,78.2817788490584,21.7182211509416
1986,5.07469246689127,1.0087650544266,78.6322285367271,22.2850131573019,393.161142683636,169,24,0.485596207068785,82.0595632598252,17.9404367401748
1986,6.9271377642595,1.37681815197153,79.5498092012811,22.3634977756917,397.749046006405,170,24,0.494256061918658,85.3102385813751,14.6897614186249
1986,8.32156423628864,1.65396073688668,80.8361298471833,22.4724670316663,404.180649235917,171,24,0.500593214614441,86.5370032684796,13.4629967315204
1986,9.23371114719676,1.83529342841945,82.4000426757838,22.6033363206384,412.000213378919,172,24,0.507524707455141,86.7047980116717,13.2952019883283
1986,9.81436127557246,1.95059857314562,84.1449645255297,22.7473250438449,420.724822627649,173,24,0.518311422837719,86.3052536628653,13.6947463371347
1986,10.1845985445664,2.02372091808138,86.0038170987314,22.8984438041993,430.019085493657,174,24,0.536759760393851,85.5592680892442,14.4407319107558
1986,10.4213594390196,2.07005686392249,87.9329777910939,23.0528900290307,439.66488895547,175,24,0.560852280781735,84.5777512245473,15.4222487754527
1986,10.5717920864833,2.09925931783562,89.9046147229221,23.2083156252671,449.523073614611,176,24,0.585214674081474,83.4246755074252,16.5753244925748
1986,10.6667529153768,2.11749098400794,91.9014002624468,23.3633209420382,459.507001312234,177,24,0.609266656267287,82.1421202064282,17.8578797935718
1986,10.7265601668088,2.12881688326823,93.9122937380445,23.5170670049227,469.561468690223,178,24,0.632338769938898,80.7610727994525,19.2389272005475
1986,10.7650717197963,2.13601418462106,95.9304515401354,23.6690785373737,479.652257700677,179,24,0.653727136407144,79.306285613671,20.693714386329
1986,10.7914524144651,2.1410394806764,97.9519418488786,23.8191227900445,489.759709244393,180,24,0.670011631133575,77.7985828157808,22.2014171842192
1986,10.8124449636715,2.14527254681084,99.975349191705,23.9671633506488,499.876745958525,181,24,0.679828437867667,76.2559145696687,23.7440854303313
1986,10.8339251920365,2.14976335544148,102.000878640851,24.1132821418761,510.004393204257,182,24,0.685700125532155,74.693990515032,25.306009484968
1986,10.8603018343565,2.15527160351865,104.029405042211,24.2576041137225,520.147025211055,183,24,0.690322665770271,73.1267064375828,26.8732935624172
1986,10.8949091450431,2.1623409629241,106.062144822366,24.4002715028593,530.310724111831,184,24,0.696547173882888,71.5663553524985,28.4336446475015
1986,10.9403227617167,2.17134572567051,108.100409971458,24.541425810409,540.50204985729,185,24,0.707761001930441,70.0237845138849,29.9762154861151
1986,10.9976679235694,2.18251448753393,110.145348985051,24.681190299929,550.726744925255,186,24,0.724016547749514,68.5085400417805,31.4914599582195
1986,11.0669674760677,2.19595412661591,112.19832370292,24.8196964551851,560.991618514598,187,24,0.742965690814156,67.028884621645,32.971115378355
1986,11.1476979628405,2.21166592744231,114.261168824269,24.9571006560072,571.305844121343,188,24,0.762018710448035,65.5918359359745,34.4081640640255
1986,11.2388652826413,2.22955921521258,116.336130814209,25.093578643537,581.680654071045,189,24,0.778359184865456,64.2032869756967,35.7967130243033
1986,11.3393137388383,2.24939126402355,118.425818939936,25.2293211622996,592.129094699678,190,24,0.792208062819172,62.8706596209746,37.1293403790254
1986,11.4482789569656,2.27092076438991,120.532565278179,25.3644922064688,602.662826390896,191,24,0.805892753348382,61.5971402173536,38.4028597826464
1986,11.564309261704,2.29386692055869,122.658081546248,25.4992089660704,613.290407731242,192,24,0.819228895296681,60.3850870717279,39.6149129282721
1986,11.6855272534104,2.31786150737623,124.803823907606,25.6335672787163,624.019119538032,193,24,0.832100779190332,59.2376506199624,40.7623493800376
1986,11.8097899116193,2.34248628525763,126.970893972385,25.7676367594845,634.854469861924,194,24,0.844319880129173,58.1576772718202,41.8423227281798
1986,11.9354589628679,2.36727937780037,129.160000137029,25.9014599536973,645.800000685145,195,24,0.85960512757562,57.1478632519689,42.8521367480311
1986,11.5596568248133,2.29246341139348,131.370776968727,26.0350130158479,656.853884843633,196,24,0.870494686450753,55.3678227939772,44.6321772060228
1986,11.6804430906048,2.31613349388516,133.503773589293,26.1623907216877,667.518867946463,197,24,0.889883968578205,54.5176844739424,45.4823155260576
1986,11.7930704323998,2.33833405659475,135.65659165021,26.2895218844442,678.282958251052,198,24,0.905125776111744,53.7467014930444,46.2532985069556
1986,11.9007539121064,2.35985959365651,137.828391760096,26.4163570784222,689.141958800479,199,24,0.911576969617329,53.0087856193103,46.9912143806897
1986,12.0101883316931,2.3819060562903,140.019904134805,26.5429392772465,700.099520674023,200,24,0.913054630385408,52.2665309248698,47.7334690751302
1986,12.1246453261462,2.40489028172885,142.232432089883,26.6693422361533,711.162160449416,201,24,0.91630791321217,51.523973775923,48.476026224077
1986,12.2461590743844,2.42923453823213,144.466580746904,26.7955973546807,722.332903734521,202,24,0.920782096398249,50.7894804921553,49.2105195078446
1986,12.3767032086298,2.45535098554236,146.723470417884,26.9217633797967,733.617352089421,203,24,0.925888486484615,50.0724050937356,49.9275949062644
1986,12.5180659547287,2.48361605853185,149.004731066709,27.0479246224885,745.023655333545,204,24,0.931025612549905,49.3824876341113,50.6175123658887
1986,12.6725532787729,2.51438515723204,151.312467522644,27.1741876685293,756.562337613219,205,24,0.939075325118145,48.7292503414129,51.2707496585871
1986,12.8422663429897,2.54796508816668,153.648666074422,27.3006481884884,768.243330372111,206,24,0.953108930733798,48.1215192991502,51.8784807008498
1986,13.027713106979,2.58446952821905,156.015115519023,27.4273872288898,780.075577595114,207,24,0.972784621623682,47.5669195246533,52.4330804753467
1986,13.2303287469699,2.62419292835468,158.413771100511,27.5544910885827,792.068855502554,208,24,0.997919401059275,47.0714050986175,52.9285949013825
1986,13.4504439292841,2.66721414265985,160.846908026494,27.6820589746481,804.234540132468,209,24,1.02825703567117,46.6389615284825,53.3610384715175
1986,13.6870971541109,2.71353977729317,163.31691497867,27.8101915815156,816.584574893352,210,24,1.05815738848367,46.2715030016876,53.7284969983124
1986,13.9351923218358,2.76229328341544,165.827112309603,27.9390326804515,829.135561548016,211,24,1.08349783505219,45.9761889426125,54.0238110573875
1986,13.6914477097014,2.71362730069852,168.380621067602,28.0687095918632,841.903105338011,212,24,1.09450744513676,44.9102889410295,55.0897110589705
1987,5.48827193677249,1.09358419433661,54.5,19.9420239553624,272.5,141,24,0.302954133770729,81.633016449931,18.366983550069
1987,5.46391019593374,1.08833032972386,55.5370369752345,20.0562577033154,277.685184876173,142,24,0.315990961063089,81.448450744449,18.551549255551
1987,5.43490270920923,1.08215637011695,56.5665910563793,20.1682058496638,282.832955281896,143,24,0.329439691404657,81.2885495682335,18.7114504317665
1987,5.40108480702229,1.07507745598724,57.5876504294293,20.2778363897569,287.938252147146,144,24,0.34218727839006,81.1520510483691,18.8479489516309
1987,5.36168439116973,1.06708338133928,58.5993929433618,20.3851383053245,292.996964716809,145,24,0.350567026154572,81.0371910116911,18.9628089883089
1987,5.31620472262697,1.05809816508213,59.6015753546414,20.4901607677794,298.007876773207,146,24,0.353572596799122,80.9424041123309,19.0575958876691
1987,5.26540597066673,1.04813984681261,60.5940563259173,20.5929604945455,302.970281629587,147,24,0.354282628317278,80.862960793115,19.137039206885
1987,5.20930294118845,1.03708206551289,61.5762308124109,20.6935437583789,307.881154062054,148,24,0.355913272349834,80.7961524351301,19.2038475648699
1987,5.14787711911349,1.02479705610305,62.5468534893447,20.7918513837378,312.734267446724,149,24,0.361761855022391,80.737937689644,19.262062310356
1987,5.08027584786014,1.01112787997058,63.5040158578005,20.8877598776512,317.520079289003,150,24,0.371851092060886,80.6834473969451,19.3165526030549
1987,5.26857484188615,1.04833762979236,64.4456343452392,20.9811327091011,322.228171726196,151,24,0.385732810876957,81.063166377293,18.936833622707
1987,5.178969656446,1.03023104958486,65.4221301627258,21.0769650600334,327.110650813629,152,24,0.398269913005266,80.9821693643168,19.0178306356832
1987,5.07840055380734,1.0099726470862,66.3781906822881,21.1698308316314,331.890953411441,153,24,0.410475453891954,80.8846277027898,19.1153722972102
1987,4.96538022956244,0.987298709392419,67.3116890649875,21.2596098420744,336.558445324937,154,24,0.421279813952536,80.76276660097,19.23723339903
1987,4.83834065576865,0.961956205006822,68.2204149562624,21.3461766250967,341.102074781312,155,24,0.428523849326287,80.605388174704,19.3946118252959
1987,4.6964068542164,0.933764971895835,69.1022762536317,21.4294192040346,345.511381268159,156,24,0.431956855321099,80.3999786998719,19.6000213001281
1987,4.53985778686232,0.902717489238533,69.9550560350266,21.5092154088907,349.775280175133,157,24,0.433383128246031,80.135718047982,19.8642819520181
1987,4.37057379720162,0.869132423870004,70.7762323552057,21.5854161969441,353.881161776029,158,24,0.434617301396303,79.8051255312284,20.1948744687716
1987,4.19330425009964,0.833905385459091,71.5632964656857,21.6578753760176,357.816482328429,159,24,0.4375420141857,79.4097139846001,20.5902860153999
1987,4.01725761207189,0.798873026241326,72.314313026117,21.7264998913901,361.571565130585,160,24,0.442203598120875,78.970416005641,21.029583994359
1987,3.85853988931213,0.767264191962816,73.0291791876091,21.7913612336202,365.145895938045,161,24,0.447767071254165,78.5437350434752,21.4562649565248
1987,3.74219736284682,0.744051728138801,73.7111803468758,21.852829487879,368.555901734379,162,24,0.454695872476459,78.238300451835,21.761699548165
1987,3.70053868235845,0.735648507673929,74.3685184741924,21.9117008689346,371.842592370962,163,24,0.463552175438765,78.2082735962753,21.7917264037247
1987,3.76238973460222,0.747767885532084,75.0157447660131,21.9693133377818,375.078723830065,164,24,0.474963853196349,78.5784189833694,21.4215810166306
1987,3.92561316477707,0.7800360381372,75.6730498431117,22.0274694693217,378.365249215559,165,24,0.486044689298478,79.2912892273032,20.7087107726968
1987,4.1219524024562,0.818926538050929,76.3607738013734,22.0879412856965,381.803869006867,166,24,0.49488632134071,80.0103772219224,19.9896227780776
1987,4.2247675360764,0.83923981360737,77.0859867432228,22.1512997271503,385.429933716114,167,24,0.503613300527551,80.2691263257002,19.7308736742998
1987,3.80397520270313,0.755517607104284,77.830005683072,22.2158708835176,389.15002841536,168,24,0.51469168734593,78.2977134349321,21.7022865650679
1987,5.0759484080766,1.00787277502229,78.4876379679124,22.2725875726105,392.438189839562,169,24,0.527822362205932,82.0732152856667,17.9267847143333
1987,6.93148535073724,1.37592404228137,79.3970271968036,22.3504736151328,396.985135984018,170,24,0.543061904178927,85.3256215690919,14.6743784309081
1987,8.33013530021851,1.65325921881085,80.674459108389,22.4588379797251,403.372295541945,171,24,0.557323308866394,86.5546931464406,13.4453068535594
1987,9.24612279211956,1.83481074036666,82.2287434712864,22.5890867624181,411.143717356432,172,24,0.571506897626608,86.7249417676596,13.2750582323404
1987,9.82937367381225,1.95030622722478,83.9633551014353,22.7324364539924,419.816775507176,173,24,0.586781928726268,86.3280738095665,13.6719261904335
1987,10.2003365517197,2.02358274878056,85.8115206242091,22.8829169200155,429.057603121046,174,24,0.604643694112088,85.5849970390044,14.4150029609956
1987,10.4364203162345,2.07004031910637,87.7302575194534,23.0367722178749,438.651287597267,175,24,0.624220676759363,84.6065381084373,15.3934618915627
1987,10.5856561137067,2.09933591179126,89.6922392802063,23.1916887806537,448.461196401031,176,24,0.642678764591573,83.4565656707032,16.5434343292968
1987,10.6788922612773,2.11763519908666,91.6803122015233,23.3462747164074,458.401561007617,177,24,0.658879258607566,82.177080290303,17.822919709697
1987,10.7364180201247,2.12900535754639,93.6837195950255,23.499707290336,468.418597975127,178,24,0.671654272257904,80.7989641761298,19.2010358238702
1987,10.7720355051685,2.13622487543147,95.695995711663,23.6515339887173,478.479978558315,179,24,0.679827885080968,79.3468401423933,20.6531598576067
1987,10.7961737907204,2.14125140904517,97.7136698243196,23.8015500157016,488.568349121598,180,24,0.685893997499216,77.8413829269924,22.1586170730076
1987,10.8164364018606,2.14546662653537,99.7348575578917,23.9496780081227,498.674287789459,181,24,0.692840753909942,76.300563567013,23.699436432987
1987,10.8380198269975,2.14992370615703,101.758596856675,24.0959113722185,508.792984283375,182,24,0.700135506974419,74.7402683942478,25.2597316057522
1987,10.8646356268558,2.15538407759239,103.785070670571,24.2403251295423,518.925353352855,183,24,0.707173341431066,73.1745099781272,26.8254900218728
1987,10.8989152384061,2.16239289502126,105.815324321421,24.3830506734746,529.076621607107,184,24,0.713391543720246,71.6156114035546,28.3843885964454
1987,10.9436608063523,2.17132521792542,107.8510409237,24.5242565930226,539.255204618501,185,24,0.723307731535132,70.0743451880233,29.9256548119767
1987,11.0005842824901,2.18241087871517,109.893559332877,24.6640795061774,549.467796664384,186,24,0.73983005965408,68.5602184910446,31.4397815089554
1987,11.0695456650663,2.19575783599708,111.943977933664,24.8026331142219,559.719889668322,187,24,0.759761467186429,67.081548433611,32.918451566389
1987,11.1498601738486,2.21136857004386,114.004005222754,24.9400660554157,570.020026113768,188,24,0.779614203615752,65.6453857127513,34.3546142872487
1987,11.2403587125089,2.22915347317487,116.075908832765,25.0765563979359,580.379544163823,189,24,0.795535169200919,64.2576251201871,35.7423748798129
1987,11.3394953052799,2.2488717611788,118.162491552613,25.2123082729437,590.812457763065,190,24,0.80558465610599,62.9256550035102,37.0743449964898
1987,11.4466850644113,2.27028477034137,120.266633052903,25.3475209888181,601.333165264515,191,24,0.813010839397487,61.6525558981187,38.3474441018813
1987,11.5612012269975,2.29311480298596,122.390444329042,25.4823359150432,611.952221645208,192,24,0.821427925567676,60.4406135855572,39.5593864144428
1987,11.6819118482458,2.31699562994835,124.535166028729,25.6168335445759,622.675830143647,193,24,0.834671934809426,59.2930363186866,40.7069636813134
1987,11.8074277880265,2.34150829587689,126.701043007371,25.7510293318336,633.505215036853,194,24,0.856754295277861,58.212860064583,41.787139935417
1987,11.9349620423501,2.3661860510036,128.887237828221,25.8848722410693,644.436189141106,195,24,0.885656901439135,57.2031043848183,42.7968956151817
1987,11.5599838812355,2.29121888907677,131.092757197045,26.0183043670714,655.463785985226,196,24,0.907116398010968,55.423766008764,44.576233991236
1987,11.6821111744529,2.31476531098562,133.218552259932,26.1454404932996,666.092761299659,197,24,0.938693029215631,54.5743754321864,45.4256245678136
1987,11.7969705350718,2.33683559072345,135.362005210316,26.2722089958978,676.81002605158,198,24,0.971975723404013,53.8044744454859,46.1955255545141
1987,11.9084739684962,2.35821010127222,137.521285090943,26.3985067149236,687.606425454717,199,24,1.00691412407447,53.0681341011019,46.9318658988981
1987,12.0214653944829,2.38006505385926,139.695351753914,26.5242805842623,698.47675876957,200,24,1.036438152626,52.328231931923,47.671768068077
1987,12.1373336228051,2.40281214725544,141.885546064528,26.6496154654778,709.427730322641,201,24,1.05567147894463,51.5887240068264,48.4112759931736
1987,12.258860971293,2.42688101004909,144.094459505139,26.7746631337353,720.472297525693,202,24,1.06834310807188,50.8575275465884,49.1424724534116
1987,12.3887898505065,2.45269154336633,146.324491331206,26.8995583127343,731.622456656031,203,24,1.07848632501258,50.1436940280871,49.8563059719128
1987,12.5296647356448,2.48062009946447,148.57777960777,27.024415706932,742.88889803885,204,24,1.09032705897996,49.4568122901878,50.5431877098122
1987,12.6831086568933,2.51101878065804,150.856123007451,27.1493267177027,754.280615037257,205,24,1.10285858839634,48.8064013787256,51.1935986212744
1987,12.8503750129375,2.54419952751613,153.161843021609,27.2744071221115,765.809215108045,206,24,1.11399219721663,48.2011777807908,51.7988222192092
1987,13.032527488193,2.58028332425918,155.497926112079,27.399803320444,777.489630560393,207,24,1.12669690497921,47.6485366558032,52.3514633441968
1987,13.2315585293471,2.61956739689334,157.866973796108,27.5256351641435,789.334868980538,208,24,1.14417857634231,47.1543273806905,52.8456726193094
1987,13.4484072824275,2.6621368284717,160.271340991339,27.6520044425365,801.356704956695,209,24,1.16977148036252,46.7225455651558,53.2774544348442
1987,13.6825494338322,2.70799584093077,162.712899628458,27.7789834764603,813.56449814229,210,24,1.19998644878468,46.3552169884289,53.6447830115711
1987,13.9287971654388,2.75626617044959,165.194110759372,27.9066714335832,825.970553796859,211,24,1.22978213808951,46.059667595713,53.940332404287
1987,13.6831280650589,2.70718201130717,167.717401950015,28.0351612950228,838.587009750074,212,24,1.24640196750254,44.9925153629597,55.0074846370403
1988,5.49191647430276,1.09358419433661,54.5,19.9420239553624,272.5,141,24,0.318363624883522,81.633016449931,18.366983550069
1988,5.46640166876669,1.08832682854129,55.534683984518,20.056000201745,277.67341992259,142,24,0.327013339170792,81.4490188528425,18.5509811471575
1988,5.43634786002606,1.08215009191249,56.562531892167,20.1677672777661,282.812659460835,143,24,0.336181600491922,81.2895138163584,18.7104861836416
1988,5.40162512159072,1.07506913964132,57.5825319278538,20.2772902112465,287.912659639269,144,24,0.344932607064824,81.1532449148006,18.8467550851994
1988,5.36197745979758,1.06707380912545,58.5938334586671,20.384552227211,292.969167293335,145,24,0.352213386688895,81.0384616577246,18.9615383422754
1988,5.31683202286515,1.05808745231345,59.5957452349063,20.4895533801169,297.978726174531,146,24,0.356949841377521,80.9437070917169,19.0562929082831
1988,5.2664212907018,1.04812727109258,60.5876762439511,20.5923034164125,302.938381219756,147,24,0.359721655231276,80.8643522675587,19.1356477324413
1988,5.2103969970847,1.03706664688398,61.5689660207194,20.6928038995666,307.844830103597,148,24,0.36191564026415,80.7976953815376,19.2023046184624
1988,5.14839864920455,1.02477816533772,62.5386070742951,20.7910206556398,312.693035371475,149,24,0.364978084972787,80.7396396454657,19.2603603545343
1988,5.07990486594011,1.01110613208109,63.4952305506907,20.886884179117,317.476152753454,150,24,0.370380725639742,80.6852055715969,19.3147944284031
1988,5.26743438516957,1.0483141390647,64.437068970083,20.9802876482289,322.185344850415,151,24,0.380132828856021,81.0647942492265,18.9352057507735
1988,5.17719395596645,1.03020830216114,65.4144567503887,21.0762158980287,327.072283751944,152,24,0.388786322398924,80.9835775423146,19.0164224576854
1988,5.07630214383871,1.00995304415243,66.3720589037448,21.1692382086624,331.860294518724,153,24,0.398522871187355,80.8857119542186,19.1142880457814
1988,4.96344612561637,0.98728441540996,67.3075281688953,21.2592116000492,336.537640844477,154,24,0.409594891797949,80.7634740666617,19.2365259333383
1988,4.83735127116965,0.961948085098945,68.2182042586601,21.345967008316,341.091021293301,155,24,0.422268449927437,80.6057489374539,19.3942510625461
1988,4.69657656868654,0.933760456899722,69.1011187787827,21.4293104317613,345.505593893914,156,24,0.433278279503595,80.4001597416962,19.5998402583038
1988,4.54083012626611,0.902711791462543,69.9536682292823,21.5090861015431,349.768341146412,157,24,0.440589711701359,80.1359259912335,19.8640740087664
1988,4.37210252777711,0.869121171827571,70.773597714729,21.5851727041907,353.867988573645,158,24,0.446567516233843,79.8055041095213,20.1944958904787
1988,4.19524315856495,0.833884734330478,71.5585775566764,21.6574426000299,357.792887783382,159,24,0.453769109591311,79.4103667685065,20.5896332314935
1988,4.01978597213013,0.798839675536776,72.3067365333033,21.7258100716216,361.533682666516,160,24,0.464950132753269,78.9714331864522,21.0285668135478
1988,3.86169533691627,0.76721380383082,73.0175591504797,21.7903104686181,365.087795752399,161,24,0.478325514067317,78.5452687981883,21.4547312018117
1988,3.74559988220964,0.743980009094986,73.6940798565879,21.8512930887653,368.470399282939,162,24,0.490166904019547,78.2405525901715,21.7594474098285
1988,3.70386723378301,0.735553544160478,74.3450045062464,21.9096012194433,371.725022531232,163,24,0.500547467520661,78.2113846316701,21.7886153683299
1988,3.76533136353029,0.747647088949951,74.9854977728596,21.966628652641,374.927488864298,164,24,0.509583032712521,78.5823823250231,21.4176176749769
1988,3.92815306049094,0.77988300855791,75.6364677733692,22.0242420835406,378.182338866846,165,24,0.517546711380882,79.2958746339826,20.7041253660174
1988,4.12419881731683,0.818733452090101,76.3183998537401,22.0842263277107,381.5919992687,166,24,0.524478082560359,80.0153330806111,19.9846669193889
1988,4.22652299658684,0.839010762946834,77.0381443893061,22.1471327959478,385.19072194653,167,24,0.530023288135491,80.2744744234225,19.7255255765775
1988,3.80470501197267,0.755285009297759,77.7772332080189,22.2113051301266,388.886166040094,168,24,0.534053478060685,78.3038682538431,21.6961317461569
1988,5.07493767443499,1.0075240263965,78.431140003658,22.2677280092477,392.15570001829,169,24,0.533363259381881,82.0785558231799,17.9214441768201
1988,6.92777751643481,1.37558539734818,79.3392199186732,22.3455411810245,396.696099593366,170,24,0.531113170599142,85.3314454639917,14.6685545360083
1988,8.32368222736502,1.65301518758988,80.6183011065328,22.4540993332694,403.091505532664,171,24,0.531415243912232,86.5608407710897,13.4391592289103
1988,9.23762323968997,1.83466322203361,82.1764776204512,22.58473489831,410.882388102256,172,24,0.536372792031682,86.7310905365206,13.2689094634794
1988,9.81917205576518,1.95023054371396,83.9164173400328,22.7285847823243,419.582086700164,173,24,0.544158865887214,86.3339742583568,13.6660257416432
1988,10.1881595254258,2.02355364811794,85.7710683252967,22.8796475324072,428.855341626483,174,24,0.553219100819602,85.5904118198066,14.4095881801934
1988,10.4218591571458,2.07003767964411,87.6976558598945,23.0341777144878,438.488279299472,175,24,0.562044783972618,84.6111697107493,15.3888302892507
1988,10.569973089088,2.09934427511399,89.6691615791366,23.1898803783316,448.345807895683,176,24,0.574745041961648,83.460032596263,16.539967403737
1988,10.6641252307306,2.11764347088036,91.6676854384265,23.345300309294,458.338427192132,177,24,0.593670591088631,82.1790778885117,17.8209221114884
1988,10.723670115311,2.12900745922335,93.6811816456905,23.4995143729203,468.405908228452,178,24,0.614315888242008,80.7993851084832,19.2006148915168
1988,10.7614348104378,2.13621911568005,95.7023759668198,23.652011825486,478.511879834099,179,24,0.631578309858087,79.345735963766,20.654264036234
1988,10.7860988789533,2.14123897380105,97.7275795526391,23.8025766909231,488.637897763196,180,24,0.639846805286384,77.8388830450375,22.1611169549625
1988,10.8054311434469,2.14544949247912,99.7559610114696,23.9512135451007,498.779805057348,181,24,0.64239753059438,76.2966434540358,23.7033565459642
1988,10.8262308615645,2.1499043712638,101.787586679011,24.0979913598361,508.937933395053,182,24,0.645837109034256,74.7347280855346,25.2652719144654
1988,10.8520705889863,2.15536662252559,103.822560526729,24.2429781996563,519.112802633647,183,24,0.648972476694434,73.1671711589671,26.8328288410329
1988,10.8854416206344,2.16238283796972,105.86193870916,24.3863051328772,529.309693545799,184,24,0.650653110869768,71.6063038546569,28.3936961453431
1988,10.9279566359019,2.17132955912757,107.90750468185,24.5281465798723,539.53752340925,185,24,0.649652875813613,70.0628907072885,29.9371092927115
1988,10.9820210765229,2.18243848718378,109.961608463331,24.6687065926691,549.808042316653,186,24,0.65154579967017,68.5462439962692,31.4537560037308
1988,11.049291022232,2.19582069425772,112.025964998935,24.8081363439498,560.129824994675,187,24,0.661247331313179,67.0645638615175,32.9354361384825
1988,11.1292197088099,2.21148099360771,114.101635936936,24.9465362963214,570.50817968468,188,24,0.676363061323811,65.625046026488,34.374953973512
1988,11.2207825182435,2.2293309385718,116.19005098229,25.0840262008818,580.950254911451,189,24,0.6944410935034,64.2337798275142,35.7662201724858
1988,11.3221748302297,2.249128550796,118.292923674354,25.2207384481313,591.464618371768,190,24,0.712830436817208,62.89840315199,37.10159684801
1988,11.4322251288198,2.27063220670549,120.412135043213,25.3568098466905,602.060675216065,191,24,0.731743369559408,61.6222241504315,38.3777758495685
1988,11.5497791794076,2.29356065129673,122.549287407727,25.4923531937978,612.746437038637,192,24,0.752469536025769,60.4076469289205,39.5923530710795
1988,11.6726401198712,2.31754406973793,124.705492238329,25.6274454678404,623.527461191644,193,24,0.773417091477045,59.2579110900407,40.7420889099593
1988,11.7983325204725,2.34216267215354,126.881737850626,25.762152551188,634.408689253131,194,24,0.792754195644391,58.1758982487275,41.8241017512725
1988,11.9241714255605,2.36695375246528,129.078881570782,25.8965293782516,645.394407853908,195,24,0.808597782982339,57.164281291485,42.835718708515
1988,11.5471691131278,2.29213549685257,131.297617961262,26.0306186400263,656.488089806309,196,24,0.810986753445945,55.3825335272964,44.6174664727036
1988,11.6657373327659,2.31582734240903,133.440033774572,26.1586049622467,667.200168872862,197,24,0.817378305038579,54.5303438075833,45.4696561924167
1988,11.7768129240537,2.33806835668015,135.60442596465,26.286458009936,678.022129823251,198,24,0.822859292973809,53.7569234042434,46.2430765957566
1988,11.8849219052563,2.35965009820186,137.789440265788,26.4140945856662,688.94720132894,199,24,0.830255128784561,53.0163059840293,46.9836940159707
1988,11.9965993350118,2.38175925371408,139.994060503321,26.5414546180485,699.970302516606,200,24,0.842470855764768,52.2714389315131,47.7285610684869
1988,12.1139632236518,2.40480366240816,142.217994423868,26.6685218617851,711.089972119339,201,24,0.859927228832502,51.5266655461294,48.4733344538706
1988,12.2387425724227,2.42920100731106,144.461286972256,26.7952998093735,722.30643486128,202,24,0.880755087458402,50.7904472442405,49.2095527557595
1988,12.3728698524907,2.45535919623731,146.72470037428,26.921831767563,733.6235018714,203,24,0.904396489892403,50.0721856500746,49.9278143499254
1988,12.5180767665845,2.48364951858374,149.009492348709,27.0481865246111,745.047461743547,204,24,0.930168870662182,49.3816601195591,50.6183398804409
1988,12.6760018840568,2.51442160124066,151.317400661613,27.1744561326999,756.587003308067,205,24,0.957429347205298,48.7284178012215,51.2715821987785
1988,12.8473304317403,2.54798018126302,153.650616313967,27.3007531950075,768.253081569837,206,24,0.981304055005403,48.1212007933125,51.8787992066875
1988,13.03227592817,2.58444783308889,156.012438791645,27.4272446318339,780.062193958223,207,24,0.999306606154363,47.5673410657258,52.4326589342742
1988,13.2328692138859,2.62413306531238,158.406703642518,27.5541185635085,792.033518212591,208,24,1.0141047367775,47.072474512586,52.927525487414
1988,13.4500677377287,2.66712764539714,160.837114665177,27.681548219532,804.185573325885,209,24,1.02855170411741,46.6403803469568,53.3596196530432
1988,13.6844892823602,2.71344859278812,163.306991928326,27.8096795304624,816.53495964163,210,24,1.04571044196579,46.2728747887185,53.7271252112815
1988,13.9317182259193,2.76221749949529,165.81916185311,27.9386267597417,829.09580926555,211,24,1.06555244099668,45.9772345574145,54.0227654425855
1988,13.6875928247868,2.71357815419095,168.375568892933,28.0684543809166,841.877844464665,212,24,1.0730369882216,44.9109134436901,55.08908655631
1989,5.48948800853732,1.09358419433661,54.5,19.9420239553624,272.5,141,24,0.308011063648776,81.633016449931,18.366983550069
1989,5.46342612150277,1.08832918673067,55.5362688036119,20.0561736386267,277.681344018059,142,24,0.313926788873229,81.448636211673,18.551363788327
1989,5.43295278322278,1.08215567081861,56.5661389067764,20.1681569983012,282.830694533882,143,24,0.320733595116999,81.2886569744727,18.7113430255273
1989,5.39837600951933,1.07507891669635,57.5885495154787,20.2779323247859,287.942747577394,144,24,0.329560332266572,81.1518413447447,18.8481586552553
1989,5.35906795259814,1.06708834435385,58.6022756556738,20.385442184167,293.011378278369,145,24,0.337896904040692,81.0365321723187,18.9634678276813
1989,5.31426231495793,1.05810715593139,59.6064687915546,20.4906705389319,298.032343957773,146,24,0.34384441154429,80.9413105118574,19.0586894881426
1989,5.26455711219345,1.04815256031565,60.6005068959803,20.5936247831556,303.002534479902,147,24,0.349748770117442,80.8615540067138,19.1384459932862
1989,5.20980543108091,1.03709731880689,61.5834183504021,20.6942756896739,307.91709175201,148,24,0.358128492716228,80.7946259735687,19.2053740264313
1989,5.14982708246996,1.02481273512291,62.5536984425884,20.7925408732737,312.768492212942,149,24,0.371762047017019,80.7365250549199,19.2634749450802
1989,5.0833247198786,1.01114083792676,63.5092507255234,20.88828163668,317.546253627617,150,24,0.388575621034785,80.6823998151602,19.3176001848398
1989,5.27231034491924,1.04834448494329,64.4481340487485,20.981379315373,322.240670243743,151,24,0.406560165723154,81.0626913222707,18.9373086777293
1989,5.18275446797206,1.03022832626702,65.4212114790093,21.0768753713603,327.106057395046,152,24,0.420736785901251,80.9823379509933,19.0176620490068
1989,5.08191292279817,1.00995776511318,66.373535592976,21.1693809309311,331.86767796488,153,24,0.4327396006185,80.8854508335743,19.1145491664257
1989,4.9684447487067,0.987269833843945,67.3032836564977,21.2588053373741,336.516418282489,154,24,0.442127068249121,80.7641957766472,19.2358042233528
1989,4.84090551306514,0.961912267992783,68.2084530711278,21.345042351119,341.042265355639,155,24,0.447341340891477,80.6073403208219,19.3926596791781
1989,4.69842686628223,0.933705631520998,69.0870639487053,21.4279895450769,345.435319743527,156,24,0.448144749930125,80.4023582456542,19.5976417543458
1989,4.54124982165475,0.902643399579977,69.9370102987072,21.5075338767505,349.685051493536,157,24,0.44609000628354,80.1384222045073,19.8615777954927
1989,4.37123675298576,0.869045689925922,70.7559238331848,21.5835391255252,353.779619165924,158,24,0.442776892251435,79.8080440395334,20.1919559604666
1989,4.19312633328923,0.833809951084599,71.5414888348122,21.6558752093498,357.707444174061,159,24,0.439800984294173,79.4127310771635,20.5872689228365
1989,4.01654736287913,0.798774890317807,72.2920182653405,21.7244698679829,361.460091326703,160,24,0.440313043867712,78.973409535476,21.026590464524
1989,3.85778076483233,0.767168542634112,73.0071207543093,21.789366456477,365.035603771547,161,24,0.445250357743842,78.5466468565906,21.4533531434093
1989,3.74154814443725,0.743960692775177,73.6894737082156,21.8508792053875,368.447368541078,162,24,0.452852226217205,78.2411593495355,21.7588406504644
1989,3.69987591333972,0.735561808226971,74.3470510063815,21.9097839774247,371.735255031908,163,24,0.461324939617472,78.2111138080891,21.7888861919109
1989,3.76132005951008,0.747683397835099,74.9945904864018,21.967435789811,374.972952432009,164,24,0.468802045979203,78.5811906222123,21.4188093777877
1989,3.92399087321786,0.779951799609496,75.6529142932196,22.0256931820658,378.264571466098,165,24,0.474953081590081,79.2938127047674,20.7061872952326
1989,4.11998605250509,0.818843406899387,76.3425324161646,22.0863422249937,381.712662080823,166,24,0.481061977446783,80.0125101140246,19.9874898859754
1989,4.22256219493386,0.839163824705276,77.0701172424331,22.1499177391807,385.350586212165,167,24,0.48750855417549,80.2708997171232,19.7291002828768
1989,3.8016943939449,0.755459905325101,77.8169163237412,22.2147386234642,389.084581618706,168,24,0.494829990621289,78.2992394157846,21.7007605842154
1989,5.07209332912188,1.00781368718811,78.4780650114473,22.2717643448259,392.390325057236,169,24,0.500753047003418,82.0741199399214,17.9258800600786
1989,6.9254131096575,1.37589516927576,79.3920972593627,22.3500530634699,396.960486296813,170,24,0.509305005328297,85.3261181688171,14.6738818311829
1989,8.32266792058632,1.65326185588151,80.6750661961613,22.4588891935989,403.375330980806,171,24,0.521021636066422,86.5546266965195,13.4453733034805
1989,9.23779373700238,1.83482872274441,82.2351174052106,22.5896173497853,411.175587026053,172,24,0.533802538317371,86.7241919957305,13.2758080042695
1989,9.81987483870923,1.95032596903903,83.9756039521878,22.733441337057,419.878019760939,173,24,0.545392987506408,86.3265341995193,13.6734658004807
1989,10.188419949221,2.02359614429229,85.830147189409,22.8844219729478,429.150735947045,174,24,0.553715814129964,85.5825040347752,14.4174959652248
1989,10.4214674624799,2.07004246305336,87.7566858208183,23.0388749403077,438.783429104092,175,24,0.560671337448303,84.6027839539849,15.3972160460151
1989,10.5683289304081,2.09932282914051,89.7283860571606,23.1945206431576,448.641930285803,176,24,0.568821495882072,83.4511360330364,16.5488639669636
1989,10.6598180530134,2.11760414773376,91.7277637430441,23.3499357151272,458.638818715221,177,24,0.577071865317402,82.169574218081,17.830425781919
1989,10.7161619189221,2.1289557319095,93.7437159428509,23.5042667387084,468.718579714254,178,24,0.584273580874903,80.7890148029649,19.2109851970351
1989,10.7510958525294,2.13615868563474,95.7694144048642,23.6570311968436,478.847072024321,179,24,0.589254315673278,79.3341360859698,20.6658639140302
1989,10.7750179819147,2.14117345592859,97.8010118090112,23.8079950287198,489.005059045056,180,24,0.594124735995255,77.8256883734783,22.1743116265217
1989,10.7956699736042,2.14538443226202,99.8363176357402,23.9570584107833,499.181588178701,181,24,0.602085525784455,76.281720361209,23.718279638791
1989,10.8184391672892,2.14984694457351,101.874048797304,24.104192469945,509.370243986518,182,24,0.613562479390525,74.7182089738724,25.2817910261276
1989,10.8472356929301,2.15532438868422,103.913913691418,24.2494402564453,519.569568457089,183,24,0.62902786733677,73.1492944145094,26.8507055854906
1989,10.8848767558041,2.16236283324794,105.956307379561,24.392890578832,529.781536897804,184,24,0.649044588343076,71.5874683921332,28.4125316078668
1989,10.9328074327818,2.17133722662682,108.002074787642,24.5346586703331,540.010373938212,185,24,0.671919767029243,70.0437139467771,29.9562860532229
1989,10.9916933964658,2.1824759184139,110.05268734337,24.6748964939413,550.263436716849,186,24,0.695553115878627,68.5275494118295,31.4724505881705
1989,11.0620777033433,2.19588566287319,112.110168451083,24.8137854233585,560.550842255413,187,24,0.719966458954129,67.0471287164751,32.9528712835249
1989,11.1439698370936,2.21156775517198,114.176644397578,24.9515046811865,570.883221987889,188,24,0.74516791784628,65.6094274605612,34.3905725394388
1989,11.236914295387,2.22943108644429,116.254240247526,25.0882246913874,581.271201237632,189,24,0.771167472798215,64.2203775085125,35.7796224914875
1989,11.3388685570122,2.24923134145822,118.344986341548,25.224101587835,591.724931707738,190,24,0.793666382614961,62.8875316663339,37.1124683336661
1989,11.44808521986,2.27072609963952,120.451362504855,25.359312791797,602.256812524273,191,24,0.809625339493031,61.6140515026369,38.3859484973631
1989,11.5635987314914,2.29363607816126,122.576104969489,25.4940435232948,612.880524847447,192,24,0.821200470209065,60.4020844905036,39.5979155094964
1989,11.6840112559652,2.31759513623595,124.721323434565,25.6284312939526,623.606617172826,193,24,0.830734247432275,59.2546483160292,40.7453516839708
1989,11.8076966495451,2.34218675452939,126.888377232682,25.7625610481494,634.441886163411,194,24,0.840756716354053,58.1745409779934,41.8254590220066
1989,11.9321369946085,2.36694938181959,129.077792092389,25.8964631425212,645.388960461945,195,24,0.850251823794906,57.16450185746,42.83549814254
1989,11.5542330670393,2.2921004327504,131.289790997707,26.0301484038509,656.448954988535,196,24,0.849995311846629,55.3841078017579,44.6158921982421
1989,11.6732978371528,2.31575910038096,133.425819508627,26.157760548966,667.129097543134,197,24,0.859911701752814,54.5331676549103,45.4668323450897
1989,11.7860092959405,2.33796039094547,135.58322027137,26.2852122900128,677.916101356852,198,24,0.87539993824265,53.7610797338646,46.2389202661354
1989,11.8969549617562,2.35948950484402,137.759570751251,26.4123593165882,688.797853756257,199,24,0.900170857911549,53.0220742729153,46.9779257270847
1989,12.0116202012631,2.38152394039679,139.952622035025,26.5390736713763,699.763110175124,200,24,0.932069474684989,52.2793104394928,47.7206895605073
1989,12.1310393107689,2.40446573609225,142.161651633812,26.6653198068951,710.80825816906,201,24,0.965644186433157,51.5371727857541,48.462827214246
1989,12.2570809800052,2.4287320932198,144.387232284572,26.7911366469499,721.936161422858,202,24,0.999501872440736,50.8039750264241,49.1960249735759
1989,12.3915768874616,2.45473114943984,146.630586783435,26.9165977294538,733.152933917173,203,24,1.03215111887874,50.0889827321216,49.9110172678784
1989,12.5361549799921,2.48283539252325,148.893599998409,27.0418100183158,744.467999992045,204,24,1.0618266410052,49.4018106888946,50.5981893111054
1989,12.6921772508373,2.51339834849362,151.178832596511,27.1669128593723,755.894162982555,205,24,1.08559568718524,48.7518151772033,51.2481848227967
1989,12.8609849496759,2.54673477790546,153.489700981768,27.2920859240391,767.448504908839,206,24,1.1016598156038,48.1474972462372,51.8525027537628
1989,13.0432027353041,2.58297185748468,155.830245785394,27.4175346696262,779.151228926969,207,24,1.10987763437236,47.5960547713506,52.4039452286493
1989,13.2403961202271,2.62242253295177,158.204656645319,27.543463781639,791.023283226595,208,24,1.11036297308929,47.1030735432979,52.8969264567021
1989,13.4530339900433,2.66518811617582,160.617408979224,27.6700841632479,803.087044896122,209,24,1.10325684943122,46.6722410179666,53.3277589820334
1989,13.6824042955263,2.71129978481242,163.07303879284,27.7976007504044,815.365193964201,210,24,1.09593837482093,46.3052509378459,53.6947490621541
1989,13.9252213865653,2.75988983214759,165.574858528577,27.9261469235629,827.874292642887,211,24,1.09483432416135,46.0093999915242,53.9906000084758
1989,13.6777343035891,2.71113415011385,168.124233120419,28.0557513944722,840.621165602097,212,24,1.08640234947047,44.9420174059287,55.0579825940713
