"year","assimilated_weight","ingested_weight","Weight","Length","Energy","JulianDay","feeding_hours","Metabolism","percentage_partic","percentage_filters"
1980,3.19838819326516,0.638956697851826,54.5,19.9420239553624,272.5,141,24,0.248121737458949,91.375184751441,8.62481524855902
1980,3.14855931147278,0.628893084493286,55.0900267057954,20.0072016315731,275.450133528977,142,24,0.2535140808913,91.0960845870683,8.9039154129317
1980,3.09318733312173,0.617732154965387,55.6690073937491,20.0706878434548,278.345036968745,143,24,0.258773437987013,90.7858406863672,9.21415931363279
1980,3.03437801520136,0.605897542990346,56.2358599804159,20.1323998971263,281.179299902079,144,24,0.263787530059292,90.4486300533657,9.55136994663426
1980,2.97394290005933,0.5937654746963,56.7899459946811,20.1923044715927,283.949729973406,145,24,0.268038603941976,90.0888146429755,9.91118535702452
1980,2.91342935909683,0.581653902629764,57.3310928291065,20.2504182091423,286.655464145532,146,24,0.27112532881752,89.7116883688958,10.2883116311042
1980,2.8542192513171,0.569833579566857,57.8595176202075,20.3067979491569,289.297588101038,147,24,0.273117560820836,89.3201634192972,10.6798365807028
1980,2.7973571370073,0.558508037171283,58.3756999074193,20.3615260392815,291.878499537096,148,24,0.274108532540308,88.9194576784083,11.0805423215917
1980,2.74365800523063,0.547835209029073,58.8803094970703,20.4147020722571,294.401547485351,149,24,0.27421281318213,88.5141154289052,11.4858845710948
1980,2.69379143036055,0.537928657851054,59.3741562798824,20.4664372591406,296.870781399412,150,24,0.274154582765692,88.1084401030879,11.8915598969121
1980,2.80507452362039,0.560185912998964,59.8580392249709,20.5168385510385,299.290196124854,151,24,0.276200172291334,88.0432146121012,11.9567853878988
1980,2.76132126913733,0.551461628085357,60.3637674566733,20.5692126709203,301.818837283367,152,24,0.277606451249288,87.6511848047774,12.3488151952227
1980,2.72238588689815,0.54367506552222,60.8604613702304,20.6203543405177,304.302306851152,153,24,0.279891049578811,87.2694832038501,12.7305167961499
1980,2.68825758219607,0.536822051010862,61.3489088192081,20.6703640047401,306.74454409604,154,24,0.283194717336848,86.9023219425081,13.0976780574919
1980,2.65874622855253,0.530871855546126,61.8298673462834,20.7193364841382,309.149336731417,155,24,0.287298346758932,86.5518653783121,13.448134621688
1980,2.63357338221995,0.52577548110915,62.3041002881395,20.7673648671667,311.520501440698,156,24,0.291983011541126,86.2193272193736,13.7806727806264
1980,2.61245556628411,0.52147328296269,62.7723590752044,20.8145388590941,313.861795376022,157,24,0.29741086481806,85.9063012559266,14.0936987440734
1980,2.5950562535079,0.517894965781719,63.235306008687,20.8609372214168,316.176530043435,158,24,0.30376129284745,85.6139402708367,14.3860597291633
1980,2.58100022475405,0.514962271652243,63.6935002039038,20.9066267110444,318.467501019519,159,24,0.311243037092962,85.342996446027,14.657003553973
1980,2.56971485706584,0.512591450718731,64.1473839810356,20.9516610789633,320.736919905178,160,24,0.318514737835119,85.0938782656669,14.9061217343331
1980,2.56062983127088,0.510695536235207,64.5975534049595,20.996108070488,322.987767024798,161,24,0.324261151120193,84.8666660211264,15.1333339788736
1980,2.5533448015858,0.509186683818759,65.0447535214793,21.0400486504281,325.223767607397,162,24,0.328753717087355,84.6611922143733,15.3388077856267
1980,2.54746503229096,0.507978536537496,65.4895950136435,21.0835490780755,327.447975068218,163,24,0.332295804515932,84.477185192237,15.522814807763
1980,2.54261331069626,0.506988590292475,65.9325489383514,21.1266607703999,329.662744691757,164,24,0.335207309202237,84.3143660933365,15.6856339066635
1980,2.53838823079887,0.506140774904958,66.3739469260467,21.1694206859492,331.869734630233,165,24,0.337270180969617,84.1725521516256,15.8274478483744
1980,2.53445414488708,0.505368399271753,66.8140839318851,21.2118615556226,334.070419659426,166,24,0.338453718667541,84.0517497839651,15.9482502160349
1980,2.53060301694602,0.504617639911168,67.2531939175501,21.2540096584398,336.26596958775,167,24,0.339365032307056,83.9522851169651,16.0477148830349
1980,2.52667347889324,0.503843643337343,67.6913478115547,21.2958752458192,338.456739057773,168,24,0.340640505936594,83.8739109231241,16.1260890768759
1980,2.52262232734188,0.503025229841484,68.1284569891606,21.3374532353255,340.642284945803,169,24,0.342924943599437,83.8150168103642,16.1849831896358
1980,2.51850799231479,0.502157256484391,68.5642952226416,21.378725626479,342.821476113208,170,24,0.347109048655112,83.7742632885101,16.2257367114899
1980,2.51428276109772,0.501235608758397,68.9984698294484,21.4196590690299,344.992349147242,171,24,0.352987829291122,83.750356504516,16.249643495484
1980,2.50982164375765,0.500256758000742,69.4306195845226,21.4602237290225,347.153097922613,172,24,0.359505757210656,83.7419929844054,16.2580070155946
1980,2.50499996447855,0.499217340303436,69.8605693723067,21.5004076268986,349.302846861533,173,24,0.365522513237785,83.7478139047555,16.2521860952445
1980,2.49969344485907,0.498113719360068,70.2883472063186,21.540217829806,351.441736031593,174,24,0.369833863961995,83.7663856233684,16.2336143766316
1980,2.49386326599954,0.496941524381164,70.7141970896136,21.5796812369575,353.570985448068,175,24,0.372179981274883,83.7961808077435,16.2038191922565
1980,2.48757060675071,0.495695127176439,71.1384072233082,21.6188283486083,355.692036116541,176,24,0.373512727261402,83.8355920365213,16.1644079634787
1980,2.48082877217286,0.494367055543411,71.5610876673221,21.6576728073292,357.805438336611,177,24,0.374386687089037,83.8829516202618,16.1170483797382
1980,2.47363762636519,0.492947357094882,71.9822402226707,21.6962181314656,359.911201113353,178,24,0.375359360685399,83.9364958577081,16.0635041422919
1980,2.46597838207314,0.491422848691886,72.4017551614529,21.7344576250293,362.008775807265,179,24,0.376972757369356,83.9943398151671,16.0056601848329
1980,2.45786671216647,0.489776227185317,72.8194105960527,21.7723745254531,364.097052980264,180,24,0.380424346329641,84.0544477785657,15.9455522214343
1980,2.44918960915989,0.487984994201116,73.234748280743,21.809930992717,366.173741403715,181,24,0.385782593967786,84.1146198742971,15.8853801257029
1980,2.43969783674719,0.48602019812103,73.6472736795138,21.8470865013094,368.236368397569,182,24,0.391901262401959,84.1724156379183,15.8275843620817
1980,2.42910467215002,0.483844933456988,74.056671662327,21.88381719452,370.283358311635,183,24,0.397584366279503,84.2250682602357,15.7749317397643
1980,2.41707783079267,0.481412574275144,74.4628089556683,21.9201157713054,372.314044778341,184,24,0.401587888838016,84.2694260516756,15.7305739483244
1980,2.40331067939427,0.478664814619248,74.8657346344825,21.9559912100353,374.328673172413,185,24,0.403663722533905,84.3018822586745,15.6981177413255
1980,2.38753233613211,0.475529672614657,75.2654860682709,21.9914512820316,376.327430341355,186,24,0.404895632788846,84.3183252934809,15.6816747065191
1980,2.36935762830918,0.471919894371419,75.6618296969626,22.0264797082107,378.309148484813,187,24,0.40593493449676,84.3140918505164,15.6859081494836
1980,2.34832096644179,0.467732741974451,76.0543246669192,22.0610421882579,380.271623334596,188,24,0.407424015855907,84.283876990562,15.716123009438
1980,2.32389243261442,0.462853036536097,76.4423085365392,22.0950854611419,382.211542682696,189,24,0.410015694302651,84.2217124093986,15.7782875906014
1980,2.29554462148069,0.457166751913924,76.8248823289884,22.1285363147644,384.124411644942,190,24,0.414373724093329,84.1226733681128,15.8773266318872
1980,2.26274989329258,0.450574978503413,77.2009088523097,22.1613017519531,386.004544261549,191,24,0.420206178163633,83.9795803709015,16.0204196290985
1980,2.2252706437268,0.443044788667172,77.5692037942782,22.1932858424751,387.846018971391,192,24,0.426628417816397,83.7862035789616,16.2137964210384
1980,2.18361655489495,0.43469065196251,77.9287122745288,22.224404962347,389.643561372644,193,24,0.432751663563693,83.540612094661,16.459387905339
1980,2.13960893855742,0.425887384708883,78.2786591297427,22.2546004715977,391.393295648714,194,24,0.437615439732033,83.2485389314374,16.7514610685626
1980,2.09702221323107,0.417389220540053,78.6188255756103,22.2838620258318,393.094127878052,195,24,0.44086301226963,82.9288041560476,17.0711958439524
1980,1.95364974132546,0.388845460384875,78.949819071061,22.3122499278257,394.749095355305,196,24,0.439818784799383,82.1682043895317,17.8317956104684
1980,1.93375021112322,0.384886623877486,79.2523408646174,22.3381234702823,396.261704323087,197,24,0.441035934401004,81.9056307593114,18.0943692406887
1980,1.93301807695723,0.38474793598696,79.5506336790633,22.3635680123817,397.753168395317,198,24,0.441769142110864,81.7437796027255,18.2562203972745
1980,1.95046144061573,0.388228492793345,79.8486277556509,22.3889207603149,399.243138778255,199,24,0.442347078081554,81.6863762192529,18.3136237807471
1980,1.98164670213131,0.394433596840366,80.1499891481091,22.4144930148229,400.749945740545,200,24,0.443834418629154,81.7128708010707,18.2871291989293
1980,2.02518813263588,0.403082216241396,80.4572841807088,22.4404998595287,402.286420903544,201,24,0.446642944832339,81.8078979732007,18.1921020267993
1980,2.07917969583774,0.413802151097602,80.7727196183469,22.4671237339138,403.863598091735,202,24,0.450120741111357,81.9533629892453,18.0466370107547
1980,2.14134806817652,0.426148891376349,81.0982513476447,22.4945238979627,405.491256738224,203,24,0.453587405370714,82.129430729038,17.870569270962
1980,2.20925006953407,0.43964527176036,81.4355166181084,22.5228309483539,407.177583090542,204,24,0.456334865633941,82.3171356082214,17.6828643917786
1980,2.28061296555513,0.453832630772242,81.7858056076927,22.552144724132,408.929028038464,205,24,0.458902129937167,82.5005732425126,17.4994267574874
1980,2.35347766000955,0.468312131952118,82.1498460997623,22.5825167092712,410.749230498812,206,24,0.461972232213013,82.6680269347877,17.3319730652123
1980,2.42621775302151,0.482766433133798,82.5278374145966,22.6139535100589,412.639187072983,207,24,0.465062553367691,82.8119730667323,17.1880269332676
1980,2.4976272430919,0.496962809418826,82.9197500885905,22.6464423358404,414.598750442952,208,24,0.467668877166412,82.9283753905577,17.0716246094423
1980,2.56687362433411,0.510743947757159,83.325414276785,22.6799586094811,416.627071383925,209,24,0.469256968401906,83.0157776094973,16.9842223905027
1980,2.63348603596121,0.524013031674859,83.7446004575917,22.7144728176892,418.723002287959,210,24,0.470109655637042,83.0744391078394,16.9255608921606
1980,2.6973291021017,0.536730531038328,84.1769283492124,22.7499431635895,420.884641746062,211,24,0.471088653771297,83.1105566918619,16.8894433081381
1980,2.60145613050045,0.517660254507307,84.6218182319642,22.7863118483984,423.109091159821,212,24,0.468931179800499,82.6284724663926,17.3715275336074
1981,3.19320785914345,0.638934204006105,54.5,19.9420239553624,272.5,141,24,0.220487310107151,91.3761857417907,8.62381425820927
1981,3.143184184938,0.628875927293605,55.0945175244414,20.0076958427994,275.472587622207,142,24,0.223692449201615,91.096503105365,8.90349689463499
1981,3.08790874018794,0.617719273521651,55.678387499565,20.071712591449,278.391937497825,143,24,0.228245823424573,90.785585720767,9.21441427923301
1981,3.02942883368719,0.60588759431098,56.2502898600482,20.1339651775199,281.251449300241,144,24,0.233916129487242,90.447632326071,9.55236767392897
1981,2.96944236350937,0.593757068435228,56.8093602687466,20.1943960296042,284.046801343733,145,24,0.23975372893022,90.0870307403052,9.9129692596948
1981,2.90944945496506,0.581648562221267,57.355263901084,20.2530050037731,286.77631950542,146,24,0.245116303099056,89.7082782863937,10.2917217136063
1981,2.85081206571026,0.569824741205048,57.8880944253975,20.309836675834,289.440472126988,147,24,0.250242132928545,89.3167940983029,10.6832059016972
1981,2.79463662971754,0.558497945877846,58.4081702482912,20.364957404675,292.040851241456,148,24,0.25538922535022,88.9153421464144,11.0846578535856
1981,2.74174135968495,0.547823634509825,58.9159794639567,20.4184489546755,294.579897319783,149,24,0.260829740955821,88.5093073036036,11.4906926963964
1981,2.69246183614938,0.537915748731943,59.4121193784648,20.4704018261808,297.060596892324,150,24,0.264855199505208,88.103068272749,11.8969317272511
1981,2.8038559702102,0.560173107362976,59.8975961108776,20.5209462264611,299.487980554388,151,24,0.267993258453175,88.0383839736958,11.9616160263042
1981,2.76005901733838,0.551447832276669,60.4047218296761,20.5734405739555,302.023609148381,152,24,0.268949426258664,87.6459235071968,12.3540764928032
1981,2.72106205118498,0.543660438271225,60.9028944981337,20.6247099255643,304.514472490668,153,24,0.270615988750752,87.2637702896402,12.7362297103598
1981,2.68703547754721,0.536803879841979,61.3929319765458,20.6748576621193,306.964659882729,154,24,0.274604690144903,86.8952704394255,13.1047295605745
1981,2.65776771277165,0.530853676265238,61.8753638553599,20.7239552966207,309.376819276799,155,24,0.280399295122972,86.5443901639489,13.4556098360511
1981,2.63277332113793,0.525757805493898,62.350780654269,20.7720786733144,311.753903271345,156,24,0.28632873855194,86.2114921040175,13.7885078959825
1981,2.61174621082323,0.521456572421645,62.8200100171214,20.8193256123371,314.100050085607,157,24,0.29232124747646,85.8981593221238,14.1018406778762
1981,2.59432836062033,0.517879599527798,63.2838327204926,20.8657870345901,316.419163602463,158,24,0.29831155838109,85.6055238760997,14.3944761239003
1981,2.58011845246334,0.514948535530176,63.7429709856143,20.9115460434367,318.714854928071,159,24,0.304200582796503,85.3343070621329,14.6656929378671
1981,2.56860000701231,0.512579543828524,64.1980865837849,20.9566779881165,320.990432918924,160,24,0.309095215578226,85.0848745773872,14.9151254226128
1981,2.55927686493632,0.510685621140073,64.6499166072888,21.001264063808,323.249583036444,161,24,0.312373762501451,84.8572787936732,15.1427212063268
1981,2.55175436282155,0.509178915121416,65.0992232501647,21.0453862875102,325.496116250824,162,24,0.314382941011777,84.6513482964899,15.3486517035101
1981,2.54564500760154,0.507973038553522,65.5466204242416,21.0891106064329,327.733102121208,163,24,0.31550849992396,84.4668100647577,15.5331899352423
1981,2.54057963795296,0.506985423742211,65.9925673873262,21.1324866848204,329.962836936631,164,24,0.316151635687936,84.3033864174915,15.6966135825085
1981,2.53620251803364,0.506139894621008,66.437369320612,21.1755483572949,332.18684660306,165,24,0.316551313154795,84.160898046475,15.839101953525
1981,2.53222588685985,0.505369603784666,66.881212460843,21.2183173837311,334.406062304215,166,24,0.317148095395512,84.0393698464939,15.9606301535061
1981,2.52845280564056,0.504620514313098,67.3241373762798,21.2608011754661,336.620686881399,167,24,0.318638064982511,83.9391616536569,16.0608383463431
1981,2.52473068409486,0.5038478825157,67.7660060282437,21.3029899878028,338.830030141218,168,24,0.321717618730873,83.8600706832666,16.1399293167335
1981,2.52102758484497,0.503030770028785,68.2065105794513,21.3448581431741,341.032552897257,169,24,0.327145705883897,83.8005349011414,16.1994650988586
1981,2.51732956711784,0.502163980358305,68.6451850157633,21.3863654814249,343.225925078817,170,24,0.335171935994252,83.7592587479275,16.2407412520725
1981,2.51347529800164,0.501243358609597,69.0815106152451,21.427467585744,345.407553076225,171,24,0.344555848457157,83.7349698350647,16.2650301649353
1981,2.5093003382771,0.500265363110269,69.5151844848211,21.4681409936082,347.575922424106,172,24,0.353860685752246,83.7263512043163,16.2736487956837
1981,2.5046414713213,0.499226636518229,69.946158196916,21.5083863311197,349.73079098458,173,24,0.361486142895221,83.7320180168001,16.2679819831999
1981,2.49933591365576,0.498123569037344,70.3746707412926,21.5482308503007,351.873353706463,174,24,0.365721286739986,83.750495739107,16.249504260893
1981,2.49334493232671,0.496951834674085,70.8012707344168,21.5877299218734,354.006353672084,175,24,0.366237970512529,83.7802002704007,16.2197997295993
1981,2.4867798742108,0.495705856455683,71.2265646686987,21.6269432941809,356.132823343493,176,24,0.364518776317943,83.8194666330973,16.1805333669027
1981,2.47969360959519,0.494378206127896,71.6508847813708,21.6659045820308,358.254423906854,177,24,0.361558866836985,83.8665885113219,16.1334114886781
1981,2.47212792981393,0.492958970443036,72.0743748454082,21.7046296418003,360.371874227041,178,24,0.358366526304133,83.919779085751,16.080220914249
1981,2.46410678215026,0.491435003408011,72.4969853311943,21.7431164980129,362.484926655971,179,24,0.355911459668604,83.9771455023884,16.0228544976116
1981,2.45578383854508,0.489789041973384,72.9184775556983,21.7813460808775,364.592387778491,180,24,0.356778075234597,84.0366578479968,15.9633421520031
1981,2.44710875877623,0.487998619823172,73.3381266891451,21.819255791708,366.690633445725,181,24,0.361708969013472,84.0961648225302,15.9038351774698
1981,2.43775163211773,0.486034825695193,73.7550493216057,21.8567697744134,368.775246608029,182,24,0.368825147347165,84.1532936629723,15.8467063370277
1981,2.42734359924219,0.483860825871142,74.1686718699811,21.8938410552526,370.843359349905,183,24,0.376147717345109,84.2053207648613,15.7946792351387
1981,2.41547181275842,0.481430095969034,74.5787427652669,21.9304520474784,372.893713826335,184,24,0.381569478109771,84.2491124757,15.7508875243
1981,2.40178405723932,0.478684461369464,74.9853493129775,21.966615473667,374.926746564887,185,24,0.384259758524663,84.2810532016319,15.7189467983681
1981,2.38604049473786,0.475552096745132,75.3886745091921,22.0023522857607,376.943372545961,186,24,0.38556782023035,84.2970047427793,15.7029952572207
1981,2.36789511246968,0.471945911048894,75.788583528045,22.0376550813072,378.942917640225,187,24,0.386558973181213,84.2922851365142,15.7077148634858
1981,2.34691748452093,0.467763318254592,76.1846592816911,22.0724917471886,380.923296408456,188,24,0.388261164474695,84.2615826407422,15.7384173592578
1981,2.32261700504032,0.462889249394107,76.5761930149169,22.1068050747026,382.880965074585,189,24,0.391793996568032,84.1989321893808,15.8010678106192
1981,2.29440942017467,0.457206766512778,76.9621539434642,22.1405105379968,384.810769717321,190,24,0.397305969277159,84.0981760413745,15.9018239586255
1981,2.26173907712743,0.450622521948392,77.3413647514371,22.1735119791187,386.706823757185,191,24,0.403805957258841,83.9545429152029,16.0454570847971
1981,2.22436890762866,0.443100436460601,77.7127352407612,22.2057219810771,388.563676203806,192,24,0.410642625935152,83.7606014839543,16.2393985160457
1981,2.18281509342621,0.434754226697021,78.0752580904626,22.2370612905606,390.376290452313,193,24,0.417091600192476,83.5143892524183,16.4856107475817
1981,2.13890525059257,0.425957552976536,78.4281741151955,22.2674728366833,392.140870575978,194,24,0.422408405735326,83.2216068528864,16.7783931471136
1981,2.09633613727494,0.41746331404983,78.7712385692126,22.2969441655244,393.856192846063,195,24,0.425201521998848,82.9010527757008,17.0989472242992
1981,1.95294685779216,0.388921276240748,79.105224375904,22.3255497687761,395.52612187952,196,24,0.422610222253192,82.1405772834205,17.8594227165796
1981,1.93295275944587,0.384960346793642,79.4110444197048,22.3516692644242,397.055222098524,197,24,0.42223596314889,81.8770193843361,18.1229806156639
1981,1.93218032659321,0.384817274519958,79.7129347347811,22.3773844577662,398.564673673906,198,24,0.422644880818791,81.7142373176693,18.2857626823307
1981,1.94973407113303,0.38829439406362,80.0145829843517,22.4030113252837,400.072914921759,199,24,0.425462088035869,81.6559432118345,18.3440567881655
1981,1.98109414888062,0.394497037535586,80.319172641308,22.4288198511419,401.59586320654,200,24,0.430204411005913,81.6817597530279,18.3182402469721
1981,2.02476597952785,0.403143743871767,80.6290797790815,22.4550090226029,403.145398895408,201,24,0.435486325564816,81.7763321805596,18.2236678194404
1981,2.07889500299212,0.413861766263317,80.946658606185,22.4817738185018,404.733293030925,202,24,0.441520208021563,81.9215022295286,18.0784977704714
1981,2.14126444105285,0.426206020271171,81.2738498866959,22.5092722960189,406.36924943348,203,24,0.448529053773529,82.0973959273154,17.9026040726846
1981,2.20949348830963,0.439698928258724,81.6121063773944,22.5376197433351,408.060531886972,204,24,0.45672259677393,82.2850437740879,17.7149562259121
1981,2.28114709747707,0.453881668914244,81.9623626812985,22.566886664561,409.811813406492,205,24,0.464055011200182,82.4685761358436,17.5314238641564
1981,2.3541132759284,0.468355586416997,82.3254755192991,22.5971359770037,411.627377596495,206,24,0.468942782885715,82.6362408485918,17.3637591514082
1981,2.42684696161973,0.4828037102284,82.7021958777034,22.6284207484038,413.510979388517,207,24,0.472241799230199,82.7804188442725,17.2195811557274
1981,2.49823817267841,0.496993680998967,83.0927945135414,22.6607533394279,415.463972567707,208,24,0.474892057596918,82.8970268008427,17.1029731991573
1981,2.56756347210371,0.510768515130103,83.4971321570056,22.6941118117282,417.485660785028,209,24,0.47785766809016,82.9846086064169,17.0153913935831
1981,2.63438185539109,0.524031690760348,83.9147320056512,22.7284464573364,419.573660028256,210,24,0.481729566260311,83.0434696912743,16.9565303087257
1981,2.69840993558562,0.536735963184898,84.3449108528421,22.7636910382799,421.72455426421,211,24,0.485844914655916,83.0767946275996,16.9232053724003
1981,2.60263668834281,0.517668059564089,84.7870613705631,22.7997861377698,423.935306852816,212,24,0.485334861475477,82.5968482351357,17.4031517648643
1982,3.1940857808361,0.638956697851826,54.5,19.9420239553624,272.5,141,24,0.224455803702862,91.375184751441,8.62481524855903
1982,3.14381060213198,0.628894198955881,55.0938994100608,20.0076278214414,275.469497050304,142,24,0.226542660749121,91.0955493968035,8.90445060319651
1982,3.0878746249921,0.617733543468719,55.6773246282218,20.0715964820365,278.386623141109,143,24,0.227663933984693,90.784656315599,9.21534368440098
1982,3.02843052522977,0.605898190861788,56.2493365470122,20.1338617755755,281.246682735061,144,24,0.227949203423151,90.4466486964731,9.55335130352686
1982,2.96747315539447,0.593764220474627,56.809400682496,20.194400382979,284.04700341248,145,24,0.228000469895726,90.085858505361,9.91414149463905
1982,2.90668980321692,0.581649535786867,57.357261124872,20.2532187132138,286.78630562436,146,24,0.228378775141856,89.7075786068776,10.2924213931224
1982,2.84743611043271,0.569825001298096,57.8928872168909,20.3103462169609,289.464436084454,147,24,0.229124587994106,89.3147497216368,10.6852502783632
1982,2.79073281612468,0.5584944523645,58.4165113387745,20.3658386507291,292.082556693872,148,24,0.230284006129839,88.9126270444033,11.0873729555967
1982,2.73737261169006,0.547816242781078,58.928560801092,20.4197701596196,294.64280400546,149,24,0.231904259416769,88.5057995151428,11.4942004848572
1982,2.68790489242599,0.537904414526323,59.429612008007,20.4722280244485,297.148060040035,150,24,0.23389502356355,88.0986212991518,11.9013787008482
1982,2.79923720829206,0.560154011104157,59.9203693081241,20.52331018864,299.60184654062,151,24,0.23771249626469,88.0321973652729,11.9678026347271
1982,2.75592054030617,0.551425304127916,60.4326273202002,20.576320238199,302.163136601001,152,24,0.241342104106425,87.638745248713,12.361254751287
1982,2.71750378708576,0.543635469782215,60.9354936211971,20.6280546542937,304.677468105986,153,24,0.24643953932333,87.2556718496897,12.7443281503103
1982,2.68402225895171,0.536780561385963,61.4296545705403,20.6786043978151,307.148272852702,154,24,0.253529522005812,86.8872247020343,13.1127752979657
1982,2.65514220371768,0.530830013218747,61.9156986444571,20.7280481114768,309.578493222285,155,24,0.261498013815105,86.5356143085969,13.4643856914031
1982,2.63040699231799,0.525734809459054,62.394370375308,20.77647816434,311.97185187654,156,24,0.26879630962858,86.2020697622983,13.7979302377017
1982,2.60952418389389,0.521435100898785,62.8666327083386,20.8240066244519,314.333163541693,157,24,0.275359542427755,85.8881529451399,14.1118470548601
1982,2.59214690667433,0.517860340563525,63.3334030699066,20.8707384746309,316.667015349533,158,24,0.281132762117339,85.5949717729178,14.4050282270822
1982,2.5778880569483,0.514932009097464,63.7955404974842,20.9167705956026,318.977702487421,159,24,0.286076050250718,85.3232213785563,14.6767786214437
1982,2.56615158510932,0.512566115929052,64.2538345866064,20.9621909418782,321.269172933032,160,24,0.28864134236871,85.0732417395484,14.9267582604516
1982,2.55646866633731,0.510675497989476,64.7092653306657,21.0071043754668,323.546326653329,161,24,0.28845776407125,84.8450365289844,15.1549634710157
1982,2.54860952187856,0.509172188605732,65.1627931258851,21.0516117380107,325.813965629426,162,24,0.287271844278497,84.638394213598,15.361605786402
1982,2.54234971285482,0.50796972323051,65.6149830991219,21.0957733835391,328.07491549561,163,24,0.286841539699833,84.4530494737477,15.5469505262523
1982,2.53748219949838,0.506985419391254,66.0660038922849,21.1396100514198,330.330019461425,164,24,0.288922287259786,84.2887783475578,15.7112216524422
1982,2.5336425858974,0.50614289835407,66.5156316485713,21.1831041991562,332.578158242856,165,24,0.293737811706813,84.1454994602743,15.8545005397257
1982,2.53033301584796,0.505375021019398,66.9635248865856,21.2262273037057,334.817624432928,166,24,0.300002674818888,84.0233333478088,15.9766666521912
1982,2.52721924871544,0.504627449140021,67.4094996420604,21.2689664167576,337.047498210302,167,24,0.30724644132531,83.9226765859597,16.0773234140403
1982,2.52401503541551,0.503855685202994,67.8533991894191,21.3113114012686,339.266995947096,168,24,0.314946258837726,83.8433359180704,16.1566640819296
1982,2.52055547295224,0.503039197397541,68.295114123486,21.3532567662349,341.47557061743,169,24,0.322537428234347,83.7837195091008,16.2162804908991
1982,2.51663078982507,0.502172807037344,68.7346149978186,21.3948046378817,343.673074989093,170,24,0.328210378884217,83.7424469179557,16.2575530820443
1982,2.51217049627352,0.501252437628982,69.1721923247148,21.4359871270824,345.860961623574,171,24,0.331357658590716,83.7180932298999,16.2819067701001
1982,2.50729136808994,0.500274635555451,69.6082440048672,21.4768458002595,348.041220024336,172,24,0.333220471131251,83.7092127007127,16.2907872992873
1982,2.50211279764927,0.499236087063083,70.0429430478917,21.5174005501205,350.214715239459,173,24,0.33512691366566,83.7143833107182,16.2856166892818
1982,2.49674815742329,0.498133164999904,70.4762207187882,21.557648507302,352.381103593941,174,24,0.338406128857899,83.7321912471326,16.2678087528674
1982,2.49124493183953,0.496961463679336,70.9077651271894,21.5975643976839,354.538825635947,175,24,0.343823289276452,83.7612117057941,16.2387882942059
1982,2.48546314629402,0.495715310410066,71.3371208464979,21.6371101683224,356.68560423249,176,24,0.350320451195984,83.7999704833355,16.2000295166645
1982,2.47922827278422,0.494387242366865,71.7640160473585,21.6762651880937,358.820080236792,177,24,0.356490200881554,83.8468644736232,16.1531355263769
1982,2.47235584698445,0.49296736978758,72.1884254794954,21.715031619522,360.942127397477,178,24,0.360837859608944,83.9001295466592,16.0998704533408
1982,2.46464616247392,0.491442622162177,72.6105859349286,21.753435353659,363.052929674643,179,24,0.361807869241423,83.9578146021189,16.0421853978811
1982,2.45610244744156,0.489795853794434,73.0310053723191,21.791526359414,365.155026861595,180,24,0.360319221108227,84.0177531292556,15.9822468707444
1982,2.44680326841772,0.488004735623302,73.4500085903036,21.8293372943979,367.250042951518,181,24,0.35845458079331,84.0776094025896,15.9223905974104
1982,2.43662766674594,0.486040467154436,73.8675195619855,21.8668643311326,369.337597809928,182,24,0.356468750391481,84.1348735998257,15.8651264001743
1982,2.42541357535351,0.483866299293088,74.2833871074654,21.9040969767153,371.416935537327,183,24,0.354600187218052,84.1867546572266,15.8132453427734
1982,2.4129491928915,0.481435776724482,74.6973799422642,21.9410177598937,373.486899711321,184,24,0.353073698761983,84.2301208498651,15.7698791501349
1982,2.39910270774287,0.478690779303217,75.1091794618029,21.9776017220949,375.545897309015,185,24,0.353634197043965,84.2614287133492,15.7385712866507
1982,2.38359273523565,0.475559500799733,75.5180917200831,22.0137911121328,377.590458600415,186,24,0.357201411089568,84.2766865511438,15.7233134488562
1982,2.36588452925441,0.471954859628668,75.923182557774,22.049507881992,379.61591278887,187,24,0.362805169397196,84.2713404424923,15.7286595575077
1982,2.34536679101219,0.467774279592765,76.3236049148406,22.0846827370299,381.618024574203,188,24,0.369456550893313,84.2401416642402,15.7598583357598
1982,2.32136889364726,0.462902693386473,76.7185872701382,22.1192539327765,383.592936350691,189,24,0.376121471198556,84.1771259315986,15.8228740684014
1982,2.29323033649987,0.45722607893075,77.1074308087199,22.1531668584769,385.537154043599,190,24,0.381709771103359,84.0773216568938,15.9226783431062
1982,2.26046071982662,0.450645381404848,77.4895226622218,22.1863750260462,387.447613311109,191,24,0.38623087618543,83.933442608145,16.066557391855
1982,2.22294119785387,0.443127175382946,77.8641500119093,22.2188238229329,389.320750059546,192,24,0.390253457321309,83.7391539224189,16.2608460775811
1982,2.18128401924626,0.434784845381092,78.2304625532663,22.2504473764498,391.152312766332,193,24,0.394333119316792,83.4924542777844,16.5075457222156
1982,2.13740237642805,0.425991444862489,78.5876213318127,22.2811814770794,392.938106659063,194,24,0.399062337148847,83.199042114966,16.8009578850339
1982,2.09502312859266,0.417499052378007,78.9350515591071,22.3109851509136,394.675257795535,195,24,0.403830158511892,82.8777601652056,17.1222398347944
1982,1.9519694952459,0.388959102893007,79.2730460281198,22.3398917858772,396.365230140599,196,24,0.404823313436595,82.1144215685448,17.8855784314552
1982,1.93220200334745,0.384996078388105,79.582224833444,22.3662588588213,397.91112416722,197,24,0.408013833589635,81.8501063190805,18.1498936809195
1982,1.93156763221968,0.384850256896309,79.8868061503968,22.3921641346568,399.434030751984,198,24,0.410818131697,81.686665476368,18.313334523632
1982,1.94909209812903,0.388323669292451,80.1906938235291,22.417941901798,400.953469117646,199,24,0.413505163641027,81.6279719839226,18.3720280160774
1982,1.98029111554266,0.394522947556894,80.4975429749625,22.443901890531,402.487714874813,200,24,0.416049968306271,81.6535045276237,18.3464954723763
1982,2.02374490195709,0.403166547264086,80.8101167867181,22.4702753803601,404.05058393359,201,24,0.418345310048445,81.7478225160761,18.2521774839239
1982,2.077586771386,0.413881422779466,81.130915869065,22.4972690520495,405.654579345325,202,24,0.420488626462604,81.8927164599151,18.1072835400849
1982,2.13958729113821,0.426222239395233,81.4620479461049,22.5250542831699,407.310239730524,203,24,0.422581034577112,82.0682579852055,17.9317420147945
1982,2.20735558447475,0.43971127450257,81.8051545744178,22.5537613813654,409.025772872089,204,24,0.424735826600747,82.2554245193919,17.7445754806082
1982,2.2786055420279,0.453889666372092,82.1613764250993,22.5834771530912,410.806882125496,205,24,0.427198425616699,82.438297301999,17.561702698001
1982,2.35134605739162,0.468358736628111,82.5313478183349,22.6142449927169,412.656739091674,206,24,0.430093232648602,82.6051520829605,17.3948479170395
1982,2.42397294717139,0.482801551390382,82.9152799366085,22.6460723726554,414.576399683042,207,24,0.433221566012284,82.7484531927968,17.2515468072033
1982,2.49530614396414,0.496985903143439,83.3131028330655,22.6789431042076,416.565514165328,208,24,0.436388856056732,82.8641697204301,17.1358302795699
1982,2.56454292375955,0.510755019133491,83.7245494370303,22.7128246377294,418.622747185152,209,24,0.43940037914317,82.9508648822051,17.0491351177949
1982,2.63117985843999,0.524012590488337,84.149231056814,22.7476745505586,420.74615528407,210,24,0.442022545926405,83.0088297986733,16.9911702013267
1982,2.69503039380865,0.536719471021316,84.5867050139976,22.7834462773125,422.933525069988,211,24,0.444392439246355,83.0442884787912,16.9557115212088
1982,2.5993225109899,0.51764988075015,85.0364638843712,22.8200883519205,425.182319421856,212,24,0.443398495810867,82.559834059152,17.440165940848
1983,3.19284501381824,0.638956697851826,54.5,19.9420239553624,272.5,141,24,0.218060063487225,91.375184751441,8.62481524855902
1983,3.14275677510861,0.628894495580873,55.0949304047003,20.0077412785531,275.474652023502,142,24,0.220956793290047,91.09540691873,8.90459308126999
1983,3.08714375613831,0.617733866664428,55.6792620277657,20.0718081248595,278.396310138829,143,24,0.223686513529933,90.7843804336301,9.21561956636988
1983,3.02815922256066,0.605898314774521,56.2519232505722,20.1341423418333,281.259616252861,144,24,0.22643949405063,90.4462683994122,9.55373160058784
1983,2.96766441892381,0.593764037168157,56.8122350585392,20.1947056969886,284.061175292696,145,24,0.229110672364567,90.0854278320478,9.91457216795219
1983,2.90722187703281,0.58164909288258,57.3599117029297,20.2535023256774,286.799558514648,146,24,0.231531631457242,89.7071623428291,10.292837657171
1983,2.84820652090528,0.569824454191141,57.8950136284448,20.3105722749927,289.475068142224,147,24,0.233806402946944,89.3144047574563,10.6855952425437
1983,2.79165551317346,0.5584940046732,58.4178554610261,20.3659806506263,292.089277305131,148,24,0.236036371241459,88.9124020883646,11.0875979116354
1983,2.73837555498376,0.547816094063197,58.9289389841735,20.4198098707455,294.644694920868,149,24,0.23831772829755,88.5057343405778,11.4942656594222
1983,2.68891734607204,0.537904722341651,59.428908084338,20.4721545433507,297.14454042169,150,24,0.240529041657676,88.0987459248396,11.9012540751604
1983,2.80022829313263,0.56015494696273,59.9185410747362,20.5231204327603,299.592705373681,151,24,0.244020653403293,88.03252049139,11.96747950861
1983,2.75672392260381,0.551426829455498,60.4297356809322,20.5760218829723,302.148678404661,152,24,0.246573614440363,87.6392675739002,12.3607324260998
1983,2.7180018351593,0.543637462723423,60.9317163704794,20.627667165458,304.658581852397,153,24,0.249743187802351,87.2563670567836,12.7436329432164
1983,2.68408649945186,0.536782789710702,61.4253162190142,20.6781618454772,307.126581095071,154,24,0.253888909100859,86.8880357443896,13.1119642556104
1983,2.65481354535753,0.530832155594274,61.9113012866563,20.7276019970749,309.556506433281,155,24,0.259006390445686,86.536446759522,13.463553240478
1983,2.62984178629997,0.525736594189031,62.3904056348024,20.7760780934334,311.952028174012,156,24,0.264448375495124,86.2028275837155,13.7971724162845
1983,2.60879059441709,0.521436398608755,62.8634245362167,20.8236845950404,314.317122681083,157,24,0.269591519812739,85.8887704074049,14.1112295925951
1983,2.5912267874711,0.517861116177663,63.3312018035354,20.8705186537667,316.656009017677,158,24,0.273756020513521,85.5953973154366,14.4046026845634
1983,2.5766791000517,0.514932278294833,63.7946305692072,20.9166801890951,318.973152846036,159,24,0.276236124640932,85.3233976703994,14.6766023296006
1983,2.56476440106918,0.51256592234993,64.2546508579075,20.9622716386733,321.273254289538,160,24,0.277253990547524,85.0730835472444,14.9269164527556
1983,2.55515422064312,0.51067499554332,64.712081630098,21.0073814253843,323.56040815049,161,24,0.277643726986436,84.8444914373437,15.1555085626563
1983,2.54743043262422,0.509171614627357,65.167509324206,21.0520734305175,325.83754662103,162,24,0.277576615368064,84.6374837034919,15.3625162965081
1983,2.54118106523813,0.507969279903642,65.6214024917531,21.0963987831742,328.107012458766,163,24,0.277223396885498,84.4518143797565,15.5481856202435
1983,2.53601280625162,0.506985237745526,66.0741131365872,21.1403963125419,330.370565682936,164,24,0.276755809316709,84.2872243248621,15.7127756751379
1983,2.53168821578176,0.506143067229466,66.5258802478958,21.184093191979,332.629401239479,165,24,0.277356219808135,84.1435437305756,15.8564562694244
1983,2.52796040942947,0.505375624175926,66.9766588493225,21.2274888019843,334.883294246613,166,24,0.279770216704833,84.0208374282221,15.9791625717779
1983,2.52449034745351,0.504628526278282,67.42620546787,21.2705635523469,337.13102733935,167,24,0.283492027729038,83.9195141270432,16.0804858729569
1983,2.52098583883312,0.503857276915519,67.8743099766588,21.3133013797222,339.371549883294,168,24,0.287985988837204,83.8393933285934,16.1606066714066
1983,2.51727716777291,0.503041399533929,68.3208109429872,21.3556911160394,341.604054714936,169,24,0.292707885348964,83.77889732536,16.22110267464
1983,2.51324996393224,0.502175698505538,68.7656218332954,21.3977288445602,343.828109166477,170,24,0.296889790645384,83.7366591657922,16.2633408342078
1983,2.50888736529078,0.501256056008751,69.2087868241355,21.4394229737002,346.043934120677,171,24,0.300538328412911,83.7113024216901,16.2886975783099
1983,2.5042382623346,0.500278959504734,69.6503453926257,21.4807813080428,348.251726963129,172,24,0.304231834555178,83.7014494021531,16.2985505978469
1983,2.4993525999893,0.499241047243059,70.0902311245096,21.5218016475015,350.451155622548,173,24,0.308585852736097,83.7057224685802,16.2942775314198
1983,2.49427917415523,0.498138662919741,70.5282644845343,21.5624713358536,352.641322422671,174,24,0.314261913235004,83.7227273159516,16.2772726840484
1983,2.48903445243837,0.496967392929704,70.9641433906105,21.6027666143825,354.820716953053,175,24,0.321711786029269,83.7510359918851,16.2489640081149
1983,2.48346092767218,0.495721571532258,71.3974787017963,21.6426561129493,356.987393508981,176,24,0.329788941119725,83.7891608115382,16.2108391884618
1983,2.47733486698462,0.494393752708428,71.8280790847382,21.6821270589972,359.140395423691,177,24,0.336643131488796,83.8354828340327,16.1645171659672
1983,2.47041849264828,0.492974078989904,72.2560785102085,21.7211964967078,361.280392551043,178,24,0.340241860387632,83.8882085354937,16.1117914645063
1983,2.4624648403241,0.491449528089966,72.6819698905176,21.7599137251608,363.409849452588,179,24,0.338584445431475,83.9453413043518,16.0546586956482
1983,2.45357079367464,0.489803016306058,73.1065968747825,21.7983589094588,365.532984373912,180,24,0.333545689308064,84.0046567472758,15.9953432527242
1983,2.4439473119443,0.488012268299942,73.5304475164296,21.8365789080299,367.652237582148,181,24,0.328456365836632,84.063792708125,15.9362072918751
1983,2.43347092388156,0.486048529941686,73.9533858975026,21.8745638951586,369.766929487513,182,24,0.323517168941968,84.1202516609429,15.8797483390571
1983,2.42197863438063,0.483875118123242,74.3752112661533,21.912298408582,371.876056330767,183,24,0.318920041758532,84.1712524486382,15.8287475513618
1983,2.40926110477515,0.481445666183917,74.7956518831079,21.9497609110398,373.978259415539,184,24,0.314868984163118,84.2136710374611,15.7863289625389
1983,2.39514010143601,0.478702167394618,75.2143533429099,21.9869228707139,376.07176671455,185,24,0.312429209014579,84.2439701194534,15.7560298805466
1983,2.37940696526073,0.475572969003984,75.6307125539614,22.0237342408636,378.153562769807,186,24,0.31304691495933,84.2581423723203,15.7418576276797
1983,2.36169734659317,0.471971160700696,76.0437954605675,22.0601166278648,380.218977302837,187,24,0.317503396068409,84.2516325501686,15.7483674498314
1983,2.34156304516568,0.467794307558932,76.4524388918348,22.0959727245549,382.262194459174,188,24,0.32673204288814,84.2192404872844,15.7807595127156
1983,2.31848716258125,0.462927386827097,76.8552033774651,22.1311825066692,384.276016887325,189,24,0.341956974630627,84.1551037782143,15.8448962217857
1983,2.2916051530202,0.457256194682499,77.2503012688926,22.1655973376177,386.251506344463,190,24,0.360797148141489,84.0544163720471,15.9455836279529
1983,2.26002107263874,0.450681265310327,77.6362482505773,22.1990968366541,388.181241252887,191,24,0.378980194889001,83.9100149905247,16.0899850094753
1983,2.22346481106142,0.443168609881098,78.0122353234388,22.2316204036788,390.061176617194,192,24,0.395016178413078,83.7155601723497,16.2844398276503
1983,2.18240736834361,0.434830861662804,78.3776974759712,22.2631290073946,391.888487379856,193,24,0.40718144655565,83.4689857153667,16.5310142846333
1983,2.13863903552998,0.426040297994464,78.732508646563,22.2936215140496,393.662543232815,194,24,0.413741455062241,83.1758607118953,16.8241392881047
1983,2.09589336604236,0.41754850664986,79.0772477531111,22.3231568284112,395.386238765555,195,24,0.413482953865913,82.854838306835,17.145161693165
1983,1.95215735577287,0.389008564535663,79.4134830737798,22.3518772631464,397.067415368899,196,24,0.404458409661034,82.0910871521924,17.9089128478076
1983,1.93150437392771,0.38504281788156,79.7227697724384,22.3782210694779,398.613848862192,197,24,0.394123063934988,81.8264852160622,18.1735147839379
1983,1.92981655182321,0.384893956365925,80.0299870042168,22.4043181828252,400.149935021084,198,24,0.381215308946244,81.6623757401807,18.3376242598193
1983,1.94616942118972,0.388365175057502,80.3394422088723,22.4305349120576,401.697211044361,199,24,0.367280849943132,81.6026120438022,18.3973879561978
1983,1.97651034320934,0.394563517213751,80.6549487053164,22.4571919407033,403.274743526582,200,24,0.358535908950694,81.6266565729288,18.3733434270712
1983,2.01966031803822,0.403206810123808,80.9782659576808,22.4844336046953,404.891329788404,201,24,0.357699341470404,81.719232604471,18.280767395529
1983,2.07351773149998,0.413921167082104,81.3103738131461,22.5123371242583,406.551869065731,202,24,0.361281372957896,81.8623734394712,18.1376265605288
1983,2.13560728172543,0.426260616993151,81.6525297183756,22.5410019238021,408.262648591878,203,24,0.365956612258761,82.0362698813697,17.9637301186303
1983,2.20326301711953,0.439747077123048,82.0061610969332,22.5705402627368,410.030805484666,204,24,0.368261153960731,82.2219080733843,17.7780919266157
1983,2.27425792476949,0.453921629085312,82.3728549153559,22.6010760806854,411.864274576779,205,24,0.369241495750223,82.4032721614091,17.5967278385909
1983,2.34683582384287,0.468385664666601,82.7535433829386,22.6326772095092,413.767716914693,206,24,0.37185329057503,82.568573884175,17.431426115825
1983,2.41935851307464,0.482822391407072,83.1482162979254,22.665332402486,415.741081489627,207,24,0.375397231778972,82.7103058884192,17.2896941115809
1983,2.49060253615358,0.496999878069608,83.5566756543352,22.6990147241273,417.783378271676,208,24,0.379127567586396,82.8244543804522,17.1755456195478
1983,2.55971764556328,0.510761697497626,83.9786278829118,22.733689401487,419.893139414559,209,24,0.382302983185046,82.9095861634012,17.0904138365988
1983,2.62626522613784,0.524011896313238,84.413757606599,22.7693200198932,422.068788032995,210,24,0.385424306683064,82.9659817453331,17.0340182546669
1983,2.69009803039388,0.536711617852508,84.861561537914,22.8058550598452,424.30780768957,211,24,0.389001659888039,82.9998844330391,17.0001155669609
1983,2.59465542353422,0.517642339791947,85.3214048976823,22.8432327925573,426.607024488412,212,24,0.389159216188567,82.5127157995732,17.4872842004268
1984,3.19081977379842,0.638956697851826,54.5,19.9420239553624,272.5,141,24,0.208009771248072,91.375184751441,8.62481524855903
1984,3.14046642559825,0.628894957297515,55.0965354151442,20.0079179010167,275.482677075721,142,24,0.209289703283554,91.095185115287,8.90481488471297
1984,3.08479117067649,0.617734447027546,55.6827423813533,20.0721883081234,278.413711906767,143,24,0.211352928391852,90.7838848407531,9.21611515924695
1984,3.02605422393988,0.605898576653593,56.2573997927676,20.1347363241602,281.286998963838,144,24,0.215035332314391,90.4454632450272,9.5545367549728
1984,2.96626452533656,0.593763562025306,56.8195714145979,20.1954959070801,284.09785707299,145,24,0.221244368832098,90.0843131105377,9.91568688946227
1984,2.90690533188215,0.581647650149288,57.3685413145709,20.2544256328381,286.842706572854,146,24,0.229732919845055,89.7058071081812,10.2941928918188
1984,2.84899031680251,0.569822156988278,57.9039396407923,20.3115211329651,289.519698203961,147,24,0.238743927447126,89.3129567224285,10.6870432775715
1984,2.79333859082313,0.558491307995122,58.4259506923495,20.3668358238004,292.129753461747,148,24,0.246982478075598,88.9110472621178,11.0889527378822
1984,2.74055945276976,0.547813639062142,58.9351815761753,20.4204653486431,294.675907880876,149,24,0.252994843458501,88.5046585255437,11.4953414744563
1984,2.69105125333873,0.537903085155748,59.4326520058989,20.47254535641,297.163260029495,150,24,0.25523236533147,88.0980830873474,11.9019169126526
1984,2.80188388133367,0.560154317325106,59.9197710961493,20.5232480995062,299.598855480746,151,24,0.255022640395151,88.0323030944417,11.9676969055584
1984,2.75743772488983,0.551427166664983,60.429096416815,20.5759559232669,302.145482084075,152,24,0.251357742022069,87.6393830466276,12.3606169533724
1984,2.71754393480779,0.543638229533411,60.9302630444324,20.6275180717106,304.651315222162,153,24,0.246600639496062,87.2566345452764,12.7433654547236
1984,2.68233262107427,0.536783260411654,61.4243998299719,20.678068362457,307.12199914986,154,24,0.241816343807209,86.8882070622921,13.1117929377079
1984,2.65178919557215,0.530831596594574,61.9124486398639,20.7277183988271,309.562243199319,155,24,0.237966447845493,86.5362295560607,13.4637704439393
1984,2.62616668445615,0.525734455782088,62.3951561002352,20.7765574475474,311.975780501176,156,24,0.2383985939375,86.201919580193,13.798080419807
1984,2.60527071768415,0.521432667244621,62.87264991032,20.8246105873479,314.3632495516,157,24,0.243974873809562,85.8869948668864,14.1130051331136
1984,2.58828476576467,0.517856309499777,63.3448464764898,20.8718811399243,316.724232382449,158,24,0.251772344489214,85.5927596435575,14.4072403564425
1984,2.57436770297894,0.514927117027452,63.812083488599,20.9184140784164,319.060417442995,159,24,0.258629408514276,85.3200164513647,14.6799835486353
1984,2.56265914074309,0.51256106139802,64.2751627291104,20.9642992131229,321.375813645552,160,24,0.261059636453292,85.0691086241469,14.9308913758531
1984,2.55276926520362,0.51067083855372,64.735411183614,21.0096761178192,323.67705591807,161,24,0.259227608017609,84.8399763986516,15.1600236013484
1984,2.54468895614394,0.509168392549581,65.1940449496491,21.0546707030665,325.970224748246,162,24,0.256399789128217,84.6323612604292,15.3676387395708
1984,2.53810266389964,0.507967203033839,65.6516249977543,21.0993425923869,328.258124988772,163,24,0.25347787749642,84.4460002929623,15.5539997070377
1984,2.53271254163599,0.506984482199146,66.1084688428775,21.1437266484995,330.542344214388,164,24,0.251326448141427,84.2806415389449,15.7193584610551
1984,2.52825586031903,0.506143724915288,66.5646615107604,21.1878346342575,332.823307553802,165,24,0.250815145786896,84.1361444793507,15.8638555206493
1984,2.52454503799231,0.505377641719258,67.0200615490392,21.2316563431183,335.100307745196,166,24,0.2530484002448,84.0125911249192,15.9874088750808
1984,2.52130499171022,0.504631656207181,67.4742691013718,21.2751570667519,337.371345506859,167,24,0.258093026781883,83.910417784773,16.089582215227
1984,2.51818298247959,0.503861311752231,67.9268159324597,21.3182962347296,339.634079662299,168,24,0.265103252577143,83.8294964497283,16.1705035502717
1984,2.51494996654986,0.503046288807498,68.3773324154824,21.3610433486429,341.886662077412,169,24,0.273209841395971,83.7682940117476,16.2317059882523
1984,2.51145348958499,0.502181342289982,68.8255769634702,21.4033805147014,344.127884817351,170,24,0.281452276260549,83.7254717888745,16.2745282111255
1984,2.50739213776758,0.501262313251248,69.2714696025849,21.4453053002375,346.357348012924,171,24,0.287424601225513,83.6996748201327,16.3003251798673
1984,2.50268548765475,0.500285700912741,69.7153512667706,21.4868546014197,348.576756333853,172,24,0.29041890957046,83.6894674708155,16.3105325291845
1984,2.49752081945838,0.499248193760322,70.1576883819169,21.5280763085105,350.788441909585,173,24,0.29209516057867,83.6933729378547,16.3066270621453
1984,2.49207826486849,0.49814617547322,70.598652831698,21.5689901887304,352.99326415849,174,24,0.294160492373365,83.7099333144676,16.2900666855324
1984,2.48653378798525,0.496975255324657,71.0381110946444,21.6095875024243,355.190555473222,175,24,0.298389857955675,83.7376919363493,16.2623080636507
1984,2.48071507102136,0.495729766681716,71.47560985077,21.6498302952221,357.37804925385,176,24,0.303576825373678,83.7751750704456,16.2248249295544
1984,2.47437407801289,0.494402267339757,71.9109026059754,21.6897001460556,359.554513029877,177,24,0.30781761301058,83.8207758394289,16.1792241605711
1984,2.46755641882991,0.49298291103679,72.3440740165725,21.7292090639458,361.720370082862,178,24,0.311956939743648,83.8727114570423,16.1272885429577
1984,2.46029481041773,0.491458645228414,72.7750489147553,21.7683543508454,363.875244573777,179,24,0.316929695095875,83.9290862942165,16.0709137057835
1984,2.45259593562028,0.489812321336588,73.2035716977741,21.8071170444325,366.017858488871,180,24,0.3236925913033,83.9878654159694,16.0121345840306
1984,2.4442742875637,0.488021631468821,73.6291967590092,21.8454613847575,368.145983795046,181,24,0.331630477487603,84.046840929171,15.953159070829
1984,2.43500165168331,0.486057859282189,74.0515644255534,21.8833598522123,370.257822127767,182,24,0.338920606121509,84.1035430241616,15.8964569758384
1984,2.42452467923467,0.48388438162972,74.470613935568,21.9208119895736,372.35306967784,183,24,0.344767344346665,84.1551555908559,15.8448444091441
1984,2.41253996321522,0.481454886481619,74.8863929849928,21.9578269446717,374.431964924964,184,24,0.348307201582657,84.1984906469226,15.8015093530774
1984,2.39869039625354,0.478711414485442,75.2990612860699,21.9944236010267,376.495306430349,185,24,0.348712165197493,84.2299168410323,15.7700831589677
1984,2.3826294024284,0.475582377761677,75.7088727300499,22.0306288239783,378.544363650249,186,24,0.346047807043798,84.2452797076163,15.7547202923837
1984,2.3640849968244,0.471980969080627,76.1159987749977,22.0664618022881,380.579993874989,187,24,0.342068270607177,84.2398412231041,15.7601587768959
1984,2.34269370647179,0.467804882663596,76.5202056506048,22.101905944538,382.601028253024,188,24,0.338372296001669,84.208252552069,15.791747447931
1984,2.31802457009877,0.462939288472933,76.9208671474551,22.1369106510191,384.604335737275,189,24,0.336492867116103,84.1445249000079,15.8554750999921
1984,2.28964547584052,0.457270273755216,77.3169642774375,22.1713918870054,386.584821387187,190,24,0.337954447775549,84.0437349750328,15.9562650249672
1984,2.25706340748408,0.450698612484692,77.7070867553083,22.205232876442,388.535433776541,191,24,0.342971797690746,83.8987109670092,16.1012890329908
1984,2.21998602685593,0.443190298770324,78.0896827671422,22.2383061724609,390.448413835711,192,24,0.350448562462635,83.7032284751143,16.2967715248857
1984,2.17892016515713,0.434857651932291,78.4633613337394,22.2704997636015,392.316806668697,193,24,0.360016979962998,83.4553401569765,16.5446598430235
1984,2.13567296866313,0.426072146012924,78.8269064259072,22.3017179334965,394.134532129536,194,24,0.371289653520766,83.1607677483549,16.8392322516451
1984,2.09395561863658,0.417584108890578,79.1795409536235,22.3319034676297,395.897704768117,195,24,0.383830602194088,82.838360607936,17.161639392064
1984,1.95138560785807,0.389046578925268,79.5213172837599,22.3610702572333,397.6065864188,196,24,0.390254018916461,82.0731835858515,17.9268164141486
1984,1.93163140790492,0.385079616875761,79.8332884530396,22.3876173340923,399.166442265198,197,24,0.393680685525994,81.8079251164444,18.1920748835556
1984,1.93084141547946,0.384927770187254,80.140617417069,22.4136987798148,400.703087085345,198,24,0.394469895206733,81.6436226948637,18.3563773051363
1984,1.94824177876051,0.388395406489055,80.4476244835409,22.4396833995515,402.238122417705,199,24,0.395765912318275,81.5841823525423,18.4158176474577
1984,1.97956981715803,0.394590072794806,80.757846252822,22.4658699983277,403.78923126411,200,24,0.400795448930917,81.6091188736654,18.3908811263346
1984,2.02341788131081,0.40322959197988,81.0733213723129,22.4924282431247,405.366606861564,201,24,0.409583121450328,81.7030820744899,18.29691792551
1984,2.07769541691135,0.41394009373909,81.3958019877658,22.5195019044073,406.979009938829,202,24,0.418773131158784,81.8479387543375,18.1520612456625
1984,2.14004600186006,0.42627567530305,81.727293247935,22.547254239539,408.636466239675,203,24,0.426504633400789,82.0237224455174,17.9762775544826
1984,2.20793706137414,0.43975838190311,82.0697011313149,22.5758382602326,410.348505656575,204,24,0.430832709502481,82.2113193020718,17.7886806979282
1984,2.27890883263097,0.45392946556184,82.4248140285043,22.605395221339,412.124070142521,205,24,0.429746368826465,82.3946712493342,17.6053287506658
1984,2.35103297850149,0.468390590719264,82.7943305173059,22.6360569550583,413.97165258653,206,24,0.424752338380021,82.5618627611137,17.4381372388863
1984,2.42292687469862,0.482825153681545,83.1792621018035,22.6678965418416,415.896310509017,207,24,0.419003211239117,82.7052239770324,17.2947760229676
1984,2.49345929378419,0.49700118715253,83.5797131931539,22.7009110207459,417.898565965769,208,24,0.413007545095195,82.8206997058103,17.1793002941897
1984,2.5618806944049,0.510762129926922,83.9954602142233,22.7350701072768,419.977301071116,209,24,0.407220726334157,82.9068526862213,17.0931473137787
1984,2.6277521400497,0.524011856405893,84.4260385770442,22.7703237883807,422.130192885221,210,24,0.402103313157791,82.9639933144147,17.0360066855853
1984,2.69120593056434,0.536711347808413,84.8708037740597,22.8066076906325,424.354018870299,211,24,0.401191235195003,82.9983919467043,17.0016080532957
1984,2.59585721771671,0.517642149682672,85.328430554905,22.8438027732214,426.642152774525,212,24,0.402881963633268,82.5115545353707,17.4884454646293
1985,3.19500259244027,0.638956697851826,54.5,19.9420239553624,272.5,141,24,0.229301872146905,91.375184751441,8.62481524855902
1985,3.14491189406522,0.628893972841213,55.0931135586928,20.0075413404378,275.465567793464,142,24,0.232529733112938,91.0956579975654,8.90434200243466
1985,3.08927450857771,0.617733249286782,55.6755616231936,20.0714038857265,278.377808115968,143,24,0.235477942314046,90.7849073650862,9.21509263491381
1985,3.03026277346058,0.605898044773726,56.2462907227709,20.1335313993611,281.231453613854,144,24,0.238439709744486,90.447096496021,9.55290350397899
1985,2.96972556339784,0.593764529113442,56.8046232170637,20.1938857387628,284.023116085318,145,24,0.241221457078591,90.0865844298092,9.9134155701908
1985,2.90921044103015,0.581650700132883,57.3502899607864,20.2524727534409,286.751449803932,146,24,0.243538451949282,89.7086734147893,10.2913265852107
1985,2.85011204737307,0.569827444600389,57.8833882713062,20.3093363168698,289.416941356531,147,24,0.245605723514254,89.3162907386639,10.6837092613361
1985,2.79348710856959,0.558498535013324,58.4042513910067,20.3645433424922,292.021256955033,148,24,0.247651061680095,88.9146789343208,11.0853210656792
1985,2.7401587817389,0.547822212345372,58.9133783513647,20.4181757793054,294.566891756823,149,24,0.249890940771097,88.5084160459789,11.4915839540211
1985,2.6907556111937,0.537912382251343,59.4113895215399,20.47032562232,297.0569476077,150,24,0.25275577674072,88.1018475586221,11.8981524413779
1985,2.80232937068352,0.560164977607673,59.8989448967972,20.5210862540674,299.494724483986,151,24,0.257623394494084,88.0359840630436,11.9640159369564
1985,2.75894741105788,0.551438379806538,60.4078392621638,20.5737623186131,302.039196310819,152,24,0.261344760762419,87.6432229308259,12.3567770691741
1985,2.72019948706401,0.543650340620144,60.9073105272329,20.6251630911576,304.536552636165,153,24,0.264682444676602,87.2608591829029,12.7391408170971
1985,2.6859981679222,0.536796636392852,61.3983621791563,20.675411793649,306.991810895781,154,24,0.267105601068306,86.8930750055752,13.1069249944248
1985,2.65619654171244,0.530846392587166,61.8820863850911,20.7246375681209,309.410431925455,155,24,0.26861130705355,86.5419777120068,13.4580222879932
1985,2.63063775117481,0.525750490480427,62.3595465103672,20.7729635794047,311.797732551836,156,24,0.269838300978574,86.2087264469547,13.7912735530452
1985,2.60907589634343,0.521449258998451,62.8316467965684,20.8204941951281,314.158233982842,157,24,0.271188556915312,85.8948870284718,14.1051129715282
1985,2.59120902170914,0.517872412499258,63.2991619060075,20.8673185115945,316.495809530038,158,24,0.273062186291225,85.6015917196677,14.3984082803324
1985,2.57669531631198,0.514941724622807,63.7627260832623,20.9135097300653,318.813630416311,159,24,0.275878526678636,85.3295794874414,14.6704205125586
1985,2.56512426448651,0.512573478514686,64.2228213391519,20.9591244346737,321.11410669576,160,24,0.279749230546344,85.0792526314128,14.9207473685872
1985,2.55601228119726,0.510680758316777,64.67982524732,21.0042077410432,323.3991262366,161,24,0.284324171635316,84.8507352014914,15.1492647985086
1985,2.54888904441784,0.50917569060441,65.1340886864336,21.0488012128995,325.670443432168,162,24,0.289379349033516,84.6439365105446,15.3560634894554
1985,2.54329072956649,0.507971740417901,65.5859132675952,21.0929407651634,327.929566337976,163,24,0.294670978216065,84.4586432086029,15.5413567913971
1985,2.53877089658375,0.506986112684659,66.035556590614,21.1366573225835,330.17778295307,164,24,0.299924162209716,84.2946139515238,15.7053860484762
1985,2.53487047893211,0.506142378188453,66.4832419434659,21.1799778847755,332.41620971733,165,24,0.304445404563447,84.1516813258544,15.8483186741456
1985,2.53122517537974,0.505373462647478,66.9292394969246,21.2229334283691,334.646197484623,166,24,0.307936622113132,84.0298499507145,15.9701500492855
1985,2.52759960602379,0.504625166330674,67.3738061743664,21.2655530713449,336.869030871832,167,24,0.310687167102944,83.9294348013758,16.0705651986242
1985,2.52380713114661,0.503852942225177,67.8170939487869,21.3078553916657,339.085469743934,168,24,0.313011183515651,83.8501825212014,16.1498174787986
1985,2.51978113793182,0.503036137524554,68.2591546331219,21.3498491256681,341.295773165609,169,24,0.315241044622516,83.7904691404427,16.2095308595573
1985,2.51549344825266,0.502169597431286,68.6999602404932,21.3915353131231,343.499801202466,170,24,0.317352478687264,83.7489172117163,16.2510827882837
1985,2.51092527265326,0.501249224919983,69.1394820008195,21.4329148920747,345.697410004098,171,24,0.319359319944419,83.7241648526699,16.2758351473301
1985,2.50610239122582,0.500271517771012,69.5776846173883,21.4739881637811,347.888423086941,172,24,0.321673821369149,83.7148492544167,16.2851507455833
1985,2.50105367785581,0.499233118654477,70.0144554971093,21.5147482164705,350.072277485547,173,24,0.32474686921294,83.7196023052134,16.2803976947866
1985,2.49580110832984,0.498130371175444,70.4495976434441,21.5551804215698,352.24798821722,174,24,0.329000968003765,83.7370339493844,16.2629660506156
1985,2.49030448206394,0.496958859203902,70.8828339541576,21.5952629931021,354.414169770788,175,24,0.334309149878536,83.7657128745436,16.2342871254564
1985,2.48446825290613,0.495712918322713,71.3139046816484,21.6349760943038,356.569523408242,176,24,0.340042532735038,83.8041295928535,16.1958704071465
1985,2.47822148529541,0.494385086415433,71.7426567468666,21.6743099670758,358.713283734333,177,24,0.345875283367136,83.8506603873025,16.1493396126975
1985,2.47148209902497,0.492965455199469,72.1689880508002,21.7132596407068,360.844940254001,178,24,0.351467603371056,83.9035556221636,16.0964443778364
1985,2.46415461731063,0.491440917740679,72.5928480382251,21.7518248820722,362.964240191126,179,24,0.356483141875676,83.9609149872975,16.0390850127025
1985,2.45607164248107,0.489794275462906,73.0142343284378,21.7900097935184,365.071171642189,180,24,0.360002509556091,84.0206596497558,15.9793403502442
1985,2.44712104896843,0.488003181106714,73.4332949382813,21.8278319337516,367.166474691407,181,24,0.361966557509934,84.0804811629126,15.9195188370874
1985,2.43724463409184,0.48603884873343,73.8501672865916,21.8653076092071,369.250836432958,182,24,0.363291013540267,84.1378294528474,15.8621705471526
1985,2.42634321560102,0.483864525207188,74.2647940034061,21.9024354416894,371.323970017031,183,24,0.364915588640974,84.1898947280738,15.8101052719262
1985,2.41426484576078,0.481433729316687,74.6769099399098,21.9391955565816,373.384549699549,184,24,0.367769827046471,84.2335485898649,15.7664514101352
1985,2.4006980090826,0.478688286947241,75.0860336517328,21.9755491785903,375.430168258664,185,24,0.371674124908953,84.2652723396838,15.7347276603162
1985,2.38521984768959,0.475556354722461,75.491657318587,22.0114557600758,377.458286592935,186,24,0.375947055575254,84.2810410251991,15.7189589748009
1985,2.3674100287025,0.471950840396603,75.8933248415462,22.0468798740699,379.466624207731,187,24,0.380811924260457,84.2762212408842,15.7237787591158
1985,2.346770513783,0.467769141935305,76.29045140176,22.0817752776402,381.4522570088,188,24,0.38651807176869,84.2455227302509,15.7544772697491
1985,2.32273966812277,0.462896150416212,76.6823027150663,22.1160832752675,383.411513575332,189,24,0.393339350139056,84.1829777144941,15.8170222855059
1985,2.29467638867535,0.457217776440765,77.0679774138803,22.1497313780493,385.339887069401,190,24,0.400490139356766,84.0836500749972,15.9163499250029
1985,2.26199809816299,0.450634896631282,77.4466030519946,22.1826505169595,387.233015259973,191,24,0.406879206304597,83.9402991220957,16.0597008779043
1985,2.22451728560465,0.443114106967732,77.8174089334465,22.2147812377542,389.087044667232,192,24,0.412183132361519,83.7466049507692,16.2533950492308
1985,2.18279112102719,0.434768973678435,78.1796515626619,22.2460670659606,390.898257813309,193,24,0.416133494098669,83.5005577852667,16.4994422147333
1985,2.13868327514329,0.42597295332639,78.5327525824991,22.2764662687147,392.663762912495,194,24,0.418453142919534,83.2078259060737,16.7921740939263
1985,2.09597391546923,0.41747872233256,78.8765618177401,22.3059741233879,394.3828090887,195,24,0.419029787009645,82.8871942049462,17.1128057950538
1985,1.95255729502082,0.388937515951255,79.2117075962171,22.3346522672488,396.058537981086,196,24,0.415498886534773,82.1246196386247,17.8753803613753
1985,1.93252580083011,0.384975030102833,79.5188700011895,22.3608617198809,397.594350005947,197,24,0.414583153536594,81.8607610174759,18.1392389825241
1985,1.93169589910129,0.384830563213076,79.8222034289975,22.3866752979369,399.111017144987,198,24,0.414176609358363,81.6976319632958,18.3023680367042
1985,1.94911579286998,0.388305485638409,80.1254463228318,22.4124129234293,400.627231614159,199,24,0.415062728248138,81.6391030839943,18.3608969160057
1985,1.98039141554383,0.394506070951147,80.4319899998835,22.4383617919774,402.159949999417,200,24,0.418693168830428,81.6646927179003,18.3353072820997
1985,2.02410153037474,0.40315074231526,80.7440565620669,22.4647074662512,403.720282810335,201,24,0.42485780562302,81.7590616382272,18.2409383617728
1985,2.07827563389034,0.413866525191562,81.0636258377019,22.4916130991934,405.31812918851,202,24,0.431913367221127,81.9041010389716,18.0958989610284
1985,2.14056605952093,0.426208245224933,81.3926121587044,22.5192344706811,406.963060793522,203,24,0.438054163545274,82.0799256231676,17.9200743768324
1985,2.2084508634771,0.439698375552568,81.7328214094384,22.5477163896821,408.664107047192,204,24,0.441437989446994,82.2674927416954,17.7325072583046
1985,2.27963564713962,0.453878235973985,82.0859234727459,22.5771904284312,410.42961736373,205,24,0.442386912442253,82.4508010857231,17.5491989142769
1985,2.35221536827416,0.468349211935135,82.453064883354,22.6077427987193,412.26532441677,206,24,0.442480693917752,82.618046437788,17.3819535622121
1985,2.42459106863037,0.482794294246387,82.8346951680163,22.6394005500578,414.173475840081,207,24,0.441711364514913,82.7616576306152,17.2383423693848
1985,2.49558690436591,0.496981133678056,83.2309456210345,22.6721637151422,416.154728105173,208,24,0.440043544355139,82.8775730049764,17.1224269950236
1985,2.56440504783191,0.51075278029151,83.6417194142677,22.7060131503603,418.208597071338,209,24,0.437435733707216,82.9643290334111,17.0356709665889
1985,2.63073257490926,0.524012741749952,84.0667684278572,22.7409171687345,420.333842139286,210,24,0.436090283558703,83.0221942049083,16.9778057950917
1985,2.69450396303186,0.536721729247919,84.5053414629359,22.7768030533015,422.526707314679,211,24,0.437476662118518,83.0574400027911,16.9425599972089
1985,2.59885633048822,0.517651940161603,84.9563803101496,22.8135738049483,424.781901550748,212,24,0.437037137639143,82.5730840478235,17.4269159521765
1986,3.19493664543246,0.638956697851826,54.5,19.9420239553624,272.5,141,24,0.228949824811376,91.375184751441,8.62481524855903
1986,3.14470813475373,0.628893989305825,55.0931707787584,20.0075476373938,275.465853893792,142,24,0.231410612385968,91.09565009003,8.90434990997002
1986,3.08882347048564,0.617733289387286,55.6758019153656,20.0714301362623,278.379009576828,143,24,0.232931901945195,90.784873147758,9.21512685224201
1986,3.02937282659227,0.605898076412269,56.2469500146166,20.1336029128653,281.234750073083,144,24,0.233283829928424,90.4469995661629,9.5530004338371
1986,2.96840164416606,0.593764431448006,56.8061356932421,20.1940486709115,284.030678466211,145,24,0.23335367915619,90.0863546119041,9.9136453880959
1986,2.90764724272418,0.581650229010116,57.3531112032639,20.2527746522972,286.76555601632,146,24,0.234010262129697,89.708230342185,10.291769657815
1986,2.84842077662187,0.569826309320596,57.8878025014448,20.3098056392631,289.439012507224,147,24,0.235038852802223,89.3155746128102,10.6844253871898
1986,2.79169836201128,0.558496474105208,58.4104407236995,20.3651972917695,292.052203618498,148,24,0.236204813393304,88.9136430477826,11.0863569522175
1986,2.73823612121591,0.547819019538738,58.9214991588338,20.4190286190356,294.607495794169,149,24,0.237298544822823,88.5070165010905,11.4929834989095
1986,2.68878232780876,0.537907898585795,59.4216442410584,20.4713962507371,297.108221205292,150,24,0.23950363011336,88.1000319600442,11.8999680399558
1986,2.8003674449849,0.560158574021006,59.9114553428216,20.522384952809,299.557276714108,151,24,0.244783788986167,88.033772854575,11.966227145425
1986,2.75717618264966,0.551430632972682,60.4225251855109,20.5752778709669,302.112625927555,152,24,0.249450913720258,87.6405700458317,12.3594299541683
1986,2.71856885642836,0.543641523105766,60.9240209024992,20.6268776749473,304.620104512496,153,24,0.253484857147239,87.257783442226,12.742216557774
1986,2.6843527231548,0.536787068737607,61.416985860665,20.6773120101129,307.084929303325,154,24,0.255591122280787,86.8895931160963,13.1104068839038
1986,2.65443773283338,0.530836354424541,61.902683774638,20.7267276816236,309.51341887319,155,24,0.256111762859977,86.5380781571753,13.4619218428246
1986,2.62877463793811,0.525740247035681,62.3822919333792,20.7752593072134,311.911459666896,156,24,0.256417749900028,86.2043784788882,13.7956215211118
1986,2.6070898840203,0.521439117621215,62.8567035767965,20.8230099224663,314.283517883982,157,24,0.25669279506204,85.8900639901046,14.1099360098954
1986,2.58905763985384,0.517862695358981,63.3267204870319,20.8700711281496,316.63360243516,158,24,0.257134151097617,85.596263645545,14.403736354455
1986,2.57430927269814,0.514932748936708,63.7930398247719,20.9165221375026,318.965199123859,159,24,0.25792159724169,85.3237058674426,14.6762941325574
1986,2.56258995136001,0.512565543365093,64.2562490636819,20.9624296356467,321.28124531841,160,24,0.260305127800002,85.0727738192784,14.9272261807216
1986,2.55350487298977,0.510674183528147,64.7166347078569,21.0078293109124,323.583173539285,161,24,0.264656385254403,84.8436102145639,15.1563897854362
1986,2.54645106440635,0.509170785232712,65.1743299694252,21.0527410967834,325.871649847126,162,24,0.26979631898472,84.6361669587379,15.3638330412621
1986,2.54083699329547,0.507968716046604,65.6295832739608,21.0971957217373,328.147916369804,163,24,0.274491944088811,84.450240473094,15.549759526906
1986,2.53608845094321,0.506985045198065,66.0827713345665,21.1412357252184,330.413856672832,164,24,0.277407989757195,84.2855652026504,15.7144347973495
1986,2.53182568899815,0.506143209572068,66.5344230725752,21.1849174959055,332.672115362876,165,24,0.278502587455634,84.1419136250148,15.8580863749853
1986,2.52786281996094,0.505376008999235,66.9849998275964,21.2282898514679,334.924999137982,166,24,0.278978957729681,84.0192524738601,15.9807475261399
1986,2.52398671779279,0.504629075141293,67.4346851118692,21.2713741305555,337.173425559346,167,24,0.279316559591461,83.9179090604467,16.0820909395533
1986,2.52003355076081,0.503857981018733,67.8835239166986,21.314178090199,339.417619583493,168,24,0.279997253377959,83.8376563010282,16.1623436989718
1986,2.51595984301692,0.503042313515112,68.3314320920346,21.3566971083355,341.657160460173,169,24,0.281513152434455,83.7769044703312,16.2230955296688
1986,2.51176939947994,0.502176878484554,68.7782183681361,21.3989165417695,343.891091840681,170,24,0.284132611847476,83.734308280678,16.265691719322
1986,2.50742972091889,0.501257531797841,69.2236385644469,21.4408170379436,346.118192822235,171,24,0.287791526522151,83.7085469360622,16.2914530639378
1986,2.5029109402834,0.500280726170565,69.6674548215217,21.4823801708449,348.337274107609,172,24,0.2924300809082,83.6982952089375,16.3017047910625
1986,2.49818943036073,0.499243073290058,70.1094352697792,21.5235883848358,350.547176348896,173,24,0.298041215944094,83.7022060928314,16.2977939071686
1986,2.49323607330029,0.498140903564624,70.5493447264087,21.5644241088344,352.746723632044,174,24,0.304587085528462,83.718895005705,16.281104994295
1986,2.48784503158392,0.496969807054083,70.9869497549933,21.6048702179324,354.934748774966,175,24,0.310418367991121,83.7469208651738,16.2530791348262
1986,2.48189393060276,0.495724164570355,71.4223056169983,21.6449363704056,357.111528084991,176,24,0.31459390314353,83.7847158527817,16.2152841472182
1986,2.47546891589637,0.494396572965287,71.855631329152,21.6846470130971,359.27815664576,177,24,0.31821212791145,83.8305894119597,16.1694105880403
1986,2.46864233018804,0.492977163304367,72.2869434461169,21.7240077252814,361.434717230585,178,24,0.322432842309611,83.8827717582815,16.1172282417185
1986,2.46146890759884,0.491452850619881,72.7160410294559,21.7630042501411,363.580205147279,179,24,0.328479852888622,83.9393900284467,16.0606099715533
1986,2.45363715918932,0.489806445048292,73.1424893272847,21.8016014255155,365.712446636424,180,24,0.334175856832075,83.9984406391208,16.0015593608792
1986,2.44485523742338,0.488015646053193,73.5662267548136,21.8397982040517,367.831133774068,181,24,0.337637646501099,84.0576493941366,15.9423506058634
1986,2.43516978178917,0.48605175919622,73.9875099994112,21.8776220453393,369.937549997056,182,24,0.34075337773586,84.114443008656,15.885556991344
1986,2.4245831916864,0.483878118469545,74.4062274411976,21.915067076806,372.031137205988,183,24,0.345482921776615,84.1660181694146,15.8339818305853
1986,2.41304741174197,0.481448322088065,74.8218759666903,21.9520926867133,374.109379833451,184,24,0.353931273615018,84.2092830495024,15.7907169504975
1986,2.40008471930348,0.478704254051309,75.2335218588684,21.9886207222468,376.167609294342,185,24,0.364317707804809,84.2407893838667,15.7592106161333
1986,2.38504368394739,0.475574143467672,75.6404920149162,22.0245971680948,378.202460074581,186,24,0.373425520270865,84.2565326624378,15.7434673375622
1986,2.36750547254277,0.47197100219875,76.0426263980492,22.0600138569688,380.213131990246,187,24,0.381343535513962,84.2518235068937,15.7481764931063
1986,2.34697135521766,0.467792317053233,76.4396634445597,22.0948537782491,382.198317222798,188,24,0.388167069287039,84.2213124131726,15.7786875868274
1986,2.32288187141461,0.462923045642575,76.8312227881911,22.1290897222983,384.156113940956,189,24,0.39404331105423,84.1589681760864,15.8410318239136
1986,2.29458358382272,0.457249122183058,77.2167827417205,22.162682489541,386.083913708603,190,24,0.397856785431502,84.0597885163199,15.9402114836801
1986,2.2615369014482,0.450671394714859,77.5959140376573,22.1956013386677,387.979570188287,191,24,0.398925304634632,83.9164532637842,16.0835467362158
1986,2.22365054334941,0.443156288231601,77.9682159393935,22.2278183010549,389.841079696967,192,24,0.398134605163982,83.7225715721556,16.2774284278444
1986,2.18156568648118,0.434816916998313,78.3330923186871,22.2592888326453,391.665461593435,193,24,0.396383386020894,83.4760935362793,16.5239064637207
1986,2.1372217450621,0.426025926062584,78.6898955589897,22.2899644082213,393.449477794948,194,24,0.394572524037574,83.1826766490294,16.8173233509706
1986,2.09449931184392,0.41753491717703,79.0381857693513,22.3198147303009,395.190928846756,195,24,0.39423544693637,82.8611331439712,17.1388668560288
1986,1.95135889473286,0.388996059910155,79.377992507236,22.3488497474676,396.88996253618,196,24,0.393089654393613,82.0969822052394,17.9030177947606
1986,1.93158677154402,0.385031712645862,79.6893939390404,22.3753816815545,398.446969695202,197,24,0.396101206737045,81.8320927482477,18.1679072517523
1986,1.9310120220662,0.384883647952262,79.9962326682452,22.401454278813,399.981163341226,198,24,0.399921078806941,81.6681000160826,18.3318999839174
1986,1.94860914950957,0.388354772747124,80.3021864793078,22.4273823753887,401.510932396539,199,24,0.403944865206312,81.6089616102006,18.3910383897994
1986,1.97995303171543,0.39455214445517,80.6108488678881,22.4534703359387,403.05424433944,200,24,0.408968954144634,81.6341760389737,18.3658239610262
1986,2.02364959633112,0.403193995250047,80.924768953284,22.4799313608507,404.62384476642,201,24,0.415228977571075,81.7283257320744,18.2716742679256
1986,2.07772770601481,0.413906945650752,81.2461698558344,22.5069489451347,406.230849279172,202,24,0.421158439090383,81.873225988199,18.126774011801
1986,2.13984077980687,0.426245440681668,81.5771937122312,22.5346976957911,407.885968561156,203,24,0.425086298556327,82.0489178414615,17.9510821585385
1986,2.20746587498976,0.439731710786888,81.9198474931882,22.5633388095376,409.599237465941,204,24,0.425321255821952,82.2362966817641,17.7637033182359
1986,2.27829556174462,0.453906999747017,82.2759717817023,22.5930175229149,411.379858908512,205,24,0.422141063733991,82.4193142682352,17.5806857317648
1986,2.35047559808974,0.468372758841481,82.6468900641892,22.6238341017356,413.234450320946,206,24,0.41788800172811,82.5861275111776,17.4138724888224
1986,2.42251324835243,0.48281211652072,83.0330864698875,22.6558177541175,415.165432349437,207,24,0.413947319700486,82.7291564413476,17.2708435586524
1986,2.49335073185478,0.496992897265058,83.4344694936265,22.6889494295184,417.172347468132,208,24,0.411608022455051,82.8443764562297,17.1556235437703
1986,2.56232416574868,0.510758364638801,83.8504782469417,22.7231713408042,419.252391234709,209,24,0.412176692335196,82.9304017538831,17.0695982461169
1986,2.62895233870622,0.524012286546175,84.2801577320635,22.7583938331808,421.400788660318,210,24,0.415450470587974,82.9876179378902,17.0123820621098
1986,2.6929848041768,0.536715634296187,84.7224972738585,22.7945236195696,423.612486369293,211,24,0.420643360774144,83.0223462283918,16.9776537716082
1986,2.59778222235123,0.517646213673599,85.1765933022708,22.8314771598912,425.882966511354,212,24,0.424964915785502,82.5366570220816,17.4633429779184
1987,3.19347929065747,0.638956697851826,54.5,19.9420239553624,272.5,141,24,0.221306447351484,91.375184751441,8.62481524855902
1987,3.14363600780401,0.628894345279848,55.0944079832953,20.0076837882125,275.472039916477,142,24,0.22560603765129,91.0954791146005,8.90452088539953
1987,3.08830671505754,0.617733653742699,55.6779856056404,20.071668688229,278.389928028202,143,24,0.230046071892438,90.7845621935615,9.21543780643853
1987,3.02953064448309,0.605898203848701,56.2496075127116,20.1338911662348,281.248037563558,144,24,0.234195172026405,90.4466088590117,9.55339114098831
1987,2.96896938622205,0.593764269484834,56.8086424773977,20.1943187086575,284.043212386989,145,24,0.23671209318007,90.0859737123395,9.91402628766045
1987,2.90823750764348,0.581649903532632,57.3550598440097,20.2529831687105,286.775299220049,146,24,0.237588610530705,89.7079243120997,10.2920756879002
1987,2.84896301739501,0.569825961808654,57.8891535181426,20.3099492748154,289.445767590713,147,24,0.238407345188696,89.3153554370909,10.6846445629091
1987,2.7924196596482,0.558496212437788,58.4112264847362,20.3652803098433,292.056132423681,148,24,0.240801057378033,88.9135115387776,11.0864884612224
1987,2.73963208226522,0.54781901530464,58.9215099273538,20.4190297498813,294.607549636769,149,24,0.246473555177278,88.507014645255,11.492985354745
1987,2.6910242566628,0.53790857415281,59.420099199671,20.4712349512774,297.100495998355,150,24,0.254805647716045,88.1003055066715,11.8996944933284
1987,2.80337248080881,0.560160701886724,59.9072982906391,20.521953433734,299.536491453196,151,24,0.265045001919912,88.0345076011094,11.9654923988906
1987,2.76065424363607,0.551434646330909,60.4149169173982,20.5744927478507,302.074584586991,152,24,0.273832441042802,87.6419443994254,12.3580556005746
1987,2.7224645010619,0.543647743651564,60.9122319783312,20.6256680953391,304.561159891656,153,24,0.281737080093889,87.2599533148494,12.7400466851506
1987,2.68870562206559,0.53679562758722,61.4003256809088,20.6756121531287,307.001628404544,154,24,0.28798110635306,86.8927078977646,13.1072921022354
1987,2.65897158306621,0.530847206658133,61.8804162662095,20.7244680720921,309.402081331047,155,24,0.290310743954868,86.5422939173624,13.4577060826376
1987,2.63303396943181,0.525752947866291,62.3540915215788,20.7724129128837,311.770457607894,156,24,0.288661569712342,86.2097692747585,13.7902307252415
1987,2.61090616883419,0.521452798198939,62.8229064289116,20.8196164884414,314.114532144558,157,24,0.285559500445518,85.8965695465677,14.1034304534323
1987,2.59253685071441,0.517876381518396,63.287913456086,20.8661947496504,316.43956728043,158,24,0.283484430478815,85.6037666693633,14.3962333306367
1987,2.57783139760168,0.514945597839718,63.7496588196608,20.9122108717561,318.748294098304,159,24,0.284883714588692,85.3321117162946,14.6678882837054
1987,2.56644809937274,0.512576959575014,64.2081803377739,20.9576764128651,321.04090168887,160,24,0.290514867788117,85.0820906878745,14.9179093121255
1987,2.55772979751861,0.510683718171545,64.6632959824873,21.0025810100311,323.316479912436,161,24,0.298732046590277,84.8539352079548,15.1460647920452
1987,2.55106872706748,0.509178024975747,65.1150214633314,21.0469338150975,325.575107316657,162,24,0.308243925552309,84.6476186207492,15.3523813792508
1987,2.5458668396657,0.507973305801568,65.563509201225,21.0907570741866,327.817546006125,163,24,0.317619593308211,84.4629550571273,15.5370449428727
1987,2.5415467545262,0.506986730087834,66.0090781880195,21.1340887194992,330.045390940097,164,24,0.325261164256422,84.2996899021864,15.7003100978136
1987,2.53749735474977,0.50614189976608,66.4522515134966,21.1769856371158,332.261257567483,165,24,0.328801420063059,84.1575975087612,15.8424024912388
1987,2.53342917434353,0.505371880933369,66.8939034828147,21.2195373862953,334.469517414073,166,24,0.328530830476117,84.0365680014997,15.9634319985003
1987,2.52931767419924,0.504622700144701,67.3347924057171,21.261820765523,336.673962028585,167,24,0.326808502694096,83.9368237775971,16.0631762224029
1987,2.52518066687712,0.503849809404386,67.7751998544818,21.3038657586673,338.875999272409,168,24,0.325966026974477,83.8580854484778,16.1419145515222
1987,2.52115626755292,0.503032410360958,68.2149446409384,21.3456579250356,341.074723204692,169,24,0.328346612950263,83.7987699365333,16.2012300634667
1987,2.5172619284089,0.502165322229822,68.6534045569121,21.3871414469335,343.267022784561,170,24,0.334465881298321,83.7576121839064,16.2423878160935
1987,2.51328353290748,0.501244389937658,69.0898577636626,21.4282521254539,345.449288818313,171,24,0.342579476460443,83.7333788803903,16.2666211196097
1987,2.50908599112804,0.500266071729127,69.5238884750442,21.468955510818,347.619442375221,172,24,0.35160863973347,83.7247748917671,16.2752251082329
1987,2.50453381239388,0.499226998915991,69.9552696413137,21.5092353112742,349.776348206569,173,24,0.360345272819838,83.7304488703059,16.2695511296941
1987,2.49949300676254,0.498123540063288,70.3839887355175,21.5490953875358,351.919943677587,174,24,0.367482527066006,83.7489722042704,16.2510277957295
1987,2.49386607325861,0.496951339598525,70.8102678017887,21.5885611758294,354.051339008943,175,24,0.37206544785663,83.7788189234119,16.2211810765881
1987,2.48766061996333,0.495704804925631,71.2345003718687,21.6276734368966,356.172501859344,176,24,0.374381231839149,83.8183599227276,16.1816400772724
1987,2.48088697017882,0.494376516532694,71.6570240545237,21.666467111551,358.285120272618,177,24,0.374908525014644,83.8658845767727,16.1341154232273
1987,2.47354143963245,0.492956578279244,72.0780827888792,21.7049680048061,360.390413944396,178,24,0.374145515935644,83.9195849268042,16.0804150731958
1987,2.46560549342244,0.491431865236334,72.4978201350719,21.7431923681066,362.48910067536,179,24,0.372622622164389,83.9775312258738,16.0224687741262
1987,2.45708595322228,0.48978513414489,72.91626985922,21.7811462433121,364.5813492961,180,24,0.371392886791278,84.0376440202888,15.9623559797112
1987,2.44795255899261,0.487993953085979,73.3332564808083,21.81881670148,366.666282404041,181,24,0.371385083401872,84.0976765018764,15.9023234981236
1987,2.43808682772979,0.486029432279221,73.7484127128857,21.8561737828499,368.742063564428,182,24,0.372912373460508,84.1551693643002,15.8448306356998
1987,2.42732946587521,0.483854720155721,74.1612849426845,21.8931802607559,370.806424713423,183,24,0.376307583045436,84.2073824305142,15.7926175694858
1987,2.41547173467936,0.481423237083239,74.571321138313,21.9297906953303,372.856605691565,184,24,0.381943169967129,84.25123648324,15.74876351676
1987,2.40219132982539,0.478676704140445,74.9778530354515,21.9659499958612,374.889265177258,185,24,0.389596641153138,84.2832440535243,15.7167559464757
1987,2.38704308246813,0.475543152193899,75.3801924169664,22.0016020995352,376.900962084832,186,24,0.398383138943071,84.2994097993417,15.7005902006583
1987,2.3695283302304,0.471935341181484,75.7777390143105,22.0366994741551,378.888695071552,187,24,0.407628989026263,84.2951237905712,15.7048762094288
1987,2.34907053385479,0.46775052074433,76.1699275719767,22.0711982892406,380.849637859884,188,24,0.416583389309285,84.2650931376565,15.7349068623435
1987,2.32503426579929,0.462873466414989,76.5562276981801,22.105058311887,382.781138490901,189,24,0.424458107166485,84.2033195985179,15.7966804014821
1987,2.29671967690804,0.457190076210039,76.9361395737583,22.1382424445227,384.680697868792,190,24,0.429394641861345,84.10480712732,15.89519287268
1987,2.26362033117604,0.450601413995915,77.3093951219322,22.1707341285051,386.546975609661,191,24,0.431057919269139,83.9622292296891,16.0377707703109
1987,2.22568249894787,0.44307451257013,77.6756920026671,22.2025139404386,388.378460013335,192,24,0.430882302512061,83.769207846133,16.230792153867
1987,2.183588150513,0.434723635253577,78.0344302676227,22.2335368888349,390.172151338114,193,24,0.430352331159424,83.5237308215741,16.4762691784259
1987,2.13931776771117,0.425923132601973,78.3848494706359,22.2637445996311,391.92424735318,194,24,0.430941837364051,83.2315170253643,16.7684829746357
1987,2.09661435537824,0.417426522561981,78.7262905154252,22.2930879526238,393.631452577126,195,24,0.432075303473205,82.9114469302265,17.0885530697735
1987,1.95323098803376,0.388883801567652,79.0589580295812,22.3215921241211,395.294790147906,196,24,0.430116886396862,82.1500324039563,17.8499675960437
1987,1.93340839861023,0.384923411882286,79.3633344286065,22.3475990677087,396.816672143033,197,24,0.432625193849296,81.8869360975055,18.1130639024945
1987,1.93294775461949,0.384782165868548,79.6632389313559,22.3731560128452,398.31619465678,198,24,0.438140012172324,81.7246352732729,18.2753647267271
1987,1.9509394001856,0.38825997965805,79.9619426017567,22.3985440579486,399.809713008784,199,24,0.448309578303057,81.6670156255277,18.3329843744723
1987,1.98278165464354,0.394462411579405,80.2622048640296,22.4239980432285,401.311024320148,200,24,0.461247324621596,81.6936901374506,18.3063098625494
1987,2.02687788225831,0.403108236308468,80.5662420642109,22.4497045042078,402.831210321054,201,24,0.473623056781646,81.7893339237302,18.2106660762698
1987,2.08134680845231,0.413825136759565,80.8766172114721,22.475877193717,404.38308605736,202,24,0.4850947078638,81.9357607099304,18.0642392900696
1987,2.14393799605558,0.42616852260237,81.1955854141465,22.5027016640658,405.977927070732,203,24,0.495302524943382,82.1130536864629,17.8869463135371
1987,2.21222878749991,0.439661274024338,81.5250235866083,22.5303296444952,407.625117933042,204,24,0.503829795795836,82.302183306778,17.697816693222
1987,2.28379685160701,0.45384490102481,81.866407401014,22.5588774600798,409.33203700507,205,24,0.508790526059337,82.4872001502048,17.5127998497952
1987,2.35656781740142,0.468320873048545,82.2211052138753,22.5884508908175,411.105526069376,206,24,0.509295807841688,82.6562759420282,17.3437240579718
1987,2.4289951005468,0.482772129026545,82.5902482395408,22.6191344385029,412.951241197704,207,24,0.50650548446593,82.8017351506816,17.1982648493184
1987,2.49996866140419,0.49696605877823,82.9744263588643,22.6509663835237,414.872131794322,208,24,0.50166656723561,82.9194457161099,17.0805542838901
1987,2.56876523859863,0.510745326970535,83.3737580035054,22.6839452141866,416.868790017527,209,24,0.495985648680923,83.0079109116015,16.9920890883985
1987,2.6350105315942,0.524013020780794,83.7879756037098,22.7180372837597,418.939878018549,210,24,0.491121186133802,83.067402102102,16.932597897898
1987,2.69860543658096,0.536729499784207,84.2164050148959,22.7531756953609,421.082025074479,211,24,0.488317228504165,83.104169097367,16.895830902633
1987,2.60257297783223,0.517659375518086,84.6581034476546,22.7892721950454,423.290517238273,212,24,0.484463009727604,82.6224625792397,17.3775374207604
1988,3.19759223511014,0.638956697851826,54.5,19.9420239553624,272.5,141,24,0.243562772159457,91.375184751441,8.62481524855903
1988,3.14739664009048,0.62889330110389,55.0907793072243,20.0072844567548,275.453896536121,142,24,0.246628259607045,91.0959805806029,8.90401941939714
1988,3.09153268495774,0.617732471841133,55.6709046228358,20.070895119663,278.354523114179,143,24,0.2486548193883,90.7855705199296,9.21442948007038
1988,3.03217139677602,0.605897715952711,56.2394499974208,20.1327893501786,281.197249987104,144,24,0.249873869479248,90.4481022351814,9.55189776481863
1988,2.97124551095216,0.593765093038243,56.795877407838,20.1929435333955,283.97938703919,145,24,0.250543357688103,90.0879133529659,9.9120866470341
1988,2.91049821055711,0.581652420130755,57.3399837923861,20.2513698107866,286.699918961931,146,24,0.251608137620872,89.7102920076019,10.2897079923981
1988,2.85134155407062,0.569830442862688,57.8717257585293,20.3080962346666,289.358628792647,147,24,0.253483418434702,89.3181827943935,10.6818172056066
1988,2.79469936681983,0.558502859874969,58.391259286625,20.3631704723961,291.956296433125,148,24,0.255591892932485,88.9168534227509,11.0831465772491
1988,2.74127320552242,0.54782784830268,58.8990405860118,20.4166698403225,294.495202930059,149,24,0.257327839722473,88.5108870905311,11.4891129094689
1988,2.69155227311924,0.537919203110102,59.3957873229522,20.4686964513908,296.978936614761,150,24,0.258093115295782,88.1046100192671,11.8953899807329
1988,2.80270658682498,0.560173427979287,59.8824346330118,20.5193720482443,299.412173165059,151,24,0.259869975768857,88.0389023478237,11.9610976521763
1988,2.7589526425741,0.551447286236808,60.3909552026455,20.5720196064717,301.954776013227,152,24,0.261009539012667,87.6462730308171,12.3537269691829
1988,2.72000859950354,0.543659214595512,60.8904946408157,20.6234373502924,304.452473204079,153,24,0.262924987845712,87.2639545114844,12.7360454885156
1988,2.68586386460256,0.5368051158044,61.3818596921496,20.6737276717472,306.909298460748,154,24,0.265742946056972,86.8961605088523,13.1038394911477
1988,2.65637163096314,0.530854317522603,61.8658296558147,20.7229875793318,309.329148279073,155,24,0.269577189213523,86.545055703711,13.454944296289
1988,2.631302811628,0.525757885929671,62.3431317120344,20.7713064479328,311.715658560172,156,24,0.27462244689866,86.211864530882,13.788135469118
1988,2.61030641076471,0.521456240143993,62.8144082750672,20.8187630232297,314.072041375336,157,24,0.280543458261723,85.8982055050284,14.1017944949716
1988,2.59293869341198,0.51787906934785,63.2802986095336,20.8654339191647,316.401493047668,158,24,0.28663971794758,85.6052391129212,14.3947608870788
1988,2.57871992477501,0.514948019391835,63.7414933310716,20.9113991452879,318.707466655358,159,24,0.292164103971621,85.3336941514542,14.6663058485458
1988,2.56714418403295,0.512579206737485,64.1987365289068,20.9567422808029,320.993682644534,160,24,0.296316298194999,85.0839214349001,14.9160785650999
1988,2.55772575131312,0.510685594467295,64.6528311669904,21.001550963221,323.264155834952,161,24,0.298576567710063,84.8559613303588,15.1440386696412
1988,2.55008868710248,0.509179305198931,65.1045870061255,21.0459117281934,325.522935030627,162,24,0.299442680764048,84.649633836566,15.350366163434
1988,2.54387768648522,0.50797392814681,65.5546390590552,21.0898923709264,327.773195295276,163,24,0.299573716207418,84.4646623741621,15.5353376258379
1988,2.53875925382189,0.506986863781276,66.0034194557932,21.1335396870204,330.017097278966,164,24,0.299672430488648,84.3007748148305,15.6992251851695
1988,2.53442895621075,0.506141883154464,66.4511530708822,21.1768795603239,332.255765354411,165,24,0.300423808938709,84.157807230141,15.842192769859
1988,2.5306505327941,0.505372057109885,66.8978668913482,21.2199183602671,334.489334456741,166,24,0.302717705318994,84.0358143931119,15.9641856068881
1988,2.52715304692094,0.504623239305088,67.3433626787806,21.2626407816335,336.716813393903,167,24,0.306597993989486,83.9352004313211,16.0647995686789
1988,2.52363553426048,0.503850716591507,67.7873792318967,21.3050257949247,338.936896159483,168,24,0.311422083710731,83.8557876633816,16.1442123366184
1988,2.51991674259058,0.503033652054208,68.2297236748732,21.3470592192667,341.148618374366,169,24,0.316516541310626,83.7959947377895,16.2040052622105
1988,2.51589604249383,0.502166869024256,68.67030156783,21.3887364053402,343.35150783915,170,24,0.321182372089156,83.7544560571904,16.2455439428096
1988,2.51160849304602,0.501246262881857,69.1091381430101,21.4300640155604,345.54569071505,171,24,0.325935338841487,83.7297985652119,16.2702014347881
1988,2.50706902222631,0.500268320066957,69.5461624899568,21.4710395839096,347.730812449784,172,24,0.331099234893344,83.7206647440311,16.2793352559689
1988,2.50214278913233,0.49922967652815,69.9812419241177,21.5116549166315,349.906209620588,173,24,0.33551231419594,83.7256885254355,16.2743114745645
1988,2.49669646974128,0.498126702025773,70.4144491416713,21.5519209924109,352.072245708356,174,24,0.337974476555748,83.7434288797501,16.2565711202499
1988,2.49059388729858,0.496955038216031,70.8460701917636,21.5918682888274,354.230350958818,175,24,0.337273809711622,83.7723518442358,16.2276481557641
1988,2.4839166528876,0.495709094116024,71.276606265999,21.6315465389233,356.383031329995,176,24,0.334508807556985,83.8108129584312,16.1891870415688
1988,2.47684793487928,0.494381439057075,71.7063551720253,21.6709860058716,358.531775860127,177,24,0.331910059276788,83.8571131225795,16.1428868774205
1988,2.46938837095519,0.492962141435824,72.1352052276005,21.7101790977514,360.676026138003,178,24,0.329975048616324,83.9095113504144,16.0904886495856
1988,2.46152354381026,0.491438054872764,72.5629453799611,21.7491093178819,362.814726899806,179,24,0.329208334651401,83.9661424907558,16.0338575092443
1988,2.4532145741605,0.489791932439793,72.9892607811028,21.7877510445965,364.946303905514,180,24,0.330086940858422,84.0249883200278,15.9750116799722
1988,2.44450079597455,0.488001366356113,73.4137334040908,21.8260697675009,367.068667020454,181,24,0.334181230821003,84.0838426513128,15.9161573486872
1988,2.43523540213064,0.486037496533487,73.8356390194735,21.8640040409987,369.178195097368,182,24,0.341624986893474,84.1403045075419,15.8596954924581
1988,2.4250480247457,0.483863515855252,74.2541972880018,21.9014883580043,371.270986440009,183,24,0.350674652004723,84.1916845041902,15.8083154958098
1988,2.41352677942911,0.481432929593206,74.668902518248,21.9384826553778,373.34451259124,184,24,0.35948518021946,84.234889564915,15.765110435085
1988,2.40019994921786,0.47868758813636,75.0795356584757,21.9749728648318,375.397678292379,185,24,0.365976023117206,84.2663515018154,15.7336484981847
1988,2.38464503245631,0.475555705872717,75.4861994273574,22.0109735106878,377.430997136787,186,24,0.369258959772075,84.281940174412,15.718059825588
1988,2.36652256145537,0.471950270807218,75.8890896872148,22.0465070471155,379.445448436074,187,24,0.370316255803649,84.2769136233797,15.7230863766203
1988,2.34538854441569,0.467768783677716,76.288137952029,22.0815723624694,381.440689760145,188,24,0.36989899130668,84.2458982582023,15.7541017417977
1988,2.32073385852147,0.46289628271119,76.6830367236328,22.1161474255851,383.415183618164,189,24,0.368762080532579,84.1828593257546,15.8171406742454
1988,2.29205112692987,0.457218880533485,77.0732257027056,22.1501884535917,385.366128513528,190,24,0.367633237889725,84.0828081579295,15.9171918420705
1988,2.25897574926021,0.45063765523908,77.4578975826814,22.183630781387,387.289487913407,191,24,0.368091722163978,83.938494636778,16.061505363222
1988,2.22137330959612,0.443119264138509,77.8358563013427,22.2163769326996,389.179281506713,192,24,0.370615131674064,83.7436640142133,16.2563359857867
1988,2.17973340531186,0.434777135874209,78.2057834179443,22.2483200869368,391.028917089722,193,24,0.374343576003953,83.4963899025468,16.5036100974532
1988,2.13584817315855,0.425984370042101,78.5666304178644,22.2793778700917,392.833152089322,194,24,0.378353626202872,83.2024021692592,16.7975978307408
1988,2.09341756671888,0.417493087253773,78.9178919255922,22.3095152914188,394.589459627961,195,24,0.381700657889501,82.8805275735785,17.1194724264215
1988,1.95042167807578,0.388954507758954,79.2599914989641,22.3387769069251,396.299957494821,196,24,0.381824491749855,82.1165916793057,17.8834083206943
1988,1.9306776229649,0.384993165934374,79.5734607512316,22.3655124333665,397.867303756158,197,24,0.384842479959198,81.8515799673206,18.1484200326794
1988,1.93007940694222,0.384848904599977,79.8823716312422,22.3917874638113,399.411858156211,198,24,0.387920685732536,81.6874181080266,18.3125818919734
1988,1.94762602691081,0.388323626751999,80.1905412353596,22.4179289753567,400.952706176798,199,24,0.390908300589634,81.6279980101018,18.3720019898982
1988,1.97882770668651,0.39452399666588,80.501616548205,22.4442460578809,402.508082741025,200,24,0.393636164842145,81.6528094128491,18.347190587151
1988,2.02223653398968,0.403168524842716,80.8183803560238,22.4709716555472,404.091901780119,201,24,0.395569327732635,81.7464168797643,18.2535831202357
1988,2.07599278988471,0.413884194247247,81.143432789887,22.4983207805443,405.717163949435,202,24,0.396908782940751,81.8905991893179,18.1094008106821
1988,2.13792004249446,0.426225647858789,81.4789617746206,22.5264714046617,407.394808873103,203,24,0.398503666263173,82.0654164462661,17.9345835537339
1988,2.2056885659391,0.439715088341124,81.8265500618606,22.5555487205555,409.132750309303,204,24,0.401251947217876,82.2518555771035,17.7481444228965
1988,2.27707002019286,0.453893565313867,82.1871348132529,22.5856224154145,410.935674066264,205,24,0.406057298760833,82.4340295894597,17.5659704105403
1988,2.35004078812495,0.468362342530157,82.5610267475276,22.6167090058924,412.805133737638,206,24,0.412495567536436,82.6002645185859,17.3997354814141
1988,2.42291264130457,0.482804510478847,82.9482166616878,22.6487979887466,414.741083308439,207,24,0.419227799221748,82.7430573372609,17.2569426627391
1988,2.49448225810145,0.496987956592824,83.3486254744281,22.6818728928736,416.74312737214,208,24,0.425764460668265,82.8583756270571,17.1416243729429
1988,2.56392200993173,0.510756022230251,83.7620313234496,22.715905399289,418.810156617248,209,24,0.431610668347224,82.9447733087035,17.0552266912965
1988,2.63070272039748,0.524012508302311,84.1881457762667,22.7508618057831,420.940728881333,210,24,0.43623742848151,83.0025242091135,16.9974757908865
1988,2.69456150295058,0.536718350332895,84.6266803432654,22.7867085773959,423.133401716327,211,24,0.438884383031991,83.0378280702134,16.9621719297866
1988,2.59874177932741,0.517648816624319,85.0774460075638,22.8234204649046,425.387230037819,212,24,0.436288354282889,82.5530547156622,17.4469452843378
1989,3.19329508362215,0.638956697851826,54.5,19.9420239553624,272.5,141,24,0.220358682434353,91.375184751441,8.62481524855902
1989,3.14243170121153,0.628894389215843,55.0945606948717,20.0077005935367,275.472803474359,142,24,0.219264665374555,91.0954580106614,8.90454198933856
1989,3.08623453557356,0.617733850602214,55.6791657298821,20.0717976053354,278.395828649411,143,24,0.218838650183548,90.7843941462374,9.2156058537626
1989,3.02703115747512,0.605898347872632,56.2526146815583,20.1342173362268,281.263073407791,144,24,0.22025079815777,90.4461667455954,9.5538332544046
1989,2.96667687310396,0.59376392692421,56.8139386133188,20.1948891958097,284.069693066594,145,24,0.223515940233077,90.0851689841854,9.91483101581457
1989,2.90659845184499,0.581648654148106,57.3625366888413,20.2537831907732,286.812683444207,146,24,0.227887581745613,89.7067501001845,10.2932498998155
1989,2.84813509753085,0.56982362326349,57.8982427293517,20.310915548459,289.491213646758,147,24,0.233406084175117,89.3138809088089,10.6861190911911
1989,2.79229581534224,0.558492907166268,58.4211503282441,20.3663287274911,292.10575164122,148,24,0.240145260578926,88.9118506530596,11.0881493469404
1989,2.73986049943238,0.547815071157216,58.9315401203318,20.4200829983139,294.657700601659,149,24,0.248174414630375,88.5052860727127,11.4947139272873
1989,2.69107906198266,0.537904317075631,59.4298348608852,20.4722512874611,297.149174304426,150,24,0.255375787649154,88.0985818443618,11.9014181556382
1989,2.80286632527936,0.560155771222497,59.9169308410926,20.5229533001535,299.584654205463,151,24,0.261708474037603,88.0328050890393,11.9671949109606
1989,2.7594893015065,0.551429266588358,60.4251154971464,20.5755451583298,302.125577485732,152,24,0.265583051587681,87.64010214026,12.35989785974
1989,2.72081016355849,0.543641614654544,60.9238473976581,20.6268598740038,304.619236988291,153,24,0.269525867634831,87.2578153769766,12.7421846230235
1989,2.68698570012536,0.53678857563523,61.414052416037,20.6770127307532,307.070262080185,154,24,0.274885041906115,86.8901415385208,13.1098584614792
1989,2.65774583123918,0.530839407651115,61.8964181570457,20.7260919313907,309.482090785228,155,24,0.28086601519852,86.5392643478702,13.4607356521297
1989,2.63263048475703,0.525744999812901,62.3717371195762,20.774194067445,311.858685597881,156,24,0.285768447581253,86.2063960622405,13.7936039377595
1989,2.61135538889004,0.521445452416855,62.8410498533393,20.8214383539626,314.205249266696,157,24,0.289615677281184,85.8930770203123,14.1069229796877
1989,2.5935828196692,0.517870234881783,63.3053353812928,20.8679352055605,316.526676906464,158,24,0.292460105637973,85.6003980974639,14.3996019025361
1989,2.57893175765322,0.514940904305447,63.7654946961793,20.9137849005038,318.827473480896,159,24,0.294349853965072,85.3290429975275,14.6709570024725
1989,2.56711321163015,0.512573592201916,64.2223429571673,20.9590771254568,321.111714785837,160,24,0.296378365266848,85.0793453585592,14.9206546414408
1989,2.55773188437543,0.510681367917633,64.6764188309917,21.0038725215818,323.382094154958,161,24,0.298900981454641,84.8513946443343,15.1486053556657
1989,2.55022759269316,0.509176421763054,65.1281108521706,21.0482157992475,325.640554260853,162,24,0.300874664442867,84.6450908523005,15.3549091476995
1989,2.54404748845978,0.50797229894717,65.5779041224096,21.0921601854289,327.889520612048,163,24,0.301225217750944,84.4601845583678,15.5398154416322
1989,2.53865895823568,0.506986324945692,66.0263880082368,21.1357679827811,330.131940041184,164,24,0.298897602900768,84.2963714738876,15.7036285261124
1989,2.5339853477719,0.506142237531134,66.4742563550804,21.1791103910343,332.371281775402,165,24,0.296596034348928,84.1533965674471,15.8466034325529
1989,2.52995844131373,0.505373120693294,66.9216468270961,21.2222038242684,334.60823413548,166,24,0.296646056505431,84.0312933117951,15.9687066882049
1989,2.52613372251392,0.504624811248166,67.3682183326509,21.2650185952228,336.841091663254,167,24,0.297533878403622,83.9304929712579,16.0695070287421
1989,2.52211265915862,0.503852697925454,67.8138436351211,21.3075459212397,339.069218175606,168,24,0.297725493567991,83.8507955721082,16.1492044278918
1989,2.5176214491487,0.503036092442343,68.2586225913028,21.3497986982289,341.293112956514,169,24,0.295723271925732,83.79056901911,16.20943098089
1989,2.51285402355835,0.502169868782072,68.7028998202343,21.3918126772562,343.514499101171,170,24,0.293465741082794,83.7483683046074,16.2516316953926
1989,2.50808126747879,0.501249929253943,69.1466710158853,21.4335901890988,345.733355079427,171,24,0.293485857696672,83.7228303132467,16.2771696867533
1989,2.50321897073033,0.500272719055171,69.589479455051,21.4750912135569,347.947397275255,172,24,0.29521111727074,83.7126735908876,16.2873264091124
1989,2.49818295440521,0.499234837252404,70.0309660749643,21.5162855255759,350.154830374822,173,24,0.29808366582256,83.7165773881043,16.2834226118957
1989,2.49288830185636,0.498132602119629,70.4708665489893,21.5571522024992,352.354332744947,174,24,0.301544400063745,83.7331650867487,16.2668349132514
1989,2.4873535885916,0.496961594153903,70.909011388381,21.5976794256529,354.545056941905,175,24,0.305990502629772,83.7609867226402,16.2390132773598
1989,2.4815824197006,0.495716140348826,71.3451553828472,21.6378486054328,356.725776914236,176,24,0.311771650572452,83.7985312816679,16.2014687183321
1989,2.47545747551917,0.494388757574355,71.778984108664,21.677635116182,358.89492054332,177,24,0.318206182775702,83.8442047364393,16.1557952635607
1989,2.46885141966791,0.492969530994139,72.2102960125079,21.7170250104504,361.05148006254,178,24,0.324574629192479,83.8962751647234,16.1037248352766
1989,2.46162004600991,0.491445362844414,72.6390079690242,21.756015295372,363.195039845121,179,24,0.330082495091314,83.9528475366695,16.0471524633305
1989,2.45358902250276,0.489799080854978,73.0651669106887,21.794614756045,365.325834553443,180,24,0.333779244635465,84.0118337480588,15.9881662519412
1989,2.44466634527329,0.488008374043176,73.4889750093797,21.8328459842697,367.444875046898,181,24,0.335788686382389,84.0709153718108,15.9290846281892
1989,2.43479127823175,0.486044500292226,73.9105912711054,21.8707273153316,369.552956355527,182,24,0.336920713535315,84.1275380275327,15.8724619724673
1989,2.42385985546284,0.483870764156975,74.3300005729581,21.9082612206368,371.650002864791,183,24,0.337985271937981,84.1788840214629,15.8211159785371
1989,2.41172013665341,0.481440758194501,74.7470050088128,21.9454338511843,373.735025044064,184,24,0.339825478393192,84.2218128307586,15.7781871692414
1989,2.39810250109346,0.478696399958681,75.161207662896,21.9822139137233,375.80603831448,185,24,0.342693441417581,84.2527907865931,15.747209213407
1989,2.38260962748126,0.475565947380144,75.5721072785994,22.0185613555774,377.860536392997,186,24,0.346224131188349,84.2677908026538,15.7322091973462
1989,2.36479323870342,0.471962417003507,75.9791961482642,22.0544361275983,379.895980741321,187,24,0.350317477621875,84.2621862405485,15.7378137594515
1989,2.34412693569785,0.467783328967249,76.3818969310415,22.089792630804,381.909484655208,188,24,0.354867144718691,84.2306828688619,15.7693171311381
1989,2.32002286964598,0.462913700728008,76.7795482836871,22.1245785438917,383.897741418436,189,24,0.359777842709095,84.1672971132303,15.8327028867697
1989,2.29183145865815,0.457239551223648,77.1713903637602,22.1587336580052,385.856951818801,190,24,0.364155283204216,84.0670653065862,15.9329346934138
1989,2.25902960363257,0.450661805817615,77.5567122855609,22.1922027697921,387.783561427805,191,24,0.367650999906696,83.922712132276,16.077287867724
1989,2.22150777836306,0.443146928560555,77.9347682528208,22.2249283111691,389.673841264104,192,24,0.370940170291965,83.7279002482609,16.2720997517391
1989,2.17988863817681,0.43480802875312,78.3046555464379,22.2568398408901,391.523277732189,193,24,0.374727511007403,83.4806258517131,16.5193741482869
1989,2.13609015461261,0.426017684493174,78.665455057094,22.2878662723991,393.32727528547,194,24,0.379728330182062,83.1865866404776,16.8134133595224
1989,2.09383568175579,0.417527370068248,79.0164882321002,22.3179578167872,395.082441160501,195,24,0.385451896989185,82.8646303256589,17.1353696743411
1989,1.9509871300165,0.388988988878773,79.3579193568297,22.3471369936692,396.789596784149,196,24,0.387984863235917,82.1003169660323,17.8996830339677
1989,1.93133231757166,0.385025350371467,79.6702677746417,22.3737541845402,398.351338873208,197,24,0.392632666388796,81.8353066952795,18.1646933047205
1989,1.93076630305085,0.384878005020243,79.977749690978,22.3998857242193,399.88874845489,198,24,0.396499247396822,81.6712349833791,18.3287650166209
1989,1.94829371849433,0.388349791101882,80.2843390887965,22.4258717887346,401.421695443982,199,24,0.399401847475958,81.6120038774209,18.3879961225791
1989,1.97939657863649,0.394547761342331,80.5938473531725,22.4520351916151,402.969236765862,200,24,0.400737040662425,81.6370754745602,18.3629245254398
1989,2.02267258770616,0.403190291347135,80.9093028786527,22.4786293679953,404.546514393263,201,24,0.400731060324089,81.7309550594619,18.2690449405381
1989,2.0763133831246,0.41390411921526,81.2334082856506,22.505877604256,406.167041428253,202,24,0.400424565093341,81.8753835254441,18.1246164745559
1989,2.13815343088193,0.426243648136247,81.5682963238416,22.5339528813449,407.841481619208,203,24,0.400850162828478,82.0504118949517,17.9495881050483
1989,2.2058734834311,0.439730929392549,81.91546005536,22.5629726086682,409.5773002768,204,24,0.403035751037568,82.2370282184665,17.7629717815335
1989,2.27717754962454,0.453906962161345,82.275723063793,22.5929968265156,411.378615318965,205,24,0.406944031321604,82.4193554595275,17.5806445404725
1989,2.35001221650472,0.468373069901224,82.6494571559727,22.6240470442841,413.247285779863,206,24,0.411768129237737,82.5857049214401,17.4142950785599
1989,2.42278158968218,0.482812447351375,83.0367848003904,22.6561235373023,415.183924001952,207,24,0.417379974738359,82.7285507834538,17.2714492165462
1989,2.49431417115515,0.496993073124209,83.4375348737295,22.6892020297313,417.187674368647,208,24,0.423660799970613,82.8438766379189,17.1561233620811
1989,2.56381316750507,0.510758386915328,83.8513256850005,22.7232409322556,419.256628425002,209,24,0.430460803707568,82.9302640750165,17.0697359249836
1989,2.63069209948511,0.524012293109796,84.2776461271219,22.7581883112515,421.388230635609,210,24,0.436489451739532,82.9880247712788,17.0119752287212
1989,2.69467936258044,0.536715816204245,84.7161258888954,22.7940041464734,423.580629444477,211,24,0.440848759468783,83.0233755629173,16.9766244370827
1989,2.59904064288247,0.517646479971214,85.1665199159591,22.8306588963643,425.832599579796,212,24,0.440568109644143,82.5383228086666,17.4616771913334
