"year","assimilated_weight","ingested_weight","Weight","Length","Energy","JulianDay","feeding_hours","Metabolism","percentage_partic","percentage_filters"
1980,6.3634163212178,1.26817120028125,54.5,19.9420239553624,272.5,141,24,0.297399746379662,90.9666891410356,9.03331085896442
1980,6.43017450525828,1.28144544143266,55.7131767296018,20.0755121585316,278.565883648009,142,24,0.303130515159389,90.6755410639917,9.32445893600834
1980,6.49785476604811,1.29497185403077,56.938555191374,20.2083019134043,284.69277595687,143,24,0.307687063172862,90.3754577548123,9.62454224518767
1980,6.56480358266538,1.30844634982031,58.1765541699674,20.3404517811467,290.882770849837,144,24,0.310603978604539,90.0657926702899,9.93420732971011
1980,6.6302726463253,1.32166126398003,59.4273547730816,20.471992394339,297.136773865408,145,24,0.312918527907418,89.7464702056248,10.2535297943752
1980,6.69415133219202,1.33450659539224,60.6907809332767,20.6029161614713,303.453904666384,146,24,0.31618392911707,89.4189279480265,10.5810720519735
1980,6.75606339745222,1.34689357881778,61.9663237500406,20.7331824668539,309.831618750203,147,24,0.320644246666742,89.0821232646446,10.9178767353554
1980,6.81611154091929,1.3588279693339,63.2533501927679,20.8627408799435,316.26675096384,148,24,0.326575993353149,88.7382083319411,11.2617916680589
1980,6.87451696075635,1.37033929246309,64.5511923945379,20.9915406569799,322.755961972689,149,24,0.334283185901514,88.3888380743378,11.6111619256622
1980,6.93155696632283,1.38147658777749,65.8591658458474,21.1195325423749,329.295829229237,150,24,0.343957613084278,88.0357470388643,11.9642529611357
1980,7.40282532387241,1.47506907659622,67.1766030568841,21.2466719001032,335.88301528442,151,24,0.357555475056035,88.0212793473015,11.9787206526985
1980,7.45908110188362,1.48588701605582,68.5855639607084,21.3807350183387,342.927819803542,152,24,0.370790307473274,87.659077971802,12.340922028198
1980,7.51447045769129,1.49649919716926,70.0031167422497,21.5136923123365,350.015583711249,153,24,0.384956221646039,87.2985068610602,12.7014931389398
1980,7.56916288378579,1.50696866560637,71.4289004895305,21.6455419914244,357.144502447652,154,24,0.399530024016156,86.9425819019157,13.0574180980843
1980,7.62275003617708,1.51732739547411,72.8626926939616,21.7762952205114,364.313463469808,155,24,0.412215376187672,86.5926395494642,13.4073604505358
1980,7.67505653349366,1.52758398154751,74.3046483007972,21.9059965849321,371.523241503986,156,24,0.421956633955965,86.2493773194325,13.7506226805675
1980,7.72640372773528,1.53773029644894,75.7550981471099,22.0347040774645,378.775490735549,157,24,0.430105090981942,85.9141458539105,14.0858541460896
1980,7.77699286415358,1.54773381597571,77.2141669051488,22.1624549732933,386.070834525744,158,24,0.438132444633682,85.5881564611659,14.4118435388341
1980,7.82691825155403,1.55753675844704,78.6817249686171,22.2892630407507,393.408624843085,159,24,0.447674932955701,85.2724751066749,14.7275248933251
1980,7.87568739362625,1.56705577877981,80.1573341469886,22.4151154431901,400.786670734943,160,24,0.458477381265359,84.9680236127602,15.0319763872398
1980,7.92247381895806,1.57618237009328,81.6405085791031,22.5399962490588,408.202542895516,161,24,0.469354225817345,84.6755405158946,15.3244594841054
1980,7.96662330540612,1.58478389465594,83.1308340045932,22.6638964702949,415.654170022966,162,24,0.480360608406293,84.3955713657649,15.6044286342351
1980,8.00737889806664,1.59270470696427,84.6277540587041,22.7867961861756,423.138770293521,163,24,0.491615979126198,84.1285132038876,15.8714867961124
1980,8.04386453734029,1.5997675499524,86.1305368548627,22.9086625068894,430.652684274313,164,24,0.503200772684248,83.8746356354068,16.1253643645932
1980,8.07492184421692,1.60577517763337,87.6382589601005,23.0294490652723,438.191294800503,165,24,0.514335392064504,83.6341026089528,16.3658973910472
1980,8.09941877745674,1.61051236451712,89.1499209337074,23.1491058903466,445.749604668537,166,24,0.524751115678397,83.4069788263834,16.5930211736166
1980,8.11634261786987,1.6137493937289,90.6643504152055,23.2675720578311,453.321752076028,167,24,0.535111722851869,83.1932813381974,16.8067186618026
1980,8.12625134164532,1.61556947116643,92.1800394898139,23.3847637886368,460.900197449069,168,24,0.546112677142309,82.9974268487473,17.0025731512527
1980,8.13028717678042,1.61617099266041,93.6954525024235,23.5005990977468,468.477262512118,169,24,0.558530512567883,82.8228657880718,17.1771342119282
1980,8.12841789255628,1.61552032084652,95.2091266998503,23.6150051999551,476.045633499251,170,24,0.573182218243543,82.6684434683791,17.3315565316209
1980,8.12056566567929,1.61363809663959,96.7194292526817,23.7278998770955,483.597146263408,171,24,0.589256107824688,82.5334917915024,17.4665082084976
1980,8.1066815435815,1.61058854191973,98.2248738903503,23.8392152009026,491.124369451752,172,24,0.604787584862897,82.4176956158377,17.5823043841623
1980,8.08695190912051,1.6064834865481,99.7243572651724,23.9489138977274,498.621786325862,173,24,0.617564438015642,82.3210953215185,17.6789046784815
1980,8.06177462848719,1.60147534633149,101.217255537249,24.0569946458874,506.086277686245,174,24,0.625234949833285,82.2440163870806,17.7559836129193
1980,8.03247451109313,1.5957506635235,102.703494556458,24.1634952082123,513.517472782288,175,24,0.629822639085802,82.1870048399113,17.8129951600887
1980,8.00072570646137,1.58953023239969,104.182860175276,24.2684417893234,520.914300876378,176,24,0.634561835953259,82.1509201901315,17.8490798098685
1980,7.96762839957062,1.58306125658608,105.654825964135,24.3718375702817,528.274129820676,177,24,0.638592249873123,82.1368778128975,17.8631221871025
1980,7.93440292730945,1.57661444281141,107.119257369651,24.4737125649766,535.596286848253,178,24,0.641034181448153,82.1461089380694,17.8538910619306
1980,7.90235788851811,1.57047857955911,108.576439605436,24.5741242617373,542.88219802718,179,24,0.640977716193527,82.1798864850508,17.8201135149492
1980,7.87390761719147,1.56495477657267,110.027101314997,24.6731579774521,550.135506574986,180,24,0.643893220063174,82.2394401343114,17.7605598656886
1980,7.85118443445158,1.56034833739402,111.471359617126,24.7708545927368,557.356798085629,181,24,0.653570832321083,82.3259786120053,17.6740213879947
1980,7.8350785160339,1.55696443156925,112.908999794036,24.8672312468649,564.544998970178,182,24,0.666250187347079,82.4405592345393,17.5594407654607
1980,7.82643514051965,1.55509844527542,114.340736996978,24.9623658642117,571.703684984892,183,24,0.677936872578408,82.5837893817807,17.4162106182193
1980,7.8259952582105,1.55502257918322,115.768253980898,25.0563970173243,578.841269904492,184,24,0.684428661025543,82.7556952698353,17.2443047301647
1980,7.83537053047771,1.55698001384451,117.194221672598,25.1495227336846,585.971108362988,185,24,0.688136704231663,82.9555932440497,17.0444067559503
1980,7.85639820099632,1.56118439718462,118.62115047158,25.2419239934206,593.105752357898,186,24,0.694080396708891,83.1821179705448,16.8178820294552
1980,7.88970141197846,1.56779126259237,120.050913664538,25.3337350218449,600.254568322692,187,24,0.701249780321513,83.4331827546103,16.5668172453897
1980,7.93564735234157,1.57690448645495,121.485710487744,25.4251063239238,607.428552438718,188,24,0.708636854821246,83.7057939601185,16.2942060398815
1980,7.99421992133436,1.58855312112671,122.928014433838,25.5162007752933,614.640072169188,189,24,0.715166746314295,83.9960323666034,16.0039676333966
1980,8.06570439850528,1.60269203390443,124.380509847587,25.6071891531922,621.902549237936,190,24,0.7242818248038,84.3004949708664,15.6995050291336
1980,8.14966368163188,1.61916909433061,125.845248624583,25.698197598546,629.226243122913,191,24,0.73824168176692,84.6129620220358,15.3870379779642
1980,8.24431028477273,1.63772968935028,127.323742289739,25.7893150182794,636.618711448695,192,24,0.753682573131785,84.9264414420035,15.0735585579965
1980,8.34729490499618,1.65801162509196,128.817816589845,25.8806465663744,644.089082949223,193,24,0.766991756584955,85.2339718639962,14.7660281360038
1980,8.45557440760324,1.67952027068788,130.329548787819,25.9723091546658,651.647743939093,194,24,0.774323014771291,85.5279707943835,14.4720292056165
1980,8.56615151711037,1.70160776570399,131.8611754409,26.064425388639,659.305877204498,195,24,0.777539688663834,85.8002604411293,14.1997395588707
1980,8.19289163470464,1.62756941917735,133.413959509747,26.157055945391,667.069797548733,196,24,0.772910374615853,85.6357081631479,14.3642918368521
1980,8.29091245910729,1.64714561688247,134.892681925547,26.2445724714494,674.463409627737,197,24,0.776235257284999,85.8500157806571,14.1499842193429
1980,8.37713228939388,1.66438225155936,136.390008071709,26.3325113422609,681.950040358546,198,24,0.779505837531969,86.0126342788638,13.9873657211362
1980,8.45809730984032,1.6805859556341,137.90356811531,26.420722428049,689.51784057655,199,24,0.78248827380837,86.153776675645,13.846223324355
1980,8.54524689150735,1.69794565316821,139.432347776439,26.5091381679731,697.161738882193,200,24,0.78808972198575,86.313186913214,13.686813086786
1980,8.63899787558191,1.71648052798002,140.977038486818,26.5977905120481,704.885192434092,201,24,0.798509935729157,86.4886450953398,13.5113549046602
1980,8.73924328594629,1.73621540359693,142.537973915546,26.6866900819565,712.68986957773,202,24,0.8121604203188,86.6789624025961,13.3210375974039
1980,8.84585419088809,1.75717220058847,144.115782906434,26.7758637296974,720.57891453217,203,24,0.827405393574856,86.8828587520895,13.1171412479105
1980,8.9586665455744,1.77936862812925,145.71139441967,26.8653541873409,728.556972098351,204,24,0.842477426463562,87.0989627507815,12.9010372492185
1980,9.07723577498499,1.8028166331091,147.326056693794,26.9552205063019,736.630283468969,205,24,0.85379807525414,87.3258112427128,12.6741887572872
1980,9.20162905642673,1.82752047658694,148.961643171155,27.0455542368754,744.808215855773,206,24,0.861688084362344,87.5618284833285,12.4381715166715
1980,9.33240205568312,1.85347490219652,150.619974709994,27.1364411350919,753.099873549972,207,24,0.870261756871572,87.8053806985501,12.1946193014499
1980,9.47008286453456,1.88066278355864,152.30215846736,27.2279254996735,761.510792336798,208,24,0.88380379710575,88.0548210005428,11.9451789994572
1980,9.61515678052118,1.90905207526223,154.00854845119,27.3200095833509,770.042742255949,209,24,0.906882169478953,88.3084841854556,11.6915158145444
1980,9.76683652256934,1.9385923696244,155.738680526143,27.4126517184106,778.693402630717,210,24,0.935932773280343,88.5646835481259,11.4353164518741
1980,9.923966177117,1.96925375118697,157.492644616952,27.5058406427511,787.46322308476,211,24,0.963827107279269,88.8246267439693,11.1753732560307
1980,9.49010008348114,1.88271301064187,159.271723657636,27.5996278981086,796.358618288182,212,24,0.978377305144784,88.7317273824634,11.2682726175366
1981,6.35645501700899,1.26818664442535,54.5,19.9420239553624,272.5,141,24,0.273813453801805,90.9681004325476,9.0318995674524
1981,6.42338292473316,1.28145919162831,55.7165017272756,20.0758752174296,278.582508636378,142,24,0.279920684776339,90.6764566981086,9.32354330189142
1981,6.49160080083149,1.29498300224814,56.9451638281647,20.209012641948,284.725819140824,143,24,0.286183473797223,90.3758695278343,9.62413047216568
1981,6.55978957986325,1.30845436489551,58.1862127075385,20.3414750385829,290.931063537692,144,24,0.29328395202553,90.0657230755223,9.93427692447765
1981,6.62677969135438,1.32166634661876,59.4394744762706,20.4732574827964,297.197372381353,145,24,0.300806914474922,89.7459993891658,10.2540006108342
1981,6.6917602306017,1.33449429548446,60.7046243135462,20.604340127604,303.523121567731,146,24,0.308128516997112,89.4171845855142,10.5828154144858
1981,6.75462350625538,1.34689505660896,61.9812999231356,20.7347007772833,309.906499615678,147,24,0.31561468141848,89.0811812449537,10.9188187550463
1981,6.81528078560379,1.35882840934353,63.2690442175343,20.8643093299413,316.345221087672,148,24,0.323671376790171,88.7371447017131,11.2628552982869
1981,6.87407107003739,1.37033853645929,64.5673010950324,20.9931279198167,322.836505475162,149,24,0.332745772790213,88.3876700789701,11.6123299210299
1981,6.93107218221246,1.38147476717701,65.8754927412027,21.1211189698736,329.377463706014,150,24,0.342264821282231,88.0345023885528,11.9654976114472
1981,7.40174203125797,1.47507313812821,67.1931714310083,21.248259720956,335.965857155041,151,24,0.353661493055419,88.0208250880484,11.9791749119516
1981,7.45700561923668,1.48588901431156,68.6026943352213,21.382353117146,343.013471676107,152,24,0.36319263726357,87.6584699885538,12.3415300114462
1981,7.51120832122462,1.49649881169266,70.0213513966634,21.5153903282448,350.106756983317,153,24,0.372746196274782,87.2976552595851,12.7023447404149
1981,7.56468269582549,1.50695785678583,71.4489245359914,21.6473806029634,357.244622679957,154,24,0.382522549794392,86.9405370992014,13.0594629007986
1981,7.6176157993396,1.5173151110255,72.8852219722187,21.7783353856739,364.426109861093,155,24,0.392298189585823,86.5901584158215,13.4098415841785
1981,7.66992108448076,1.52757140612247,74.3301338890241,21.9082731279027,371.65066944512,156,24,0.401714972093632,86.2463967200776,13.7536032799224
1981,7.72153068327322,1.53771905092743,75.7836046288236,22.0372163577748,378.918023144118,157,24,0.410632553519682,85.9106661116774,14.0893338883226
1981,7.77225402667354,1.54772562011066,77.2455928557056,22.165187936419,386.227964278528,158,24,0.418911807842595,85.5842056416894,14.4157943583106
1981,7.82176337038242,1.55753332281111,78.716046758292,22.2922088987983,393.58023379146,159,24,0.426370953637085,85.2680708995441,14.7319291004559
1981,7.86977828371978,1.56705898081621,80.1948851320037,22.4182969599953,400.974425660018,160,24,0.433545248745662,84.9631319658732,15.0368680341268
1981,7.91592768917815,1.57619440566635,81.6818634198736,22.5434555146157,408.409317099368,161,24,0.441140910146139,84.6700948012662,15.3299051987338
1981,7.95953948659775,1.58480710832492,83.1765213797361,22.6676702065891,415.882606898681,162,24,0.449142039330447,84.389515288249,15.610484711751
1981,7.99981789422948,1.5927414626124,84.6782672933619,22.7909168897814,423.391336466809,163,24,0.457500927336593,84.1217983615284,15.8782016384716
1981,8.03586720947895,1.59982012024729,86.1863595824944,22.9131607365916,430.931797912472,164,24,0.466208103246409,83.8672168875578,16.1327831124422
1981,8.06681033559315,1.6058456275179,87.6998791693243,23.0343546711271,438.499395846622,165,24,0.475781888956585,83.6259351526761,16.3740648473239
1981,8.09165069917993,1.61060208294041,89.2176276343202,23.1544320730793,446.088138171601,166,24,0.486659296399158,83.3980448466174,16.6019551533827
1981,8.10911279571049,1.61385867093188,90.738119584559,23.2733073079658,453.690597922795,167,24,0.49838396455457,83.1836027387231,16.816397261277
1981,8.11948177152724,1.61569709193802,92.2597055491578,23.3908862314646,461.298527745789,168,24,0.510419990014413,82.9870371784764,17.0129628215236
1981,8.12363575076384,1.61631452309696,93.7809000263362,23.5070915384266,468.904500131681,169,24,0.522243272177233,82.8117833256008,17.1882166743992
1981,8.12151200148202,1.61567705940269,95.3004977179656,23.6218704885565,476.502488589828,170,24,0.534366769954346,82.656646855652,17.343353144348
1981,8.1132653094512,1.61380523874043,96.8171779408525,23.7351641086406,484.085889704262,171,24,0.547069753393039,82.5209147942695,17.4790852057304
1981,8.09894952470021,1.61076285133065,98.3295948801515,23.8469141063467,491.647974400757,172,24,0.55901282776493,82.4042505523467,17.5957494476533
1981,8.07885632626961,1.60666110844033,99.8366811472769,23.9570848439165,499.183405736385,173,24,0.568727299541602,82.3066872135697,17.6933127864303
1981,8.05349237941362,1.60165164277147,101.337721203442,24.0656673817272,506.688606017208,174,24,0.574709326854867,82.2285598217768,17.7714401782232
1981,8.0239858271487,1.59592014212018,102.832401377153,24.1726816351542,514.162006885763,175,24,0.577852052465812,82.1704434507366,17.8295565492634
1981,7.99196146841689,1.58968702432662,104.320454744823,24.2781498658636,521.602273724114,176,24,0.580880500959834,82.1332042483261,17.8667957516739
1981,7.95880546634828,1.58319938022968,105.801394085622,24.3820779174551,529.006970428111,177,24,0.584582099956728,82.1179543489369,17.8820456510631
1981,7.92603051911977,1.5767277699147,107.274851694394,24.4844795077643,536.374258471972,178,24,0.589829474631137,82.1259585169115,17.8740414830885
1981,7.89523171202401,1.57056109849187,108.740587648889,24.5853764127768,543.702938244445,179,24,0.597495228769737,82.1585627164229,17.8414372835771
1981,7.86821955818456,1.56500119255105,110.198506288962,24.6847992088046,550.992531444811,180,24,0.60940164944827,82.217110067505,17.782889932495
1981,7.84650565658038,1.56035496033938,111.648509359326,24.7827769987959,558.242546796628,181,24,0.625651962253138,82.3028472804319,17.6971527195681
1981,7.83123597901616,1.55692937262328,113.090780044403,24.8793564248514,565.453900222015,182,24,0.644148642195777,82.4167932706605,17.5832067293396
1981,7.82352372080418,1.55502148377419,114.526149969473,24.9746251641498,572.630749847367,183,24,0.662631737987854,82.5595531127045,17.4404468872955
1981,7.82436305000163,1.55490538744933,115.956125058056,25.0687118828563,579.780625290278,184,24,0.67853501612273,82.7311867996051,17.2688132003949
1981,7.83467384920039,1.55682618453877,117.38292288611,25.1617869772212,586.914614430551,185,24,0.689558230651354,82.9310758133174,17.0689241866826
1981,7.85572386381841,1.56099899197893,118.809404501548,25.254056502543,594.04702250774,186,24,0.696703768079348,83.157815764878,16.842184235122
1981,7.88861151887878,1.5675797071503,120.238483325037,25.3457230039737,601.192416625184,187,24,0.70198422930407,83.4091951703211,16.5908048296789
1981,7.93416969357709,1.57667233364132,121.672889151403,25.4369707555666,608.364445757015,188,24,0.707468065636628,83.6821589659622,16.3178410340378
1981,7.99286902854265,1.5883066055909,123.115103804166,25.5279624757843,615.575519020828,189,24,0.715325611201424,83.9727878101918,16.0272121898082
1981,8.06456148230231,1.60242900327013,124.567268254326,25.6188343996616,622.836341271632,190,24,0.72640585913532,84.2766164793948,15.7233835206052
1981,8.14843118106548,1.61890553478767,126.031323112711,25.7097060021705,630.156615563556,191,24,0.73979076623834,84.5896220981623,15.4103779018377
1981,8.24303579853119,1.63747217501467,127.509228414129,25.8006941085963,637.546142070644,192,24,0.754748506339089,84.9036737904105,15.0963262095895
1981,8.34642692670973,1.65776597994155,129.00280098886,25.8919030602518,645.014004944302,193,24,0.770458910357695,85.2117936585731,14.7882063414269
1981,8.45598357439467,1.67929189851319,130.513630843749,25.9834201135703,652.568154218746,194,24,0.78602605254554,85.5064264599278,14.4935735400722
1981,8.56818692930219,1.70140035457681,132.042961742531,26.0753089214741,660.214808712653,195,24,0.799698381461962,85.7794609626379,14.2205390373621
1981,8.19609825776553,1.62740985292538,133.591682742621,26.1676099273636,667.958413713105,196,24,0.802670143892153,85.6165370959695,14.3834629040305
1981,8.2951758178347,1.6470053895579,135.065055041674,26.2547305930134,675.325275208368,197,24,0.812753400508201,85.8317767525704,14.1682232474296
1981,8.38248174078859,1.6642575359782,136.555890095811,26.3422122221561,682.779450479057,198,24,0.823145652081979,85.9953917797792,14.0046082202208
1981,8.46477586727632,1.68047363400695,138.061751605885,26.4299024321727,690.308758029425,199,24,0.835141591408461,86.137487760624,13.862512239376
1981,8.55305796937904,1.69784696608137,139.581295915447,26.517716277831,697.906479577236,200,24,0.848391265503285,86.2979716070494,13.7020283929506
1981,8.64724923805922,1.71639635996486,141.115448721804,26.6057009934122,705.577243609019,201,24,0.861611910129716,86.4745918208649,13.5254081791352
1981,8.74747357120146,1.73614606529445,142.665375332674,26.6939159366474,713.326876663368,202,24,0.874810525439263,86.6660797397301,13.33392026027
1981,8.85383105900122,1.75711767584779,144.232263123512,26.7824198647418,721.161315617559,203,24,0.887916592685076,86.871104535603,13.128895464397
1981,8.96640536970783,1.77932877749901,145.817332198222,26.8712715198753,729.086660991112,204,24,0.900888360100486,87.0882701392677,12.9117298607323
1981,9.08530217118817,1.80279136260931,147.421826263018,26.9605290886806,737.109131315092,205,24,0.914063883098336,87.3161141793185,12.6838858206815
1981,9.21052203344542,1.82750998600497,149.046940975622,27.0502462444133,745.234704878112,206,24,0.927272470286356,87.5531118822741,12.4468881177259
1981,9.34190005250405,1.85347953959705,150.693904607555,27.1404766802669,753.469523037775,207,24,0.939462037396151,87.7976685989631,12.2023314010369
1981,9.47920400825763,1.88068268744267,152.364121133677,27.2312818175771,761.820605668387,208,24,0.949548721085677,88.0481096724257,11.9518903275743
1981,9.6221221277294,1.90908701112753,154.059162973746,27.322730075592,770.295814868731,209,24,0.956457137931622,88.3026830267139,11.6973169732861
1981,9.77063827389918,1.93864178326848,155.780753224187,27.4148956008487,778.903766120934,210,24,0.962041644260078,88.5595630215042,11.4404369784958
1981,9.92479035814386,1.96929040963013,157.530238669687,27.5078300959637,787.651193348435,211,24,0.968709385949795,88.818008994883,11.181991005117
1981,9.48849802355796,1.88277129224183,159.30849007992,27.6015583858335,796.542450399601,212,24,0.964013635456133,88.7267093235936,11.2732906764064
1982,6.35688410171185,1.26817120028125,54.5,19.9420239553624,272.5,141,24,0.275447333833701,90.9666891410356,9.03331085896443
1982,6.42562649327696,1.2814415094028,55.7162607682098,20.0758489074426,278.581303841049,142,24,0.287608601335315,90.6750661580732,9.32493384192679
1982,6.49534279075125,1.29496478439776,56.9438340002826,20.2088696296854,284.719170001413,143,24,0.29907256608429,90.3746371254437,9.62536287455631
1982,6.56431527793356,1.30843736363425,58.1830534640238,20.3411403508983,290.915267320119,144,24,0.309068751511174,90.0647733371552,9.93522666284483
1982,6.6306125526705,1.32165184569813,59.434063425278,20.4726926844036,297.17031712639,145,24,0.314314008358823,89.7454095188043,10.2545904811957
1982,6.69364757150046,1.33449748913766,60.6972784404294,20.6035845401596,303.486392202147,146,24,0.314598843972991,89.4178933559648,10.5821066440352
1982,6.7540910693986,1.34688434811371,61.9730374895762,20.7338631490477,309.865187447881,147,24,0.313917316552355,89.0810477231004,10.9189522768996
1982,6.81313285773209,1.35881782442563,63.2610148154573,20.8635069109234,316.305074077287,148,24,0.316297143865497,88.7369744700199,11.2630255299801
1982,6.87212906238201,1.37032790475485,64.5603170033633,20.9924397796929,322.801585016816,149,24,0.325961504134575,88.3873640203396,11.6126359796604
1982,6.93103468090574,1.38146473805968,65.8694771492763,21.1205344876662,329.347385746381,150,24,0.342288752750705,88.0340778824384,11.9659221175616
1982,7.40438335185708,1.47505664280273,67.1871435977784,21.2476820785179,335.935717988892,151,24,0.363496510292235,88.0196132159181,11.9803867840819
1982,7.46278683796639,1.48587702446972,68.5952278127039,21.3816478799068,342.976139063519,152,24,0.385052290874277,87.6575517336543,12.3424482663457
1982,7.52024565864463,1.49649263491541,70.0106692558912,21.5143956418265,350.053346279456,153,24,0.407888724254051,87.2973171156159,12.7026828843841
1982,7.57682333638133,1.50696583454741,71.4330214659421,21.6459204095734,357.165107329711,154,24,0.431018441836277,86.9419355125154,13.0580644874846
1982,7.6315430971036,1.51732771190885,72.8620480309548,21.7762368358283,364.310240154774,155,24,0.449346427102535,86.5927400635017,13.4072599364983
1982,7.68387853715926,1.52758577416417,74.298336047798,21.9054326482465,371.49168023899,156,24,0.459767209657223,86.2503540933232,13.7496459066768
1982,7.73435666381354,1.5377311410777,75.7429882660725,22.0336366325095,378.714941330362,157,24,0.464449661176756,85.9160028981757,14.0839971018243
1982,7.78340314276429,1.54773123543347,77.1967788796115,22.1609424875474,385.983894398057,158,24,0.465970625541305,85.5907953226556,14.4092046773444
1982,7.83133494544764,1.55752880568875,78.6600516502985,22.2874023465676,393.300258251493,159,24,0.467053084918878,85.2757263778791,14.7242736221209
1982,7.8784968246337,1.56704141710073,80.1326689305857,22.413025111132,400.663344652928,160,24,0.471085168569869,84.9716772820354,15.0283227179646
1982,7.92442300965839,1.57616131481614,81.6138841823238,22.5377685150364,408.069420911619,161,24,0.478427741111073,84.6794317111955,15.3205682888045
1982,7.96796656919141,1.58475615098292,83.1027853229323,22.6615789581176,415.513926614662,162,24,0.486965838362529,84.3996135122102,15.6003864877898
1982,8.00785878266068,1.59267054985317,84.5986536518581,22.7844214923525,422.993268259291,163,24,0.494482414275095,84.1326468486757,15.8673531513243
1982,8.04270777573912,1.59972787278895,86.1009598946483,22.906278353706,430.504799473241,164,24,0.498600069643779,83.8787762560606,16.1212237439394
1982,8.07231679494033,1.60573215901149,87.6093716268339,23.0271485071391,438.04685813417,165,24,0.50293636356994,83.6380887122417,16.3619112877583
1982,8.09641772518793,1.61046858273424,89.1227932882553,23.1469710889479,445.613966441276,166,24,0.511308241322624,83.4106698335524,16.5893301664476
1982,8.11332285122368,1.61370650368458,90.6393120450931,23.2656246880385,453.196560225465,167,24,0.521330580806203,83.196642618165,16.803357381835
1982,8.12291002151275,1.61552880333938,92.1571543078293,23.3830043500778,460.785771539147,168,24,0.530446872123468,83.0004614887931,16.9995385112069
1982,8.12564343202116,1.6161342404343,93.6750331223761,23.4990469894541,468.375165611881,169,24,0.535960560862594,82.8255444315577,17.1744555684423
1982,8.12211896242108,1.61549029483262,95.1922934354864,23.6137399083455,475.961467177432,170,24,0.541534926599393,82.6706315440499,17.3293684559501
1982,8.11319669590416,1.61361773087509,96.707666439856,23.7270253742443,483.53833219928,171,24,0.55099375890613,82.5350093129268,17.4649906870732
1982,8.09859897834249,1.61057935283706,98.219290341152,23.838804547444,491.09645170576,172,24,0.561465394124946,82.4184116863187,17.5815883136813
1982,8.07829544397192,1.60648572779464,99.72582194179,23.9490204861812,498.62910970895,173,24,0.56990726609531,82.3209083151994,17.6790916848006
1982,8.05246035982911,1.60148820888631,101.226520270338,24.0576619010363,506.132601351689,174,24,0.573075679195281,82.2428371671656,17.7571628328344
1982,8.02240292938876,1.59577248929823,102.7213277131,24.1647665506396,513.606638565502,175,24,0.572834735895815,82.1847395363253,17.8152604636747
1982,7.99014545676291,1.58955855849029,104.210075405186,24.2703626866527,521.050377025932,176,24,0.574054039384448,82.1474669664623,17.8525330335377
1982,7.95709401906511,1.58309262170151,105.692024756642,24.3744374937299,528.460123783208,177,24,0.577672152641206,82.1321603558609,17.8678396441391
1982,7.92476796746417,1.5766444673668,107.166530459806,24.4769849588836,535.832652299032,178,24,0.584666231442725,82.140115610197,17.859884389803
1982,7.89478006368669,1.57050241158624,108.63305543189,24.5780065471869,543.165277159449,179,24,0.596126307327263,82.1727115646613,17.8272884353387
1982,7.86855220171871,1.56496790721834,110.091166926721,24.6775105698738,550.455834633603,180,24,0.611818607895757,82.2313284918818,17.7686715081182
1982,7.84738769393531,1.56034774641272,111.54076312621,24.7755271106456,557.703815631051,181,24,0.630658245930436,82.3172071434717,17.6827928565282
1982,7.83269934934517,1.55694868018297,112.982219627676,24.8721168203563,564.911098138381,182,24,0.652104433929926,82.4313346530785,17.5686653469216
1982,7.82585159336247,1.55506741847599,114.416302480111,24.967363841583,572.081512400557,183,24,0.675533935734197,82.5743159620687,17.4256840379313
1982,7.8281049229415,1.55497776163046,115.844174949545,25.0613752789001,579.220874747726,184,24,0.700278534406203,82.7462443474893,17.2537556525107
1982,7.83986649780947,1.55692505943442,117.267385668047,25.1542795081629,586.336928340234,185,24,0.720634995673636,82.9465724836306,17.0534275163694
1982,7.86184804006869,1.5611243256372,118.688704895109,25.2462792525915,593.443524475544,186,24,0.733558577007818,83.1738917331171,16.8261082668829
1982,7.89533619401533,1.5677304102964,120.111653531201,25.3376184662337,600.558267656007,187,24,0.742256173607742,83.4259001046889,16.5740998953111
1982,7.94135944561029,1.57684617377381,121.539367591454,25.4285087134519,607.69683795727,188,24,0.750248259977844,83.6994797574827,16.3005202425173
1982,8.00058146815567,1.58850006501725,122.974483806014,25.5191233175944,614.872419030071,189,24,0.761238890023484,83.9906825988033,16.0093174011967
1982,8.07276058512725,1.60264710187768,124.419029912905,25.6095920536858,622.095149564525,190,24,0.775168571760568,84.2961701651587,15.7038298348413
1982,8.15674650662845,1.61913453419258,125.874996297925,25.7000382397212,629.374981489624,191,24,0.789332285152512,84.609714047506,15.390285952494
1982,8.25115379005276,1.63770602335704,127.34468329824,25.7906002729041,636.723416491202,192,24,0.803034706451753,84.9242231443037,15.0757768556963
1982,8.35405689290467,1.6579982479001,128.830252085511,25.8814036323688,644.151260427553,193,24,0.815560153666544,85.2326959614296,14.7673040385704
1982,8.46285316139495,1.67951618474512,130.333620634466,25.9725550444111,651.668103172329,194,24,0.826098977957294,85.5275664769136,14.4724335230864
1982,8.57428701770782,1.70161222596379,131.856347030133,26.0641361695033,659.281735150663,195,24,0.834708762150848,85.8007245500422,14.1992754499577
1982,8.20122947722056,1.62758070887008,133.399325401565,26.1561864715692,666.996627007825,196,24,0.833652203749188,85.6371084842682,14.3628915157318
1982,8.29988637354487,1.6471634090562,134.867570261513,26.2430918608911,674.337851307567,197,24,0.841005626671219,85.852352960478,14.147647039522
1982,8.38686120540488,1.66440636313123,136.353742945526,26.3303894407422,681.768714727628,198,24,0.849267132631798,86.0159315009991,13.9840684990009
1982,8.46885131841173,1.68061652008007,137.855305331362,26.4179200895755,689.276526656811,199,24,0.859273191576918,86.1580722255777,13.8419277744223
1982,8.55712156770963,1.69798251848416,139.370891098462,26.505596939655,696.85445549231,200,24,0.872822183514986,86.3185342850026,13.6814657149974
1982,8.65174597239119,1.71652346336679,140.90102662695,26.5934439466686,704.505133134751,201,24,0.889792855345893,86.4951028002846,13.5048971997154
1982,8.75251739811776,1.7362638419362,142.446276276053,26.6814864600307,712.231381380264,202,24,0.907677793146008,86.6865595983436,13.3134404016564
1982,8.8592070237788,1.75722518023236,144.007663332735,26.7697748708679,720.038316663673,203,24,0.923838944716931,86.8915841320172,13.1084158679828
1982,8.97153389726472,1.77942476504694,145.586691619065,26.8583848595536,727.933458095325,204,24,0.935352961834847,87.1087541241483,12.8912458758516
1982,9.08920139229485,1.80287412779094,147.185391905159,26.9474189842872,735.926959525793,205,24,0.939471318695626,87.3365452418646,12.6634547581354
1982,9.21256020518666,1.82757730330007,148.806283540127,27.0370034992101,744.031417700635,206,24,0.938928938906171,87.573338258642,12.426661741358
1982,9.34225568808429,1.85352907463559,150.451406929913,27.1272345112079,752.257034649564,207,24,0.938999949814958,87.8174929941168,12.1825070058832
1982,9.47889199010748,1.88071247459656,152.121874638862,27.2181546898243,760.609373194312,208,24,0.944825548744881,88.0673736419645,11.9326263580355
1982,9.62305690525129,1.90909567668668,153.817889944869,27.3097562348658,769.089449724344,209,24,0.961865746923417,88.3213371419972,11.6786628580028
1982,9.77392678895249,1.93862851489738,155.538680077167,27.4019792213447,777.693400385833,210,24,0.985868620863311,88.5777282545205,11.4222717454795
1982,9.93049258435813,1.96928126116172,157.284156689094,27.4948015832672,786.420783445471,211,24,1.0103960797098,88.837773363644,11.162226636356
1982,9.49629111653481,1.8827272961889,159.055315765995,27.5882587101096,795.276578829973,212,24,1.02572613830273,88.7453269979675,11.2546730020325
1983,6.35551462542936,1.26817120028125,54.5,19.9420239553624,272.5,141,24,0.271054625217745,90.9666891410356,9.03331085896443
1983,6.42345017734164,1.28144073849653,55.7168654146765,20.0759149278034,278.584327073382,142,24,0.280443156936703,90.6749730499105,9.32502695008954
1983,6.49207493122147,1.29496263829746,56.9454364704678,20.2090419621411,284.727182352339,143,24,0.288087662918612,90.3743880115625,9.62561198843754
1983,6.55957769139393,1.3084330141184,58.1861993371027,20.3414736221565,290.930996685513,144,24,0.292935367149374,90.0642799517406,9.93572004825942
1983,6.62511605256429,1.32164422988958,59.4394884451703,20.4732589408055,297.197442225852,145,24,0.295592748459691,89.7445517968674,10.2554482031326
1983,6.6886021296831,1.33448618008715,60.7053483878281,20.6044146015407,303.52674193914,146,24,0.297600310950887,89.4166084119591,10.5833915880409
1983,6.7496719732973,1.34686996789526,61.983498014817,20.7349236021153,309.917490074085,147,24,0.299230964163914,89.0793719906842,10.9206280093158
1983,6.8084427803536,1.35880126427735,63.2735287338642,20.8647574595938,316.367643669321,148,24,0.300775439953983,88.7349600305539,11.2650399694461
1983,6.86515495815729,1.37030958890452,64.5749971700768,20.9938861513364,322.874985850384,149,24,0.302533185772995,88.3849925871736,11.6150074128264
1983,6.92067115545016,1.38144409468427,65.8874480588558,21.1222804526161,329.437240294279,150,24,0.306527021628367,88.0311689839034,11.9688310160966
1983,7.39030908039486,1.47502946735335,67.2101940132459,21.2498907864117,336.05097006623,151,24,0.315883730167658,88.015969923569,11.984030076431
1983,7.44602083135747,1.48584628245134,68.6249857384305,21.3844582941691,343.124928692153,152,24,0.326128605297061,87.6528524128365,12.3471475871635
1983,7.501069409769,1.49645949306196,70.0488584432999,21.5179512087852,350.244292216499,153,24,0.337754910351305,87.2913018704521,12.7086981295479
1983,7.55539489855787,1.5069326596492,71.4814017768863,21.650361905583,357.407008884431,154,24,0.34955130001122,86.9343479623712,13.0656520376288
1983,7.60874398500395,1.51729816253253,72.9224355372791,21.7817043412203,364.612177686395,155,24,0.360043020801074,86.5833262264934,13.4166737735066
1983,7.66117460863334,1.52756497918437,74.3720236615605,21.912013820498,371.860118307803,156,24,0.369175787346633,86.2389538279553,13.7610461720447
1983,7.71290083795954,1.53772523377774,75.8302523680735,22.0413260093364,379.151261840368,157,24,0.377793613576777,85.9026242320437,14.0973757679563
1983,7.76401163191621,1.54774635370159,77.2970817089017,22.1696639988162,386.485408544509,158,24,0.386803790481535,85.5755773280268,14.4244226719732
1983,7.81448442547492,1.55757028562179,78.7723078805427,22.2970358859045,393.861539402714,159,24,0.39724037894468,85.2588919390048,14.7411080609952
1983,7.86368656289495,1.56711329266438,80.2555155539458,22.4234316970646,401.277577769729,160,24,0.408358841019099,84.9534865595064,15.0465134404936
1983,7.91074514847024,1.57626644641706,81.746311566564,22.5488440652278,408.73155783282,161,24,0.41890241926098,84.6600850925177,15.3399149074823
1983,7.95502406746233,1.58489666970768,83.2443793050106,22.6732725449742,416.221896525053,162,24,0.428958159588284,84.3792172961032,15.6207827038968
1983,7.99576848021179,1.59284785017514,84.7492572855613,22.7967051251779,423.746286427807,163,24,0.43861216653969,84.1112644909398,15.8887355090602
1983,8.03211743839564,1.59994223729667,86.2603155871683,22.9191170308,431.301577935841,164,24,0.447970572455895,83.8564792780623,16.1435207219377
1983,8.06276806910269,1.60598204195212,87.7767306160011,23.0404694757276,438.883653080005,165,24,0.455704722308319,83.6150086600896,16.3849913399104
1983,8.08665122657574,1.61075155999722,89.2976836727951,23.1607260893595,446.488418363976,166,24,0.461805066126755,83.3868891114517,16.6131108885483
1983,8.10307863156989,1.61402155181509,90.8221438683967,23.2798358937169,454.110719341983,167,24,0.468209075224506,83.1721238005982,16.8278761994018
1983,8.11290831237008,1.61586979067095,92.3485548927542,23.3977100772032,461.742774463771,168,24,0.47697137989617,82.975099632944,17.024900367056
1983,8.11761080547651,1.61649530808514,93.8751208614383,23.5142458115545,469.375604307192,169,24,0.49033694281087,82.7993168252391,17.2006831747609
1983,8.11652364445298,1.61586264192306,95.3998907656267,23.6293333160512,476.999453828133,170,24,0.506424259932392,82.6436775687916,17.3563224312084
1983,8.1090783805312,1.61398841743131,96.921157182868,23.7428857576037,484.60578591434,171,24,0.522347546384364,82.5074899598524,17.4925100401476
1983,8.09576022182966,1.61093985957167,98.4376759412101,23.8548540480673,492.18837970605,172,24,0.538811507254384,82.3904287138739,17.6095712861261
1983,8.07724912105124,1.60682708246022,99.9481587444668,23.965187895002,499.740793722334,173,24,0.556509248778252,82.2925459614901,17.7074540385099
1983,8.05445500186164,1.60180145172061,101.451314456795,24.0738387691184,507.256572283975,174,24,0.576352392118446,82.2142507615966,17.7857492384034
1983,8.02780396000261,1.59604842327814,102.945851411223,24.1807599103838,514.729257056115,175,24,0.595743572655893,82.1562441035579,17.8437558964421
1983,7.99786061227514,1.58978968580529,104.431082461728,24.2859488079855,522.155412308638,176,24,0.611437671291796,82.1194486255862,17.8805513744138
1983,7.96588739418479,1.58327498670654,105.907082218474,24.3894559486351,529.535411092371,177,24,0.62311018544982,82.1049100877865,17.8950899122135
1983,7.9332671314163,1.57677734719647,107.374242444532,24.4913515340292,536.871212222658,178,24,0.630527401815996,82.1138026376988,17.8861973623012
1983,7.90147270687111,1.57058756823793,108.833277951313,24.5917249925672,544.166389756566,179,24,0.633546502764328,82.1473564179733,17.8526435820267
1983,7.87210484756828,1.56500847895536,110.285226397523,24.6906841306642,551.426131987615,180,24,0.632529615508276,82.2067749611115,17.7932250388885
1983,7.84715975580093,1.56034685824414,111.731372826334,24.7883492913229,558.656864131669,181,24,0.63019361534331,82.2931329111253,17.7068670888747
1983,7.82867173244337,1.55690835806123,113.172857765199,24.884826754273,565.864288825995,182,24,0.629554080630146,82.4073317351415,17.5926682648585
1983,7.81862186095834,1.55498828778458,114.610625091408,24.9802059788672,573.053125457039,183,24,0.633645797145923,82.5499680795689,17.4500319204311
1983,7.81887909029471,1.55485960358884,116.045407541621,25.0745594356563,580.227037708106,184,24,0.64565374506955,82.7212073055105,17.2787926944895
1983,7.83030171195638,1.55676771427273,117.4776742467,25.1679399635471,587.388371233499,185,24,0.66362260773895,82.920657414082,17.079342585918
1983,7.85340209606826,1.56092945184099,118.908456672368,25.2604347923854,594.54228336184,186,24,0.684189523600049,83.1471437616012,16.8528562383988
1983,7.88914504570572,1.56750258834206,120.339560855208,25.352177683599,601.697804276041,187,24,0.708641637901344,83.3985848439384,16.6014151560616
1983,7.93823816168876,1.57659299986582,121.772727747913,25.4432938832444,608.863638739563,188,24,0.738446428531082,83.6720280276409,16.3279719723591
1983,8.00102175914305,1.58823203309153,123.209545664571,25.5338949976651,616.047728322853,189,24,0.775338324036755,83.9636292096109,16.0363707903891
1983,8.07613753124409,1.60237639863115,124.65132339751,25.6240716541917,623.256616987548,190,24,0.811317103303574,84.2700962069335,15.7299037930665
1983,8.16172755955612,1.61887249105615,126.100697409733,25.7139936586189,630.503487048665,191,24,0.837657187114128,84.5850762949731,15.4149237050269
1983,8.25666198292235,1.6374608920963,127.561676700694,25.8039095817972,637.808383503472,192,24,0.855006209017558,84.901240953953,15.0987590460471
1983,8.35927684462372,1.65777490438163,129.037913419983,25.8940384177947,645.189567099913,193,24,0.864530637807467,85.2113927648288,14.7886072351712
1983,8.46724225460109,1.67931662840185,130.532492184285,25.9845579430701,652.662460921424,194,24,0.867658300079812,85.5078218919501,14.4921781080499
1983,8.57777273009453,1.70143539870375,132.047744567724,26.0755951278416,660.238722838618,195,24,0.868335441470514,85.7823293777918,14.2176706222082
1983,8.20371631730626,1.62743770074169,133.584654302243,26.1671927337758,667.923271511216,196,24,0.859453479449501,85.6193763680577,14.3806236319423
1983,8.30124700757644,1.64703539058409,135.048195111982,26.2537374191576,675.24097555991,197,24,0.857333954527926,85.835543430681,14.164456569319
1983,8.3864669324009,1.6642882456234,136.531332228501,26.3407765815456,682.656661142506,198,24,0.851706482144272,85.9997863631984,14.0002136368016
1983,8.46575089012355,1.68050439679858,138.032284613921,26.4281929036529,690.161423069604,199,24,0.841077013680531,86.1423215673447,13.8576784326553
1983,8.55146273925677,1.6978745273477,139.550844383979,26.5159630550165,697.754221919895,200,24,0.835433563592033,86.3028774433483,13.6971225566517
1983,8.64473170578098,1.71641821258444,141.087277838026,26.6040913973819,705.43638919013,201,24,0.842053160866091,86.4792804253958,13.5207195746043
1983,8.74496391751903,1.73616113277658,142.640620580595,26.6925122679691,713.203102902973,202,24,0.855500447547917,86.6704588855319,13.3295411144681
1983,8.85151213623555,1.75712555353842,144.210875701928,26.7812163419202,721.054378509638,203,24,0.870236559690456,86.8751853883868,13.1248146116132
1983,8.96368175864206,1.77932912846575,145.799023538843,26.870249073175,728.995117694215,204,24,0.880480744793708,87.0920829851425,12.9079170148575
1983,9.08194143333954,1.80278347073272,147.407060250686,26.959710753786,737.035301253431,205,24,0.889257230392335,87.319630541116,12.680369458884
1983,9.20705833973676,1.82749305298331,149.03646906722,27.0496703131096,745.182345336102,206,24,0.902042401176315,87.5562855694454,12.4437144305546
1983,9.33862609352884,1.85345305549938,150.687789614766,27.1401429389802,753.438948073829,207,24,0.916023601813009,87.8005083862386,12.1994916137614
1983,9.47616475765789,1.88064622825079,152.362041252697,27.2311691725605,761.810206263486,208,24,0.928308896245287,88.0506519283217,11.9493480716783
1983,9.61908824944685,1.90904009721487,154.060723993234,27.3228139693037,770.30361996617,209,24,0.935819303077429,88.3049671713599,11.6950328286401
1983,9.76727108953312,1.93858380347831,155.785834420859,27.4151665700466,778.929172104296,210,24,0.939609180190971,88.5616082859492,11.4383917140508
1983,9.92110464549663,1.96924757057947,157.539130841315,27.5083006156036,787.695654206577,211,24,0.943655218164037,88.8216957212271,11.1783042787729
1983,9.48464850318597,1.8827096648643,159.321652153528,27.6022494089139,796.608260767638,212,24,0.937466610905561,88.7285900399628,11.2714099600372
1984,6.35440472019912,1.26817120028125,54.5,19.9420239553624,272.5,141,24,0.267545958760862,90.9666891410356,9.03331085896443
1984,6.42232083767337,1.28144012682542,55.7173451669218,20.0759673108127,278.586725834609,142,24,0.276799537748336,90.6748991740076,9.32510082599239
1984,6.49151735096631,1.29496132234743,56.9464190770506,20.2091476317056,284.732095385253,143,24,0.286272532248758,90.3742352597197,9.62576474028032
1984,6.56028228984774,1.30843130783815,58.1874334501911,20.3416043596727,290.937167250956,144,24,0.29532683595689,90.0640863996495,9.93591360035055
1984,6.6273822277136,1.32164297105982,59.4403851791849,20.4733525372468,297.201925895925,145,24,0.303260326886033,89.7444100200156,10.2555899799844
1984,6.692202891399,1.33448643729907,60.7051648371443,20.6043957226772,303.525824185722,146,24,0.309792556159342,89.4166376376441,10.5833623623559
1984,6.75441848831345,1.34687258221294,61.981596168354,20.7347308085588,309.90798084177,147,24,0.315295270374856,89.0796766545089,10.9203233454911
1984,6.81411494448213,1.35880677604918,63.2693633397275,20.8643412199798,316.346816698637,148,24,0.319946162387807,88.7356305491816,11.2643694508184
1984,6.87150362907564,1.37031815337156,64.5681320899178,20.9932097940002,322.840660449589,149,24,0.323957257179741,88.386101555644,11.613898444356
1984,6.92689261603427,1.38145544270163,65.8775679453594,21.1213205905963,329.387839726797,150,24,0.327542739566034,88.0327682226631,11.9672317773369
1984,7.39587888854858,1.47504460128066,67.1973551226572,21.2486606195487,335.986775613286,151,24,0.333842648576933,88.0179991630896,11.9820008369104
1984,7.45028328815862,1.48586210084386,68.6096691324801,21.3830118610154,343.0483456624,152,24,0.340026979666942,87.6552711043031,12.3447288956969
1984,7.50405813824595,1.49647444938595,70.0316147949967,21.5163459231018,350.158073974983,153,24,0.347619932071874,87.2940178053057,12.7059821946943
1984,7.55746416284755,1.50694541323877,71.4627830459233,21.6486528835521,357.313915229616,154,24,0.356470759018894,86.9372677301359,13.0627322698641
1984,7.61060606960328,1.51730772740841,72.9028469774896,21.7799311322525,364.514234887448,155,24,0.3664299865688,86.5863795391213,13.4136204608787
1984,7.66329363184647,1.52757073360003,74.3515303696165,21.9101839844067,371.757651848082,156,24,0.376689680144057,86.2421238462756,13.7578761537244
1984,7.71541843109425,1.53772665538555,75.808680383747,22.0394257431871,379.043401918735,157,24,0.386999709616094,85.9059307837756,14.0940692162244
1984,7.76695236293194,1.54774285112217,77.2741723502753,22.167672684275,386.370861751376,158,24,0.397873433456294,85.5790522350516,14.4209477649484
1984,7.81774967823336,1.55756115862344,78.7477731205024,22.2949311937491,393.738865602512,159,24,0.409910054407292,85.2625701342493,14.7374298657506
1984,7.86753167687159,1.56709776443732,80.2291003573518,22.4211949497922,401.145501786759,160,24,0.423752338565702,84.9573966405112,15.0426033594887
1984,7.91503921392134,1.57624355672641,81.7175872221266,22.5464427703718,408.587936110633,161,24,0.436590513908323,84.6642798306116,15.3357201693883
1984,7.95917430508785,1.58486540572265,83.2129767844919,22.6706803542154,416.06488392246,162,24,0.446533090374963,84.3837387720186,15.6162612279814
1984,7.99970366412549,1.59280760683337,84.715170579312,22.7939262556245,423.57585289656,163,24,0.455756692634101,84.1161017564912,15.8838982435088
1984,8.03630322119504,1.59989270282483,86.2235879050423,22.916159489141,431.117939525212,164,24,0.466681298153694,83.8616155882009,16.1383844117991
1984,8.06855285168252,1.60592272531806,87.7370989942344,23.0373165904182,438.685494971172,165,24,0.48196244647015,83.6204712147453,16.3795287852547
1984,8.09499421387306,1.61068065242166,89.2539586955844,23.1572889135266,446.269793477922,166,24,0.50027034477931,83.3928312894098,16.6071687105902
1984,8.11365683949566,1.61393486533476,90.7723959124429,23.2759710460242,453.861979562214,167,24,0.518043721844762,83.1787850466667,16.8212149533333
1984,8.12480776480209,1.61576697301276,92.2909574774367,23.3932869775639,461.454787387184,168,24,0.534506566386635,82.9827272785045,17.0172727214955
1984,8.12929395495493,1.6163746731341,93.8083985951892,23.509180047092,469.041992975946,169,24,0.548780897586672,82.8080578187099,17.1919421812901
1984,8.12681134928049,1.61572528311087,95.3238192184643,23.6236220469961,476.619096092321,170,24,0.559964996337477,82.6535434352183,17.3464565647818
1984,8.11767218635511,1.61384105228805,96.8364385798962,23.7365948675726,484.182192899481,171,24,0.568913260457301,82.5184044936156,17.4815955063844
1984,8.10240611847098,1.61078720271264,98.3453672252178,23.8480731665462,491.726836126089,172,24,0.576581420370185,82.4022506861674,17.5977493138326
1984,8.08137078161795,1.60667553307383,99.849630238283,23.9580264072762,499.248151191415,173,24,0.581802992275271,82.3051085892197,17.6948914107803
1984,8.05513557441024,1.60165798850791,101.348557292232,24.0664471565493,506.742786461162,174,24,0.583431436925668,82.2273120041912,17.7726879958088
1984,8.02444065480513,1.5959203095305,102.841821004358,24.1733526015456,514.209105021788,175,24,0.580346998030982,82.1694413038846,17.8305586961154
1984,7.99133024660397,1.58968317289389,104.329465715666,24.2787853294779,521.64732857833,176,24,0.577601526413642,82.1323257953889,17.8676742046111
1984,7.95792893187796,1.58319323689593,105.810933958627,24.3827441016612,529.054669793137,177,24,0.579993797169318,82.1170883852293,17.8829116147707
1984,7.92526924002334,1.5767201506199,107.285133186891,24.4851905913794,536.425665934456,178,24,0.585861636084351,82.1250868259192,17.8749131740808
1984,7.89448117745432,1.57055262673189,108.751509608271,24.5861246797948,543.757548041355,179,24,0.593546567820096,82.1577075530257,17.8422924469743
1984,7.86677248982117,1.56499262317021,110.210066916395,24.6855839121064,551.050334581975,180,24,0.601367084076417,82.2162815007944,17.7837184992056
1984,7.84381611544652,1.56034705923471,111.661386407257,24.7836431265545,558.306932036283,181,24,0.610088894960236,82.301969602367,17.698030397633
1984,7.82751373480504,1.55692233737988,113.106230519651,24.8803863820311,565.531152598257,182,24,0.621903896094641,82.4157182618386,17.5842817381614
1984,7.81932113295697,1.55501478211012,114.545303316815,24.975890773728,572.726516584074,183,24,0.636791680506083,82.5581504372344,17.4418495627656
1984,7.82059078474079,1.55489814053603,115.979603758496,25.0702499234504,579.898018792478,184,24,0.65480096894914,82.7293924097571,17.2706075902429
1984,7.83252394283658,1.55681796011283,117.410391162972,25.1635710748899,587.051955814861,185,24,0.675921478177895,82.9289470807254,17.0710529192746
1984,7.85553114580032,1.56099080485542,118.839166706181,25.2559733765944,594.195833530903,186,24,0.69583808973757,83.1555757457622,16.8444242542378
1984,7.89000720422647,1.5675736603315,120.26837618003,25.3476323165258,601.341880900152,187,24,0.711698600851662,83.407114706361,16.5928852936389
1984,7.93684042328078,1.57667061893681,121.701114087891,25.4387587060979,608.505570439456,188,24,0.725729470987702,83.6804508041364,16.3195491958636
1984,7.99655692270572,1.5883110373901,123.140206439154,25.5295396487794,615.701032195768,189,24,0.740449838967297,83.9716081047446,16.0283918952555
1984,8.06931265164571,1.60245005590772,124.588079714773,25.6201313363034,622.940398573863,190,24,0.758534610496113,84.2771939228084,15.7228060771916
1984,8.15377180426226,1.61893520698524,126.046655642091,25.7106537658668,630.233278210456,191,24,0.776029885981624,84.5909747047245,15.4090252952755
1984,8.24809049897547,1.63750979031111,127.518378594149,25.8012551496096,637.591892970747,192,24,0.788917865609693,84.9058261436324,15.0941738563677
1984,8.35081349219613,1.65780908639115,129.00612657195,25.8921053224831,645.030632859752,193,24,0.799859288980978,85.2146532664652,14.7853467335348
1984,8.45982911605671,1.67933723793168,130.511953027266,25.9833188920383,652.559765136332,194,24,0.811619144652605,85.5098608531842,14.4901391468158
1984,8.57228811236466,1.70144538686923,132.03693475404,26.0749482535371,660.184673770202,195,24,0.827229234332301,85.7833681948388,14.2166318051612
1984,8.20102559396064,1.62744054357352,133.580971097374,26.1669741002938,667.904855486868,196,24,0.838428917291325,85.6197287360941,14.3802712639059
1984,8.30149269120924,1.64703540165663,135.048179495328,26.2537364991818,675.240897476638,197,24,0.859239378436811,85.8355448838672,14.1644551161328
1984,8.38987284969242,1.66428847689922,136.530984667436,26.3407562620084,682.654923337178,198,24,0.878042487662482,85.9998179578419,14.0001820421581
1984,8.47231666384932,1.68050752398369,138.027351120137,26.4279066619896,690.136755600683,199,24,0.891296829556778,86.1427605937002,13.8572394062998
1984,8.55939238484966,1.69788273137347,139.537181343554,26.515176329623,697.685906717772,200,24,0.895188395725327,86.3040660932236,13.6959339067764
1984,8.65131341143811,1.71643179764407,141.063253416163,26.6027185402149,705.316267080817,201,24,0.890865412910749,86.4813211753004,13.5186788246997
1984,8.74890564017237,1.73617830243511,142.608156771614,26.6906712152972,713.040783858068,202,24,0.884086995869351,86.6731481793849,13.3268518206151
1984,8.8526845255409,1.75714389726751,144.173492422215,26.7791123940224,720.867462111077,203,24,0.878047487506345,86.878201890831,13.121798109169
1984,8.96316589764891,1.77934657795154,145.76032397377,26.8680876022555,728.801619868849,204,24,0.875851983426701,87.0951212214873,12.9048787785127
1984,9.0808625857246,1.80279897713557,147.369195613486,26.9576120280725,736.845978067432,205,24,0.880614599591547,87.3225196188059,12.6774803811941
1984,9.20601770209545,1.82750637567175,149.000129796792,27.0476715165508,745.00064898396,206,24,0.89375855816717,87.5589774470455,12.4410225529545
1984,9.33844500134659,1.85346429531111,150.652911611086,27.1382392027249,753.26455805543,207,24,0.914100723185085,87.8030142400901,12.1969857599099
1984,9.47792074742322,1.88065577392815,152.327524241983,27.229299596954,761.637621209913,208,24,0.940767236114145,88.0530549975393,11.9469450024607
1984,9.6241395118757,1.90904851182409,154.024079544581,27.3208444341153,770.120397722904,209,24,0.972902757142169,88.3074372614355,11.6925627385645
1984,9.77668830222712,1.93859162231058,155.742797944401,27.4128713332096,778.713989722004,210,24,1.00953845339262,88.5644150159608,11.4355849840392
1984,9.93439490558566,1.9692548973908,157.484009570494,27.5053836348762,787.420047852471,211,24,1.0427952288734,88.8251712063371,11.1748287936629
1984,9.49951903391635,1.88271450157739,159.249384408235,27.598454783583,796.246922041177,212,24,1.05384113048339,88.7331311425982,11.2668688574018
1985,6.35698395935745,1.26817120028125,54.5,19.9420239553624,272.5,141,24,0.275770406316659,90.9666891410356,9.03331085896443
1985,6.42344243858639,1.28144156632118,55.7162161252423,20.0758440329301,278.581080626212,142,24,0.280401864977933,90.6750730325486,9.32492696745138
1985,6.49118106219818,1.29496349886486,56.9447938937943,20.2089728587239,284.723969468971,143,24,0.285125794198076,90.3744879039717,9.62551209602835
1985,6.55895610359292,1.30843333069861,58.1859703627079,20.3414493652175,290.92985181354,144,24,0.290864827421219,90.0643158629941,9.93568413700595
1985,6.62567259628881,1.32164414451486,59.4395492620892,20.4732652885909,297.197746310446,145,24,0.297453269867786,89.744542181485,10.255457818515
1985,6.69063486307873,1.33448646032015,60.705148408936,20.6043940329735,303.52574204468,146,24,0.304420281517981,89.4166402534108,10.5833597465892
1985,6.75351790562839,1.3468715589069,61.9823405894921,20.7348062723439,309.911702947461,147,24,0.312193030169168,89.079557402718,10.920442597282
1985,6.81447943538031,1.35880520830906,63.2705480882345,20.8644596115031,316.352740441172,148,24,0.321258777294317,88.7354398349448,11.2645601650552
1985,6.8737919230748,1.37031691183448,64.5691272063316,20.9933078373724,322.845636031658,149,24,0.332138150110061,88.3859408051857,11.6140591948143
1985,6.9316166167471,1.38145565339304,65.8773845352105,21.1213027711849,329.386922676052,150,24,0.344643942636646,88.0327979108461,11.9672020891539
1985,7.40330939593193,1.47504773622552,67.194696273417,21.2484058396609,335.973481367085,151,24,0.359772437925826,88.0184194190382,11.9815805809618
1985,7.45941720345327,1.48586867079283,68.6033104489287,21.3824113086922,343.016552244644,152,24,0.372461365944387,87.6562752735538,12.3437247264462
1985,7.51390100801314,1.49648401364932,70.0205960758056,21.515319998683,350.102980379028,153,24,0.383148541223444,87.2957534146054,12.7042465853946
1985,7.56675248821226,1.50695649338204,71.4466272911999,21.6471696877733,357.233136455999,154,24,0.390442074983913,86.9398014932699,13.0601985067301
1985,7.61823654722914,1.51731804836101,72.8817548067478,21.7780214410651,364.408774033739,155,24,0.394623784134601,86.5896676065177,13.4103323934824
1985,7.66884285337769,1.52757784143627,74.3263257973377,21.9079329982922,371.631628986688,156,24,0.397375638185574,86.2460231752528,13.7539768247472
1985,7.71868739118037,1.53772855425469,75.7804488098963,22.0369382674264,378.902244049482,157,24,0.39928686693612,85.9102588115712,14.0897411884288
1985,7.76776540967317,1.54773830356769,77.2441375632924,22.1650613937809,386.220687816462,158,24,0.400960042763534,85.5836087499393,14.4163912500607
1985,7.81595773391032,1.55754986427095,78.7172841196325,22.292315085481,393.586420598163,159,24,0.403042266964798,85.2671418685512,14.7328581314488
1985,7.86354520117486,1.56708048578673,80.1996270808524,22.4186986489816,400.998135404262,160,24,0.408220497771597,84.9617602919935,15.0382397080065
1985,7.91030909202185,1.57622195454476,81.6904236077304,22.5441714079937,408.452118038652,161,24,0.41783160519458,84.6682474981411,15.3317525018589
1985,7.95510621949371,1.58484119512461,83.1886195219951,22.6686692603687,415.943097609975,162,24,0.430181534010595,84.3872466128532,15.6127533871468
1985,7.99666942318019,1.59278178660297,84.6932705939917,22.7921404797077,423.466352969959,163,24,0.443458181934316,84.1192103027789,15.8807896972211
1985,8.03360557648433,1.59986569859025,86.2035413461921,22.9145448449699,431.01770673096,164,24,0.455601971994621,83.8644197284589,16.1355802715411
1985,8.06464109131363,1.60589526151899,87.7187293432764,23.0358548600337,438.593646716382,165,24,0.465314675163665,83.6230037821757,16.3769962178244
1985,8.08897259217745,1.61065502069622,89.2381368173368,23.1560448826623,446.190684086684,166,24,0.473683750414888,83.3949820121788,16.6050179878212
1985,8.10574580960471,1.61391473592417,90.7606875632225,23.2750612264848,453.803437816113,167,24,0.481986911324991,83.1803552867331,16.8196447132669
1985,8.11566710863096,1.61575613208347,92.2848787139451,23.3928200566013,461.424393569726,168,24,0.491555585908018,82.9835325120189,17.0164674879811
1985,8.1200208409519,1.6163759078178,93.8090821384563,23.5092319565778,469.045410692281,169,24,0.503831717024726,82.8079682453447,17.1920317546553
1985,8.1184080341745,1.61573927985645,95.3316379455876,23.6242092046879,476.658189727938,170,24,0.517943802875435,82.6525282088985,17.3474717911015
1985,8.11055022536746,1.61386632251762,96.8509805183993,23.7376749707566,484.254902591996,171,24,0.532179937990825,82.5165304679292,17.4834695320708
1985,8.09677877836027,1.61082100971344,98.365830704592,23.8495767704283,491.82915352296,172,24,0.546594373473164,82.3996291639335,17.6003708360665
1985,8.07765951004025,1.60671445821558,99.8749645496432,23.9598682873352,499.374822748216,173,24,0.561233615457411,82.3018774683995,17.6981225316005
1985,8.05396647177309,1.60169801736052,101.377261746665,24.0685124744437,506.886308733323,174,24,0.576179755029797,82.2236624123896,17.7763375876104
1985,8.02625103926213,1.59595710858145,102.871740175443,24.1754834802111,514.358700877215,175,24,0.589352061715627,82.1656447560709,17.8343552439291
1985,7.99544794421883,1.58971298158197,104.35794393919,24.2807933937956,521.789719695951,176,24,0.599600259553059,82.1287160299385,17.8712839700615
1985,7.96308730837185,1.58321437425537,105.835833924136,24.3844827078715,529.179169620681,177,24,0.608327789963125,82.1139337698659,17.8860662301341
1985,7.93082141168553,1.57673313163891,107.305396111398,24.4865918669422,536.526980556988,178,24,0.617107251333622,82.122520315728,17.877479684272
1985,7.90037278328258,1.57055907183464,108.766632177586,24.5871606455152,543.833160887932,179,24,0.627514522337812,82.1557927989861,17.8442072010139
1985,7.87332786400096,1.56499461863393,110.219572889846,24.6862291082189,551.097864449231,180,24,0.64004464753758,82.2150789239864,17.7849210760136
1985,7.85104078434736,1.56034704733368,111.664467055301,24.7838503248125,558.322335276503,181,24,0.653639840249561,82.3015805653238,17.6984194346762
1985,7.8348843056179,1.55692321948784,113.102045606593,24.8801074176908,565.510228032964,182,24,0.667265669523348,82.4162451124788,17.5837548875212
1985,7.82618227716803,1.55501957252186,114.533520604373,24.9751122163806,572.667603021863,183,24,0.679809380943689,82.5596266057007,17.4403733942993
1985,7.82614314775894,1.55490929332914,115.960591051995,25.0690044575005,579.802955259975,184,24,0.690087826060628,82.7317577141318,17.2682422858682
1985,7.83591649995641,1.55683662119993,117.385433809024,25.1619500767719,586.927169045122,185,24,0.697460103700161,82.9320224536201,17.0679775463799
1985,7.85679855906746,1.56101613914266,118.810583265569,25.2541324287594,594.052916327843,186,24,0.703304951138411,83.1590546170282,16.8409453829718
1985,7.88980613667705,1.56760345589548,120.238556635466,25.3457276868526,601.19278317733,187,24,0.709185500912396,83.4106883853252,16.5893116146748
1985,7.93570228824279,1.5767024526007,121.671761120822,25.4368992927866,608.358805604109,188,24,0.716744841730162,83.6839035420186,16.3160964579814
1985,7.99487863390884,1.58834270305437,123.11242710372,25.5277942881975,615.562135518599,189,24,0.72767030397611,83.9748050118701,16.0251949881299
1985,8.06722512427891,1.6024798277645,124.562524952879,25.6185387836352,622.812624764396,190,24,0.742805161392862,84.2800621217753,15.7199378782247
1985,8.15178238222966,1.61896169753989,126.023833457113,25.7092430080065,630.119167285565,191,24,0.760914883267065,84.5934658002443,15.4065341997558
1985,8.24700236611085,1.63753259764556,127.498185469337,25.8000169758126,637.490927346684,192,24,0.780234774782777,84.9079646600223,15.0920353399777
1985,8.35078774417385,1.65782916458284,128.987456112807,25.8909697365808,644.937280564034,193,24,0.798852910149894,85.2165684346908,14.7834315653092
1985,8.46035073769091,1.67935577204794,130.493482269286,25.9822045037657,652.46741134643,194,24,0.814610810320296,85.5116945257686,14.4883054742314
1985,8.57226687079175,1.70146290633564,132.017973707878,26.0738135089695,660.089868539388,195,24,0.826338774313803,85.7851903730418,14.2148096269582
1985,8.19949915492497,1.62745504067868,133.562187911375,26.1658590729707,667.810939556874,196,24,0.826155641041373,85.6215257261637,14.3784742738363
1985,8.29799258974558,1.64704719200764,135.031549859318,26.2527568065791,675.157749296592,197,24,0.831950906812078,85.8370923463701,14.1629076536299
1985,8.38447170878692,1.66429637396604,136.519116584902,26.3400623941162,682.595582924511,198,24,0.836272902076303,86.0008968196975,13.9991031803025
1985,8.46563650642934,1.68051043430262,138.022759625971,26.4276402567622,690.113798129855,199,24,0.839951117096231,86.1431691879719,13.8568308120281
1985,8.55289913872692,1.69788012381208,139.541524134548,26.5154263957408,697.707620672741,200,24,0.845766119839372,86.3036882795755,13.6963117204245
1985,8.6465499685074,1.71642448790788,141.076180851253,26.603457288831,705.380904256265,201,24,0.855147762140129,86.4802230506277,13.5197769493723
1985,8.74651132847578,1.73616819357831,142.627271431687,26.6917552607287,713.136357158433,202,24,0.866595879916016,86.6715647153292,13.3284352846708
1985,8.85268565752845,1.75713303987427,144.195620853898,26.7803578380852,720.978104269492,203,24,0.878574339146391,86.8764163077639,13.1235836922361
1985,8.9649434848936,1.77933665180809,145.782340501674,26.8693173313893,728.911702508371,204,24,0.889458270668098,87.0933927285184,12.9066072714816
1985,9.08342616973021,1.80279093364222,147.388839378198,26.9587008712061,736.944196890991,205,24,0.899855532037646,87.3210207844618,12.6789792155382
1985,9.20836947473525,1.82750040015353,149.016431551382,27.0485682163864,745.082157756911,206,24,0.911351927219235,87.5577698635956,12.4422301364044
1985,9.33970045359247,1.8534600270209,150.666159383986,27.1389623383595,753.330796919931,207,24,0.923591738056528,87.8020624288459,12.1979375711541
1985,9.4772795353526,1.8806525680155,152.339120104224,27.2299277069044,761.695600521121,208,24,0.936183150895989,88.0522476880511,11.9477523119489
1985,9.62088077528304,1.90904567010051,154.036459604593,27.321509863756,770.182298022964,209,24,0.948660307935308,88.3066027518726,11.6933972481274
1985,9.77026441351167,1.93858861319565,155.759369879843,27.4137552059595,778.796849399216,210,24,0.961142847086225,88.563334225967,11.436665774033
1985,9.92530924178703,1.96925158269743,157.508969067505,27.5067045628802,787.544845337525,211,24,0.973827271791505,88.8235974533496,11.1764025466504
1985,9.48957269763558,1.88271203513935,159.286309737454,27.600393803864,796.431548687269,212,24,0.974417433823618,88.7308108299438,11.2691891700562
1986,6.35247477633582,1.26817120028125,54.5,19.9420239553624,272.5,141,24,0.261552764895946,90.9666891410356,9.03331085896443
1986,6.41974300575825,1.28143909071614,55.7181578169221,20.0760560414208,278.590789084611,142,24,0.268652266932441,90.6747740361295,9.32522596387046
1986,6.48802913172338,1.29495874224891,56.9483456121774,20.2093548077079,284.741728060887,143,24,0.275068148178339,90.3739357696744,9.6260642303256
1986,6.55559393312814,1.30842651061041,58.1909032112686,20.3419719233671,290.954516056343,144,24,0.280075867638504,90.0635422227306,9.93645777726936
1986,6.62159071485115,1.32163513491353,59.4459674485129,20.4739351634101,297.229837242565,145,24,0.284255254412122,89.7435274505747,10.2564725494253
1986,6.68581763599061,1.33447491211371,60.7133897932202,20.6052416506422,303.566948966101,146,24,0.288710077751072,89.4153280415254,10.5846719584746
1986,6.74779401660452,1.34685723656486,61.992760527828,20.7358625005908,309.96380263914,147,24,0.293325113752647,89.0778882200355,10.9221117799645
1986,6.80751473551055,1.35878794382201,63.2835967741397,20.8657634601227,316.417983870698,148,24,0.297987962372023,88.7333393807039,11.2666606192961
1986,6.86508225309289,1.37029656749555,64.585437034895,20.994914605429,322.927185174475,149,24,0.302547270303199,88.3833062109325,11.6166937890675
1986,6.92110798355602,1.38143212740918,65.8978704945981,21.1232928930123,329.48935247299,150,24,0.308210959884054,88.0294820320806,11.9705179679194
1986,7.39081212973056,1.47501748053306,67.220366948437,21.250865396685,336.101834742185,151,24,0.317722443423055,88.0143621281273,11.9856378718727
1986,7.44614724054119,1.48583605755838,68.63489145623,21.3853936269443,343.17445728115,152,24,0.32674725146842,87.6512882623115,12.3487117376885
1986,7.5004588102425,1.49645099286845,70.0586656223253,21.5188640785683,350.293328111626,153,24,0.33588940085113,87.2897573098809,12.7102426901191
1986,7.55376244604443,1.50692577702056,71.4914598377182,21.6512850106257,357.457299188591,154,24,0.344115317202742,86.9327707903515,13.0672292096485
1986,7.60624412863273,1.51729288829211,72.933254190549,21.7826835324248,364.666270952745,155,24,0.351452483266374,86.5816400458734,13.4183599541266
1986,7.6582126504762,1.52756160972324,74.3840603161202,21.913088403728,371.920301580601,156,24,0.358777156003775,86.2370921147973,13.7629078852027
1986,7.70962238632224,1.53772435550562,75.8437761917328,22.0425171245911,379.218880958664,157,24,0.366059045872391,85.9005515361719,14.0994484638281
1986,7.76031768398306,1.54774869607746,77.312296550989,22.1709862675682,386.561482754945,158,24,0.373318744015379,85.5732698288909,14.4267301711091
1986,7.81000270515553,1.55757669428773,78.7894806890079,22.2985087679161,393.947403445039,159,24,0.380533543318492,85.2563178119286,14.7436821880714
1986,7.85809407333393,1.5671248507719,80.2751330714984,22.4250925084297,401.375665357492,160,24,0.387093406578376,84.9505831918184,15.0494168081816
1986,7.90414613200132,1.57628461045363,81.7690632797647,22.5507456433135,408.845316398823,161,24,0.393341395491671,84.6567632184425,15.3432367815575
1986,7.94785222988522,1.58492314061263,83.2709229200832,22.6754631151347,416.354614600416,162,24,0.400616392730854,84.3753963023339,15.6246036976661
1986,7.98879744992964,1.59288424337086,84.7800342489927,22.7992135035979,423.900171244963,163,24,0.410366385561594,84.1068980621307,15.8931019378693
1986,8.02646261320068,1.59998955530466,86.2953466933262,22.9219371359251,431.476733466631,164,24,0.42421061303466,83.8515816883276,16.1484183116724
1986,8.05955244846471,1.60603997638818,87.8153817464732,23.0435434027526,439.076908732366,165,24,0.441287917726485,83.6096830073087,16.3903169926913
1986,8.08630110890509,1.61081796650787,89.3385738350529,23.1639393620351,446.692869175265,166,24,0.459066717230682,83.3813341877989,16.6186658122011
1986,8.10530873394329,1.61409284379605,90.8635102900807,23.2830484686022,454.317551450403,167,24,0.476539223911215,83.166579682415,16.833420317585
1986,8.11670472609428,1.61594155829185,92.3886997811138,23.4007918015255,461.943498905569,168,24,0.492484389491799,82.9697854691088,17.0302145308912
1986,8.12124964145523,1.61656375372538,93.9129208262804,23.517114590398,469.564604131402,169,24,0.505608723247256,82.7943670338795,17.2056329661205
1986,8.11818047566447,1.61592630401151,95.4353625054703,23.6319953640177,477.176812527351,170,24,0.512855170138202,82.6390752405676,17.3609247594324
1986,8.10772945306383,1.61404855625798,96.9556724466254,23.7454476346334,484.778362233127,171,24,0.514601713908897,82.5030454685326,17.4969545314674
1986,8.0910230027504,1.61099916098362,98.4734688416949,23.8574821568793,492.367344208474,172,24,0.514466854164619,82.3858471060271,17.6141528939729
1986,8.06938218983853,1.60688829028504,99.987871181792,23.9680729793745,499.93935590896,173,24,0.516085900444449,82.2874852911439,17.7125147088561
1986,8.04433960811152,1.60186613385585,101.497535848922,24.0771619027851,507.48767924461,174,24,0.523250134870256,82.2083789964026,17.7916210035974
1986,8.01664326452043,1.59611611165052,103.00066726354,24.1846608816935,515.003336317702,175,24,0.535377734918275,82.1492942584125,17.8507057415875
1986,7.98682233937517,1.5898576692123,104.495735636731,24.2905040089111,522.478678183655,176,24,0.549910525201687,82.1112603452034,17.8887396547966
1986,7.95624286285585,1.58333878257205,105.981828486438,24.3946708475851,529.909142432189,177,24,0.567704002489249,82.0954479623149,17.9045520376851
1986,7.9263785737478,1.57683145699885,107.458135254608,24.4971485597792,537.290676273038,178,24,0.589684687864403,82.1031847640067,17.8968152359933
1986,7.89879844648436,1.57062658199964,108.923954656133,24.597932010757,544.619773280664,179,24,0.616960452541752,82.135883352551,17.864116647449
1986,7.87377172625087,1.56502844427004,110.378677467314,24.6970222136481,551.89338733657,180,24,0.642469233696416,82.1949602311648,17.8050397688352
1986,7.85201184900954,1.5603468145628,111.823160579177,24.7945183511116,559.115802895883,181,24,0.660497115663162,82.2815482273994,17.7184517726006
1986,7.83576283043358,1.55689035146246,113.259546080752,24.8906013697514,566.29773040376,182,24,0.67472708537419,82.3964239263201,17.6035760736799
1986,7.82719962782335,1.5549563630706,114.689687845287,24.9854266310026,573.448439226434,183,24,0.689325362940721,82.5400674911095,17.4599325088905
1986,7.82838501378929,1.55481893082793,116.115041057519,25.079117904,580.575205287593,184,24,0.708910436880936,82.7125480553246,17.2874519446754
1986,7.84010495746645,1.55672382276771,117.536549327063,25.1717614653531,587.682746635316,185,24,0.730685874126505,82.9134052174174,17.0865947825825
1986,7.86260622434512,1.56088751692193,118.955872340199,25.2634867301308,594.779361700995,186,24,0.748714912458829,83.1413747094252,16.8586252905748
1986,7.89668523471666,1.56746633090215,120.375905965042,25.3544977114016,601.879529825212,187,24,0.762759996686059,83.3942303402292,16.6057696597708
1986,7.94287284531545,1.57656372654507,121.799752119899,25.445004809874,608.998760599495,188,24,0.77269647101176,83.6688499535944,16.3311500464056
1986,8.00130609258396,1.58820800513611,123.230642960877,25.5352198261626,616.153214804384,189,24,0.778399729571047,83.9612017655959,16.0387982344041
1986,8.07219042061408,1.6023524852466,124.671861983984,25.6253509851875,623.359309919921,190,24,0.783086625800675,84.2677913813932,15.7322086186068
1986,8.15503074482591,1.61884302956544,126.126089289521,25.7155625847078,630.630446447605,191,24,0.788834875825226,84.5823050715173,15.4176949284827
1986,8.24824490035276,1.63742271126673,127.595489279573,25.8059820579186,637.977446397863,192,24,0.793578673136386,84.8976604709966,15.1023395290034
1986,8.34969524643636,1.65772715290875,129.08232192244,25.8967385346879,645.411609612198,193,24,0.795195359679145,85.2068378477873,14.7931621522127
1986,8.45656572229485,1.67926008505859,130.588842901123,25.9879566747826,652.944214505613,194,24,0.791581944768288,85.5022281211655,14.4977718788345
1986,8.5665892113076,1.70137125237747,132.11716387632,26.0797483966234,660.585819381598,195,24,0.789964383120725,85.7756585395413,14.2243414604587
1986,8.19381937546045,1.62737375270143,133.667496387379,26.1721090952934,668.337481936894,196,24,0.787780687018251,85.6114513664633,14.3885486335367
1986,8.29279588967556,1.64696789349395,135.143373888168,26.2593430164458,675.716869440843,197,24,0.797189589935205,85.8266871829427,14.1733128170573
1986,8.37988498596329,1.66421802713337,136.636827411252,26.3469425035892,683.18413705626,198,24,0.80606587663988,85.9901970062265,14.0098029937735
1986,8.46106360170279,1.68043256599736,138.145565708651,26.4347635201929,690.727828543255,199,24,0.810004701892427,86.1322414458286,13.8677585541714
1986,8.54795409206943,1.69780332350962,139.669373458984,26.5227857724959,698.34686729492,200,24,0.813243203936012,86.2925664276415,13.7074335723586
1986,8.64144157974216,1.71634905294048,141.209511478369,26.6110738228223,706.047557391843,201,24,0.821425783749269,86.4688980824702,13.5311019175298
1986,8.74130575872592,1.73609462098617,142.766287397273,26.6996361975179,713.831436986364,202,24,0.832071191436339,86.660049485726,13.339950514274
1986,8.84729012818372,1.75706191095792,144.340459903297,26.7885064581642,721.702299516485,203,24,0.842566200179553,86.8647299092578,13.1352700907422
1986,8.95910062175585,1.77926853812475,145.933257725181,26.8777433025511,729.666288625907,204,24,0.850184479964189,87.0815453242144,12.9184546757856
1986,9.07711395019841,1.80272633720687,147.546394532874,26.9674304104325,737.731972664371,205,24,0.857207724003876,87.3090001450845,12.6909998549155
1986,9.20182101824338,1.82743990927401,149.181201243074,27.0576277583091,745.90600621537,206,24,0.866950724027824,87.5455651744744,12.4544348255256
1986,9.33298704446267,1.85340441382878,150.838442259318,27.1483624434777,754.192211296588,207,24,0.877911346352746,87.7896853787379,12.2103146212621
1986,9.4703188889696,1.88060268000582,152.519133833165,27.2396741909794,762.595669165825,208,24,0.888630150403249,88.0397159883661,11.9602840116339
1986,9.61342205075312,1.90900236509061,154.224523699674,27.3316137495033,771.122618498368,209,24,0.897489724704634,88.2939267683115,11.7060732316885
1986,9.76235468604568,1.93855273202453,155.95610223577,27.4242430238887,779.780511178849,210,24,0.906707570745297,88.5505047057619,11.4494952942381
1986,9.91725920782499,1.96922404400146,157.714925824343,27.5175988190427,788.574629121716,211,24,0.918291535689475,88.8106124485733,11.1893875514267
1986,9.48194624345555,1.88269744642273,159.501675723119,27.6116968494801,797.508378615595,212,24,0.918951457221119,88.7172788525283,11.2827211474718
1987,6.35231153335111,1.26817120028125,54.5,19.9420239553624,272.5,141,24,0.261052035256735,90.9666891410356,9.03331085896442
1987,6.41858985047694,1.28143900465851,55.718225314253,20.076063411194,278.591126571265,142,24,0.265078830514959,90.6747636423984,9.32523635760161
1987,6.4862974001367,1.29495800358554,56.9488971655152,20.209414119828,284.744485827576,143,24,0.269659754813355,90.3738500280229,9.62614997197707
1987,6.55401184251289,1.30842473140795,58.1921900949535,20.3421082434874,290.960950474767,144,24,0.275112131992021,90.0633403965733,9.93665960342667
1987,6.62080475652665,1.3216323791343,59.4479306559849,20.4741400559682,297.239653279925,145,24,0.281800981902526,89.7432170660051,10.2567829339949
1987,6.68612324665376,1.33447169384752,60.7156866546728,20.6054778661274,303.578433273364,146,24,0.289756796055251,89.4149623354475,10.5850376645525
1987,6.74943077889886,1.34685428353747,61.9949091562417,20.7360802832307,309.974545781209,147,24,0.298737030800381,89.0775440353033,10.9224559646967
1987,6.81065304134582,1.35878610025633,63.2849903596556,20.8659026986677,316.424951798278,148,24,0.30844852129506,88.7331150599687,11.2668849400313
1987,6.86983486698172,1.37029665588354,64.5853661612069,20.9949076238965,322.926830806034,149,24,0.318576978342442,88.3833176591073,11.6166823408927
1987,6.9269243096037,1.38143479818617,65.8955442025632,21.1230669255663,329.477721012816,150,24,0.328091105178371,88.02985855424,11.97014144576
1987,7.39715862840633,1.47502353537987,67.2152279100842,21.2503730678967,336.076139550421,151,24,0.338615035964308,88.0151743257513,11.9848256742487
1987,7.45214644174226,1.48584436477687,68.6268432418531,21.3846336933546,343.134216209265,152,24,0.346812049448917,87.6525591005185,12.3474408994815
1987,7.50602768188028,1.49646040692974,70.0478043628392,21.5178530877872,350.239021814196,153,24,0.354812003457282,87.2914678850926,12.7085321149074
1987,7.55926505083016,1.50693503790125,71.4779279429909,21.6500430642886,357.389639714954,154,24,0.363117522896947,86.9348927028252,13.0651072971748
1987,7.6120507835482,1.517300803688,72.9170225284847,21.781214374344,364.585112642423,155,24,0.371845532561427,86.5841699299789,13.4158300700211
1987,7.66432790894258,1.52756697370142,74.3649115776031,21.9113788257947,371.824557888016,156,24,0.38063055596433,86.2400539204513,13.7599460795487
1987,7.715985002239,1.53772580881134,75.8214800882029,22.0405533087092,379.107400441015,157,24,0.38919692794898,85.903968790792,14.096031209208
1987,7.76678260715331,1.54774475452395,77.2866457317507,22.1687569396272,386.433228658754,158,24,0.397239273633858,85.5771601971381,14.4228398028619
1987,7.81635123246077,1.55756582896023,78.7603391754262,22.2960092184688,393.801695877131,159,24,0.404428840542339,85.2606861799228,14.7393138200772
1987,7.86432795370005,1.56710562629141,80.242482736533,22.4223281874056,401.212413682665,160,24,0.410951082276738,84.9554156328072,15.0445843671928
1987,7.91038233449687,1.57625574426662,81.7328888401041,22.5477220267005,408.664444200521,161,24,0.417626139060172,84.6620451553845,15.3379548446155
1987,7.95394259468218,1.58488348143622,83.2311395662145,22.6721797244605,416.155697831072,162,24,0.424832441428393,84.381123476323,15.618876523677
1987,7.99432946090291,1.59283293051557,84.7366267134456,22.7956755268686,423.683133567228,163,24,0.433003668492422,84.1130567472347,15.8869432527653
1987,8.03076009421438,1.59992631922444,86.2485192417374,22.9181672113053,431.242596208687,164,24,0.442628657264231,83.8581288084637,16.1418711915363
1987,8.06219575450474,1.60596557073126,87.765731521914,23.0395945446035,438.82865760957,165,24,0.453595270999235,83.6165245178622,16.3834754821379
1987,8.08744168150594,1.61073421236572,89.2869923484871,23.1598857636298,446.434961742436,166,24,0.465520795803267,83.388341846291,16.611658153709
1987,8.10529644991952,1.61400213460794,90.8108678512309,23.2789600053771,454.054339256155,167,24,0.478267404580565,83.1736354064116,16.8263645935884
1987,8.116104395146,1.61584684792995,92.3357111882412,23.396723932453,461.678555941206,168,24,0.491691243251148,82.9768002013462,17.0231997986538
1987,8.12081533333293,1.61646790003758,93.8599729133753,23.5130959519021,469.299864566877,169,24,0.505598017900562,82.80130085343,17.19869914657
1987,8.1189650334341,1.61583115253382,95.3823321628709,23.6280153401719,476.911660814355,170,24,0.51862229455404,82.6459562449674,17.3540437550326
1987,8.11049450999349,1.61395445085835,96.9016480717223,23.7414374229512,484.508240358611,171,24,0.529962542860668,82.5100026909177,17.4899973090823
1987,8.09587399225308,1.61090551232841,98.4169280412502,23.8533303198176,492.084640206251,172,24,0.540147050435182,82.3930851232801,17.6069148767199
1987,8.07578843838481,1.60679475835624,99.9271676187132,23.9636625797282,499.635838093566,173,24,0.549762092626506,82.295221562468,17.704778437532
1987,8.05111734280458,1.60177358691691,101.431381854798,24.0724053689136,507.156909273988,174,24,0.559387101189316,82.2167835517826,17.7832164482174
1987,8.02273839749077,1.59602720294079,102.92864558963,24.1795351592015,514.643227948151,175,24,0.568738762915854,82.1584261243537,17.8415738756463
1987,7.99172558360084,1.58977622866957,104.418265650814,24.2850455539545,522.091328254069,176,24,0.577609431312396,82.1210723053543,17.8789276946457
1987,7.9594338258735,1.58326878694125,105.899804976272,24.3889480928562,529.499024881361,177,24,0.586563115524433,82.1058315638873,17.8941684361127
1987,7.92734042667442,1.57677653774517,107.372984465151,24.4912645831465,536.864922325756,178,24,0.596231809795071,82.1139618959167,17.8860381040833
1987,7.89699785669266,1.57058946171887,108.837693853207,24.5920273541564,544.188469266034,179,24,0.607201824840728,82.1467975454856,17.8532024545144
1987,7.8698131315871,1.56501034494307,110.29401587644,24.6912804143288,551.470079382198,180,24,0.618874990152293,82.2056634785239,17.7943365214761
1987,7.84722950892438,1.56034683975806,111.742434063847,24.7890929048267,558.712170319235,181,24,0.630664716740544,82.2917365709771,17.7082634290229
1987,7.8308798815687,1.55690606599176,113.183837631561,24.8855583324984,565.919188157806,182,24,0.643109656547612,82.4059499207074,17.5940500792926
1987,7.82234699910314,1.5549847634227,114.619334311454,24.9807811869197,573.096671557269,183,24,0.656803650715858,82.548877311607,17.451122688393
1987,7.82309574515581,1.55485678370038,116.050229241991,25.0748751434795,580.251146209956,184,24,0.672367620857035,82.7206076311353,17.2793923688647
1987,7.83415489151367,1.55676747426584,117.477995930155,25.1679608472112,587.389979650777,185,24,0.688540500392575,82.9206177853654,17.0793822146346
1987,7.85638175325677,1.56093289513093,118.904565372773,25.2601842889068,594.522826863863,186,24,0.703776158506133,83.1476172518583,16.8523827481417
1987,7.8905395221453,1.56750978554566,120.332348677068,25.3517172484989,601.661743385341,187,24,0.717806647369795,83.3994489848795,16.6005510151205
1987,7.93713997772056,1.57660249661123,121.763962475128,25.4427388925638,608.819812375642,188,24,0.73045556066055,83.6730588702137,16.3269411297863
1987,7.99630281977016,1.58824044556159,123.202160226359,25.5334311833875,616.010801131793,189,24,0.741460153624405,83.9644789998021,16.0355210001979
1987,8.06796747152142,1.6023782062997,124.649770958516,25.6239749481218,623.24885479258,190,24,0.751942803841565,84.2702704241227,15.7297295758773
1987,8.15143582637801,1.61886240940902,126.109386074073,25.7145305429091,630.546930370364,191,24,0.762415420727167,84.5841280168129,15.4158719831871
1987,8.24520583436337,1.63743641394887,127.583353866439,25.8052382854644,637.916769332196,192,24,0.771407481058397,84.898945493781,15.101054506219
1987,8.34722012954268,1.65773608470955,129.074015148735,25.8962335171242,645.370075743673,193,24,0.777359951828667,85.2076898407496,14.7923101592504
1987,8.45475363453955,1.67926533603965,130.583609780584,25.9876410879143,652.91804890292,194,24,0.77875888974263,85.5027475809235,14.4972524190765
1987,8.56501442862673,1.70137405223078,132.114134006296,26.0795671551081,660.570670031478,195,24,0.779043057535695,85.7759496829529,14.2240503170471
1987,8.19191024889915,1.62737464817213,133.666336469597,26.1720402732619,668.331682347985,196,24,0.774104661516433,85.6115623234094,14.3884376765906
1987,8.29023938028465,1.6469670467842,135.144567609249,26.2594133037175,675.722838046243,197,24,0.779014876113203,85.8265761150357,14.1734238849643
1987,8.37691616531278,1.66421515282615,136.64114449383,26.3471947552816,683.205722469151,198,24,0.785063029676255,85.9898046136599,14.0101953863401
1987,8.45838957266961,1.68042754035727,138.153488538107,26.4352229256699,690.767442690533,199,24,0.791256582257977,86.1315364926756,13.8684635073244
1987,8.54621495315841,1.6977966310273,139.6805090729,26.5234265483108,698.402545364502,200,24,0.801225152102041,86.2915977902139,13.7084022097861
1987,8.64077443083426,1.71634158693515,141.22269988375,26.6118269401895,706.113499418748,201,24,0.817015515580776,86.467777955956,13.532222044044
1987,8.74166522112628,1.73608724176002,142.780220721299,26.7004257949094,713.901103606493,202,24,0.834973136903413,86.658895421315,13.341104578685
1987,8.84845278182284,1.75705531464478,144.353880638606,26.7892612178864,721.769403193029,203,24,0.851211991761586,86.8636471329916,13.1363528670084
1987,8.9606494956515,1.77926315286208,145.945177714681,26.878408557472,729.725888573405,204,24,0.861527544183784,87.0806096430364,12.9193903569637
1987,9.07818631384142,1.80272224984726,147.556351864648,26.9679818904616,737.781759323242,205,24,0.865027821328818,87.3082405085901,12.6917594914099
1987,9.20162813369626,1.82743674571007,149.189805697749,27.0581006659163,745.949028488743,206,24,0.865743264171336,87.5449278791242,12.4550721208758
1987,9.33131363837759,1.85340156651145,150.847246626699,27.1488426267008,754.236233133494,207,24,0.866331890099749,87.7890529070947,12.2109470929053
1987,9.46755350865336,1.88059968472062,152.529916207153,27.2402577265452,762.649581035765,208,24,0.869543533002742,88.0389654269826,11.9610345730174
1987,9.61060215263545,1.90899912128002,154.23856623232,27.3323678505776,771.192831161599,209,24,0.878147369244044,88.2929803390607,11.7070196609392
1987,9.76047413530484,1.93854955517127,155.973443712893,27.4251670571319,779.867218564464,210,24,0.893899953419997,88.5493739023172,11.4506260976828
1987,9.91674928413588,1.96922141671649,157.734445583013,27.5186308186033,788.672227915065,211,24,0.914944205477025,88.8093818776347,11.1906181223653
1987,9.48306763510053,1.88269606864316,159.521754610261,27.6127501068196,797.608773051307,212,24,0.927283383301718,88.7160173493829,11.2839826506171
1988,6.35663526645949,1.26817120028125,54.5,19.9420239553624,272.5,141,24,0.274643915302386,90.9666891410356,9.03331085896443
1988,6.42398132510171,1.28144136798749,55.7163716848656,20.0758610182886,278.581858424328,142,24,0.282166675373931,90.6750490782563,9.32495092174369
1988,6.49282094996723,1.29496361889558,56.9447042681335,20.2089632202365,284.723521340668,143,24,0.290549635238573,90.3745018368305,9.62549816316952
1988,6.56159411621768,1.30843450095701,58.1851239467191,20.3413596975789,290.925619733596,144,24,0.299703836566536,90.0644486110114,9.93555138898862
1988,6.62921472510187,1.3216470737225,59.4374626502273,20.4730474952226,297.187313251136,145,24,0.309501275644346,89.7448720834787,10.2551279165213
1988,6.69479193269897,1.33449176830803,60.7013606310878,20.6040044371209,303.506803155439,146,24,0.31875961522386,89.4172433621658,10.5827566378342
1988,6.75772294647556,1.34687956538014,61.9765163777917,20.734215840946,309.882581888958,147,24,0.326876228529637,89.0804904137397,10.9195095862603
1988,6.81825145617669,1.35881568903996,63.2626282773785,20.863668158084,316.313141386893,148,24,0.334587258343632,88.7367147367038,11.2632852632962
1988,6.87674725606884,1.37032917867335,64.5592961521542,20.9923391912321,322.796480760771,149,24,0.342704359084938,88.3875289333947,11.6124710666053
1988,6.93369311432176,1.38146869752863,65.8660313727615,21.1201996750824,329.330156863808,150,24,0.352146347298584,88.0346356644708,11.9653643355292
1988,7.40469212971303,1.47506240537351,67.1822580149485,21.24721387052,335.911290074743,151,24,0.364503463637982,88.0203854651691,11.9796145348309
1988,7.46008452618058,1.48588221956922,68.5902026353173,21.3811732055016,342.951013176586,152,24,0.374647322706729,87.6583453649269,12.3416546350731
1988,7.51432879754438,1.49649566230106,70.0071846560115,21.5140711442692,350.035923280057,153,24,0.384499856841681,87.297866038122,12.702133961878
1988,7.56779984783443,1.5069658277906,71.4330313028098,21.6459213128482,357.165156514049,154,24,0.394260141010177,86.9419339695858,13.0580660304142
1988,7.62071545020077,1.51732498503373,72.8676048301676,21.7767400822314,364.338024150838,155,24,0.404138197325418,86.5918736752437,13.4081263247563
1988,7.67295284848895,1.52758224537704,74.3107688945713,21.906543366899,371.553844472856,156,24,0.413456509350289,86.2484302392542,13.7515697607458
1988,7.72439980612728,1.5377297842784,75.7624979450229,22.0353562860236,378.812489725114,157,24,0.421884971113579,85.9130111698986,14.0869888301014
1988,7.77506214983107,1.54773510495391,77.2228098312332,22.1632066841026,386.114049156166,158,24,0.430082998785788,85.5868448992397,14.4131551007603
1988,7.82482753540661,1.55754038769237,78.6915914978934,22.2901099820844,393.457957489467,159,24,0.43878555805525,85.2709951684242,14.7290048315757
1988,7.87345798119376,1.56706232690196,80.1685602286882,22.4160666846673,400.842801143441,160,24,0.448779535592701,84.9663609089142,15.0336390910858
1988,7.92026229221223,1.57619244349928,81.653228123784,22.5410603484268,408.26614061892,161,24,0.459490069713692,84.6736818155463,15.3263181844537
1988,7.96441312059526,1.58479800691345,83.145083797709,22.6650736455338,415.725418988545,162,24,0.470241862322227,84.3935181452665,15.6064818547335
1988,8.00525100001141,1.59272330955376,84.6435852242546,22.788087825008,423.217926121273,163,24,0.481586237634948,84.1262648334487,15.8737351665513
1988,8.04200442517209,1.59979093015453,86.1479479768803,22.9100657237923,430.739739884401,164,24,0.494105423179406,83.8721986432512,16.1278013567488
1988,8.07380750979512,1.60580328565611,87.6571166352279,23.0309505864221,438.28558317614,165,24,0.508470953099448,83.6315010007726,16.3684989992274
1988,8.09927187641841,1.61054435742963,89.1697280466857,23.1506643188239,445.848640233429,166,24,0.523354107465735,83.4042843955793,16.5957156044207
1988,8.11694222769874,1.61378377461702,90.6844068836556,23.2691316877612,453.422034418278,167,24,0.537318140143278,83.1905893761443,16.8094106238557
1988,8.12729549689325,1.61560456236549,92.1997738645036,23.3862807451446,460.998869322518,168,24,0.550591537961094,82.9948104947493,17.0051895052507
1988,8.13139198896557,1.61620529373584,93.7144991547527,23.5020466504078,468.572495773763,169,24,0.563439912523497,82.8203676432611,17.1796323567389
1988,8.12913251289766,1.6155529524744,95.2274116182705,23.6163794301522,476.137058091353,170,24,0.576186411610832,82.6660670524949,17.3339329475051
1988,8.12058575433094,1.61366897322297,96.7372554093026,23.7292250161754,483.686277046513,171,24,0.588608947818472,82.5311923206802,17.4688076793198
1988,8.10599788669041,1.61061810735358,98.2428326052527,23.8405359007312,491.214163026264,172,24,0.600240877991006,82.415392694356,17.584607305644
1988,8.0858692396689,1.60651215510339,99.7430876222986,23.9502768739235,498.715438111493,173,24,0.610675582040917,82.3187040384002,17.6812959615998
1988,8.06091076897301,1.60150296566014,101.237146045735,24.0584271273842,506.185730228677,174,24,0.619532158890218,82.2414848156135,17.7585151843865
1988,8.03200027973445,1.59577619153549,102.724351612492,24.1649821120033,513.62175806246,175,24,0.626394568465294,82.184355446869,17.815644553131
1988,8.00030642535769,1.58955255174139,104.204306606077,24.2699555441799,521.021533030384,176,24,0.631516009252934,82.1481988898029,17.8518011101971
1988,7.96736857007262,1.58307977494761,105.676796170138,24.3733732040607,528.38398085069,177,24,0.636583499458521,82.1340914662802,17.8659085337198
1988,7.93479893108049,1.57662860778077,107.141575679699,24.4752576348995,535.707878398497,178,24,0.643111810066914,82.1432791808558,17.8567208191442
1988,7.90429301012547,1.57048781899729,108.598419768342,24.5756316626881,542.992098841711,179,24,0.652663947686919,82.1771006583432,17.8228993416568
1988,7.87760287285986,1.56495886738072,110.047129342781,24.6745188635142,550.235646713906,180,24,0.66689810945284,82.2369039899131,17.7630960100869
1988,7.85623051451735,1.56034818698442,111.48752386235,24.7719430145507,557.437619311748,181,24,0.68589182027123,82.3239354428348,17.6760645571652
1988,7.84135943212332,1.55696211891452,112.919707465339,24.8679458511429,564.598537326696,182,24,0.707621229412684,82.4392100374006,17.5607899625994
1988,7.83421943523751,1.55509692746169,114.344425523189,24.9626098804955,571.722127615943,183,24,0.730458480147288,82.5833268926463,17.4166731073537
1988,7.83592173821802,1.55502568872218,115.762994635483,25.0560520692149,578.814973177416,184,24,0.752519915638759,82.7563500730941,17.2436499269059
1988,7.84743443889049,1.55699271685441,117.177329989976,25.1484242228698,585.886649949879,185,24,0.771706816192919,82.9576762237144,17.0423237762855
1988,7.86939274070152,1.56121216059305,118.589959647124,25.2399125258416,592.949798235619,186,24,0.784423123460461,83.185916707515,16.814083292485
1988,7.902614034159,1.56783804395156,120.004257298852,25.3307510855441,600.021286494258,187,24,0.790698579221558,83.4387776139869,16.5612223860131
1988,7.94804804444567,1.57697186569825,121.423753357095,25.421176327663,607.118766785473,188,24,0.793764886055995,83.7130858865468,16.2869141134532
1988,8.00625969294027,1.58864050661783,122.851520902187,25.5113882822378,614.257604510935,189,24,0.796880800326863,84.0048397921148,15.9951602078852
1988,8.07746408268833,1.60279754863775,124.29009326417,25.6015468843104,621.450466320849,190,24,0.803417110255549,84.3106476310967,15.6893523689033
1988,8.1612568519521,1.61928981723253,125.741371627297,25.691767816462,628.706858136483,191,24,0.816139642804565,84.6243050031851,15.3756949968149
1988,8.25618287111118,1.63786208077593,127.206622133076,25.782124049825,636.033110665382,192,24,0.83386091027787,84.9388493549245,15.0611506450755
1988,8.36001632383494,1.65815230483626,128.687056413758,25.8726828747761,643.435282068792,193,24,0.853624258984873,85.2473893871929,14.7526106128071
1988,8.46984189784797,1.6796662937778,130.184031225507,25.9635181563053,650.920156127534,194,24,0.872185668261971,85.5424214507586,14.4575785492414
1988,8.58195267844638,1.70175766331295,131.698967918383,26.0547052036889,658.494839591915,195,24,0.886022414977864,85.81585386087,14.18414613913
1988,8.20856060439765,1.62770879823321,133.233249757264,26.1463145588567,666.166248786321,196,24,0.885311636859752,85.6530017756469,14.3469982243531
1988,8.30705487640964,1.64728728052847,134.692665635442,26.2327739636809,673.463328177212,197,24,0.891293568520933,85.8686334524629,14.1313665475371
1988,8.39361277430813,1.66452828785505,136.170254902384,26.3196473747349,680.851274511918,198,24,0.896191758763234,86.0326162490635,13.9673837509365
1988,8.47494103445352,1.68073769320805,137.663827141881,26.406795324729,688.319135709406,199,24,0.900970646781255,86.1751166290271,13.8248833709729
1988,8.56220105811336,1.69810151251427,139.172339935645,26.4941486729647,695.861699678226,200,24,0.906717028867804,86.3358126556779,13.6641873443221
1988,8.65619523623947,1.71663871021406,140.696765094127,26.5817556130373,703.483825470635,201,24,0.919048753064399,86.5124586196847,13.4875413803153
1988,8.757184801864,1.73637417721553,142.23711011477,26.6696080375622,711.185550573851,202,24,0.93910186071459,86.7038916782875,13.2961083217125
1988,8.86446021003811,1.75733008396262,143.793206524306,26.7576880933239,718.966032621531,203,24,0.960378437098763,86.9088937018957,13.0911062981043
1988,8.977259825458,1.7795238795619,145.366042549413,26.84604313388,726.830212747064,204,24,0.975929462635154,87.1260817128529,12.8739182871471
1988,9.09473639633304,1.80296688520143,146.957842548582,26.934787678173,734.789212742912,205,24,0.978359570001704,87.3539121416031,12.6460878583969
1988,9.21750200423785,1.82766265977692,148.572138685487,27.0241047900014,742.860693427434,206,24,0.972804321065166,87.5906876844729,12.4093123155271
1988,9.34666611163566,1.85360582940512,150.211556024106,27.1141222341313,751.05778012053,207,24,0.968556471552135,87.834730152724,12.165269847276
1988,9.48198492393463,1.88077958300584,151.87708067234,27.2048747081317,759.3854033617,208,24,0.964362943513389,88.0844207796955,11.9155792203045
1988,9.62312844985781,1.90915199210101,153.569898734095,27.2964063511798,767.849493670475,209,24,0.95898808381677,88.3380578574068,11.6619421425932
1988,9.76966885372282,1.93867278799123,155.29137542796,27.3887692264029,776.456877139801,210,24,0.95126189630912,88.5938609057642,11.4061390942358
1988,9.92266071495791,1.96931264961621,157.043022224304,27.4820212220712,785.215111121521,211,24,0.949959583546663,88.8529809377026,11.1470190622974
1988,9.48674539045928,1.88274212484913,158.824804127081,27.5761367044501,794.124020635406,212,24,0.949455617221013,88.7598151714524,11.2401848285476
1989,6.35940319097762,1.26817120028125,54.5,19.9420239553624,272.5,141,24,0.283714273471241,90.9666891410356,9.03331085896443
1989,6.42790749666673,1.28144297506556,55.7151111981354,20.0757233863854,278.575555990677,142,24,0.295301836184366,90.6752431781068,9.32475682189319
1989,6.49758275128267,1.294967773613,56.9416019876696,20.2086295894994,284.708009938348,143,24,0.30681150022583,90.3749841069809,9.62501589301905
1989,6.56678330841132,1.30844197028112,58.1797216648125,20.3407873690808,290.898608324063,144,24,0.317772572861696,90.0652958863524,9.93470411364756
1989,6.63427236132993,1.32165827402449,59.429484481393,20.4722147122609,297.147422406965,145,24,0.327403030910218,89.7461334812505,10.2538665187496
1989,6.69937837817061,1.33450654950381,60.690813674396,20.6029195295751,303.45406837198,146,24,0.335169558624373,89.418922734641,10.581077265359
1989,6.76159631540263,1.34689731740667,61.9636047742903,20.7329067849412,309.818023871452,147,24,0.340782395085362,89.0825588510972,10.9174411489028
1989,6.82090175628992,1.35883543543636,63.2477101860074,20.8621771553122,316.238550930037,148,24,0.34400690606111,88.7391162888014,11.2608837111986
1989,6.87738249655973,1.37034948858971,64.5430242829679,20.9907357106613,322.71512141484,149,24,0.344627035457135,88.3901576514401,11.6098423485599
1989,6.9319170976186,1.38148769661147,65.8495021270579,21.1185934233732,329.247510635289,150,24,0.345047656124417,88.0373114301201,11.9626885698799
1989,7.40067365912714,1.47508065211126,67.1667934283403,21.2457316712015,335.833967141702,151,24,0.349629012076756,88.0228300114192,11.9771699885808
1989,7.45447595622892,1.48589596754204,68.5769093731347,21.3799174172658,342.884546865674,152,24,0.353876427764118,87.6604448720015,12.3395551279985
1989,7.50746805255651,1.49650457991081,69.996923981041,21.5131155706277,349.984619905205,153,24,0.35893158290824,87.2994824385555,12.7005175614445
1989,7.55979043873626,1.50697030668314,71.4265122380657,21.6453226777693,357.132561190328,154,24,0.364160027863725,86.942956513958,13.057043486042
1989,7.61203738082113,1.51732601579405,72.8655039795864,21.776549823778,364.327519897932,155,24,0.371125501273462,86.5922012260824,13.4077987739176
1989,7.66463408070004,1.52758146139508,74.3135349954198,21.9067904656426,371.567674977099,156,24,0.381286450529004,86.2480022336657,13.7519977663343
1989,7.71723172460133,1.53772926573318,75.770034266203,22.0360204819328,378.850171331015,157,24,0.393642422392213,85.9118556070492,14.0881443929508
1989,7.76933497093278,1.54773686417329,77.2345609322596,22.1642286316078,386.172804661298,158,24,0.407046962108533,85.585061795813,14.414938204187
1989,7.82031933973597,1.55754599427346,78.7068041757687,22.2914156909596,393.534020878844,159,24,0.420232418167963,85.2687135332366,14.7312864667634
1989,7.86883808925774,1.56707285383346,80.1865816186935,22.4175935321345,400.932908093468,160,24,0.429371237256774,84.9636920350659,15.0363079649341
1989,7.91437401676788,1.5762090782715,81.6742068356902,22.5428151458235,408.371034178451,161,24,0.434380670372083,84.6706166030885,15.3293833969115
1989,7.95734210098466,1.5848226178346,83.1699062763443,22.6671238944311,415.849531381722,162,24,0.439617347898294,84.389942082377,15.610057917623
1989,7.99805100031405,1.59275805071497,84.6731178092165,22.7904968902325,423.365589046082,163,24,0.449636152892907,84.1220713343616,15.8779286656384
1989,8.03672281010139,1.59983728455107,86.1824298088518,22.9128441394706,430.912149044259,164,24,0.469541377551266,83.8673733430682,16.1326266569318
1989,8.07144252044698,1.60586049070508,87.6954539728117,23.0340024598047,438.477269864059,165,24,0.49629482528017,83.6262132493168,16.3737867506832
1989,8.09946283002399,1.61060951567868,89.2100264247188,23.1538342603951,446.050132123594,166,24,0.522883802816392,83.3988038715346,16.6011961284654
1989,8.11963075051368,1.61385314542901,90.7248361561728,23.2722748158948,453.624180780864,167,24,0.549238008271434,83.185164404169,16.814835595831
1989,8.13236624671812,1.61567322722195,92.2383553894653,23.3892458047743,461.191776947327,168,24,0.575287984775937,82.9896966976478,17.0103033023522
1989,8.13868174812086,1.61626775205245,93.749154010589,23.5046799064785,468.745770052945,169,24,0.601008346800741,82.8158233833788,17.1841766166212
1989,8.1375930742151,1.61560402230522,95.2560092516746,23.6185283590576,476.280046258373,170,24,0.621580670205548,82.6623510730392,17.3376489269608
1989,8.1286461740655,1.61370573049328,96.7584649766537,23.7308014454212,483.792324883268,171,24,0.633077427158437,82.5284568537788,17.4715431462212
1989,8.11250646809496,1.61064104572098,98.2567594989977,23.8415599810186,491.283797494988,172,24,0.636851557486619,82.4136070216485,17.5863929783515
1989,8.09007840073677,1.60652426035582,99.7509933453339,23.9508521063908,498.75496672667,173,24,0.634647550532693,82.3176948299494,17.6823051700506
1989,8.0624618813362,1.60150845632509,101.241098748635,24.0587117711397,506.205493743173,174,24,0.628388016058554,82.2409817796738,17.7590182203262
1989,8.03181521763817,1.59577924224061,102.726843120125,24.1651597180226,513.634215600625,175,24,0.625236835674439,82.1840389871005,17.8159610128995
1989,7.99984012159129,1.58955534823683,104.206992481345,24.270145106193,521.034962406726,176,24,0.628694411883664,82.1478581124726,17.8521418875274
1989,7.9670963106302,1.58308243723134,105.679952911918,24.3735938300133,528.39976455959,177,24,0.634891211577738,82.133691149373,17.8663088506271
1989,7.93428299304439,1.57663079299919,107.145016185624,24.4754957970556,535.725080928118,178,24,0.639936740984503,82.1428429912984,17.8571570087016
1989,7.90219587949702,1.57048949041704,108.602391819416,24.5759040435139,543.011959097081,179,24,0.639785835864546,82.1765972677692,17.8234027322308
1989,7.87309279000218,1.5649601215856,110.053257244173,24.6749352142876,550.266286220864,180,24,0.638882125779677,82.2361280703672,17.7638719296328
1989,7.84956496940565,1.56034809056154,111.498352375769,24.7726720925655,557.491761878847,181,24,0.643685139502478,82.3225668056932,17.6774331943068
1989,7.832910906891,1.5569582521877,112.937643138565,24.869142729115,564.688215692825,182,24,0.652913330205998,82.436950240283,17.563049759717
1989,7.82438049961367,1.55508575119081,114.371611194234,24.9644081928627,571.858055971172,183,24,0.665286393067463,82.5799184134261,17.4200815865739
1989,7.82512067165533,1.55500308852409,115.801243920053,25.0585605008369,579.006219600264,184,24,0.679518213591503,82.7515882269758,17.2484117730242
1989,7.83639069598109,1.55695461780209,117.228014906267,25.1517200659071,586.140074531335,185,24,0.695896035322374,82.9514264262634,17.0485735737366
1989,7.85931784184042,1.56115553925485,118.653591668968,25.2440157053446,593.267958344841,186,24,0.714825295191171,83.1781673309601,16.8218326690399
1989,7.89443991364032,1.5677623301764,120.079785544773,25.3355811357231,600.398927723865,187,24,0.734683093047194,83.4297208964861,16.5702791035139
1989,7.94202628131196,1.57687934618663,121.508839396018,25.4265730532053,607.54419698009,188,24,0.753640752441208,83.7030721226607,16.2969278773393
1989,8.00195789716274,1.58853553515807,122.943414958312,25.51716942724,614.71707479156,189,24,0.769671806006933,83.9942593294942,16.0057406705058
1989,8.07392157363132,1.60268498218401,124.386554574625,25.6075662605239,621.932772873125,190,24,0.782017547472318,84.2998162840331,15.7001837159669
1989,8.15726354036445,1.61917357913291,125.841388657219,25.6979587403345,629.206943286094,191,24,0.791486169580291,84.6133834810737,15.3866165189263
1989,8.25067104281857,1.63774436853738,127.310754059115,25.7885177914548,636.553770295574,192,24,0.797940322233974,84.9278173305417,15.0721826694583
1989,8.3522893482103,1.65803374834783,128.797251308576,25.8793944518159,643.986256542882,193,24,0.801261509628191,85.2360819436418,14.7639180563582
1989,8.45960602234271,1.67954677863635,130.303132357131,25.9707137952228,651.515661785656,194,24,0.801410512745077,85.5305938868609,14.4694061131391
1989,8.56979962846523,1.70163642213727,131.830153121723,26.0625670402155,659.150765608613,195,24,0.801587064570721,85.803242366188,14.196757633812
1989,8.19635477901062,1.62759649344766,133.378863870085,26.1549706545923,666.894319350426,196,24,0.796618734167574,85.639066465616,14.360933534384
1989,8.29480303988813,1.64717334543788,134.853545014009,26.2422648336767,674.267725070043,197,24,0.802809972490475,85.8536583402384,14.1463416597616
1989,8.38188918305163,1.66441128228601,136.346343415618,26.3299564400188,681.731717078089,198,24,0.812110596271829,86.0166042818945,13.9833957181055
1989,8.46417298743414,1.68061712847473,137.854344502279,26.4178642928911,689.271722511395,199,24,0.824365051752086,86.1581577448625,13.8418422551375
1989,8.552569211658,1.69797946857828,139.375976475596,26.5058900082056,696.879882377978,200,24,0.838810100334809,86.3180917911206,13.6819082088794
1989,8.64713020390997,1.71651726520102,140.912002595636,26.5940716834214,704.560012978181,201,24,0.855163452008867,86.4941702891696,13.5058297108304
1989,8.7480363140772,1.73625487783619,142.463251915523,26.6824499630684,712.316259577615,202,24,0.87388947035373,86.685153106477,13.314846893523
1989,8.85545654813804,1.75721399737322,144.030495478994,26.7710609506746,720.152477394969,203,24,0.895491637364211,86.8897414757758,13.1102585242242
1989,8.9695407411787,1.77941228293364,145.61443618867,26.8599357939508,728.072180943351,204,24,0.920514692323331,87.1065755885216,12.8934244114784
1989,9.08990712607952,1.80286175110918,147.215696687733,26.9491001810311,736.078483438667,205,24,0.94561019931258,87.3342325995233,12.6657674004767
1989,9.21607776033125,1.82756663129907,148.835491650625,27.0386115401665,744.177458253126,206,24,0.966801964044326,87.5711742679249,12.4288257320751
1989,9.3479739108231,1.85352126836512,150.475733849719,27.1285636122001,752.378669248595,207,24,0.983573522975468,87.8157449008597,12.1842550991403
1989,9.48544628277758,1.88070792321852,152.138421720882,27.2190518252931,760.692108604412,208,24,0.995408410091613,88.0662214425065,11.9337785574935
1989,9.62827595368248,1.90909391290303,153.82562509831,27.3101723929704,769.128125491551,209,24,1.00193004825784,88.3208156523439,11.6791843476562
1989,9.77643729714524,1.93862837756746,155.539443154027,27.4020199591028,777.697215770135,210,24,1.00506839756387,88.5776784804839,11.4223215195161
1989,9.93005741269184,1.96928159879654,157.281581601491,27.4946651732832,786.407908007453,211,24,1.00705095326427,88.8379357527419,11.1620642472581
1989,9.49254581735131,1.88272742605002,159.053323760461,27.5881540082012,795.266618802307,212,24,0.995779829888658,88.7454521900724,11.2545478099276
