"year","assimilated_weight","ingested_weight","Weight","Length","Energy","JulianDay","feeding_hours","Metabolism","percentage_partic","percentage_filters"
1980,2.5277048630367,0.50348019289977,54.5,19.9420239553624,272.5,141,24,0.310143161420985,87.8230651616946,12.1769348383054
1980,2.54785118292984,0.507506642219359,54.9434857549573,19.9910594795523,274.717428774786,142,24,0.311536362834763,87.5514017999907,12.4485982000093
1980,2.57151593639941,0.512243274611016,55.3907208100353,20.0402309811977,276.953604050176,143,24,0.312527067919251,87.2509028363678,12.7490971636322
1980,2.59781524703398,0.517488716228536,55.8424892849231,20.0896207775411,279.212446424615,144,24,0.314275872733886,86.9229133028317,13.0770866971683
1980,2.62568262605071,0.52302121277756,56.2991663989971,20.139264978886,281.495831994985,145,24,0.317196605701887,86.5682242454839,13.4317757545161
1980,2.65404189895359,0.528638299566375,56.7608313032015,20.1891669242394,283.804156516008,146,24,0.320742878392873,86.1888640130564,13.8111359869436
1980,2.68198033516659,0.534166732088244,57.2274571869391,20.2393184704498,286.137285934695,147,24,0.324528878852366,85.7838358124706,14.2161641875294
1980,2.70886550833505,0.539489507515372,57.6989118517017,20.2897003788603,288.494559258509,148,24,0.328147561164785,85.3561665919848,14.6438334080152
1980,2.73429624191449,0.544535213040138,58.1750180189147,20.3402890253071,290.875090094573,149,24,0.331212875035337,84.9086655649361,15.0913344350639
1980,2.75809903184576,0.549271987778462,58.6555953808142,20.3910609633401,293.277976904071,150,24,0.333602644465937,84.444574540108,15.555425459892
1980,2.94187092336251,0.585870269400972,59.1404533599847,20.4419921699754,295.702266799923,151,24,0.337688237951231,84.3904788840738,15.6095211159262
1980,2.96313173440282,0.59009900728972,59.6612465102541,20.4963749884806,298.306232551271,152,24,0.340364088879537,83.9047545668363,16.0952454331637
1980,2.98296005409504,0.594026495081933,60.185754312093,20.5508123119012,300.928771560465,153,24,0.343744654623067,83.4134636779575,16.5865363220425
1980,3.00158942584631,0.597688644649922,60.7135492023384,20.6052580449111,303.567746011692,154,24,0.348293445610259,82.9220093228981,17.0779906771019
1980,3.01909697454962,0.601110301142767,61.2441576205467,20.6596624979127,306.220788102734,155,24,0.353617531049782,82.4336234395779,17.5663765604221
1980,3.03549049551818,0.604305869604865,61.7772000138794,20.7139867294121,308.886000069397,156,24,0.359169356319511,81.9506526439417,18.0493473560583
1980,3.0508132128906,0.607280707914221,62.3124078956131,20.7682039534343,311.562039478066,157,24,0.36510203856114,81.4761416140353,18.5238583859647
1980,3.0650442125468,0.610026932271198,62.8494907960358,20.8222858232725,314.247453980179,158,24,0.371598361225668,81.0127659030062,18.9872340969938
1980,3.07809734975898,0.612523651149562,63.3881175016965,20.876200607253,316.940587508482,159,24,0.378854241982861,80.562838757041,19.4371612429589
1980,3.08970956189031,0.61473870051519,63.9279003827667,20.9299117344977,319.639501913833,160,24,0.385956110726594,80.1283573827662,19.8716426172338
1980,3.09957935981235,0.616632029403229,64.4685819075168,20.9833963324363,322.342909537584,161,24,0.391949183644989,79.7110482035722,20.2889517964278
1980,3.10751538023857,0.618160882687228,65.0100351991062,21.036644881591,325.050175995531,162,24,0.397019399765273,79.3125104288066,20.6874895711934
1980,3.11334324547755,0.619286486857053,65.5520579153726,21.0896407335591,327.760289576863,163,24,0.401337735017803,78.9344624641244,21.0655375358756
1980,3.11694865356534,0.619981527573404,66.0943786390997,21.1423609336509,330.471893195498,164,24,0.405108491257015,78.5789746103756,21.4210253896244
1980,3.11837744917349,0.620236638820966,66.6366622285833,21.194776913806,333.183311142917,165,24,0.409229715289349,78.2486927089835,21.7513072910165
1980,3.11770224545848,0.620062940534917,67.1784030986579,21.2468444193134,335.892015493289,166,24,0.413877275210657,77.9469980856806,22.0530019143194
1980,3.11496344165064,0.619487887210742,67.7190750118395,21.2985182170105,338.595375059197,167,24,0.418087499292958,77.6779277826091,22.3220722173909
1980,3.1162200926212,0.619737131716646,68.2583525442373,21.3497731028015,341.291762721187,168,24,0.420789778720743,77.4542827815934,22.5457172184066
1980,3.12732250445103,0.621994552576373,68.797336202929,21.4007188271667,343.986681014645,169,24,0.420927369611988,77.2860066646625,22.7139933353375
1980,3.14904403864561,0.626373832355033,69.3385078903006,21.4515922558576,346.692539451503,170,24,0.42057363254841,77.1762234683994,22.8237765316006
1980,3.18290680530686,0.633132917456466,69.8840894791602,21.5026008811332,349.420447395801,171,24,0.422009807748146,77.1310523902459,22.8689476097541
1980,3.23047679771564,0.642599972604984,70.436150985235,21.5539336053003,352.180754926175,172,24,0.424393600503197,77.1571893274947,22.8428106725053
1980,3.29328049241263,0.655095296491178,70.9972440485272,21.605819584225,354.986220242636,173,24,0.426900026764488,77.2592035550514,22.7407964449486
1980,3.37246067274491,0.670864755223307,71.5703905585927,21.6585259451336,357.851952792964,174,24,0.42865327650788,77.4375584302218,22.5624415697782
1980,3.46865620057877,0.690035079677913,72.1590160705017,21.7123504336558,360.795080352508,175,24,0.429744616008253,77.6877104394834,22.3122895605166
1980,3.58197296196188,0.712593629108985,72.7666555937597,21.7675935334375,363.833277968798,176,24,0.431792600083783,78.0004272730152,21.9995727269848
1980,3.71180455855089,0.738389761975618,73.3965415296676,21.8245207976527,366.982707648338,177,24,0.436078791277251,78.3630368186771,21.636963181323
1980,3.85695655239566,0.767152097474191,74.0515286069652,21.8833566446555,370.257643034826,178,24,0.443906401460309,78.7610483554723,21.2389516445277
1980,4.01579849013784,0.798514693606287,74.7339719385365,21.9442742475626,373.669859692682,179,24,0.456825456579888,79.1797731667821,20.8202268332179
1980,4.18598442074767,0.832046205308801,75.4455904512921,22.0073846117754,377.227952256461,180,24,0.473121025425514,79.6056182280839,20.3943817719161
1980,4.36478584982219,0.867277957159675,76.1879767758369,22.0727830022414,380.939883879184,181,24,0.48956550388808,80.0267906517657,19.9732093482343
1980,4.54968170205995,0.90372759613502,76.9628232628484,22.1405688863448,384.814116314242,182,24,0.505361612338801,80.4336238902688,19.5663761097312
1980,4.73815664267659,0.940916778937845,77.7714773876838,22.2108070191889,388.857386938419,183,24,0.519653806785888,80.8186845338107,19.1813154661893
1980,4.92774893504631,0.978383338063179,78.6149545424694,22.2835295314507,393.074772712347,184,24,0.531434131198227,81.1765588727407,18.8234411272593
1980,5.11589137470516,1.01568818704929,79.4939792285468,22.3587404781935,397.469896142734,185,24,0.538043678348558,81.5035181802635,18.4964818197365
1980,5.3004108730024,1.05241803277448,80.4092941423445,22.4364429566764,402.046470711723,186,24,0.539180159067581,81.7971033741179,18.2028966258821
1980,5.47963428697735,1.08818432233079,81.3612676573852,22.5166061742025,406.806338286926,187,24,0.537450047988832,82.0558466885373,17.9441533114627
1980,5.65204543888458,1.12261976341483,82.3494120493242,22.5991267530417,411.747060246621,188,24,0.53550044021558,82.2790374394741,17.720962560526
1980,5.81625884724901,1.15537372143763,83.3724067646114,22.6838338078579,416.862033823057,189,24,0.535944762608863,82.4664470191004,17.5335529808996
1980,5.97102450438024,1.18611563999184,84.4281312964352,22.7704948238176,422.140656482176,190,24,0.541363842147671,82.6197686843869,17.3802313156131
1980,6.11465119342628,1.21450958797422,85.5136988066851,22.8588215091322,427.568494033426,191,24,0.551514458152072,82.7383870571901,17.2616129428099
1980,6.24519272677479,1.24021984346508,86.6259327062141,22.9485110519734,433.129663531071,192,24,0.56461037518164,82.8214316835251,17.1785683164749
1980,6.36068950015335,1.26291290400747,87.7616242698621,23.0392678105858,438.808121349311,193,24,0.578798545017307,82.8686017630483,17.1313982369517
1980,6.45912296735246,1.2822505830902,88.9175433185793,23.1308043135868,444.587716592897,194,24,0.591977712415898,82.8792309249364,17.1207690750636
1980,6.53865872168991,1.29788868299621,90.0904760778902,23.2228442388013,450.452380389451,195,24,0.603469415070766,82.8522044982947,17.1477955017053
1980,6.25246532449722,1.24097150801327,91.2769774544763,23.3151030387329,456.384887272382,196,24,0.608933926028504,82.3415647311306,17.6584352688694
1980,6.28699213864186,1.24775525058289,92.4051039023745,23.4020507960992,462.025519511872,197,24,0.617496097131055,82.2380814066594,17.7619185933406
1980,6.29862254679879,1.25004214556231,93.5383794319722,23.4886536591814,467.691897159861,198,24,0.624351342101456,82.0890875353496,17.9109124646504
1980,6.28317476590465,1.2470093697517,94.6725632390463,23.5745968207704,473.362816195232,199,24,0.629165832818837,81.9114100280603,18.0885899719397
1980,6.23888898373206,1.2382713283745,95.8026449548966,23.6595183612463,479.013224774483,200,24,0.633215540851972,81.7280180240477,18.2719819759523
1980,6.16888349058064,1.22440716738827,96.9230071554957,23.7430230869605,484.615035777478,201,24,0.637970637124998,81.5404900635952,18.4595099364048
1980,6.07617818345996,1.20602334375992,98.028362224285,23.8247525502825,490.141811121425,202,24,0.643151465979407,81.3519852891319,18.6480147108681
1980,5.96397601049865,1.18376116949343,99.1140826848954,23.9044073081133,495.570413424477,203,24,0.648535149619921,81.1661537356938,18.8338462643062
1980,5.8355138304287,1.1582690024453,100.176226483518,23.9817460108794,500.881132417589,204,24,0.653875582762809,80.9869612914371,19.0130387085629
1980,5.69402509022761,1.13018468474123,101.211548436838,24.0565835937398,506.057742184191,205,24,0.659335851465307,80.8186023619119,19.1813976380881
1980,5.54262457463923,1.10010816489037,102.217417723278,24.1287829286176,511.087088616392,206,24,0.665760250276974,80.6652469169594,19.3347530830406
1980,5.38416971989967,1.06859253752009,103.191657916897,24.198241442608,515.958289584487,207,24,0.673935764375995,80.5309680308515,19.4690319691485
1980,5.22121560953176,1.03613257536054,104.13250698956,24.2648868532942,520.662534947799,208,24,0.684719583516091,80.4195603280529,19.5804396719471
1980,5.05598112000938,1.00315879378003,105.03854280502,24.3286707447317,525.192714025098,209,24,0.699028172694773,80.3343778418389,19.6656221581611
1980,4.88992157194677,0.970035234433062,105.908604026296,24.3895621477279,529.54302013148,210,24,0.713294150203097,80.2781731971611,19.7218268028389
1980,4.72437229478381,0.937077224907765,106.742534177303,24.4475985461498,533.712670886515,211,24,0.724540266448939,80.2580912965049,19.7419087034951
1980,4.30816403459083,0.854429081124665,107.541039556383,24.5028741812686,537.705197781917,212,24,0.728078896842355,79.7169980685025,20.2830019314975
1981,2.52555433486661,0.503476185141742,54.5,19.9420239553624,272.5,141,24,0.291207712899626,87.8246679453746,12.1753320546254
1981,2.54596879810178,0.507503967175353,54.9468427390275,19.9914296022308,274.734213695138,142,24,0.294929378951234,87.5523798810962,12.4476201189038
1981,2.56999534317829,0.512241548000094,55.3970227036925,20.0409218659668,276.985113518462,143,24,0.299117157640808,87.2513126727371,12.7486873272629
1981,2.59674478789001,0.517487609226385,55.8511690220035,20.0905669625806,279.255845110017,144,24,0.304829717210743,86.9228424054798,13.0771575945202
1981,2.62496935301386,0.523020537482225,56.3095212466812,20.1403873683791,281.547606233406,145,24,0.310895043569091,86.5677919687354,13.4322080312646
1981,2.65345250727314,0.528634462505885,56.772303773078,20.1904033898734,283.86151886539,146,24,0.315683895417395,86.1869995284594,13.8130004715406
1981,2.6814256286791,0.534166611954397,57.2398235339589,20.2406436850835,286.199117669795,147,24,0.31960837597879,85.7829414340446,14.2170585659554
1981,2.70829542454438,0.539489405640889,57.7121513118304,20.2911110624781,288.560756559152,148,24,0.323086872927001,85.3550592867221,14.6449407132779
1981,2.7337731263433,0.54453477329629,58.1891555484381,20.3417867893573,290.945777742191,149,24,0.326590117634492,84.9072925284385,15.0927074715615
1981,2.75775477271431,0.549271091963981,58.6705527814133,20.3926365198026,293.352763907066,150,24,0.330609237060962,84.4429391986521,15.5570608013479
1981,2.94175173964959,0.58587148434254,59.1559405270851,20.4436141928843,295.779702635425,151,24,0.336681065523901,84.3897460742135,15.6102539257865
1981,2.96313641653903,0.590099748931045,59.6769112069658,20.4980056095625,298.384556034829,152,24,0.340439427886418,83.9038685515473,16.0961314484527
1981,2.98282581601112,0.594026815267755,60.2014048054384,20.5524315474362,301.007024027192,153,24,0.342643320060368,83.412460290118,16.587539709882
1981,3.00088159999977,0.597685522493497,60.7293930398448,20.6068873386355,303.646965199224,154,24,0.342409808331757,82.9197572024424,17.0802427975576
1981,3.01762224946007,0.601106572813909,61.2610365408926,20.6613877301889,306.305182704463,155,24,0.341166724576734,82.4310295997112,17.5689704002888
1981,3.03334801864597,0.604301386283136,61.79627406211,20.7159245683887,308.98137031055,156,24,0.34097528372997,81.9474392380813,18.0525607619187
1981,3.04807602849994,0.607275755172651,62.3346921586826,20.770454327046,311.673460793413,157,24,0.341711447919729,81.4720650236187,18.5279349763813
1981,3.06175534024701,0.610022203291837,62.8759056131285,20.8249373542805,314.379528065642,158,24,0.343251006768477,81.0076079705645,18.9923920294355
1981,3.07426775100985,0.612520206366566,63.4195438577985,20.8793364095641,317.097719288993,159,24,0.345463237226905,80.556395565305,19.443604434695
1981,3.08555298286083,0.614737922060575,63.9652388246113,20.9336153921054,319.826194123057,160,24,0.349191344233738,80.1204261618507,19.8795738381493
1981,3.09547547790357,0.616635507261162,64.5124417445537,20.9877212496939,322.562208722768,161,24,0.355018654279675,79.7015010393833,20.2984989606167
1981,3.10374003899373,0.618170107902614,65.0604600687527,21.0415880973195,325.302300343764,162,24,0.362332499560489,79.3013570505369,20.6986429494631
1981,3.11006295034437,0.619302547220923,65.6086647408941,21.0951577853838,328.04332370447,163,24,0.370440434692177,78.9218129809965,21.0781870190035
1981,3.11422066212965,0.620004903525583,66.1565084491569,21.1483814373843,330.782542245785,164,24,0.37863584506674,78.5649992824623,21.4350007175377
1981,3.11601661488087,0.620267125143742,66.7035404932259,21.2012206067286,333.517702466129,165,24,0.385572893984634,78.2335806112851,21.7664193887149
1981,3.11546011996014,0.62009983714225,67.2495400265658,21.253659731138,336.247700132829,166,24,0.390773052864933,77.930861913186,22.0691380868139
1981,3.11276207476582,0.619530158229479,67.7943837675321,21.305692882715,338.97191883766,167,24,0.394874134617229,77.6607768861441,22.3392231138559
1981,3.11415262488038,0.619783958467866,68.3378630476481,21.3573061694804,341.68931523824,168,24,0.39851367108185,77.4361119957787,22.5638880042213
1981,3.12565449973387,0.622045473151329,68.8808877183279,21.4085913406757,344.40443859164,169,24,0.402372244255941,77.2668760466169,22.7331239533831
1981,3.14783707739887,0.626428068766168,69.4254360473454,21.4597382094057,347.127180236727,170,24,0.406446296132814,77.156315774386,22.843684225614
1981,3.18196310281714,0.633189649426867,69.9736008647182,21.5109431324394,349.868004323591,171,24,0.410408620880014,77.1105877431839,22.8894122568161
1981,3.22970079128925,0.642658672627721,70.5277929613097,21.5624276515418,352.638964806549,172,24,0.414421702312839,77.1363176825855,22.8636823174145
1981,3.29267976783415,0.655155632017803,71.0907242379784,21.6144361801889,355.453621189892,173,24,0.418658335819867,77.238045800776,22.761954199224
1981,3.37215390818295,0.670926483147387,71.665397917377,21.6672343379762,358.326989586885,174,24,0.423271334199795,77.4162442287675,22.5837557712325
1981,3.46879131132458,0.690097937985907,72.255037381747,21.721101654443,361.275186908735,175,24,0.428525378925446,77.6664136809393,22.3335863190607
1981,3.58253363656322,0.712657325125905,72.8629466344866,21.7763182188426,364.314733172433,176,24,0.434425595993904,77.9793643536947,22.0206356463053
1981,3.71259296266553,0.738454147037557,73.4924169142847,21.8331558446147,367.462084571424,177,24,0.440642980583327,78.3423968398191,21.6576031601809
1981,3.85756394655329,0.767217323826527,74.1466475960481,21.8918707475019,370.733237980241,178,24,0.446778479913511,78.7409314087063,21.2590685912937
1981,4.01556315788427,0.798581370529625,74.8286367067538,21.9526937413598,374.143183533769,179,24,0.452449792975159,79.1601348876729,20.8398651123271
1981,4.18445126231535,0.832115581989204,75.5410819485049,22.0158217248952,377.705409742524,180,24,0.457918724501854,79.5862162790676,20.4137837209324
1981,4.36192440577391,0.867351719172115,76.2862006877338,22.0814024396294,381.431003438669,181,24,0.463621003746726,80.0072730790178,19.9927269209821
1981,4.5455144368146,0.903807509834005,77.065662259329,22.1495297434311,385.328311296645,182,24,0.469223550188566,80.4136635420382,19.5863364579618
1981,4.73276716001276,0.941004673656366,77.8807088628688,22.2202555742548,389.403544314344,183,24,0.474388013311129,80.7979936164366,19.2020063835634
1981,4.92130277338122,0.978481075935207,78.732159399588,22.2935915468667,393.66079699794,184,24,0.47876689862892,81.1549023394314,18.8450976605686
1981,5.10900983790893,1.01579759937973,79.6204261713589,22.3695117480065,398.102130856795,185,24,0.483132331631965,81.4807288555622,18.5192711444378
1981,5.29395789184231,1.05254050919126,80.5453446204779,22.4479397833981,402.72672310239,186,24,0.488537867120788,81.7731756246254,18.2268243753746
1981,5.47416281383071,1.0883205558022,81.506153234119,22.5287492055603,407.530766170595,187,24,0.494745011694067,82.0309570615641,17.9690429384359
1981,5.64775598782082,1.12276993850819,82.5017412189537,22.611786369138,412.508706094768,188,24,0.501594856233979,82.2534453282722,17.7465546717278
1981,5.81293354408042,1.15553772416624,83.5306556790076,22.6968724949533,417.653278395038,189,24,0.508815174151933,82.4404094347539,17.5595905652461
1981,5.96801348422465,1.18628645901809,84.5911372234231,22.7838080332869,422.955686117116,190,24,0.516502781424028,82.5921461965303,17.4078538034697
1981,6.11142573767898,1.21469350293829,85.6810705283495,22.8723699804061,428.405352641747,191,24,0.52498985806528,82.7104740972887,17.2895259027113
1981,6.2414380268921,1.24041715098452,86.7979596496134,22.9623113608038,433.989798248067,192,24,0.534196425461132,82.7931591069796,17.2068408930204
1981,6.35635532517031,1.26312382538825,87.9389780172445,23.0533666980767,439.694890086223,193,24,0.544025786658452,82.8398391091132,17.1601608908868
1981,6.45445811793455,1.2824749480907,89.1009792365956,23.1452541105771,445.504896182978,194,24,0.554396453322548,82.8498313630128,17.1501686369872
1981,6.53398712450659,1.29812554062571,90.2804891610951,23.2376758095704,451.402445805476,195,24,0.565186519669644,82.8220522812003,17.1779477187997
1981,6.2482063313954,1.24121080401354,91.4737060408282,23.3303191509343,457.368530204141,196,24,0.571292854855255,82.311420552552,17.688579447448
1981,6.28295075156989,1.2480025521276,92.6085014463347,23.4176483636801,463.042507231674,197,24,0.580780840600732,82.207099249321,17.792900750679
1981,6.29478787677519,1.25029133026504,93.7483035617872,23.5046152930791,468.741517808936,198,24,0.588697868306713,82.0572731514695,17.9427268485305
1981,6.27949121080598,1.24725934815464,94.8888421608362,23.5909038539996,474.444210804181,199,24,0.594212682584363,81.8786611812984,18.1213388187016
1981,6.23517179816852,1.23851931258006,96.0251679965874,23.6761577831745,480.125839982937,200,24,0.597638541713478,81.6943231327028,18.3056768672972
1981,6.16498652518929,1.22465052091734,97.1518914788999,23.7599998220013,485.759457394499,201,24,0.600595986830604,81.5058048515424,18.4941951484576
1981,6.07212527357083,1.20625990468462,98.2639304603077,23.8420872407763,491.319652301538,202,24,0.604011767973192,81.3162400292818,18.6837599707182
1981,5.95994068116478,1.18398911473466,99.3566556387039,23.9221206702585,496.783278193519,203,24,0.608815917267213,81.1292841432389,18.8707158567611
1981,5.83181466498303,1.15848673915883,100.425922489697,23.9998442747815,502.129612448487,204,24,0.616032906939058,80.9489381929117,19.0510618070883
1981,5.6908627811839,1.13039079257895,101.468058267123,24.0750427041409,507.340291335616,205,24,0.625130938251956,80.7794651942776,19.2205348057224
1981,5.53997293882189,1.10030150048544,102.480120013862,24.1475575790425,512.400600069308,206,24,0.635209181137976,80.6250878727856,19.3749121272144
1981,5.38196252451994,1.06877239646881,103.459922844682,24.2172871069123,517.299614223411,207,24,0.646693865912326,80.4898893605115,19.5101106394886
1981,5.21934840549324,1.03629867551035,104.405760422911,24.2841641839946,522.028802114553,208,24,0.660031860003913,80.377665234859,19.6223347651411
1981,5.05432437774299,1.003311243787,105.316340730415,24.3481505629035,526.581703652073,209,24,0.675769197403937,80.2917595575921,19.7082404424079
1981,4.88851176914933,0.970174487879335,106.190701617772,24.4092299347231,530.953508088861,210,24,0.692044008191882,80.234904595534,19.765095404466
1981,4.7231567151786,0.937193513556913,107.028577888003,24.467432624154,535.142889440014,211,24,0.705644407094335,80.210968281043,19.789031718957
1981,4.30705125414258,0.854539947844369,107.830596221231,24.5228477355595,539.152981106153,212,24,0.70871724002994,79.671118067796,20.328881932204
1982,2.52630923892802,0.50348019289977,54.5,19.9420239553624,272.5,141,24,0.297605349489539,87.8230651616946,12.1769348383054
1982,2.5464501893904,0.507506154365002,54.9457141925218,19.9913051766323,274.728570962609,142,24,0.299023989785631,87.5509696029777,12.4490303970223
1982,2.57008439056007,0.512241986516437,55.3951715167151,20.0407189236217,276.975857583576,143,24,0.299866724880966,87.2500226435436,12.7499773564564
1982,2.59638226083556,0.517486317787016,55.8491857369272,20.0903507721316,279.245928684636,144,24,0.301716517314488,86.9215616202805,13.0784383797195
1982,2.62436237438093,0.523017450348252,56.3080881027267,20.14023203467,281.540440513633,145,24,0.305700174578174,86.5663853901333,13.4336146098667
1982,2.65289981350244,0.528633074585592,56.7717882121279,20.1903478281219,283.858941060639,146,24,0.310867764748738,86.1865582157679,13.8134417842321
1982,2.6809425130651,0.534160107199987,57.240160662237,20.2406798099612,286.200803311185,147,24,0.315624116086349,85.7811071380253,14.2188928619747
1982,2.70771172489018,0.53948160493137,57.7131886677049,20.2912215847172,288.565943338524,148,24,0.318274504589573,85.3530388619919,14.6469611380081
1982,2.73265109589132,0.544526062158307,58.1910386340119,20.3419862688532,290.95519317006,149,24,0.317112606965654,84.9050898016953,15.0949101983046
1982,2.75582176162429,0.54926136886164,58.6741069553943,20.3930108619899,293.370534776971,150,24,0.314166118890818,84.4403709876248,15.5596290123752
1982,2.93893202461566,0.585856396427011,59.1623967074638,20.4442902828832,295.811983537319,151,24,0.314036225975762,84.3855342647235,15.6144657352765
1982,2.9597301071932,0.590083232686742,59.6873323838189,20.4990902397068,298.436661919094,152,24,0.313106355291924,83.8987927335298,16.1012072664702
1982,2.97907330184424,0.594009176293527,60.2166112869951,20.5540045635061,301.083056434975,153,24,0.312647494864089,83.4063253402882,16.5936746597118
1982,2.99710629997714,0.59767039507897,60.7498481105108,20.6089903883086,303.749240552554,154,24,0.312353503113618,82.9135279722365,17.0864720277635
1982,3.01399150251422,0.601091964629594,61.2867477098756,20.6640150898085,306.433738549378,155,24,0.312499834911106,82.423594406962,17.576405593038
1982,3.02996428239921,0.604288630501222,61.8269923247585,20.7190445319552,309.134961623792,156,24,0.314324516378027,81.9388611639517,18.0611388360483
1982,3.04519793950589,0.607266189751919,62.3700636592348,20.7740251626845,311.850318296174,157,24,0.318952555833156,81.4624386603622,18.5375613396378
1982,3.05979866817716,0.610017095770025,62.9152530718877,20.8288856303484,314.576265359439,158,24,0.327614270178828,80.9971098810681,19.0028901189319
1982,3.0738075937852,0.612520557863118,63.4616270943544,20.8835338869916,317.308135471772,159,24,0.34178756621078,80.5453390351573,19.4546609648427
1982,3.08656553484855,0.61474413311088,64.0079649014286,20.9378516093755,320.039824507143,160,24,0.357780110999317,80.1093262479933,19.8906737520067
1982,3.09735946403403,0.616647096591029,64.5536523002874,20.991783060435,322.768261501437,161,24,0.371206390049822,79.6908820665756,20.3091179334244
1982,3.1060903748591,0.618185944602588,65.0988095946923,21.0453457640156,325.494047973461,162,24,0.38287851547393,79.2915412179737,20.7084587820263
1982,3.11267915021451,0.619321165362933,65.6433748592182,21.0985390852013,328.216874296091,163,24,0.393765005702213,78.9129794499212,21.0870205500788
1982,3.11711033907648,0.620024685992512,66.1870766369762,21.15134211005,330.935383184881,164,24,0.405021329662882,78.5572552236839,21.4427447763161
1982,3.11894563704496,0.62028634045987,66.7294092843223,21.2037118462644,333.647046421612,165,24,0.412823435547148,78.2270414390152,21.7729585609848
1982,3.11797014197495,0.620117036260364,67.2705443064603,21.2556710966433,336.352721532301,166,24,0.414287141606213,77.9255499385574,22.0744500614426
1982,3.1146179481301,0.619544658702569,67.8111870588104,21.3072929743421,339.055935294052,167,24,0.412241384954891,77.6565240323193,22.3434759676807
1982,3.11534791034369,0.619795901375097,68.3515639175975,21.3586036144399,341.757819587988,168,24,0.409595663637918,77.4326592923701,22.5673407076299
1982,3.1264073824308,0.622055389560782,68.8926111230635,21.4096954279864,344.463055615318,169,24,0.409255266894622,77.2639650129073,22.7360349870927
1982,3.14854116823069,0.626436325062059,69.4359333139219,21.4607214169617,347.179666569609,170,24,0.412946839391818,77.1537749729253,22.8462250270747
1982,3.18294034982758,0.633196204390858,69.982938738228,21.5118129718482,349.91469369114,171,24,0.419666723206762,77.1084039653113,22.8915960346887
1982,3.23110593736332,0.642663136988389,70.535474568872,21.5631392894177,352.67737284436,172,24,0.427947322591445,77.134604966876,22.865395033124
1982,3.29450256144637,0.655157454277344,71.0959816695303,21.6149205526771,355.479908347651,173,24,0.436297334865753,77.2369740754255,22.7630259245745
1982,3.37420524668975,0.670925138094632,71.6674920500556,21.6674261959243,358.337460250278,174,24,0.443058621221031,77.415967488335,22.584032511665
1982,3.4706987227903,0.690093119208828,72.2535843007691,21.7209692835071,361.267921503846,175,24,0.446751456887834,77.6669961518021,22.3330038481979
1982,3.58401151071474,0.712649113252887,72.8582298375183,21.7758910291511,364.291149187591,176,24,0.44840905583274,77.9807168183379,22.0192831816621
1982,3.7135839998944,0.738442868074702,73.4851990587437,21.8325060395454,367.425995293718,177,24,0.450013255189716,78.3443276068356,21.6556723931644
1982,3.85828040018971,0.767203287226692,74.1377539865495,21.8910750030376,370.688769932747,178,24,0.453609426303587,78.7432430012627,21.2567569987373
1982,4.0165215742592,0.798564616470387,74.8185203191054,21.9517943432499,374.092601595527,179,24,0.461279268875743,79.1627154620335,20.8372845379665
1982,4.18613121595048,0.83209563818367,75.5293914922605,22.0147892187552,377.646957461302,180,24,0.472678403370868,79.5891190927286,20.4108809072714
1982,4.36448997634797,0.867327668021693,76.2718944600037,22.0801475074802,381.359472300018,181,24,0.485425594728209,80.0106795727529,19.9893204272471
1982,4.54906110810008,0.903778263867863,77.0475084504769,22.1479485206297,385.237542252384,182,24,0.498563179248653,80.4177766928567,19.5822233071433
1982,4.73729550759951,0.940969012417882,77.8573967599536,22.2182398460465,389.286983799768,183,24,0.510944931517793,80.8030149082943,19.1969850917057
1982,4.92670563150821,0.978437702478104,78.7024419849222,22.2910413007506,393.512209924611,184,24,0.521354743704385,81.1610063669959,18.8389936330041
1982,5.11490834303835,1.015745215502,79.583272300468,22.366348066389,397.91636150234,185,24,0.528595083164976,81.4880398688015,18.5119601311985
1982,5.29981942565833,1.05247803999969,80.5002786153099,22.4441330201771,402.50139307655,186,24,0.532890901818153,81.7817156693656,18.2182843306344
1982,5.47955638338244,1.08824729510074,81.4533898467444,22.5243287868161,407.266949233722,187,24,0.535039739418303,82.0406343233852,17.9593656766148
1982,5.65236606569748,1.12268551566175,82.4419987392384,22.6068232958361,412.209993696192,188,24,0.535910225648423,82.2640956802077,17.7359043197923
1982,5.81659384258622,1.15544207672042,83.4649735103118,22.6914628007726,417.324867551559,189,24,0.536360301028802,82.4518323027723,17.5481676972277
1982,5.97122457494596,1.18618664319713,84.5206796890816,22.7780557396203,422.603398445408,190,24,0.540772316535284,82.6054569417234,17.3945430582766
1982,6.11481233102606,1.21458330624601,85.6064031312499,22.8663280559423,428.03201565625,191,24,0.550576895250529,82.7243266886398,17.2756733113602
1982,6.24513718223933,1.24029613170305,86.7188542245387,22.9559677519725,433.594271122693,192,24,0.562123942213539,82.807587862766,17.192412137234
1982,6.35994156950472,1.2629916384094,87.8550292463552,23.0466955915122,439.275146231776,193,24,0.571533094317249,82.8549086913295,17.1450913086705
1982,6.45690313388679,1.28233195900449,89.0122488850531,23.1382671464614,445.061244425266,194,24,0.574671574899212,82.865543265432,17.134456734568
1982,6.5346610801978,1.29797351946664,90.1881957548868,23.2304745195622,450.940978774434,195,24,0.574108605578935,82.8382511529213,17.1617488470787
1982,6.24739663656407,1.24105942087647,91.3797662990459,23.3230561631303,456.89883149523,196,24,0.570491594793847,82.3266863894884,17.6733136105116
1982,6.28102435822866,1.24784799009109,92.5145635886476,23.4104476968982,462.572817943238,197,24,0.572407872416231,82.2223478544759,17.7776521455241
1982,6.29216096384364,1.25013926758038,93.6556588115709,23.4975741004451,468.278294057855,198,24,0.575331102543147,82.0723009663554,17.9276990336447
1982,6.27662310767201,1.24710975793276,94.7983493514,23.5840840176669,473.991746757,199,24,0.578949501026953,81.8934462314593,18.1065537685407
1982,6.23300670480799,1.23837359706219,95.9371583160928,23.6695799717918,479.685791580464,200,24,0.587003728183149,81.7088361468332,18.2911638531668
1982,6.16438182643842,1.22450927190816,97.0655799812383,23.7536012304286,485.327899906191,201,24,0.600937530917285,81.5201745154512,18.4798254845488
1982,6.07321004500799,1.20612285204956,98.1774341131863,23.8357256279359,490.887170565932,202,24,0.616944635668781,81.3307484361227,18.6692515638773
1982,5.96215448532797,1.18385586428809,99.2677943304919,23.9156352685706,496.338971652459,203,24,0.630843693193256,81.144252840854,18.855747159146
1982,5.83395652127808,1.15835736115229,100.33310343497,23.9931203053985,501.665517174848,204,24,0.638065779603749,80.9646024063491,19.0353975936509
1982,5.6918107674006,1.1302661996311,101.371266560517,24.0680811477104,506.856332802583,205,24,0.637738601398213,80.7958320909834,19.2041679090166
1982,5.53930643916072,1.10018316432261,102.381002455128,24.140477849349,511.905012275641,206,24,0.634099710013512,80.6419240084302,19.3580759915698
1982,5.37960839206541,1.06866165527487,103.360900413416,24.2102609492034,516.804502067079,207,24,0.630216291035542,80.5068469346573,19.4931530653426
1982,5.21554599303919,1.036196455297,104.309569511592,24.2773821761738,521.54784755796,208,24,0.629106097978729,80.3943482690019,19.6056517309981
1982,5.04957676287957,1.00321791776248,105.225581420803,24.3417902580618,526.127907104013,209,24,0.633759178878837,80.3077898379385,19.6922101620616
1982,4.88333090751984,0.970089852160762,106.107401606885,24.403426067562,530.537008034427,210,24,0.642934208666992,80.2499855484133,19.7500144515867
1982,4.71809332273571,0.937127273608863,106.954070174775,24.4622698713899,534.770350873876,211,24,0.65417926629787,80.2282070092997,19.7717929907003
1982,4.30291695184392,0.854479784525123,107.765374903447,24.5183520483502,538.826874517237,212,24,0.662624659575518,79.684700586173,20.315299413827
1983,2.52364632530425,0.50348019289977,54.5,19.9420239553624,272.5,141,24,0.275071597922984,87.8230651616945,12.1769348383054
1983,2.54348377241116,0.507505284227329,54.9496883601104,19.9917433324849,274.748441800552,142,24,0.274154918841528,87.5501988360883,12.4498011639117
1983,2.56701919158088,0.512239568176283,55.40352620299,20.0416347955915,277.01763101495,143,24,0.274438485921585,87.2483704155681,12.7516295844319
1983,2.59339653824517,0.517481722792619,55.8620130046857,20.0917489297615,279.310065023429,144,24,0.277116541837759,86.9189725111419,13.0810274888581
1983,2.62151062189138,0.523010216998547,56.3252381786564,20.1420906936103,281.626190893282,145,24,0.282225094875357,86.5628507333691,13.4371492666309
1983,2.65021447458081,0.528622928680286,56.7930628944293,20.1926402981352,283.965314472147,146,24,0.288724237235718,86.1820813648709,13.8179186351291
1983,2.67858034163849,0.534146982875964,57.2653269059052,20.2433760725081,286.326634529526,147,24,0.296159540732213,85.7757018496646,14.2242981503354
1983,2.70595989168688,0.539465782660832,57.7417752980467,20.2942667242643,288.708876490233,148,24,0.304037694109229,85.3467766653106,14.6532233346894
1983,2.73192614137132,0.544508310388278,58.2221221484108,20.3452783656608,291.110610742054,149,24,0.311778106345231,84.8981526717814,15.1018473282186
1983,2.75611075262117,0.549243014467794,58.7061122527869,20.3963810975149,293.530561263934,150,24,0.317563985621987,84.4331040867555,15.5668959132445
1983,2.93985553202652,0.585836562404199,59.1937800942654,20.4475760129592,295.968900471327,151,24,0.322442327425399,84.3784632859997,15.6215367140003
1983,2.96098992779309,0.59006516864378,59.7172191134018,20.5022001016181,298.586095567009,152,24,0.324086266939485,83.8919631242986,16.1080368757014
1983,2.98055057383463,0.593993503896307,60.2445538606328,20.55689432756,301.222769303164,153,24,0.325199174623967,83.399862172573,16.600137827427
1983,2.99885751637338,0.597657472356799,60.7755756680366,20.6116348181802,303.877878340183,154,24,0.326916866087101,82.9075176705854,17.0924823294146
1983,3.01610856553089,0.601082004250868,61.309912708641,20.6663816049086,306.549563543205,155,24,0.32982868017395,82.4181406157401,17.5818593842599
1983,3.03233248351662,0.604281676910024,61.8471148453114,20.7210877315432,309.235574226557,156,24,0.333580802578689,81.9340969402838,18.0659030597162
1983,3.04750860980187,0.607261986013115,62.3868084522858,20.7757150964466,311.934042261429,157,24,0.337787680436298,81.4584599568035,18.5415400431966
1983,3.06154784270467,0.610015097131535,62.9286928780565,20.830233838118,314.643464390283,158,24,0.342043536952443,80.9939111835375,19.0060888164625
1983,3.0742952523553,0.612520109682749,63.4725308016009,20.8846211310164,317.362654008005,159,24,0.345928653995097,80.5427441350113,19.4572558649887
1983,3.08561334282423,0.614744834494433,64.0181378546782,20.9388599497453,320.090689273391,160,24,0.349638858339007,80.1069090462,19.8930909538
1983,3.09535325882737,0.616649167138651,64.5652629993064,20.9929271123143,322.826314996532,161,24,0.353617893176142,79.6881308547824,20.3118691452176
1983,3.10328220877703,0.618190122005533,65.1135366730341,21.0467883823263,325.56768336517,162,24,0.357725985564539,79.2880641662075,20.7119358337925
1983,3.10918058720436,0.619328483476655,65.6625707058109,21.1004085210315,328.312853529054,163,24,0.361769363385078,78.9084657841644,21.0915342158356
1983,3.11288766914253,0.620036316649852,66.2119717574106,21.1537526154267,331.059858787053,164,24,0.365566938621666,78.5514255045753,21.4485744954247
1983,3.11434076749947,0.620303512715486,66.7613505570344,21.2067869548772,333.806752785172,165,24,0.369006345166329,78.2195894883441,21.7804105116559
1983,3.11362874854194,0.62014046721996,67.3103277667976,21.2594795532428,336.551638833988,166,24,0.372405250746173,77.9162954599027,22.0837045400973
1983,3.1109277314357,0.619573900110803,67.858478285912,21.3117947936055,339.29239142956,167,24,0.376140787077076,77.6455428856975,22.3544571143025
1983,3.11243812746405,0.619829917832906,68.4053368092516,21.3636940485866,342.026684046258,168,24,0.380620337300372,77.4201941636559,22.5798058363441
1983,3.12415155287635,0.622093180317936,68.951596636346,21.4152485821371,344.75798318173,169,24,0.386252484298145,77.2503293923473,22.7496706076527
1983,3.14666038180093,0.626476955051565,69.4990676620796,21.4666325977171,347.495338310398,170,24,0.393269745635079,77.1392391887139,22.8607608112861
1983,3.18119172315462,0.633239037150742,70.0496317292628,21.518023190862,350.248158646314,171,24,0.401034656427481,77.0931352180876,22.9068647819124
1983,3.22929519956966,0.642707825088923,70.6055435684139,21.5696281147909,353.02771784207,172,24,0.408562163011899,77.1186848261202,22.8813151738799
1983,3.29247402997383,0.655203894072611,71.1695648109981,21.6216972236127,355.847824054991,173,24,0.414781138534079,77.2204200920241,22.7795799079759
1983,3.37184476055388,0.6709734211653,71.7449719134838,21.6745219160176,358.724859567419,174,24,0.418552679826255,77.398751665982,22.601248334018
1983,3.46806273984076,0.690143470876634,72.3354923665531,21.7284279475225,361.677461832766,175,24,0.420137696782471,77.6490668828875,22.3509331171125
1983,3.5812054733037,0.712701703336341,72.9449324803554,21.7837404153133,364.724662401777,176,24,0.420951225502567,77.9620665247286,22.0379334752714
1983,3.71056658107449,0.738497784495022,73.5768309806365,21.8407521271242,367.884154903183,177,24,0.421524402125378,78.325001903078,21.674998096922
1983,3.85484058856546,0.767260705927311,74.2344790046773,21.8997257814931,371.172395023387,178,24,0.42239165238609,78.7232802574435,21.2767197425565
1983,4.01225813830177,0.798624967190882,74.9207996163841,21.9608835906186,374.603998081921,179,24,0.424097423717238,79.1420909402573,20.8579090597427
1983,4.18098454841072,0.832159769653747,75.6382530180571,22.0243996087154,378.191265090285,180,24,0.429114366524243,79.5676961639179,20.4323038360822
1983,4.3587771143206,0.867396571912032,76.3884378383008,22.0903658388672,381.942189191504,181,24,0.43801273562209,79.9883150171176,20.0116849828824
1983,4.54290152558975,0.903852790920579,77.1723900058475,22.1588206375729,385.861950029237,182,24,0.44827045568705,80.3944178350786,19.6055821649214
1983,4.73058410371105,0.941050042811753,77.9911028900349,22.2297953108147,389.955514450174,183,24,0.457150145200399,80.7786406106784,19.2213593893216
1983,4.91907090919919,0.978526311417331,78.8455624755748,22.3033172476088,394.227812377874,184,24,0.461714880429167,81.1355748101261,18.8644251898739
1983,5.10603307571508,1.01584285697449,79.7367912037381,22.3794136699399,398.683956018691,185,24,0.461507538103055,81.4614396394129,18.5385603605871
1983,5.28980461217555,1.05258647141953,80.6654370090571,22.4580768445193,403.327185045285,186,24,0.459711179771872,81.753795100256,18.246204899744
1983,5.46876335966686,1.08836823315758,81.6311778456039,22.5392155794341,408.155889228019,187,24,0.458579728325742,82.0112882516707,17.9887117483293
1983,5.64144322018092,1.12282040313438,82.632916282119,22.6226748832228,413.164581410595,188,24,0.460356689213495,82.2332984908112,17.7667015091888
1983,5.80650467343863,1.15559180335074,83.6688127982538,22.7082416790402,418.344063991269,189,24,0.4673529130777,82.4196637320967,17.5803362679033
1983,5.9625265626494,1.18635117662481,84.7362976349397,22.7956487001558,423.681488174698,190,24,0.480827745199907,82.572128641953,17.427871358047
1983,6.10749025047077,1.21476194450789,85.8322647768583,22.8845930626106,429.161323884292,191,24,0.498864963784139,82.6900862052888,17.3099137947112
1983,6.23922780199474,1.24048781859751,86.9535875795107,22.9747796973403,434.767937897554,192,24,0.518738920653414,82.772632706993,17.227367293007
1983,6.35554013843672,1.26319474176041,88.0972507956689,23.0659320029744,440.486253978344,193,24,0.53733325625672,82.8194161956925,17.1805838043075
1983,6.4541654051541,1.28254409965288,89.2604224878679,23.157797099552,446.30211243934,194,24,0.551074129384395,82.8296925122895,17.1703074877105
1983,6.53300455942561,1.29819147252173,90.4405329675688,23.2501512419863,452.202664837844,195,24,0.557518666496502,82.8022378842126,17.1977621157874
1983,6.24582675126873,1.24127674561115,91.6350811598687,23.342783804906,458.175405799343,196,24,0.553790700475269,82.2897495998448,17.7102504001552
1983,6.27872416460553,1.24806581699017,92.7728949037282,23.4302374595348,463.864474518641,197,24,0.55091130872301,82.1852355205024,17.8147644794976
1983,6.28883633947167,1.25035531968523,93.9178189259128,23.5174862663556,469.589094629564,198,24,0.547114900759289,82.0347977431711,17.9652022568289
1983,6.27240028152045,1.24732189490054,95.0654764969631,23.6042025513332,475.327382484815,199,24,0.544752983195139,81.8553188441717,18.1446811558283
1983,6.22801732636507,1.23858018643737,96.210268002901,23.689978390497,481.051340014505,200,24,0.547218678667908,81.6699130633518,18.3300869366482
1983,6.15867355258279,1.22470879298016,97.3456355868049,23.7743483765654,486.728177934024,201,24,0.555134917414636,81.4802930659647,18.5197069340353
1983,6.06708308085125,1.20631411344836,98.4654942437074,23.8568966763099,492.327471218537,202,24,0.566591734104942,81.2897371907906,18.7102628092094
1983,5.95614939548317,1.18403776889865,99.5646840581813,23.9372875003571,497.823420290907,203,24,0.579659525732052,81.1019794913978,18.8980205086022
1983,5.82882513742752,1.15852870333737,100.639012027657,24.0152644715503,503.195060138284,204,24,0.592212738573734,80.9210320815702,19.0789679184298
1983,5.68813495233405,1.13042556692368,101.685301094831,24.090650639783,508.426505474154,205,24,0.602713948618712,80.7510925013378,19.2489074986622
1983,5.53716882737317,1.10032916223527,102.701286918353,24.1633378129237,513.506434591763,206,24,0.611464314771598,80.5962920101141,19.4037079898859
1983,5.37879898708989,1.06879334706341,103.685263212663,24.2332587296776,518.426316063313,207,24,0.618984798743855,80.4606507796463,19.5393492203537
1983,5.21559596120977,1.03631351569035,104.635994233779,24.3003793129168,523.179971168894,208,24,0.625826347841588,80.3479025639587,19.6520974360413
1983,5.04979840986034,1.00332066796035,105.55264843924,24.3646928242825,527.7632421962,209,24,0.63256774139199,80.2613312913062,19.7386687086938
1983,4.88326114109375,0.970179206056966,106.434726540546,24.4262139493699,532.17363270273,210,24,0.639416096913768,80.2036094309795,19.7963905690205
1983,4.71751616101014,0.937204352905949,107.282059056039,24.4849779848047,536.410295280195,211,24,0.645820168388188,80.1819073029703,19.8180926970296
1983,4.30162514284891,0.854553829740798,108.094893407849,24.5410462902374,540.474467039246,212,24,0.645260496772202,79.637298883115,20.362701116885
1984,2.52575362837628,0.50348019289977,54.5,19.9420239553624,272.5,141,24,0.292756153311653,87.8230651616946,12.1769348383054
1984,2.54590926207505,0.507505966361575,54.9465729096471,19.9913998529035,274.732864548235,142,24,0.294328498153761,87.5508030588916,12.4491969411084
1984,2.56973662722585,0.512241497478498,55.3968611440881,20.0409041546621,276.98430572044,143,24,0.296879568822559,87.2496884981648,12.7503115018352
1984,2.5962110246097,0.517485523498167,55.8514032374848,20.0905924931763,279.257016187424,144,24,0.300277663146024,86.9211140230331,13.0788859769669
1984,2.62420357305522,0.523016408224315,56.3105591195454,20.1404998582484,281.552795597727,145,24,0.304377289673257,86.5658760975434,13.4341239024566
1984,2.65274339381223,0.528631785183345,56.7744920371569,20.1906392141093,283.872460185785,146,24,0.309569388839777,86.1859892296305,13.8140107703695
1984,2.68094208577909,0.534158578044503,57.2430928688141,20.2409940034073,286.215464344071,147,24,0.315700567829304,85.780477324638,14.219522675362
1984,2.70809657207425,0.539479990444247,57.7161054875215,20.2915323418722,288.580527437607,148,24,0.321757232627884,85.3523998723853,14.6476001276147
1984,2.73372381629401,0.544524750077383,58.1933358663038,20.3422296137516,290.966679331519,149,24,0.326619301799642,84.904577083202,15.095422916798
1984,2.75753553039247,0.549261018733934,58.6747173834826,20.3930751535341,293.373586917413,150,24,0.329121414822112,84.4402323789832,15.5597676210168
1984,2.94100155412028,0.585857684638596,59.1603588275397,20.4440768820338,295.801794137698,151,24,0.330929181186237,84.385993451966,15.614006548034
1984,2.96182289355212,0.590086257255863,59.6823298277287,20.498569592995,298.411649138643,152,24,0.329933532482807,83.8999359933695,16.1000640066305
1984,2.98112463624984,0.594013636800207,60.2086618757596,20.5531822808276,301.043309378798,153,24,0.328921979899284,83.408164220724,16.591835779276
1984,2.99922079016028,0.597675819779039,60.7390541073732,20.6078806846621,303.695270536866,154,24,0.328975972104449,82.9160498479237,17.0839501520763
1984,3.01637486091125,0.601097857671281,61.2730521652037,20.6626156722218,306.365260826019,155,24,0.331199693261483,82.4268191326304,17.5731808673696
1984,3.03276752752592,0.604294496734184,61.8100335519767,20.7173222129146,309.050167759883,156,24,0.336481128642493,81.9428768083468,18.0571231916532
1984,3.0483471943914,0.607271426905611,62.3492343060007,20.7719225617092,311.746171530003,157,24,0.34423879892993,81.4673885209504,18.5326114790496
1984,3.06293170208002,0.610020862382636,62.8899964402754,20.8263514802035,314.449982201377,158,24,0.353369939092228,81.0031218453089,18.9968781546911
1984,3.07626981605709,0.612521795982624,63.4318460867366,20.8805636625195,317.159230433683,159,24,0.362675471437516,80.5524275238741,19.4475724761259
1984,3.08804826966256,0.614741843460652,63.9744989430705,20.9345336843337,319.872494715352,160,24,0.370809563174958,80.1172795209561,19.8827204790439
1984,3.09801638041214,0.616640738114805,64.5178772163841,20.9882570862833,322.589386081921,161,24,0.377265277204252,79.6993608562875,20.3006391437125
1984,3.10598628482251,0.618175515136313,65.0619543596379,21.0417345438598,325.30977179819,162,24,0.38223042348799,79.3002447056972,20.6997552943028
1984,3.11170582696583,0.619307183884061,65.6066286855913,21.0949594035475,328.033143427956,163,24,0.385138255084557,78.9216220911215,21.0783779088785
1984,3.11498695309238,0.620008262818655,66.1518614201119,21.147931267294,330.75930710056,164,24,0.3854901607243,78.5655039783978,21.4344960216022
1984,3.11573072350628,0.620269308089543,66.697675894949,21.2006557352924,333.488379474745,165,24,0.382809638063612,78.2344472016608,21.7655527983392
1984,3.11429114136511,0.620101528022461,67.2441709481437,21.2531455190329,336.220854740719,166,24,0.379858055138555,77.9316869720515,22.0683130279485
1984,3.1110860674414,0.619532173752487,67.790963937695,21.3053671959302,338.954819688475,167,24,0.379180402876322,77.6612214983095,22.3387785016905
1984,3.11217173826381,0.619786858331117,68.3372467923731,21.3572478070789,341.686233961865,168,24,0.379861349335343,77.435979299744,22.5640207002559
1984,3.1233885612008,0.622049628493568,68.8836057556442,21.4088473317717,344.418028778221,169,24,0.380955221832783,77.2660474844015,22.7339525155985
1984,3.14520589685299,0.626433787140459,69.4319842759052,21.4603515495893,347.159921379526,170,24,0.381578206798289,77.1546844819925,22.8453155180075
1984,3.17912117412271,0.633197267708433,69.9845964110543,21.5119673785447,349.922982055271,171,24,0.383585598915596,77.1080243391513,22.8919756608487
1984,3.22698621033401,0.642668303936142,70.543584614565,21.563890559953,352.717923072825,172,24,0.38879794916294,77.1327617917429,22.8672382082571
1984,3.29028457728804,0.655166986038609,71.1110975587587,21.6163130557879,355.555487793793,173,24,0.396058502630396,77.2335726004207,22.7664273995793
1984,3.37012331056651,0.670939037884787,71.6898119426365,21.6694708326184,358.449059713182,174,24,0.404167135634277,77.4110069599569,22.588993040043
1984,3.46700331032741,0.690111110815129,72.2828658477217,21.7236363789532,361.414329238608,175,24,0.41184905505971,77.6605852954085,22.3394147045915
1984,3.58091986119118,0.712670652942351,72.8937524332125,21.7791077568354,364.468762166062,176,24,0.419578476884365,77.9730743170224,22.0269256829776
1984,3.71117330947661,0.738467238584352,73.5258689988039,21.8361668695609,367.629344994019,177,24,0.42779759438057,78.3357486774592,21.6642513225408
1984,3.85621458004574,0.76722978165075,74.1823843931538,21.8950675816913,370.911921965769,178,24,0.434870169300725,78.7340304714997,21.2659695285003
1984,4.01398538503914,0.79859292394346,74.866484808156,21.9560578778654,374.33242404078,179,24,0.439036811169093,79.1530420502436,20.8469579497564
1984,4.18206404735812,0.832126227820446,75.5812965546894,22.0193726460304,377.906482773447,180,24,0.438539020569146,79.5789032209653,20.4210967790347
1984,4.35804368341072,0.867361930652268,76.3298131936543,22.0852270858083,381.649065968272,181,24,0.433561479785424,79.9995635414719,20.0004364585281
1984,4.53990376580832,0.903818277222463,77.1145098445988,22.1537831495333,385.572549222994,182,24,0.427638070509347,80.4052426815598,19.5947573184402
1984,4.72565401581304,0.94101714075853,77.9367506076691,22.2250996172298,389.683753038346,183,24,0.42372144190578,80.7885473585887,19.2114526414113
1984,4.91346642737904,0.97849623538127,78.7969108600922,22.2991459714624,393.984554300461,184,24,0.424743898623207,81.1442183815451,18.8557816184549
1984,5.10169165636394,1.01581595509698,79.6944137800143,22.375808788284,398.472068900072,185,24,0.433733296328186,81.4687809676392,18.5312190323608
1984,5.28837276477281,1.05256178291892,80.6277469711199,22.4548965419908,403.1387348556,186,24,0.451117064579432,81.760165389626,18.239834610374
1984,5.47101026012017,1.08834363322649,81.5949210347943,22.536181509218,407.974605173971,187,24,0.473523846859307,82.01727154318,17.98272845682
1984,5.64730177269833,1.12279306894712,82.5941208169065,22.6194558240016,412.970604084532,188,24,0.498260159507963,82.2395551916324,17.7604448083676
1984,5.814970334396,1.15555869414507,83.6236092462505,22.7045232430714,418.118046231252,189,24,0.522097805372463,82.4267957749991,17.5732042250009
1984,5.97177544227081,1.1863097376828,84.6818393475063,22.7912082213476,423.409196737532,190,24,0.541134761524506,82.5805443385923,17.4194556614077
1984,6.11518864788329,1.21471093652205,85.7675962861583,22.8793668693129,428.837981430791,191,24,0.549615480526054,82.6998876317968,17.3001123682032
1984,6.24351969925498,1.24042813704907,86.8803104658258,22.9689109441169,434.401552329129,192,24,0.547757402649467,82.7835422022614,17.2164577977386
1984,6.35576689015278,1.2631293227951,88.0190305394959,23.0597240507009,440.095152697479,193,24,0.54047785015098,82.8308750660626,17.1691249339374
1984,6.45098174579832,1.28247691209801,89.1816211377892,23.151599954206,445.908105688946,194,24,0.532789074381424,82.841073295436,17.158926704564
1984,6.5282302908208,1.29812618841439,90.3647545550292,23.2442462259232,451.823772775146,195,24,0.529448277059569,82.8130501889453,17.1869498110547
1984,6.24183588201,1.24121635956006,91.5639646978956,23.3372926388967,457.819823489478,196,24,0.529505246163904,82.3000353796749,17.6999646203251
1984,6.27682743613325,1.2480094162562,92.7058400872396,23.425104343984,463.529200436198,197,24,0.540099440043485,82.1948660657972,17.8051339342028
1984,6.2898460432708,1.25030166501235,93.8525498700814,23.5125324317974,469.262749350407,198,24,0.55520430656891,82.0441321273029,17.9558678726971
1984,6.27636774524233,1.24726907339867,94.9987943244964,23.5991841141578,474.993971622482,199,24,0.572660625653116,81.8648337188792,18.1351662811208
1984,6.23406034567519,1.23852626192038,96.1388008550432,23.6846444495171,480.694004275216,200,24,0.590014235785581,81.6800954641475,18.3199045358526
1984,6.16544186037424,1.22465278222547,97.2668214072135,23.7685138566139,486.334107036068,201,24,0.604414017562622,81.4915133744731,18.5084866255269
1984,6.07353121974579,1.20625628321699,98.3781819623367,23.8504842036076,491.890909811684,202,24,0.615290179128671,81.3021642694775,18.6978357305226
1984,5.96169966106708,1.18397924083589,99.4689264644047,23.9303088006125,497.344632322023,203,24,0.62337939343352,81.1156101907766,18.8843898092234
1984,5.83335772424861,1.15847093668601,100.535626007299,24.0077858005859,502.678130036497,204,24,0.629558709030162,80.9357529428969,19.0642470571032
1984,5.69185627045348,1.13036990888906,101.575358643,24.082754668999,507.876793214999,205,24,0.634774180152297,80.7667510328754,19.2332489671246
1984,5.5398166581575,1.10027659411762,102.585683662832,24.1550924913605,512.928418314158,206,24,0.635462999299346,80.6127574794276,19.3872425205724
1984,5.38007229967149,1.06874479962122,103.565397482433,24.2247659291767,517.826987412164,207,24,0.631619991244948,80.4777171134381,19.5222828865619
1984,5.21583717576048,1.03626982484938,104.513864479539,24.2917809411358,522.569322397694,208,24,0.629392688052861,80.3652747516174,19.6347252483826
1984,5.04991480552786,1.00328218853797,105.429862548719,24.3561006621192,527.149312743593,209,24,0.634888392873956,80.2787673359186,19.7212326640814
1984,4.88468093716979,0.970145653406642,106.311509115083,24.4176414731869,531.557545575414,210,24,0.65458333551237,80.2210619638814,19.7789380361186
1984,4.72106519731101,0.937174826768849,107.15610186883,24.4762631450968,535.780509344149,211,24,0.684240502361376,80.1996825215451,19.8003174784549
1984,4.30681679424983,0.854524022704216,107.961972285305,24.5318977005149,539.809861426523,212,24,0.707492875812597,79.656414199479,20.343585800521
1985,2.52958825202025,0.50348019289977,54.5,19.9420239553624,272.5,141,24,0.327904342119798,87.8230651616945,12.1769348383054
1985,2.54899461583128,0.507507337346787,54.9403101966142,19.990709345374,274.701550983071,142,24,0.322115152933782,87.5520176929441,12.4479823070559
1985,2.57165540407146,0.512244739629896,55.3856581899214,20.039675919909,276.928290949607,143,24,0.313706844534233,87.2519040595476,12.7480959404524
1985,2.59662070755284,0.517490603824677,55.83721861907,20.0890461680456,279.18609309535,144,24,0.303554378209605,86.9239772103039,13.0760227896961
1985,2.62335423585937,0.523022631880473,56.2958011415526,20.138900178699,281.479005707763,145,24,0.296782283564493,86.5689178738029,13.4310821261971
1985,2.65120866115696,0.528638179427293,56.7610832437177,20.1891940794424,283.805416218588,146,24,0.296152358829802,86.1888109931568,13.8111890068432
1985,2.67905994860428,0.534164331410975,57.232060582906,20.2398118074108,286.16030291453,147,24,0.299281319782644,85.7828470006513,14.2171529993487
1985,2.70605352820832,0.539484487649815,57.7079806649897,20.2906666983646,288.539903324949,148,24,0.303896385633855,85.3541797995276,14.6458202004724
1985,2.73155119450265,0.544527583746761,58.1883746360169,20.3417040642259,290.941873180084,149,24,0.307643594575733,84.9056843842483,15.0943156157516
1985,2.75548893247118,0.549261936802735,58.673116790402,20.3929065747811,293.36558395201,150,24,0.311316659087864,84.4405958230889,15.5594041769111
1985,2.93949257809675,0.585856704168172,59.1619098727859,20.4442393034396,295.809549363929,151,24,0.318526765223603,84.3856439608436,15.6143560391564
1985,2.96122314396577,0.590084002220046,59.6860595541319,20.498957771395,298.430297770659,152,24,0.325087887122499,83.8990836172931,16.1009163827069
1985,2.98143660589379,0.594011067432844,60.2132407641547,20.5536559277367,301.066203820774,153,24,0.331630856371228,83.4071050101784,16.5928949898216
1985,3.00019049824346,0.59767375931019,60.7431535923888,20.6083021583388,303.715767961944,154,24,0.337123478463066,82.9150920400622,17.0849079599377
1985,3.01761031512994,0.60109671117247,61.2757160699748,20.6628878884172,306.378580349874,155,24,0.341550633655536,82.4261918745016,17.5738081254984
1985,3.03382810030068,0.604294205766642,61.8108743455374,20.7174076109775,309.054371727687,156,24,0.345404495914257,81.9426777078259,18.0573222921741
1985,3.04882692709596,0.607271611056758,62.3485025360555,20.7718486849262,311.742512680277,157,24,0.348299926371659,81.4675624305398,18.5324375694602
1985,3.06252474755037,0.610021078757724,62.8885483955691,20.8262061676486,314.442741977846,158,24,0.349862232181673,81.0034665640358,18.9965334359642
1985,3.07477064282398,0.612521830694405,63.4310182011544,20.8804810790315,317.155091005772,159,24,0.349693682270767,80.5526246007125,19.4473753992875
1985,3.08548348463704,0.61474194337192,63.9759675858353,20.9346793157772,319.879837929177,160,24,0.348481340260499,80.11693044891,19.88306955109
1985,3.09465781135395,0.616641699601218,64.523298537175,20.9887914965034,322.616492685875,161,24,0.347865734537677,79.6980758229828,20.3019241770172
1985,3.10218663677336,0.61817851949499,65.0725838383689,21.042776208053,325.362919191845,162,24,0.348726262902159,79.2977342259281,20.7022657740719
1985,3.10798252834961,0.619313484226905,65.6231989916189,21.0965737968249,328.115994958094,163,24,0.35196872929828,78.9177244184376,21.0822755815624
1985,3.11201465774197,0.620018733218387,66.1743208493322,21.1501067679541,330.871604246661,164,24,0.358581577287457,78.5602427981444,21.4397572018556
1985,3.11404197618735,0.620283930502231,66.7249224090959,21.2032797954355,333.624612045479,165,24,0.367076082134038,78.228088421238,21.7719115787621
1985,3.11392174929264,0.620119202880675,67.2742262057331,21.256023629467,336.371131028666,166,24,0.375836289146288,77.9246932958993,22.0753067041007
1985,3.1118639376038,0.619551184137278,67.821749419287,21.3082986325523,339.108747096435,167,24,0.385588145564136,77.6540709687767,22.3459290312233
1985,3.11410545504175,0.619805598314997,68.3669060320223,21.360056266853,341.834530160112,168,24,0.397158728910717,77.4291021342692,22.5708978657308
1985,3.12668396647437,0.622066643169941,68.9101919946019,21.4113509146488,344.55095997301,169,24,0.411499287082158,77.2599000169055,22.7400999830945
1985,3.14983519673207,0.626447375508313,69.4531205328402,21.4623310031999,347.265602664201,170,24,0.425364711062842,77.149816968412,22.850183031588
1985,3.1845287455344,0.633205804382637,69.9979010203893,21.5132065662202,349.989505101947,171,24,0.435214928155748,77.1049776469089,22.8950223530911
1985,3.23248382726115,0.642670891191945,70.5476447370186,21.5642666450089,352.738223685093,172,24,0.441488423221054,77.1318390962345,22.8681609037655
1985,3.29537427532971,0.65516359399016,71.1057190668415,21.6158176030105,355.528595334208,173,24,0.444761786125179,77.2347828526274,22.7652171473726
1985,3.37449381034059,0.670930255471378,71.675710792808,21.6681791339156,358.37855396404,174,24,0.44569065121527,77.4141407934955,22.5858592065045
1985,3.47052579689224,0.690097880104696,72.2613342562096,21.7216752577206,361.306671281048,175,24,0.444896178846182,77.6652992509208,22.3347007490792
1985,3.58347798686414,0.712654015702249,72.866316171051,21.7766233783876,364.331580855255,176,24,0.443250180901629,77.9789769193946,22.0210230806054
1985,3.71268868733622,0.738448267391704,73.4942103620794,21.8333172972325,367.471051810397,177,24,0.441765074677618,78.3424265666238,21.6575734333762
1985,3.85690506438658,0.767209509713678,74.1482357467142,21.8920128382742,370.741178733571,178,24,0.441445797061104,78.741079157148,21.258920842852
1985,4.01442161578708,0.798572076834564,74.8311595960493,21.9529180257959,374.155797980246,179,24,0.443320020161275,79.1601661469386,20.8398338530614
1985,4.18322251200141,0.832104958471803,75.5452024481894,22.016185622661,377.726012240947,180,24,0.448408720315008,79.586006927215,20.413993072785
1985,4.36099650019663,0.867339552692755,76.2919773769866,22.0819091202256,381.459886884933,181,24,0.456801357867971,80.0068248339738,19.9931751660262
1985,4.54527018084794,0.903793266509174,77.0726172065549,22.1501354605339,385.363086032775,182,24,0.467923493017236,80.4130791607073,19.5869208392927
1985,4.73358066830603,0.940987510361963,77.887874856271,22.2208751118891,389.439374281355,183,24,0.481223293442492,80.7974577037392,19.2025422962608
1985,4.92352951571429,0.97845982981038,78.7381209148157,22.2941030627636,393.690604574079,184,24,0.496098962605043,81.1546652109427,18.8453347890573
1985,5.11242394271633,1.01577076573363,79.623366513575,22.3697620765414,398.116832567875,185,24,0.508940074238681,81.4810913800473,18.5189086199528
1985,5.29791688538675,1.05250667908413,80.5438061784787,22.4478098543899,402.719030892393,186,24,0.517909660681028,81.7743557199664,18.2256442800337
1985,5.47830535698075,1.08827875794814,81.4995322634956,22.528194622373,407.497661317478,187,24,0.525061608592947,82.0330163742976,17.9669836257024
1985,5.65203506372118,1.12271943672206,82.4898855807437,22.6108016678481,412.449427903718,188,24,0.532604897986052,82.2563692971392,17.7436307028608
1985,5.81767849075225,1.15547778649256,83.5134541197533,22.6954560321558,417.567270598767,189,24,0.542903410559266,82.4441796446966,17.5558203553034
1985,5.97364294472259,1.18622291020607,84.5680674258539,22.7819249368029,422.840337129269,190,24,0.556411620930444,82.5981303690008,17.4018696309992
1985,6.11786744562658,1.21461880244829,85.6511454537266,22.8699489488409,428.255727268633,191,24,0.570573456035689,82.7175420109518,17.2824579890482
1985,6.24832186140107,1.24033000778018,86.7602070239674,22.9592844115136,433.801035119837,192,24,0.583055828696289,82.8014281383957,17.1985718616044
1985,6.36296750575332,1.26302343750505,87.8928313894456,23.0497001413354,439.464156947228,193,24,0.591373461169552,82.849367970047,17.150632029953
1985,6.45972165669722,1.28236149217809,89.046686958353,23.1409795070066,445.233434791765,194,24,0.59294676337905,82.8605668910571,17.1394331089429
1985,6.53720938712066,1.29800068123373,90.2195413454274,23.2329208679447,451.097706727137,195,24,0.59037479495555,82.8337761486203,17.1662238513798
1985,6.24939172905611,1.24108383968186,91.4083671973995,23.3252680035291,457.041835986997,196,24,0.583594323904546,82.3225472938346,17.6774527061654
1985,6.28249288901924,1.24787029956587,92.5409418743321,23.4124701995266,462.70470937166,197,24,0.581877607870504,82.2185570299847,17.7814429700153
1985,6.29307447075841,1.25015974878897,93.6804357932607,23.4994576776669,468.402178966304,198,24,0.581033535733169,82.0687552871509,17.9312447128491
1985,6.27702809645733,1.24712873098764,94.822167487909,23.5858794707302,474.110837439545,199,24,0.581209594738038,81.8900454449604,18.1099545550396
1985,6.23287235721357,1.23839138765245,95.9606043508366,23.671332730694,479.803021754183,200,24,0.585540913710213,81.7054934573682,18.2945065426318
1985,6.1637586738578,1.22452621757549,97.0892905819713,23.7553593801611,485.446452909857,201,24,0.59590090584342,81.5167967459841,18.483203254016
1985,6.07243161487536,1.20613923288031,98.2020262018264,23.8375347183384,491.010131009132,202,24,0.610546718699143,81.3272459155079,18.6727540844921
1985,5.96181604625585,1.18387167146903,99.2935089941374,23.9175124284196,496.467544970687,203,24,0.627666938364506,81.1405899584202,18.8594100415798
1985,5.83488324840646,1.1583721308372,100.359384303264,23.9950245758,501.796921516322,204,24,0.645229513429673,80.9608577224466,19.0391422775534
1985,5.69438831977769,1.13027894683058,101.396298458153,24.0698819625474,506.981492290763,205,24,0.659334301714499,80.7922643692031,19.2077356307969
1985,5.54330156034469,1.10019287476204,102.402229152621,24.1419944233268,512.011145763104,206,24,0.668990751696802,80.6388984514108,19.3611015485892
1985,5.3846849418074,1.06866778652802,103.375946530235,24.2113288518091,516.879732651174,207,24,0.676186097851765,80.5047030805854,19.4952969194146
1985,5.22127779212022,1.03619892709178,104.316435940995,24.277866443044,521.582179704975,208,24,0.683018467698099,80.3933708157249,19.6066291842751
1985,5.05547626433252,1.00321704403818,105.222811242274,24.3415960671124,526.114056211371,209,24,0.691772083898403,80.308183519869,19.691816480131
1985,4.8890829401217,0.970086235832111,106.094208955304,24.4025065879709,530.47104477652,210,24,0.702392025133484,80.2518556385166,19.7481443614834
1985,4.72345331375552,0.937121624507269,106.930137395228,24.4606110008057,534.65068697614,211,24,0.712514322192109,80.2315871413989,19.7684128586011
1985,4.30719193159796,0.854471996707782,107.730849048663,24.5159714231521,538.654245243316,212,24,0.714165937195738,79.6896698617264,20.3103301382736
1986,2.52292618022805,0.50348019289977,54.5,19.9420239553624,272.5,141,24,0.269276361036624,87.8230651616945,12.1769348383054
1986,2.54318338726198,0.507505061969243,54.9507033784724,19.9918552357084,274.753516892362,142,24,0.271762672133375,87.55000198074,12.44999801926
1986,2.56705239730361,0.512239153219205,55.4049595905711,20.041791919227,277.024797952855,143,24,0.274725628625827,87.2480869524477,12.7519130475523
1986,2.59357966877605,0.517481227462967,55.8633956003198,20.0918996177572,279.316978001599,144,24,0.278605624871087,86.9186934487123,13.0813065512876
1986,2.62156574886771,0.523009743987619,56.3263595792164,20.142212212929,281.631797896082,145,24,0.282691779833768,86.562619617932,13.437380382068
1986,2.64990805156162,0.528622433115676,56.7941019795272,20.1927522502302,283.970509897636,146,24,0.286267585370983,86.1818627174412,13.8181372825588
1986,2.6778041295012,0.534146216715682,57.2667960330395,20.2435334464259,286.333980165197,147,24,0.289858296401775,85.7753863203896,14.2246136796104
1986,2.70473489095224,0.539464357996024,57.7443494261192,20.2945408770706,288.721747130596,148,24,0.29399983377253,85.3462128082048,14.6537871917952
1986,2.73041213831441,0.544505834018409,58.2264588383592,20.3457375729424,291.132294191796,149,24,0.29925524314138,84.8971848885061,15.1028151114939
1986,2.75450495295767,0.54923926558441,58.7126506971272,20.3970694540392,293.563253485636,150,24,0.304220354392658,84.4316196322427,15.5683803677573
1986,2.93821338019226,0.585830948063523,59.2026660772033,20.4485061235159,296.013330386017,151,24,0.309522107908152,84.376461363613,15.623538636387
1986,2.95957220786755,0.590058436961663,59.7283606706197,20.5033591581341,298.641803353098,152,24,0.313011980869192,83.8894173401224,16.1105826598776
1986,2.97953352998115,0.593986175107768,60.2576266796448,20.5582459711249,301.288133398224,153,24,0.317361548884753,83.3968387202808,16.6031612797192
1986,2.99842679233656,0.597650225212619,60.7900125403664,20.6131183832056,303.950062701832,154,24,0.323782205127074,82.9041453949248,17.0958546050752
1986,3.01622732565127,0.60107556911851,61.3248902955984,20.6679113697926,306.624451477992,155,24,0.331129030888417,82.4146148034211,17.5853851965789
1986,3.03278738685974,0.604276587739831,61.8618560353005,20.722584227814,309.309280176503,156,24,0.337616353700344,81.9306071904681,18.0693928095319
1986,3.04816475828652,0.607258469485937,62.400833431667,20.77713029535,312.004167158335,157,24,0.343474836268791,81.4551278518566,18.5448721481434
1986,3.06235541905076,0.610013164883691,62.9417115754449,20.8315396112224,314.708557877225,158,24,0.348991310135647,80.9908130071827,19.0091869928173
1986,3.07528756674566,0.612519628144013,63.4843213815887,20.8857966615213,317.421606907943,159,24,0.354446058525586,80.539938418311,19.460061581689
1986,3.08670822346433,0.61474554618555,64.0284233428747,20.9398793310178,320.142116714374,160,24,0.359047869206948,80.1044653074213,19.8955346925787
1986,3.0963537757303,0.616650707009585,64.573885594312,20.9937766407318,322.86942797156,161,24,0.362233947293984,79.6860878646784,20.3139121353216
1986,3.10407933818311,0.618192137802951,65.1206361018743,21.0474837388276,325.603180509372,162,24,0.364601887211949,79.2863881591856,20.7136118408143
1986,3.10976485201401,0.619330728483313,65.6684543297778,21.1009814362914,328.342271648889,163,24,0.366812597063695,78.9070824830862,21.0929175169138
1986,3.1133397989871,0.620038650779413,66.2169635440327,21.1542358762208,331.084817720163,164,24,0.369475095450916,78.5502567389085,21.4497432610914
1986,3.11476025723301,0.620305826940316,66.7656510997291,21.207200906257,333.828255498645,165,24,0.372655188503791,78.2185863430276,21.7814136569724
1986,3.1140674668193,0.6201426219082,67.3139824041843,21.2598293317008,336.569912020922,166,24,0.376266522991734,77.9154454981822,22.0845545018178
1986,3.11143510083789,0.619575738734507,67.8614483818911,21.3120774545653,339.307241909455,167,24,0.380683102048734,77.6448533970188,22.3551466029812
1986,3.11305799858086,0.619831287911085,68.4074998902136,21.3638987592254,342.037499451068,168,24,0.386275210908851,77.4196928805842,22.5803071194159
1986,3.12492828141754,0.622093921943902,68.9527526971771,21.4153573856712,344.763763485885,169,24,0.393469191578382,77.2500622275518,22.7499377724482
1986,3.14743128527879,0.626476870029089,69.4989357162474,21.4666202477168,347.494678581237,170,24,0.400543849476388,77.1392695579713,22.8607304420287
1986,3.18175041217798,0.63323811596145,70.0481991446536,21.5178898368914,350.240995723268,171,24,0.406374305232733,77.0934630935449,22.9065369064551
1986,3.22967555269483,0.642706299858534,70.6031548064783,21.5694069744844,353.015774032392,172,24,0.412239591509704,77.1192274016866,22.8807725983134
1986,3.29296697168626,0.655201968333427,71.166516659359,21.6214165997605,355.832583296795,173,24,0.419530799157651,77.2211056256662,22.7788943743338
1986,3.37301860133581,0.670970988977542,71.741072451741,21.6741649252316,358.705362258705,174,24,0.429694605194486,77.399617858245,22.600382141755
1986,3.47040086339645,0.690139845683474,72.329599332734,21.7278915161265,361.64799666367,175,24,0.442015860299912,77.6503564692606,22.3496435307394
1986,3.58478338338171,0.712695755675837,72.935131509119,21.7828534373354,364.675657545595,176,24,0.453851443079909,77.9641742111747,22.0358257888253
1986,3.71526668804143,0.73848839395762,73.561165670251,21.8393428908887,367.805828351255,177,24,0.463778196387773,78.328305002319,21.671694997681
1986,3.86031133009909,0.767246948495336,74.2113031609008,21.8976537236154,371.056515804504,178,24,0.470207242899356,78.7280624038015,21.2719375961985
1986,4.01787313227319,0.798606299935746,74.8891551182612,21.958072365576,374.445775591306,179,24,0.471558659588912,79.1484708056054,20.8515291943946
1986,4.18565962363257,0.832136208407783,75.5982397222535,22.0208683214122,377.991198611268,180,24,0.467339144120313,79.5755690625591,20.4244309374409
1986,4.3615852627393,0.867368966704812,76.3417151993171,22.0862705805975,381.708575996586,181,24,0.460510905514069,79.9972796170318,20.0027203829682
1986,4.54362751974456,0.90382258527721,77.1217300948074,22.1544116938962,385.608650474037,182,24,0.454559897625879,80.4038921939756,19.5961078060244
1986,4.72985310410286,0.941018704021714,77.9393311244529,22.225322609166,389.696655622264,183,24,0.452780723903334,80.7880769621527,19.2119230378473
1986,4.91848562005311,0.978494755734997,78.7945192933984,22.2989408778243,393.972596466992,184,24,0.458489490105008,81.1446433131819,18.855356686818
1986,5.10750222694666,1.01581078526876,79.6862769773251,22.3751164694289,398.431384886626,185,24,0.472427023057114,81.4701906841606,18.5298093158394
1986,5.29444797986597,1.05255213613348,80.6130336946513,22.4536547478396,403.065168473257,186,24,0.491858607433114,81.762652410317,18.237347589683
1986,5.47705526749691,1.08832893100343,81.5732747942722,22.5343696439514,407.866373971361,187,24,0.514753249901956,82.0208440470458,17.9791559529542
1986,5.65311831256832,1.12277283519112,82.5654381676076,22.6170751994624,412.827190838038,188,24,0.538783693768877,82.2441814342195,17.7558185657805
1986,5.82045720452913,1.15553256410842,83.5879858597447,22.701591882614,417.939929298724,189,24,0.561097266459532,82.4324169718729,17.5675830281271
1986,5.97668658108922,1.18627747677169,84.6395143161421,22.7877557023744,423.19757158071,190,24,0.576476712143534,82.5870859497011,17.4129140502989
1986,6.1198738097211,1.21467267935226,85.7191861961183,22.8754528032001,428.595930980591,191,24,0.58320883958432,82.7072260621601,17.2927739378399
1986,6.24864302174847,1.24038390901352,86.8261200801002,22.9645686247201,434.130600400501,192,24,0.583760396477497,82.7916115342664,17.2083884657336
1986,6.36167466291675,1.26307872717863,87.9586658217936,23.0549305744319,439.793329108968,193,24,0.580872320332041,82.8397199316378,17.1602800683622
1986,6.45765592342057,1.28241943803156,89.1143609829096,23.1463074191045,445.571804914548,194,24,0.577292680249908,82.8507892662842,17.1492107337158
1986,6.53555709673007,1.29806158496799,90.2899307744813,23.238412212031,451.449653872407,195,24,0.577622333693323,82.8237285579818,17.1762714420182
1986,6.24888419610555,1.24114574625595,91.4809741483108,23.3308808707975,457.404870741554,196,24,0.578255636069702,82.3120412246542,17.6879587753458
1986,6.28329532826686,1.2479324410528,92.6145122934775,23.4181089429053,463.072561467388,197,24,0.585659129087278,82.2079857527769,17.7920142472231
1986,6.29503359398165,1.25021999351221,93.7534074232602,23.5050030561346,468.767037116301,198,24,0.592973914154933,82.0583142487001,17.9416857512999
1986,6.27958187442882,1.24718519852412,94.8931397373035,23.5912276207541,474.465698686517,199,24,0.597528894150477,81.8799133160074,18.1200866839926
1986,6.23536383079681,1.2384430900143,96.0288202676494,23.6764306617605,480.144101338247,200,24,0.601801745235492,81.6957692350007,18.3042307649993
1986,6.16575084423035,1.22457294868777,97.1547493394715,23.7602116180324,485.773746697358,201,24,0.609095429347647,81.5074728103722,18.4925271896278
1986,6.07356419261019,1.20618129530064,98.2652411502013,23.842183609062,491.326205751006,202,24,0.617844687237329,81.3182436895394,18.6817563104606
1986,5.96180849026462,1.18390973007085,99.3554874578143,23.922035438657,496.777437289071,203,24,0.626411026062944,81.1317626613302,18.8682373386698
1986,5.83353771082766,1.1584070634591,100.421608915369,23.9995318881496,502.108044576847,204,24,0.633051639545931,80.9519926594073,19.0480073405927
1986,5.69207384952963,1.1303117002687,101.46068581398,24.0745126175794,507.303429069902,205,24,0.638476988723732,80.7830886253835,19.2169113746165
1986,5.54066425830043,1.10022399115375,102.470321028627,24.1468578736511,512.351605143133,206,24,0.644516031050715,80.6291942084287,19.3708057915713
1986,5.38206116479569,1.06869728093591,103.448401400596,24.2164698414015,517.242007002978,207,24,0.65093762857769,80.4943806275179,19.5056193724822
1986,5.21872984303089,1.0362266089393,104.393410750809,24.2832937054139,521.967053754047,208,24,0.657541445954923,80.3824146012912,19.6175853987088
1986,5.05281516573425,1.00324274241774,105.304366320291,24.3473116292523,526.521831601457,209,24,0.66412636719287,80.2965947101259,19.7034052898741
1986,4.88614316952013,0.970109938282036,106.180754832432,24.4085370666165,530.903774162161,210,24,0.670620979338847,80.2395888615624,19.7604111384376
1986,4.7203141243157,0.937143393669534,107.022442767149,24.4670076069557,535.112213835744,211,24,0.677145578808835,80.2185517377709,19.7814482622291
1986,4.30424701257829,0.854494254828689,107.829592846438,24.5227785875712,539.147964232191,212,24,0.677621185884902,79.6754591086775,20.3245408913225
1987,2.52425156479346,0.50348019289977,54.5,19.9420239553624,272.5,141,24,0.280038502337793,87.8230651616946,12.1769348383054
1987,2.54518336761433,0.507505475234699,54.9488160271253,19.9916471588145,274.744080135626,142,24,0.288157660983052,87.5503680191805,12.4496319808195
1987,2.56969400849103,0.512240532991493,55.400193243275,20.0412694356182,277.000966216375,143,24,0.296567757841541,87.2490295383913,12.7509704616087
1987,2.5967081319311,0.517484310636147,55.8547891645478,20.0909615669111,279.273945822739,144,24,0.304670490627612,86.920430587867,13.079569412133
1987,2.62484394438043,0.52301530882114,56.3131658913852,20.1407823868892,281.565829456926,145,24,0.310036046971674,86.5653388294377,13.4346611705623
1987,2.65299899454178,0.528631020695254,56.7760951228273,20.1908119709806,283.880475614136,146,24,0.311846309591457,86.1856518827566,13.8143481172434
1987,2.68050595530402,0.534157952857614,57.2442916847304,20.2411224563732,286.221458423652,147,24,0.311918899937928,85.7802198308874,14.2197801691126
1987,2.706989045851,0.539478956542085,57.7179734064415,20.2917313436743,288.589867032208,148,24,0.312125039696399,85.3519906697699,14.6480093302301
1987,2.73231228643616,0.544522709463267,58.196908711293,20.3426080704894,290.984543556465,149,24,0.314358277310389,84.9037796702647,15.0962203297353
1987,2.7563342548577,0.549257724947783,58.6804601129035,20.3936799668099,293.402300564517,150,24,0.318745477620017,84.4389284065822,15.5610715934178
1987,2.94035450380039,0.585852894740634,59.167936465017,20.4448703642656,295.839682325085,151,24,0.325764562883166,84.3842860340837,15.6157139659163
1987,2.96200627826433,0.590081129690748,59.6908109454221,20.4994522570333,298.45405472711,152,24,0.33171614901113,83.897997775783,16.102002224217
1987,2.98216545037598,0.594009057449488,60.216823108055,20.5540264731239,301.084115540275,153,24,0.33784544570241,83.4062763422511,16.5937236577489
1987,3.00096563151714,0.597672510342065,60.7456387700906,20.6085576532147,303.728193850453,154,24,0.343760412194289,82.9145114110751,17.0854885889249
1987,3.01844605646253,0.601096146208127,61.2770288751,20.6630220368815,306.3851443755,155,24,0.348724184193827,82.425882757587,17.574117242413
1987,3.03466251126674,0.604294190112377,61.8109195819333,20.7174122055432,309.054597909666,156,24,0.352578935171498,81.9426669958448,18.0573330041552
1987,3.04968975002506,0.607271918793195,62.3472797665452,20.7717252372974,311.736398832726,157,24,0.355726461946999,81.4678530310972,18.5321469689028
1987,3.06354010341754,0.610021457737806,62.8860128905244,20.8259517218794,314.430064452622,158,24,0.35861150001013,81.0040701701678,18.9959298298322
1987,3.07616060918751,0.612522002088777,63.4269359288575,20.8800738520099,317.134679644287,159,24,0.361682826454188,80.5535963974091,19.446403602591
1987,3.08729483369034,0.614741521802031,63.9697655034146,20.9340642979343,319.848827517073,160,24,0.364098154695922,80.1184046093773,19.8815953906227
1987,3.09673234342561,0.616640110363639,64.5143354020075,20.9879079327264,322.571677010038,161,24,0.36576171414812,79.7002004160807,20.2997995839193
1987,3.10444150936676,0.618175092003995,65.0604564744967,21.0415877450651,325.302282372484,162,24,0.368284350873495,79.3005984966155,20.6994015033846
1987,3.11040555034462,0.619307557201002,65.6076110704755,21.0950551221696,328.038055352378,163,24,0.373274179135662,78.9213909975954,21.0786090024046
1987,3.11466546913463,0.620009704927867,66.1549565576188,21.1482311039655,330.774782788094,164,24,0.382473658344745,78.5647788672881,21.4352211327119
1987,3.11692428070228,0.620271257220129,66.701310012359,21.2010057734273,333.506550061795,165,24,0.393858680979724,78.2335989746317,21.7664010253683
1987,3.11693044820829,0.620102505324246,67.2458339393214,21.2533047915468,336.229169696607,166,24,0.404665815418246,77.9312999491551,22.0687000508449
1987,3.11488612751782,0.61953046413628,67.7881932243239,21.3051033192201,338.94096612162,167,24,0.415506653240581,77.6618651598909,22.3381348401092
1987,3.11702315508452,0.619781002551041,68.3279708649843,21.3563692868747,341.639854324922,168,24,0.427063913257659,77.4381305576934,22.5618694423066
1987,3.12937325101641,0.622038282250189,68.8658596825747,21.4071758381169,344.329298412874,169,24,0.440129311492086,77.2701517755461,22.7298482244539
1987,3.15217167774951,0.62641555782149,69.4036004894914,21.4576926892559,347.018002447457,170,24,0.451108968941006,77.1612226330872,22.8387773669128
1987,3.18647344328499,0.633171053960138,69.9436999055069,21.5081572608613,349.718499527534,171,24,0.45717038431299,77.1173918549051,22.8826081450949
1987,3.23413014879248,0.642633836324868,70.4894420209128,21.5588739434275,352.447210104564,172,24,0.460333178714149,77.1450693880412,22.8549306119588
1987,3.29695950205719,0.655124756664823,71.0440772783901,21.610137454754,355.22038639195,173,24,0.462806912937888,77.2486573099338,22.7513426900662
1987,3.37641340108023,0.670889852828821,71.610777700996,21.6622288223308,358.05388850498,174,24,0.46684994787361,77.4285761115064,22.5714238884936
1987,3.47333055462117,0.690055651333172,72.1925539647552,21.7154079427626,360.962769823776,175,24,0.474457579628525,77.6803625872392,22.3196374127608
1987,3.58752816223903,0.712609091133829,72.7921853687491,21.7699075046958,363.960926843745,176,24,0.484275056040088,77.9949309746591,22.0050690253409
1987,3.7179535137422,0.738399430261763,73.4126855382865,21.8259753631269,367.063427691432,177,24,0.493235898291772,78.3596291893557,21.6403708106443
1987,3.86290778175383,0.767155625311068,74.0574707772361,21.8838887515899,370.28735388618,178,24,0.498108961910487,78.7598210198883,21.2401789801117
1987,4.02016009135388,0.798512503338761,74.730263762615,21.9439442907825,373.651318813075,179,24,0.495606145583521,79.1805214726716,20.8194785273284
1987,4.18774457488552,0.832039953257875,75.4349985100258,22.0064483065557,377.174992550129,180,24,0.488478035068419,79.6077041062343,20.3922958937657
1987,4.36386197741272,0.867270064502536,76.1746656197448,22.0716143133034,380.873328098724,181,24,0.482124280614949,80.0293467832482,19.9706532167518
1987,4.54616702317232,0.90372040349071,76.9508157830676,22.1395220728256,384.754078915338,182,24,0.477158642931201,80.4358713159899,19.5641286840101
1987,4.73234938737992,0.940912475339534,77.7644077615193,22.2101951758205,388.822038807597,183,24,0.474163431543531,80.8199740982472,19.1800259017528
1987,4.92019702905585,0.978383877632168,78.615821661536,22.2836040118402,393.07910830768,184,24,0.473730520795224,81.1764047018678,18.8235952981322
1987,5.10803122064914,1.01569515621202,79.5048766728061,22.3596692372643,397.524383364031,185,24,0.479301692895645,81.5016289306486,18.4983710693514
1987,5.29399866909423,1.0524319488338,80.4303677444985,22.4382246499172,402.151838722493,186,24,0.492043284213726,81.7935389015147,18.2064610984853
1987,5.4757442944018,1.08820431804068,81.3904857671746,22.5190561909855,406.952428835873,187,24,0.509042120856779,82.0510213507281,17.9489786492719
1987,5.65094860429202,1.12264402091382,82.3835331190919,22.6019638694483,411.917665595459,188,24,0.527089576506216,82.2735304457568,17.7264695542432
1987,5.81731483826582,1.15540002437952,83.4079898630457,22.6867671272771,417.039949315229,189,24,0.542546731728005,82.460828576015,17.539171423985
1987,5.97272395989851,1.1861421146165,84.4626043379278,22.7733118388696,422.313021689639,190,24,0.55229190534496,82.614437299073,17.385562700927
1987,6.11562491031391,1.21453555886507,85.546325238902,22.8614640155775,427.73162619451,191,24,0.557413684102562,82.7334382117035,17.2665617882965
1987,6.2446633534835,1.24024584617394,86.6575731420036,22.9510507368587,433.287865710018,192,24,0.560317941018775,82.816717351689,17.183282648311
1987,6.35853140486008,1.26294023469479,87.7940163934177,23.0418443313623,438.970081967089,193,24,0.563513354269124,82.8638526998548,17.1361473001452
1987,6.45592991392593,1.28228069829862,88.9525598523843,23.1335642743106,444.762799261922,194,24,0.569611868339295,82.8741696074398,17.1258303925602
1987,6.53508711194849,1.29792244002909,90.1293260069481,23.2258784622738,450.64663003474,195,24,0.578320006816142,82.8466566735594,17.1533433264406
1987,6.24904235523803,1.24100845464535,91.320141567466,23.318443553631,456.60070783733,196,24,0.58335418854404,82.3353163297721,17.6646836702279
1987,6.28394964955437,1.24779560684433,92.4526977393613,23.4057026786478,462.263488696806,197,24,0.594286346081517,82.2312397349038,17.7687602650962
1987,6.29650212488529,1.25008493374237,93.5900048132596,23.4925813211493,467.950024066298,198,24,0.607490859015608,82.0816975292597,17.9183024707403
1987,6.28262143035386,1.24705296145242,94.7271344359989,23.5787138358658,473.635672179995,199,24,0.623675406394947,81.9036157914188,18.0963842085812
1987,6.24005122542914,1.2383136086064,95.8582011077653,23.6636751588496,479.291005538826,200,24,0.640781158143694,81.7200947010781,18.2799052989219
1987,6.1713612497935,1.22444607765891,96.9772799778287,23.7470511185988,484.886399889144,201,24,0.656211695181804,81.5327556106628,18.4672443893372
1987,6.07958672320379,1.2060575065215,98.0794796424927,23.8285165771874,490.397398212463,202,24,0.669645162594852,81.3447020449952,18.6552979550048
1987,5.96795420711231,1.18378985189439,99.1605803413795,23.907805037225,495.802901706898,203,24,0.680824454697308,81.1595277018593,18.8404722981407
1987,5.83972806957548,1.15829203313651,100.21705929934,23.9847077707249,501.085296496702,204,24,0.689465755831019,80.9811406138679,19.0188593861322
1987,5.69798471496185,1.13020234706753,101.246103645066,24.0590721747997,506.230518225328,205,24,0.694013518044498,80.8136750887652,19.1863249112348
1987,5.54582590461812,1.10012121095159,102.245827170947,24.1308148986679,511.229135854736,206,24,0.694772537996716,80.6611956735825,19.3388043264175
1987,5.38633584078218,1.0686020473846,103.214903317835,24.1998931314215,516.074516589173,207,24,0.694245311709499,80.5276543001394,19.4723456998606
1987,5.22227063576362,1.03613966538795,104.152122116846,24.2662718241384,520.760610584232,208,24,0.694926536261219,80.4167666739498,19.5832333260502
1987,5.05603731401006,1.00316442669459,105.056326147361,24.3299188278829,525.281630736806,209,24,0.699412141162948,80.3318492713552,19.6681507286449
1987,4.88938662557322,0.970040112667024,105.926320491299,24.3907984098851,529.631602456494,210,24,0.707290742564912,80.2756605050026,19.7243394949974
1987,4.7237192897713,0.937081685780653,106.761342964291,24.448903871818,533.806714821455,211,24,0.716908594493198,80.2554333837805,19.7445666162195
1987,4.30771020709057,0.854433657164259,107.561242566707,24.5042689959676,537.806212833533,212,24,0.722162915800803,79.7140885669421,20.2859114330579
1988,2.52580909601227,0.50348019289977,54.5,19.9420239553624,272.5,141,24,0.293236685933173,87.8230651616946,12.1769348383054
1988,2.54610875226714,0.507505984974193,54.94648789665,19.9913904799985,274.73243948325,142,24,0.296054706550239,87.5508195467356,12.4491804532644
1988,2.56994813415062,0.512241610463252,55.396470787709,20.0408613608909,276.982353938545,143,24,0.298703495416547,87.2497656959584,12.7502343040416
1988,2.59628653943656,0.517485778833754,55.8506903984104,20.0905147901122,279.253451992052,144,24,0.300916590948377,86.9212579075647,13.0787420924353
1988,2.62397720556293,0.523016756380605,56.3097336002315,20.1404103844401,281.548668001157,145,24,0.30240391582427,86.566046241968,13.433953758032
1988,2.65211451443175,0.528632012234667,56.7740159219561,20.1905879047977,283.87007960978,146,24,0.304123433282802,86.1860894217405,13.8139105782595
1988,2.67991203388995,0.534158323914889,57.2435801705561,20.2410462179502,286.21790085278,147,24,0.306779458633926,85.7803726569344,14.2196273430656
1988,2.70670171453623,0.539478847174088,57.7181709989038,20.2917523942484,288.590854994519,148,24,0.309665544385823,85.3519473836052,14.6480526163948
1988,2.73204412315391,0.544522348490719,58.1975407357852,20.3426750165521,290.987703678926,149,24,0.312080134008501,84.9036386117023,15.0963613882977
1988,2.7556940680908,0.549257131900673,58.681494130835,20.3937888632174,293.407470654175,150,24,0.31329211263291,84.4386936207,15.5613063793
1988,2.93904930556017,0.585851632720591,59.1699331142201,20.4450794289418,295.849665571101,151,24,0.315196630322096,84.3838361519501,15.6161638480499
1988,2.96003634957852,0.59007880278152,59.6946601326902,20.4998528286002,298.473300663451,152,24,0.315742444530604,83.8971181338431,16.1028818661569
1988,2.979637726212,0.594005326747566,60.223473032757,20.5547142778366,301.117365163785,153,24,0.317283601527316,83.4047381213069,16.5952618786931
1988,2.99813444952581,0.597667356639574,60.7558954867996,20.6096120434188,303.779477433998,154,24,0.320602950667499,82.9121151481057,17.0878848518943
1988,3.01575644110623,0.601089984688949,61.2913507961612,20.6644853865223,306.456753980806,155,24,0.326562268526312,82.4225106319549,17.5774893680451
1988,3.0324863636984,0.604287889403415,61.8291358878623,20.7192622070238,309.145679439312,156,24,0.334513570076099,81.9383536233453,18.0616463766547
1988,3.04817667161298,0.607266538926105,62.3686738160979,20.7738848814156,311.843369080489,157,24,0.343093862570945,81.4627689190992,18.5372310809008
1988,3.06275485352461,0.610017933043973,62.9096307217888,20.8283215674196,314.548153608944,158,24,0.352061627865695,80.9984481025609,19.0015518974391
1988,3.07608495214,0.612520968022116,63.4517065434269,20.8825445635495,317.258532717134,159,24,0.361175811670179,80.5477001491806,19.4522998508193
1988,3.08797496831619,0.614743216989177,63.9946222350384,20.9365289185635,319.973111175192,160,24,0.370182443100344,80.1124969092928,19.8875030907072
1988,3.09795526641345,0.616644330429739,64.5381111411248,20.9902514990127,322.690555705624,161,24,0.376638672269767,79.6945650454621,20.3054349545379
1988,3.1057011255865,0.618181268630215,65.0823012452081,21.0437283875624,325.41150622604,162,24,0.379444551962948,79.2954393676603,20.7045606323397
1988,3.11122877052465,0.619315111451947,65.6274755695977,21.0969904043636,328.137377847989,163,24,0.380478526080212,78.9167185772662,21.0832814227338
1988,3.11461884000352,0.62001837114718,66.1735446848159,21.1500315944679,330.867723424079,164,24,0.381731654898501,78.5604245979006,21.4395754020994
1988,3.11603686083343,0.620281307162687,66.7200370714824,21.2028093527827,333.600185357412,165,24,0.385177670023135,78.2292284343644,21.7707715656356
1988,3.11559263564562,0.620114433021532,67.2661195666415,21.2552474208675,336.330597833208,166,24,0.391405987753093,77.9265794546409,22.0734205453591
1988,3.11326356802305,0.619544458602035,67.8108630854415,21.3072621266252,339.054315427207,167,24,0.399049472425788,77.6565992779083,22.3434007220917
1988,3.11508587221806,0.619797192598743,68.3536074535283,21.3587971176675,341.768037267642,168,24,0.406972033403907,77.4321854547961,22.5678145452039
1988,3.12689562379742,0.622056999435728,68.8951269589409,21.4099323474186,344.475634794704,169,24,0.413997072714123,77.2633832649854,22.7366167350146
1988,3.14914522250256,0.62643739529127,69.4375984132539,21.4608773659699,347.187992066269,170,24,0.418871857885859,77.1533914918813,22.8466085081187
1988,3.18315068104027,0.633196589825418,69.9835396284368,21.5118689430621,349.917698142184,171,24,0.421730793594882,77.1082663538456,22.8917336461544
1988,3.23068373028416,0.642663283589712,70.5357047051379,21.56316060882,352.678523525689,172,24,0.423776199160975,77.13455266179,22.86544733821
1988,3.29336700697805,0.655158072064204,71.0969615866339,21.6150108306712,355.48480793317,173,24,0.425158330970675,77.2367535547208,22.7632464452792
1988,3.37244583270737,0.670926993836671,71.6704726462716,21.6676992621771,358.352363231358,174,24,0.426021299148289,77.4153050080411,22.5846949919589
1988,3.46856541012481,0.690096827229691,72.2596204445038,21.7215191443521,361.298102222519,175,24,0.426514570564107,77.665674492103,22.334325507897
1988,3.5819260037475,0.712654967867222,72.8678866240715,21.7767656019241,364.339433120358,176,24,0.42907497108569,77.9786390236674,22.0213609763326
1988,3.71192156728894,0.738450721139784,73.498305440932,21.8336859406591,367.49152720466,177,24,0.434896963267764,78.3415626980184,21.6584373019816
1988,3.85699068037029,0.767212665070562,74.1535509707549,21.8924883723671,370.767754853774,178,24,0.442068978589167,78.7399819386651,21.2600180613349
1988,4.01506596917191,0.798575150453839,74.8363672349821,21.953380967359,374.181836174911,179,24,0.448572957403045,79.1591158279469,20.8408841720531
1988,4.18371373917809,0.832107484560522,75.5494882965295,22.0165641083491,377.747441482648,180,24,0.452284589230906,79.5851633599308,20.4148366400692
1988,4.36074853675794,0.867341687853131,76.2955862332989,22.0822256439293,381.477931166494,181,24,0.454794742009432,80.0061321832467,19.9938678167533
1988,4.54406722171155,0.903795632113759,77.0765777370542,22.1504803722324,385.382888685271,182,24,0.45867203121046,80.4123382406823,19.5876617593177
1988,4.73113659906267,0.940990889300858,77.8934450223268,22.2213566544559,389.467225111634,183,24,0.462873385157866,80.7964421426825,19.2035578573175
1988,4.91948631562381,0.978465253311341,78.7468721524051,22.2948538963182,393.734360762025,184,24,0.46634885419608,81.1531099948629,18.8468900051371
1988,5.10673976991503,1.01577961060916,79.6372589732127,22.3709447357795,398.186294866063,185,24,0.468020804860373,81.4786839854749,18.5213160145251
1988,5.29106623039953,1.0525204402815,80.5647453896072,22.449578125537,402.823726948036,186,24,0.469718652237739,81.7708155448426,18.2291844551574
1988,5.47087851473904,1.08829864581831,81.5287391179717,22.5306407994401,407.643695589858,187,24,0.473826826176231,82.0281949996255,17.9718050003745
1988,5.6442698936979,1.12274628963395,82.5278533912924,22.6139548366865,412.639266956462,188,24,0.479812913498481,82.2502441195314,17.7497558804686
1988,5.80940067832792,1.15551232615158,83.5604264210279,22.6993234870696,417.80213210514,189,24,0.487113553184211,82.4367661257872,17.5632338742128
1988,5.96452253492584,1.18626605239162,84.6245409892228,22.7865340165486,423.122704946114,190,24,0.495151594712729,82.5894003690965,17.4105996309035
1988,6.10800350578124,1.21467177711347,85.7180454732531,22.8753605545794,428.590227366266,191,24,0.504268733149074,82.7073989953801,17.2926010046199
1988,6.23821214422858,1.24039393282442,86.8383933493532,22.965552257124,434.191966746766,192,24,0.514816200386391,82.7897838482117,17.2102161517883
1988,6.35334380931827,1.26309883416075,87.9826413922971,23.0568347147412,439.913206961486,193,24,0.526036101599122,82.8362067592325,17.1637932407675
1988,6.45155719426162,1.28244788702064,89.1476368716508,23.1489261642691,445.738184358254,194,24,0.537104505103212,82.8459822132795,17.1540177867205
1988,6.53096700703589,1.29809621883173,90.330023435374,23.2415386576556,451.65011717687,195,24,0.547103920368614,82.8180065100269,17.1819934899731
1988,6.24491936286468,1.24118428988878,91.5262510386679,23.3343794210484,457.63125519334,196,24,0.550336899832496,82.3054908758853,17.6945091241147
1988,6.27906286538418,1.24797466151222,92.6645782361901,23.4219444203995,463.32289118095,197,24,0.55565485176287,82.2007931039625,17.7992068960375
1988,6.29046752851638,1.25026550667764,93.8086256992584,23.5091972938063,469.043128496292,198,24,0.560330241956337,82.0504148872191,17.9495851127809
1988,6.27520427556043,1.24723351737871,94.9539711585854,23.595809385144,474.769855792927,199,24,0.565755941995842,81.8712305629755,18.1287694370245
1988,6.23153765773386,1.23849326193897,96.0951279832146,23.68138357007,480.475639916073,200,24,0.573326354082555,81.6863188631604,18.3136811368396
1988,6.16236063883943,1.22462371737095,97.2259836920219,23.7654893930743,486.129918460109,201,24,0.583033370882345,81.4973282029492,18.5026717970508
1988,6.07053679899585,1.206231622922,98.3410062279073,23.8477527034831,491.705031139536,202,24,0.593695389476488,81.3074564109341,18.6925435890659
1988,5.95922962901317,1.18395876165246,99.4354728195315,23.9278696350375,497.177364097657,203,24,0.604936530160586,81.1203730709131,18.8796269290869
1988,5.83164530599513,1.15845400344821,100.505368841983,24.0055960635013,502.526844209917,204,24,0.616381976252454,80.9400620163946,19.0599379836054
1988,5.69093610530827,1.13035572966256,101.5473961625,24.0807454780205,507.7369808125,205,24,0.627578811373239,80.7707343825638,19.2292656174362
1988,5.53981742206356,1.10026442973094,102.558977992299,24.1531868073169,512.794889961496,206,24,0.635862996578416,80.6165619795129,19.3834380204871
1988,5.38104008210637,1.06873393290022,103.538613737197,24.2228672944375,517.693068685987,207,24,0.640546757737557,80.4815313657211,19.5184686342789
1988,5.2174202093295,1.03625965622232,104.485490797413,24.2897823300102,522.427453987064,208,24,0.644202756038641,80.3693116154281,19.6306883845719
1988,5.05141272937944,1.00327245028772,105.398845517717,24.3539290866132,526.994227588585,209,24,0.649475987961235,80.2831728551725,19.7168271448275
1988,4.8851057897782,0.970136477622962,106.277876495048,24.4153003833702,531.389382475238,210,24,0.659163721697877,80.225826779694,19.774173220306
1988,4.72005792858104,0.937166732457973,107.121640787736,24.4738775768615,535.60820393868,211,24,0.67364084787957,80.2045468378388,19.7954531621612
1988,4.30480081750828,0.854516713188174,107.929432495982,24.5296568816453,539.647162479909,212,24,0.683349758450721,79.6610948777636,20.3389051222364
1989,2.52242019861378,0.50348019289977,54.5,19.9420239553624,272.5,141,24,0.26527774857072,87.8230651616946,12.1769348383054
1989,2.5431860342673,0.507504909008237,54.9514019046428,19.9919322456263,274.757009523214,142,24,0.271792591308286,87.5498665071059,12.4501334928941
1989,2.56757520488768,0.512238952574478,55.4056526601789,20.0418678904168,277.028263300894,143,24,0.278942573208371,87.2479498932194,12.7520501067806
1989,2.5944586067989,0.517481243857144,55.8633498403274,20.0918946304537,279.316749201637,144,24,0.285739192990075,86.9187026848669,13.0812973151331
1989,2.62248148238485,0.523010290934092,56.3250628933561,20.1420716988622,281.625314466781,145,24,0.290129208058139,86.5628868589307,13.4371131410693
1989,2.65060294552248,0.52862367360039,56.7915009591954,20.1924720109438,283.957504795977,146,24,0.291863210153788,86.1824100334447,13.8175899665553
1989,2.67815969412326,0.534148084314119,57.2632148758864,20.2431498254568,286.316074379432,147,24,0.292654237494045,85.7761554601457,14.2238445398543
1989,2.70477883901545,0.539466610132651,57.7402802070785,20.2941074884224,288.701401035393,148,24,0.294248614289572,85.3471041641518,14.6528958358482
1989,2.730327548315,0.544508181037044,58.2223486687052,20.3453023522332,291.111743343526,149,24,0.298451355019727,84.8981021207135,15.1018978792865
1989,2.75459693040716,0.549241539667199,58.7086844038141,20.396651895664,293.54342201907,150,24,0.304869275271502,84.4325201140883,15.5674798859117
1989,2.93871178085914,0.585833524330018,59.1985884120188,20.4480793196261,295.992942060094,151,24,0.313347152812215,84.3773800108888,15.6226199891112
1989,2.96050043006671,0.590061302484304,59.7236176946057,20.5028657646256,298.618088473028,152,24,0.320292417585278,83.89050106764,16.10949893236
1989,2.98072489529237,0.593989546019121,60.2516132826292,20.5576242507827,301.258066413146,153,24,0.326816019395839,83.3982294603829,16.6017705396171
1989,2.99951371795867,0.597654073060078,60.7823465513261,20.6123306397477,303.91173275663,154,24,0.332474877970101,82.9059360423991,17.0940639576009
1989,3.01691567405968,0.601079515910699,61.3157031957587,20.666973058418,306.578515978793,155,24,0.336617428974751,82.4167774639568,17.5832225360432
1989,3.03299949852095,0.60428009041894,61.8517089739021,20.7215541449979,309.25854486951,156,24,0.33919411263994,81.9330093160618,18.0669906839382
1989,3.04783829533135,0.607261081775374,62.3904132966153,20.7760788665826,311.952066483076,157,24,0.340582291598658,81.4576034746547,18.5423965253453
1989,3.06143686415887,0.610014634932231,62.9318047165711,20.8305459721068,314.659023582856,158,24,0.341151115280619,80.9931706048348,19.0068293951652
1989,3.0737395369375,0.61251997588785,63.4757989100959,20.8849469793616,317.378994550479,159,24,0.341307368486684,80.5419664220861,19.4580335779139
1989,3.08464785214472,0.61474511658127,64.0222190567524,20.9392644460007,320.111095283762,160,24,0.341564468335764,80.1059393652065,19.8940606347935
1989,3.09405039866129,0.61665014967102,64.570765954609,20.9934692919733,322.853829773045,161,24,0.342651013248411,79.6868269975995,20.3131730024005
1989,3.10181542462937,0.618192233321754,65.1209723948168,21.0475166758686,325.604861974084,162,24,0.345254081874376,79.28630877101,20.71369122899
1989,3.10782782437555,0.619332161019153,65.6722073986879,21.101346871014,328.361036993439,163,24,0.350080547279058,78.9062001369041,21.0937998630959
1989,3.11202785130775,0.620041790363458,66.2236755895685,21.1548856373018,331.118377947843,164,24,0.357911638470289,78.5486852835045,21.4513147164955
1989,3.11419738033673,0.620310543733288,66.7744133952936,21.2080442688987,333.872066976468,165,24,0.367484381659846,78.2165425793766,21.7834574206234
1989,3.11418352435857,0.620148333081161,67.3236662152332,21.260756087014,336.618331076166,166,24,0.3770996589012,77.9131934772841,22.0868065227159
1989,3.11212184453051,0.619581646327095,67.8709886961071,21.3129853380675,339.354943480536,167,24,0.386784110166624,77.6426388146247,22.3573611853753
1989,3.11417864256632,0.619836646026246,68.415957268302,21.3646991091142,342.07978634151,168,24,0.396595525992767,77.4177330314751,22.5822669685249
1989,3.12631289043745,0.622098167770845,68.9593700642553,21.4159801596819,344.796850321276,169,24,0.406548191376169,77.2485330185767,22.7514669814233
1989,3.14890999599874,0.626479627168771,69.5032141426715,21.4670206959029,347.516070713357,170,24,0.414752197760395,77.1382848357746,22.8617151642254
1989,3.18313327792819,0.633239229982718,70.0499316015443,21.5180511046162,350.249658007722,171,24,0.419755600899213,77.0930665869213,22.9069334130788
1989,3.23070859437928,0.642705873841795,70.6024875596932,21.5693452029943,353.012437798466,172,24,0.422240443895045,77.1193789600426,22.8806210399574
1989,3.29331862718759,0.655200413791281,71.1640558575197,21.6211900433414,355.820279287599,173,24,0.422959716401398,77.2216590766381,22.7783409233619
1989,3.37227302837901,0.670969070422792,71.7379962247371,21.6738832910009,358.689981123686,174,24,0.42272103477775,77.400301203641,22.599698796359
1989,3.46839381141387,0.690138719646057,72.3277687405879,21.7277248746864,361.638843702939,175,24,0.423330819746948,77.6507570736803,22.3492429263197
1989,3.58172037118773,0.712696668946067,72.9366365366044,21.7829896461983,364.683182683022,176,24,0.425689393271083,77.9638505475598,22.0361494524402
1989,3.71141934976904,0.738492305140662,73.5676904864766,21.8399298824867,367.838452432383,177,24,0.429028808983047,78.3269291759042,21.6730708240958
1989,3.85604728466164,0.767254490435264,74.2240083019819,21.8987896944181,371.120041509909,178,24,0.432611266803728,78.7254407206914,21.2745592793086
1989,4.01367005174191,0.79861772771125,74.908526472603,21.9597933707756,374.542632363015,179,24,0.435645805581106,79.1445652063472,20.8554347936528
1989,4.18219204546227,0.832151350617771,75.6239527555045,22.0231377193639,378.119763777523,180,24,0.438750428704559,79.5705096623545,20.4294903376455
1989,4.35943539275183,0.867387129814933,76.3724520763681,22.0889648768684,381.862260381841,181,24,0.443276139704322,79.9913819654673,20.0086180345327
1989,4.54301470767281,0.903842714638478,77.1554834695635,22.1573494821686,385.777417347818,182,24,0.449402868714212,80.3975794514977,19.6024205485023
1989,4.73056840471298,0.941039690734247,77.9739927865301,22.2283173520935,389.869963932651,183,24,0.457332663224947,80.7817590285093,19.2182409714908
1989,4.9198166209724,0.978515715069538,78.8284130261262,22.3018470985504,394.142065130631,184,24,0.467280016163163,81.1386214496927,18.8613785503073
1989,5.10835244475032,1.01583136329492,79.7186781841494,22.3778730296577,398.593390920747,185,24,0.477781186172727,81.4645773489344,18.5354226510656
1989,5.29392149916985,1.0525727828562,80.6445334849675,22.4563131236033,403.222667424837,186,24,0.487646032806824,81.7573280715561,18.2426719284439
1989,5.47464257129521,1.08835082187893,81.6055111575612,22.5370678171139,408.027555787806,187,24,0.497450636832549,82.0155238341159,17.9844761658841
1989,5.64875486667391,1.12279767319838,82.6006518135741,22.6199978081355,413.00325906787,188,24,0.507829131454488,82.2385018596617,17.7614981403383
1989,5.8145912398137,1.15556229134776,83.6285169165039,22.7049270149159,418.14258458252,189,24,0.519457574677527,82.4260214152214,17.5739785847786
1989,5.97024320365676,1.18631381959837,84.6871991245237,22.791645340937,423.435995622618,190,24,0.530719486189062,82.5797160075613,17.4202839924387
1989,6.11376340797225,1.21471657079796,85.7747325305625,22.8799437207075,428.873662652812,191,24,0.539947212312974,82.6988059431811,17.3011940568189
1989,6.24354381025785,1.24043529936313,86.8890951174884,22.9696146875296,434.445475587442,192,24,0.547723554060128,82.7822342230683,17.2177657769316
1989,6.35799223981716,1.2631366872774,88.0278265228716,23.0604223359394,440.139132614358,193,24,0.554643010684713,82.8295863720958,17.1704136279042
1989,6.45550924076776,1.28248238144385,89.1880288812641,23.1521040185178,445.94014440632,194,24,0.561391632601996,82.8401477704744,17.1598522295256
1989,6.53433495878823,1.29812756187217,90.366347070114,23.2443703578057,451.83173535057,195,24,0.567805292142585,82.8128229399918,17.1871770600082
1989,6.2478424358551,1.24121223037549,91.5591066863757,23.336917425347,457.795533431878,196,24,0.569176785709832,82.3007380853211,17.6992619146789
1989,6.28205768682993,1.24799965709911,92.6942492645863,23.424216792234,463.471246322931,197,24,0.575148319365217,82.1965309522403,17.8034690477597
1989,6.29378805019312,1.25028721937327,93.8349957930763,23.5111996909769,469.174978965382,198,24,0.582301199037622,82.0466429054178,17.9533570945822
1989,6.27900032502827,1.24725148070114,94.9766100282035,23.5975140007684,474.883050141017,199,24,0.591454139939376,81.8679996007159,18.1320003992841
1989,6.23578329735975,1.23850706191561,96.1133853876802,23.6827469033842,480.566926938401,200,24,0.60293281475902,81.6837170814205,18.3162829185795
1989,6.1668941832218,1.22463310408343,97.2391680474653,23.7664659304208,486.195840237326,201,24,0.615780058264727,81.4954508249757,18.5045491750243
1989,6.07519911759225,1.2062366270402,98.3485472786141,23.8483068430077,491.742736393071,202,24,0.628702158377317,81.3063828607283,18.6936171392717
1989,5.96375751438077,1.18395966295758,99.4369445715774,23.9279769551598,497.184722857887,203,24,0.640347583467664,81.1201635241379,18.8798364758621
1989,5.83567922932225,1.15845136923724,100.500663876333,24.0052555198136,502.503319381664,204,24,0.649263199788119,80.9407321079829,19.0592678920171
1989,5.69422300299752,1.13035041599196,101.536922019876,24.0799927791053,507.684610099382,205,24,0.655519083544464,80.7722265429603,19.2277734570397
1989,5.54257024543568,1.10025740964944,102.543573836896,24.1520874283082,512.717869184482,206,24,0.6602291831119,80.6187565960914,19.3812434039086
1989,5.38351691896835,1.06872592530695,103.518887930252,24.2214687609229,517.594439651259,207,24,0.663302658140605,80.4843406931383,19.5156593068617
1989,5.21957267243139,1.0362511285027,104.46171054609,24.2881069837349,522.308552730452,208,24,0.66472223960919,80.3726952066706,19.6273047933294
1989,5.05292018586778,1.00326382530104,105.371393585083,24.3520067404693,526.856967925413,209,24,0.664455845304744,80.2870723363232,19.7129276636768
1989,4.88564530908218,0.970128247139488,106.247732155155,24.4132016659205,531.238660775777,210,24,0.66491424267115,80.2300977985355,19.7699022014645
1989,4.71951032339661,0.937159401837951,107.090456615386,24.4717183915737,535.452283076931,211,24,0.668041172048723,80.2089490242702,19.7910509757298
1989,4.30337972179333,0.85450993129096,107.899261281039,24.5275787514567,539.496306405194,212,24,0.66688689153113,79.6654352527139,20.3345647472861
