"year","assimilated_weight","ingested_weight","Weight","Length","Energy","JulianDay","feeding_hours","Metabolism","percentage_partic","percentage_filters"
2008,3.10563855887785,0.618543263301148,54.5,19.9420239553624,272.5,141,24,0.312916621337629,84.1014296085052,15.8985703914948
2008,3.14253369801911,0.625931228964219,55.0585178021422,20.0037333104568,275.292589010711,142,24,0.313924631298828,84.0341596959422,15.9658403040578
2008,3.18463655875219,0.634296856669747,55.6242113544187,20.065792352193,278.121056772094,143,24,0.317198393825586,83.9780166018297,16.0219833981703
2008,3.23233314102084,0.643467987264212,56.1976689403921,20.1282557748422,280.988344701961,144,24,0.332190947271675,83.9298156573026,16.0701843426974
2008,3.28306486562501,0.653282423379364,56.7776654267622,20.190981191825,283.888327133811,145,24,0.345957634697825,83.8870844601551,16.1129155398449
2008,3.33619664603928,0.663591789040923,57.3650528922279,20.2540524080781,286.825264461139,146,24,0.359241336226686,83.8485023227689,16.1514976772311
2008,3.39065009559754,0.674247464029226,57.9604078111798,20.3175214828689,289.802039055899,147,24,0.369268191089787,83.8092046150029,16.1907953849971
2008,3.44559779991412,0.685123970013217,58.5646457417987,20.3814746365615,292.823228708994,148,24,0.374312223273151,83.7684810666689,16.2315189333311
2008,3.50155836415861,0.696105330610293,59.1788619411054,20.4460142862982,295.894309705527,149,24,0.383340234060681,83.7248776729056,16.2751223270944
2008,3.55714278248965,0.707088068938751,59.8024620111807,20.5110640912965,299.012310055904,150,24,0.389260047500051,83.6775066019967,16.3224933980033
2008,3.82159790807509,0.75955652890594,60.4359921784969,20.5766674069667,302.179960892485,151,24,0.398603533578341,84.0551564874544,15.9448435125456
2008,3.8797212374005,0.770863028360867,61.1205416506746,20.6470173208167,305.602708253373,152,24,0.411883564774029,83.9880647529808,16.0119352470192
2008,3.93735470632894,0.781901994164177,61.8140563334986,20.7177307930972,309.070281667493,153,24,0.432319001023799,83.9160290718835,16.0839709281165
2008,3.99390197823582,0.792610100174795,62.5150069267639,20.7886427998885,312.575034633819,154,24,0.458237529427178,83.8406534169511,16.1593465830489
2008,4.04392695856421,0.802921778052075,63.2220793170183,20.8596148814016,316.110396585091,155,24,0.446039368364859,83.761617819152,16.238382180848
2008,4.09429010220434,0.812767289016389,63.9415921192817,20.9312700139707,319.707960596408,156,24,0.456494726888967,83.676515857185,16.3234841428151
2008,4.14674839109026,0.822092403631709,64.6690819400941,21.0031504692091,323.345409700471,157,24,0.508686243464965,83.5863811702704,16.4136188297296
2008,4.1892172129956,0.830847724032913,65.3966202605791,21.0744742691339,326.983101302895,158,24,0.497871138881411,83.4929874387387,16.5070125612613
2008,4.23007196885028,0.838968685183907,66.1348102315499,21.1462792843743,330.674051157749,159,24,0.501504916408041,83.394103382636,16.605896617364
2008,4.27626036710955,0.846400903135645,66.8804388893138,21.2182430141917,334.402194446569,160,24,0.589810168440954,83.2904599500484,16.7095400499516
2008,4.30939136511151,0.853099415580004,67.6176382924674,21.2888455450147,338.088191462337,161,24,0.587624507400673,83.1854081701647,16.8145918298353
2008,4.33640631858533,0.858988190958266,68.3618948802484,21.3595818160605,341.809474401242,162,24,0.565350098131242,83.0755751257622,16.9244248742378
2008,4.3547982336209,0.863998987382161,69.1160027870362,21.4307090412924,345.580013935181,163,24,0.506344758756278,82.9602444782831,17.0397555217169
2008,4.37242134382281,0.868057000738226,69.8855831325462,21.5027401472082,349.427915662731,164,24,0.48662537427595,82.8380408153018,17.1619591846982
2008,4.38504756435568,0.871095206015144,70.6626244179418,21.5749108401014,353.313122089709,165,24,0.46897626747517,82.7103452061077,17.2896547938923
2008,4.39501357250309,0.873035727381735,71.4457127050668,21.6470857162564,357.228563525334,166,24,0.474712938837923,82.5770384365996,17.4229615634004
2008,4.39955868232384,0.873798724003578,72.2296382750049,21.7187876114178,361.148191375025,167,24,0.484644450008552,82.4386558262643,17.5613441737357
2008,4.4009889813766,0.873651438172048,73.0124774900298,21.7898509127216,365.062387450149,168,24,0.507261716332572,82.3102401903789,17.6897598096211
2008,4.3958848557551,0.87294436682113,73.7910697483383,21.8600038877404,368.955348741691,169,24,0.498289772050268,82.2068035456919,17.7931964543081
2008,4.39233971750748,0.871709895485852,74.5704255407805,21.9297108842085,372.852127703902,170,24,0.525930269623987,82.1263304197042,17.8736695802958
2008,4.3860578381262,0.869994469667041,75.3435336270293,21.9983591897599,376.717668135147,171,24,0.552132289993358,82.0693526803226,17.9306473196774
2008,4.37379388976885,0.867842893231831,76.1101338833845,22.0659465564829,380.550669416923,172,24,0.543228741970028,82.0351082302279,17.9648917697721
2008,4.36032789005489,0.865299428702081,76.8760505337302,22.1330014667876,384.380252668651,173,24,0.541501687491896,82.0217089644552,17.9782910355448
2008,4.34451313387031,0.86241915077931,77.639607290622,22.1993878852169,388.19803645311,174,24,0.533647944234578,82.0288380755136,17.9711619244864
2008,4.3319463287213,0.859259308844101,78.4015591687291,22.2651826976424,392.007795843645,175,24,0.569945807542977,82.0557372768563,17.9442627231437
2008,4.30799975624173,0.855887713602628,79.1537248335399,22.3296967887082,395.768624167699,176,24,0.50889666195382,82.1033742844254,17.8966257155746
2008,4.29165100437639,0.852356010338406,79.9132972627817,22.3944140028953,399.566486313908,177,24,0.525706828178769,82.1678513556975,17.8321486443025
2008,4.27256934893076,0.848738343156625,80.6662233517386,22.4581431854419,403.331116758693,178,24,0.521633890153745,82.2511970102776,17.7488029897224
2008,4.25761453130951,0.845101605150271,81.4161325774018,22.5212062395924,407.080662887009,179,24,0.557432651391957,82.3519877675529,17.6480122324471
2008,4.247080645686,0.841520136044579,82.1558753193741,22.5830189381042,410.77937659687,180,24,0.641196321646795,82.4706580945222,17.5293419054778
2008,4.22765835127949,0.838067824096651,82.8767422778797,22.6428823037663,414.383711389399,181,24,0.623112789697725,82.6076687196261,17.3923312803739
2008,4.21190604042079,0.834802736973322,83.5973249163399,22.7023604547052,417.9866245817,182,24,0.635474683040975,82.7585037875716,17.2414962124284
2008,4.19749101011224,0.831795682617606,84.312267427823,22.7610209589696,421.561337139115,183,24,0.648480993869493,82.9227227776551,17.0772772223449
2008,4.1817112060033,0.829113253149091,85.0217077795257,22.8188883106398,425.108538897628,184,24,0.627007070114987,83.0986868624277,16.9013131375723
2008,4.16910497889747,0.826820734983044,85.7322684477048,22.8765106849393,428.661342238524,185,24,0.619385624899834,83.2835096034184,16.7164903965816
2008,4.16123575190785,0.824986617583656,86.4418128456917,22.9337194493122,432.209064228458,186,24,0.639131855335446,83.4755419873604,16.5244580126396
2008,4.15787116681715,0.823680022493166,87.145814064798,22.9901587240003,435.72907032399,187,24,0.681849986324175,83.6732466412668,16.3267533587332
2008,4.16002810440436,0.822972823071193,87.8405779936596,23.045546754313,439.202889968298,188,24,0.76102362200294,83.8747202597186,16.1252797402814
2008,4.15698898186918,0.822942780583754,88.519917285642,23.0994106406107,442.59958642821,189,24,0.726696551571797,84.0782410140684,15.9217589859316
2008,4.15946156079409,0.823709511287255,89.2054925285553,23.1534776659499,446.027462642776,190,24,0.712854606060775,84.2798858872593,15.7201141127407
2008,4.1675357159412,0.825404525207514,89.8943079983567,23.2075093455788,449.471539991783,191,24,0.710940882769073,84.4773059338228,15.5226940661772
2008,4.18480799859456,0.82819853134838,90.5850973828712,23.2614068346474,452.925486914356,192,24,0.757118605816151,84.6681503147321,15.3318496852679
2008,4.20561372109287,0.832303443772523,91.2700810428492,23.3145692163748,456.350405214246,193,24,0.762506403034573,84.852054914817,15.147945085183
2008,4.23384423125335,0.838002489118216,91.9581229346887,23.3676897383767,459.790614673443,194,24,0.759362952217692,85.02719075568,14.97280924432
2008,4.27420589224258,0.845601919443963,92.6524131994732,23.4210126078685,463.262065997366,195,24,0.790813930628013,85.1926576294879,14.8073423705121
2008,4.10534053353703,0.812291991782758,93.3484579457855,23.4741914053257,466.742289728927,196,24,0.781862464992185,84.9930190091617,15.0069809908383
2008,4.16444938217931,0.82392798299971,94.0124911558175,23.5246675001651,470.062455779087,197,24,0.790526714489029,85.1424162255316,14.8575837744684
2008,4.23180807470345,0.837601684711043,94.6865848598063,23.5756548118385,473.432924299032,198,24,0.770614945455066,85.2697230062579,14.7302769937421
2008,4.31162615145934,0.854137684569658,95.3781027828902,23.6276978510984,476.890513914451,199,24,0.726354077902928,85.2975417864995,14.7024582135005
2008,4.41237041788747,0.874215971863997,96.0944047562603,23.6813295608997,480.472023781302,200,24,0.72319036123782,85.1661873750496,14.8338126249504
2008,4.53150118042799,0.897836221576074,96.8314542507003,23.7362246302668,484.157271253502,201,24,0.72663747104433,84.8984131008119,15.1015868991881
2008,4.66846680454136,0.925010309905784,97.5916041032966,23.7925359887473,487.958020516483,202,24,0.729089518861234,84.5197171934471,15.4802828065529
2008,4.82169371823816,0.955811088589346,98.3786177272644,23.8505162173224,491.893088636322,203,24,0.708908896182731,84.0566099873221,15.9433900126779
2008,4.99478178737653,0.990361970424688,99.2002709619698,23.9107044765607,496.001354809849,204,24,0.700897523656478,83.5345529337335,16.4654470662665
2008,5.18923405515554,1.02877408104326,100.058098581935,23.9731730028834,500.290492909674,205,24,0.713282963495917,82.9773856881752,17.0226143118248
2008,5.40908950982396,1.07113720999605,100.952290080665,24.0378935304552,504.761450403324,206,24,0.782823110144464,82.4059701403234,17.5940298596766
2008,5.64946553786578,1.11746425193252,101.876490834318,24.1043675608931,509.382454171592,207,24,0.859196973190591,81.8379915405115,18.1620084594885
2008,5.90202227409895,1.16775394342707,102.833433946969,24.1727551878883,514.167169734844,208,24,0.847310915109913,81.2866596123354,18.7133403876646
2008,6.17931578360859,1.22206183598618,103.843202762149,24.2444387177242,519.216013810745,209,24,0.883814807916461,80.7605025797099,19.2394974202901
2008,6.47865230524675,1.28022504325535,104.901060065128,24.3190168596372,524.505300325639,210,24,0.947032763387343,80.2664498859865,19.7335501140135
2008,6.79640662704053,1.34204196739016,106.006064793151,24.3963612163052,530.030323965753,211,24,1.00868592756703,79.8136969300222,20.1863030699778
2008,6.81371593496134,1.34474067961808,107.162206048152,24.4766856511442,535.811030240759,212,24,1.04967714590135,79.0040058142397,20.9959941857603
2009,3.10537665425621,0.618546503291683,54.5,19.9420239553624,272.5,141,24,0.31082664016006,84.1035722003786,15.8964277996214
2009,3.14154930521638,0.625934837186233,55.0588834174534,20.0037735632452,275.294417087267,142,24,0.306527853375655,84.0361762018276,15.9638237981724
2009,3.18154667171424,0.634300471763908,55.6258594456289,20.0659725109041,278.129297228145,143,24,0.294889134370446,83.9796863417587,16.0203136582413
2009,3.22942710039448,0.643470410120154,56.2031609007486,20.1288518300749,281.015804503743,144,24,0.310525708400237,83.9305297054993,16.0694702945007
2009,3.28178785230444,0.653283475369083,56.7869092080454,20.1919772643838,283.934546040227,145,24,0.336035620124333,83.8868729374183,16.1131270625817
2009,3.33355330573191,0.6635881226101,57.3760256405876,20.2552263241911,286.880128202938,146,24,0.338747730052181,83.8465360302756,16.1534639697244
2009,3.38900164989126,0.674246336550176,57.9749505712563,20.3190661475784,289.874752856282,147,24,0.356182388060006,83.8077237503847,16.1922762496154
2009,3.44438572411824,0.685121717703538,58.5814759154827,20.3832493623165,292.907379577414,148,24,0.364752585903288,83.7664698876712,16.2335301123288
2009,3.49836174451372,0.696102008392133,59.1973615565857,20.4479509022603,295.986807782929,149,24,0.358223537032627,83.7224477013124,16.2775522986876
2009,3.54779912850024,0.707081797466495,59.8253455604794,20.5134421395878,299.126727802397,150,24,0.320052889625002,83.6740346787041,16.3259653212959
2009,3.81812177660323,0.759543297289425,60.4708483221251,20.5802628922078,302.354241610625,151,24,0.373003075508731,84.0501378672521,15.9498621327479
2009,3.87601456481571,0.77084553075654,61.1598224886531,20.6510374470496,305.799112443266,152,24,0.384273897942605,83.9820025566369,16.0179974433631
2009,3.93333540009057,0.781879703702676,61.8581175664941,20.7222047294261,309.29058783247,153,24,0.401548795442695,83.9088521371575,16.0911478628425
2009,3.98544020051726,0.792578304381622,62.5644180977228,20.7936205544054,312.822090488614,154,24,0.392322492009872,83.8312197707188,16.1687802292812
2009,4.03762441975,0.802879331228184,63.2829808529062,20.8657019203575,316.414904264531,155,24,0.398724855910624,83.7496717612178,16.2503282387822
2009,4.08612617724795,0.812716706386371,64.0106956755963,20.9381222939377,320.053478377982,156,24,0.395265462462588,83.6627972133686,16.3372027866314
2009,4.1352584532682,0.822031395805849,64.7487981148348,21.010992594722,323.743990574174,157,24,0.415839611641717,83.5703854112455,16.4296145887545
2009,4.17714851000005,0.830771226379216,65.4926072253697,21.0838429350538,327.463036126848,158,24,0.404298583587061,83.4735197350355,16.5264802649645
2009,4.2180629529957,0.838876581374914,66.2470972677916,21.1571526186711,331.235486338958,159,24,0.409152420938994,83.3711918988847,16.6288081011153
2009,4.25611126044706,0.846293427596671,67.0087937562897,21.2305745868739,335.043968781449,160,24,0.41840113439934,83.2641869367279,16.7358130632721
2009,4.29054508929484,0.852963929440909,67.7762440986111,21.3039652243758,338.881220493056,161,24,0.428791907722426,83.1528038247019,16.8471961752981
2009,4.3205335300536,0.858826915533436,68.5484965843506,21.3772327482326,342.742482921753,162,24,0.4364138030185,83.0371729237955,16.9628270762045
2009,4.35072661280809,0.863817085271874,69.3252154927942,21.4503460108327,346.626077463971,163,24,0.480707029960733,82.9172222291493,17.0827777708507
2009,4.37064420487513,0.867871245629018,70.0991070459832,21.5226274980833,350.495535229916,164,24,0.480820239657743,82.7942464975916,17.2057535024084
2009,4.38541189301572,0.870909007294208,70.8769517586626,21.5947199234942,354.384758793313,165,24,0.480688145422081,82.6665021591806,17.3334978408194
2009,4.39687710054757,0.872852037026682,71.6577682329301,21.6665352968715,358.288841164651,166,24,0.499012804920296,82.5337691416902,17.4662308583098
2009,4.39959595480917,0.873619661630327,72.4372041288713,21.7376817753016,362.186020644357,167,24,0.493590694651154,82.3963966526838,17.6036033473162
2009,4.39801650602741,0.873474727636278,73.2182590634859,21.8084428065005,366.09129531743,168,24,0.490677859292789,82.2684429565228,17.7315570434772
2009,4.3947119851944,0.872766184883567,73.9995709984512,21.8787026986214,369.997854992256,169,24,0.497073476558361,82.1645880279653,17.8354119720347
2009,4.38890598323128,0.87153275680239,74.7789326994902,21.9482739882999,373.894663497451,170,24,0.504716589124104,82.0842916785175,17.9157083214825
2009,4.37959344857883,0.869815608115122,75.555593850267,22.0171032674055,377.777969251335,171,24,0.503122570342622,82.0268158893214,17.9731841106786
2009,4.3742614183859,0.86765862788397,76.3307000419458,22.0853048431321,381.653500209729,172,24,0.557690837995073,81.991136586444,18.008863413556
2009,4.36009465289509,0.865119810247134,77.093814354376,22.1519813179405,385.46907177188,173,24,0.549042542174769,81.9786042353792,18.0213957646208
2009,4.34653187361928,0.862243864899855,77.8558127407114,22.2181028653518,389.279063703557,174,24,0.562317800148877,81.9863886342578,18.0136113657422
2009,4.33160069347565,0.859092240794403,78.6124306924768,22.2833127444331,393.062153462384,175,24,0.576112966504631,82.014708884384,17.985291115616
2009,4.31715556716286,0.855726796790148,79.3632900088406,22.3475952774105,396.816450044203,176,24,0.606522030921536,82.0630197210743,17.9369802789257
2009,4.30309291744975,0.852214458951628,80.1051645787284,22.4106936386217,400.525822893642,177,24,0.651315470813877,82.1312905063657,17.8687094936343
2009,4.28679887494017,0.848620084117775,80.8352535350885,22.4723932086568,404.176267675443,178,24,0.677706347959204,82.2193271180162,17.7806728819838
2009,4.27225451571702,0.845009586891825,81.5567906829454,22.5329896419976,407.783953414727,179,24,0.72837595232158,82.3257199951099,17.6742800048901
2009,4.25718314523748,0.841454583364291,82.2652697232153,22.5921269401503,411.326348616077,180,24,0.772006757791766,82.4503611536546,17.5496388463454
2009,4.24154055961537,0.838022750382366,82.9619926259487,22.6499377687642,414.809963129744,181,24,0.801274983264962,82.5919132346239,17.4080867653761
2009,4.22963221800049,0.834779558380145,83.6497172605669,22.7066710544343,418.248586302834,182,24,0.874000793737037,82.7486238559965,17.2513761440035
2009,4.2178008480782,0.831793331963534,84.32049849965,22.7616942900268,421.60249249825,183,24,0.933012381747942,82.92035574512,17.07964425488
2009,4.20693663430157,0.829125115973843,84.9770943309944,22.8152592356289,424.885471654972,184,24,0.984746744397586,83.1048704840207,16.8951295159793
2009,4.10502531053234,0.807631407658473,85.6211533364106,22.8675219017141,428.105766682053,185,17,1.01841488766064,83.2999078787574,16.7000921212426
2009,4.09339834023401,0.80613220744529,86.238079020718,22.9173265088614,431.19039510359,186,17,0.951177592418379,83.5054753401385,16.4945246598615
2009,4.17505057960155,0.823631676482813,86.8661094612622,22.9677731887141,434.330547306311,187,24,0.93182387307691,83.7132979877226,16.2867020122774
2009,4.16745090437264,0.822862142857326,87.5143228372832,23.0195751835516,437.571614186416,188,24,0.876623729369759,83.9198798383982,16.0801201616018
2009,4.16440486775985,0.822763072786167,88.172036772143,23.0718638022381,440.860183860715,189,24,0.842135522527083,84.1245722661047,15.8754277338953
2009,4.16009652673233,0.823442143210286,88.8360185809741,23.1243756964626,444.180092904871,190,24,0.736438862708768,84.3259078781022,15.6740921218978
2009,4.16545274587282,0.825058324384325,89.5202565208124,23.1782041548602,447.601282604062,191,24,0.704289659600838,84.5217806072948,15.4782193927052
2009,4.1751706611011,0.827774997173988,90.2119725151699,23.232330217247,451.05986257585,192,24,0.659423272470918,84.7103840207767,15.2896159792233
2009,4.19515379040114,0.831827360590309,90.9145811960091,23.2870133016696,454.572905980046,193,24,0.658079453204658,84.8902222682119,15.1097777317881
2009,4.22455512465286,0.837485425442505,91.6214297661891,23.34172996054,458.107148830946,194,24,0.67239392543326,85.0614462962399,14.9385537037601
2009,4.26256104777404,0.845049627050814,92.3312690642893,23.3963828421552,461.656345321446,195,24,0.674725291645351,85.2236549418599,14.7763450581401
2009,4.09854180747748,0.811738055941488,93.0482154874654,23.4512864707693,465.241077437327,196,24,0.724700093787242,85.0223231096916,14.9776768903084
2009,4.15693185777054,0.823354029355837,93.7223339599875,23.5026420389983,468.611669799937,197,24,0.725422161805348,85.1696240676335,14.8303759323665
2009,4.22522166802863,0.837018000230089,94.4079576113694,23.554610689237,472.039788056847,198,24,0.720635946809602,85.2949831952711,14.7050168047289
2009,4.31226971912215,0.853547596634478,95.108166526463,23.607414074561,475.540832632315,199,24,0.771968967905984,85.3213835117033,14.6786164882967
2009,4.4104069293325,0.873564075349188,95.8154867582517,23.6604793541697,479.077433791258,200,24,0.738007614967525,85.1903490872538,14.8096509127462
2009,4.53171951366963,0.897131387333578,96.5491935200118,23.7152365178848,482.745967600059,201,24,0.771813433720426,84.92252187206,15.07747812794
2009,4.66897305608682,0.92422325165427,97.3003659352381,23.7709975207292,486.501829676191,202,24,0.781753284340263,84.544294424363,15.455705575637
2009,4.82696997691477,0.954922400500923,98.0769631515017,23.8283313075819,490.384815757509,203,24,0.82337490464181,84.0817591475182,15.9182408524818
2009,5.00135017048736,0.989305568452788,98.8767946872966,23.8870506096127,494.383973436483,204,24,0.836108055479578,83.5610909367356,16.4389090632644
2009,5.19576942238421,1.02750373432043,99.7089120099195,23.947789838569,498.544560049597,205,24,0.857999395925705,83.0054454940115,16.9945545059885
2009,5.41089612307975,1.06960914839574,100.575487687809,24.0106699236479,502.877438439046,206,24,0.891098887328199,82.435474787826,17.564525212174
2009,5.64383587591089,1.11567782287928,101.478417563345,24.075787502271,507.392087816724,207,24,0.896282380393194,81.8682635115923,18.1317364884077
2009,5.89701030394127,1.16575961235094,102.426842987876,24.1437527222479,512.134214939378,208,24,0.901096097855251,81.3166736067928,18.6833263932072
2009,6.16807779202624,1.21982154477603,103.424879423814,24.2148011295782,517.124397119069,209,24,0.881932277892369,80.7903610029873,19.2096389970127
2009,6.46566336382504,1.27779801562774,104.480894794339,24.2894585569845,522.404473971696,210,24,0.936254983113067,80.2955088172334,19.7044911827666
2009,6.77642970165559,1.33942561878154,105.585488033235,24.36698965276,527.927440166176,211,24,0.933068295948421,79.8385480687896,20.1614519312104
2009,6.7902224526979,1.34209469769656,106.752789781563,24.4483103026958,533.763948907815,212,24,0.935726930299793,79.029930138675,20.970069861325
2010,3.10612926709819,0.618543263301148,54.5,19.9420239553624,272.5,141,24,0.316634133087225,84.1014296085052,15.8985703914948
2010,3.14338622248018,0.625931486614244,55.0578724414363,20.0036622583609,275.289362207182,142,24,0.320341956547601,84.0343151426277,15.9656848573722
2010,3.18742547851689,0.634297601591878,55.6224530355411,20.0656001400015,278.112265177706,143,24,0.338617249156957,83.9784379366999,16.0215620633001
2010,3.23315162448257,0.643470460771469,56.1921846400945,20.1276605104586,280.960923200472,144,24,0.338418004158301,83.9311227021858,16.0688772978142
2010,3.28332966868547,0.653285578803194,56.7710994304665,20.1902735979102,283.855497152333,145,24,0.347894237102788,83.8886405439949,16.1113594560051
2010,3.33259311917454,0.663595318774759,57.358152559611,20.253314097956,286.790762798055,146,24,0.33117986642236,83.8501282225558,16.1498717774442
2010,3.38576594324223,0.674248555173599,57.9583990932011,20.3173081049047,289.791995466006,147,24,0.331469778699242,83.8096751924631,16.1903248075369
2010,3.44130461174615,0.685121340425454,58.5692198838129,20.3819570106447,292.846099419065,148,24,0.341092298660312,83.7674156895444,16.2325843104556
2010,3.49731467231401,0.696099053630469,59.1892214112529,20.4470988102867,295.946107056264,149,24,0.350366438237193,83.7224787548648,16.2775212451352
2010,3.55556833304929,0.707077830006034,59.8185674564124,20.5127378281109,299.092837282062,150,24,0.377056575018439,83.6737985530879,16.3262014469121
2010,3.81973678214911,0.759542811982164,60.4542233534402,20.5785481716049,302.271116767201,151,24,0.384937666827713,84.051078377874,15.948921622126
2010,3.87657151205585,0.770846976942797,61.1411336844203,20.6491249997102,305.705668422101,152,24,0.388284946560524,83.9834851988464,16.0165148011536
2010,3.93357919573297,0.78188215053804,61.8387380390452,20.7202372240657,309.193690195226,153,24,0.403226414539246,83.9105714905313,16.0894285094687
2010,3.988429752779,0.792585536849658,62.5447519120865,20.7916396821082,312.723759560432,154,24,0.414597112614164,83.8341139806009,16.1658860193991
2010,4.04097308488497,0.802890202109599,63.2594577679701,20.8633512990258,316.297288839851,155,24,0.423712865480193,83.7534471217783,16.2465528782217
2010,4.09025839497663,0.812731781998529,63.9828448665592,20.9353612398052,319.914224332796,156,24,0.425607300498839,83.6675493552996,16.3324506447005
2010,4.13546836240056,0.822051614088392,64.7157055631761,21.0077379128829,323.578527815881,157,24,0.416487291904304,83.5763041181472,16.4236958818528
2010,4.17915829268755,0.830792139541667,65.4594273476962,21.0806055450396,327.297136738481,158,24,0.418167701953971,83.4794876820482,16.5205123179518
2010,4.21958091249544,0.838900210534688,66.2115457651863,21.1537113734373,331.057728825932,159,24,0.419260429170726,83.3777000126589,16.6222999873412
2010,4.26093470020487,0.846319189667617,66.9715245186583,21.2269956774176,334.857622593291,160,24,0.454213016310043,83.2710937693922,16.7289062306078
2010,4.29564600015145,0.852995835104429,67.7327774773849,21.2998240647152,338.663887386924,161,24,0.467166410208448,83.1610559418073,16.8389440581926
2010,4.320427497157,0.858865352096676,68.4983756209652,21.3724950247106,342.491878104826,162,24,0.433902795042791,83.0468563089154,16.9531436910846
2010,4.35086604357711,0.863855588780773,69.2755759832158,21.4456905249356,346.377879916079,163,24,0.479982463415324,82.9268329740758,17.0731670259242
2010,4.36735570250705,0.867910056608337,70.0496408164466,21.518024036748,350.248204082233,164,24,0.452674460596052,82.8038543259163,17.1961456740837
2010,4.38292450220185,0.870943817956843,70.8324574905417,21.5906110033121,354.162287452709,165,24,0.459071658659637,82.6751167975736,17.3248832024264
2010,4.3948096612181,0.872883885753223,71.6171002649536,21.6628083720214,358.085501324768,166,24,0.480190884449439,82.5416408500786,17.4583591499214
2010,4.39756501215554,0.873648994024247,72.3998875213676,21.734287729143,361.999437606838,167,24,0.475407251421047,82.4036344287957,17.5963655712043
2010,4.39790924904962,0.873501689461268,73.1841734056454,21.805365764191,365.920867028227,168,24,0.48846840861042,82.2750767489088,17.7249232510912
2010,4.39620063335367,0.872793256118078,73.9659062124742,21.8756860609734,369.829531062371,169,24,0.508487514430752,82.1711918490039,17.8288081509961
2010,4.38653288336578,0.871561994747529,74.743283286482,21.9451027292584,373.71641643241,170,24,0.483265735556837,82.0913487136954,17.9086512863046
2010,4.3758262233172,0.869842047059235,75.5237604909236,22.0142918465405,377.618802454618,171,24,0.470475616809321,82.0331507659855,17.9668492340145
2010,4.36466711596178,0.867680666405149,76.3046431010051,22.0830199530478,381.523215505025,172,24,0.472016770138255,81.9963665842406,18.0036334157594
2010,4.35608729089892,0.865129797894688,77.0829737736329,22.1510373593698,385.414868868164,173,24,0.511956274606211,81.9808843628189,18.0191156371811
2010,4.34114465879788,0.862249115207441,77.8515881190939,22.2177375246825,389.257940595469,174,24,0.512117888720185,81.9874556604794,18.0125443395206
2010,4.32804675281406,0.85909111835097,78.6171686830277,22.2837197118688,393.085843415139,175,24,0.541782309897316,82.0141378344318,17.9858621655682
2010,4.31056075690192,0.855721795042414,79.3741832568543,22.3485247440654,396.870916284272,176,24,0.541076116335809,82.0613875928247,17.9386124071753
2010,4.29032145860617,0.852201867948728,80.1278278409892,22.4126147849833,400.639139204946,177,24,0.521771313343184,82.1275757967951,17.8724242032049
2010,4.27447026067708,0.848592969648155,80.8812708868261,22.4762690863573,404.40635443413,178,24,0.547461143724734,82.2114582848172,17.7885417151828
2010,4.25784310695166,0.844970098063987,81.6263903958927,22.5388150062285,408.131951979463,179,24,0.567428721033133,82.3138050332128,17.6861949667872
2010,4.24124042712677,0.841402456811313,82.3641750876323,22.6003543783464,411.820875438161,180,24,0.585549169970269,82.4335477898849,17.5664522101151
2010,4.22453450563303,0.837960171412474,83.0949987185622,22.6609354960697,415.474993592811,181,24,0.596449632706658,82.569591382903,17.430408617097
2010,4.20755294207731,0.834711536888312,83.820284061168,22.7206914800905,419.10142030584,182,24,0.594123206667687,82.7204897179271,17.2795102820729
2010,4.19019797408135,0.831723991282738,84.5426207489839,22.7798474097343,422.71310374492,183,24,0.574080129501505,82.8844226399825,17.1155773600175
2010,4.17890088610834,0.829064828017875,85.2654767405197,22.8386942608961,426.327383702599,184,24,0.600154824187462,83.059252487573,16.940747512427
2010,4.16865080301813,0.826803263019218,85.9808392568988,22.8965897433786,429.904196284494,185,24,0.616754222932226,83.2444808847213,16.7555191152787
2010,4.16004635771045,0.825005246895129,86.69081215541,22.9537180388742,433.45406077705,186,24,0.625951409662505,83.4376923365082,16.5623076634918
2010,4.15373990428935,0.823739721558548,87.3972043410419,23.0102354956574,436.98602170521,187,24,0.630823428707515,83.6363500162239,16.3636499837761
2010,4.15038328733655,0.82308189810964,88.1013397184627,23.0662564147409,440.506698592313,188,24,0.634375508676746,83.8378681477102,16.1621318522898
2010,4.15132703900228,0.823118261486228,88.8040714603064,23.1218553911967,444.020357301532,189,24,0.64720510097314,84.0396809925826,15.9603190074174
2010,4.15623292325589,0.823959128829048,89.5044033091867,23.1769602459271,447.522016545934,190,24,0.659097892901455,84.2410511234673,15.7589488765327
2010,4.16687939460343,0.82573514958291,90.2033142357803,23.2316545065796,451.016571178901,191,24,0.683641095493843,84.4389778837361,15.5610221162639
2010,4.18139044101194,0.828613473252772,90.899421406956,23.2858365503198,454.49710703478,192,24,0.687630058238387,84.6310238138435,15.3689761861565
2010,4.20314052504164,0.832821515491437,91.5976077467135,23.3398907139241,457.988038733568,193,24,0.698198966009891,84.8152918600297,15.1847081399703
2010,4.23563295642739,0.838631006332615,92.2980040312249,23.3938282094483,461.490020156125,194,24,0.74311214871073,84.9909826039963,15.0090173960037
2010,4.27525959053531,0.846328117262801,92.9958887903312,23.4472892960158,464.979443951656,195,24,0.75750035893169,85.1579248994178,14.8420751005821
2010,4.10626853607688,0.81309632233178,93.6987929307148,23.5008529863688,468.493964653574,196,24,0.740443561746341,84.9587256721474,15.0412743278526
2010,4.16056551350816,0.824830224363451,94.3712806470501,23.5518373335197,471.856403235251,197,24,0.680859019081539,85.1088720325826,14.8911279674174
2010,4.2337228705637,0.838628592352764,95.0665153454639,23.6042807146765,475.33257672732,198,24,0.729455068508153,85.235580864912,14.7644191350881
2010,4.31572266615948,0.855259666561109,95.7666309043877,23.6568228364498,478.833154521939,199,24,0.709121050789216,85.2637403183958,14.7362596816042
2010,4.41776064972152,0.875433921920494,96.4871804568607,23.7106196729674,482.435902284303,200,24,0.716284815203793,85.1329089086511,14.8670910913489
2010,4.5382384777717,0.899159940727184,97.2266698916348,23.7655402207063,486.133349458174,201,24,0.729700838717022,84.8656894412067,15.1343105587933
2010,4.6757452828974,0.926451531412059,97.9875344665601,23.8217452189111,489.937672332801,202,24,0.731522310082862,84.4876590799774,15.5123409200226
2010,4.83323697337096,0.957390246733388,98.7754963540431,23.8796321860901,493.877481770215,203,24,0.751885821555257,84.0252508156087,15.9747491843913
2010,5.00970868813238,0.992068679093693,99.5908411037073,23.9391929812926,497.954205518537,204,24,0.773052800961039,83.5045681573317,16.4954318426683
2010,5.20309021961376,1.03059907974958,100.437200771538,24.0006609974343,502.18600385769,205,24,0.76516897335245,82.9492766220108,17.0507233779892
2010,5.41825832858022,1.07310994553901,101.323763770382,24.0646629064877,506.618818851909,206,24,0.776545161002937,82.3795548497591,17.6204451502409
2010,5.65589912363264,1.11965762654668,102.251030840617,24.1311870456255,511.255154203084,207,24,0.810013766993685,81.8126361524655,18.1873638475346
2010,5.91242010302596,1.17023973596468,103.219073045432,24.2001893816323,516.095365227158,208,24,0.826768030105811,81.2619847030514,18.7380152969486
2010,6.18981399380301,1.22483336111639,104.235003868114,24.2721218732877,521.175019340569,209,24,0.849408626717826,80.7369722182815,19.2630277817185
2010,6.4876146499417,1.28332399952717,105.301814224178,24.3471328194225,526.50907112089,210,24,0.878699314319713,80.2439978211776,19.7560021788224
2010,6.80162886952501,1.34554425251423,106.422248235732,24.4253461242784,532.111241178658,211,24,0.881035784185905,79.7920587837737,20.2079412162263
2010,6.80354714615981,1.34864498003061,107.60493134693,24.5072846426485,538.024656734649,212,24,0.756654844384689,78.9828085803247,21.0171914196752
2011,3.1079935422987,0.618543263301148,54.5,19.9420239553624,272.5,141,24,0.33116463460313,84.1014296085052,15.8985703914948
2011,3.14526470957356,0.625932498022728,55.0553391961733,20.0033833507594,275.276695980866,142,24,0.334925867857886,84.034925325661,15.9650746743391
2011,3.18695756885317,0.634299751570905,55.6173787132284,20.0650454121996,278.086893566142,143,24,0.334810143401305,83.9796538877617,16.0203461122383
2011,3.23323884471096,0.643472448418674,56.1877781734252,20.1271822044905,280.938890867126,144,24,0.339002392475651,83.9321729008414,16.0678270991586
2011,3.28145747035491,0.653287744487821,56.7665935451873,20.1897879817818,283.832967725937,145,24,0.333260778540194,83.8897084308391,16.1102915691609
2011,3.33426106196056,0.663596318207575,57.3561989425299,20.2531050568945,286.780994712649,146,24,0.343758820066071,83.8505885566108,16.1494114433892
2011,3.38926241961264,0.674250801903059,57.9542632813209,20.3168687581507,289.771316406605,147,24,0.357963372636157,83.8106440939429,16.1893559060571
2011,3.44521153883166,0.685126362329581,58.5604846648574,20.381035800163,292.802423324287,148,24,0.371066059543039,83.7694502561984,16.2305497438016
2011,3.50118981466728,0.696107505550863,59.1752728621129,20.4456385178539,295.876364310565,149,24,0.380223617636172,83.7257088149299,16.27429118507
2011,3.55574277864032,0.707090001538483,59.7994225614025,20.5107481853129,298.997112807013,150,24,0.377861486193723,83.6782064228407,16.3217935771593
2011,3.8155061188898,0.759557311278991,60.4349524543335,20.5765601350149,302.174762271667,151,24,0.353711302502714,84.0553890718434,15.9446109281566
2011,3.87322060557471,0.770857789417238,61.1272620199816,20.6477052325032,305.636310099908,152,24,0.36350620997458,83.9865701361105,16.0134298638895
2011,3.93199038047356,0.78188985685611,61.8291520125738,20.71926384444,309.145760062869,153,24,0.390874529185861,83.9126910717889,16.087308928211
2011,3.97411584693925,0.792591674549585,62.537318552254,20.7908908454945,312.68659276127,154,24,0.316645069129759,83.8357481309914,16.1642518690086
2011,4.0340046892907,0.802882352534841,63.2687520788487,20.8642801362797,316.343760394244,155,24,0.372672051619585,83.7514156321553,16.2485843678447
2011,4.08367534920458,0.812716200136264,64.0009536039161,20.9371565864451,320.00476801958,156,24,0.37788656026251,83.6636137836907,16.3363862163093
2011,4.13037856353729,0.822028581621595,64.7420417214974,21.0103281916427,323.710208607487,157,24,0.380734433857568,83.5706127226341,16.4293872773659
2011,4.17609323615183,0.830763417774864,65.4918959362832,21.0837735459399,327.459479681416,158,24,0.397002232789598,83.4725101485645,16.5274898514355
2011,4.21199172369651,0.838868024160899,66.2476341992936,21.1572045816552,331.238170996468,159,24,0.367645281598677,83.3699872065578,16.6300127934422
2011,4.25467994753295,0.84627894087506,67.0164178656453,21.2313065478137,335.082089328227,160,24,0.408559508416135,83.2615511828932,16.7384488171068
2011,4.28876079498942,0.852948396733029,67.7855502081167,21.3048515971044,338.927751040584,161,24,0.416258097676108,83.1498978367068,16.8501021632932
2011,4.32333923240329,0.858809980344098,68.5599525163118,21.37831529021,342.799762581559,162,24,0.458902759073915,83.0339037606429,16.9660962393571
2011,4.34925616928467,0.863804274944368,69.3327346689159,21.4510510008654,346.66367334458,163,24,0.469241239193883,82.9148697929004,17.0851302070996
2011,4.36915018141278,0.867857279760008,70.1086252186083,21.5235130252553,350.543126093042,164,24,0.469271959869542,82.7915680785383,17.2084319214617
2011,4.3870807696561,0.870893932317109,70.888480684971,21.5957842940486,354.442403424855,165,24,0.49530581518497,82.6635006765831,17.3364993234169
2011,4.3942295888285,0.872839982771795,71.6667072757488,21.6673542977914,358.333536378744,166,24,0.47752357247931,82.5313993375823,17.4686006624177
2011,4.39959681642193,0.873605046888094,72.4499114136154,21.7388372589957,362.249557068077,167,24,0.494287343886829,82.3933482714824,17.6066517285176
2011,4.39847372181506,0.873461044173597,73.23082703736,21.8095771134973,366.1541351868,168,24,0.495165941133924,82.2655258131104,17.7344741868896
2011,4.39545585319541,0.872754038788724,74.011332639162,21.8797564114805,370.05666319581,169,24,0.50401065823665,82.1619427996598,17.8380572003402
2011,4.3885088533976,0.871522534415766,74.7894555196884,21.9492098636845,373.947277598442,170,24,0.501802160426211,82.0820083827234,17.9179916172766
2011,4.38162681441112,0.869805843184494,75.56661998156,22.0180768676864,377.8330999078,171,24,0.521439765079481,82.0245450788318,17.9754549211682
2011,4.37113936076116,0.867652489772125,76.3384692434816,22.0859860063626,381.692346217408,172,24,0.528926771122014,81.989631962085,18.010368037915
2011,4.35926371096727,0.865110363278698,77.1067118362429,22.1531042635232,385.533559181215,173,24,0.541763757679872,81.976202924311,18.023797075689
2011,4.34764398346691,0.862234366576863,77.8699995791433,22.2193296265677,389.349997895717,174,24,0.573776744778196,81.9838628930286,18.0161371069714
2011,4.32878889194458,0.859085369708064,78.6245479191792,22.284353513791,393.122739595896,175,24,0.549111656988621,82.0127146601646,17.9872853398354
2011,4.3109936933117,0.855717239422255,79.3802449178471,22.3490419169387,396.901224589236,176,24,0.54541789479115,82.0602336076662,17.9397663923338
2011,4.2933854836619,0.852198079821666,80.1331076185376,22.4130622930518,400.665538092688,177,24,0.55067251273341,82.1265849748968,17.8734150251032
2011,4.27620757811807,0.848592893888001,80.8813831245244,22.4762785378599,404.406915622622,178,24,0.564407816058848,82.2114375525113,17.7885624474887
2011,4.25782390925935,0.844971927582384,81.6234607602755,22.5385698710804,408.117303801377,179,24,0.567128341302043,82.3143368494389,17.6856631505611
2011,4.24300806702643,0.841404077358304,82.3613017522389,22.6001154572174,411.806508761194,180,24,0.604047131111334,82.4340594993178,17.5659405006822
2011,4.22475206609508,0.837963232945229,83.0887793843503,22.6604215184219,415.443896921752,181,24,0.598559202325075,82.5706759715462,17.4293240284538
2011,4.20805292835648,0.834714229084031,83.813686473035,22.7201495346215,419.068432365175,182,24,0.599261709094838,82.7216141077867,17.2783858922133
2011,4.19672607537257,0.831726325771317,84.5350956213877,22.7792329569674,422.675478106938,183,24,0.645052490766664,82.8856732448485,17.1143267551514
2011,4.18102294409532,0.829068863348283,85.2450629557716,22.8370371793731,426.225314778858,184,24,0.623116459624284,83.0625532339959,16.9374467660041
2011,4.17013962242474,0.826804967592038,85.9562581076212,22.8946059307982,429.781290538106,185,24,0.633266907654343,83.2483384986894,16.7516615013106
2011,4.16096758585743,0.825003158436689,86.6632269242381,22.9515044812959,433.316134621191,186,24,0.636401287249969,83.4418833118873,16.5581166881127
2011,4.15539460031069,0.823732693519762,87.3677141875251,23.0078824102485,436.838570937626,187,24,0.65021208732743,83.6406759322128,16.3593240677872
2011,4.15444649145136,0.823068052923772,88.0683036707727,23.0636350617505,440.341518353864,188,24,0.683408275425397,83.8425342091457,16.1574657908543
2011,4.15557299190484,0.823092274069477,88.7620425467514,23.1185387715562,443.810212733757,189,24,0.700256029333916,84.0453805911759,15.9546194088241
2011,4.16000290925579,0.823915845262606,89.452614784649,23.1728956323579,447.263073923245,190,24,0.708016393974045,84.2477747497968,15.7522252502032
2011,4.16939913546787,0.825670043304626,90.1424977801651,23.2269069857613,450.712488900826,191,24,0.719274332916776,84.4465156618656,15.5534843381344
2011,4.1824770113432,0.828524419850359,90.8319844130633,23.2806002167808,454.159922065316,192,24,0.706447640343227,84.6389828971883,15.3610171028117
2011,4.20482077171803,0.832709215748453,91.5266270381042,23.3344084695151,457.633135190521,193,24,0.726362013217554,84.8232521864741,15.1767478135259
2011,4.23388937601281,0.838489939512804,92.2217294803504,23.3879681797453,461.108647401752,194,24,0.72914437386887,84.9991007311154,15.0008992688846
2011,4.27204346469644,0.846172018155608,92.9220621091016,23.4416470959197,464.610310545508,195,24,0.725363189520974,85.1653829521524,14.8346170478476
2011,4.10334674370059,0.812940102397696,93.6307535016621,23.4956804175103,468.15376750831,196,24,0.711665866361402,84.9653785223129,15.0346214776871
2011,4.16418159858556,0.824672130057058,94.3084153087396,23.5470819767392,471.542076543698,197,24,0.736929781954192,85.1147424261304,14.8852575738696
2011,4.2360332368223,0.838430311552442,94.9931618560446,23.59876010748,474.965809280223,198,24,0.773149922712177,85.2421642083015,14.7578357916985
2011,4.31808832367845,0.855023915592014,95.6850038835183,23.6507107251015,478.425019417592,199,24,0.753886667089733,85.2708321714154,14.7291678285846
2011,4.42217577603134,0.87515446684968,96.3970773251392,23.7039078480688,481.985386625696,200,24,0.790305372363345,85.1405322481647,14.8594677518353
2011,4.54177111901622,0.898811446561959,97.1226501153742,23.7578324951538,485.613250576871,201,24,0.795855182567174,84.8742897386228,15.1257102613772
2011,4.68164871124172,0.926027178939908,97.8709956688892,23.813156281847,489.354978344446,202,24,0.831727235000252,84.4970810289071,15.5029189710929
2011,4.83552530292683,0.956851327526124,98.6401034436139,23.8697086156072,493.200517218069,203,24,0.811928488513974,84.0359327483912,15.9640672516088
2011,5.01049695121562,0.991426352740629,99.4439047935989,23.9284844793777,497.219523967995,204,24,0.820325410157474,83.5158317636046,16.4841682363954
2011,5.20270970503463,1.02984673251942,100.280976022535,23.9893422061731,501.404880112674,205,24,0.802916697342941,82.9608430638811,17.0391569361189
2011,5.41155288643344,1.07223954510819,101.159922708139,24.0528645323288,505.799613540694,206,24,0.751050352157014,82.391188450604,17.608811549396
2011,5.64901663635577,1.11871986287036,102.090957862495,24.1197331782393,510.454789312476,207,24,0.786224938285466,81.8234553084945,18.1765446915055
2011,5.88202779639725,1.16922939247391,103.062391758935,24.1890517751375,515.311958794677,208,24,0.598445091556088,81.2719917839447,18.7280082160553
2011,6.16600338880039,1.22400475780581,104.117919383036,24.2638567441329,520.589596915179,209,24,0.668456778625745,80.7439880060282,19.2560119939718
2011,6.47330973315209,1.28266137805077,105.216166355413,24.3411302425771,526.080831777066,210,24,0.773279690440274,80.2487832141741,19.7512167858259
2011,6.79438450511591,1.34497662181667,106.354829738911,24.4206561622836,531.774148694555,211,24,0.838960760298539,79.7955531366928,20.2044468633072
2011,6.8087532964449,1.34811164167577,107.544484307673,24.5031120196186,537.722421538363,212,24,0.825228621022503,78.9856925636473,21.0143074363527
2012,3.09699338611947,0.618543263301148,54.5,19.9420239553624,272.5,141,24,0.254135593554645,84.1014296085052,15.8985703914948
2012,3.13557764633609,0.625927226446477,55.0685449731471,20.0048371945137,275.342724865736,142,24,0.266222590925945,84.0317445457839,15.9682554542161
2012,3.18051199221311,0.63428915837937,55.6423876922928,20.0677790666203,278.211938461464,143,24,0.288266759857971,83.973661362889,16.026338637111
2012,3.22756678934251,0.643457555749709,56.2208066328462,20.1307666877165,281.104033164231,144,24,0.297963753823933,83.9243018005953,16.0756981994047
2012,3.27887395920565,0.653268478519541,56.8066952086313,20.194108944182,284.033476043156,145,24,0.315074976104007,83.8802053043171,16.1197946956829
2012,3.33638594630357,0.663574216703858,57.3994209202592,20.2577287386337,286.997104601296,146,24,0.361655883183158,83.8404051732839,16.1595948267161
2012,3.38757325489342,0.674229043632232,57.994330659893,20.321124191271,289.971653299465,147,24,0.345879928966647,83.8012583076681,16.1987416923319
2012,3.44400851144211,0.68510213986119,58.6026307397238,20.385479614351,293.013153698619,148,24,0.362654600205928,83.7596345872561,16.2403654127439
2012,3.50332175279839,0.69608110090768,59.2188604466488,20.4502009647803,296.094302233244,149,24,0.399324188648939,83.715615964104,16.284384035896
2012,3.55404063186079,0.707064452275506,59.8396162268189,20.5149248199615,299.198081134094,150,24,0.36574020873017,83.6689527895501,16.3310472104499
2012,3.81767852995959,0.759525506812928,60.4772297588298,20.5809209945135,302.386148794149,151,24,0.370460428554127,84.0459325640492,15.9540674359509
2012,3.87409749864884,0.770827113047297,61.1666237740659,20.6517333295074,305.833118870329,152,24,0.371006329427059,83.9778168986188,16.0221831013812
2012,3.92818799240799,0.781859283536687,61.8671889170177,20.7231255501314,309.335944585088,153,24,0.364819747196509,83.9042811691108,16.0957188308892
2012,3.97840755266471,0.792556599757175,62.5798057264489,20.7951701673825,312.899028632244,154,24,0.34454918631152,83.8264084128175,16.1735915871825
2012,4.02847135461996,0.802850466180129,63.3065165235897,20.8680531899702,316.532582617949,155,24,0.337491961455351,83.7431621015542,16.2568378984458
2012,4.07947133552899,0.812678615282581,64.044647167013,20.941487021025,320.223235835065,156,24,0.351280772016262,83.6541190124011,16.3458809875989
2012,4.12862567095777,0.82198646641574,64.7902153542803,21.0150643838842,323.951076771401,157,24,0.370472741551465,83.5602036200247,16.4397963799753
2012,4.17282270539545,0.83071931558305,65.5417709959322,21.0886377865173,327.708854979661,158,24,0.376121109861672,83.4617936266159,16.5382063733841
2012,4.2134362495447,0.838820420882265,66.3010310121714,21.1623707357908,331.505155060857,159,24,0.379038817135346,83.358577181957,16.6414228180429
2012,4.25167014245376,0.846232873260797,67.06782446257,21.2362403799274,335.33912231285,160,24,0.389309468429139,83.2506260919029,16.7493739080971
2012,4.28467417794201,0.852899291367366,67.8402044299286,21.3100554998893,339.201022149643,161,24,0.38952499308742,83.1383442077844,16.8616557922156
2012,4.31501237040596,0.858756790780785,68.6191355606159,21.3839058555702,343.09567780308,162,24,0.399342309529936,83.0214575102736,16.9785424897264
2012,4.33873126241444,0.863741981769318,69.4021638863833,21.4575580948485,347.010819431917,163,24,0.393830767518336,82.9003417723663,17.0996582276337
2012,4.35882761879592,0.867783595132777,70.1910308736271,21.531176169021,350.955154368135,164,24,0.395994382083182,82.7744076713788,17.2255923286212
2012,4.37443224656684,0.87080940408562,70.9834764954308,21.6045498833313,354.917382477154,165,24,0.402337904004899,82.6438091674252,17.3561908325747
2012,4.3852729560454,0.872741770276885,71.777765931118,21.6775236318559,358.88882965559,166,24,0.413851138167829,82.5084776058548,17.4915223941452
2012,4.38865189204614,0.873497957720721,72.5719119540313,21.7499236854566,362.859559770156,167,24,0.414520011660439,82.3682697099276,17.6317302900724
2012,4.38787687094659,0.873342874450654,73.3665905802926,21.8218216444052,366.832952901463,168,24,0.418168957896525,82.2377414277114,17.7622585722886
2012,4.38336599651058,0.87262549844499,74.1603744720032,21.8930988118058,370.801872360016,169,24,0.415299552829124,82.1316077507744,17.8683922492256
2012,4.37750789761268,0.871382220064885,74.9538195921433,21.9638161277861,374.769097960716,170,24,0.421614673757229,82.0487712074705,17.9512287925295
2012,4.37330016365529,0.869655496564776,75.7448190243737,22.0337980152781,378.724095121868,171,24,0.458934999735374,81.988778945877,18.011221054123
2012,4.36269075634874,0.867495223209356,76.5275012426151,22.1025444810977,382.637506213076,172,24,0.464724129001408,81.9520115829244,18.0479884170756
2012,4.35259946276593,0.864946681674163,77.3068916673222,22.17051656879,386.534458336611,173,24,0.490980351438035,81.9367407595427,18.0632592404573
2012,4.3405945029333,0.862067166975602,78.0789999296334,22.2373842350575,390.394999648167,174,24,0.516571259185088,81.9430956099544,18.0569043900456
2012,4.32541345509967,0.85891497274303,78.8435758390258,22.3031469531562,394.217879195129,175,24,0.526848068856828,81.9704895763946,18.0295104236054
2012,4.30878007448439,0.855550033333913,79.6030464751512,22.3680319811808,398.015232375756,176,24,0.533757965535106,82.0178353000527,17.9821646999473
2012,4.29172993195149,0.852037115428181,80.3577941794716,22.4320874599808,401.788970897358,177,24,0.543827715747148,82.0844370092203,17.9155629907797
2012,4.27319868675924,0.848440773451656,81.1071030350639,22.4952678773904,405.53551517532,178,24,0.543849596699531,82.1697602535859,17.8302397464141
2012,4.25078892095329,0.844829023065103,81.8526858041736,22.557731609902,409.263429020868,179,24,0.508550725595164,82.2727431277705,17.7272568722295
2012,4.23380918419577,0.841269249267816,82.6008302941555,22.6200126191835,413.004151470778,180,24,0.520733829315361,82.3914211884843,17.6085788115157
2012,4.21781632743884,0.837838320945407,83.3431253168951,22.6814193152238,416.715626584475,181,24,0.536431957574874,82.5263419498638,17.4736580501362
2012,4.20299678697229,0.834606253850611,84.0790646131909,22.7419250699017,420.395323065954,182,24,0.554333685654817,82.6764105491354,17.3235894508646
2012,4.18744986405011,0.831641853489728,84.8084415004294,22.8015281830096,424.042207502147,183,24,0.551980365130129,82.840270669838,17.159729330162
2012,4.17644580733239,0.829011860785918,85.5351608851478,22.8605598622566,427.675804425739,184,24,0.578500906918195,83.0156738358846,16.9843261641154
2012,4.16712332519903,0.826784641719272,86.2543558294047,22.9186371736565,431.271779147023,185,24,0.602578761955802,83.2015855127978,16.7984144872022
2012,4.16070951771688,0.825026485181249,86.9668505680575,22.9758415596894,434.834252840287,186,24,0.633886943417124,83.3957841474057,16.6042158525943
2012,4.15460742356622,0.823805476737859,87.6717801282727,23.0321179949579,438.358900641364,187,24,0.638576821747211,83.5961025870013,16.4038974129987
2012,4.15340234098487,0.823196685834276,88.3745298949514,23.0879073673853,441.872649474757,188,24,0.664656224546776,83.7993129657536,16.2006870342464
2012,4.15137084480289,0.82328406913964,89.0718005749611,23.1429570075573,445.359002874806,189,24,0.639550152137877,84.00340459289,15.99659540711
2012,4.15610365458893,0.824184411442111,89.7736632821783,23.1980666947744,448.868316410892,190,24,0.645766333396429,84.2061258258276,15.7938741741724
2012,4.15696657503187,0.826026436120947,90.4752053730149,23.2528519316926,452.376026865074,191,24,0.558202856822906,84.4053129595206,15.5946870404794
2012,4.17450826269409,0.82900321572552,91.1944078791771,23.3087098260031,455.972039395885,192,24,0.588140010532127,84.5962490964602,15.4037509035398
2012,4.19736935005075,0.833317676674177,91.911104804735,23.3640685218801,459.555524023675,193,24,0.603914884772413,84.7801793443901,15.2198206556099
2012,4.22611191801148,0.839243649543347,92.6291915431148,23.4192336481176,463.145957715574,194,24,0.595837983113592,84.9557838787141,15.0442161212859
2012,4.26711948250385,0.847086689181728,93.3546136255191,23.4746604730921,466.773068127595,195,24,0.615687707454615,85.1217437529021,14.8782562470979
2012,4.10234651764691,0.813981397827362,94.0842373178245,23.5301063516702,470.421186589122,196,24,0.637190493834504,84.9211038984493,15.0788961015507
2012,4.16477069128472,0.825849549751904,94.7765745627096,23.5824423206323,473.882872813548,197,24,0.671770726227036,85.0710973352834,14.9289026647166
2012,4.23635273517156,0.839731411361452,95.4744497859912,23.634927948991,477.372248929956,198,24,0.694825380716803,85.1990436038961,14.8009563961039
2012,4.32051650213815,0.85645956711388,96.1819983039431,23.6878688155499,480.909991519715,199,24,0.696165297057065,85.2277316060228,14.7722683939772
2012,4.42191657901691,0.876733577746172,96.9060777757273,23.7417662970685,484.530388878636,200,24,0.69005058742132,85.0975513539474,14.9024486460526
2012,4.54228557569404,0.90058435882348,97.651624326673,23.7969692047163,488.258121633365,201,24,0.695200317771088,84.8306468635807,15.1693531364193
2012,4.67934829895979,0.92802794150231,98.4201764069939,23.8535688949668,492.10088203497,202,24,0.684604867250358,84.4527832583936,15.5472167416064
2012,4.83614364785566,0.95915389951329,99.2182191057888,23.9120153408538,496.091095528944,203,24,0.687529353862331,83.9904376306227,16.0095623693773
2012,5.01301286888934,0.99406461204178,100.046991717341,23.9723665711447,500.234958586704,204,24,0.701039382721548,83.469731122125,16.530268877875
2012,5.2086537783326,1.03287060701428,100.908388348904,24.0347253218331,504.541941744521,205,24,0.705394809064207,82.9145354591638,17.0854645408362
2012,5.42331978988576,1.07568525178541,101.807990312244,24.0994550503556,509.039951561221,206,24,0.698392149722974,82.3453286610777,17.6546713389223
2012,5.66141910357584,1.12259505253144,102.751869632016,24.1669435553353,513.759348160082,207,24,0.718673937725281,81.7789516131158,18.2210483868842
2012,5.92111930620858,1.17359787230318,103.739250676458,24.2370816476838,518.696253382288,208,24,0.747472181321392,81.2289379464695,18.7710620535305
2012,6.20040419478099,1.22864297228208,104.772744508044,24.3099987247772,523.863722540219,209,24,0.767948207976568,80.7049238409068,19.2950761590932
2012,6.4969489305439,1.28763064853345,105.857925976294,24.3860250166899,529.289629881469,210,24,0.764241656359326,80.2130968277288,19.7869031722712
2012,6.81346991376081,1.35043911865951,107.003076011428,24.4656658423803,535.015380057142,211,24,0.76758055774584,79.7621265968328,20.2378734031672
2012,6.8399525951713,1.3539951184034,108.210771825789,24.5490154831413,541.053859128945,212,24,0.842948217250492,78.9540793381636,21.0459206618364
2013,3.10543297931938,0.618543263301148,54.5,19.9420239553624,272.5,141,24,0.311372192465554,84.1014296085052,15.8985703914948
2013,3.14023642885441,0.625931122062882,55.0587855720049,20.0037627908696,275.293927860025,142,24,0.297237732709065,84.0340951989426,15.9659048010574
2013,3.18213355675078,0.634295524072178,55.6273570493425,20.0661362160657,278.136785246712,143,24,0.299161477359282,83.9772628290996,16.0227371709004
2013,3.22727186455626,0.643465167739365,56.2039214080212,20.1289343664983,281.019607040106,144,24,0.295606687515581,83.928325586692,16.071674413308
2013,3.27577742449957,0.653276390228432,56.790222469734,20.1923342605776,283.95111234867,145,24,0.293276070491963,83.8841087013824,16.1158912986176
2013,3.32805930655934,0.663580725117935,57.3866887147445,20.256366960004,286.933443573722,146,24,0.299760513951121,83.8434047291629,16.1565952708371
2013,3.38390398754427,0.674230139295769,57.9923122484743,20.3209098710188,289.961561242372,147,24,0.318915477876811,83.8017310755939,16.1982689244061
2013,3.44066903583977,0.685100622844238,58.605271373101,20.3857579643156,293.026356865505,148,24,0.337338525246827,83.759019660382,16.240980339618
2013,3.49813992704621,0.696076840475609,59.225896388804,20.4509372191304,296.12948194402,149,24,0.35763137253164,83.7139869636875,16.2860130363125
2013,3.55481306729535,0.707055342090149,59.8539543359003,20.516414259266,299.269771679502,150,24,0.37216571385934,83.6656521970952,16.3343478029048
2013,3.81928272278573,0.759515574640866,60.4904371870927,20.5822828912766,302.452185935463,151,24,0.382734380496727,84.04297870771,15.95702129229
2013,3.87535520039288,0.770818485680244,61.1776971855604,20.6528662047892,305.888485927802,152,24,0.380501539041789,83.9753546652249,16.0246453347751
2013,3.93164712590437,0.781851709285484,61.8766147693271,20.7240822561557,309.383073846635,153,24,0.389986690983598,83.9021973325463,16.0978026674537
2013,3.98517751784852,0.792552403615962,62.5848899648008,20.7956821178394,312.924449824004,154,24,0.391450994559338,83.8252908811657,16.1747091188343
2013,4.03811312805369,0.802852949934568,63.303574363696,20.8677592945062,316.51787181848,155,24,0.403451339412201,83.7438050746129,16.2561949253872
2013,4.08745774100707,0.812690833055135,64.030441504372,20.9400793349679,320.15220752186,156,24,0.406092502423266,83.6572057765109,16.3427942234891
2013,4.1331447325146,0.822007070267192,64.7666447194934,21.0127473429446,323.833223597467,157,24,0.401199259340417,83.5652963957066,16.4347036042934
2013,4.17732233014031,0.830744790090709,65.5129590330237,21.0858281133448,327.564795165118,158,24,0.406628930331023,83.4679841284714,16.5320158715286
2013,4.21888003148679,0.838850741069805,66.2670176212597,21.1590802676913,331.335088106299,159,24,0.41618779793915,83.3658450215425,16.6341549784575
2013,4.25755380514291,0.846269034471141,67.0274702958027,21.2323675453891,335.137351479014,160,24,0.43017823494559,83.2592021092217,16.7407978907783
2013,4.29157885996277,0.852941833419582,67.7928535738756,21.3055471564552,338.964267869378,161,24,0.437533215409354,83.1483538066921,16.8516461933079
2013,4.32358063379268,0.85880673339814,68.5635644081532,21.3786565741042,342.817822040766,162,24,0.460977034606766,83.0331440989282,16.9668559010718
2013,4.3493343639374,0.863801362324185,69.3359799527746,21.4513552587987,346.679899763873,163,24,0.470010347006458,82.9141906372929,17.0858093627071
2013,4.36890924099427,0.867854500484069,70.1117322883396,21.5238020746469,350.558661441698,164,24,0.46746517686104,82.7909209596002,17.2090790403998
2013,4.3830352497787,0.870890887662637,70.8919008913518,21.5961000302528,354.459504456759,165,24,0.462350201822141,82.6627915906864,17.3372084093136
2013,4.39337054374257,0.872831840997944,71.6759094637644,21.6681973338755,358.379547318822,166,24,0.470955448004763,82.529499720723,17.470500279277
2013,4.39706010069291,0.873595962243034,72.4602553122145,21.7397777337898,362.301276561072,167,24,0.473798845418951,82.3912215401516,17.6087784598484
2013,4.39823464092522,0.873448908289521,73.244761167583,21.8108345626587,366.223805837915,168,24,0.493741383586073,82.2626735282637,17.7373264717363
2013,4.39443459321191,0.872741808481387,74.0255036872179,21.8810258255672,370.127518436089,169,24,0.495903356263143,82.1590578123283,17.8409421876717
2013,4.38824410727031,0.87150921668613,74.8050435858787,21.9505960617204,374.025217929394,170,24,0.500193981213169,82.0788553718347,17.9211446281652
2013,4.38180467157192,0.86979245324866,75.5824765139313,22.0194768157049,377.912382569656,171,24,0.52372167371033,82.0213616063182,17.9786383936818
2013,4.37188718966142,0.867639635757162,76.3539047295389,22.087339166253,381.769523647694,172,24,0.53643976398015,81.9865591015368,18.0134408984632
2013,4.36156913125414,0.86509883648079,77.1207940478996,22.1543302105288,385.603970239498,173,24,0.564335141417631,81.9734259259419,18.0265740740581
2013,4.34768457377239,0.862226334273207,77.8800283664918,22.220196739716,389.400141832459,174,24,0.57464000760172,81.9819059991377,18.0180940008623
2013,4.3318250852925,0.859077686093839,78.6344119988588,22.2852006739504,393.172059994294,175,24,0.579222843219149,82.0108123125795,17.9891876874205
2013,4.31409697799619,0.855713896084496,79.3846938203106,22.3494214738799,396.923469101553,176,24,0.575867846076389,82.0593866664311,17.9406133335689
2013,4.29707392837155,0.852198811999062,80.1320871032241,22.4129757969119,400.66043551612,177,24,0.587277956043447,82.1267764869692,17.8732235130308
2013,4.27869898755033,0.848598026764694,80.8737792297855,22.4756381955159,404.368896148927,178,24,0.589311141071894,82.2128421467879,17.7871578532121
2013,4.25972737341181,0.844979476053116,81.6113746407057,22.5375585089011,408.056873203528,179,24,0.586006983845723,82.316530901627,17.683469098373
2013,4.24181747440526,0.841412809829824,82.3458208601425,22.5988281033302,411.729104300713,180,24,0.590906081244334,82.4368165716145,17.5631834283855
2013,4.22556906737095,0.837969678025129,83.0756889360304,22.6593396111714,415.378444680152,181,24,0.606882818506674,82.5729588980126,17.4270411019873
2013,4.20910912717314,0.834720184651538,83.799095012877,22.7189508431757,418.995475064385,182,24,0.610244448605941,82.7241009534143,17.2758990465857
2013,4.19519180456774,0.831731469991629,84.5185192150568,22.7778793014082,422.592596075284,183,24,0.627188896984233,82.8884282234275,17.1115717765725
2013,4.18129552515532,0.829071496411053,85.2317528429366,22.8359565868636,426.158764214683,184,24,0.625945719756126,83.0647055288642,16.9352944711358
2013,4.17018425874637,0.826805928255109,85.9424370178577,22.8934903311831,429.712185089289,185,24,0.633638626773542,83.2505076816457,16.7494923183543
2013,4.16041715132436,0.825002109454727,86.6493408061081,22.9503900136365,433.24670403054,186,24,0.630090309199382,83.4439932102644,16.5560067897356
2013,4.15342886669312,0.823729660916992,87.3549805841301,23.0068661963875,436.77490292065,187,24,0.627618011769905,83.6425440209281,16.3574559790719
2013,4.15189461852052,0.823064446819966,88.0596961232046,23.0629519552621,440.298480616023,188,24,0.652745121371692,83.8437500833781,16.1562499166219
2013,4.15187458369047,0.823090428792659,88.7590575277999,23.1183031736991,443.795287638999,189,24,0.655039742489088,84.0457854434553,15.9542145565447
2013,4.15628361826874,0.823920289774969,89.457933439605,23.1733131416486,447.289667198025,190,24,0.661763605997197,84.2470841443919,15.7529158556081
2013,4.16436195198885,0.825684842147684,90.1563229527733,23.2279864175528,450.781614763867,191,24,0.656025954654322,84.4448018830521,15.5551981169479
2013,4.17713849220862,0.828558048011193,90.8574513339944,23.2825779852197,454.287256669972,192,24,0.640025058656074,84.6359768239148,15.3640231760852
2013,4.19763533405728,0.832768832600214,91.5643098331736,23.3373192952493,457.821549165868,193,24,0.635587921833008,84.8190256731752,15.1809743268248
2013,4.22929017995404,0.838590547428312,92.2761285645767,23.3921479039567,461.380642822883,194,24,0.666262848662415,84.9933104289257,15.0066895710743
2013,4.26881437451156,0.846311681149359,92.9881154988669,23.4466953697177,464.940577494334,195,24,0.677252129996144,85.1587099750497,14.8412900249503
2013,4.10132680043306,0.813112366331425,93.7057805628373,23.5013840596302,468.528902814186,196,24,0.675430365011555,84.9580426264164,15.0419573735836
2013,4.16038058678261,0.824878010513312,94.3902822719371,23.5532742491673,471.951411359686,197,24,0.67575419157538,85.1070982417502,14.8929017582498
2013,4.23128166908154,0.8386826141548,95.0865001071043,23.6057842596241,475.432500535522,198,24,0.695265430407088,85.2337879735269,14.7662120264731
2013,4.31618522274071,0.85533572521394,95.7929644340759,23.6587938777829,478.964822170379,199,24,0.710250683572526,85.2614535177547,14.7385464822453
2013,4.41661527807649,0.875515184057769,96.5133793158685,23.71257041857,482.566896579342,200,24,0.697740990059531,85.1306935085777,14.8693064914223
2013,4.53291411148662,0.899259379926461,97.2563471460924,23.767738211503,486.281735730462,201,24,0.662770490355906,84.8632373757806,15.1367626242194
2013,4.67217258858579,0.926604483608864,98.0295313948098,23.8248386573433,490.147656974049,202,24,0.682437653749806,84.4842665812662,15.5157334187338
2013,4.82796675263317,0.957593687439981,98.8265934365189,23.8833748626777,494.132967182595,203,24,0.682049572008598,84.0212237879371,15.9787762120629
2013,5.00914654037314,0.992348577898572,99.6548485607324,23.9438543074635,498.274242803662,204,24,0.750865928555786,83.4996679603873,16.5003320396127
2013,5.20578351365545,1.03092826090527,100.505529482327,24.0056076903943,502.527647411635,205,24,0.777075034945031,82.944225257746,17.055774742254
2013,5.42334529212643,1.07346326944087,101.390245822971,24.0694465595125,506.951229114856,206,24,0.813371653774809,82.3748419194133,17.6251580805867
2013,5.66703594853213,1.12001002274752,102.311160821423,24.1354863593434,511.555804107117,207,24,0.917718424547614,81.8085787152845,18.1914212847156
2013,5.92254665144978,1.17050299881749,103.259885523997,24.2030885805149,516.299427619986,208,24,0.924930272264859,81.2593821024793,18.7406178975207
2013,6.20032234307624,1.22499760223258,104.258206414526,24.2737589995719,521.291032072629,209,24,0.955596694618493,80.7355835136586,19.2644164863414
2013,6.49403389830753,1.28335545259991,105.305879163305,24.3474176235216,526.529395816526,210,24,0.944912510409047,80.2437708763208,19.7562291236792
2013,6.79887704105935,1.34547778185297,106.414354079494,24.4247970750297,532.071770397471,211,24,0.857746880253299,79.792467727671,20.207532272329
2013,6.81359396448361,1.34861157174925,107.601145230208,24.5070233372368,538.005726151039,212,24,0.846951134708514,78.9829891254266,21.0170108745734
2014,3.10654716888035,0.618543263301148,54.5,19.9420239553624,272.5,141,24,0.31983487857116,84.1014296085052,15.8985703914948
2014,3.14098034366779,0.62593170881968,55.057315872696,20.0036009815029,275.28657936348,142,24,0.302516032416966,84.034449202638,15.965550797362
2014,3.18207556885601,0.634296530838116,55.6249804775769,20.0658764282436,278.124902387884,143,24,0.298709193323942,83.9778323029951,16.0221676970049
2014,3.22723348250566,0.643466203825751,56.2016237031808,20.1286849985382,281.008118515904,144,24,0.295299341358481,83.9288731633919,16.0711268366081
2014,3.27800634169907,0.653277468199302,56.7879785655494,20.1920924867391,283.939892827747,145,24,0.30850952757706,83.8846404456003,16.1153595543997
2014,3.33113525318198,0.663583202150773,57.3818439106406,20.2558487265453,286.909219553203,146,24,0.321065423276423,83.8445461589976,16.1554538410024
2014,3.38730519288837,0.674234748762084,57.9838216701561,20.3200082620641,289.919108350781,147,24,0.343572376347862,83.8037198568745,16.1962801431255
2014,3.44275385740107,0.685107943491993,58.5925296899958,20.3844147789554,292.962648449979,148,24,0.352629823676492,83.761986901622,16.238013098378
2014,3.50023879799265,0.696086155865104,59.2105134638304,20.4493274415734,296.052567319152,149,24,0.373599734110467,83.7175485744139,16.2824514255861
2014,3.55830122065242,0.707066878922006,59.8357975808736,20.5145280980004,299.178987904368,150,24,0.399942356004911,83.6698318679581,16.3301681320419
2014,3.82217160225357,0.759532882861374,60.4674228189864,20.5799096082962,302.337114094932,151,24,0.404218573449114,84.0481260070358,15.9518739929642
2014,3.87851140271515,0.770839315759284,61.1509638678803,20.6501309847396,305.754819339402,152,24,0.403459172231271,83.9812991616893,16.0187008383107
2014,3.93378181266449,0.78187637638271,61.8459213044688,20.7209665547736,309.229606522344,153,24,0.405046278280333,83.9089832427871,16.0910167572129
2014,3.98727210170671,0.792579873197792,62.5516116886907,20.7923306809197,312.758058443453,154,24,0.405932025794338,83.8326059705979,16.1673940294021
2014,4.04040431550681,0.802883140545421,63.2678189918512,20.8641868914916,316.339094959256,155,24,0.419588321805334,83.7516195768024,16.2483804231976
2014,4.09347814181032,0.81272397525823,63.9919171938664,20.9362607378519,319.959585969332,156,24,0.451839213824365,83.6655776316305,16.3344223683696
2014,4.14347159238982,0.822047704545708,64.7201753981246,21.0081775928659,323.600876990623,157,24,0.481642202188087,83.5753381203071,16.4246618796929
2014,4.18808316935206,0.830798297998354,65.452466815795,21.0799262546625,327.262334078975,158,24,0.490372587551711,83.4809836198864,16.5190163801136
2014,4.23304769167678,0.838917710552657,66.191929282231,21.1518120238926,330.959646411155,159,24,0.531480629569347,83.381892879196,16.618107120804
2014,4.27108783966942,0.84635449762948,66.9321575027298,21.2232138136008,334.660787513649,160,24,0.541075466825926,83.2794629854208,16.7205370145792
2014,4.30223289074,0.85304503790868,67.6780689203249,21.2946092277694,338.390344601625,161,24,0.521478518248527,83.1726256485607,16.8273743514393
2014,4.33173629281833,0.858923163746948,68.4341224921677,21.366417911737,342.170612460839,162,24,0.524809826369764,83.0603749155981,16.9396250844019
2014,4.355293057649,0.863927608359402,69.1954037930012,21.4381665917962,345.977018965006,163,24,0.514327302829401,82.9436170314955,17.0563829685045
2014,4.37433101394207,0.867987196582778,69.963485833735,21.5100008081512,349.817429168675,164,24,0.506319073667313,82.8218048408603,17.1781951591397
2014,4.39079443744564,0.871028905581282,70.7369695247043,21.5817868822385,353.684847623521,165,24,0.520774294016982,82.6949211650333,17.3050788349667
2014,4.40034559654195,0.872977992181283,71.5108467862043,21.6530640435718,357.554233931022,166,24,0.522864136117209,82.563583366711,17.436416633289
2014,4.40296175437618,0.873748944781433,72.286207786123,21.7239407299058,361.431038930615,167,24,0.516096095212938,82.4270167168334,17.5729832831666
2014,4.40448128685677,0.873606965947387,73.0634366125015,21.7944583514842,365.317183062507,168,24,0.540726694515711,82.2998014559236,17.7001985440764
2014,4.40007088514087,0.872905478610145,73.8360336958707,21.8640394562287,369.180168479353,169,24,0.537215388759671,82.1976428901807,17.8023571098193
2014,4.39310316701317,0.871677345603863,74.6084409753932,21.9330980399467,373.042204876966,170,24,0.534545145666387,82.1186352677879,17.8813647322121
2014,4.38358879050612,0.869963623682454,75.3799782461086,22.0015831567458,376.899891230543,171,24,0.530906316952209,82.0620302171587,17.9379697828413
2014,4.3707474749104,0.867809340534246,76.1503293526059,22.0694772768821,380.751646763029,172,24,0.517285292023923,82.027100035011,17.972899964989
2014,4.36174652397738,0.86526269034506,76.9208247895606,22.1369069570492,384.604123947803,173,24,0.556911158511616,82.0128727428662,17.9871272571338
2014,4.34691936178579,0.862385448116468,77.6815826527277,22.2030241573239,388.407913263638,174,24,0.558155730349205,82.0206412578859,17.9793587421141
2014,4.33097444067003,0.859229982690468,78.4391135042333,22.2684139823469,392.195567521167,175,24,0.562082350904234,82.0484892850557,17.9515107149443
2014,4.31557355190138,0.855858380088087,79.1926568115464,22.3330243768917,395.963284057732,176,24,0.582277496817385,82.0959572085939,17.9040427914061
2014,4.29728046439744,0.852337471656145,79.9390671034523,22.3966021153973,399.695335517261,177,24,0.581119703119323,82.1630117264176,17.8369882735824
2014,4.27684494855227,0.848727638953198,80.6820360034376,22.4594771467155,403.410180017188,178,24,0.562878396422669,82.2482739209714,17.7517260790286
2014,4.25668016128296,0.845096331783565,81.4245511226769,22.5219118884493,407.122755613385,179,24,0.548634979483523,82.3504583913487,17.6495416086514
2014,4.23790736033853,0.841514482393482,82.1658663439013,22.5838511253444,410.829331719507,180,24,0.545475359230515,82.4688774448927,17.5311225551073
2014,4.22206311311245,0.838054334463571,82.9040426130477,22.6451422766523,414.520213065238,181,24,0.564990969316896,82.6029041024885,17.3970958975115
2014,4.20687585889914,0.834787241199536,83.6351299264062,22.7054710651243,418.175649632031,182,24,0.581974475887907,82.7520557332072,17.2479442667928
2014,4.19282988290223,0.831780861277834,84.3597655156297,22.7649058416938,421.798827578148,183,24,0.597648021550559,82.9148224390468,17.0851775609532
2014,4.18048410401078,0.82910193713685,85.0784390209714,22.8235011894658,425.392195104857,184,24,0.614302162051645,83.0895058014942,16.9104941985058
2014,4.1698174241524,0.826816538986285,85.7912937372458,22.8812823009099,428.956468686229,185,24,0.627969372637947,83.2742379684158,16.7257620315842
2014,4.16075273244511,0.824990871468945,86.499262234595,22.9383371049756,432.496311172975,186,24,0.633679512208931,83.4668053578636,16.5331946421364
2014,4.15447808058206,0.823693858209276,87.2042556562146,22.9948296400747,436.021278281073,187,24,0.640829830058997,83.6646650805991,16.3353349194009
2014,4.15134538819138,0.823000370912683,87.906543239439,23.0507897494504,439.532716197195,188,24,0.649169447618049,83.8653930286927,16.1346069713073
2014,4.1552974572818,0.822996205223727,88.6065147575782,23.1062561090468,443.032573787891,189,24,0.701920052670923,84.0664833085158,15.9335166914842
2014,4.15947450212268,0.823785628906689,89.2967041779278,23.1606491051133,446.483520889639,190,24,0.708670483414005,84.2680284999685,15.7319715000315
2014,4.16772574558794,0.82550296660439,89.9863559783635,23.2147078413528,449.931779891817,191,24,0.707600440120436,84.4658811068094,15.5341188931906
2014,4.18163220120677,0.828320932786371,90.677848227585,23.2686217003869,453.389241137925,192,24,0.707795248324601,84.6571872250983,15.3428127749017
2014,4.20530656696628,0.832464716910574,91.372058021044,23.3224599636248,456.86029010522,193,24,0.748033607628222,84.8405998929763,15.1594001070237
2014,4.2359926628399,0.838196277939995,92.0629291863889,23.3757570069483,460.314645931945,194,24,0.776013089817283,85.0160163139586,14.9839836860414
2014,4.27495810500033,0.845817354446911,92.754315000122,23.4288154077531,463.77157500061,195,24,0.786840265538777,85.1823440188146,14.8176559811854
2014,4.108312707257,0.812528096033258,93.4513007771548,23.4820252852741,467.256503885774,196,24,0.808479360719032,84.9829422684568,15.0170577315432
2014,4.16657161013607,0.824174686540807,94.1106007042906,23.5321041510492,470.553003521453,197,24,0.80379742029101,85.1332339956573,14.8667660043427
2014,4.23619267397469,0.837860807369059,94.7824604292105,23.5828861079035,473.912302146052,198,24,0.814557742964182,85.2610969180419,14.7389030819581
2014,4.31885366083185,0.85439166023168,95.4660623790242,23.6342987410563,477.330311895121,199,24,0.806232123696872,85.2898792751443,14.7101207248557
2014,4.4231218236746,0.874443607005735,96.1678301271447,23.6868113785158,480.839150635724,200,24,0.852150177017255,85.1599570389147,14.8400429610853
2014,4.54290384290064,0.898002899523353,96.881234376331,23.7399217153729,484.406171881655,201,24,0.866035068972773,84.894284235302,15.105715764698
2014,4.68082603754707,0.925098283395929,97.6157827364316,23.7943221003498,488.078913682158,202,24,0.883364649643822,84.5177555787846,15.4822444212154
2014,4.83913997615086,0.955794363350706,98.3744119178118,23.8502072310463,491.872059589059,203,24,0.931446780282203,84.0569430739687,15.9430569260313
2014,5.00778587107859,0.990164486914643,99.1550470555206,23.9074007609471,495.775235277603,204,24,0.864786480883715,83.5380342044225,16.4619657955775
2014,5.20216942869137,1.02841139001656,99.9827002530091,23.9676973597796,499.913501265046,205,24,0.882714621974212,82.9829930216297,17.0170069783703
2014,5.41474574199135,1.07057107675349,100.845596927065,24.0301922513705,504.227984635323,206,24,0.880477518925152,82.4135826420651,17.586417357935
2014,5.65857083217087,1.11673235668605,101.751404587056,24.0953952709052,508.757022935279,207,24,1.0181244633487,81.8464912406305,18.1535087593695
2014,5.91435031670647,1.1667554683305,102.678391269962,24.1617053106682,513.391956349811,208,24,1.05631342992839,81.2966223035392,18.7033776964608
2014,6.19180927879947,1.22068823469926,103.648835566637,24.2306784598037,518.244177833185,209,24,1.11857516144759,80.7722323294253,19.2277676705747
2014,6.48275043766463,1.27838022532463,104.66225311664,24.3022271185059,523.311265583198,210,24,1.10537761443584,80.2799027383745,19.7200972616255
2014,6.79418624444162,1.3397751611137,105.73642604642,24.3775399842299,528.682130232098,211,24,1.11570440382948,79.8278017586838,20.1721982413162
2014,6.80448752807992,1.34217280400318,106.870740341488,24.4564928501895,534.353701707442,212,24,1.09228255264782,79.0180554911185,20.9819445088815
2015,3.10222633989794,0.618543263301148,54.5,19.9420239553624,272.5,141,24,0.288245557911083,84.1014296085052,15.8985703914948
2015,3.1392567997173,0.625929531643519,55.0627695710315,20.0042014017501,275.313847855158,142,24,0.290463978152156,84.033135595565,15.966864404435
2015,3.18052195515116,0.634293345705714,55.6324998611913,20.066698360654,278.162499305957,143,24,0.288151995678424,83.976030534888,16.023969465112
2015,3.22649612707843,0.643462001586415,56.2109437792245,20.1296964544574,281.054718896123,144,24,0.290483853464412,83.9266520952985,16.0733479047015
2015,3.27610553913037,0.653272599490501,56.7981142362976,20.1931845214953,283.990571181488,145,24,0.295637383812534,83.8822386177562,16.1177613822438
2015,3.32890899088397,0.663576898684714,57.3941738132186,20.2571675575028,286.970869066093,146,24,0.3056922251929,83.8416413053114,16.1583586946886
2015,3.38239665073319,0.674226628037845,57.9987809132362,20.3215967125508,289.993904566181,147,24,0.308623135363879,83.8002159518301,16.1997840481699
2015,3.43680977658696,0.685095897770774,58.6134970132065,20.3866249755108,293.067485066032,148,24,0.310397153997738,83.7571041982657,16.2428958017343
2015,3.49251851993512,0.696069065629301,59.2387384167365,20.4522808761637,296.193692083683,149,24,0.317438291766113,83.7110138461492,16.2889861538508
2015,3.5479723095553,0.707042792632834,59.8737106416669,20.5184661321964,299.368553208335,150,24,0.322755221061995,83.6611047088071,16.3388952911929
2015,3.81217793374754,0.75949432075868,60.5187073475871,20.58519729985,302.593536737935,151,24,0.333801130317526,84.0366566243664,15.9633433756336
2015,3.8707355541669,0.770789950821612,61.2143328990321,20.6566132359913,306.07166449516,152,24,0.3491539964031,83.9672093396306,16.0327906603694
2015,3.92429370258128,0.781817984868022,61.918595871108,20.7283420246693,309.59297935554,153,24,0.340311383384947,83.8929172783217,16.1070827216783
2015,3.9782507202061,0.792510782648262,62.6353352118071,20.800760063395,313.176676059036,154,24,0.345266110938878,83.8142041081094,16.1857958918906
2015,4.03028483897291,0.80280375063293,63.3618709332337,20.8735808269388,316.809354666168,155,24,0.350798306959135,83.7310664787387,16.2689335212613
2015,4.08026258086344,0.812632999760184,64.0977026620246,20.9467425420138,320.488513310123,156,24,0.358143593778786,83.6425920452435,16.3574079547565
2015,4.12693101315137,0.821941167464523,64.8420561863591,21.0201583759806,324.210280931795,157,24,0.360987596868258,83.5490042907564,16.4509957092436
2015,4.17328297634378,0.830672121094505,65.5951695655716,21.0938428109684,327.975847827858,158,24,0.381098027829312,83.4503222736486,16.5496777263514
2015,4.2135394023296,0.838773645038902,66.3535258598644,21.1674467985613,331.767629299322,159,24,0.381560628135741,83.3473621278674,16.6526378721326
2015,4.25093395204922,0.846186286699309,67.1198351699774,21.2412295108758,335.599175849887,160,24,0.38612389454356,83.2395747431446,16.7604252568554
2015,4.28569418273801,0.852852144729824,67.8927045853363,21.3150515524022,339.463522926681,161,24,0.398410766452573,83.1272481345801,16.8727518654199
2015,4.31696863285228,0.85871104484296,68.6700621042198,21.3887138035787,343.350310521099,162,24,0.41501303785425,83.0107497730496,16.9892502269504
2015,4.3421968212192,0.863698774496515,69.4503470665339,21.4620712863521,347.251735332669,163,24,0.419871620677523,82.8902616348088,17.1097383651912
2015,4.3618668475146,0.867744571878179,70.2346985242011,21.5352344105184,351.173492621006,164,24,0.418802626565642,82.7653162673303,17.2346837326697
2015,4.37611410591709,0.870774089296443,71.0231898916949,21.6082119512205,355.115949458474,165,24,0.415517698019243,82.6355790568243,17.3644209431757
2015,4.38553512968222,0.872708708276827,71.8151793066818,21.6809470016489,359.075896533409,166,24,0.417059471800662,82.5007578169677,17.4992421830322
2015,4.38947064480511,0.873465660196311,72.6087356657759,21.7532673755317,363.043678328879,167,24,0.421680052488103,82.360702357908,17.639297642092
2015,4.3893752422109,0.87331195403831,73.4021455855666,21.825025744987,367.010727927833,168,24,0.4302916442763,82.2304672450426,17.7695327549574
2015,4.38673520972611,0.872596694563779,74.1938041568251,21.8960889100271,370.969020784125,169,24,0.441116664459699,82.124805915065,17.875194084935
2015,4.38045124368933,0.871357540247424,74.9827592436567,21.966385546968,374.913796218283,170,24,0.444435630803403,82.0429211553226,17.9570788446774
2015,4.37285561413011,0.869634457901036,75.7697827397882,22.0359983149876,378.848913698941,171,24,0.456401835859444,81.9837703293018,18.0162296706982
2015,4.3627443384854,0.867474132374478,76.5528823048492,22.1047655928283,382.764411524246,172,24,0.466122976093311,81.946962282455,18.053037717545
2015,4.35137869528828,0.864926174889239,77.3320032742557,22.1726986404574,386.660016371278,173,24,0.481751864466702,81.9317924084872,18.0682075915128
2015,4.33723316950302,0.862045826300853,78.1057126619595,22.2396894002793,390.528563309797,174,24,0.488478586321254,81.9378872565394,18.0621127434606
2015,4.32175371339208,0.858890380633941,78.8752343715918,22.3058603662279,394.376171857959,175,24,0.495688570411,81.9643890505027,18.0356109494973
2015,4.30427829726527,0.855522192907886,79.6402043773882,22.3711954583213,398.201021886941,176,24,0.494932804334975,82.0107675872616,17.9892324127384
2015,4.2872062823892,0.852005634219193,80.4018160425454,22.4358106334299,402.009080212727,177,24,0.504114102824215,82.0761831513622,17.9238168486378
2015,4.26984230444352,0.848406429713958,81.1581620019448,22.4995582509815,405.790810009724,178,24,0.514563902246296,82.1603374090581,17.8396625909419
2015,4.25194945471216,0.844794034861339,81.9089295539745,22.5624275100345,409.544647769872,179,24,0.520958503674123,82.2625428984115,17.7374571015885
2015,4.23433832474632,0.841238931357322,82.6548233508765,22.6244921600388,413.274116754382,180,24,0.5273311492258,82.3818152588339,17.6181847411661
2015,4.21825906743745,0.837812476321515,83.3959034886182,22.6857708757619,416.979517443091,181,24,0.542196259039826,82.5171478751841,17.4828521248159
2015,4.20479824367818,0.834585288630954,84.130777196637,22.7461627540679,420.653885983185,182,24,0.573798674363844,82.6676075886112,17.3323924113887
2015,4.19103991507516,0.831627034651416,84.8566200720017,22.8054526338583,424.283100360009,183,24,0.589674575602454,82.8322735531124,17.1677264468876
2015,4.17956932602934,0.829003794747044,85.5765173559115,22.8639087343014,427.882586779557,184,24,0.61256198312326,83.0089954446307,16.9910045553693
2015,4.16611444159777,0.82678229361328,86.2895236529905,22.921468419675,431.447618264952,185,24,0.592051962756054,83.1960739853973,16.8039260146027
2015,4.1584571920941,0.825029384551294,87.0039209686568,22.9788088943049,435.019604843284,186,24,0.608690216321884,83.3901602467804,16.6098397532196
2015,4.15171273430007,0.823815503488427,87.7134383048648,23.0354337960403,438.567191524324,187,24,0.605710815138604,83.5900010710591,16.4099989289409
2015,4.14901149015748,0.823216761902223,88.4221810437474,23.0916790514139,442.110905218737,188,24,0.613064509597992,83.7925935790419,16.2074064209581
2015,4.14799813359017,0.823319484983554,89.1288903603548,23.1474509355422,445.644451801774,189,24,0.600084014393127,83.9956759845417,16.0043240154583
2015,4.15113897598095,0.824238275392127,89.8379698396429,23.2031009564468,449.189849198215,190,24,0.587832180268481,84.1977927391336,15.8022072608664
2015,4.1598712880261,0.826106737691383,90.5501035854766,23.2586834133499,452.750517927383,191,24,0.584322579263565,84.396048990485,15.603951009515
2015,4.17625274560834,0.829096083474469,91.2646603789487,23.3141496057381,456.323301894743,192,24,0.602154415625034,84.5879769980875,15.4120230019125
2015,4.19907847623388,0.833425010174373,91.9789006774875,23.3692895760261,459.894503387437,193,24,0.617020049973751,84.7725957365956,15.2274042634043
2015,4.229012003027,0.839364864522181,92.6947055587576,23.4242517338128,463.473527793788,194,24,0.620887833647277,84.9488307530605,15.0511692469394
2015,4.27002109429071,0.847215868616483,93.4156950290796,23.4793137575596,467.078475145398,195,24,0.64086614311363,85.1155925701943,14.8844074298057
2015,4.10421069701112,0.81411143238962,94.1408607818293,23.5343967582706,470.704303909146,196,24,0.651746990373612,84.9155866395121,15.0844133604879
2015,4.16481272306426,0.825985580932261,94.8306570845507,23.5865193554852,474.153285422753,197,24,0.664323300520351,85.0660660620779,14.9339339379221
2015,4.23802637209493,0.839881680653651,95.5300277460972,23.6390963327947,477.650138730486,198,24,0.706523362274809,85.1940753916285,14.8059246083715
2015,4.32288079345725,0.856614351788659,96.235568782526,23.6918660489119,481.17784391263,199,24,0.715909186819536,85.2230971016863,14.7769028983137
2015,4.42230510188112,0.876889040692992,96.9561697247019,23.7454845401879,484.780848623509,200,24,0.685716890406256,85.0933325207089,14.9066674792911
2015,4.54193724897147,0.900755497563107,97.7026581890827,23.8007371761096,488.513290945414,201,24,0.681705430301357,84.8264484782057,15.1735515217943
2015,4.67910944009606,0.92822357695048,98.47383690595,23.8575091786938,492.36918452975,202,24,0.671577088948539,84.4484688472412,15.5515311527588
2015,4.83736881478201,0.959377999243798,99.27443446649,23.9161200282173,496.37217233245,203,24,0.688859862066543,83.9860298306159,16.0139701693841
2015,5.0151452117438,0.994310679433082,100.103182826639,23.9764457763923,500.515914133193,204,24,0.710779514051363,83.4654532513584,16.5345467486416
2015,5.21220160831188,1.03313437637865,100.963054588586,24.0386702144158,504.815272942931,205,24,0.728617204930267,82.9105188363536,17.0894811636464
2015,5.42843848104931,1.07595529052077,101.858718281129,24.1030932246029,509.293591405643,206,24,0.735952890865407,82.3417565798162,17.6582434201838
2015,5.66767414737623,1.12285474150044,102.79610593976,24.1700958860985,513.9805296988,207,24,0.767639384130824,81.7759885296556,18.2240114703444
2015,5.92515485833867,1.17382850096714,103.774941940758,24.2396082282347,518.874709703788,208,24,0.775413802986165,81.2266803881801,18.7733196118199
2015,6.20449118535281,1.22886213696951,104.803652056392,24.3121716390474,524.018260281961,209,24,0.796376334396294,80.7030904222874,19.2969095777126
2015,6.50258007112696,1.28783246480528,105.883963025983,24.387842449,529.419815129915,210,24,0.806258584240464,80.2116572580539,19.7883427419461
2015,6.81735978491299,1.35059733512778,107.021833894046,24.4669654256803,535.109169470232,211,24,0.794300153398352,79.761165062708,20.238834937292
2015,6.83240049633551,1.35412053434671,108.224962240011,24.5499909777469,541.124811200053,212,24,0.770484065908531,78.9534102361422,21.0465897638578
2016,3.10227009549133,0.618543263301148,54.5,19.9420239553624,272.5,141,24,0.288549267293653,84.1014296085052,15.8985703914948
2016,3.14051200640311,0.625929552397039,55.0627175802737,20.0041956780678,275.313587901368,142,24,0.299265072737184,84.0331481181451,15.9668518818549
2016,3.18194631931665,0.634294006943214,55.6309386930137,20.0665277180993,278.154693465068,143,24,0.297917947018,83.976404610264,16.023595389736
2016,3.2286221247297,0.643463457578309,56.2077142986708,20.129345990163,281.038571493354,144,24,0.305063556628266,83.9274217003143,16.0725782996857
2016,3.27898085859942,0.653275347069291,56.7923940256594,20.192568232772,283.961970128297,145,24,0.315533098155706,83.8835941077568,16.1164058922432
2016,3.33105761357147,0.663581563157222,57.3850495441577,20.2561916264946,286.925247720789,146,24,0.320579902309056,83.8437909125272,16.1562090874728
2016,3.38550445594725,0.674232964075763,57.9871088678197,20.320357338348,289.935544339098,147,24,0.330260096094085,83.8029498736996,16.1970501263004
2016,3.44125320655797,0.685104731875081,58.598119183224,20.3850040295863,292.99059591612,148,24,0.341461972182334,83.7606852161394,16.2393147838606
2016,3.4968139258405,0.696081599936875,59.2180363737244,20.4501147282359,296.090181868622,149,24,0.347417827415965,83.7158067616008,16.2841932383992
2016,3.55365307459575,0.707059206536769,59.8478718643963,20.5157824439708,299.239359321982,150,24,0.363008781577905,83.6670523382825,16.3329476617175
2016,3.82106063781374,0.759518945772292,60.4859541318863,20.5818206399315,302.429770659431,151,24,0.396152022128776,84.043981329083,15.956018670917
2016,3.87634934607259,0.770823792020802,61.1708862070857,20.6521694184556,305.854431035429,152,24,0.387643669158021,83.9768691097054,16.0231308902946
2016,3.93170246473468,0.781858170301667,61.8685742294063,20.7232661630635,309.342871147032,153,24,0.39011614924773,83.9039749036729,16.0960250963271
2016,3.98427566604383,0.79255905196839,62.5768346452674,20.7948709849891,312.884173226337,154,24,0.384594849048945,83.8270614765407,16.1729385234593
2016,4.03520937693204,0.802858745131697,63.2967099498476,20.8670735639267,316.483549749238,155,24,0.382063542645851,83.7453052376366,16.2546947623634
2016,4.08594315968221,0.812693557599911,64.0272739419998,20.9397654210662,320.136369709999,156,24,0.394866060723388,83.6578940830719,16.3421059169281
2016,4.13249523085574,0.822008141357722,64.7654195498834,21.0126268902337,323.827097749417,157,24,0.396463077037143,83.5655611239447,16.4344388760553
2016,4.17745795822681,0.830745150725467,65.5125512080136,21.085788337052,327.562756040068,158,24,0.407603154977759,83.468071758112,16.531928241888
2016,4.21903641014088,0.838851254201828,66.2664420799229,21.1590245794816,331.332210399614,159,24,0.417322410990439,83.3659680088216,16.6340319911784
2016,4.25684194593111,0.846269725657895,67.0266991120464,21.2322935181983,335.133495560232,160,24,0.424795065363469,83.2593660127917,16.7406339872083
2016,4.29012627880359,0.8529416868654,67.7930166585184,21.3055626877456,338.965083292592,161,24,0.426586302645845,83.1483193288748,16.8516806711252
2016,4.31894919799619,0.858804879836574,68.5656263577015,21.3788513999486,342.828131788508,162,24,0.425493976484876,83.0327104292903,16.9672895707097
2016,4.34431914580898,0.863793974323146,69.3442122078571,21.4521270200827,346.721061039286,163,24,0.4314091120299,82.912467871148,17.087532128852
2016,4.36583931190957,0.86784112938112,70.126681666865,21.5251926842477,350.633408334325,164,24,0.444072764226048,82.7878075087895,17.2121924912105
2016,4.38338747199948,0.870873963517436,70.9109146131571,21.5978550876196,354.554573065785,165,24,0.465919918172535,82.6588497775194,17.3411502224806
2016,4.39871583172242,0.872815590011142,71.6942794805439,21.6698800327267,358.471397402719,166,24,0.516736699053904,82.5257077686612,17.4742922313387
2016,4.40177962903115,0.873586932342302,72.4705379259839,21.7407125437852,362.352689629919,167,24,0.513934951696447,82.3891074878218,17.6108925121782
2016,4.40018028385697,0.873446122221569,73.2479603414932,21.8111232402119,366.239801707466,168,24,0.510528837475125,82.2620186848506,17.7379813151494
2016,4.39618521545181,0.872741609329647,74.0257344581605,21.8810464961642,370.128672290803,169,24,0.510945055082228,82.1590108324587,17.8409891675413
2016,4.39058463431802,0.871511290441539,74.8026161384057,21.9503802096344,374.013080692028,170,24,0.520490562472981,82.0793463620173,17.9206536379827
2016,4.37832139164845,0.869797535362489,75.5764578899581,22.0189454650737,377.882289449791,171,24,0.493163581984309,82.0225699276581,17.9774300723419
2016,4.36771369556664,0.867640138345011,76.3533011575406,22.0872862573828,381.766505787703,172,24,0.499344461335268,81.9866792560581,18.0133207439419
2016,4.35438225180987,0.865093941536756,77.1267748470635,22.1548508303212,385.633874235318,173,24,0.498927385408671,81.972246560399,18.027753439601
2016,4.34077172760878,0.862212220343828,77.8976532425357,22.2217204404708,389.488266212679,174,24,0.510707772420676,81.9784670677458,18.0215329322542
2016,4.32751223207134,0.859055079694824,78.6634404481133,22.2876933046492,393.317202240567,175,24,0.538732905483424,82.0052143889534,17.9947856110466
2016,4.31146465142563,0.855686651214498,79.4209571601161,22.352514718373,397.104785800581,176,24,0.551608444146116,82.0524836885165,17.9475163114835
2016,4.2942307361107,0.852169699299531,80.172675168815,22.4164153406633,400.863375844075,177,24,0.560483977396607,82.1191601887348,17.8808398112652
2016,4.27336608444224,0.84856740358575,80.9191566445092,22.4794589154494,404.595783222546,178,24,0.5383753321701,82.2044605920197,17.7955394079803
2016,4.25555234609726,0.844945450368712,81.6658716909065,22.5421179771277,408.329358454533,179,24,0.546389405534806,82.3066385643896,17.6933614356104
2016,4.23999569225412,0.841378084519621,82.4074052324535,22.6039483134186,412.037026162268,180,24,0.574283011383771,82.4258496476241,17.5741503523759
2016,4.22295110490902,0.837937915541369,83.1402321623582,22.664672867784,415.701160811791,181,24,0.581316494381215,82.5617039165511,17.4382960834489
2016,4.2068155321616,0.834691985611808,83.8682263750857,22.7246287113348,419.341131875428,182,24,0.587662604763153,82.7123200676729,17.2876799323271
2016,4.19235376606418,0.831708776084222,84.5917065093603,22.7838544973246,422.958532546801,183,24,0.597763613513241,82.8762660048419,17.1237339951581
2016,4.17948385837784,0.829055989036964,85.3102556894514,22.8423282074523,426.551278447257,184,24,0.607212527884008,83.0520131002697,16.9479868997303
2016,4.17072194622202,0.826800260237024,86.0243220487039,22.9000980381713,430.121610243519,185,24,0.640623913375374,83.2376580027887,16.7623419972113
2016,4.1618052837412,0.825008219333753,86.7299340127447,22.9568565032907,433.649670063724,186,24,0.646197463808208,83.4317495509891,16.5682504490109
2016,4.15689957789325,0.823748172327689,87.4326276253164,23.0130612673797,437.163138126582,187,24,0.667597075443056,83.63115459839,16.36884540161
2016,4.15595849189971,0.823093932080426,88.1300391270579,23.0685331069186,440.65019563529,188,24,0.701094195776349,83.8338152481073,16.1661847518927
2016,4.15610002910904,0.823128448197749,88.8205412615647,23.1231547711283,444.102706307823,189,24,0.705006323005201,84.0374478570891,15.9625521429109
2016,4.1604727541103,0.823964030431923,89.5102669207957,23.1774203471797,447.551334603978,190,24,0.71129048232736,84.2402899859903,15.7597100140097
2016,4.16908111616779,0.825731159041957,90.1995870947358,23.2313636185919,450.997935473679,191,24,0.711558002157376,84.4394397569585,15.5605602430415
2016,4.18469996541583,0.828601759016913,90.890551361536,23.2851479655724,454.45275680768,192,24,0.730474196750569,84.6320704828568,15.3679295171432
2016,4.20588917908463,0.832794971648803,91.5808311061884,23.338595225706,457.904155530942,193,24,0.735010717950092,84.8171729798055,15.1828270201945
2016,4.23496458697018,0.838587378975919,92.274415414424,23.3920163011853,461.37207707212,194,24,0.737072896385642,84.993492744804,15.006507255196
2016,4.2750525872841,0.846280514119318,92.9733752887,23.4455690338281,464.8668764435,195,24,0.757797964558523,85.1601988087777,14.8398011912223
2016,4.10743249623453,0.813044400790188,93.6761794366626,23.4991341288024,468.380897183313,196,24,0.759886350828847,84.9609364120854,15.0390635879146
2016,4.16684415736753,0.824764164204487,94.3450123555652,23.549850575554,471.725061777826,197,24,0.766990773381238,85.1113246131414,14.8886753868586
2016,4.23617919594064,0.838514419187978,95.0242775964715,23.6011022508396,475.121387982357,198,24,0.769532454097904,85.2393711299579,14.7606288700421
2016,4.31800335115757,0.855115950273601,95.7168708831542,23.6530973114682,478.584354415771,199,24,0.746905459494023,85.2680629215489,14.7319370784511
2016,4.419811605768,0.8752575715546,96.4303220586048,23.7063847728101,482.151610293024,200,24,0.752667975513774,85.1377187710274,14.8622812289726
2016,4.54013324872652,0.898946446773254,97.1629478577005,23.7608191860779,485.814739288502,201,24,0.766113340873073,84.8709568861172,15.1290431138828
2016,4.68042417060207,0.926194360460564,97.9169121481189,23.8165411877853,489.584560740595,202,24,0.804816485196292,84.4933673639866,15.5066326360133
2016,4.83753010741154,0.957054508424031,98.6911547314124,23.8734515140854,493.455773657062,203,24,0.824717712107999,84.0319030637634,15.9680969362366
2016,5.01215432915548,0.991640047523816,99.4927963875725,23.9320488502522,497.463981937862,204,24,0.827794080969461,83.5120816428429,16.4879183571571
2016,5.20685365841672,1.03007653223625,100.328702559487,23.9928013908987,501.643512797437,205,24,0.838609090457564,82.9573069910539,17.0426930089461
2016,5.42244570874308,1.07245950927293,101.201336712889,24.0558480571558,506.006683564446,206,24,0.860570442784951,82.3882452952073,17.6117547047927
2016,5.65697584548701,1.11884687661858,102.112643840106,24.1212856300921,510.56321920053,207,24,0.866776884642792,81.8219880609166,18.1780119390834
2016,5.91249538280305,1.16927559018258,103.069557781578,24.1895614255037,515.347788907891,208,24,0.879484544862661,81.2715335577024,18.7284664422976
2016,6.18791026760216,1.22370088925499,104.074970545755,24.2608233121345,520.374852728775,209,24,0.888708746017243,80.7465649332613,19.2534350667387
2016,6.48024201630235,1.28202238818254,105.133551558595,24.3353370090307,525.667757792975,210,24,0.869531312997578,80.2534058196472,19.7465941803528
2016,6.79395667745999,1.34413089879438,106.254357253416,24.413662955896,531.271786267079,211,24,0.874790044240191,79.800768479097,20.199231520903
2016,6.81163464725716,1.34716144855995,107.436768306872,24.4956723948619,537.183841534362,212,24,0.897608391921867,78.9908397379585,21.0091602620415
2017,3.10271023372258,0.618543263301148,54.5,19.9420239553624,272.5,141,24,0.291622140711525,84.1014296085052,15.8985703914948
2017,3.14000473373977,0.625929762584459,55.0621910332364,20.0041377100923,275.310955166182,142,24,0.295666569683464,84.0332749433464,15.9667250566536
2017,3.18322182421106,0.634293968102295,55.6310303936752,20.0665377414776,278.155151968376,143,24,0.306973077467737,83.9763826375511,16.0236173624489
2017,3.22937686537758,0.643464117756289,56.2062500739242,20.1291870873868,281.031250369621,144,24,0.310407015597564,83.9277706385077,16.0722293614923
2017,3.27857833993626,0.653276491305642,56.790012062243,20.1923115900944,283.950060311215,145,24,0.312600873784796,83.8841585619621,16.1158414380379
2017,3.32930496346361,0.66358252232158,57.383173530438,20.2559909548296,286.91586765219,146,24,0.308178380137359,83.8442328993843,16.1557671006157
2017,3.38442702866048,0.674232826304981,57.9873626356089,20.3203842860527,289.936813178045,147,24,0.322502192510916,83.8028904324327,16.1971095675673
2017,3.4400519530781,0.685103818430835,58.5997090452612,20.3851716274653,292.998545226306,148,24,0.332704548276795,83.7603149743235,16.2396850256765
2017,3.49561860331973,0.696079722063851,59.2211374631705,20.4504392427862,296.105687315853,149,24,0.338731255401118,83.7150887706411,16.2849112293589
2017,3.55079307752931,0.707056284360312,59.8524711900165,20.5162602019623,299.262355950083,150,24,0.341921181625098,83.6659936029851,16.3340063970149
2017,3.81441459412909,0.759512746046084,60.4941989566243,20.5826707518657,302.470994783122,151,24,0.348016992985662,84.0421374147192,15.9578625852808
2017,3.87264338770755,0.770810904681921,61.1874287883522,20.6538616871462,305.937143941761,152,24,0.361397539799791,83.9731908858678,16.0268091141322
2017,3.92841874675361,0.781841256308507,61.8896247587573,20.7254025784201,309.448123793786,153,24,0.367164317775945,83.8993212606213,16.1006787393787
2017,3.98173176244474,0.792538433634511,62.6018186813437,20.797386522987,313.009093406719,154,24,0.367480504903554,83.8215700622913,16.1784299377087
2017,4.03379028260703,0.802835195208631,63.324607928336,20.8698601503178,316.62303964168,155,24,0.373089296358623,83.7392086121646,16.2607913878354
2017,4.08432461043204,0.812668265269139,64.0566827786331,20.9426794992713,320.283413893166,156,24,0.384364648691487,83.651503915587,16.348496084413
2017,4.13195802584971,0.821980882045824,64.7966047668081,21.0156923748063,323.98302383404,157,24,0.393750900076882,83.5588231751054,16.4411768248946
2017,4.1762401497412,0.830717193722779,65.5441712034633,21.0888718101234,327.720856017317,158,24,0.399963647773468,83.4612779517167,16.5387220482833
2017,4.21828139992553,0.838821922542402,66.2993461833791,21.1622077725254,331.496730916896,159,24,0.413010542104832,83.3589371672471,16.6410628327529
2017,4.2580467538021,0.846239602031986,67.0603143319488,21.2355197473148,335.301571659744,160,24,0.435226526086774,83.252222037855,16.747777962145
2017,4.29153766004353,0.852913141663807,67.8247862718109,21.3085877556394,339.123931359054,161,24,0.438486321017473,83.1416032929935,16.8583967070065
2017,4.32223977163795,0.858778210843984,68.5952979675291,21.3816545065063,342.976489837646,162,24,0.451674905528461,83.026470253677,16.973529746323
2017,4.34755174174564,0.86377145795247,69.3693054738744,21.4544790813658,346.846527369372,163,24,0.457149365014507,82.9072169160799,17.0927830839201
2017,4.36875103903295,0.867822714884807,70.1472731575517,21.5271077918133,350.736365787758,164,24,0.467668874084442,82.7835192732761,17.2164807267239
2017,4.38481660949867,0.870859319885548,70.9273690156936,21.5993736428719,354.636845078468,165,24,0.478133214349063,82.6554387663824,17.3445612336176
2017,4.3958577232829,0.872802943854799,71.7085768726785,21.6711894700399,358.542884363392,166,24,0.492764232769937,82.5227566648378,17.4772433351621
2017,4.4000239270653,0.873570670829787,72.4890580257507,21.7423960045458,362.445290128753,167,24,0.499584970717523,82.3853000487779,17.6146999512221
2017,4.39999450450965,0.873427802450333,73.2689990730154,21.8130214518953,366.344995365077,168,24,0.509833081530609,82.2577124254576,17.7422875745424
2017,4.39631476806261,0.872723367463936,74.0468749166263,21.8829398971936,370.234374583131,169,24,0.512995917256873,82.1547072673301,17.8452927326699
2017,4.38992328864482,0.87149356049786,74.823372050782,21.9522256973505,374.11686025391,170,24,0.515543947452341,82.0751482840125,17.9248517159875
2017,4.38132610684685,0.869779287205058,75.5980705623811,22.0208533898068,377.990352811905,171,24,0.520125383470522,82.0182310083054,17.9817689916946
2017,4.37080333419157,0.867626132992063,76.3701220907393,22.0887606642613,381.850610453696,172,24,0.527260595374631,81.9833307696729,18.0166692303271
2017,4.35921574217918,0.865084239569619,77.1386302176188,22.1558827397718,385.693151088094,173,24,0.542724410811814,81.9699088509491,18.0300911490509
2017,4.34554225846702,0.862208967546002,77.9017157108551,22.2220716137477,389.508578554275,174,24,0.55473468409192,81.9776744375146,18.0223255624854
2017,4.33046445461475,0.859058029900753,78.6596515700142,22.2873679955817,393.298257850071,175,24,0.56684372399153,82.0059450133809,17.9940549866191
2017,4.31283221045393,0.855693276995504,79.4121366315795,22.3517624223751,397.060683157898,176,24,0.564511350654757,82.0541626545816,17.9458373454184
2017,4.29361050508699,0.852177679155964,80.1615477385844,22.4154724925497,400.807738692922,177,24,0.553992827596314,82.1212481255573,17.8787518744427
2017,4.27543288027844,0.848574118777903,80.9092036197921,22.4786210114475,404.54601809896,178,24,0.557868034361786,82.2062988726935,17.7937011273065
2017,4.25737569203459,0.844953837908133,81.6524336925672,22.5409938908019,408.262168462836,179,24,0.563732615838364,82.3090776522087,17.6909223477913
2017,4.2397778650221,0.841387408327258,82.3908635545659,22.6025732774219,411.95431777283,180,24,0.571506256023436,82.4287951330931,17.5712048669069
2017,4.22225766446132,0.837945800256491,83.1242026475939,22.6633486060197,415.62101323797,181,24,0.573704588379402,82.5644988641382,17.4355011358618
2017,4.20829332190928,0.834697955915666,83.8535809355638,22.7234261306127,419.267904677819,182,24,0.602948716950388,82.714815570326,17.285184429674
2017,4.19383495317438,0.831714169206205,84.5742997698206,22.7824336937255,422.871498849103,183,24,0.61342305005131,82.879158312925,17.120841687075
2017,4.17900539035375,0.829059982447551,85.2900137518859,22.8406856779515,426.450068759429,184,24,0.60168533361356,83.0552854306431,16.9447145693569
2017,4.16895626551579,0.826801586338951,86.0050904041251,22.8985465359383,430.025452020626,185,24,0.620391128658377,83.2406754750729,16.7593245249271
2017,4.16048103686868,0.825007037314454,86.7143963311485,22.9556101453166,433.571981655743,186,24,0.630916044947457,83.4341096640249,16.5658903359751
2017,4.15549822549214,0.823745130521765,87.4198818341397,23.0120446072639,437.099409170698,187,24,0.651006156314446,83.6330238777505,16.3669761222495
2017,4.15285190677332,0.823089860976168,88.1203316384521,23.0677630804792,440.601658192261,188,24,0.662975253424065,83.8351860617385,16.1648139382615
2017,4.15395452691169,0.823126775193848,88.8178365526522,23.1229413954712,444.089182763261,189,24,0.678260837223639,84.0378145739838,15.9621854260162
2017,4.15826834071101,0.823965882394814,89.5124822978501,23.1775941761721,447.56241148925,190,24,0.683416210195903,84.2400024213676,15.7599975786324
2017,4.16675743411455,0.825739027755917,90.2069363676014,23.2319371910042,451.034681838007,191,24,0.681921069129044,84.4385290334403,15.5614709665597
2017,4.18148685708384,0.828618678846696,90.9033630230196,23.2861425243328,454.516815115098,192,24,0.688521327278474,84.6305587205775,15.3694412794225
2017,4.20367690679695,0.832827500233712,91.6013902465046,23.3401827748179,458.006951232523,193,24,0.70456843933374,84.8148677677551,15.1851322322449
2017,4.23294789691909,0.838635844222671,92.3006197675821,23.3940291116642,461.503098837911,194,24,0.708232815723495,84.9907042807382,15.0092957192618
2017,4.27232480037997,0.846347262460168,93.0049432772314,23.4479810697402,465.024716386157,195,24,0.71822292674944,85.1570104840884,14.8429895159115
2017,4.10541017061252,0.813133800115619,93.715115571943,23.5020934949179,468.575577859715,196,24,0.726478695999679,84.9571301812124,15.0428698187876
2017,4.16451621301186,0.824877863687897,94.3902238886614,23.5532698344935,471.951119443307,197,24,0.728129853077968,85.1071036913767,14.8928963086233
2017,4.23392353071582,0.838656376267596,95.0767937193666,23.605054031228,475.383968596833,198,24,0.730300961666758,85.23465872425,14.76534127575
2017,4.31735071969725,0.855288979109443,95.776779759013,23.6575825139468,478.883898795065,199,24,0.72768934227975,85.2628589302108,14.7371410697892
2017,4.41940921867788,0.87545489043594,96.4939407802513,23.7111230764512,482.469703901257,200,24,0.735365983022609,85.1323371975404,14.8676628024596
2017,4.5404316608915,0.899170908828944,97.2299433611913,23.7657826870987,486.149716805957,201,24,0.756011061260778,84.8654189371689,15.1345810628311
2017,4.67844128597475,0.926445886240992,97.9859843603934,23.8216310224505,489.929921801967,202,24,0.764249522226642,84.4877843262161,15.5122156737839
2017,4.83505441488865,0.95736016429073,98.7679400885854,23.8790786024369,493.839700442927,203,24,0.775218978315511,84.0258465354539,15.9741534645461
2017,5.01149055101981,0.992016826980657,99.5789821132828,23.9383291241935,497.894910566414,204,24,0.797052698697181,83.5054764670782,16.4945235329218
2017,5.20757847198533,1.03052055458514,100.42089885677,23.9994804652078,502.10449428385,205,24,0.821005955136387,82.9504824543141,17.0495175456858
2017,5.42214072539325,1.07296875624603,101.297193087047,24.0627504263006,506.485965435236,206,24,0.827493314066352,82.3814396876041,17.6185603123959
2017,5.6577265580503,1.11944678525696,102.21504866735,24.1286134654217,511.075243336749,207,24,0.841540301247918,81.8150658933025,18.1849341066975
2017,5.91343051708535,1.16996936900796,103.177153402048,24.1972107011206,515.885767010242,208,24,0.851871177289682,81.2646596496657,18.7353403503343
2017,6.19028842440085,1.22450257884968,104.188268541793,24.2688235488956,520.941342708963,209,24,0.871547887841147,80.7397710072596,19.2602289927404
2017,6.48609581529968,1.28292891046909,105.250749277181,24.3435543746091,526.253746385905,210,24,0.883247111789213,80.2468501190108,19.7531498809892
2017,6.8017574021108,1.34510411771789,106.36997379932,24.4217098379646,531.849868996602,211,24,0.903927652192343,79.7947678437169,20.2052321562831
2017,6.81778253711736,1.34814361527214,107.548108374207,24.503362232824,537.740541871034,212,24,0.910150055189023,78.9855195658799,21.0144804341201
2018,3.10694692285081,0.618543263301148,54.5,19.9420239553624,272.5,141,24,0.322926902148719,84.1014296085052,15.8985703914948
2018,3.14283668175963,0.625931923796624,55.0567774187746,20.0035416986313,275.283887093873,142,24,0.316160890310598,84.03457889976,15.96542110024
2018,3.18484954500794,0.634297757804621,55.6220843213518,20.065559833145,278.110421606759,143,24,0.318744561497875,83.9785262898817,16.0214737101183
2018,3.23060451997429,0.643469066800146,56.1952752779289,20.1279959723835,280.976376389644,144,24,0.319117341946343,83.9303861216791,16.0696138783209
2018,3.28148043828858,0.653282483281395,56.7775407693119,20.1909677584689,283.887703846559,145,24,0.333686567270065,83.8871140023788,16.1128859976212
2018,3.33340163923205,0.663590759598165,57.367065563243,20.2542677447882,286.835327816215,146,24,0.337456086911584,83.8480280954574,16.1519719045426
2018,3.38803597181527,0.674244307872648,57.9662185230954,20.3181387022112,289.831092615477,147,24,0.348707754537259,83.8078433803763,16.1921566196237
2018,3.44580921564284,0.685118566398447,58.5740456931595,20.3824658962806,292.870228465798,148,24,0.376305253813343,83.7662917215727,16.2337082784273
2018,3.50392831672714,0.69609985088436,59.1879055301306,20.4469610591631,295.939527650653,149,24,0.403556532774077,83.7227834638177,16.2772165361823
2018,3.55935324978214,0.707084588411425,59.8079362910739,20.5116330337392,299.03968145537,150,24,0.407983664880846,83.6762461962642,16.3237538037358
2018,3.8249845871719,0.759554894832683,60.4381638029262,20.57689145685,302.190819014631,151,24,0.426040323853807,84.0546707024421,15.9453292975579
2018,3.88529703903427,0.770865085279787,61.1179032422307,20.6467472331522,305.589516211154,152,24,0.458603434242231,83.9886515493169,16.0113484506831
2018,3.94415468470204,0.781910732973482,61.8031891251554,20.7166270052596,309.015945625777,153,24,0.491593318337881,83.9184321897939,16.0815678102061
2018,4.0000290194432,0.79262774578565,62.4936449101637,20.7864899096687,312.468224550818,154,24,0.513126466934991,83.8453503450315,16.1546496549685
2018,4.05376926557524,0.802948071653336,63.1909650448923,20.8565034680265,315.954825224462,155,24,0.533809917415646,83.7684201346382,16.2315798653618
2018,4.09910286684,0.812807502161239,63.8948923892844,20.926636364995,319.474461946422,156,24,0.496425638965419,83.6866680387682,16.3133319612318
2018,4.14360861082387,0.822139427228412,64.6153588829894,20.9978616308338,323.076794414947,157,24,0.478196592890839,83.5979949152116,16.4020050847884
2018,4.18620559470504,0.830890450396919,65.3483675454599,21.0697610138555,326.7418377273,158,24,0.46962552946525,83.5033610709672,16.4966389290328
2018,4.22592595232903,0.839007261073249,66.0916046641241,21.1420920379185,330.458023320621,159,24,0.464089508871145,83.4033413039663,16.5966586960337
2018,4.26575388024563,0.846433712856992,66.8438875310546,21.2147283598837,334.219437655273,160,24,0.488658710326986,83.298233168284,16.701766831716
2018,4.29961674283548,0.853115998393591,67.5992162245912,21.287087792253,337.996081122956,161,24,0.494645890299686,83.1893054450171,16.8106945549829
2018,4.33220969708458,0.858989795050529,68.3601137690622,21.3594131764121,341.800568845311,162,24,0.525607005544132,83.0759500092355,16.9240499907645
2018,4.35423233066154,0.863994195875304,69.1213309861797,21.4312096665629,345.606654930898,163,24,0.501671101463143,82.9591285439138,17.0408714560862
2018,4.37380107880052,0.868051488520068,69.8917328316411,21.5033135143781,349.458664158205,164,24,0.498549604779457,82.8367589680856,17.1632410319144
2018,4.39004818006,0.871091601328046,70.6666651558396,21.5752846900569,353.333325779198,165,24,0.510999172535628,82.7095067859729,17.2904932140271
2018,4.39787919965728,0.873038710014328,71.4423489419945,21.6467768703507,357.211744709972,166,24,0.498339062152503,82.5777333917357,17.4222666082643
2018,4.40191007256722,0.87380533974367,72.2221224505875,21.7181027565089,361.110612252938,167,24,0.504125415022305,82.4402023769206,17.5597976230794
2018,4.40192776419843,0.873660989958969,73.001535840011,21.7888613376767,365.007679200055,168,24,0.514957229401987,82.3124817855072,17.6875182144928
2018,4.39878692652628,0.872955001737911,73.7787768894839,21.85890029052,368.893884447419,169,24,0.523022994704519,82.2093082689294,17.7906917310706
2018,4.39138361525976,0.871724163418024,74.5537666140301,21.9282262031201,372.768833070151,170,24,0.516685411292368,82.1297028801636,17.8702971198364
2018,4.38084299652961,0.870007169660437,75.3285326834269,21.9970318592483,376.642663417134,171,24,0.504365099311362,82.072366951673,17.927633048327
2018,4.36956899316045,0.867848312280406,76.1036436294141,22.0653763387303,380.51821814707,172,24,0.504980979592287,82.0364013996884,17.9635986003115
2018,4.35748629693113,0.865299170649206,76.8763649529372,22.1330288979214,384.381824764686,173,24,0.515678856978089,82.0216469087513,17.9783530912487
2018,4.34202118221446,0.862415207091382,77.644517952214,22.1998133603316,388.22258976107,174,24,0.5113807102257,82.0278790735216,17.9721209264784
2018,4.32433851857888,0.859252384493902,78.4104248032477,22.2659456199858,392.052124016238,175,24,0.49991029010992,82.0540261205981,17.9459738794019
2018,4.30638244298202,0.855871624808489,79.1750758512029,22.3315218409029,395.875379256014,176,24,0.495584968785786,82.0993064945474,17.9006935054526
2018,4.29156539319828,0.852338968015762,79.9369867565772,22.3964254917647,399.684933782886,177,24,0.52583381100203,82.1634024031508,17.8365975968492
2018,4.27552425499304,0.848722336773585,80.6898698616234,22.4601379464561,403.449349308117,178,24,0.550289709279419,82.2468258350006,17.7531741649994
2018,4.25700408769616,0.845090013983842,81.4346384184057,22.5227573462719,407.173192092029,179,24,0.552138931754602,82.3486259202106,17.6513740797894
2018,4.23938571261688,0.841509135138824,82.1753174173095,22.5846382732649,410.876587086548,180,24,0.56024803203243,82.4671930898692,17.5328069101308
2018,4.22370265055308,0.838050979470136,82.9108346096016,22.6457044502737,414.554173048008,181,24,0.581900887734574,82.6017188009936,17.3982811990063
2018,4.20755586165564,0.834785709846663,83.6388676869944,22.7057785562295,418.194338434972,182,24,0.589177084842737,82.7514182703805,17.2485817296195
2018,4.19496619150443,0.83178010257886,84.3621986631758,22.7651048085028,421.810993315879,183,24,0.620998377388046,82.9144177762046,17.0855822237954
2018,4.18080167310011,0.829102297684653,85.0766292967203,22.8233540719308,425.383146483602,184,24,0.61778421419647,83.0897986425056,16.9102013574945
2018,4.16829078029112,0.82681671204303,85.7888511647287,22.8810848882602,428.944255823644,185,24,0.610919649177597,83.2746215968072,16.7253784031928
2018,4.15897463762941,0.824990920650065,86.4999243459798,22.9383903115728,432.499621729899,186,24,0.613671333912719,83.4667046808132,16.5332953191868
2018,4.1550366800898,0.823694879152161,87.2085637651065,22.9951738772524,436.042818825533,187,24,0.647297796031392,83.6640325756791,16.3359674243209
2018,4.15275505334255,0.823001677165103,87.9096693450942,23.0510381479321,439.548346725471,188,24,0.665875038604671,83.8649510884682,16.1350489115318
2018,4.15667878120943,0.822996246466784,88.6065815799941,23.1062613895104,443.03290789997,189,24,0.719677074784647,84.0664742378987,15.9335257621013
2018,4.15840707626184,0.823782950733879,89.2934958585272,23.1603969403543,446.467479292636,190,24,0.695281073004342,84.268445471402,15.731554528598
2018,4.16705984561697,0.82550217097051,89.9856121645478,23.2146496929073,449.928060822739,191,24,0.699199910856525,84.4659734020485,15.5340265979515
2018,4.18350856731281,0.828321992808948,90.6786513657914,23.2686841521149,453.393256828957,192,24,0.732005840794751,84.6570923230558,15.3429076769441
2018,4.20255261792399,0.832458922355507,91.3683942846487,23.3221765783389,456.841971423243,193,24,0.712435988594705,84.8410113027668,15.1589886972332
2018,4.23408954264065,0.83820164986625,92.0658343228461,23.3759805332929,460.329171614231,194,24,0.749879405903487,85.0157066857474,14.9842933142526
2018,4.27276478419442,0.845833741868053,92.7620661350751,23.4294086812118,463.810330675376,195,24,0.755993027836677,85.1815598329635,14.8184401670365
2018,4.10758325506338,0.812559047485697,93.4647823793007,23.4830517781389,467.323911896503,196,24,0.795554619531343,84.9816219150509,15.0183780849491
2018,4.16722504392017,0.824214719496227,94.1265207937786,23.5333103756475,470.632603968893,197,24,0.810482631650196,85.1317446982456,14.8682553017544
2018,4.23558907546441,0.837900573299057,94.7971734660548,23.5839953692155,473.985867330274,198,24,0.80309566644936,85.2597737774144,14.7402262225856
2018,4.3227007168444,0.854440413613735,95.4829464445449,23.6355653134996,477.414732222724,199,24,0.858551877494409,85.2884091159786,14.7115908840214
2018,4.42566949217369,0.874465894875717,96.1750188605446,23.6873479207453,480.875094302723,200,24,0.88826936238184,85.1593472852676,14.8406527147324
2018,4.54643228242891,0.898004486952878,96.8817084567863,23.7399569181552,484.408542283931,201,24,0.918084745094083,84.8942449239413,15.1057550760587
2018,4.68379169965937,0.925064698929199,97.6065525456781,23.7936402888172,488.032762728391,202,24,0.929012784182391,84.5185043651343,15.4814956348657
2018,4.84245404600495,0.955723714692205,98.3566457149142,23.8489019079573,491.783228574571,203,24,0.98612901401817,84.0583502780951,15.9416497219049
2018,5.01521846462013,0.99004206103276,99.1270081834623,23.9053519261685,495.635040917311,204,24,0.975867205489173,83.5401935727066,16.4598064272934
2018,5.20614600657895,1.02817685385918,99.9339333343043,23.9641542332664,499.669666671522,205,24,0.950857253485472,82.9866227706364,17.0133772293636
2018,5.42056431535534,1.07024432564158,100.78399965585,24.0257434777952,503.919998279248,206,24,0.976423557411749,82.417982795051,17.582017204949
2018,5.65380606774923,1.11626666128188,101.671785584392,24.0896802885096,508.358927921962,207,24,0.985366873810909,81.8519097008398,18.1480902991602
2018,5.91109095206601,1.16627899479673,102.60437590586,24.1564261413072,513.021879529302,208,24,1.04438820406351,81.3013869660889,18.6986130339111
2018,6.18426742180061,1.22017767121835,103.576558301709,24.2255569915717,517.882791508544,209,24,1.0524040275664,80.7766037744102,19.2233962255898
2018,6.47688787556379,1.27791271394385,104.601706740265,24.2979660571889,523.008533701327,210,24,1.06082310833305,80.283322336269,19.716677663731
2018,6.78658127856555,1.33933146042987,105.683622477017,24.3738502916208,528.418112385084,211,24,1.05081302166773,79.8305718641411,20.1694281358589
2018,6.79660226185873,1.34180873134571,106.829398101465,24.4536255446107,534.146990507326,212,24,1.02117620311953,79.020054454026,20.979945545974
2019,3.10681666029736,0.618543263301148,54.5,19.9420239553624,272.5,141,24,0.321916075874186,84.1014296085052,15.8985703914948
2019,3.14521559562998,0.625931853483467,55.0569535315188,20.0035610883929,275.284767657594,142,24,0.334568320335118,84.0345364795291,15.9654635204709
2019,3.18565026534716,0.634299041411293,55.6190547303233,20.0652286392431,278.095273651617,143,24,0.324728302031482,83.9792522628805,16.0207477371195
2019,3.23353179209039,0.643470900796602,56.1912090926686,20.1275546205784,280.956045463343,144,24,0.341385504107521,83.9313552034397,16.0686447965603
2019,3.28300735763131,0.653286296369738,56.7696064198955,20.1901126935465,283.848032099478,145,24,0.345312910812157,83.8889943820344,16.1110056179656
2019,3.33557326338068,0.66359585142837,57.3571113574398,20.2532026877914,286.785556787199,146,24,0.354051667890368,83.850373562185,16.149626437815
2019,3.38905864386286,0.674251281996159,57.9533795635069,20.3167748780897,289.766897817535,147,24,0.356333192836283,83.8108511261518,16.1891488738482
2019,3.44302063356531,0.685126706400315,58.559886231365,20.3809726862528,292.799431156825,148,24,0.353799050160747,83.7695896437198,16.2304103562802
2019,3.49832679488914,0.696106040989529,59.1776896519484,20.4458915520245,295.888448259742,149,24,0.357709375738883,83.7251491445573,16.2748508554427
2019,3.55263663558245,0.707085965959683,59.8057695850045,20.5114078521063,299.028847925022,150,24,0.354122246314695,83.676745057843,16.323254942157
2019,3.81595001635356,0.759549430556854,60.445426067803,20.5776406753032,302.227130339015,151,24,0.357128103327532,84.0530461917564,15.9469538082436
2019,3.87190377259579,0.77085008891276,61.1371410014619,20.6487163709444,305.685705007309,152,24,0.354688788495293,83.98437311812,16.01562688188
2019,3.92889588839894,0.781880709201269,61.8405310605245,20.7204192785032,309.202655302623,153,24,0.368886851829903,83.9101750421185,16.0898249578815
2019,3.98484807774867,0.792579159480436,62.5524761747939,20.7924177585605,312.76238087397,154,24,0.387894787665234,83.8324159304114,16.1675840695886
2019,4.03461285008137,0.802879773393648,63.2718061157623,20.8645853240831,316.359030578811,155,24,0.377003272437483,83.7507481171963,16.2492518828037
2019,4.08428363132168,0.812714213187446,64.0032630100278,20.9373855214306,320.016315050139,156,24,0.382201441092456,83.6631119005793,16.3368880994207
2019,4.12858780359052,0.822027210441373,64.7436097928151,21.0104823952916,323.718048964076,157,24,0.36863816305483,83.5702738716379,16.4297261283621
2019,4.1741738924765,0.830760207965152,65.4955250989498,21.0841275798716,327.477625494749,158,24,0.38370779616665,83.4717302913289,16.5282697086711
2019,4.21669359470428,0.838862759429835,66.2535383540222,21.1577759526825,331.267691770111,159,24,0.399854348934586,83.3687254726072,16.6312745273928
2019,4.25600381096814,0.846278579940281,67.0168205354116,21.2313452049505,335.084102677058,160,24,0.41820106865741,83.2614655981213,16.7385344018786
2019,4.29043882870077,0.852949529886002,67.7842893352217,21.3047315085625,338.921446676109,161,24,0.42858051458066,83.150164406458,16.849835593542
2019,4.3194723072585,0.858813027681391,68.5565627777143,21.3779949859452,342.782813888572,162,24,0.429019675622682,83.0346167077131,16.9653832922869
2019,4.34450681320321,0.863802647307996,69.3345481930868,21.4512210270052,346.672740965434,163,24,0.43243333975429,82.9144902672934,17.0855097327066
2019,4.36351876743259,0.867849922475102,70.1168504338515,21.5242781941081,350.584252169257,164,24,0.426371782543712,82.7898550036648,17.2101449963352
2019,4.379046850943,0.870879975845049,70.904159568504,21.5972316022915,354.52079784252,165,24,0.432343999776822,82.6602501626429,17.3397498373571
2019,4.3902715396155,0.872816393125336,71.6933715686472,21.6697968747937,358.466857843236,166,24,0.447388507392237,82.5258951745764,17.4741048254236
2019,4.39424496713838,0.873577033873858,72.481810804403,21.7417372742117,362.409054022015,167,24,0.452447044689945,82.3867899323392,17.6132100676608
2019,4.39514578545603,0.873426910313426,73.270023732595,21.8131138917206,366.350118662975,168,24,0.46943441229194,82.257502703954,17.742497296046
2019,4.39156715587369,0.872716349242813,74.0550095531623,21.8836683585542,370.275047765812,169,24,0.473415620970489,82.1530513858529,17.8469486141471
2019,4.38646150058933,0.871480663443031,74.838473114682,21.9535681665968,374.19236557341,170,24,0.486559245930638,82.0720941488037,17.9279058511963
2019,4.37851697555891,0.869762231078005,75.618275994948,22.0226367423284,378.09137997474,171,24,0.496544626190364,82.0141749075449,17.9858250924551
2019,4.36766144928638,0.867605855573917,76.394481547089,22.0908954448663,381.972407735445,172,24,0.500592811601516,81.9784819716898,18.0215180283102
2019,4.35484753630967,0.865060460043497,77.1676944715536,22.1584120689815,385.838472357768,173,24,0.504613666399681,81.9641782142127,18.0358217857873
2019,4.34034836465411,0.862180299487235,77.937527993252,22.2251667945158,389.68763996626,174,24,0.5086055962122,81.9706875819629,18.0293124180371
2019,4.32673552447982,0.859023778640463,78.703650271106,22.2911450047952,393.51825135553,175,24,0.533203043899427,81.9974611782652,18.0025388217348
2019,4.31299151870613,0.855655742627011,79.4621168832234,22.3560244293909,397.310584416117,176,24,0.568231402108126,82.0446497380585,17.9553502619414
2019,4.29590126403025,0.852142356862041,80.2108148895432,22.4196462991203,401.054074447716,177,24,0.57869397208528,82.1120043371474,17.8879956628526
2019,4.27472824722792,0.848543910799445,80.9539877106442,22.4823906334883,404.769938553221,178,24,0.552733112360908,82.1980279707841,17.801972029216
2019,4.25879317070357,0.844925339649612,81.6981029058907,22.5448135875758,408.490514529454,179,24,0.579713718774469,82.300788875741,17.699211124259
2019,4.23842433731681,0.84136331419218,82.433619045196,22.6061269569742,412.16809522598,180,24,0.559415238728421,82.4211822757732,17.5788177242268
2019,4.22453808160199,0.837923719529349,83.1691046596532,22.6670576903935,415.845523298266,181,24,0.598867692163677,82.5566700713667,17.4433299286333
2019,4.20838460272716,0.834681522159286,83.8939053389479,22.726736934398,419.46952669474,182,24,0.605058419408842,82.7079448649258,17.2920551350742
2019,4.19193726445325,0.831701804936328,84.6142194845964,22.7856917889338,423.071097422982,183,24,0.593824376935419,82.8725255515863,17.1274744484137
2019,4.17807172411257,0.829051413126531,85.3334726265901,22.84421180851,426.66736313295,184,24,0.592384172863694,83.0482601785458,16.9517398214542
2019,4.16739863801698,0.826798479305016,86.0502216009668,22.9021870881919,430.251108004834,185,24,0.603658949353602,83.2335947367965,16.7664052632035
2019,4.1555688037532,0.825010707784452,86.7625611650666,22.9594731898747,433.812805825333,186,24,0.577465137149556,83.4267941736883,16.5732058263117
2019,4.15126887004446,0.823758951536501,87.4777529880784,23.0166598338883,437.388764940392,187,24,0.602664492545986,83.6245375205756,16.3754624794244
2019,4.14849871862433,0.823117843458678,88.1870234845715,23.0730520814998,440.935117422858,188,24,0.611590723520748,83.8257697651578,16.1742302348422
2019,4.14738627451892,0.823173862348753,88.8939325460538,23.1289429135071,444.469662730269,189,24,0.600126808858898,84.0274991969652,15.9725008030348
2019,4.15271502138486,0.8240414819536,89.6028889303434,23.1846853529142,448.014444651717,190,24,0.614434580328013,84.2282704171178,15.7717295828822
2019,4.16230168239737,0.825849429938918,90.3100255555318,23.2399793339664,451.550127777659,191,24,0.623578387242433,84.4257584824142,15.5742415175858
2019,4.17971920276713,0.828769079796116,91.0172259168091,23.2949773177814,455.086129584045,192,24,0.658637448302457,84.6171284628191,15.3828715371809
2019,4.20527284945841,0.833016567088239,91.7208721636038,23.3494040954086,458.604360818019,193,24,0.713445521793297,84.8014770534413,15.1985229465587
2019,4.23383824835114,0.83885414115981,92.4186408575716,23.4030896221681,462.093204287858,194,24,0.706309327311134,84.9781517688407,15.0218482311593
2019,4.27437661510594,0.846597999413032,93.1235224208505,23.4570363297924,465.617612104252,195,24,0.72897110542987,85.1450407639781,14.8549592360219
2019,4.10312357459675,0.813402067965433,93.8319505273824,23.5109684705955,469.159752636912,196,24,0.680325373682252,84.9457158434016,15.0542841565984
2019,4.16401832650496,0.825193745103639,94.5158271638574,23.5627629754269,472.579135819287,197,24,0.701902837232945,85.0953855746107,14.9046144253893
2019,4.23431996532793,0.83900980738529,95.2075372246373,23.6148857318954,476.037686123187,198,24,0.713324052808476,85.2229358266961,14.7770641733039
2019,4.32195801506894,0.855676642947142,95.9109918987178,23.6676234922614,479.554959493589,199,24,0.762888199228819,85.2512105420097,14.7487894579903
2019,4.41995906548182,0.87585221545942,96.6220281883232,23.7206563880001,483.110140941616,200,24,0.718157464004184,85.1215118341481,14.878488165852
2019,4.54065601144363,0.899612013788053,97.3615760915092,23.7755280328447,486.807880457546,201,24,0.732158716585882,84.8545487366643,15.1454512633357
2019,4.68070562915886,0.926942857546068,98.1224256579312,23.831677846762,490.612128289656,202,24,0.762096846927689,84.4767680197744,15.5232319802256
2019,4.83562770261519,0.957906942055432,98.905257501931,23.8891340855711,494.526287509655,203,24,0.750137407973255,84.0150287905039,15.9849712094961
2019,5.0134192581654,0.992639761020739,99.7214228764528,23.9487003510913,498.607114382264,204,24,0.783522480522645,83.49457535799,16.50542464201
2019,5.2082184294892,1.03122168647148,100.566423179877,24.0100141468232,502.832115899387,205,24,0.788225997615304,82.9397273863439,17.0602726136561
2019,5.42556581994638,1.07377767762468,101.449392641769,24.0737005754387,507.246963208847,206,24,0.820915390963885,82.3706526943276,17.6293473056724
2019,5.66272279753199,1.1203504650989,102.369239281005,24.139637316946,511.846196405026,207,24,0.847377181925129,81.8046631689777,18.1953368310223
2019,5.92066536521817,1.17096288243317,103.331165789925,24.2081502068052,516.655828949623,208,24,0.877232735331425,81.2548405898157,18.7451594101843
2019,6.2002794397607,1.22556708930362,104.33864503913,24.2794326261741,521.693225195648,209,24,0.922808380282487,80.7307732646955,19.2692267353045
2019,6.50223733232771,1.28402858263444,105.392861089175,24.3535100513978,526.964305445875,210,24,0.999619524533469,80.238918485605,19.761081514395
2019,6.8226602283374,1.34613188688932,106.492028731888,24.4301982182101,532.460143659441,211,24,1.07638189857583,79.7884464116885,20.2115535883115
2019,6.84071251120655,1.34895305551827,107.639843362804,24.5096938540491,538.199216814022,212,24,1.12121310588915,78.9811443541883,21.0188556458117
2020,3.10077031383118,0.618546503291683,54.5,19.9420239553624,272.5,141,24,0.278208885197086,84.1035722003786,15.8964277996214
2020,3.13701196594445,0.62593260075026,55.064485700361,20.0043903289654,275.322428501805,142,24,0.275266973769076,84.0348269389478,15.9651730610522
2020,3.18048118252749,0.634295835163745,55.6368064193596,20.0671690691198,278.184032096798,143,24,0.287807693038148,83.9770635373443,16.0229364626557
2020,3.22506102100195,0.643464932602207,56.2153110294378,20.1301703675702,281.076555147189,144,24,0.280917434098059,83.9276345095162,16.0723654904838
2020,3.27466902306448,0.653275215237607,56.804107734264,20.1938302074651,284.02053867132,145,24,0.286052680523114,83.8827978511373,16.1172021488627
2020,3.32737715950008,0.663574948226122,57.4017969270846,20.2579828421762,287.008984635423,146,24,0.295460449767586,83.8404646621674,16.1595353378326
2020,3.38159104463083,0.674228320060655,58.0081439870405,20.3225907872929,290.040719935202,147,24,0.303161789742204,83.799949549254,16.200050450746
2020,3.43640908449221,0.685097411566838,58.6237911975495,20.3877098990283,293.118955987748,148,24,0.307696162828872,83.7566166981873,16.2433833018127
2020,3.49255015744335,0.696070448166364,59.2494926175941,20.4534059283758,296.24746308797,149,24,0.317649530272846,83.7103791428902,16.2896208571098
2020,3.54930580144817,0.707044268993521,59.8844288746308,20.5195791212143,299.422144373154,150,24,0.331938663909948,83.6604355387851,16.3395644612149
2020,3.81291204291591,0.759500442566107,60.5278555402304,20.5861401960292,302.639277701152,151,24,0.338471853009195,84.0373906483067,15.9626093516933
2020,3.87288116665891,0.77079656669123,61.2226937238398,20.6574681462145,306.113468619199,152,24,0.363728779378872,83.9680256726626,16.0319743273374
2020,3.93172324516862,0.781826405331228,61.9244708181561,20.7289379874311,309.62235409078,153,24,0.391735990404297,83.894185916498,16.105814083502
2020,3.99014965800828,0.792522210847818,62.6324111134914,20.8004657941366,313.162055567457,154,24,0.431258797988085,83.8162768007299,16.1837231992701
2020,4.04014118871146,0.802827727097186,63.3441281021813,20.8718094118991,316.720640510907,155,24,0.42011132855572,83.7363102020746,16.2636897979254
2020,4.08941251792371,0.812667373408094,64.0680686065137,20.9438074537606,320.340343032569,156,24,0.422003833129666,83.6503315383046,16.3496684616954
2020,4.13415653099956,0.821985352361112,64.8014802647445,21.016171539822,324.007401323723,157,24,0.409601480772333,83.5590032737689,16.4409967262311
2020,4.17645900970381,0.830723744148976,65.5463162524954,21.0890809503632,327.731581262477,158,24,0.401307641256454,83.4619802451764,16.5380197548236
2020,4.22073593204562,0.838828298226143,66.3012661899663,21.1623934828822,331.506330949831,159,24,0.431162553688991,83.3596175466594,16.6403824533406
2020,4.25482912288941,0.846248354656033,67.0590948277272,21.235402724799,335.295474138636,160,24,0.410949854358293,83.2534970398499,16.7465029601501
2020,4.28713767219605,0.852917629399,67.8277785857787,21.3088726296151,339.138892928894,161,24,0.40592537717764,83.141909788374,16.8580902116261
2020,4.31710762217403,0.858777103338777,68.6039224466628,21.3824691111267,343.019612233314,162,24,0.413307338988792,83.0255167613323,16.9744832386677
2020,4.3431638337608,0.863763825386146,69.3845769570403,21.4559102295056,346.922884785202,163,24,0.424206592573004,82.9048008080082,17.0951991919918
2020,4.36497177245716,0.867809412534435,70.1682554649465,21.5290588442099,350.841277324732,164,24,0.438918809908298,82.7798464839169,17.2201535160831
2020,4.38191993551272,0.87084102445176,70.9533452666713,21.6017704573447,354.766726333357,165,24,0.455883232288854,82.6506659812978,17.3493340187021
2020,4.39408538513867,0.872780700053149,71.7384235027945,21.673922409595,358.692117513973,166,24,0.479163684841109,82.5171214401165,17.4828785598835
2020,4.39870719919352,0.87354585213798,72.5212699550728,21.745323326578,362.606349775364,167,24,0.489714442310749,82.3791143867649,17.6208856132351
2020,4.40156326755225,0.873401011874824,73.302921372083,21.8160812787302,366.514606860415,168,24,0.525049265452365,82.2511144890015,17.7488855109985
2020,4.39861220029159,0.872698455377787,74.0780672979899,21.8857328897711,370.39033648995,169,24,0.534822819936578,82.1486088663437,17.8513911336563
2020,4.39653615985105,0.871471490529263,74.8506581180224,21.9546512633941,374.253290590112,170,24,0.578464485365026,82.0697847405906,17.9302152594094
2020,4.38720638470885,0.869766213342382,75.6140947094006,22.0222677249665,378.070473547003,171,24,0.575945600723545,82.0150712970237,17.9849287029763
2020,4.3772148111732,0.86762077525929,76.3761580108723,22.0892896761694,381.880790054361,172,24,0.588885238657305,81.9820871363743,18.0179128636257
2020,4.36621766716148,0.865087224541217,77.133623409847,22.1554469531069,385.668117049235,173,24,0.612031623385212,81.9707538758161,18.0292461241839
2020,4.35268867006398,0.862221088513642,77.8842479280332,22.2205615499261,389.421239640166,174,24,0.626810322721872,81.9808399820015,18.0191600179985
2020,4.33762777406271,0.859079177892827,78.6291982437431,22.2847529084492,393.145991218716,175,24,0.640378080642993,82.0114750100046,17.9885249899954
2020,4.31828480243578,0.855722948427254,79.3684096498997,22.3480321219837,396.842048249499,176,24,0.618796042814221,82.0620450133896,17.9379549866104
2020,4.30025427111038,0.852212384267078,80.1080551673741,22.4109386925523,400.540275836871,177,24,0.619937839024116,82.1307479885502,17.8692520114498
2020,4.2833813432434,0.848614276599166,80.8438518634323,22.4731175320446,404.219259317162,178,24,0.638653423193393,82.2177385676305,17.7822614323695
2020,4.26672364112926,0.844999757355536,81.5725159113322,22.5343061167425,407.862579556661,179,24,0.661431970426472,82.3228646726687,17.6771353273313
2020,4.25085113336556,0.841438764929455,82.293277231768,22.5944574428582,411.46638615884,180,24,0.691356809676604,82.4453715870794,17.5546284129206
2020,4.23419242581211,0.838001603784884,83.0048630871612,22.653483892316,415.024315435806,181,24,0.704849082140964,82.5844336645206,17.4155663354794
2020,4.21697869676848,0.834754720633921,83.7104022622246,22.7116615842535,418.552011311123,182,24,0.699418156544004,82.7382756441311,17.2617243558689
2020,4.20079507300231,0.831764320493442,84.4135678302452,22.7693045079814,422.067839151226,183,24,0.69060743209991,82.9048770115732,17.0951229884268
2020,4.18719962429316,0.829097566800045,85.1152411107278,22.826492461004,425.576205553639,184,24,0.693544305099799,83.0825125094348,16.9174874905652
2020,4.17509540592498,0.826821607210606,85.8135895182176,22.8830841008309,429.067947591088,185,24,0.690402017420285,83.2696733431563,16.7303266568437
2020,4.16625296590672,0.82500314390545,86.5101264619853,22.9392101073537,432.550632309927,186,24,0.699091248204302,83.4640840632011,16.5359159367989
2020,4.16186548345668,0.823711192321134,87.2031372681464,22.9947402739258,436.015686340732,187,24,0.731201880027456,83.6637739618105,16.3362260381895
2020,4.15947434324728,0.823018213344849,87.8888279556805,23.0493819873071,439.444139778403,188,24,0.750654257851988,83.8668789049675,16.1331210950325
2020,4.15586281621366,0.823008352534355,88.5701288582249,23.1033803978951,442.850644291125,189,24,0.70811705872563,84.0704654266546,15.9295345733454
2020,4.1588546759509,0.82379504946757,89.2591931346003,23.1577004492644,446.295965673001,190,24,0.699945927397004,84.2708303731585,15.7291696268415
2020,4.1670811253761,0.825518296439987,89.9504671504193,23.2119018116604,449.752335752096,191,24,0.698230790224241,84.4683171578968,15.5316828421031
2020,4.18183689162663,0.8283447722461,90.6437056667576,23.2659664309368,453.218528333788,192,24,0.708662578838428,84.6592879932034,15.3407120067966
2020,4.20268397919102,0.832496818588971,91.3377841778396,23.3198086164863,456.688920889198,193,24,0.711489597928788,84.8426237695553,15.1573762304447
2020,4.23194523505472,0.83825126748296,92.0354409254734,23.373641768101,460.177204627367,194,24,0.718471936241185,85.0172507640509,14.9827492359491
2020,4.27027651492835,0.845908966272029,92.7375265644935,23.4275302989654,463.687632822468,195,24,0.718636028142294,85.1824897981912,14.8175102018088
2020,4.10293752685206,0.812654548641151,93.4472175553884,23.4817143672913,467.236087776942,196,24,0.72411299912244,84.9831878478433,15.0168121521567
2020,4.16234315947354,0.824360375394777,94.1223158914598,23.532991794737,470.611579457299,197,24,0.732264332434601,85.1321539440682,14.8678460559318
2020,4.23463832803689,0.838098817355231,94.8076360308751,23.5847841013068,474.038180154375,198,24,0.77578952641759,85.258992824424,14.741007175576
2020,4.32124847475371,0.854675817178673,95.4986796133241,23.6367454099596,477.49339806662,199,24,0.82003541590373,85.2873374315703,14.7126625684297
2020,4.41942370694377,0.874751140331435,96.1981641340722,23.6890752141615,480.990820670361,200,24,0.779470161907638,85.1578500837475,14.8421499162525
2020,4.53825450673619,0.898391647354497,96.9253632870007,23.743197987457,484.626816435004,201,24,0.776400796322295,84.8912958840612,15.1087041159388
2020,4.6754602171846,0.925594117923407,97.6769064081962,23.7988360223093,488.384532040981,202,24,0.778677530654353,84.5137213318572,15.4862786681428
2020,4.83178337470858,0.956428282716062,98.455396649595,23.8561552817838,492.276983247975,203,24,0.790722636142887,84.0517658939891,15.9482341060109
2020,5.00605085209056,0.99099189116948,99.2627008926713,23.9152634094963,496.313504463356,204,24,0.791902481003288,83.5313629940034,16.4686370059966
2020,5.20221803918461,1.02940835778112,100.104577801616,23.9765470245867,500.522889008082,205,24,0.822018273976592,82.9759968675709,17.0240031324291
2020,5.41686747889551,1.0717550793695,100.979616294733,24.0398650668376,504.898081473665,206,24,0.835334901634982,82.4066150081838,17.5933849918162
2020,5.65212897239981,1.11811636785509,101.894868603098,24.1056851297097,509.474343015491,207,24,0.852114544096157,81.8399385030459,18.1600614969541
2020,5.90761612862446,1.16851129332283,102.853759707739,24.1742029418861,514.268798538694,208,24,0.866739363842899,81.2892207329934,18.7107792670066
2020,6.18321542038904,1.22290485273216,103.860760238246,24.2456808178868,519.30380119123,209,24,0.880047948165844,80.7640437465743,19.2359562534257
2020,6.47835572317933,1.28119496309796,104.920149604318,24.3203578328504,524.600748021591,210,24,0.891597237837761,80.2707635114046,19.7292364885954
2020,6.792374682974,1.34321903454836,106.036180710254,24.3984612850124,530.180903551271,211,24,0.903176109800169,79.8149830516174,20.1850169483826
2020,6.81066964382936,1.34615082466351,107.212615199834,24.480174123086,536.063075999169,212,24,0.938165530922909,79.0077870433391,20.9922129566609
2021,3.1022396817674,0.618543263301148,54.5,19.9420239553624,272.5,141,24,0.288338130487547,84.1014296085052,15.8985703914948
2021,3.1391840992238,0.625929537968932,55.0627537248901,20.0041996572427,275.313768624451,142,24,0.289961892271514,84.0331394122925,15.9668605877075
2021,3.18184759714372,0.63429331604458,55.6325698921761,20.0667060152707,278.162849460881,143,24,0.297259474891679,83.9760137546666,16.0239862453334
2021,3.22780683483971,0.643462671676897,56.2094574425383,20.1295351584533,281.047287212691,144,24,0.29939790920646,83.9270062967624,16.0729937032376
2021,3.28002061215794,0.653274043790783,56.7951072350865,20.1928605561375,283.975536175433,145,24,0.323158889735403,83.8829511668231,16.1170488331769
2021,3.32982454725489,0.663580849443016,57.3864455362336,20.2563409486903,286.932227681168,146,24,0.311864320711069,83.8434620210386,16.1565379789614
2021,3.38430482264789,0.67423139378181,57.9900013576706,20.3206644881498,289.950006788353,147,24,0.321695726519042,83.8022723561765,16.1977276438235
2021,3.43926987348534,0.685102223814069,58.6024846088019,20.385464210391,293.012423044009,148,24,0.327167381948024,83.7596686171378,16.2403313828622
2021,3.49564141681617,0.696077465560418,59.224864032401,20.4508291952119,296.124320162005,149,24,0.338995471091597,83.7142259771755,16.2857740228245
2021,3.55110964919532,0.707053947525742,59.8561494623105,20.5166422665158,299.280747311552,150,24,0.344309514592148,83.6651469044385,16.3348530955615
2021,3.81593200735415,0.75951029192417,60.4974628594901,20.5830072658502,302.48731429745,151,24,0.358625223733248,84.0414074772164,15.9585925227836
2021,3.87418799177801,0.770809778528027,61.188874511648,20.6540095662207,305.94437255824,152,24,0.372388613117664,83.9728694432371,16.0271305567628
2021,3.92740959287082,0.781841612678999,61.8891811806722,20.7253575649647,309.445905903361,153,24,0.360162250259735,83.8994193182874,16.1005806817126
2021,3.98683357444338,0.792537810645036,62.6025736884311,20.7974625305969,313.012868442156,154,24,0.40446695655696,83.8214041227397,16.1785958772603
2021,4.04107418573569,0.80283994036984,63.318986003085,20.869298673806,316.594930015425,155,24,0.426822754761589,83.7404371330794,16.2595628669206
2021,4.09167280296986,0.812681088846631,64.0417709770685,20.9412020274297,320.208854885343,156,24,0.439145948363061,83.6547439690092,16.3452560309908
2021,4.1396768315619,0.822002208157249,64.77220644136,21.0132941243924,323.8610322068,157,24,0.451813206940143,83.5640946636915,16.4359053363085
2021,4.18581011940951,0.830747668209935,65.5097043467156,21.085510670047,327.548521733578,158,24,0.473287034217856,83.4686834689492,16.5313165310508
2021,4.2290614264402,0.83886401621628,66.2521288958503,21.1576395564394,331.260644479251,159,24,0.497928543108221,83.3690266751108,16.6309733248892
2021,4.26669209295447,0.846295209357037,66.9982698156628,21.2295641291034,334.991349078314,160,24,0.503852886658097,83.2654085631163,16.7345914368837
2021,4.29918472219617,0.852979680231423,67.7507460601978,21.301536195245,338.753730300989,161,24,0.497739765872797,83.1572564752723,16.8427435247277
2021,4.32954189675425,0.858854053883449,68.5109371216969,21.3736826372865,342.554685608484,162,24,0.50873921103349,83.0442137906327,16.9557862093673
2021,4.35305447786538,0.863856112320158,69.2749929658414,21.4456358323166,346.374964829207,163,24,0.498403901787558,82.9269550111186,17.0730449888814
2021,4.3711756762952,0.867913484191601,70.0458112038898,21.5176675481463,350.229056019449,164,24,0.483163826834116,82.8046521119721,17.1953478880279
2021,4.38463563687596,0.870951980028069,70.8232940386007,21.58976456099,354.116470193003,165,24,0.472316222577971,82.6770170163207,17.3229829836793
2021,4.39444322523653,0.872894039900566,71.6056302260286,21.6617569593233,358.028151130143,166,24,0.476722417006369,82.5440091343787,17.4559908656213
2021,4.39720875574738,0.873658528421031,72.3890380194345,21.7333007088915,361.945190097172,167,24,0.47208720832703,82.4058656014739,17.5941343985261
2021,4.39666624451988,0.873510627736608,73.1739167915363,21.8044396650272,365.869583957682,168,24,0.477809321031116,82.2771766993319,17.7228233006681
2021,4.3938648578103,0.872800486900173,73.957532945109,21.8749355997581,369.787664725545,169,24,0.488279916310228,82.1728968534889,17.8271031465111
2021,4.38824326399509,0.871566097059354,74.7384844956271,21.9446757635004,373.692422478135,170,24,0.497391251095209,82.0923195655126,17.9076804344874
2021,4.38049090030156,0.869848199697276,75.5164787406951,22.0136486294958,377.582393703476,171,24,0.509265766569996,82.0346129879992,17.9653870120008
2021,4.36979615628431,0.867692420197908,76.2905363642219,22.0817827297077,381.452681821109,172,24,0.514836893906721,81.999175408126,18.000824591874
2021,4.3583973100304,0.865147523223474,77.0613290402757,22.1491523374231,385.306645201379,173,24,0.531778761169514,81.985153316503,18.014846683497
2021,4.34477001322483,0.862269264383135,77.8264412473038,22.2155625646764,389.132206236519,174,24,0.544101147485165,81.9923631408679,18.0076368591321
2021,4.32923924012336,0.859115131999333,78.5863506635845,22.2810723067174,392.931753317922,175,24,0.551762045415348,82.0200818648445,17.9799181351555
2021,4.31239189797018,0.85574628250569,79.3416083449152,22.3457450242531,396.708041724576,176,24,0.557208618689397,82.0675894522647,17.9324105477353
2021,4.29482152954646,0.852227298270568,80.0923932742412,22.4096108586056,400.461966371206,177,24,0.562980955346575,82.134226063114,17.865773936886
2021,4.27574354477967,0.848621851801629,80.8384951095633,22.4726662852748,404.192475547817,178,24,0.558162799241041,82.2193603531383,17.7806396468617
2021,4.25881318938464,0.844997996718179,81.5817298338214,22.5350773999089,407.908649169107,179,24,0.575528598181392,82.3219128842464,17.6780871157536
2021,4.2413154817463,0.841428458116474,82.3180895382301,22.5965216112769,411.590447691151,180,24,0.584705900274994,82.4417557899191,17.5582442100809
2021,4.22223746990889,0.837982775003296,83.0490978820971,22.6571415318685,415.245489410485,181,24,0.571188095508758,82.577596637342,17.422403362658
2021,4.20825998120784,0.834728399005113,83.7789772153427,22.7172979234075,418.894886076713,182,24,0.60051257310458,82.7275298988069,17.2724701011931
2021,4.19543127960835,0.831737164619518,84.5001784619773,22.7763813508572,422.500892309887,183,24,0.629449168847395,82.8914766538855,17.1085233461145
2021,4.18451443251173,0.829075207141569,85.213008404562,22.8344346046805,426.06504202281,184,24,0.662850228558154,83.0677367827397,16.9322632172602
2021,4.1754265616925,0.826807703598472,85.9169559641404,22.8914332441505,429.584779820702,185,24,0.696081980292262,83.2545072162996,16.7454927837004
2021,4.16817489117944,0.824999327982608,86.612420257159,22.9474262503461,433.062101285795,186,24,0.724700663238104,83.4496036968246,16.5503963031754
2021,4.16229665012549,0.823716745181803,87.300690590352,23.0025323877673,436.50345295176,187,24,0.737210026240678,83.650509971312,16.349490028688
2021,4.15910135233895,0.823033285003149,87.9852629319671,23.057042895542,439.926314659836,188,24,0.745236461807744,83.8542665362891,16.1457334637109
2021,4.16099121101475,0.823033900377455,88.6675697652918,23.1110796616776,443.337848826459,189,24,0.775820040285058,84.0581969510128,15.9418030489872
2021,4.165187487867,0.82382521292036,89.3441159443308,23.164374798866,446.720579721654,190,24,0.78324356740438,84.2618674949015,15.7381325050985
2021,4.17716644095357,0.825538950921685,90.0199941169123,23.2173371889648,450.099970584562,191,24,0.836434847107302,84.4617075944465,15.5382924055535
2021,4.19308753925823,0.828333812329749,90.6876064394858,23.2693804691991,453.438032197429,192,24,0.868657890274373,84.6560341885053,15.3439658114947
2021,4.12874744293775,0.815397039754446,91.3519344157296,23.3209033309757,456.759672078648,193,17,0.804378967568,84.8428597460302,15.1571402539698
2021,4.24155750716838,0.838109919456446,92.0162254466227,23.3721628635037,460.081127233113,194,24,0.862949568875627,85.0209948480177,14.9790051519823
2021,4.19720429303614,0.828878262168461,92.6913387676613,23.4239939126726,463.456693838306,195,17,0.816628162677298,85.1887170107105,14.8112829892895
2021,4.01637726384482,0.79316792184553,93.3668187670485,23.4755904509916,466.834093835243,196,16,0.8011363467043,84.9912193863754,15.0087806136246
2021,4.07326444297081,0.804731901836664,94.009203773941,23.5244182247536,470.046018869705,197,16,0.781029452040912,85.1427240234697,14.8572759765304
2021,4.14192790678181,0.818261492214637,94.66696008573,23.5741740084226,473.33480042865,198,16,0.787995151063075,85.271489539514,14.728510460486
2021,4.32002378435874,0.854019087607216,95.3370268185316,23.6246138697167,476.685134092658,199,24,0.849383566708689,85.3011221119724,14.6988778880276
2021,4.41725790111955,0.874017574081881,96.0304043374496,23.6765490129196,480.152021687248,200,24,0.799063014589266,85.1716214611265,14.8283785388734
2021,4.534579851084,0.897574435788858,96.7532598929853,23.7304145929704,483.766299464926,201,24,0.781139849754645,84.9049028368845,15.0950971631155
2021,4.67252086827284,0.924688437701626,97.5031289268685,23.7859975654728,487.515644634342,202,24,0.798302805548572,84.5268995174387,15.4731004825612
2021,4.82638948372923,0.955407499298751,98.2771153150822,23.8430566145056,491.385576575411,203,24,0.786654195042864,84.0646531512617,15.9353468487383
2021,4.99976947854079,0.989855012318655,99.0841641382983,23.9022204789496,495.420820691492,204,24,0.784373350323309,83.543494581974,16.4565054180261
2021,5.19344146864607,1.02814014935645,99.926300672411,23.9635995784748,499.631503362055,205,24,0.793171364898804,82.9871910858752,17.0128089141248
2021,5.40866049987792,1.07035764628376,100.805363710827,24.0272866802805,504.026818554137,206,24,0.82099923294499,82.4164562373355,17.5835437626645
2021,5.64798581578026,1.11655948971728,101.721852437776,24.0932744073223,508.60926218888,207,24,0.894294115444006,81.8485016546146,18.1514983453854
2021,5.90212873929473,1.16671103683364,102.671490072354,24.161213192699,513.357450361771,208,24,0.906341814776512,81.2970663257289,18.7029336742711
2021,6.18004286001642,1.22083412247695,103.669484836684,24.2321411816981,518.347424183421,209,24,0.960513030326299,80.7709843881496,19.2290156118504
2021,6.47067512156232,1.27876565047769,104.712160088113,24.3057381208398,523.560800440566,210,24,0.939169206721986,80.2770867243432,19.7229132756568
2021,6.7819071399592,1.34045365596334,105.817155985237,24.3831785729255,529.085779926185,211,24,0.937552005489053,79.823571658058,20.1764283419419
2021,6.7975354635251,1.34317603636659,106.984638734447,24.4643883165295,534.923193672236,212,24,0.956662297725922,79.0125562003658,20.9874437996342
2022,3.1071260338618,0.618543263301148,54.5,19.9420239553624,272.5,141,24,0.324321972897514,84.1014296085052,15.8985703914948
2022,3.14302466235711,0.625932020891846,55.056534226827,20.0035149234742,275.282671134135,142,24,0.317572779197974,84.0346374774114,15.9653625225886
2022,3.18568700543922,0.634297964546117,55.6215963484944,20.065506488961,278.107981742472,143,24,0.325061325261269,83.9786432207157,16.0213567792843
2022,3.23053303754747,0.643469781142102,56.1936914459849,20.1278240627725,280.968457229925,144,24,0.318556560799869,83.930763589054,16.069236410946
2022,3.28078726811611,0.653283197351508,56.7760548025083,20.1908076258944,283.880274012542,145,24,0.328423542757478,83.8874661590378,16.1125338409622
2022,3.33242109208929,0.663591052155797,57.3664935726378,20.2542065477538,286.832467863189,146,24,0.330100514260472,83.8481628678854,16.1518371321146
2022,3.38653069578996,0.674243926045822,57.9669215397521,20.3182133743843,289.834607698761,147,24,0.337326247163239,83.8076786922955,16.1923213077045
2022,3.44223341581287,0.685117026956434,58.5767239532894,20.3827483084449,292.883619766447,148,24,0.348245070190521,83.7656679456744,16.2343320543256
2022,3.49574911123697,0.696095261580142,59.1954806557949,20.4477540210814,295.977403278974,149,24,0.338996111456686,83.721029373478,16.278970626522
2022,3.55090308213412,0.707072605080256,59.8267876264566,20.5135919772083,299.133938132283,150,24,0.342007678414959,83.6719060824758,16.3280939175242
2022,3.81621690608751,0.75953205743625,60.4685202143562,20.5800227879708,302.342601071781,151,24,0.359724761186131,84.0478805563862,15.9521194436137
2022,3.87334315485626,0.770832454163725,61.1597690810803,20.6510319823702,305.798845405401,152,24,0.36541853248175,83.9793411349625,16.0206588650375
2022,3.92937860118052,0.781864015295883,61.8613009502991,20.7225278811928,309.306504751496,153,24,0.372987408903663,83.9055829028876,16.0944170971124
2022,3.98301480205707,0.792562611279829,62.5725223815429,20.7944367303747,312.862611907715,154,24,0.375446712213277,83.8280093552841,16.1719906447159
2022,4.03483515365259,0.802861054055925,63.293975165811,20.8668003542699,316.469875829055,155,24,0.379326941285216,83.7459029143668,16.2540970856332
2022,4.08390950804901,0.812695503539232,64.0250116504441,20.9395412152973,320.125058252221,156,24,0.380348181824696,83.6583856808717,16.3416143191283
2022,4.13291820829462,0.822007936287747,64.7656541185528,21.0126499520061,323.828270592764,157,24,0.399520367050586,83.5655104394772,16.4344895605228
2022,4.17884807933545,0.830745409199705,65.5122589125462,21.0857598285665,327.561294562731,158,24,0.417873193923307,83.468134563924,16.531865436076
2022,4.21846502574782,0.838853098226269,66.2643738030278,21.1588244544313,331.321869015139,159,24,0.413033812456692,83.3664099805739,16.6335900194261
2022,4.25568428071263,0.846270913060485,67.0253742940052,21.2321663453605,335.126871470026,160,24,0.416181468605874,83.2596475841457,16.7403524158543
2022,4.28974945993725,0.852941537350889,67.79318303765,21.3055785327583,338.96591518825,161,24,0.4237963133985,83.1482841545891,16.8517158454109
2022,4.31958315984864,0.858804296423537,68.5662753694653,21.3789127217801,342.831376847327,162,24,0.430220796549942,83.0325739296861,16.9674260703139
2022,4.3456340602221,0.863794126493589,69.3440426420192,21.4521111241897,346.720213210096,163,24,0.441290468849872,82.9125033557128,17.0874966442871
2022,4.36547561319449,0.867842813349602,70.1247988141925,21.5250175503466,350.623994070963,164,24,0.441237303975083,82.7881996341262,17.2118003658737
2022,4.38081595679716,0.87087519930361,70.909526132125,21.5977269352884,354.547630660625,165,24,0.445828317963135,82.6591376200718,17.3408623799282
2022,4.39146297920051,0.872813718679486,71.6963950315803,21.6700737985169,358.481975157902,166,24,0.456693240302446,82.5252710912542,17.4747289087458
2022,4.39635748973207,0.873575803965716,72.4832115740192,21.741864599614,362.416057870096,167,24,0.469088638163645,82.3865019591226,17.6134980408774
2022,4.39669814597122,0.873428220723457,73.2685186710862,21.8129781120494,366.342593355431,168,24,0.48195872936093,82.2578107516631,17.7421892483369
2022,4.39187347664133,0.872719540884549,74.0513101195558,21.8833370790707,370.256550597779,169,24,0.475746420317759,82.1538044342107,17.8461955657894
2022,4.38538412265538,0.871484168496216,74.8343688351446,21.9532033189985,374.171844175723,170,24,0.477521607079765,82.0729242080111,17.9270757919889
2022,4.37790229454954,0.869764351486552,75.6157638257849,22.0224150337424,378.078819128924,171,24,0.491245094458448,82.0146791921398,17.9853208078601
2022,4.36868223458594,0.8676071666123,76.3929063855676,22.090757417371,381.964531927838,172,24,0.509371917311764,81.9787954979437,18.0212045020563
2022,4.35393387060642,0.865063017924924,77.1645676706819,22.1581399896659,385.822838353409,173,24,0.496615339207675,81.9647947010816,18.0352052989185
2022,4.34052742687015,0.862181667939507,77.9358181762793,22.2250190411419,389.679090881397,174,24,0.510110867080307,81.9710211412029,18.0289788587971
2022,4.32565055213597,0.859025315734344,78.7016752420418,22.2909754926381,393.508376210209,175,24,0.523190407723464,81.9978419750332,18.0021580249668
2022,4.30960599212205,0.855655884864384,79.4619274228586,22.35600827691,397.309637114293,176,24,0.535720348061224,82.0446857954935,17.9553142045065
2022,4.29201388750585,0.852138317816768,80.2164505382854,22.4201236252089,401.082252691427,177,24,0.540921100166458,82.1109470489573,17.8890529510426
2022,4.27483250717468,0.84853554150995,80.9664003458304,22.4834351879542,404.832001729152,178,24,0.554223120596439,82.1957357960436,17.8042642039564
2022,4.25705600334033,0.844917770382113,81.7102381317282,22.545828307343,408.551190658641,179,24,0.562684088634356,82.298586617707,17.701413382293
2022,4.24175497466282,0.841354756289859,82.4488124979796,22.607389471674,412.244062489898,180,24,0.593914362727085,82.4184772919058,17.5815227080942
2022,4.22516090005515,0.837919315943383,83.1780640675026,22.6677976060003,415.890320337513,181,24,0.605822546597913,82.5551081363117,17.4448918636883
2022,4.21063884018032,0.83467838874058,83.9015981254914,22.7273684186696,419.507990627457,182,24,0.630104682541954,82.7066342489692,17.2933657510308
2022,4.19698547003174,0.831700834795007,84.6173536741448,22.785947544196,423.086768370724,183,24,0.650057202223731,82.8720048443595,17.1279951556405
2022,4.18427343653996,0.829052812544758,85.3263698106811,22.8436355916316,426.631849053406,184,24,0.662037744421688,83.0494082796329,16.9505917203671
2022,4.17244492233585,0.826799839819623,86.0304286057608,22.9005906306986,430.152143028804,185,24,0.660872458434496,83.2366999296673,16.7633000703327
2022,4.16408247199485,0.825008402183228,86.7323352837313,22.9570491077984,433.661676418657,186,24,0.673307108572761,83.431384822658,16.568615177342
2022,4.15751244843071,0.823747560016877,87.4300623344892,23.0128566568536,437.150311672446,187,24,0.675054111776756,83.6315308108159,16.3684691891841
2022,4.15359365752426,0.823092282149331,88.1261050814315,23.0682210540171,440.630525407158,188,24,0.671816532861335,83.8343707741457,16.1656292258543
2022,4.15374889845201,0.823129344279612,88.8219899065866,23.123269053499,444.109949532933,189,24,0.675610191814818,84.0372514453516,15.9627485546484
2022,4.15614763105947,0.823969763186259,89.5171245181164,23.1779584170702,447.585622590582,190,24,0.657521000439976,84.2393998548898,15.7606001451102
2022,4.16533877622476,0.825749089255959,90.2163333287402,23.232670527362,451.081666643701,191,24,0.664149145574459,84.4373646191558,15.5626353808442
2022,4.17785406929486,0.828635408598814,90.9160303026807,23.2871257788064,454.580151513403,192,24,0.644114985354949,84.6290641169684,15.3709358830316
2022,4.20285813360413,0.832860445141593,91.6222117686115,23.3417903316057,458.111058843057,193,24,0.692398641495163,84.8125334605095,15.1874665394905
2022,4.23083994771115,0.838678552191392,92.3237106952514,23.3958024434207,461.618553476257,194,24,0.679754640949765,84.9882475498034,15.0117524501966
2022,4.26830440548014,0.8464072371988,93.0333073299598,23.4501478138071,465.166536649799,195,24,0.665800398042602,85.1541463843391,14.8458536156609
2022,4.10200319932349,0.813221150884508,93.7531588784504,23.5049841734208,468.765794392252,196,24,0.677285867226074,84.9534123480619,15.0465876519381
2022,4.16157723801608,0.824996562903466,94.4374227336274,23.5568381722776,472.187113668137,197,24,0.683368418649388,85.1026988876311,14.8973011123689
2022,4.23198894339832,0.838806568753766,95.1323549576905,23.6092332973333,475.661774788452,198,24,0.696546601096524,85.2296753413497,14.7703246586503
2022,4.31555722905047,0.855467833408682,95.8387023925669,23.6622164259962,479.193511962835,199,24,0.694694640222746,85.2574828995803,14.7425171004197
2022,4.41862924279558,0.875666312874141,96.5621006997695,23.7161971917964,482.810503498847,200,24,0.713035622929582,85.1265750220287,14.8734249779713
2022,4.53821449393036,0.899413733037322,97.3024099830824,23.7711488444011,486.512049915412,201,24,0.714556448317421,84.8594328968236,15.1405671031764
2022,4.67861314996904,0.926738387771515,98.0662947489342,23.8275458395057,490.331473744671,202,24,0.748885572460116,84.4812980989431,15.5187019010569
2022,4.83568686796761,0.957692278460393,98.8513533561082,23.8851879521896,494.256766780541,203,24,0.763247622670101,84.0192732767033,15.9807267232967
2022,5.00751260600896,0.992392587418471,99.6649115188019,23.9445869498975,498.324557594009,204,24,0.730307148600237,83.4988979259807,16.5011020740193
2022,5.20540234052054,1.03099498120331,100.519376828166,24.0066098906214,502.596884140831,205,24,0.769144621794428,82.9432021150792,17.0567978849208
2022,5.41621174757422,1.07354489347235,101.405602183328,24.0705512010309,507.028010916639,206,24,0.73265166970302,82.3737539303454,17.6262460696546
2022,5.65493740208951,1.12018629329925,102.341233505547,24.137635905698,511.706167527733,207,24,0.772389197102382,81.8065508444027,18.1934491555973
2022,5.90872807067375,1.17086891368974,103.316602371796,24.2071162533552,516.58301185898,208,24,0.758182969747686,81.255768061311,18.744231938689
2022,6.18281725965534,1.22561566395063,104.345505115908,24.2799163510559,521.727525579538,209,24,0.744256817594574,80.7303633258031,19.2696366741969
2022,6.4818441885005,1.28433105140628,105.431938548466,24.3562459918591,527.159692742328,210,24,0.775523880739598,80.2367408613816,19.7632591386184
2022,6.79909732360656,1.34680416920376,106.571843736767,24.4357453322698,532.859218683833,211,24,0.799388890840461,79.7843200613584,20.2156799386416
2022,6.81226665073932,1.35010483491687,107.770338042871,24.5186942228161,538.851690214355,212,24,0.768985509342669,78.9749332189225,21.0250667810775
