"year","assimilated_weight","ingested_weight","Weight","Length","Energy","JulianDay","feeding_hours","Metabolism","percentage_partic","percentage_filters"
1980,1.93834783124829,0.386720018956823,54.5,19.9420239553624,272.5,141,24,0.274403898451102,88.4613285896278,11.5386714103722
1980,1.91607985880873,0.382321693691486,54.8327622011936,19.9788428637945,274.163811005968,142,24,0.273360798000502,88.2947599040269,11.7052400959731
1980,1.89351711498706,0.377864564586551,55.1612784398945,20.0150395225582,275.806392199472,143,24,0.272242524118207,88.1246229738055,11.8753770261945
1980,1.87094841061945,0.373372331258585,55.4855047793182,20.0506164917507,277.427523896591,144,24,0.27289115387651,87.951311274916,12.048688725084
1980,1.84857268780753,0.368869904279819,55.8050866300229,20.0855423114546,279.025433150114,145,24,0.276208968932395,87.7753577296557,12.2246422703443
1980,1.82632698618006,0.364359632192681,56.1195287363115,20.1197706351815,280.597643681558,146,24,0.281532801926988,87.5977483497552,12.4022516502448
1980,1.80453221104544,0.359918773163887,56.4284558861772,20.153268707214,282.142279430886,147,24,0.288261268414689,87.4185758480063,12.5814241519937
1980,1.78315296049041,0.355552492012304,56.731677327654,20.1860240192857,283.65838663827,148,24,0.295776324143701,87.2389264659958,12.7610735340041
1980,1.7622619103382,0.351287293504767,57.0291188388457,20.2180366178902,285.145594194229,149,24,0.303375479297967,87.0597229461518,12.9402770538482
1980,1.74177364558341,0.347152339528433,57.3208612322603,20.2493229919122,286.604306161301,150,24,0.307971085567305,86.8819048532448,13.1180951467552
1980,1.81726756847402,0.362197568865165,57.6075857678157,20.2799633018587,288.037928839078,151,24,0.310940044388302,87.0313116357409,12.9686883642591
1980,1.79747651017696,0.358247462537946,57.9088142040214,20.3120392684828,289.544071020107,152,24,0.312620634866951,86.8591256497785,13.1408743502215
1980,1.77908354538695,0.35451739805316,58.2057471334785,20.3435442185342,291.028735667393,153,24,0.318197312727601,86.6910954131698,13.3089045868302
1980,1.72988334800973,0.344540733009836,58.4978849439201,20.3744312704465,292.4894247196,154,17,0.297884825474085,86.5295472791492,13.4704527208508
1980,1.71473825393668,0.341293356642987,58.7842440111399,20.4046031858032,293.9212200557,155,17,0.314592476118153,86.37514779108,13.62485220892
1980,1.70087832393774,0.338324109282744,59.0642313225839,20.4340048636956,295.321156612919,156,17,0.330871643101969,86.2279810038222,13.7720189961778
1980,1.68840249097577,0.335646718361284,59.3381896059626,20.462679552815,296.690948029813,157,17,0.346947231509308,86.0887782778993,13.9112217221007
1980,1.67739213683825,0.333271717024282,59.6064363944448,20.4906671640764,298.032181972224,158,17,0.363104974815503,85.9581733701271,14.0418266298729
1980,1.66791472183093,0.331207001507437,59.8692483507405,20.5180027237567,299.346241753702,159,17,0.379700873829243,85.8367088733699,14.1632911266301
1980,1.65976603585827,0.329458666957687,60.1268444294193,20.5447147292418,300.634222147097,160,17,0.39248825025284,85.7248552628491,14.2751447371509
1980,1.65281491849053,0.328032391587998,60.3802520788336,20.5709146925009,301.901260394168,161,17,0.398040829925826,85.6228842159241,14.3771157840759
1980,1.64721749096108,0.326934478805077,60.6311577662103,20.5967805788204,303.155788831052,162,17,0.398191607288865,85.530926141299,14.469073858701
1980,1.64313374890593,0.326172696409931,60.8809125765846,20.622453836385,304.404562882923,163,17,0.395064394691482,85.4491850548253,14.5508149451747
1980,1.64073467350052,0.325757371168812,61.1304748251291,20.6480340836349,305.652374125646,164,17,0.390851391328891,85.3779856688531,14.6220143311469
1980,1.64018927815536,0.325702150171159,61.3803985783795,20.6735785460643,306.901992891897,165,17,0.387375422288895,85.3177992793622,14.6822007206378
1980,1.64163279795226,0.326024310189969,61.6309071372408,20.6991101377757,308.154535686204,166,17,0.385482698112389,85.2692351076637,14.7307648923363
1980,1.64519270557373,0.326744558588316,61.8820816057737,20.724637083085,309.410408028869,167,17,0.385564270752746,85.2329884110373,14.7670115889627
1980,1.67315403157248,0.332282851151325,62.1339503711087,20.7501621786561,310.669751855543,168,17,0.388082010061436,85.3478016470451,14.6521983529548
1980,1.74998282611679,0.347490200949797,62.3909064516873,20.7761286304462,311.954532258437,169,17,0.393504956564844,85.7464518191232,14.2535481808768
1980,1.87345584766347,0.371898887133652,62.6621422419763,20.8034573667898,313.310711209882,170,17,0.403454829645231,86.357990110794,13.642009889206
1980,2.02969852566118,0.402746062092487,62.9560810880842,20.8329806523319,314.780405440421,171,17,0.417655126168936,87.0416564222371,12.9583435777629
1980,2.19990026923254,0.436323133367872,63.27842666612,20.8652468758654,316.3921333306,172,17,0.433494381135142,87.673640488941,12.326359511059
1980,2.36838051950917,0.469559251191704,63.6316427817139,20.9004719135963,318.15821390857,173,17,0.447959174047082,88.1914306357913,11.8085693642087
1980,2.52532576779485,0.500563669777791,64.0156597830171,20.9386143342429,320.078298915086,174,17,0.457605023277021,88.5811113683038,11.4188886316962
1980,2.66614343667635,0.528462136267367,64.429134195821,20.9795047326514,322.145670979105,175,17,0.460798009895193,88.8526440607694,11.1473559392306
1980,2.78988177258486,0.553043347602419,64.870130803692,21.0229158637483,324.35065401846,176,17,0.459830815277924,89.0236872892908,10.9763127107092
1980,2.89743327062686,0.574457713715759,65.3360654956514,21.068558979443,326.680327478257,177,17,0.456780705172932,89.1122165355218,10.8877834644782
1980,2.99055560371337,0.593020358755649,65.8241172032503,21.1161260619518,329.120586016251,178,17,0.453731975434259,89.1339190193753,10.8660809806247
1980,3.0712896826892,0.609098515957546,66.331399532331,21.1653076037176,331.656997661655,179,17,0.45268515983877,89.1017167840143,10.8982832159858
1980,3.14169386841331,0.623053759715189,66.8550341646124,21.2158003241873,334.275170823062,180,17,0.45596929283323,89.0260489515601,10.9739510484399
1980,3.20347854720441,0.63521596602698,67.3920886490585,21.2673015711009,336.960443245292,181,17,0.463884776773355,88.9153542853456,11.0846457146544
1980,3.25800144403187,0.645874499413291,67.9399125358306,21.3195416861512,339.699562679153,182,17,0.475312457663054,88.7764793275228,11.2235206724772
1980,3.30639920508605,0.655277690151211,68.4963507553109,21.3723035719204,342.481753776554,183,17,0.489085240108265,88.6150199934063,11.3849800065937
1980,3.3496102970919,0.663636034416225,69.0597089886341,21.425418162074,345.29854494317,184,17,0.503946483694406,88.4356113243734,11.5643886756266
1980,3.38843705425078,0.671126863934346,69.6287319385946,21.4787611562361,348.143659692973,185,17,0.51891994112142,88.2421452223022,11.7578547776978
1980,3.42358320682381,0.677899268590868,70.2025200219355,21.5322440805082,351.012600109678,186,17,0.533463210028165,88.0379423324548,11.9620576675452
1980,3.45558359444351,0.68407874689009,70.7804228771895,21.5858034708268,353.902114385947,187,17,0.54639350599981,87.8258872343342,12.1741127656658
1980,3.48487551323426,0.689771360259552,71.3621336611423,21.6394088521767,356.810668305711,188,17,0.556467357558421,87.6085057694162,12.3914942305838
1980,3.51181304045739,0.695067316612868,71.9476816742359,21.6930611436427,359.738408371179,189,17,0.562382013385176,87.388034614919,12.611965385081
1980,3.53691858514127,0.700050187131516,72.5374275688351,21.7467913400289,362.687137844176,190,17,0.565303926379752,87.1678091827121,12.8321908172879
1980,3.5606912900286,0.704784960006877,73.13160317009,21.8006180897245,365.65801585045,191,17,0.567295116812902,86.9492030793814,13.0507969206186
1980,3.64816393136425,0.722149021616731,73.7301277095192,21.8545315297502,368.650638547596,192,24,0.631344115140741,86.7333738373166,13.2666261626834
1980,3.67171880029983,0.726886261937421,74.3333292526499,21.9085585207424,371.66664626325,193,24,0.630621724480092,86.522007147147,13.477992852853
1980,3.69466496160332,0.73153227531891,74.9413781413263,21.9627112957962,374.706890706632,194,24,0.6280663042997,86.316765463568,13.6832345364319
1980,3.71765984485141,0.736134022432877,75.554518837945,22.017008339213,377.772594189725,195,24,0.629057020945957,86.1192801687952,13.8807198312048
1980,3.53669104668978,0.70024696509163,76.1720514347384,22.0713847771415,380.860257173692,196,24,0.632432074730998,85.5398818925011,14.4601181074989
1980,3.55954377912901,0.704673041937231,76.7527058935561,22.1222343711261,383.763529467781,197,24,0.643017548682665,85.3625249156914,14.6374750843086
1980,3.58285891464756,0.709199435767057,77.3358046460584,22.1730289174058,386.679023230292,198,24,0.653068280209355,85.1986520420901,14.8013479579099
1980,3.61033068971257,0.714613198573876,77.9215467310739,22.2237856899065,389.607733655369,199,24,0.658691119069245,85.0187376781831,14.9812623218169
1980,3.64528073658036,0.7215656589452,78.5116486462707,22.2746520665508,392.558243231354,200,24,0.660306442159389,84.7979297042797,15.2020702957203
1980,3.68738470365266,0.729931653621991,79.1084070935745,22.3258219606039,395.542035467873,201,24,0.662175409669049,84.5396333789243,15.4603666210757
1980,3.73612605450232,0.739589219444089,79.7132016096742,22.3774071602721,398.566008048371,202,24,0.665644193464159,84.2487971660789,15.7512028339211
1980,3.79107702550987,0.750431667141336,80.3270391371261,22.4294854916608,401.635195685631,203,24,0.672165279951659,83.9307036553581,16.0692963446419
1980,3.85194686065062,0.762378454375795,80.950550518153,22.4821013653614,404.752752590765,204,24,0.683236159399719,83.5909938964027,16.4090061035973
1980,3.91831171787088,0.775386141467985,81.5840088985528,22.5352681675181,407.920044492764,205,24,0.696100965475295,83.2357300730328,16.7642699269672
1980,3.99002804705621,0.789457434277014,82.2281537856814,22.5890376735869,411.140768928407,206,24,0.708636548719922,82.8713251022443,17.1286748977557
1980,4.06757004571507,0.804647965284647,82.8841205499192,22.6434931421062,414.420602749596,207,24,0.723399037564021,82.5045991086079,17.4954008913921
1980,4.15171636464003,0.821071213988213,83.5526281044102,22.6986815191659,417.763140522051,208,24,0.743119904721299,82.1429407172961,17.8570592827039
1980,4.24358364957782,0.838902365874159,84.234004730187,22.7546165009963,421.170023650935,209,24,0.770982465451004,81.7943089292861,18.2056910707139
1980,4.34387703564288,0.858382313789605,84.9281653107184,22.8112775838686,424.640826553592,210,24,0.800071760291084,81.4672233527923,18.5327766472077
1980,4.45370385924401,0.879840682115073,85.6365486909072,22.8687678114302,428.182743454536,211,24,0.822426244329228,81.1757031374324,18.8242968625676
1980,4.31958435947497,0.853176289534447,86.3624073890803,22.9273334905118,431.812036945402,212,24,0.83384969265126,80.3834747627317,19.6165252372683
1981,1.93977649288151,0.386670427015243,54.5,19.9420239553624,272.5,141,24,0.292706550754583,88.4617013077,11.5382986923
1981,1.91762863278726,0.382270017613327,54.8293874030595,19.9784702375989,274.146937015298,142,24,0.293283712052829,88.2956336831215,11.7043663168785
1981,1.8950799975127,0.377810725638413,55.154228823918,20.0142643596352,275.77114411959,143,24,0.292598719959497,88.126052656353,11.873947343647
1981,1.87231235773293,0.373316610570879,55.4746965225669,20.0494328524266,277.373482612834,144,24,0.291325560449163,87.953323025094,12.046676974906
1981,1.84963226105178,0.368813173079636,55.7908643159283,20.0839909797205,278.954321579642,145,24,0.291546323497319,87.7779162977416,12.2220837022584
1981,1.82724263117421,0.364326853156745,56.1024509127293,20.117915080938,280.512254563646,146,24,0.294164045490313,87.6004540749063,12.3995459250937
1981,1.80506366654281,0.359862372087694,56.4090350006392,20.1511666016921,282.045175003196,147,24,0.298054743995324,87.4220375786656,12.5779624213344
1981,1.78338716880286,0.355497400670611,56.7104041055989,20.1837299778672,283.552020527994,148,24,0.302077478537371,87.2427499003794,12.7572500996206
1981,1.76213491071271,0.351234956214701,57.0066323035098,20.2156205417991,285.033161517549,149,24,0.305028041564714,87.0638081681204,12.9361918318796
1981,1.74152169351528,0.347103671427163,57.2980188669298,20.2468773928763,286.490094334649,150,24,0.307771141025475,86.886121666377,13.113878333623
1981,1.8172340209493,0.362150972132805,57.5847330868243,20.2775250938454,287.923665434122,151,24,0.313409148237051,87.0363777492334,12.9636222507667
1981,1.76539595942569,0.351767482204583,57.8854610808033,20.3095567017605,289.427305404016,152,17,0.285833142465293,86.8643172825257,13.1356827174743
1981,1.74683900381646,0.348014239058853,58.1813354909365,20.3409583449121,290.906677454683,153,17,0.290482378210861,86.6965000906733,13.3034999093267
1981,1.72947668552756,0.344504440797406,58.4725674789893,20.3717587741003,292.362837394946,154,17,0.294906650738888,86.5342461149444,13.4657538850556
1981,1.71347162389391,0.341261015599335,58.759440953949,20.4019938957489,293.797204769745,155,17,0.299696845065354,86.3798284330353,13.6201715669647
1981,1.69891977733974,0.338296615731107,59.0421541712907,20.4316900576475,295.210770856453,156,17,0.305308987555513,86.232257733387,13.767742266613
1981,1.68582169647528,0.335624519646009,59.3208333728061,20.4608656499781,296.604166864031,157,17,0.31088272672502,86.0922880037402,13.9077119962598
1981,1.67416349575424,0.3332550173395,59.5957769808734,20.4895566875555,297.978884904367,158,17,0.315473204352763,85.9605457608567,14.0394542391433
1981,1.66392308369629,0.331195942736215,59.867469611756,20.5178179951913,299.33734805878,159,17,0.318123936608298,85.8375300400386,14.1624699599614
1981,1.65525215093134,0.32945348725278,60.1365827585639,20.5457230012304,300.68291379282,160,17,0.320488329180538,85.7236273993323,14.2763726006677
1981,1.64827881853295,0.328033066774214,60.4034875686946,20.5733131848787,302.017437843473,161,17,0.324033702114093,85.6192250830257,14.3807749169743
1981,1.64292753242997,0.326940566804391,60.6682873482495,20.6006019299269,303.341436741247,162,17,0.327237504072398,85.5247420674487,14.4752579325513
1981,1.63913353091357,0.326183720930524,60.9313748024733,20.6276321249175,304.656874012367,163,17,0.328523247799287,85.4405669550671,14.5594330449329
1981,1.63684580883644,0.325773095896176,61.1934449799021,20.6544770508773,305.96722489951,164,17,0.326301402298168,85.3670867706907,14.6329132293093
1981,1.63635088398541,0.325722789967989,61.4555006306865,20.6812404857631,307.277503153432,165,17,0.323821240130304,85.3047070186876,14.6952929813124
1981,1.63795444923239,0.32605040873012,61.7179519485285,20.7079647272013,308.589759742642,166,17,0.324303273818673,85.2540168462877,14.7459831537123
1981,1.64164060582467,0.326776803338933,61.9806261604756,20.7346324755483,309.903130802378,167,17,0.325956460501895,85.2157686357666,14.7842313642334
1981,1.66954088060038,0.332330723230961,62.243705522714,20.7612625203568,311.21852761357,168,17,0.327006512690585,85.3291109972483,14.6708890027517
1981,1.74593138161706,0.347570448377989,62.5121534526691,20.7883552529448,312.560767263345,169,17,0.32564617173488,85.7270626455588,14.2729373544412
1981,1.86862572434025,0.372021591154523,62.7961500116784,20.816929083018,313.980750058392,170,17,0.324978436011893,86.3381344177296,13.6618655822704
1981,2.02395683528383,0.402912501760273,63.1048173216278,20.8478831593741,315.524086608139,171,17,0.32813056160361,87.0210485596754,12.9789514403246
1981,2.19314830976617,0.436527504394051,63.4439185762403,20.8817678357309,317.219592881201,172,17,0.333143330067835,87.651779334728,12.348220665272
1981,2.36059325525566,0.469792071194877,63.815853484303,20.9187885715033,319.079267421515,173,17,0.338000506540773,88.1677875484076,11.8322124515924
1981,2.51656523458314,0.500814376274289,64.2203035914515,20.958875441204,321.101517957257,174,17,0.340550990903751,88.5552203599242,11.4447796400758
1981,2.69605360992842,0.536547645817543,64.6554353582587,21.0018073033884,323.277176791293,175,24,0.380176358487857,88.824138852483,11.175861147517
1981,2.82065024124636,0.561336864925924,65.11853679311,21.0472781266623,325.59268396555,176,24,0.382648093032161,88.9923277043996,11.0076722956004
1981,2.92949715143922,0.582967986584096,65.6060599753757,21.0949039908396,328.030299876879,177,24,0.386401767537277,89.0779043116952,10.9220956883048
1981,3.02419798460775,0.601756675242458,66.1145982764932,21.1443206900337,330.572991382466,178,24,0.391517852739785,89.0966477032018,10.9033522967982
1981,3.10661476166673,0.618070868941611,66.641049705104,21.1951997834549,333.20524852552,179,24,0.39807529116252,89.0615245904698,10.9384754095302
1981,3.17857406640262,0.632272726577213,67.1826688875427,21.2472532472549,335.913344437713,180,24,0.406129850404994,88.9829736125513,11.0170263874487
1981,3.24172306874186,0.644692445994397,67.737064614487,21.3002325919222,338.685323072435,181,24,0.4155914896168,88.8693778285668,11.1306221714332
1981,3.29747203949319,0.655619217334021,68.3021931188556,21.3539274479849,341.510965594278,182,24,0.426096422047834,88.7275153238035,11.2724846761965
1981,3.34702022104927,0.665300735329664,68.8763654439849,21.408165406725,344.381827219924,183,24,0.437256299430289,88.5629280658221,11.4370719341779
1981,3.39137228500691,0.673946554372473,69.4582101487038,21.4628075933915,347.291050743519,184,24,0.448636688457544,88.3802133622962,11.6197866377038
1981,3.4312763570971,0.681732880019168,70.0466436086033,21.5177450356761,350.233218043017,185,24,0.458882747037362,88.1832442398508,11.8167557601492
1981,3.46740972735718,0.688807613929346,70.6410027869348,21.5729101488514,353.205013934674,186,24,0.467297052523467,87.9753125103555,12.0246874896445
1981,3.5004376770066,0.695294999038259,71.2408995800611,21.6282621695518,356.204497900306,187,24,0.474252485976248,87.7592692657938,12.2407307342062
1981,3.53093214362369,0.701299786026612,71.8460043522491,21.6837665973226,359.230021761245,188,24,0.480185775495451,87.537647197481,12.462352802519
1981,3.5593856736721,0.70691089670377,72.456014496774,21.7393921670795,362.28007248387,189,24,0.485546331824623,87.3127363403822,12.6872636596178
1981,3.58618381972062,0.71220584082136,73.0706360206845,21.7951091011135,365.353180103422,190,24,0.490280633351116,87.0869218279883,12.9130781720117
1981,3.6117222236747,0.717257805948178,73.6896627322062,21.8508961904075,368.448313661031,191,24,0.49465843669013,86.8636934284414,13.1363065715586
1981,3.6363361216337,0.722117731558493,74.3129136016426,21.906734956431,371.564568008213,192,24,0.49949198850188,86.6432531792753,13.3567468207247
1981,3.66037289653881,0.726838522254143,74.940112181527,21.9625988682301,374.700560907635,193,24,0.505622124343624,86.4273943333294,13.5726056666706
1981,3.68416257966695,0.731469349092544,75.5708833191973,22.0184532911065,377.854416595986,194,24,0.513930546603161,86.21788118746,13.78211881254
1981,3.70783148249379,0.736057448298345,76.2047415144309,22.0742547053236,381.023707572154,195,24,0.523296865579677,86.0164775477324,13.9835224522676
1981,3.52764871110569,0.700183517978643,76.8414505957632,22.1299823580293,384.207252978816,196,24,0.529060897344784,85.4322324220538,14.5677675779462
1981,3.55052659951559,0.704601165168808,77.4409602347246,22.1821607334736,387.204801173623,197,24,0.539391399560977,85.2513781430917,14.7486218569083
1981,3.57409853310117,0.70912043418998,78.0429694725888,22.2342741294092,390.214847362944,198,24,0.551921635199304,85.0841861314015,14.9158138685985
1981,3.60242839157027,0.714528347065109,78.6471767423273,22.2862968428866,393.235883711637,199,24,0.567895170494053,84.9008590735761,15.0991409264239
1981,3.63849604288225,0.721475988501977,79.2538445282442,22.3382519008704,396.269222641221,200,24,0.583801996052243,84.6766827583046,15.3233172416954
1981,3.68140225021471,0.729838539793351,79.8645332683957,22.3902721148128,399.322666341978,201,24,0.596266990583844,84.4152098566441,15.5847901433559
1981,3.73068660117215,0.739494410888431,80.4812985293115,22.44252931189,402.406492646557,202,24,0.607011959286456,84.1213254934277,15.8786745065723
1981,3.78597122518843,0.750337334205136,81.1057593702103,22.4951549467465,405.528796851051,203,24,0.617921606540793,83.800262881381,16.1997371186191
1981,3.84701714269474,0.76228722880748,81.7390822734005,22.5482397668914,408.695411367003,204,24,0.63100261603099,83.4576276511492,16.5423723488508
1981,3.91344702857416,0.775301154810381,82.3819845299373,22.6018351242971,411.909922649686,205,24,0.644263357686195,83.0994622471302,16.9005377528698
1981,3.98503225541018,0.789382364555355,83.0355062378173,22.6560178250181,415.177531189087,206,24,0.654642928234192,82.7321847747085,17.2678152252915
1981,4.06209576471629,0.804587062631655,83.7012538839097,22.7109094139276,418.506269419548,207,24,0.662625665930153,82.3625932536715,17.6374067463285
1981,4.14525547285745,0.821029358119626,84.380801589246,22.7666259013142,421.90400794623,208,24,0.66876393616443,81.9979894723071,18.0020105276929
1981,4.23544290266316,0.838885226152323,85.0757364903072,22.8232814924023,425.378682451536,209,24,0.673635478146867,81.646176905388,18.353823094612
1981,4.33392247384299,0.858396671483627,85.7877163752867,22.8809931714148,428.938581876434,210,24,0.677803207750771,81.3154388886952,18.6845611113048
1981,4.44234016656365,0.879883556585747,86.5185392151139,22.9398860673582,432.59269607557,211,24,0.681666508325818,81.0164844557182,18.9835155442818
1981,4.30810112638262,0.853310932987871,87.2702521653647,23.0001017570407,436.351260826823,212,24,0.680023562559724,80.2189673650137,19.7810326349863
1982,1.93761956598115,0.386720018956823,54.5,19.9420239553624,272.5,141,24,0.266817892630761,88.4613285896278,11.5386714103722
1982,1.91563859824414,0.382323733254341,54.8341337493042,19.9789942978412,274.170668746521,142,24,0.268602427321593,88.2945651510872,11.7054348489128
1982,1.89337870425046,0.377867768507437,55.163513405893,20.0152852609307,275.817567029465,143,24,0.27059939412297,88.1243019756594,11.8756980243406
1982,1.87098674559893,0.373375825222934,55.4880406822262,20.0508941815674,277.440203411131,144,24,0.273127615213912,87.9509425908593,12.0490574091407
1982,1.84852148485856,0.368873199356937,55.8075828995484,20.0858145693861,279.037914497742,145,24,0.275464796122757,87.774990092211,12.225009907789
1982,1.82600694800185,0.364362952285125,56.1221635915929,20.1200568846779,280.610817957965,146,24,0.277696803907298,87.5973549805375,12.4026450194625
1982,1.80396851384168,0.359922775327022,56.4317939245079,20.1536299637855,282.15896962254,147,24,0.281397528391321,87.4180703767656,12.5819296232344
1982,1.78255882483585,0.355557718798091,56.7362753629352,20.1865197790254,283.681376814676,148,24,0.288211196037169,87.2382198910281,12.7617801089719
1982,1.76202902367004,0.351293728090087,57.0351110561858,20.2186803423819,285.175555280929,149,24,0.30001020786435,87.0587881309667,12.9412118690333
1982,1.70561605043432,0.339857126956576,57.3274799045724,20.2500314876896,286.637399522862,150,16,0.277233728972233,86.8808563388385,13.1191436611615
1982,1.78642089465945,0.35578932219021,57.6131203675113,20.2805537003308,288.065601837557,151,17,0.294921452464567,87.0304381084462,12.9695618915538
1982,1.76720888731454,0.351810139839076,57.9113831659887,20.3123123208063,289.556915829943,152,17,0.305952656453337,86.8587139313903,13.1412860686097
1982,1.74908736380302,0.348050138989352,58.2035961563862,20.3433164004542,291.017980781931,153,17,0.317449102422291,86.691445362131,13.308554637869
1982,1.73226421712036,0.34453533186634,58.4898843813054,20.3735868230142,292.449421906527,154,17,0.330512097044656,86.530867909165,13.469132090835
1982,1.71665211332731,0.341284683864885,58.7701942013303,20.4031252352745,293.850971006651,155,17,0.342568095112617,86.3774991253349,13.6225008746651
1982,1.70213094004531,0.33831325817168,59.0449692207526,20.4319852512708,295.224846103763,156,17,0.350369866684973,86.2312465524501,13.7687534475499
1982,1.68881866135849,0.335634943876942,59.3152784667081,20.4602850276741,296.576392333541,157,17,0.354231231946651,86.0927087883356,13.9072912116644
1982,1.67681249442692,0.33326031179601,59.582151791497,20.4881370408209,297.910758957485,158,17,0.354616669037816,85.9623839907488,14.0376160092512
1982,1.66619215920867,0.331197214730416,59.8465455913779,20.5156446717301,299.23272795689,159,17,0.352083621614116,85.8406816956105,14.1593183043895
1982,1.65725443665471,0.329451680268138,60.1093207139698,20.5429000993109,300.546603569849,160,17,0.350854863377596,85.7279454377866,14.2720545622134
1982,1.65013184833396,0.328028774934306,60.3705528045214,20.5699132908647,301.852764022607,161,17,0.352654104215035,85.6246049401945,14.3753950598055
1982,1.6446522833078,0.326934068810423,60.6299992702786,20.5966613209785,303.149996351393,162,17,0.354321934192567,85.5311325449107,14.4688674550893
1982,1.64065479686306,0.326175125010496,60.8880149795075,20.6231828453981,304.440074897537,163,17,0.352638214285671,85.4479165842895,14.5520834157105
1982,1.63799493316004,0.325762457828799,61.1455666376314,20.6495786658863,305.727833188157,164,17,0.344520024790503,85.3752888880974,14.6247111119026
1982,1.63712833187645,0.325710225524443,61.4042086378222,20.6760083643423,307.021043189111,165,17,0.336279657480896,85.313550583405,14.686449416595
1982,1.63853451306303,0.326035941745621,61.6643240342762,20.7025104848865,308.321620171381,166,17,0.333882152805659,85.2632920198727,14.7367079801273
1982,1.64212059522803,0.326760230582885,61.925198774197,20.7290118295557,309.625993870985,167,17,0.334189699877383,85.2253602672002,14.7746397327997
1982,1.66992330218961,0.332307477178743,62.1867277936243,20.7555016499295,310.933638968122,168,17,0.334156828974088,85.3387408340576,14.6612591659424
1982,1.74613010524065,0.347533540342895,62.4538224671344,20.7824751853575,312.269112335672,169,17,0.330801297872154,85.7363461584773,14.2636538415227
1982,1.86859788958905,0.371968747540441,62.7368280829352,20.8109679612653,313.684140414676,170,17,0.327834988184739,86.3469022002404,13.6530977997596
1982,2.02378174711811,0.402846203401016,63.0449188663485,20.8418846292834,315.224594331742,171,17,0.329800186848625,87.0293396771999,12.9706603228001
1982,2.19295841015432,0.436452562596317,63.3836515412931,20.8757548943583,316.918257706466,172,17,0.335014981799665,87.6597424977273,12.3402575022727
1982,2.36057420028757,0.469713294945928,63.7551745142163,20.9127591427356,318.775872571082,173,17,0.341799607299188,88.1755893748773,11.8244106251227
1982,2.51695389704987,0.500735346006894,64.1588613790695,20.9527969837676,320.794306895347,174,17,0.348332221860198,88.5630246046639,11.4369753953361
1982,2.65751778408808,0.528643283674432,64.5925150384991,20.9956118092587,322.962575192495,175,17,0.352960788956581,88.8321183116666,11.1678816883334
1982,2.82166580269855,0.56125552218696,65.0533528523952,21.0408915293265,325.266764261976,176,24,0.397063681253468,89.0006399427598,10.9993600572402
1982,2.93078040236097,0.582890440337882,65.5381964911874,21.0882892562113,327.690982455937,177,24,0.402936579471935,89.0866467596777,10.9133532403222
1982,3.02601512991744,0.601683601442784,66.0436849791176,21.1374456930534,330.218424895588,178,24,0.412906614468694,89.105904155753,10.894095844247
1982,3.10949412861994,0.618002294101376,66.5662226262636,21.1879852118656,332.831113131318,179,24,0.429837699140117,89.0714379582233,10.9285620417767
1982,3.1826161711988,0.632208023210028,67.1020657951609,21.2395252854126,335.510328975805,180,24,0.449688443435171,88.9938167850059,11.0061832149941
1982,3.19965275126186,0.635322992782656,67.6485588912206,21.2917951025547,338.242794456103,181,17,0.420063845494426,88.8814648991446,11.1185351008554
1982,3.25445726233503,0.645960028648782,68.2043796233978,21.3446560588049,341.021898116989,182,17,0.435060499213058,88.7410727769196,11.2589272230804
1982,3.3029975944301,0.655342451656424,68.7681570556021,21.3979678968087,343.84078527801,183,17,0.450807155507209,88.5781448714115,11.4218551285885
1982,3.34649973495381,0.66368104358285,69.3384880759499,21.4515903982628,346.69244037975,184,17,0.46911884139498,88.3972865295108,11.6027134704892
1982,3.38531320191034,0.671153207665828,69.9138517624942,21.5053754821782,349.569258812471,185,17,0.484351734210586,88.2024349997805,11.7975650002195
1982,3.41978072548488,0.677908149311259,70.4939258618751,21.5592894985439,352.469629309375,186,17,0.491888188014364,87.9968389950996,12.0031610049004
1982,3.50734141518041,0.695262971897381,71.0793801855843,21.6133909561045,355.396900927922,187,24,0.550703117867358,87.7832008077413,12.2167991922587
1982,3.53766925958598,0.701274496790431,71.6705773626573,21.6677088555873,358.352886813286,188,24,0.554426582317584,87.5639490000918,12.4360509999082
1982,3.56638891350339,0.70689263432743,72.2670887884332,21.7221994267716,361.335443942166,189,24,0.562619408874701,87.341383807764,12.658616192236
1982,3.5936450411301,0.712199572629015,72.8676986119973,21.7767485752669,364.338493059987,190,24,0.572126638266418,87.1190762943017,12.8809237056983
1982,3.61944056364958,0.717259074257355,73.4718509052338,21.8313042222224,367.359254526169,191,24,0.579142820369759,86.8985238704535,13.1014761295465
1982,3.64436571000319,0.722126529451391,74.0797514055796,21.8858836628848,370.398757027898,192,24,0.587385556856878,86.6808502404615,13.3191497595385
1982,3.66900429247818,0.726854773598063,74.6909803574673,21.9404481176021,373.454901787337,193,24,0.600770893713995,86.4678637249065,13.5321362750935
1982,3.69392705891545,0.731492977736424,75.3044515478153,21.9949006995847,376.522257739076,194,24,0.6236203277301,86.2614297614844,13.7385702385156
1982,3.71914467665888,0.73608849664731,75.9183286130133,22.0490806979092,379.591643065067,195,24,0.653768439072208,86.0635125991948,13.9364874008052
1982,3.53968501164144,0.700208798164842,76.53121041953,22.102869105388,382.65605209765,196,24,0.679303462134648,85.4831768717289,14.5168231282711
1982,3.56359581901124,0.704632536915464,77.1030837699168,22.1527883917578,385.515418849584,197,24,0.706079786328955,85.3069978236727,14.6930021763273
1982,3.58754853039578,0.709158029358428,77.6743747883351,22.2023998466256,388.371873941675,198,24,0.726324704901779,85.1448551728404,14.8551448271596
1982,3.6153082696762,0.714571805553197,78.246397801559,22.2518207128094,391.231989007795,199,24,0.736290226231685,84.9669537262984,15.0330462737016
1982,3.65017891009896,0.72152489037714,78.8219697272472,22.3012946844458,394.109848636236,200,24,0.735946890203428,84.7482050190494,15.2517949809506
1982,3.69174609581728,0.729891989548357,79.4045740864196,22.3511173724249,397.022870432098,201,24,0.72890989479428,84.4918535280614,15.5081464719386
1982,3.73947123142396,0.739551032725574,79.9968884054661,22.4015099231963,399.984442027331,202,24,0.716807456278522,84.2026643692432,15.7973356307568
1982,3.79289617449754,0.750395230504748,80.6011567699745,22.4526522253198,403.005783849872,203,24,0.701318247604336,83.8857356426834,16.1142643573166
1982,3.85169883373883,0.762343975194016,81.2191958236666,22.5046843221325,406.095979118333,204,24,0.684056962794505,83.5465207443998,16.4534792556002
1982,3.91624559717577,0.775353837631871,81.8524347746411,22.5577106459174,409.262173873206,205,24,0.672888310355181,83.1908887572273,16.8091112427727
1982,3.98698366217083,0.789427878158641,82.5008030884593,22.6117084538297,412.504015442297,206,24,0.672761120059721,82.8253830778819,17.1746169221181
1982,4.0640362651289,0.804622278083403,83.1633298521583,22.6665807465972,415.816649260791,207,24,0.681070675886374,82.4571812700372,17.5428187299628
1982,4.1478106580616,0.821050952268742,83.8395897093585,22.7222771325632,419.197948546793,208,24,0.695502906568897,82.0938795752445,17.9061204247555
1982,4.23901265510003,0.838889453461179,84.5297015208186,22.7787924864905,422.648507604093,209,24,0.713730577230499,81.7434927407288,18.2565072592712
1982,4.3383514546804,0.858379083410297,85.2343906934685,22.8361707522831,426.171953467342,210,24,0.729258647093899,81.4144247883899,18.5855752116101
1982,4.44741419430712,0.879849990485669,85.9558233977235,22.8945708441384,429.779116988617,211,24,0.741009552758297,81.1206057598065,18.8793942401935
1982,4.31347152887251,0.853216250157086,86.6966986119105,22.9541903299004,433.483493059552,212,24,0.74914133403058,80.3245112824813,19.6754887175187
1983,1.93758355409559,0.386720018956823,54.5,19.9420239553624,272.5,141,24,0.266448263189293,88.4613285896278,11.5386714103722
1983,1.91585479426456,0.38232383247505,54.8342004728154,19.9790016647858,274.171002364077,142,24,0.270868137070889,88.2945556767448,11.7054443232552
1983,1.8936566437445,0.377867276548321,55.1631702264572,20.0152475282099,275.815851132286,143,24,0.273603980887839,88.124351264561,11.875648735439
1983,1.87102979896773,0.373374601044565,55.4871521744023,20.0507968880073,277.435760872012,144,24,0.273660363945351,87.9510717662292,12.0489282337708
1983,1.84827549464163,0.368871897255987,55.806596455494,20.0857069829725,279.03298227747,145,24,0.272811675096318,87.7751353694864,12.2248646305136
1983,1.82559516342748,0.364362315936492,56.1216585769475,20.1200020208388,280.608292884737,146,24,0.273097459050667,87.5974303756604,12.4025696243396
1983,1.80331387179774,0.359923173976165,56.4321264236286,20.1536659474256,282.160632118143,147,24,0.273859040039225,87.4180200280817,12.5819799719183
1983,1.78139911219453,0.355559661778296,56.7379846301605,20.1867040649202,283.689923150802,148,24,0.274445707066243,87.2379572376841,12.7620427623159
1983,1.75992800679649,0.35129827076886,57.0393414725671,20.2191347739203,285.196707362835,149,24,0.274204672042949,87.0581281974276,12.9418718025724
1983,1.73921539168266,0.347168096172245,57.336451209218,20.250991729991,286.68225604609,150,24,0.275098379977988,86.8794352315506,13.1205647684494
1983,1.81483996391552,0.362218483946687,57.6292385764241,20.2822728706886,288.14619288212,151,24,0.280286284046734,87.0278944279444,12.9721055720556
1983,1.79543124221367,0.358272047661763,57.9361121602004,20.3149403084873,289.680560801002,152,24,0.285788614003814,86.8547512136032,13.1452487863968
1983,1.77714950250771,0.354544399031765,58.2380023320567,20.3469597845059,291.190011660283,153,24,0.291841820403012,86.6858485642798,13.3141514357202
1983,1.76002021345623,0.351061491013107,58.5350243012312,20.3783502203542,292.675121506156,154,24,0.29715897046816,86.5234180802526,13.4765819197474
1983,1.74410460952695,0.347842576020592,58.827555757676,20.4091577570004,294.13777878838,155,24,0.301208194143564,86.3679011859192,13.6320988140808
1983,1.7295514626881,0.344902761764746,59.1160930115302,20.4394402298851,295.580465057651,156,24,0.304853988620786,86.2191916301104,13.7808083698896
1983,1.71647940464726,0.342255630619664,59.4009892265178,20.4692396637526,297.004946132589,157,24,0.308742227037387,86.0780088911838,13.9219911088162
1983,1.70499076873112,0.339911607951449,59.6824921171635,20.4985864839298,298.412460585818,158,24,0.313566742953724,85.9449922528813,14.0550077471187
1983,1.69517272324845,0.337878545915872,59.9607310973894,20.5274983892979,299.803655486947,159,24,0.320052595906179,85.8207081126053,14.1792918873947
1983,1.68701210783695,0.33616257667379,60.2357080027868,20.5559796080325,301.178540013934,160,24,0.327676115849327,85.7056685829501,14.2943314170499
1983,1.64688234959551,0.328079910687395,60.507526771377,20.5840447927767,302.537633856885,161,17,0.301322571414814,85.6003180734223,14.3996819265777
1983,1.64180032665194,0.326986021530927,60.7765889728834,20.6117389556484,303.882944864417,162,17,0.308091997512984,85.5050315826365,14.4949684173635
1983,1.63836864047392,0.326228302159977,61.0432795441544,20.6391048131861,305.216397720772,163,17,0.314489782012107,85.4202057719152,14.5797942280848
1983,1.63662474866257,0.32581730096755,61.308002863166,20.6661865204147,306.54001431583,164,17,0.320240686781646,85.3462844763487,14.6537155236513
1983,1.63650660275272,0.325766968864142,61.5712258451887,20.6930340504753,307.856129225943,165,17,0.3233302576295,85.2837714532986,14.7162285467014
1983,1.63810566950794,0.326095031446073,61.8338058842816,20.7197364187473,309.169029421408,166,17,0.323711671585567,85.2331754222097,14.7668245777903
1983,1.64170321127103,0.326822633704007,62.0966280277475,20.7463843833383,310.483140138738,167,17,0.323962543934169,85.1950581946683,14.8049418053317
1983,1.66977064068112,0.332388435376697,62.3601180470505,20.7730212725604,311.800590235252,168,17,0.326615578956036,85.3090006274675,14.6909993725325
1983,1.74693526395873,0.34765394356216,62.6286894522849,20.8000912475715,313.143447261425,169,17,0.334398158534874,85.7082850344337,14.2917149655663
1983,1.87071432430365,0.372131579077108,62.9111357118301,20.8284725591645,314.555678559151,170,17,0.346082859054918,86.3210473004346,13.6789526995654
1983,2.02695483315811,0.403038662864808,63.2159991723831,20.8590069535552,316.079995861915,171,17,0.358579694536845,87.0056392574141,12.9943607425859
1983,2.1969774992077,0.436656157267546,63.549609521601,20.892303190039,317.748047608005,172,17,0.371823890149314,87.6378378888448,12.3621621111552
1983,2.36532336261029,0.469911425174419,63.9145734933677,20.9285894547001,319.572867466838,173,17,0.385730754563843,88.1551607930928,11.8448392069072
1983,2.52246682353576,0.500916354770886,64.3104229358061,20.9677835895847,321.55211467903,174,17,0.40015539103464,88.5438921632802,11.4561078367198
1983,2.66371493223807,0.528800365948673,64.7348135409016,21.0096173409388,323.674067704508,175,17,0.411726301787954,88.8142499606019,11.1857500393981
1983,2.78779342265975,0.553356359753153,65.1851367057119,21.0537988578921,325.925683528559,176,17,0.418255714360142,88.9840706793764,11.0159293206236
1983,2.89557401392638,0.574739121339364,65.6589665256978,21.1000575479282,328.294832628489,177,17,0.421259646273593,89.0713760950264,10.9286239049736
1983,2.98878917593785,0.593267127475541,66.1537482327454,21.1481140505208,330.768741163727,178,17,0.422410755836417,89.0918672728536,10.9081327271464
1983,3.06946026183232,0.609309967773932,66.6669390186327,21.1976946280213,333.334695093164,179,17,0.423484019583124,89.0584569595371,10.9415430404629
1983,3.13945866786858,0.623230736055524,67.1960453488987,21.2485351134946,335.980226744493,180,17,0.424885619286983,88.9815599167815,11.0184400832185
1983,3.20046630432315,0.635360322834764,67.7388667313219,21.300404312741,338.694333656609,181,17,0.426725063829935,88.8695371310896,11.1304628689104
1983,3.30248259216794,0.65560151676599,68.2935171523872,21.3531054584954,341.467585761936,182,24,0.478358047231124,88.7291445561225,11.2708554438775
1983,3.35156270843036,0.665280221433756,68.8582393411403,21.4064579898742,344.291196705701,183,24,0.485055402773532,88.5659293828744,11.4340706171256
1983,3.39582945569212,0.673924879688267,69.4314328927682,21.4602999058124,347.157164463841,184,24,0.496096478455561,88.3845152277114,11.6154847722886
1983,3.43600614080278,0.681711131803859,70.0112660907422,21.5144512199484,350.056330453711,185,24,0.509823968254614,88.1888743710269,11.8111256289731
1983,3.4726450010604,0.688786560925049,70.596383342346,21.5687800759481,352.98191671173,186,24,0.524213308172501,87.9823947262984,12.0176052737016
1983,3.50643197626257,0.69527528970023,71.1859444134635,21.6232050455577,355.929722067318,187,24,0.540011782241082,87.7679933881288,12.2320066118712
1983,3.53795869778868,0.701282025585276,71.779096795367,21.6776454288988,358.895483976835,188,24,0.558069084253811,87.5482815257035,12.4517184742965
1983,3.56773566797902,0.706895714346737,72.3749363620702,21.7320176736457,361.874681810351,189,24,0.579306419345902,87.3256414660813,12.6743585339187
1983,3.5959309199341,0.712198802577988,72.97247684387,21.7862327076822,364.86238421935,190,24,0.600866608591878,87.1036252011463,12.8963747988537
1983,3.62255041115522,0.71725521645001,73.5713370125715,21.8402579188599,367.856685062857,191,24,0.6186766678292,86.8837148094458,13.1162851905542
1983,3.64781719574166,0.722120434873351,74.1719514210807,21.894134411424,370.859757105404,192,24,0.631732531640036,86.6670078602471,13.3329921397529
1983,3.67193766755419,0.726847241346014,74.7750000283257,21.9479242020252,373.875000141628,193,24,0.639043868262623,86.4551524086619,13.5448475913381
1983,3.69510604024899,0.73148453678167,75.3814021156779,22.0017090931632,376.90701057839,194,24,0.639842571231609,86.2497093020858,13.7502906979142
1983,3.71807839546536,0.736079146040942,75.992269400342,22.0555859874759,379.96134700171,195,24,0.640932626348628,86.0521856661513,13.9478143338487
1983,3.5369023722202,0.700200606992149,76.6075039848334,22.1095438280305,383.037519924167,196,24,0.641352993563451,85.4711394097002,14.5288605902998
1983,3.55911040450358,0.704622820012277,77.1864096894536,22.1600404174713,385.932048447268,197,24,0.643460795461727,85.293801289265,14.706198710735
1983,3.58117678754453,0.709146327595169,77.769326049906,22.2106208349816,388.84663024953,198,24,0.636798277950703,85.129778023221,14.870221976779
1983,3.6065854814471,0.714557488860829,78.3579783763328,22.2614315263852,391.789891881664,199,24,0.615565104584075,84.9491788807385,15.0508211192615
1983,3.63935239741478,0.721507176357985,78.9559487892172,22.3127748646541,394.779743946086,200,24,0.590504125839286,84.7267516296805,15.2732483703195
1983,3.67987554231436,0.729870312618049,79.565473932498,22.3648321565263,397.82736966249,201,24,0.574374112429354,84.4659147489839,15.5340852510161
1983,3.72747233176268,0.739525389697269,80.1863182232772,22.4175712178965,400.931591116386,202,24,0.565528950523301,84.1718829172518,15.8281170827482
1983,3.78154535949373,0.750366190902262,80.818438751377,22.47097657567,404.092193756885,203,24,0.562744895044455,83.8501198681034,16.1498801318966
1983,3.84162787484748,0.762312654311032,81.4619178356674,22.5250433811,407.309589178337,204,24,0.565008183697885,83.5063731420244,16.4936268579756
1983,3.90798890351876,0.77532182687503,82.1169471537043,22.5797758025816,410.584735768522,205,24,0.577507722606908,83.1467408897868,16.8532591102132
1983,3.98081549344314,0.78939712982786,82.7827343580861,22.6350961802491,413.913671790431,206,24,0.602277574742967,82.7779221632134,17.2220778367866
1983,4.05981736202201,0.804594962858698,83.4581176691572,22.6908979711408,417.290588345786,207,24,0.633324681423669,82.4071677705751,17.5928322294249
1983,4.14495106106394,0.821029316722845,84.1430758423876,22.7471703223108,420.715379211938,208,24,0.663581151414663,82.0420473860034,17.9579526139966
1983,4.23643689409621,0.838875720471205,84.8389924747607,22.8040169342289,424.194962373804,209,24,0.684674098996729,81.6903978921079,18.3096021078921
1983,4.33507890393299,0.858375504149104,85.5489697144798,22.861678168311,427.744848572399,210,24,0.691268227794095,81.3602467890706,18.6397532109294
1983,4.44281454768719,0.87985904676552,86.277337434982,22.9204874383424,431.38668717491,211,24,0.687042844161007,81.0651866867496,18.9348133132504
1983,4.30721167072414,0.85325550691643,87.0280769444454,22.9807420076484,435.140384722227,212,24,0.671337141631205,80.2661348153423,19.7338651846577
1984,1.93604333965291,0.386720018956823,54.5,19.9420239553624,272.5,141,24,0.251109526825252,88.4613285896278,11.5386714103722
1984,1.91408395234403,0.382327936224667,54.8369601771997,19.9793063583454,274.184800885998,142,24,0.252628161863693,88.2941638200561,11.7058361799439
1984,1.89189746454032,0.377875954286729,55.1692237491771,20.0159130915268,275.846118745886,143,24,0.254868905792524,88.1234818541548,11.8765181458452
1984,1.86969174884498,0.373387618983835,55.4966008574906,20.0518314839592,277.483004287453,144,24,0.258804340092437,87.9496981269345,12.0503018730655
1984,1.84767679691302,0.368887937636315,55.8187487030935,20.0870322741365,279.093743515468,145,24,0.265482105677526,87.7733457554531,12.2266542445469
1984,1.82572500340732,0.364379324162623,56.1351569588644,20.1214683413054,280.675784794322,146,24,0.273647274132248,87.5954152848958,12.4045847151042
1984,1.8040645186646,0.359939256638385,56.4455407648022,20.1551175478144,282.227703824011,147,24,0.281607193194491,87.4159888928114,12.5840111071886
1984,1.78277269787723,0.355573319115137,56.7499994233704,20.1879993394497,283.749997116852,148,24,0.289907725765228,87.2361111129875,12.7638888870125
1984,1.76203086399409,0.351308146578704,57.0485385361999,20.2201226419128,285.242692681,149,24,0.299170667514598,87.0566935719341,12.9433064280659
1984,1.74202998706917,0.347172769978232,57.3410756114239,20.2514866613147,286.705378057119,150,24,0.310094971808214,86.8787027465577,13.1212972534423
1984,1.78594314824311,0.355801693192741,57.6274265619177,20.2820796176956,288.137132809588,151,17,0.288391596002655,87.0281803700177,12.9718196299824
1984,1.76627148865682,0.351822545745938,57.9268997271693,20.313961380662,289.634498635846,152,17,0.293343050297651,86.8562273594311,13.1437726405689
1984,1.74755737281961,0.348063278943649,58.2214470975924,20.3452068831352,291.107235487962,153,17,0.296574825639938,86.6885413524559,13.3114586475441
1984,1.73009695025838,0.344549995358093,58.5116041071441,20.375879120289,292.55802053572,154,17,0.300099480461195,86.5272829251646,13.4727170748354
1984,1.71414542041181,0.341301579115936,58.7975629066665,20.4060040215023,293.987814533332,155,17,0.306065473097012,86.3729190621566,13.6270809378434
1984,1.69971452973692,0.338332507639573,59.0791369951607,20.435567393763,295.395684975803,156,17,0.313834791327478,86.2254544054557,13.7745455945443
1984,1.68670637785722,0.33565601237308,59.3562698249026,20.4645687263263,296.781349124513,157,17,0.321217207654151,86.0856771088533,13.9143228911467
1984,1.67516333240005,0.333282469312872,59.6293233146495,20.4930510103936,298.146616573248,158,17,0.328004336989672,85.9542059255246,14.0457940744754
1984,1.66511370466193,0.331219706915206,59.8987095328877,20.5210618193288,299.493547664438,159,17,0.333955673031888,85.8315545630618,14.1684454369382
1984,1.65657747073594,0.329473844750645,60.164894310445,20.5486536325076,300.824471552225,160,17,0.338825975008212,85.7181470817328,14.2818529182672
1984,1.64960762932613,0.328050353399635,60.4283965199348,20.5758837068741,302.141982599674,161,17,0.342934493947403,85.6143451626379,14.3856548373621
1984,1.64425818378881,0.326955202789503,60.6896817814804,20.6028030901559,303.448408907402,162,17,0.346613021865125,85.5205018589403,14.4794981410597
1984,1.64054218453191,0.326196047276305,60.9491601555115,20.6294564943183,304.745800777558,163,17,0.349430359538919,85.4369993683211,14.5630006316789
1984,1.63848613723629,0.325783290780077,61.2073305505203,20.6558971699264,306.036652752601,164,17,0.3509417093712,85.3642557482372,14.6357442517628
1984,1.63813417412387,0.325730786612214,61.4647861331621,20.6821873428373,307.323930665811,165,17,0.350717095153729,85.3027448529781,14.6972551470219
1984,1.63967654735806,0.326056107069096,61.7222148885738,20.7083981489919,308.611074442869,166,17,0.350392969784515,85.2530001944126,14.7469998055874
1984,1.64333420549034,0.326780168693667,61.9800155577665,20.7345705761168,309.900077788832,167,17,0.351827439386146,85.2156661541464,14.7843338458536
1984,1.67135855712958,0.332331529369326,62.2382594475527,20.7607120407254,311.191297237763,168,17,0.354657540149613,85.3298976507585,14.6701023492415
1984,1.74816353595305,0.347566404128572,62.5015407382102,20.7872857206441,312.507703691051,169,17,0.358580469955539,85.7286849189789,14.2713150810211
1984,1.87135349000655,0.372008541398606,62.7793969299265,20.8152460028868,313.896984649633,170,17,0.363335559448925,86.3405850402868,13.6594149597132
1984,2.02722047446717,0.402886766715461,63.0809384675723,20.845492287686,315.404692337861,171,17,0.37184535848471,87.0243476999449,12.9756523000551
1984,2.19717674534957,0.436487324761163,63.4119496355688,20.8785787378689,317.059748177844,172,17,0.384693625636939,87.656006171458,12.343993828542
1984,2.36546290300743,0.469737205653235,63.7743803708446,20.914667985047,318.871901854223,173,17,0.397657292036853,88.173127225777,11.826872774223
1984,2.5221501882201,0.500746128695085,64.1678733164162,20.9536887855248,320.839366582081,174,17,0.405913758721772,88.561886685429,11.438113314571
1984,2.66233708940421,0.528641662946179,64.5910498672323,20.9954674900212,322.955249336162,175,17,0.404350765410762,88.8323023350388,11.1676976649612
1984,2.78515922736197,0.55321508480746,65.0425735568961,21.0398349649358,325.212867784481,176,17,0.396469332737105,89.0019955154894,10.9980044845106
1984,2.89196345440927,0.574618603330431,65.5202348264825,21.0865377124529,327.601174132413,177,17,0.389061273413695,89.0889183456282,10.9110816543718
1984,2.98433940918734,0.593167925219798,66.0207351176805,21.1352196173255,330.103675588402,178,17,0.381924506115824,89.1088315799793,10.8911684200207
1984,3.10815648600688,0.617983520473755,66.5411342170823,21.1855650078242,332.705671085411,179,24,0.417030667862329,89.0746720502691,10.9253279497309
1984,3.17853311335807,0.632193442986971,67.0792714623512,21.2373386656015,335.396357311756,180,24,0.409061217685594,88.996790082257,11.003209917743
1984,3.24069057319368,0.644622813790793,67.6330735798298,21.2903180553362,338.165367899149,181,24,0.408592045466114,88.8835104605705,11.1164895394295
1984,3.29653063834934,0.655559374573843,68.1993963692964,21.344183466061,340.996981846482,182,24,0.419439294681866,88.7417397073031,11.2582602926969
1984,3.34666529664259,0.665249676096644,68.7747127621705,21.398586021775,343.873563810852,183,24,0.435782828830976,88.5772557978983,11.4227442021017
1984,3.39146525892441,0.673903079962455,69.3567821271997,21.4533053075545,346.783910635999,184,24,0.451208887392732,88.3947725486222,11.6052274513778
1984,3.43110688464384,0.681696083272388,69.9447207316261,21.508252384888,349.723603658131,185,24,0.458505435927983,88.1981374886632,11.8018625113368
1984,3.46620233848221,0.688776975132403,70.539122514633,21.5634772227269,352.695612573165,186,24,0.45625241832829,87.9904667694772,12.0095332305228
1984,3.49800923395362,0.695270111154535,71.1409878378054,21.6190659952705,355.704939189027,187,24,0.45092465882342,87.7744084579134,12.2255915420866
1984,3.52743406127066,0.701280039435538,71.750273592491,21.6750072563275,358.751367962455,188,24,0.446284085109903,87.5524424197057,12.4475575802943
1984,3.5553188012287,0.706895474111116,72.3663655636621,21.7312377768813,361.831827818311,189,24,0.445977821902487,87.3268923610835,12.6731076389165
1984,3.58248507569521,0.712198678766896,72.9880884945133,21.7876450031296,364.940442472566,190,24,0.45373029098158,87.1013234197684,12.8986765802316
1984,3.60922433625508,0.717253547977029,73.6136865624663,21.8440667952155,368.068432812332,191,24,0.469482412047742,86.8774121043845,13.1225878956155
1984,3.63541727126072,0.722115794744104,74.2414740545996,21.9003510918614,371.207370272998,192,24,0.489834570892969,86.6565725395023,13.3434274604977
1984,3.66116767242846,0.726838625362428,74.8704213238375,21.9564077078356,374.352106619188,193,24,0.513525257907576,86.4407198767144,13.5592801232856
1984,3.68655615467045,0.731471476788976,75.4997717825703,22.012172694504,377.498858912852,194,24,0.539054117170236,86.2316853593702,13.7683146406298
1984,3.71164790035387,0.736061758124173,76.1290850344482,22.0676113640798,380.645425172241,195,24,0.564582418985301,86.0312334641327,13.9687665358673
1984,3.53197807346365,0.700184331794077,76.7583014592029,22.1227230846034,383.791507296015,196,24,0.579517465441557,85.4473550711856,14.5526449288144
1984,3.55468939097636,0.704603816725501,77.3485869972841,22.1741394113853,386.742934986421,197,24,0.588250588693421,85.2681265149527,14.7318734850473
1984,3.57734149172143,0.709124990921074,77.9416585025296,22.2255237220432,389.708292512648,198,24,0.589905485680022,85.1024248986487,14.8975751013513
1984,3.60415350934656,0.714534166954846,78.5389193562896,22.2769963319388,392.694596781448,199,24,0.587667955852081,84.9203679402678,15.0796320597322
1984,3.63866561020624,0.721482469887216,79.1419795647599,22.328692674881,395.709897823799,200,24,0.584789788254156,84.6969783621536,15.3030216378464
1984,3.68045449456065,0.729845003508635,79.7525067592656,22.38075019135,398.762533796328,201,24,0.583803437518457,84.4357796499318,15.5642203500682
1984,3.7289356632634,0.739500201996182,80.3715773633443,22.4332533332238,401.857886816721,202,24,0.585002129035736,84.1417972790451,15.8582027209549
1984,3.78356400138439,0.75034180845478,81.0000922044973,22.4862698800833,405.000461022487,203,24,0.588222295503531,83.8203635024365,16.1796364975635
1984,3.84392713583475,0.762289721214636,81.6388757483797,22.5398596403493,408.194378741899,204,24,0.593318124648662,83.4771236479368,16.5228763520632
1984,3.9097982894451,0.775300949906364,82.2886990930785,22.5940765340775,411.443495465392,205,24,0.600133508173079,83.1180960735331,16.8819039264669
1984,3.98116375034417,0.789378765617367,82.9503191437918,22.6489719500435,414.751595718959,206,24,0.608286842804561,82.749732303923,17.250267696077
1984,4.05832703792622,0.804579454136019,83.6245663200429,22.7046019863024,418.122831600215,207,24,0.617974028395533,82.3789508732782,17.6210491267218
1984,4.1419289400785,0.82101716398007,84.3122924939116,22.7610230095347,421.561462469558,208,24,0.629905436286637,82.0131711121099,17.9868288878901
1984,4.23292482944969,0.838867835439698,85.0143355424836,22.8182887085566,425.071677712418,209,24,0.644820359586968,81.6603234772709,18.3396765227291
1984,4.3326130935272,0.858373309266673,85.7315764737234,22.8764547320504,428.657882368617,210,24,0.663585853883928,81.3288258156886,18.6711741843114
1984,4.44224769307752,0.879864189675094,86.4649824680345,22.9355820299432,432.324912340173,211,24,0.68136747670543,81.0328724677862,18.9671275322138
1984,4.3086992474,0.853277703259245,87.2167382813719,22.9958270251003,436.08369140686,212,24,0.688824194559029,80.2329322604837,19.7670677395163
1985,1.93745228785771,0.386720018956823,54.5,19.9420239553624,272.5,141,24,0.265105263658362,88.4613285896278,11.5386714103722
1985,1.91568572569496,0.382324192854407,54.834442819474,19.9790284222341,274.17221409737,142,24,0.269072833323441,88.2945212650057,11.7054787349943
1985,1.89357610464704,0.377868090210989,55.1637378194207,20.0153099352024,275.818689097103,143,24,0.272695594482343,88.1242697445094,11.8757302554906
1985,1.87128517345125,0.37337561118749,55.4878853350642,20.0508771707899,277.439426675321,144,24,0.27640808435615,87.9509651758711,12.0490348241289
1985,1.84887814827245,0.368872207045082,55.8068311446253,20.0857325794373,279.034155723127,145,24,0.279511696701507,87.775100805827,12.224899194173
1985,1.82635614808454,0.364361075043713,56.1206737917114,20.1198950346375,280.603368958557,146,24,0.281789664924172,87.5975773981711,12.4024226018289
1985,1.80420753979592,0.35992009143604,56.4295553974828,20.1533877026048,282.147776987414,147,24,0.2843427004168,87.4184093498568,12.5815906501432
1985,1.78255341501082,0.355554558946042,56.7334956144843,20.1862200701514,283.667478072422,148,24,0.288326046965306,87.2386470482007,12.7613529517993
1985,1.76161468919309,0.351290717321916,57.0323072655188,20.2183791461041,285.161536327594,149,24,0.294965810214264,87.0592255293776,12.9407744706224
1985,1.74157131192378,0.347157131134991,57.3256021368265,20.2498304878344,286.628010684133,150,24,0.305015696008828,86.8811538036416,13.1188461963584
1985,1.78569911431176,0.355789111974541,57.6128772657234,20.280527768495,288.064386328617,151,17,0.286159468669886,87.0304764763034,12.9695235236966
1985,1.76648309813799,0.351811231124238,57.9127481058281,20.3124573954227,289.563740529141,152,17,0.29663591487136,86.8584951813999,13.1415048186001
1985,1.74810007849044,0.348052408384315,58.2066792813023,20.3436429439964,291.033396406512,153,17,0.304187389435195,86.6909437614178,13.3090562385822
1985,1.7305092080784,0.344539070515964,58.4954223792379,20.3741713589985,292.477111896189,154,17,0.306150298991745,86.5299537571801,13.4700462428199
1985,1.7138921977199,0.341290893272705,58.7802535340191,20.4041834380547,293.901267670095,155,17,0.303341517982697,86.3758155944014,13.6241844055986
1985,1.69856861031945,0.338323033505691,59.0623218428668,20.4338046771255,295.311609214334,156,17,0.298960292634205,86.2283046966454,13.7716953033545
1985,1.68466474165104,0.335648779944283,59.3422004619557,20.4630986754453,296.711002309779,157,17,0.293826127805459,86.0880902810401,13.9119097189599
1985,1.70539387711363,0.339876133763689,59.6203239033816,20.492113729547,298.101619516908,158,24,0.321384400729394,85.9557658754359,14.0442341245641
1985,1.69476940700775,0.337844676128465,59.8970802590215,20.5208926714208,299.485401295108,159,24,0.316511842183701,85.8318395737096,14.1681604262904
1985,1.68610233430906,0.336131076383224,60.1726849508498,20.5494599012741,300.863424754249,160,24,0.316684296870398,85.716773869345,14.283226130655
1985,1.67952935767281,0.334740361739183,60.4465204313572,20.5777535709192,302.232602156786,161,24,0.323589003551739,85.6111315667458,14.3888684332542
1985,1.64113996151007,0.326965118269865,60.7176590478706,20.6056807074435,303.588295239353,162,17,0.300165369242656,85.515520396274,14.484479603726
1985,1.63795936761916,0.3262085977519,60.9858031678869,20.6332140577589,304.929015839434,163,17,0.309833655378832,85.4304596163361,14.5695403836639
1985,1.63627861205582,0.325798162598396,61.2513761528627,20.6604003608301,306.256880764314,164,17,0.3163689480718,85.3563911903668,14.6436088096332
1985,1.63604335329766,0.325747950760299,61.5153045525049,20.6873370383935,307.576522762525,165,17,0.317710813175298,85.2937376059602,14.7062623940398
1985,1.63751476369306,0.326075876411346,61.7789161304398,20.7141610963381,308.894580652199,166,17,0.31625755694238,85.242924619416,14.757075380584
1985,1.64100075797473,0.326803136801015,62.0431112163061,20.7409646094226,310.21555608153,167,17,0.31494538965585,85.2045133391707,14.7954866608293
1985,1.6689726537669,0.332364215632679,62.3082644752008,20.7677854687854,311.541322376004,168,17,0.316658593571104,85.3178902494834,14.6821097505166
1985,1.74606975127945,0.347619509694783,62.5786679764277,20.7950555992241,312.893339882138,169,17,0.324419054185755,85.7163081047525,14.2836918952475
1985,1.86980153458942,0.372086583894111,62.8629372463462,20.8236356809302,314.314686231731,170,17,0.336498444087093,86.3281933315012,13.6718066684988
1985,2.02600902048554,0.402986443189185,63.1695353197486,20.8543598840255,315.847676598743,171,17,0.34943696659234,87.0120736471413,12.9879263528587
1985,2.19607788150653,0.436601232424546,63.5047853362466,20.8878365734124,317.523926681233,172,17,0.363799280367094,87.6437523832039,12.3562476167961
1985,2.3646165058878,0.469857552343095,63.8711745879296,20.9242821291942,319.355872939648,173,17,0.380235184150396,88.1607214437146,11.8392785562854
1985,2.52216982811393,0.50086573927868,64.2679820535591,20.9635894630632,321.339910267795,174,17,0.399442900957,88.5492486506391,11.4507513493609
1985,2.66379650397342,0.528753674791568,64.6924560404251,21.0054506078686,323.462280202125,175,17,0.415196122307048,88.8195679157578,11.1804320842422
1985,2.78801831993979,0.5533137807741,65.1421018471643,21.0495858888122,325.710509235821,176,17,0.423004962613479,88.9894807691121,11.0105192308879
1985,2.89588473599997,0.574701013371656,65.6150271037078,21.0957776707646,328.075135518539,177,17,0.426551263944309,89.0769313841802,10.9230686158198
1985,2.98934304689825,0.59323367079922,66.1088129563263,21.1437599996911,330.544064781631,178,17,0.429903004821422,89.0975975802795,10.9024024197205
1985,3.07065078309824,0.609280954801734,66.6206164112905,21.1932302356079,333.103082056452,179,17,0.437298182464889,89.0644269015674,10.9355730984326
1985,3.14159517198224,0.623205562010496,67.1471983824719,21.2438532474141,335.73599191236,180,17,0.44822653253246,88.987930196426,11.012069803574
1985,3.20349788244964,0.635338400742147,67.6857792880152,21.2953443602711,338.428896440076,181,17,0.459036174892388,88.8765485325573,11.1234514674427
1985,3.25776799440245,0.645969700998944,68.2345742604993,21.3475190880384,341.172871302496,182,17,0.469194624144098,88.7370318806568,11.2629681193432
1985,3.30560337583496,0.655348109503197,68.7921867437817,21.4002334093151,343.960933718908,183,17,0.478122437995113,88.5748860802794,11.4251139197206
1985,3.34800976941925,0.663684076119528,69.3575756398251,21.453379685375,346.787878199126,184,17,0.485222017759246,88.3946635062831,11.6053364937169
1985,3.38591447758701,0.6711546633102,69.9300205125635,21.50688247544,349.650102562818,185,17,0.490866538172829,88.2001839779727,11.7998160220273
1985,3.42014763735911,0.677908573289521,70.5089117426491,21.5606782320349,352.544558713245,186,17,0.495929462930336,87.9947260678297,12.0052739321703
1985,3.50779378442892,0.695264627716981,71.0936310357347,21.614703989493,355.468155178674,187,24,0.556052856794999,87.781166865154,12.218833134846
1985,3.53810797162348,0.701275424966161,71.6838485823101,21.6689245963075,358.41924291155,188,24,0.559641396438679,87.5620327218684,12.4379672781316
1985,3.56632358129701,0.706892992340143,72.2794046357538,21.7233211553959,361.397023178769,189,24,0.561901101813711,87.3395858462523,12.6604141537477
1985,3.59316012593382,0.712199486717231,72.8801449073932,21.7778756644943,364.400724536966,190,24,0.566439417458258,87.1172406684784,12.8827593315216
1985,3.61911338902112,0.717258556367669,73.4853375070758,21.832518504113,367.426687535379,191,24,0.575339189515731,86.8965160710939,13.1034839289061
1985,3.64420951088165,0.722125596414085,74.0939331240484,21.8871532149572,370.469665620242,192,24,0.585643800989172,86.6787208417984,13.3212791582016
1985,3.66846014265226,0.726853477452544,74.7054789960041,21.9417386272044,373.527394980021,193,24,0.594284603072688,86.4656700094602,13.5343299905398
1985,3.69184788650162,0.731491260150715,75.3201384108268,21.9962890273057,376.600692054134,194,24,0.597988287718906,86.2590402582179,13.7409597417821
1985,3.71482491526534,0.736085920477189,75.938725820037,22.050875679317,379.693629100185,195,24,0.599363025722844,86.0603877210004,13.9396122789996
1985,3.53369508175797,0.700205536277177,76.5616244462281,22.1055305039405,382.80812223114,196,24,0.598474881847934,85.4783778661813,14.5216221338187
1985,3.55603020006897,0.704627248826765,77.1484650444154,22.1567386941476,385.742325222077,197,24,0.602399359214748,85.2998102600988,14.7001897399012
1985,3.57886375918874,0.709150071859108,77.7389782774806,22.2079940512996,388.694891387403,198,24,0.606187168614922,85.13459641536,14.86540358464
1985,3.60607985400734,0.714560660793423,78.3332907401018,22.2593059186386,391.666453700509,199,24,0.608758789201865,84.953111105192,15.046888894808
1985,3.64100331604333,0.721510278596658,78.9325217297464,22.3107684648453,394.662608648732,200,24,0.610623506032757,84.7305022377896,15.2694977622104
1985,3.68318848268017,0.729873972607454,79.538353613444,22.3625218296123,397.69176806722,201,24,0.614129125934348,84.4702859093648,15.5297140906352
1985,3.73214658105246,0.739530055977413,80.1519100098936,22.4146557959314,400.759550049468,202,24,0.620818835669202,84.1774726984391,15.8225273015609
1985,3.78747515971379,0.750372153586253,80.7739080966269,22.4672239085684,403.869540483134,203,24,0.632344226475451,83.8574170543269,16.1425829456731
1985,3.84891915943474,0.762320057818704,81.4046541970443,22.5202440310919,407.023270985222,204,24,0.650627738491497,83.5158419623537,16.4841580376463
1985,3.91592357763151,0.775330669788908,82.0440190940292,22.5736972244207,410.220095470146,205,24,0.671496112524988,83.1589088595757,16.8410911404243
1985,3.98815993289646,0.789406980637984,82.6925971880493,22.6276248588928,413.462985940247,206,24,0.690499949314711,82.7930910604139,17.2069089395861
1985,4.06604049504119,0.804604836259755,83.3518070111138,22.6821352529138,416.759035055569,207,24,0.709233713627152,82.425198445359,17.574801554641
1985,4.15027869782677,0.821037913936794,84.0228305801012,22.7373148048477,420.114152900506,208,24,0.729472795964212,82.0625773440053,17.9374226559947
1985,4.24191277717159,0.838881625047856,84.7066374425861,22.793230482004,423.533187212931,209,24,0.753208995857176,81.7131116033736,18.2868883966264
1985,4.34173539252899,0.858377185715097,85.4040063534447,22.8499320530379,427.020031767223,210,24,0.774695491446151,81.3852052742659,18.6147947257341
1985,4.45097832863848,0.87985457020614,86.1170238816182,22.9075733177483,430.585119408091,211,24,0.787940269790436,81.0928116692961,18.9071883307039
1985,4.31645442009299,0.853234361988217,86.8492212290327,22.9664199693662,434.246106145164,212,24,0.789000597468936,80.297633455064,19.702366544936
1986,1.93587247379492,0.386720018956823,54.5,19.9420239553624,272.5,141,24,0.249463269529287,88.4613285896278,11.5386714103722
1986,1.91479975947,0.382328375007866,54.8372552554873,19.9793389367291,274.186276277436,142,24,0.259747245438969,88.2941219217922,11.7058780782078
1986,1.89320541251598,0.377874541485687,55.1682381712849,20.015804734208,275.841190856425,143,24,0.268417168198861,88.1236234001697,11.8763765998303
1986,1.8710039530767,0.373382888379185,55.4931672197754,20.0514555274942,277.465836098877,144,24,0.272949365828261,87.9501972917024,12.0498027082976
1986,1.84833996812611,0.368880017815877,55.8127485120678,20.0863779347126,279.063742560339,145,24,0.273097211331238,87.7742293549696,12.2257706450303
1986,1.82544040811521,0.364370012053755,56.1277664007162,20.1206655402155,280.638832003581,146,24,0.270972048729597,87.5965185445561,12.4034814554439
1986,1.80278856166742,0.359930969352034,56.4386283577169,20.1543695684802,282.193141788584,147,24,0.267564664738387,87.4170355043195,12.5829644956805
1986,1.78049659531726,0.355568364173008,56.7456403546514,20.1875294249763,283.728201773257,148,24,0.263814771764948,87.2367808783688,12.7632191216312
1986,1.75877933099102,0.351308580730752,57.0489428533655,20.220166067573,285.244714266828,149,24,0.260640537609186,87.0566305064544,12.9433694935456
1986,1.73805170572093,0.34718030967794,57.3485356464846,20.252285020479,286.742678232423,150,24,0.261065707078264,86.8775211777983,13.1224788222017
1986,1.81377440717232,0.362232642956893,57.6438967655327,20.2838360241942,288.219483827663,151,24,0.267549626755822,87.0255814958442,12.9744185041558
1986,1.79458682878958,0.358287352088378,57.9531045127448,20.3167456583978,289.765522563724,152,24,0.275121245249751,86.8520287957452,13.1479712042548
1986,1.77646604018106,0.354560269374679,58.2569592081984,20.3489665500346,291.284796040992,153,24,0.28271310570174,86.6827656509907,13.3172343490093
1986,1.7593288729615,0.351077515999544,58.5556701505962,20.3805280236953,292.778350752981,154,24,0.28767291558475,86.5200117619242,13.4799882380758
1986,1.74329964512549,0.347858671056451,58.8499604636165,20.4115128711141,294.249802318083,155,24,0.290092554875266,86.3641537310544,13.6358462689456
1986,1.72863616694912,0.344919018908933,59.1405597564254,20.4420033142411,295.702798782127,156,24,0.292111916159371,86.2150465208979,13.7849534791021
1986,1.71541864420831,0.342272134843484,59.4278212193028,20.4720410866249,297.139106096514,157,24,0.293866882735701,86.0734093879582,13.9265906120418
1986,1.70371113747646,0.339928503721822,59.712086906008,20.5016661472325,298.56043453004,158,24,0.295495227438057,85.9398656395659,14.0601343604341
1986,1.6935631110884,0.337896091280956,59.9936841267527,20.5309163522799,299.968420633763,159,24,0.297117122999587,85.8149476393655,14.1850523606345
1986,1.68501865212696,0.336181191652266,60.2729260489135,20.5598275658213,301.364630244568,160,24,0.298898231678416,85.699113261985,14.300886738015
1986,1.67814997440523,0.334789484465538,60.5501015236193,20.5884326556305,302.750507618096,161,24,0.301428930955189,85.5927749861056,14.4072250138944
1986,1.67303564116621,0.333727177822747,60.8253957680489,20.6167534040058,304.126978840245,162,24,0.30537978016998,85.4963485563843,14.5036514436157
1986,1.66976291800244,0.333002168501498,61.0988755993541,20.6447991774549,305.49437799677,163,24,0.311474520198445,85.4102921155112,14.5897078844889
1986,1.6684318450398,0.332625028401438,61.3704805393619,20.6725662156541,306.852402696809,164,24,0.320511116811655,85.3351390423485,14.6648609576515
1986,1.66902128669825,0.332609662048001,61.6400105251558,20.700036583265,308.200052625779,165,24,0.331369664608256,85.2715191637564,14.7284808362436
1986,1.63709044350262,0.326120770165152,61.9074852489623,20.7272148400237,309.537426244811,166,17,0.30752676943456,85.2200958508473,14.7799041491527
1986,1.64133990613899,0.326850606261549,62.1733409220145,20.754147604392,310.866704610073,167,17,0.316926697129235,85.1815120655796,14.8184879344204
1986,1.66985939092453,0.332424903268997,62.4381650182398,20.7808961812644,312.190825091199,168,17,0.325563308419883,85.2956275460415,14.7043724539585
1986,1.74708712576989,0.347707813492052,62.7069641793389,20.8079655207295,313.534820896695,169,17,0.33303448484653,85.6957366751508,14.3042633248492
1986,1.87034845291008,0.372204885042238,62.9897130866563,20.8363525285774,314.948565433281,170,17,0.336401840526163,86.3094024548712,13.6905975451288
1986,2.02557094693183,0.403128978468235,63.2964391050802,20.8670465064329,316.482195525401,171,17,0.335389672775525,86.9945040768214,13.0054959231786
1986,2.19427402508648,0.436759935994166,63.6344101868767,20.9007473587791,318.172050934384,172,17,0.333467669041817,87.626652184924,12.373347815076
1986,2.3613172960281,0.470025366750757,64.0065041727723,20.9377068131764,320.032520863861,173,17,0.334035306255556,88.1433851667362,11.8566148332638
1986,2.55607499307502,0.508693393911463,64.4118908943397,20.9778031230524,322.059454471699,174,24,0.378932614469336,88.5310891615044,11.4689108384956
1986,2.65866044222641,0.528924028068498,64.8472470086638,21.02066828103,324.236235043319,175,17,0.351412342674774,88.8001375249664,11.1998624750336
1986,2.78310262285905,0.553478215512699,65.3086212884228,21.0658768348488,326.543106442114,176,17,0.363193411040843,88.9685507352299,11.0314492647701
1986,2.89178076504876,0.574854598008704,65.7925245233002,21.1130543931736,328.962622616501,177,17,0.376751708503474,89.0544944378822,10.9455055621178
1986,2.98638171140067,0.593372254889144,66.2954481745368,21.1618307307195,331.477240872684,178,17,0.393080591281674,89.0738016950762,10.9261983049238
1986,3.06885757355398,0.609401712398352,66.814022405842,21.2118556365189,334.07011202921,179,17,0.413343472574692,89.0395060005571,10.9604939994429
1986,3.14035981041855,0.623307158532355,67.3450351269556,21.2628007954096,336.725175634778,180,17,0.43092502251665,88.9621346588819,11.0378653411181
1986,3.2020829966937,0.635421086608755,67.8868276130229,21.3144924181678,339.434138065114,181,17,0.440806379815609,88.8500005690151,11.1499994309849
1986,3.25590202911878,0.646034684359673,68.4389838233921,21.3668778394064,342.19491911696,182,17,0.447144522452957,88.7096843234763,11.2903156765237
1986,3.30351476314733,0.655396731246043,69.0006312880498,21.4198623989713,345.003156440249,183,17,0.454545493811519,88.5466262915075,11.4533737084925
1986,3.34645679803515,0.663717452018875,69.5703158901516,21.4732989764158,347.851579450758,184,17,0.468001733684371,88.365437423244,11.634562576756
1986,3.38559523234184,0.671173707509146,70.1458921415217,21.5269793629462,350.729460707608,185,17,0.487578585814297,88.1701393591597,11.8298606408403
1986,3.42113412859237,0.677914343391264,70.7253749101807,21.5807148492909,353.626874550903,186,17,0.50772306392767,87.9642153109102,12.0357846890898
1986,3.45337907725073,0.684064823276895,71.3079304801767,21.6344268560128,356.539652400883,187,17,0.52473853792839,87.7505905106858,12.2494094893142
1986,3.4825234386165,0.689731145624803,71.893525575894,21.6881117565953,359.46762787947,188,17,0.534445827701261,87.5317658972946,12.4682341027054
1986,3.5687283545903,0.70689867639845,72.4830014177076,21.7418454971981,362.415007088538,189,24,0.592064910803861,87.3098720682197,12.6901279317803
1986,3.59431732918471,0.712197918406477,73.0781874357612,21.7957916203914,365.390937178806,190,24,0.581666268506486,87.0880411915669,12.9119588084331
1986,3.61855680098653,0.717250881358094,73.6805636270115,21.850078542895,368.402818135058,191,24,0.570399064928364,86.8674606059804,13.1325393940196
1986,3.64173032650848,0.722112531128988,74.2900334057252,21.9046908393513,371.450167028626,192,24,0.558401655298671,86.649285026957,13.350714973043
1986,3.66410792977847,0.726835348025551,74.9065292062889,21.9596159424036,374.532646031444,193,24,0.545796087828636,86.4352595716034,13.5647404283966
1986,3.68593996900832,0.731468125571188,75.5300130367992,22.0148441166405,377.650065183996,194,24,0.532690276586326,86.2270815719082,13.7729184280918
1986,3.70835387371271,0.736057753040929,76.1604753712865,22.070368285316,380.802376856433,195,24,0.528584847912438,86.0264274755931,13.9735725244069
1986,3.52814315532206,0.700180220389406,76.7962320199658,22.1260352634346,383.981160099829,196,24,0.534586706574072,85.4413742390243,14.5586257609757
1986,3.55156494490108,0.704598387281506,77.3947361156866,22.1781476501254,386.973680578433,197,24,0.551252444603361,85.2608228396629,14.7391771603372
1986,3.57551091612153,0.709118413183128,77.9945815888472,22.23009577073,389.972907944236,198,24,0.568368181513869,85.0940276983802,14.9059723016198
1986,3.60331994150507,0.714526810935976,78.5957828690896,22.2818826520158,392.978914345448,199,24,0.578330052822624,84.9113169883336,15.0886830116664
1986,3.63830446848257,0.72147466589132,79.200542918809,22.3336982781948,396.002714594045,200,24,0.581262400052892,84.6876091818992,15.3123908181008
1986,3.68033018558531,0.729836968572636,79.8117022654007,22.3857827957597,399.058511327003,201,24,0.583151315885924,84.4262456678536,15.5737543321464
1986,3.7288316068854,0.739492117119069,80.4308772800271,22.4382677251874,402.154386400136,202,24,0.584600972927995,84.1321708939631,15.8678291060369
1986,3.78332481039464,0.750333820792198,81.0594503421982,22.4912620269816,405.297251710991,203,24,0.586247859827063,83.8106439583804,16.1893560416196
1986,3.84346096890854,0.762281965417136,81.698579687879,22.5448534569753,408.492898439395,204,24,0.588733578439195,83.4672590121453,16.5327409878547
1986,3.90916447097147,0.775293575856529,82.3492254044605,22.5991112315449,411.746127022302,205,24,0.593645619403634,83.1080054356662,16.8919945643338
1986,3.98052119169406,0.789371988946449,83.0120148945742,22.6540753453935,415.060074472871,206,24,0.601704443673223,82.739358381686,17.260641618314
1986,4.05774616685382,0.804573579454746,83.687448581261,22.7097742475562,418.437242906305,207,24,0.612070191265179,82.3682951290382,17.6317048709618
1986,4.14134537810425,0.821012555348631,84.3762378021734,22.7662527588765,421.881189010867,208,24,0.623915680348163,82.0022635442505,17.9977364557495
1986,4.23212833566526,0.838864893470194,85.0793604525154,22.8235760943696,425.396802262577,209,24,0.636325879721409,81.6491753573386,18.3508246426614
1986,4.33123277180094,0.858372488303169,85.7981392469696,22.8818355451718,428.990696234848,210,24,0.648337163099405,81.3173775789723,18.6826224210277
1986,4.44027675384451,0.879866063969928,86.5343170651802,22.9411536852646,432.671585325901,211,24,0.659336964269469,81.0209379905194,18.9790620094805
1986,4.30657768226786,0.853286302957238,87.2900827837372,23.0016853787845,436.450413918686,212,24,0.663733543021037,80.2200307050846,19.7799692949154
1987,1.9360017667788,0.386720018956823,54.5,19.9420239553624,272.5,141,24,0.250707983407274,88.4613285896278,11.5386714103722
1987,1.91390536537885,0.382328043280442,54.8370321713085,19.979314306931,274.185160856542,142,24,0.250872572754878,88.2941535975785,11.7058464024215
1987,1.89158578440813,0.377876509603829,55.1696111434975,20.0159556824231,275.848055717487,143,24,0.251732316244513,88.1234262179824,11.8765737820176
1987,1.86923543429467,0.373388931074274,55.49755323249,20.0519357586983,277.48776616245,144,24,0.254075310732292,87.9495596782884,12.0504403217116
1987,1.84708273483208,0.368890322579667,55.820555618006,20.0872293142023,279.10277809003,145,24,0.259074800440491,87.7730796753545,12.2269203246455
1987,1.82509380574812,0.364383065712376,56.1381265164537,20.12179088944,280.690632582268,146,24,0.266487638048795,87.5949720119544,12.4050279880456
1987,1.80350215258616,0.359944382105962,56.4498160000103,20.1555801314955,282.249080000051,147,24,0.274857056656382,87.4153416111116,12.5846583888884
1987,1.78218855323537,0.355579585381249,56.7555121977733,20.1885935891886,283.777560988866,148,24,0.282553325323063,87.2352641217984,12.7647358782016
1987,1.76114811994805,0.351315520047473,57.0554053420299,20.2208601416558,285.27702671015,149,24,0.287762468038943,87.0556225189742,12.9443774810258
1987,1.74046711747598,0.347181837654273,57.3500474831067,20.2524468056191,286.750237415533,150,24,0.289465360630253,86.8772817335371,13.1227182664628
1987,1.81576311050411,0.362229083413421,57.640211748094,20.2834430789452,288.20105874047,151,24,0.290533446928442,87.0261629287057,12.9738370712943
1987,1.79578941031602,0.358280251145858,57.9452204861923,20.3159080670805,289.726102430962,152,24,0.28961447032196,86.8532918753091,13.1467081246909
1987,1.77701117949173,0.354551443572794,58.2464170842528,20.3478506221936,291.232085421264,153,24,0.289754957398092,86.6844800247891,13.3155199752109
1987,1.75968619028835,0.351068324669355,58.5438287271494,20.3792790104156,292.719143635747,154,24,0.292589109770257,86.5219653751538,13.4780346248462
1987,1.74396050980671,0.347849509195546,58.8372073143152,20.4101723757262,294.186036571576,155,24,0.2989500861115,86.366286752699,13.633713247301
1987,1.72980821746691,0.344909455349254,59.1261673284909,20.4404956835076,295.630836642455,156,24,0.307846386407666,86.2174847463316,13.7825152536684
1987,1.71719310377459,0.342261490237106,59.4105163706587,20.4702344563783,297.052581853293,157,24,0.318110288578225,86.0763756335566,13.9236243664434
1987,1.67291544767076,0.33331112715692,59.6902883459917,20.4993978705353,298.451441729958,158,17,0.29501089681952,85.9436416048895,14.0563583951105
1987,1.66307134362002,0.331248672215774,59.9658233953503,20.5280266595089,299.829116976752,159,17,0.302951594161787,85.8198178256092,14.1801821743908
1987,1.6546342416658,0.329502954329319,60.2378002011866,20.5561959634767,301.189001005933,160,17,0.308600849858507,85.7053000215939,14.2946999784061
1987,1.64766519021328,0.328079698244327,60.5069584396607,20.5839862045044,302.534792198303,161,17,0.312231289048773,85.6004187850697,14.3995812149303
1987,1.64222241219481,0.326985101072462,60.7739954685638,20.611472418464,303.869977342819,162,17,0.314125077391248,85.505493084047,14.494506915953
1987,1.63837430792377,0.326227027647036,61.0395638540301,20.638724108906,305.197819270151,163,17,0.314647682757834,85.4208685042688,14.5791314957312
1987,1.63619834270484,0.325816034231541,61.3042567455089,20.6658038543966,306.521283727544,164,17,0.314137789557042,85.3469529339989,14.6530470660011
1987,1.63585681557469,0.325766080538749,61.5686150454883,20.692768154108,307.843075227442,165,17,0.313923782117374,85.284236640502,14.715763359498
1987,1.6375103350294,0.326094731391336,61.8329464362771,20.7196491485377,309.164732181385,166,17,0.315050420536033,85.2333280383699,14.7666719616301
1987,1.64124955647859,0.32682290840433,62.0973817677747,20.7464606931188,310.486908838873,167,17,0.317319985910325,85.1949250563144,14.8050749436856
1987,1.66935404364961,0.33238936571916,62.362109563498,20.7732223011666,311.81054781749,168,17,0.320519092243564,85.3086592825171,14.6913407174829
1987,1.74623896884146,0.347656096250056,62.6318169352643,20.8004059973069,313.159084676322,169,17,0.324437651459861,85.7077835142608,14.2922164857392
1987,1.86958707944344,0.372136227085266,62.9161160189033,20.8289722024984,314.580580094517,170,17,0.330535107859776,86.320309046493,13.679690953507
1987,2.02549900072307,0.40304749773499,63.2238635509226,20.8597932716406,316.119317754613,171,17,0.339283922451402,87.0045503644197,12.9954496355803
1987,2.1951589468683,0.436670158076613,63.56104183986,20.8934420401674,317.8052091993,172,17,0.348683782258203,87.6363296218429,12.3636703781571
1987,2.36292789233611,0.469930896840076,63.9302700507825,20.9301468303207,319.651350253913,173,17,0.356504251192563,88.1531498611031,11.8468501388969
1987,2.51905444742198,0.500941453787445,64.3314855981721,20.9698643444776,321.65742799086,174,17,0.360305317854445,88.5412341377413,11.4587658622587
1987,2.65907152062885,0.528831584889657,64.7631636019673,21.0124050922639,323.815818009836,175,17,0.359807678636563,88.810691034243,11.189308965757
1987,2.82260791789848,0.561442477321503,65.2229416133279,21.0574982330478,326.114708066639,176,24,0.397910346832143,88.9793186352362,11.0206813647638
1987,2.9308007556011,0.583057030784421,65.707803135561,21.1048120892837,328.539015677805,177,24,0.395428426776192,89.0652024477254,10.9347975522746
1987,3.02484739977165,0.601831027386577,66.2147960726936,21.1540260438641,331.073980363468,178,24,0.394672825058303,89.0840833364,10.9159166636
1987,3.10680695011709,0.61813242304222,66.7407456193574,21.2048033560573,333.703728096787,179,24,0.397425908244293,89.0489464394657,10.9510535605343
1987,3.17866622607183,0.632323002679697,67.2825323185906,21.2568188700146,336.412661592953,180,24,0.405076095499826,88.9702828558437,11.0297171441563
1987,3.24201984585345,0.64473250873344,67.837156396825,21.3097653583089,339.185781984125,181,24,0.416997431774363,88.8565582665134,11.1434417334866
1987,3.29816393340758,0.655649888088521,68.4020621998988,21.3633841360339,342.010310999494,182,24,0.431832186129999,88.7146229356973,11.2853770643027
1987,3.34816886101875,0.665322779468264,68.9752248481312,21.4174721165339,344.876124240656,183,24,0.448039951976343,88.5500699481487,11.4499300518513
1987,3.39290476913515,0.673960792986137,69.55514161868,21.47187958649,347.7757080934,184,24,0.463864647294866,88.3675215179002,11.6324784820998
1987,3.43285462313572,0.681740232510959,70.1408350312406,21.5265090572408,350.704175156203,185,24,0.47509833146611,88.1708430040341,11.8291569959659
1987,3.46870672055625,0.688809121018872,70.7322657809197,21.5813519909269,353.661328904598,186,24,0.480997329649013,87.9632443215996,12.0367556784004
1987,3.50139937692087,0.695291671134339,71.3296809423333,21.6364263308972,356.648404711667,187,24,0.484773832444355,87.7474881268245,12.2525118731755
1987,3.53178796744254,0.701292457351096,71.9328727962249,21.6917080015463,359.664363981124,188,24,0.489844003669251,87.5260880578904,12.4739119421096
1987,3.56065542451834,0.706900218307055,72.5411214507926,21.7471269187415,362.705607253963,189,24,0.499737572649146,87.3013928402505,12.6986071597495
1987,3.58832911093443,0.712197226390499,73.1531576458,21.802564985196,365.765788229,190,24,0.513690392008272,87.0769917570541,12.9230082429459
1987,3.61478690526769,0.717247339263382,73.7679304215714,21.8579264372995,368.839652107857,191,24,0.528165689977913,86.8544630049657,13.1455369950343
1987,3.64026160598074,0.722106088717001,74.3850917460629,21.9131804799319,371.925458730314,192,24,0.542665948143958,86.6350221309717,13.3649778690283
1987,3.66496612112877,0.726826414407729,75.0044396401571,21.9683099973143,375.022198200786,193,24,0.556569673939409,86.4204562220954,13.5795437779046
1987,3.68909504172125,0.731457456237578,75.6259389925496,22.0233129996138,378.129694962748,194,24,0.569218956294214,86.2124809319833,13.7875190680167
1987,3.71256504294374,0.736046333896325,76.2497251774848,22.0782025096106,381.248625887424,195,24,0.576790494768248,86.0127653846708,13.9872346153292
1987,3.53146892077787,0.700171476898322,76.8766815463637,22.1330565186634,384.383407731819,196,24,0.574773294041058,85.4286913653945,14.5713086346055
1987,3.55349290355183,0.704589770200827,77.4678121778688,22.1844911976273,387.339060889344,197,24,0.575130376889425,85.2492597488911,14.7507402511089
1987,3.57626528119877,0.709109858869919,78.0632664296861,22.2360262613517,390.316332148431,198,24,0.578369533607732,85.083131650713,14.916868349287
1987,3.60411082888696,0.71451814886066,78.6626171149158,22.2876226150601,393.313085574579,199,24,0.588872735965898,84.900681034255,15.099318965745
1987,3.64041954665413,0.721466005234636,79.2654255951274,22.3392410035105,396.327127975637,200,24,0.608136310806627,84.6772310157629,15.3227689842371
1987,3.6842051241265,0.729828822019739,79.8716319549066,22.3908751685589,399.358159774533,201,24,0.632021288923035,84.4165952575061,15.5834047424939
1987,3.73449476120835,0.739485164826434,80.4818067920548,22.4425722606082,402.409033960274,202,24,0.655991099252761,84.1239047711082,15.8760952288918
1987,3.79038071891645,0.750328731265882,81.0972334266408,22.4944383386374,405.486167133204,203,24,0.674934734625857,83.8044581810364,16.1955418189636
1987,3.85105382135681,0.762279175934949,81.720035782877,22.5466474878416,408.600178914385,204,24,0.683168757924815,83.4637143866592,16.5362856133408
1987,3.91631460986442,0.775293077594886,82.353312564286,22.5994511165545,411.76656282143,205,24,0.681069605325256,83.1073241194011,16.8926758805989
1987,3.98654225670618,0.789373304145437,83.0000471919877,22.6530855987135,415.000235959939,206,24,0.673897547350404,82.7413705371371,17.2586294628629
1987,4.0621010719552,0.804575934920305,83.6622467541151,22.7077016443775,418.311233770576,207,24,0.663125645157738,82.372565436927,17.627434563073
1987,4.14365832138792,0.821015045886844,84.3416964856267,22.7634281500654,421.708482428133,208,24,0.65027767188935,82.0081551757718,17.9918448242282
1987,4.23219880481527,0.838866674965284,85.0400102113458,22.8203767355831,425.200051056729,209,24,0.636785253123085,81.6559214038252,18.3440785961748
1987,4.32974856105378,0.858372975918407,85.7587122750709,22.878648692147,428.793561375354,210,24,0.631602498120624,81.3241583537253,18.6758416462747
1987,4.43840129207588,0.879865082372355,86.4979412807338,22.9382309536193,432.489706403669,211,24,0.638582457168011,81.0271989330457,18.9728010669543
1987,4.30505729291184,0.853282482725452,87.2574838635686,22.999081980845,436.287419317843,212,24,0.646385133281367,80.225764530045,19.774235469955
1988,1.93706257019213,0.386720018956823,54.5,19.9420239553624,272.5,141,24,0.261157768975008,88.4613285896278,11.5386714103722
1988,1.91533411435325,0.382325250962061,54.8351543748776,19.9791069844541,274.175771874388,142,24,0.265361981021869,88.2944202289333,11.7055797710667
1988,1.89343731617802,0.377870073346585,55.1651212208707,20.0154620386735,275.825606104354,143,24,0.271107764448086,88.12407105642,11.87592894358
1988,1.8714020747545,0.37337791649803,55.4895585405294,20.0510603878767,277.447792702647,144,24,0.277578065060404,87.9507219200443,12.0492780799557
1988,1.84927512924075,0.368874137643232,55.8082937288577,20.0858920950859,279.041468644289,145,24,0.283920795070767,87.7748854065646,12.2251145934354
1988,1.82702450646287,0.364361906883344,56.1213339476491,20.1199667535421,280.606669738246,146,24,0.289543960688745,87.5974788407119,12.4025211592881
1988,1.8050661039653,0.359919183782007,56.4287983637086,20.153305772261,282.143991818543,147,24,0.294673972845805,87.4185239867128,12.5814760132872
1988,1.78344635977929,0.355551544772577,56.7308440416918,20.1859341714727,283.654220208459,148,24,0.299488338508145,87.2390545194184,12.7609454805816
1988,1.76231557776686,0.351285664496415,57.0276018328455,20.2178736433734,285.138009164228,149,24,0.304165226201754,87.0599596149536,12.9400403850464
1988,1.74183626164431,0.347150657510143,57.319197015928,20.2491448369043,286.59598507964,150,24,0.308903899108853,86.8821685048641,13.1178314951359
1988,1.81760270369106,0.362195793265404,57.6057475182474,20.2797671994844,288.028737591237,151,24,0.315360274079944,87.0316017772639,12.9683982227361
1988,1.76572118441894,0.351805963049403,57.9061589426471,20.3117570346113,289.530794713235,152,17,0.287520209887813,86.8595512095494,13.1404487904506
1988,1.74709851340519,0.348048788128743,58.2017609024576,20.3431220171636,291.008804512288,153,17,0.291638447043997,86.6917439507207,13.3082560492793
1988,1.72967369525967,0.344537309268147,58.4928134958232,20.373895996017,292.464067479116,154,17,0.295397427432774,86.5303843971764,13.4696156028236
1988,1.71353504316039,0.341290507212111,58.7796281332104,20.4041176519952,293.898140666052,155,17,0.298675143150675,86.3759202569836,13.6240797430164
1988,1.69878518520472,0.338323166715285,59.0625582887796,20.4338294659531,295.312791443898,156,17,0.301815000390632,86.2282646142975,13.7717353857025
1988,1.68552736581863,0.335648630273411,59.3419092802616,20.4630682484812,296.709546401308,157,17,0.305294583823931,86.0881402276653,13.9118597723347
1988,1.67380395627054,0.333277107640476,59.6179115566193,20.491862468974,298.089557783097,158,17,0.309004760453109,85.9561840507998,14.0438159492002
1988,1.66364586046388,0.331216306437563,59.8908258671864,20.5202433233623,299.454129335932,159,17,0.312841751295038,85.8329336993712,14.1670663006288
1988,1.65507381493362,0.329472266899363,60.1609398971719,20.5482443546245,300.804699485859,160,17,0.316667181088593,85.7188441396701,14.2811558603299
1988,1.6481259594419,0.328050419328197,60.4285731532213,20.5759019322123,302.142865766106,161,17,0.32063032630011,85.6143138409236,14.3856861590764
1988,1.64285346783686,0.326956740982068,60.6940229134549,20.6032496602904,303.470114567274,162,17,0.325042199002572,85.519728825249,14.480271174751
1988,1.63929684972523,0.326198914735497,60.9575344871529,20.6303153802378,304.787672435765,163,17,0.329943797202948,85.4355046059106,14.5644953940894
1988,1.63750627002706,0.325787348882065,61.2193530848702,20.6571265692938,306.096765424351,164,17,0.335314792468099,85.3621087778836,14.6378912221164
1988,1.63755297928083,0.325735865030632,61.4797380146917,20.6837117998684,307.398690073458,165,17,0.341192089009718,85.3000785939741,14.6999214060259
1988,1.63949122894161,0.32606194190949,61.7389554526536,20.7100999944022,308.694777263268,166,17,0.347051070757402,85.2500249757655,14.7499750242345
1988,1.64341128257901,0.326786490377592,61.9973873468382,20.7363314634023,309.986936734191,167,17,0.352633217719684,85.212594935141,14.787405064859
1988,1.67161316950569,0.332339571144776,62.255485399822,20.762453094647,311.27742699911,168,17,0.358155761687054,85.3269423869067,14.6730576130934
1988,1.74855784217512,0.347577819513583,62.518117870901,20.7889562818784,312.590589354505,169,17,0.363869313573286,85.7260241088067,14.2739758911933
1988,1.87188468694296,0.372023118236853,62.7949950590771,20.816813062006,313.974975295385,170,17,0.370127698948036,86.3382707781019,13.6617292218981
1988,2.02763159991452,0.402902915912545,63.0952843158064,20.8469287422268,315.476421579032,171,17,0.376473892228262,87.0223598041721,12.9776401958279
1988,2.1970854643038,0.436503904592385,63.4254519151097,20.8799258097097,317.127259575549,172,17,0.382473213224712,87.6542235914302,12.3457764085698
1988,2.36479172079829,0.469754539069747,63.7883083925821,20.9160520203654,318.941541962911,173,17,0.388281069682605,88.1713418081079,11.8286581918921
1988,2.52124342341721,0.500764870448384,64.1835422569567,20.9552391420557,320.917711284784,174,17,0.394087933862417,88.5599082881229,11.4400917118771
1988,2.66204764954272,0.528661406367436,64.6089025162762,20.9972258188904,323.044512581381,175,17,0.400035976677799,88.8300601275295,11.1699398724705
1988,2.78603539704211,0.553233610019253,65.0612311538473,21.0416636670649,325.306155769237,176,17,0.405003813625701,88.9996492178866,11.0003507821133
1988,2.89395287630239,0.574633512152356,65.537360629332,21.0882077540059,327.68680314666,177,17,0.408929490640751,89.0867524674065,10.9132475325935
1988,2.98753368023179,0.593178053954155,66.0342850359471,21.1365339886808,330.171425179735,178,17,0.413341985617032,89.1071031661508,10.8928968338492
1988,3.06879400568226,0.609236012064951,66.5490393905303,21.186327664956,332.745196952651,179,17,0.419856384342679,89.073652988762,10.926347011238
1988,3.13973581384613,0.623170181454076,67.0787389338888,21.2372875749028,335.393694669444,180,17,0.430229544777658,88.9968595474613,11.0031404525387
1988,3.20184575735466,0.635311376491191,67.6205479304311,21.2891231393603,338.102739652156,181,17,0.442672789978953,88.8851651192405,11.1148348807595
1988,3.2563466960223,0.645949727148868,68.1722857152139,21.3416119736769,340.86142857607,182,17,0.454794727882463,88.7453681923185,11.2546318076815
1988,3.30456190019035,0.655334034660667,68.7324944751245,21.3946046210817,343.662472375622,183,17,0.467369419102996,88.5829816315402,11.4170183684598
1988,3.34763544396751,0.663674881945002,69.2998262357583,21.447965146977,346.499131178791,184,17,0.481341763907952,88.4025998586419,11.5974001413581
1988,3.38653828686527,0.671149509157856,69.8729728544065,21.5015643179838,349.364864272033,185,17,0.497664566753086,88.2081266084748,11.7918733915252
1988,3.42167260761345,0.677906906474813,70.4506298171529,21.5552761210944,352.253149085764,186,17,0.512570479608261,88.0029439727055,11.9970560272945
1988,3.45340330334368,0.684072544936138,71.032326514558,21.609054259263,355.16163257279,187,17,0.522929465594175,87.7899170628078,12.2100829371922
1988,3.48245838748024,0.689752385799139,71.6182913155504,21.6629175441504,358.091456577752,188,17,0.530811964027783,87.5714994400293,12.4285005599707
1988,3.50949932600418,0.695036516201103,72.2084840877233,21.7168598784547,361.042420438617,189,17,0.538553068589525,87.3499402056451,12.6500597943549
1988,3.59672851268191,0.712199997912308,72.8025299591443,21.7708449580738,364.012649795721,190,24,0.609751782905571,87.128688649318,12.871311350682
1988,3.62300229149566,0.717261814878619,73.3997747255087,21.8248121245109,366.998873627543,191,24,0.622908872434896,86.9092554084032,13.0907445915968
1988,3.64825021317288,0.722131770278972,73.9996352915286,21.878708458887,369.998176457643,192,24,0.635459923140188,86.6928813706258,13.3071186293742
1988,3.67269419038546,0.726862692460719,74.6020273479849,21.9325266733959,373.010136739924,193,24,0.646784253036005,86.481324761033,13.518675238967
1988,3.69653734921112,0.731503607729195,75.2070350914498,21.986274576954,376.035175457249,194,24,0.656244707732215,86.2762711776592,13.7237288223408
1988,3.71997157653372,0.736101519776069,75.8149107586689,22.0399746127417,379.074553793345,195,24,0.663184033481077,86.0793592263366,13.9206407736634
1988,3.53861596171147,0.700220038032779,76.4260763953235,22.0936636041957,382.130381976618,196,24,0.662511330356539,85.499769308717,14.500230691283
1988,3.56084244984661,0.704644386324887,77.001096021914,22.1439047505927,385.00548010957,197,24,0.664635423662405,85.3231544625635,14.6768455374365
1988,3.58360158960698,0.709169605947806,77.5801269098557,22.1942328284592,387.900634549279,198,24,0.667104625817445,85.1598249921615,14.8401750078385
1988,3.61100881305228,0.714582447018166,78.1632061526464,22.244648916134,390.816030763232,199,24,0.671883502823314,84.9802101995527,15.0197898004473
1988,3.6464976090013,0.721534272544957,78.7508009984902,22.2951909622372,393.754004992451,200,24,0.68096126960575,84.7596045637922,15.2403954362078
1988,3.68962295920883,0.729900171640564,79.3436675232039,22.3459207639698,396.71833761602,201,24,0.697004255197862,84.5016757662123,15.4983242337877
1988,3.73965144633791,0.739558449700161,79.9419394984819,22.396845979484,399.70969749241,202,24,0.718475932101864,84.2115968109912,15.7884031890088
1988,3.7957111185465,0.75040259195352,80.5459112926098,22.4479876412162,402.729556463049,203,24,0.740644831092875,83.8947952296791,16.1052047703209
1988,3.85704808843302,0.762352020457125,81.1566491472383,22.4994311561498,405.783245736191,204,24,0.75830894582531,83.5568715572619,16.4431284427381
1988,3.92306332899396,0.775363041863112,81.7761088793836,22.5513344366192,408.880544396918,205,24,0.765739592120578,83.2036350876398,16.7963649123602
1988,3.99403038321855,0.789438037482356,82.4072721649267,22.6039372528754,412.036360824634,206,24,0.766934688099575,82.8411384100835,17.1588615899165
1988,4.07061370757944,0.804632507725279,83.0523757007193,22.6574125105987,415.261878503597,207,24,0.767652387252278,82.4760189805106,17.5239810194894
1988,4.15313910530748,0.821059940022841,83.7126373453862,22.7118453418008,418.563186726931,208,24,0.76449389894708,82.1155781796072,17.8844218203928
1988,4.24222450932419,0.838895580004851,84.3900197914973,22.7673795531896,421.950098957486,209,24,0.7541813398335,81.767490668769,18.232509331231
1988,4.33879924373221,0.858380667301542,85.0872647825617,22.8242186290032,425.436323912809,210,24,0.733829121726377,81.4397845429398,18.5602154570602
1988,4.445256431789,0.879845716885682,85.807876899001,22.882622475215,429.039384495005,211,24,0.713722513130858,81.1461289797167,18.8538710202833
1988,4.30944390207328,0.853199210992445,86.5537821079821,22.9427173162441,432.768910539911,212,24,0.698439306664836,80.3497103184044,19.6502896815956
1989,1.93847537521158,0.386720018956823,54.5,19.9420239553624,272.5,141,24,0.275754488408686,88.4613285896278,11.5386714103722
1989,1.91728172962041,0.382321329942516,54.8325175919947,19.9788158559623,274.162587959974,142,24,0.28647709987074,88.2947946375548,11.7052053624452
1989,1.89574270838438,0.377860797889492,55.1586509452213,20.0147506161051,275.793254726107,143,24,0.297401508931295,88.1250003573932,11.8749996426068
1989,1.83821579509075,0.366238922451259,55.4782906145216,20.0498264682931,277.391453072608,144,16,0.272141666364769,87.9523601582853,12.0476398417147
1989,1.8160150518145,0.361698426590666,55.7914758626867,20.0840576912654,278.957379313434,145,16,0.280093128506845,87.7773624014494,12.2226375985506
1989,1.79348069680446,0.357150410520702,56.0986296546282,20.1174998364488,280.493148273141,146,16,0.284887927485897,87.6008688096268,12.3991311903732
1989,1.77107870221325,0.352673315174647,56.4003165921767,20.1502227621058,282.001582960883,147,16,0.287105214160859,87.4228375467216,12.5771624532785
1989,1.74890803809617,0.34827303143832,56.6970786405015,20.1822926935491,283.485393202508,148,16,0.287435464956682,87.2442441955518,12.7557558044482
1989,1.72717069992261,0.343976350408028,56.9893394624805,20.2137620527076,284.946697312403,149,16,0.286638906207301,87.0659300748069,12.9340699251931
1989,1.70613675915698,0.339812319738558,57.2774110740597,20.2446704533753,286.387055370298,150,16,0.286240271046418,86.8887897673561,13.1112102326439
1989,1.78609569116586,0.35574456052796,57.5613545583785,20.2750300839398,287.806772791893,151,17,0.293473623018368,87.0386101071377,12.9613898928623
1989,1.7661551571093,0.351768935103817,57.8598420813383,20.3068324567388,289.299210406692,152,17,0.29497330645031,86.8669761458836,13.1330238541164
1989,1.74733100071441,0.3480136666316,58.1540403993038,20.3380661380235,290.770201996519,153,17,0.296588657883458,86.6995096944118,13.3004903055882
1989,1.72970930494176,0.344504461540642,58.4441496412746,20.3687580434156,292.220748206373,154,17,0.297769994472235,86.5384191024833,13.4615808975167
1989,1.7134180614042,0.34126018447483,58.730497089283,20.3989480205731,293.652485446415,155,17,0.298935067553394,86.3841443651876,13.6158556348124
1989,1.69862385572091,0.338295451388233,59.0133520726896,20.4286692287025,295.066760363448,156,17,0.301319903763268,86.2366079280192,13.7633920719808
1989,1.68543177840994,0.335623379434541,59.2927700320653,20.4579319628129,296.463850160327,157,17,0.305515107955914,86.0965710064222,13.9034289935778
1989,1.67393346388356,0.333254000189089,59.56870930539,20.4867362086997,297.84354652695,158,17,0.312206762702349,85.9647151286712,14.0352848713288
1989,1.66420385376167,0.331194828674973,59.8410093417268,20.5150695473104,299.205046708634,159,17,0.322132175255401,85.841650621032,14.158349378968
1989,1.65608324680901,0.329451702753078,60.1093771183182,20.5429059407309,300.546885591591,160,17,0.332768134961969,85.7279354905467,14.2720645094533
1989,1.64946924162392,0.328030057379687,60.3739923163149,20.5702684161118,301.869961581574,161,17,0.342122784537562,85.6239947284168,14.3760052715832
1989,1.64449961236642,0.326935984649422,60.6354125079074,20.5972185566434,303.177062539537,162,17,0.351738063669502,85.5301681121021,14.4698318878979
1989,1.64132205335323,0.326177142534784,60.8939144301058,20.6237883352128,304.469572150529,163,17,0.363402470948602,85.446863015842,14.553136984158
1989,1.64009496570191,0.325763765822346,61.1494466581992,20.6499757264047,305.747233290996,164,17,0.379126733245979,85.3745956160008,14.6254043839992
1989,1.64063502254154,0.325709336308038,61.4015873030615,20.6757408891132,307.007936515307,165,17,0.394804221090119,85.3140182963558,14.6859817036442
1989,1.64279414698702,0.326031198505353,61.6506991388229,20.7011242343738,308.253495694114,166,17,0.405937043535329,85.2657149658854,14.7342850341146
1989,1.64679593959317,0.326750348836458,61.8980149011156,20.7262539516676,309.490074505578,167,17,0.414316383394621,85.2301692324483,14.7698307675517
1989,1.67504569527954,0.332287751452103,62.1444538028679,20.7512250586316,310.72226901434,168,17,0.421995816523931,85.3459981103447,14.6540018896553
1989,1.75213020343625,0.347493024793436,62.3950053958072,20.7765422408413,311.975026979036,169,17,0.431182908930623,85.7457932882934,14.2542067117066
1989,1.87570819945557,0.371896073080599,62.6591350475548,20.8031548251827,313.295675237774,170,17,0.441754534384435,86.3584366846122,13.6415633153878
1989,2.03173417432532,0.402734536640851,62.9458644407098,20.8319561032917,314.729322203549,171,17,0.451204023434329,87.0430733161468,12.9569266838532
1989,2.20141947494471,0.436302790209347,63.2619074303398,20.8635961179787,316.309537151699,172,17,0.458062245941395,87.6758230018428,12.3241769981572
1989,2.36914387538824,0.469532860060936,63.6105139157832,20.8983686414779,318.052569578916,173,17,0.460751393627863,88.1941409511988,11.8058590488012
1989,2.52520407605881,0.500535394818353,63.9921252780169,20.9362813678205,319.960626390084,174,17,0.457755056102505,88.5840847409415,11.4159152590585
1989,2.66549036765829,0.528435912217633,64.405545499314,20.9771768646142,322.02772749657,175,17,0.453953429409575,88.8556084330885,11.1443915669115
1989,2.7892496058588,0.553021020202026,64.8477805682473,21.0207206920624,324.238902841237,176,17,0.453318973938055,89.0264995618713,10.9735004381287
1989,2.89701375481053,0.574439150028928,65.3148913507679,21.0664896823431,326.57445675384,177,17,0.452821078248756,89.1148959200907,10.8851040799093
1989,2.99011334634458,0.593004934704878,65.8036512333929,21.11413632963,329.018256166965,178,17,0.449486766827578,89.1365311317733,10.8634688682267
1989,3.07011700840204,0.609086004206912,66.3116943059939,21.1634020645612,331.558471529969,179,17,0.44046797241408,89.1042584828272,10.8957415171728
1989,3.13934717131326,0.623044601812339,66.8375379942307,21.2141176734692,334.187689971154,180,17,0.431490912357033,89.0283325935337,10.9716674064663
1989,3.20010232490061,0.635210471704944,67.3790189569357,21.2660516452689,336.895094784678,181,17,0.42880556647639,88.9170818811956,11.0829181188044
1989,3.25370146139673,0.645872304156349,67.933183551383,21.3189017989027,339.665917756915,182,17,0.430538326821575,88.77738050968,11.22261949032
1989,3.35096003079202,0.665147423197253,68.4977166595204,21.3724327197719,342.488583297602,183,24,0.483744705238862,88.6148346207951,11.3851653792049
1989,3.39489878503478,0.673818743022769,69.0710551524796,21.4264847945686,345.355275762398,184,24,0.489737045101326,88.4340509831927,11.5659490168073
1989,3.43483578771796,0.681629048545035,69.65197757974,21.4809338464677,348.2598878987,185,24,0.499411227229436,88.2389065601149,11.7610934398851
1989,3.47170151220845,0.688725951743456,70.2389469219624,21.5356291403577,351.194734609812,186,24,0.514941289356701,88.0328025114645,11.9671974885355
1989,3.50582636139861,0.695233587179113,70.8301774458695,21.5904003991687,354.150887229347,187,24,0.533319268136033,87.818780681795,12.181219318205
1989,3.53743335471085,0.701256911527369,71.4245510948308,21.6451425817348,357.122755474154,188,24,0.551178702870352,87.5994861326871,12.4005138673129
1989,3.56665787420855,0.706885160130176,72.0216677066057,21.6998186157839,360.108338533028,189,24,0.564725430429309,87.3772249766292,12.6227750233709
1989,3.59407747177751,0.712200960105799,72.6219130194389,21.7544636268262,363.109565097194,190,24,0.575677888018001,87.1553387230424,12.8446612769576
1989,3.62020513838077,0.717268253711065,73.2254445766202,21.8090913427473,366.127222883101,191,24,0.586261706728693,86.9352207311134,13.0647792688866
1989,3.64500831025917,0.722142564736758,73.8320773771356,21.8636844405892,369.160386885678,192,24,0.592634332622598,86.7180526326725,13.2819473673275
1989,3.66843578178902,0.726876759448335,74.4423884053748,21.9182939807806,372.211942026874,193,24,0.590887577408322,86.5054911832098,13.4945088167902
1989,3.69040418575405,0.731519778040024,75.0577260189121,21.9730382910992,375.28863009456,194,24,0.577359008051873,86.2990266150255,13.7009733849745
1989,3.7117397021037,0.736118392059071,75.6801543521177,22.02809612545,378.400771760588,195,24,0.559713235799041,86.1000150530906,13.8999849469094
1989,3.52937983880769,0.700232343810188,76.3103698020867,22.0835221646205,381.551849010433,196,24,0.543022535491421,85.518036464237,14.481963535763
1989,3.55054176544843,0.704655224833056,76.9074417767986,22.1357397731366,384.537208883993,197,24,0.533519586586044,85.3379953751209,14.6620046248791
1989,3.57240626604433,0.709178116729327,77.5106372199569,22.1882067928274,387.553186099784,198,24,0.526536908769516,85.1708651380692,14.8291348619308
1989,3.59886431381606,0.714588014676737,78.1195921163923,22.2408869056819,390.597960581961,199,24,0.521156471064056,84.987161400788,15.012838599212
1989,3.63366577763325,0.721536365600637,78.7349042346453,22.2938270653048,393.674521173226,200,24,0.522370784684416,84.7621511955751,15.2378488044249
1989,3.67650591228089,0.729898392052601,79.3569227800201,22.347051952278,396.784613900101,201,24,0.53356201672635,84.499537965241,15.500462034759
1989,3.72646541179775,0.739552603192744,79.9852595424761,22.4005230769063,399.926297712381,202,24,0.551548663621524,84.2045546146094,15.7954453853906
1989,3.78269067261043,0.750392720424037,80.6199787308392,22.4542409255634,403.099893654196,203,24,0.573028258718398,83.8826494426138,16.1173505573862
1989,3.84444571582565,0.762338510353543,81.2616342964708,22.5082470363184,406.308171482354,204,24,0.594284902974393,83.5394988487153,16.4605011512847
1989,3.91133861860049,0.775346719756568,81.9113761326794,22.5626317286391,409.556880663397,205,24,0.613161603143437,83.1810478677677,16.8189521322323
1989,3.98337456409518,0.789420271579321,82.5707070882466,22.617512556593,412.853535441233,206,24,0.629376882626396,82.8136110118607,17.1863889881393
1989,4.06072040470091,0.804615082901396,83.2411872714554,22.6730090826003,416.205936357277,207,24,0.641452848724802,82.4439670435279,17.5560329564721
1989,4.14382006732668,0.821044905464549,83.9247056582221,22.7292650236125,419.623528291111,208,24,0.64783960130111,82.0793370714384,17.9206629285616
1989,4.23341809457329,0.838885310551678,84.6235498917269,22.7864531467882,423.117749458635,209,24,0.647087658133761,81.7273759217029,18.2726240782971
1989,4.33085755420304,0.858377905738446,85.3404463007919,22.8447775162294,426.702231503959,210,24,0.641082230237355,81.3961525984628,18.6038474015372
1989,4.43810262474401,0.879853469158264,86.0780126406067,22.9044282176603,430.390063203033,211,24,0.633526229527374,81.0995364667524,18.9004635332476
1989,4.30271429869574,0.853233093507636,86.8385187603158,22.965562307596,434.192593801579,212,24,0.620825002178181,80.2995189610055,19.7004810389945
