"year","assimilated_weight","ingested_weight","Weight","Length","Energy","JulianDay","feeding_hours","Metabolism","percentage_partic","percentage_filters"
1980,3.14668428020447,0.627664793654593,54.5,19.9420239553624,272.5,141,24,0.27879250354055,88.0839501968614,11.9160498031386
1980,3.14514951031603,0.627300293796234,55.0735517699669,20.005388336742,275.367758849835,142,24,0.283054127039138,87.9488132749223,12.0511867250777
1980,3.14232934877515,0.626690225010753,55.645942539262,20.0681675664692,278.22971269631,143,24,0.286986239304884,87.815247547305,12.1847524526949
1980,3.13834027590829,0.625832266527329,56.2169810437066,20.1303515827517,281.084905218533,144,24,0.291461051100806,87.6828943104618,12.3171056895382
1980,3.1330642832599,0.624721109316051,56.7863248704124,20.1919143018653,283.931624352062,145,24,0.295861287297582,87.55136079945,12.44863920055
1980,3.12628272065199,0.623341116255571,57.353731457809,20.2528410238422,286.768657289045,146,24,0.299178718133895,87.4210616655147,12.5789383344853
1980,3.11805334955829,0.621697725287221,57.9191161580346,20.3131342016216,289.595580790173,147,24,0.301591874341704,87.2896439942381,12.7103560057619
1980,3.10831430139967,0.619771654162006,58.4823701666767,20.3727936355687,292.411850833383,148,24,0.30332440284125,87.157309640059,12.842690359941
1980,3.09702629716363,0.617548323586651,59.0433275736503,20.4318131049527,295.216637868251,149,24,0.304605658278189,87.0235029337259,12.9764970662742
1980,3.08413479974536,0.615012965992707,59.6017687398696,20.490180914135,298.008843699348,150,24,0.305567920563645,86.8875275916787,13.1124724083213
1980,3.24660994717982,0.647447707357308,60.1574366609326,20.5478817574571,300.787183304663,151,24,0.308268095334019,87.095340083794,12.9046599162061
1980,3.22931137467079,0.644015479572858,60.7450569773526,20.6084978412181,303.725284886763,152,24,0.310037718459049,86.9475916441036,13.0524083558964
1980,3.21029605596919,0.640207818025124,61.3288607726628,20.6683168584999,306.644303863314,153,24,0.312978040692569,86.7956433121701,13.2043566878299
1980,3.18961527157338,0.636020089504959,61.908270435549,20.7272945026828,309.541352177745,154,24,0.317695032192889,86.64003798142,13.35996201858
1980,3.16717805367551,0.631447032796029,62.4825974173279,20.7853763285763,312.412987086639,155,24,0.32381445088281,86.479724110366,13.520275889634
1980,3.14287311283657,0.626491307248465,63.0512098260208,20.8425148239991,315.256049130104,156,24,0.330472239638744,86.3133193259703,13.6866806740297
1980,3.11677749778951,0.621172726501221,63.6136263255054,20.898678496757,318.068131627527,157,24,0.337534183701616,86.1405007055408,13.8594992944592
1980,3.08906277098631,0.615529690424802,64.169407834528,20.9538406294084,320.84703917264,158,24,0.344859786172148,85.96125803462,14.03874196538
1980,3.06002117321744,0.609624924821242,64.7181776862759,21.0079810884693,323.590888431379,159,24,0.352277046553137,85.7760344890915,14.2239655109085
1980,3.02998586881961,0.603551530211686,65.2596520650015,21.0610890809814,326.298260325008,160,24,0.358601501100999,85.5858915098419,14.4141084901581
1980,2.99952908372721,0.597438537796883,65.7938506833367,21.1131833527095,328.969253416684,161,24,0.363051498992065,85.3926531878651,14.6073468121349
1980,2.96955389013427,0.591454575904883,66.3210640302951,21.1643081869202,331.605320151475,162,24,0.366016408054355,85.1990745652185,14.8009254347816
1980,2.94116158544311,0.585808055712441,66.841685334872,21.2145165614095,334.20842667436,163,24,0.367928171990535,85.0089694304105,14.9910305695895
1980,2.91562704040225,0.580742515627051,67.3562416949315,21.2638729277428,336.781208474658,164,24,0.369236604122617,84.8271843085442,15.1728156914558
1980,2.89441654453134,0.576526553931955,67.8654252165326,21.3124559123,339.327126082663,165,24,0.371053249519222,84.659409059076,15.3405909409241
1980,2.87897136544479,0.573439298868334,68.3699989494075,21.3603490890531,341.849994747037,166,24,0.373789393454013,84.5118351934068,15.4881648065932
1980,2.87058219560193,0.571753496104181,68.8709319331645,21.4076536214739,344.354659665822,167,24,0.376708379877817,84.3906261647834,15.6093738352166
1980,2.86488967804108,0.570616475683682,69.3695986677177,21.4545065597312,346.847993338589,168,24,0.379043448200398,84.2919638302546,15.7080361697454
1980,2.85676850954807,0.569022396590403,69.8666551191643,21.5009751732459,349.333275595822,169,24,0.38003475609502,84.207654681419,15.792345318581
1980,2.84647702343258,0.566995757931725,70.3618841522819,21.5470443618633,351.80942076141,170,24,0.381008894526808,84.1369357300567,15.8630642699433
1980,2.8342709811686,0.564557942259129,70.8548549793693,21.5926795730265,354.274274896846,171,24,0.383459649647993,84.079046567736,15.920953432264
1980,2.82017791761882,0.561727988217012,71.3448892094617,21.6378241429325,356.724446047309,172,24,0.386735603237896,84.0332361947226,15.9667638052774
1980,2.80421650581695,0.55852341565876,71.8314442473064,21.6824348760333,359.157221236532,173,24,0.390150099847788,83.9986974502655,16.0013025497345
1980,2.78640209211835,0.554960914165245,72.3141185679417,21.7264821871139,361.570592839709,174,24,0.392988198116024,83.9745687955108,16.0254312044892
1980,2.7666934720444,0.551057004271035,72.79265670777,21.7699502206686,363.96328353885,175,24,0.393903504404193,83.9599367619572,16.0400632380429
1980,2.74526674767911,0.54682872452453,73.2670642437705,21.8128468985133,366.335321218852,176,24,0.393810243890027,83.9538207271611,16.0461792728389
1980,2.7224529757269,0.542294115314023,73.7371991282406,21.8551666772817,368.685995641203,177,24,0.395283765495909,83.9552460977427,16.0447539022573
1980,2.69857892035107,0.537472676757997,74.202470457028,21.89686390881,371.01235228514,178,24,0.400913228164817,83.9632961725464,16.0367038274536
1980,2.67397615973782,0.532385889450188,74.6618348554804,21.9378533766895,373.309174277402,179,24,0.413574772280589,83.9771126073603,16.0228873926397
1980,2.64850200915651,0.527057668925775,75.1137400524334,21.9780060979746,375.568700262167,180,24,0.430943772524436,83.9959039617198,16.0040960382802
1980,2.62187236020239,0.521515281064042,75.5570701900534,22.017233632998,377.785350950267,181,24,0.448312994738316,84.0187956559655,15.9812043440345
1980,2.59420266529355,0.515790100537704,75.9915940572291,22.0555265909468,379.957970286145,182,24,0.465053688783483,84.0447685752883,15.9552314247117
1980,2.56563206990661,0.509917676085003,76.4172292935294,22.0928885523086,382.086146467647,183,24,0.480460809403388,84.0727841504159,15.9272158495841
1980,2.53632587976078,0.503937996076312,76.8340623851109,22.1293375574859,384.170311925555,184,24,0.493783693745782,84.1017846671937,15.8982153328063
1980,2.50626395536721,0.497895583021508,77.2423630179035,22.1649070887596,386.211815089518,185,24,0.501067086309993,84.130692146621,15.869307853379
1980,2.47562541060709,0.491839803570979,77.6431879041035,22.1996981226458,388.215939520518,186,24,0.500759396089885,84.1583178808374,15.8416821191626
1980,2.44488368828988,0.485824284838911,78.0379398862733,22.2338399019835,390.189699431367,187,24,0.4956857741033,84.1834259006469,15.8165740993531
1980,2.41451579976852,0.479905650048529,78.4275514470302,22.2674192640799,392.137757235151,188,24,0.488728847637093,84.2048382168371,15.7951617831629
1980,2.38500205064899,0.474142466636448,78.8124739336365,22.3004805083387,394.062369668182,189,24,0.482714669900925,84.2214116901506,15.7785883098494
1980,2.35690516355716,0.468597777563781,79.192689538989,22.3330271736871,395.963447694945,190,24,0.481388875513921,84.2335672323366,15.7664327676634
1980,2.33052161090053,0.463328411490626,79.5675438768728,22.3650084684919,397.837719384364,191,24,0.485051414950919,84.2395207650402,15.7604792349598
1980,2.30595010569533,0.458389469078811,79.9363818811175,22.3963741366023,399.681909405587,192,24,0.491134961301614,84.2372404485859,15.7627595514142
1980,2.28329847916004,0.45383620584249,80.2990817104875,22.4271196074361,401.495408552438,193,24,0.497018978125391,84.2252979643194,15.7747020356806
1980,2.21319821802878,0.439889099545504,80.6560672047996,22.4572863129253,403.280336023998,194,17,0.450265504469092,84.2020979475211,15.7979020524789
1980,2.19515807270216,0.436315890591129,81.008376090055,22.4869667257097,405.041880450275,195,17,0.450882439991838,84.165911709387,15.834088290613
1980,2.0598890542261,0.409436719713266,81.356946245526,22.5162437601878,406.78473122763,196,16,0.441045688380219,83.7283345876322,16.2716654123678
1980,2.04811249992594,0.407096781012533,81.6804225554667,22.5433350091646,408.402112777334,197,16,0.442388059866672,83.6607319183951,16.3392680816049
1980,2.03926782818102,0.405331503661451,82.0012680790278,22.5701321620099,410.006340395139,198,16,0.444386012503632,83.5746436339204,16.4253563660796
1980,2.03236004003957,0.403941534215396,82.3199379970004,22.596675369637,411.599689985002,199,16,0.447189810016396,83.4723609070589,16.5276390929411
1980,2.02573269814656,0.402598641150114,82.6366584285958,22.6229853326502,413.183292142979,200,16,0.450733649256683,83.3582294849336,16.6417705150664
1980,2.01952983558187,0.401332025737013,82.9513373617049,22.6490561972226,414.756686808524,201,16,0.454993847947363,83.2329028794495,16.7670971205505
1980,2.01377729890472,0.400145794584413,83.2639163299613,22.6748849281715,416.319581649806,202,16,0.460083453887884,83.0975107488805,16.9024892511195
1980,2.00852133069079,0.399047978329907,83.5743194288176,22.7004670746873,417.871597144088,203,16,0.466135028046275,82.9533526459256,17.0466473540744
1980,2.00382240139736,0.39804938407021,83.882453492686,22.725796802252,419.41226746343,204,16,0.473296233690937,82.8018614314398,17.1981385685601
1980,1.99964415543355,0.397162616732415,84.1882079206624,22.7508668948109,420.941039603312,205,16,0.47981980396884,82.6445703154599,17.3554296845401
1980,1.99599591956001,0.396401559101432,84.4918142979943,22.7756981464178,422.459071489972,206,16,0.484564335885367,82.483035294797,17.516964705203
1980,1.99300427757002,0.395780597954849,84.7937343511894,22.800329882678,423.968671755947,207,16,0.488457252740167,82.3188224178072,17.6811775821928
1980,1.99079559123961,0.395313809943671,85.0942696277384,22.8247880106936,425.471348138692,208,16,0.492499453820159,82.1535372356554,17.8464627643446
1980,1.98949249608297,0.395014593242488,85.3935467599893,22.849083994033,426.967733799946,209,16,0.49772536737752,81.9888080539388,18.0111919460612
1980,1.98905574179797,0.394895378653512,85.6915100183318,22.8732144289404,428.457550091659,210,16,0.502236728421445,81.8262699092615,18.1737300907385
1980,1.98951125614571,0.394976319976418,85.9884754775181,22.8972059412717,429.942377387591,211,16,0.504551743126735,81.6726643140859,18.3273356859141
1980,1.87192328825916,0.371627142969176,86.2850607477041,22.9211091703813,431.42530373852,212,15,0.493833177654083,81.029507091266,18.970492908734
1981,3.14446049374898,0.627651188218963,54.5,19.9420239553624,272.5,141,24,0.264895705524946,88.0853892336035,11.9146107663965
1981,3.14298715506991,0.627287492089066,55.075886372279,20.0056453150447,275.379431861395,142,24,0.26931253304018,87.9498047060356,12.0501952939644
1981,3.14027543168141,0.626678150053569,55.6505929821302,20.0686757749889,278.252964910651,143,24,0.273729966817009,87.8157926513476,12.1842073486524
1981,3.13632667344326,0.625820857338659,56.2238719425623,20.1310992824848,281.119359712811,144,24,0.278233231396515,87.6830051079275,12.3169948920725
1981,3.1309734260953,0.62471033244206,56.7954585891829,20.1928984105986,283.977292945915,145,24,0.281878190374809,87.551035505645,12.448964494355
1981,3.12411602115896,0.623338684196709,57.3652435917272,20.2540728113417,286.826217958636,146,24,0.284218219128866,87.4193890449914,12.5806109550086
1981,3.11579107382879,0.621687964469094,57.9331870084025,20.3146294889482,289.665935042013,147,24,0.286076973964082,87.2883889111388,12.7116110888612
1981,3.10614482221184,0.619762391160613,58.4990914861942,20.374558612196,292.495457430971,148,24,0.28830739646694,87.1555645357787,12.8444354642213
1981,3.09518851368827,0.617539794082125,59.0626183290324,20.4338357605211,295.313091645162,149,24,0.291779531493929,87.0212583622473,12.9787416377527
1981,3.08287436561658,0.615005173767005,59.6232570797282,20.4924192281404,298.116285398641,150,24,0.296749044353552,86.884850148844,13.115149851156
1981,3.24597284421439,0.647441232072609,60.1804365909167,20.5502620616115,300.902182954584,151,24,0.304101435712034,87.0933028952426,12.9066971047574
1981,3.2292460399179,0.644009539546525,60.7687627084753,20.6109346180358,303.843813542377,152,24,0.30987621084923,86.9453607601664,13.0546392398336
1981,3.21049419498463,0.640202352064504,61.3525856191413,20.6707393995561,306.762928095707,153,24,0.314717740498474,86.7933363455404,13.2066636544596
1981,3.18956224212488,0.636011603681634,61.931686844733,20.7296699372323,309.658434223665,154,24,0.317711483214518,86.6368320919339,13.3631679080661
1981,3.16638273546717,0.631439293073764,62.5059998009856,20.7877351132387,312.529999004928,155,24,0.318183939155473,86.4764803006279,13.5235196993721
1981,3.14109339529099,0.626484534382552,63.0755791129379,20.8449555953116,315.37789556469,156,24,0.317140019795621,86.3098635401717,13.6901364598283
1981,3.11400470055166,0.621167249770395,63.640305965326,20.9013341491604,318.20152982663,157,24,0.316145632821764,86.1365952952279,13.8634047047721
1981,3.08550801478557,0.615525891988221,64.1998104562116,20.9568485128877,320.999052281058,158,24,0.316713895992556,85.9566525300078,14.0433474699922
1981,3.05611151890267,0.609623159983092,64.753498333779,21.011454771394,323.767491668895,159,24,0.32040718010122,85.7705151541794,14.2294848458206
1981,3.02627023817625,0.603552025030601,65.3005645112883,21.065089290341,326.502822556442,160,24,0.327339868385996,85.579334266785,14.420665733215
1981,2.99642179312431,0.597441297438768,65.8402720358098,21.1176963545505,329.201360179049,161,24,0.336074171932225,85.385065501468,14.614934498532
1981,2.96730067963624,0.591459390248417,66.3722590423196,21.1692575522198,331.861295211598,162,24,0.345837575822268,85.1905787348976,14.8094212651024
1981,2.93984709333876,0.585814560733098,66.8964650721394,21.2197836152615,334.482325360697,163,24,0.35577694750576,84.999769862666,15.0002301373339
1981,2.9151818374663,0.58075028920912,67.4131883346304,21.2693190924451,337.065941673152,164,24,0.364926654095389,84.8175301298835,15.1824698701165
1981,2.89447099170185,0.576535228304943,67.923144326059,21.3179470448933,339.615721630295,165,24,0.371408613740096,84.6495510678891,15.3504489321109
1981,2.87908254122213,0.573448727110016,68.4276573708678,21.3658062151575,342.138286854339,166,24,0.374660552862414,84.5019307241679,15.4980692758321
1981,2.87049710339718,0.571763806013196,68.9284378348667,21.4130687062277,344.642189174334,167,24,0.375617922738385,84.3807063636386,15.6192936363614
1981,2.8645401657083,0.570627932925952,69.4273051014895,21.4599132785753,347.136525507447,168,24,0.37528816615861,84.2819800221142,15.7180199778858
1981,2.85626838309453,0.569035278830845,69.9250421442598,21.5064184971457,349.625210721299,169,24,0.374710005805659,84.1975320482287,15.8024679517713
1981,2.84592378869847,0.567010314022343,70.4212355123246,21.5525504018484,352.106177561623,170,24,0.375047024815838,84.1266349518002,15.8733650481998
1981,2.8336554019684,0.56457439792348,70.9152874454194,21.598258674539,354.576437227097,171,24,0.376720935503013,84.0685583867746,15.9314416132254
1981,2.81952870720675,0.561746597899708,71.4065456478725,21.6434889414089,357.032728239363,172,24,0.379460462233211,84.0225474969895,15.9774525030105
1981,2.80359728641759,0.558544445530874,71.8944251806731,21.6881939937131,359.472125903365,173,24,0.382953559056539,83.9878032536435,16.0121967463565
1981,2.7859148428603,0.554984619078724,72.3784142353225,21.7323341231304,361.892071176613,174,24,0.386923800008591,83.9634836833121,16.0365163166879
1981,2.76661165754964,0.551083592088798,72.8580670341887,21.7758762840756,364.290335170944,175,24,0.391900714173585,83.9487077608106,16.0512922391894
1981,2.74579001528192,0.546858209946428,73.332857955134,21.8187807701403,366.66428977567,176,24,0.398139691328394,83.9425829288843,16.0574170711157
1981,2.72345590793546,0.542326310511628,73.8022307619934,21.8610057620451,369.011153809967,177,24,0.404804442891705,83.9441994127408,16.0558005872592
1981,2.69962325696682,0.537507402785195,74.2657976830666,21.9025251408887,371.328988415333,178,24,0.410971630563196,83.9526009921294,16.0473990078706
1981,2.67432042334256,0.53242328138528,74.723358405759,21.9433298155969,373.616792028795,179,24,0.415662636111348,83.9667875728296,16.0332124271704
1981,2.64763968494431,0.527098621672049,75.174914018658,21.9834285832699,375.87457009329,180,24,0.418411140620076,83.9857193072283,16.0142806927717
1981,2.61979356657261,0.521561486332964,75.6205773326556,22.0228398397225,378.102886663278,181,24,0.419977687151929,84.0083373977004,15.9916626022996
1981,2.59100917313293,0.515843677796512,76.0603515564514,22.0615719363598,380.301757782257,182,24,0.421129831536726,84.0336038974166,15.9663961025834
1981,2.56152805180831,0.509981079002425,76.4941318116899,22.0996235211284,382.47065905845,183,24,0.422606514581143,84.0605035583469,15.9394964416531
1981,2.53161171951759,0.504013859525679,76.9217137463002,22.1369844813656,384.608568731501,184,24,0.425172945323945,84.0880427226712,15.9119572773288
1981,2.50154194032579,0.497986496239651,77.3427922767715,22.1736359985526,386.713961383857,185,24,0.429638267624536,84.1152470095049,15.8847529904951
1981,2.47153604398396,0.491947570146043,77.7569568528368,22.2095502922562,388.784784264184,186,24,0.435780931939967,84.1411557814856,15.8588442185144
1981,2.44177374783112,0.485949459903706,78.1638847118167,22.2447074349675,390.819423559083,187,24,0.442601222791409,84.164783623761,15.835216376239
1981,2.41245710077789,0.480047781226528,78.5634889886898,22.2791079194797,392.817444943449,188,24,0.449071355573519,84.1850859710853,15.8149140289147
1981,2.38380172265491,0.474300496056567,78.9559287927289,22.312773152241,394.779643963645,189,24,0.45407572828941,84.200941307892,15.799058692108
1981,2.35607901188317,0.468767622838308,79.3416294809373,22.3457468281143,396.708147404686,190,24,0.457066446424205,84.21145424797,15.78854575203
1981,2.32966687375723,0.463512554260915,79.7211802670987,22.3780858640117,398.605901335494,191,24,0.458800292372353,84.2170483639621,15.7829516360379
1981,2.30488606631063,0.458588407104348,80.0950945839733,22.409839891775,400.475472919866,192,24,0.46003170183877,84.2143608237491,15.7856391762509
1981,2.28206694736055,0.454050789508831,80.4637991237584,22.4410504790275,402.318995618792,193,24,0.461514005758244,84.2018834047021,15.798116595298
1981,2.26152416480698,0.449952682792494,80.8276359799565,22.471751460767,404.138179899782,194,24,0.464002680548344,84.1780234969108,15.8219765030892
1981,2.24356435018169,0.446344776166502,81.1868590773925,22.5019687778728,405.934295386963,195,24,0.468351131427456,84.1411413424271,15.8588586575729
1981,2.11558541364138,0.420832895063973,81.5416129845366,22.5317188372293,407.708064922683,196,24,0.470787839276134,83.7037977202714,16.2962022797286
1981,2.10413647856789,0.418498877691452,81.870276156105,22.5592005042432,409.351380780525,197,24,0.477100537885476,83.6356614559504,16.3643385440496
1981,2.09566728630464,0.416766203349746,82.1953798064735,22.5863089926563,410.976899032368,198,24,0.482772979080155,83.5490975830006,16.4509024169994
1981,2.08909561219557,0.415432034350465,82.5176478720765,22.6131073832348,412.588239360383,199,24,0.486672593428939,83.4463286058546,16.5536713941454
1981,2.08271691601816,0.414156563840203,82.8378143441532,22.639658878905,414.189071720766,200,24,0.488804851337171,83.3316830682624,16.6683169317376
1981,2.07673810636169,0.412968510790719,83.1562711962211,22.6659977378627,415.781355981105,201,24,0.490236313143693,83.2057470021557,16.7942529978443
1981,2.07118898754547,0.411871388735687,83.4732384627647,22.6921436793454,417.366192313823,202,24,0.491171070668207,83.0696110716812,16.9303889283188
1981,2.06611906931604,0.410872568506047,83.7889013156037,22.7181133425375,418.944506578018,203,24,0.491825124577789,82.9245367096249,17.0754632903751
1981,2.06159011849539,0.409982124520367,84.1034116237057,22.7439204573489,420.517058118528,204,24,0.492395029141606,82.7719189629141,17.2280810370859
1981,2.05769861002367,0.409211856022774,84.4168942944086,22.769576402501,422.084471472043,205,24,0.493547554644012,82.6132523798507,17.3867476201493
1981,2.05453813465714,0.408574403747061,84.7293601722748,22.7950831363853,423.646800861374,206,24,0.495832429705046,82.4501134796689,17.5498865203311
1981,2.05217503831922,0.408082653267572,85.0407288733578,22.8204351754174,425.203644366789,207,24,0.499297495476557,82.2841330396898,17.7158669603101
1981,2.0506748061796,0.407749347820781,85.3509237161558,22.8456273885099,426.754618580779,208,24,0.503994576352009,82.1169619021253,17.8830380978747
1981,2.05009881094653,0.407586718252529,85.6598707528838,22.8706549135463,428.299353764419,209,24,0.509953836326173,81.9502518574844,18.0497481425156
1981,2.05049883871685,0.407606179224293,85.9675022791529,22.8955134365722,429.837511395765,210,24,0.517107650200244,81.7856370966911,18.2143629033089
1981,2.05189234515493,0.407821241171776,86.2737744744777,22.9202006044716,431.368872372389,211,24,0.524521309745364,81.6266533621952,18.3733466378048
1981,1.94334631162691,0.386198239456616,86.5788339522705,22.9447293755068,432.894169761352,212,24,0.526866656998216,80.9831874567515,19.0168125432485
1982,3.14586140874845,0.627664793654593,54.5,19.9420239553624,272.5,141,24,0.273404131228636,88.0839501968614,11.9160498031386
1982,3.14417700203898,0.627300387476968,55.0744648701381,20.0054888459557,275.372324350691,142,24,0.276596774437735,87.9486468308031,12.0513531691969
1982,3.14115592718672,0.626690426631314,55.6479526054844,20.0683872336492,278.239763027422,143,24,0.279098349715792,87.8148813972664,12.1851186027336
1982,3.13684653269088,0.625832601781329,56.2203339970069,20.1307154042675,281.101669985035,144,24,0.281288553085446,87.6822841162063,12.3177158837937
1982,3.13126642229435,0.624721625957787,56.7914135632235,20.1924625945665,283.957067816118,145,24,0.283456008605463,87.5504357840106,12.4495642159894
1982,3.1243362163666,0.623341873510046,57.3609416158925,20.2536125241378,286.804708079462,146,24,0.285591351706852,87.4197528202177,12.5802471797823
1982,3.11606442276281,0.621698774071319,57.9286544613367,20.3141478498782,289.643272306684,147,24,0.287565949037059,87.2879150064449,12.7120849935551
1982,3.10633844061367,0.619773044749299,58.494315831876,20.3740545659475,292.47157915938,148,24,0.289262862643868,87.1551475361189,12.8448524638811
1982,3.09506905249966,0.617550108941854,59.0576903250395,20.4333190980203,295.288451625198,149,24,0.290560348977553,87.0209073553172,12.9790926446828
1982,3.08245037042326,0.615015206508315,59.6185490415198,20.4919288675887,298.092745207599,150,24,0.293344773059396,86.8844997550762,13.1155002449238
1982,3.24542558123879,0.647450130791741,60.1763246294788,20.5498365538709,300.881623147394,151,24,0.299977366065854,87.0920198303704,12.9079801696296
1982,3.22864702010146,0.644018317632615,60.7653661280874,20.6105855149329,303.826830640437,152,24,0.305293350231773,86.9440260910035,13.0559739089965
1982,3.20968837173483,0.640211030200165,61.3499858240092,20.6704739666627,306.749929120046,153,24,0.308555329722943,86.7919385706631,13.2080614293369
1982,3.18823161457386,0.636023700058634,61.9301583808304,20.7295149041221,309.650791904152,154,24,0.307526897143241,86.6362029754305,13.3637970245695
1982,3.16435517246458,0.631451244273651,62.5062421372429,20.7877595356948,312.531210686215,155,24,0.302905787451948,86.4755840320324,13.5244159679676
1982,3.13854495450627,0.626496518240167,63.0784715655315,20.8452452530247,315.392357827658,156,24,0.298090977540917,86.3085473523989,13.6914526476011
1982,3.11113902182658,0.621179419264657,63.6464985206809,20.9019504361235,318.232492603405,157,24,0.29475475088578,86.1347459882163,13.8652540117837
1982,3.08256273127766,0.615538353870158,64.2097080129633,20.9578275134875,321.048540064817,158,24,0.294530104476754,85.9541988668832,14.0458011331168
1982,3.05334979703979,0.609635952237747,64.7672435266022,21.0128062141663,323.836217633011,159,24,0.299094246412714,85.7674307163122,14.2325692836878
1982,3.02393010635235,0.603565097196988,65.3180198514826,21.0667954524575,326.590099257413,160,24,0.308548251572415,85.5756407573681,14.4243592426319
1982,2.99463492850736,0.597454502485285,65.8610175471897,21.1197124795185,329.305087735949,161,24,0.320990332491637,85.3808337636638,14.6191662363362
1982,2.96609912661369,0.59147250709054,66.3956637928656,21.1715193602559,331.978318964328,162,24,0.335074735495575,85.1859172038818,14.8140827961182
1982,2.93916757751808,0.585827337201237,66.9217818971776,21.2222168040916,334.608909485888,163,24,0.349222831292569,84.9948091253553,15.0051908746447
1982,2.91486935040109,0.580762501299529,67.4396798739167,21.2718515519379,337.198399369583,164,24,0.3615605924199,84.8124018055976,15.1875981944024
1982,2.89408499406973,0.576546745361769,67.9502463564742,21.3205242863371,339.751231782371,165,24,0.367293957859139,84.64435953084,15.35564046916
1982,2.8781780088965,0.573459647926571,68.4555048952344,21.368440718074,342.277524476172,166,24,0.365563955596133,84.4966597057157,15.5033402942843
1982,2.86896205823741,0.571774469342698,68.9579235188248,21.4158440258771,344.789617594124,167,24,0.360522322169986,84.3752084751014,15.6247915248986
1982,2.86259102718783,0.570638726129041,69.4595026183068,21.4629286160047,347.297513091534,168,24,0.356310324306969,84.2760766076358,15.7239233923642
1982,2.85444835789976,0.569046478494059,69.9606450868169,21.5097361448429,349.803225434084,169,24,0.356906784651569,84.1911113101724,15.8088886898276
1982,2.84470162989629,0.567021982358254,70.460034733213,21.5561480668971,352.300173666065,170,24,0.362805411732103,84.119745586057,15.880254413943
1982,2.83315671583325,0.564586377811468,70.9562901498036,21.6020421415019,354.781450749018,171,24,0.371382157035159,84.0613856821998,15.9386143178002
1982,2.81979700211325,0.561758621875189,71.4485159249853,21.6473430878173,357.242579624927,172,24,0.381736333893535,84.0153158676325,15.9846841323675
1982,2.80459832057569,0.558556140488607,71.9359934702541,21.6919931652493,359.679967351271,173,24,0.392874611413725,83.980755239975,16.019244760025
1982,2.78753617757911,0.554995520364278,72.4181980375364,21.7359532723186,362.090990187682,174,24,0.403706498549745,83.9568576178229,16.043142382177
1982,2.76833775918247,0.551093177106397,72.8948180850326,21.7792042394257,364.474090425163,175,24,0.410238471893286,83.9427118677538,16.0572881322462
1982,2.74703186836566,0.54686620418689,73.3662862179587,21.8217942115976,366.831431089794,176,24,0.411528958268984,83.9372577969397,16.0627422030603
1982,2.72402672187007,0.542332860646415,73.8332291129897,21.8637877916285,369.166145564949,177,24,0.410963453823007,83.9393869955831,16.0606130044169
1982,2.69972666222761,0.537512874752868,74.295677984039,21.9051951668378,371.478389920195,178,24,0.411968572901,83.9480781058561,16.0519218941439
1982,2.67453759383283,0.53242795589047,74.7530595910372,21.9459725032852,373.765297955186,179,24,0.418051951287814,83.9623974650639,16.0376025349361
1982,2.64843492323518,0.527102257141537,75.204180356625,21.9860216758311,376.020901783125,180,24,0.42782659635173,83.9815001475145,16.0184998524855
1982,2.62123766262206,0.521563252364828,75.648119202399,22.0252701274742,378.240596011995,181,24,0.43766598646114,84.0044873366157,15.9955126633843
1982,2.59311121880463,0.515842453034113,76.0846441739803,22.0637068984433,380.423220869901,182,24,0.447660619826197,84.0303481986232,15.9696518013768
1982,2.56424188592987,0.509975475911524,76.5135383071502,22.1013223574521,382.567691535751,183,24,0.457915094742843,84.0580732904344,15.9419267095656
1982,2.53483462119506,0.504002267483187,76.9346009856671,22.1381082841668,384.673004928336,184,24,0.468503103250513,84.0866559837513,15.9133440162487
1982,2.50495499212278,0.497967158504505,77.3476578554381,22.1740586945201,386.738289277191,185,24,0.477196700047636,84.1150900031266,15.8849099968734
1982,2.47474333621593,0.491919008805331,77.7529932741554,22.2092072230258,388.764966370777,186,24,0.482267725905264,84.1423018951664,15.8576981048336
1982,2.44452913728356,0.485910817197023,78.1512653007067,22.243619081043,390.756326503534,187,24,0.484395448314528,84.1671593417262,15.8328406582738
1982,2.4146547692007,0.47999875732975,78.5430620322017,22.2773523981377,392.715310161008,188,24,0.484331418477676,84.1885239322363,15.8114760677637
1982,2.38547361158487,0.474241210291674,78.9288897255098,22.3104573663417,394.644448627549,189,24,0.482905257203337,84.205232925311,15.794767074689
1982,2.35751045608225,0.46870136028774,79.3091593851128,22.3429752614069,396.545796925564,190,24,0.483248882195548,84.2176375186697,15.7823624813303
1982,2.33111517560932,0.463436352507673,79.6837605871765,22.374902352708,398.418802935883,191,24,0.486410055271289,84.2238706915813,15.7761293084187
1982,2.30640450836887,0.458501550015295,80.0524433364693,22.4062230355709,400.262216682346,192,24,0.489963128526209,84.2218403749042,15.7781596250958
1982,2.28350124737727,0.453952495302954,80.415466124447,22.4369648080819,402.077330622235,193,24,0.491397528650537,84.210064493144,15.789935506856
1982,2.2625263765634,0.449842754233822,80.7736141155753,22.4671991295403,403.868070577876,194,24,0.488231778739202,84.1868983517667,15.8131016482333
1982,2.24391874125559,0.446224331964038,81.1281929549908,22.4970402454747,405.640964774954,195,24,0.483302836063217,84.1505768538307,15.8494231461693
1982,2.11539244187398,0.420712365465597,81.4800286416426,22.5265607850117,407.400143208213,196,24,0.477426577129361,83.7123732452801,16.2876267547198
1982,2.10351878387039,0.418372731712134,81.8073268035492,22.5539428602021,409.036634017746,197,24,0.477085345627818,83.644359255208,16.355640744792
1982,2.0947906162114,0.41663880760269,82.1323113424662,22.5810559329773,410.661556712331,198,24,0.478421444452311,83.5577715736251,16.4422284263749
1982,2.08813728565949,0.415302835000287,82.4552758001128,22.607926496874,412.276379000564,199,24,0.481024525530807,83.4549280047921,16.5450719952079
1982,2.08196283580033,0.414026108247474,82.7763816513079,22.6345698006347,413.881908256539,200,24,0.486792686084908,83.3401937056087,16.6598062943913
1982,2.07642997521685,0.412836549919471,83.0950915568863,22.6609431682029,415.475457784432,201,24,0.49626521670972,83.2142777921476,16.7857222078524
1982,2.01373634722836,0.400274931654619,83.4107928743999,22.6869981585598,417.053964372,202,16,0.449050969101567,83.078381012612,16.921618987388
1982,2.00859703478,0.399176041119736,83.7233907356734,22.712729384875,418.616953678367,203,16,0.457006737091865,82.9338063175271,17.0661936824729
1982,2.00370761974196,0.398175397249742,84.0333619346761,22.7381783661912,420.166809673381,204,16,0.460891875499226,82.7819133663139,17.2180866336862
1982,2.05841321375594,0.409064884653002,84.3415705009687,22.7634178462212,421.707852504843,205,24,0.519984335911032,82.6241064738736,17.3758935261264
1982,2.05498815097217,0.408424249806199,84.6488938755818,22.7885209114661,423.244469377909,206,24,0.517699027513221,82.4618520596558,17.5381479403442
1982,2.05223429012846,0.407931129025516,84.9559813621096,22.8135413410679,424.779906810548,207,24,0.514073321260498,82.2966845773091,17.7033154226909
1982,2.05025455637528,0.407598652593934,85.2632351437223,22.8385123136099,426.316175718611,208,24,0.509824107192401,82.1301877279355,17.8698122720645
1982,2.04914778181155,0.407439236888467,85.5709345980853,22.863456732056,427.854672990427,209,24,0.505645266687721,81.9639589930287,18.0360410069713
1982,2.04913288033233,0.407464290897344,85.8792400830717,22.8883876581325,429.396200415359,210,24,0.50451213505591,81.7995916265145,18.2004083734855
1982,2.05037150820492,0.407692256118997,86.1877606650914,22.9132736105624,430.938803325457,211,24,0.507664856752085,81.6439201928946,18.3560798071054
1982,1.94189956483718,0.386081091794554,86.4958897210756,22.9380660888154,432.479448605378,212,24,0.509340791590187,80.99801797859,19.00198202141
1983,3.14425337016321,0.627664793654593,54.5,19.9420239553624,272.5,141,24,0.263173047207202,88.0839501968614,11.9160498031386
1983,3.14274071800281,0.627300564378756,55.0761894792253,20.0056786785894,275.380947396127,142,24,0.267328667543594,87.9483324625879,12.0516675374121
1983,3.13994048748968,0.626690756596381,55.6512435738283,20.068746870426,278.256217869142,143,24,0.271157229266809,87.8142819261647,12.1857180738353
1983,3.1357165987966,0.625833065050616,56.2249700908203,20.1312184315998,281.124850454101,144,24,0.273831339793125,87.6814404191618,12.3185595808382
1983,3.13006194831507,0.624722224641673,56.7973150970807,20.1930984257816,283.986575485403,145,24,0.275438622251129,87.5493630329093,12.4506369670907
1983,3.12302889396227,0.623342635662406,57.3682057110228,20.2543897274509,286.841028555114,146,24,0.276814659906521,87.4184342186225,12.5815657813775
1983,3.11467590616327,0.621699735905048,57.9374124029156,20.3150784656149,289.687062014578,147,24,0.278162876438829,87.2863275262126,12.7136724737874
1983,3.10493791830551,0.619774249222667,58.5046766499156,20.3751480617008,292.523383249578,148,24,0.279692176227495,87.1532723579961,12.8467276420039
1983,3.09377447321566,0.617551597767193,59.0696851327601,20.4345766069376,295.348425663801,149,24,0.281627001722504,87.0187398071396,12.9812601928604
1983,3.08121099331223,0.61501700925424,59.6320715504416,20.493337217107,298.160357752208,150,24,0.284663646536362,86.882059890827,13.117940109173
1983,3.24403476997443,0.647452053086646,60.191335426363,20.5513897803035,300.956677131815,151,24,0.290529239636038,87.0893812941346,12.9106187058654
1983,3.22723350390793,0.644020636107247,60.781988315999,20.6122938264264,303.909941579995,152,24,0.295464049600751,86.9411080317209,13.0588919682791
1983,3.20849821928514,0.640213808578538,61.3682910851007,20.6723427235396,306.841455425503,153,24,0.300107090041959,86.7887285734662,13.2112714265338
1983,3.18768935356235,0.636026953436019,61.9499151626727,20.7315186421352,309.749575813364,154,24,0.303609340801958,86.6327416389289,13.3672583610711
1983,3.16482629308805,0.631454877441337,62.5266738687708,20.7898183921261,312.633369343854,155,24,0.306236903478339,86.472006826821,13.527993173179
1983,3.1400303013483,0.626500308229412,63.0983311795185,20.8472337963929,315.491655897592,156,24,0.308737795188594,86.3050713769231,13.694928623077
1983,3.11337214096444,0.621183083777254,63.664525720019,20.9037442763405,318.322628600095,157,24,0.310892231395166,86.1315903922088,13.8684096077912
1983,3.08501711305457,0.615541626211879,64.2249542256711,20.9593353618501,321.124771128355,158,24,0.31247761070547,85.9515285556092,14.0484714443908
1983,3.05525150558916,0.60963867799613,64.7793910133785,21.0140004023039,323.896955066892,159,24,0.31325345957833,85.7653008909877,14.2346991090122
1983,3.02464054710029,0.603567347237454,65.3277157532998,21.0677430354838,326.638578766499,160,24,0.313952327547443,85.5739381605478,14.4260618394523
1983,2.99394861275069,0.597456580457818,65.8697746520044,21.1205633942665,329.348873260022,161,24,0.315499250038417,85.3792930038197,14.6207069961803
1983,2.96401569484019,0.591474838969319,66.4053817851805,21.1724583325328,332.026908925902,162,24,0.317900279170122,85.1842035134686,14.8157964865314
1983,2.93587807588371,0.585830397834963,66.9345180183372,21.2234406245019,334.672590091686,163,24,0.321140951924174,84.9925579397074,15.0074420602926
1983,2.91075194916032,0.580766732233998,67.4573743669296,21.2735426713398,337.286871834648,164,24,0.325236432493872,84.8092675988571,15.1907324011429
1983,2.88997301926485,0.576552480846271,67.9743820515022,21.322818843938,339.871910257511,165,24,0.330143985865208,84.6400782242769,15.3599217757231
1983,2.87492030108771,0.573466951716696,68.4862479776209,21.3713482866526,342.431239888104,166,24,0.33572061594002,84.4912048468085,15.5087951531915
1983,2.86692513079403,0.571783148308105,68.9939834472401,21.4192370177077,344.969917236201,167,24,0.341655777522738,84.3688192298519,15.6311807701481
1983,2.86167292370246,0.570648466894992,69.4989281291022,21.466619537567,347.494640645511,168,24,0.347591775312438,84.2691115801631,15.7308884198369
1983,2.85408354666645,0.569056961808064,70.0016303001005,21.5135538808565,350.008151500502,169,24,0.353195784809235,84.1838995659618,15.8161004340382
1983,2.84419403126708,0.567033093106186,70.5016887676736,21.5600089085225,352.508443838368,170,24,0.357647686260333,84.1124525319818,15.8875474680182
1983,2.83210692253357,0.564598295782584,70.9988737710567,21.605969872642,354.994368855284,171,24,0.360846828397363,84.05397380913,15.94602619087
1983,2.81797201066648,0.561771749737974,71.4929961890259,21.6514260053472,357.464980945129,172,24,0.363260022830448,84.0076263530591,15.9923736469409
1983,2.80193734676831,0.558571081699898,71.9838034962932,21.6963609144494,359.919017481466,173,24,0.365440069481811,83.9725530987925,16.0274469012075
1983,2.78413979635585,0.555013036830463,72.4709622191198,21.7407511150135,362.354811095599,174,24,0.367899818048434,83.9478818782394,16.0521181217606
1983,2.76480439495953,0.551114121940954,72.9540636896939,21.784566705779,364.770318448469,175,24,0.372077284804083,83.9327263615618,16.0672736384382
1983,2.74400405464674,0.546891160725975,73.4324566483827,21.8277564245972,367.162283241914,176,24,0.377952259168983,83.9262161618955,16.0737838381045
1983,2.72164418259074,0.542361979205909,73.9055084683172,21.8702715342684,369.527542341586,177,24,0.383705717400583,83.9274547241789,16.0725452758211
1983,2.6976463007826,0.537546142722011,74.3729314180084,21.9120948655023,371.864657090042,178,24,0.387430777596964,83.9354696733564,16.0645303266436
1983,2.67195070939896,0.532465595294241,74.8348034524216,21.9532419547147,374.174017262108,179,24,0.387171989163831,83.9492167462071,16.0507832537929
1983,2.64481078026758,0.527145284067515,75.2915816778324,21.9937615324613,376.457908389162,180,24,0.384212034431014,83.9675858750382,16.0324141249618
1983,2.61664411167347,0.521613439995187,75.7435173340771,22.033683270545,378.717586670386,181,24,0.381521137287875,83.9895018295057,16.0104981704943
1983,2.58764259446263,0.515901834184739,76.1903511340034,22.0729914504795,380.951755670017,182,24,0.379453043613432,84.0139736671829,15.9860263328171
1983,2.55801593234531,0.510046329197625,76.6317914252095,22.1116676998434,383.158957126047,183,24,0.378343977498404,84.0400193015695,15.9599806984304
1983,2.52799825886522,0.50408709144314,77.06752125811,22.1496916502387,385.33760629055,184,24,0.378582149518248,84.0666652134157,15.9333347865843
1983,2.49797570367417,0.4980686175734,77.4971928757105,22.1870404859551,387.485964378552,185,24,0.382074854459824,84.0929453967677,15.9070546032323
1983,2.46821877300742,0.49203934715066,77.9201542972529,22.2236653460835,389.600771486264,186,24,0.389358564026304,84.1179355852191,15.8820644147809
1983,2.43880260996376,0.486051353143626,78.3357003642303,22.2595134080576,391.678501821151,187,24,0.398514481699629,84.1407039422855,15.8592960577145
1983,2.40982999412354,0.480159989444682,78.7435247237317,22.2945667024628,393.717623618658,188,24,0.407515646122361,84.160232016991,15.839767983009
1983,2.38142008154191,0.474423045004846,79.1437469829187,22.3288437797227,395.718734914593,189,24,0.414098953506561,84.1753963639392,15.8246036360608
1983,2.3538392630058,0.468903496990739,79.5369632055864,22.3624033686927,397.684816027932,190,24,0.417380984631371,84.1865056200179,15.8134943799821
1983,2.32748385969425,0.463658968041843,79.9239994130129,22.3953227802326,399.619997065065,191,24,0.41860272261214,84.1915465772815,15.8084534227185
1983,2.30269669327058,0.458745365399436,80.3055126841092,22.4276638764228,401.527563420546,192,24,0.418526039096226,84.1882902041096,15.8117097958904
1983,2.27981726215654,0.454218250213219,80.6820762798156,22.4594805442133,403.410381399078,193,24,0.417946917187255,84.1751999138545,15.8248000861455
1983,2.25916904216799,0.450130537447982,81.0541721567945,22.4908182234772,405.270860783972,194,24,0.417660312808329,84.1506549536186,15.8493450463814
1983,2.24111863219391,0.446532826217331,81.4221879693133,22.5217138122738,407.110939846566,195,24,0.41925355796977,84.1129872495392,15.8870127504608
1983,2.11326469015082,0.421027391462573,81.786267219875,22.5521832961518,408.931336099375,196,24,0.419959112209552,83.6727017489267,16.3272982510733
1983,2.10181496765775,0.418702248272668,82.1246266502557,22.5804156721954,410.623133251278,197,24,0.424662535059726,83.6034672220607,16.3965327779393
1983,2.09336934559257,0.416979579590388,82.4597479326205,22.6082980618743,412.298739663103,198,24,0.429126300878564,83.5156614187095,16.4843385812905
1983,2.08680666499277,0.415652288199074,82.7922797383171,22.6358870490067,413.961398691586,199,24,0.432067482576894,83.4115697591566,16.5884302408434
1983,2.0804340890576,0.414382704852332,83.1229030791884,22.663241235722,415.614515395942,200,24,0.433471684837072,83.2955191011605,16.7044808988395
1983,2.07447758547398,0.413199585497735,83.4519632637508,22.690390902889,417.259816318754,201,24,0.434588479151604,83.1681003227931,16.8318996772069
1983,2.06898225294634,0.412106287102803,83.7796008716703,22.7173491684534,418.898004358352,202,24,0.435858302555205,83.0304109201575,16.9695890798425
1983,2.06401429692681,0.411109983548856,84.1058774113163,22.7441225213758,420.529387056582,203,24,0.43776221453986,82.883725428788,17.116274571212
1983,2.05965292060834,0.410220515405638,84.4307714183786,22.7707105935912,422.153857091893,204,24,0.440788895965171,82.7294593959242,17.2705406040758
1983,2.05595253797678,0.409449418408832,84.754179533186,22.7971063399448,423.77089766593,205,24,0.444910192812857,82.5691365373871,17.4308634626129
1983,2.05294650002476,0.408809223281547,85.0760149120564,22.8233041263908,425.380074560282,206,24,0.449675026474462,82.4043469773502,17.5956530226498
1983,2.05068712006431,0.408312896376955,85.3962875994057,22.8493062270263,426.981437997028,207,24,0.454890184469613,82.2367111315309,17.7632888684691
1983,2.04922546140639,0.407973304088728,85.7150567445542,22.875118856322,428.575283722771,208,24,0.460339647608325,82.0678638028651,17.9321361971349
1983,2.04861201017198,0.407802836944556,86.0324349117204,22.9007524663837,430.162174558602,209,24,0.465826355580047,81.8994338549445,18.1005661450555
1983,2.0489247494286,0.407813087485092,86.3485841712131,22.9262213792284,431.742920856065,210,24,0.47168517053292,81.7330261320798,18.2669738679202
1983,2.05023224831923,0.408023037421758,86.6636152127072,22.9515356426397,433.318076063536,211,24,0.477440086814296,81.5754271646044,18.4245728353956
1983,1.94167950800432,0.386389320596696,86.9777476372155,22.9767139171697,434.888738186077,212,24,0.477854552116269,80.9262046125391,19.0737953874609
1984,3.14574007069298,0.627664793654593,54.5,19.9420239553624,272.5,141,24,0.272618438103709,88.0839501968614,11.9160498031386
1984,3.14386579014867,0.627300401107923,55.074597741152,20.0055034715939,275.37298870576,142,24,0.274561548406543,87.9486226105064,12.0513773894936
1984,3.14084787872785,0.626690474535226,55.648430278917,20.0684394346861,278.242151394585,143,24,0.277063753941491,87.8147943855274,12.1852056144726
1984,3.1365380623547,0.625832684043062,56.2211569783525,20.1308047018339,281.105784891763,144,24,0.279232568301697,87.6821343453511,12.3178656546489
1984,3.13077213335591,0.624721744942045,56.792586044648,20.1925889213723,283.96293022324,145,24,0.280137403915523,87.5502226544094,12.4497773455906
1984,3.12367288528711,0.623342055862657,57.3626789562559,20.2537984126756,286.813394781279,146,24,0.281103234569127,87.4194374495063,12.5805625504937
1984,3.11547417728354,0.621699048995266,57.9311567523528,20.3144137524313,289.655783761764,147,24,0.283530424802433,87.287461431494,12.712538568506
1984,3.10593558326117,0.619773415911529,58.4975071687203,20.3743913986492,292.487535843602,148,24,0.286476761753519,87.1545699365883,12.8454300634117
1984,3.09484524564692,0.61755056443057,59.0613582973073,20.4337036589535,295.306791486536,149,24,0.288995150160393,87.0202445161558,12.9797554838442
1984,3.0819914096568,0.61501573152186,59.6224852761645,20.4923388436369,298.112426380823,150,24,0.290100486421202,86.8837895282891,13.1162104717109
1984,3.24417315820619,0.647450706546341,60.1808179112809,20.5503015197988,300.904089556405,151,24,0.291460011438783,87.0912300046998,12.9087699953002
1984,3.22663730366381,0.644019147469788,60.7713123746639,20.6111966657204,303.856561873319,152,24,0.291429698053751,86.9429821948807,13.0570178051193
1984,3.2073766027386,0.640212293136567,61.3583028278021,20.671323085375,306.791514139011,153,24,0.292395072097061,86.79048008024,13.20951991976
1984,3.18650487859841,0.636025526371371,61.9412450384335,20.7306393707012,309.706225192167,154,24,0.29532433920812,86.6342605908877,13.3657394091123
1984,3.164125929718,0.631453588891848,62.5194238978798,20.7890878836809,312.597119489399,155,24,0.301240131342376,86.4732761267839,13.5267238732161
1984,3.14022333371003,0.626499089206225,63.091940532437,20.8465939484362,315.459702662185,156,24,0.310177253203686,86.3061898865155,13.6938101134845
1984,3.11465065292736,0.621181734519459,63.6578858265994,20.9030835988212,318.289429132997,157,24,0.320590807676111,86.1327526562879,13.8672473437121
1984,3.08739989216587,0.6155398399874,64.216630361527,20.9585121637436,321.083151807635,158,24,0.331051503581236,85.9529864265825,14.0470135734175
1984,3.05859352644898,0.609636083646856,64.767828981661,21.0128637723255,323.839144908305,159,24,0.339949781405822,85.7673280658376,14.2326719341624
1984,3.02851378605116,0.603563579645452,65.3114829413762,21.0661565431898,326.557414706881,160,24,0.345517196935443,85.57678867353,14.42321132647
1984,2.99769325070306,0.597451412933983,65.848003631086,21.1184477911171,329.24001815543,161,24,0.346486796538995,85.3831235848595,14.6168764151405
1984,2.96713942744257,0.59146830521807,66.3781623461545,21.1698280930939,331.890811730773,162,24,0.344074355499837,85.1890036176528,14.8109963823472
1984,2.93810750090557,0.585822746170381,66.9026887234808,21.2203818271183,334.513443617404,163,24,0.340062610961998,84.9981841834723,15.0018158165277
1984,2.91201756850635,0.580758320800889,67.4222068842303,21.2701812988236,337.111034421152,164,24,0.33618443369758,84.8154970097057,15.1845029902943
1984,2.89041120858253,0.576543661901461,67.9372783898094,21.3192911994606,339.686391949047,165,24,0.334136525537162,84.6466600360423,15.3533399639577
1984,2.87492600006985,0.573457967064094,68.4484337717309,21.3677718282777,342.242168858655,166,24,0.336015174660869,84.4979144648993,15.5020855351007
1984,2.8669213991177,0.57177403306834,68.9561118141348,21.4156735242748,344.780559070674,167,24,0.341879640246125,84.3755295070213,15.6244704929787
1984,2.86190917599321,0.570639099071277,69.4610113352897,21.4630698853277,347.305056676449,168,24,0.350017231909388,84.2758100509743,15.7241899490257
1984,2.8546362448363,0.569047151770763,69.9632760372657,21.509981262341,349.816380186328,169,24,0.358644486253748,84.1906483298392,15.8093516701608
1984,2.84501595945944,0.567022601739966,70.462355694026,21.5563632346518,352.31177847013,170,24,0.36579164380401,84.1193391820921,15.8806608179079
1984,2.83298454324263,0.564586878051298,70.9580767057112,21.6022069587919,354.790383528556,171,24,0.36968293905272,84.0610746959238,15.9389253040762
1984,2.81873523568195,0.561759239574841,71.4506078705207,21.6475351506766,357.253039352603,172,24,0.371123197350054,84.014954189086,15.985045810914
1984,2.80253960489984,0.558557391794097,71.9399956662407,21.6923588688239,359.699978331204,173,24,0.371852722858602,83.9800685687825,16.0199314312175
1984,2.784661029048,0.554998109212713,72.4259928214522,21.7366622047242,362.129964107261,174,24,0.373644359284689,83.9555315110557,16.0444684889443
1984,2.7653554976634,0.551097857059137,72.9080501731698,21.7804021718653,364.540250865849,175,24,0.378300358298202,83.9404814472255,16.0595185527745
1984,2.74470219937718,0.546873381991966,73.3853093117612,21.8235086500213,366.926546558806,176,24,0.385942123891625,83.9340831448644,16.0659168551356
1984,2.72260167674216,0.542342402264066,73.8569033952722,21.8659119549254,369.284516976361,177,24,0.394780061828997,83.9354782923923,16.0645217076077
1984,2.69904305139482,0.537524345717059,74.3223036215132,21.9075737340109,371.611518107566,178,24,0.403713427742004,83.9437320794415,16.0562679205585
1984,2.67403236727277,0.532440918786489,74.7811991708823,21.9484755707992,373.905995854412,179,24,0.411562246211757,83.9578595791915,16.0421404208085
1984,2.64759170126859,0.527116705943258,75.2335164350355,21.9886202418734,376.167582175177,180,24,0.417033045338322,83.9768292426685,16.0231707573315
1984,2.61975575831662,0.52157974085544,75.6794449200485,22.0280335515464,378.397224600242,181,24,0.418687983571471,83.9995658642135,16.0004341357865
1984,2.59077213138983,0.515862026614336,76.1194686423383,22.0667666260261,380.597343211691,182,24,0.41740642609021,84.0249528553476,15.9750471446524
1984,2.56099940049072,0.509999700798104,76.5539452602487,22.1048586014841,382.769726301243,183,24,0.415259294538467,84.0519031787606,15.9480968212394
1984,2.53080904838487,0.504033102899282,76.9828899615041,22.1423180494863,384.91444980752,184,24,0.414290595358847,84.0793920876203,15.9206079123797
1984,2.50058714722197,0.498006758622017,77.4059834319264,22.1791242728383,387.029917159632,185,24,0.41655166146781,84.10645078828,15.8935492117201
1984,2.47062411848988,0.49196913410112,77.8225733137597,22.215227982556,389.112866568798,186,24,0.422816890501088,84.1321572619267,15.8678427380733
1984,2.44105596062761,0.485972311989199,78.231910469063,22.2505721692169,391.159552345315,187,24,0.431754490210441,84.1555888235198,15.8444111764802
1984,2.41204532399165,0.480071583249734,78.6335393361353,22.2851257297431,393.167696680676,188,24,0.442046011045003,84.1757513460978,15.8242486539023
1984,2.38377008643663,0.474324561277625,79.0273005875702,22.3188832016585,395.136502937851,189,24,0.452231970250163,84.1915632147663,15.8084367852337
1984,2.35644081904227,0.468793898147031,79.4133623778917,22.351866968806,397.066811889458,190,24,0.460741506348011,84.2033929182657,15.7966070817343
1984,2.33023806042355,0.463536968661378,79.7922491521625,22.3841292440571,398.961245760812,191,24,0.46578318436696,84.209269041856,15.790730958144
1984,2.30547257286066,0.458609972095412,80.1648797470967,22.4157548294716,400.824398735483,192,24,0.467547463890534,84.2069293801946,15.7930706198055
1984,2.28251997746589,0.45406896089646,80.5321970482127,22.4468293503532,402.660985241063,193,24,0.467331390879904,84.1947941580546,15.8052058419454
1984,2.26174261716697,0.44996734643991,80.8949596422975,22.4774217448889,404.474798211488,194,24,0.466534843643886,84.1712165639368,15.8287834360632
1984,2.24348290631717,0.446356181930738,81.2537185975451,22.5075826109723,406.268592987726,195,24,0.466489319378214,84.1345208789801,15.8654791210199
1984,2.11519901636339,0.420844997972703,81.6088271572045,22.5373453230692,408.044135786023,196,24,0.46369909430001,83.6956809040317,16.3043190959683
1984,2.10343956949272,0.418509443504406,81.9388293385828,22.5649229863646,409.694146692914,197,24,0.464846265690125,83.6274041265502,16.3725958734498
1984,2.0948242850748,0.41677834582846,82.2662429428816,22.5922079309597,411.331214714408,198,24,0.467749707446539,83.5405389738923,16.4594610261077
1984,2.08837670697601,0.415444087152837,82.5913454616183,22.6192254981153,412.956727308092,199,24,0.473599469917133,83.437412756274,16.5625872437261
1984,2.08245795847491,0.414167866277528,82.9139810798094,22.6459648727647,414.569905399047,200,24,0.483637829375752,83.322444575167,16.677555424833
1984,2.07716816742881,0.412977423540744,83.233417756421,22.6723677770564,416.167088782105,201,24,0.497454886007327,83.1963689932949,16.8036310067051
1984,2.01459017266419,0.40039627651469,83.5490254746524,22.6983849317403,417.745127373262,202,16,0.453738368042049,83.0603905445085,16.9396094554915
1984,2.00964288469912,0.399293952385721,83.8608532574053,22.7240233009464,419.304266287027,203,16,0.465398582090507,82.9157959208579,17.084204079142
1984,2.00495346714958,0.398288790663825,84.1693518502504,22.7493226440055,420.846759251252,204,16,0.47328925604725,82.7639513575294,17.2360486424706
1984,2.00046354451844,0.397394220235651,84.4753266775884,22.7743512610394,422.376633387942,205,16,0.474931966109031,82.6062730179109,17.3937269820891
1984,1.9961715385406,0.39662496570383,84.7800671552609,22.7992161851789,423.900335776305,206,16,0.468890449478268,82.4441768939207,17.5558231060793
1984,2.05293151036345,0.40804324081397,85.0851496036693,22.8240466924239,425.425748018346,207,24,0.517204034018076,82.2790750013447,17.7209249986553
1984,2.05048463701756,0.407705452734514,85.3919132475098,22.8489515430597,426.959566237549,208,24,0.504745415242685,82.1124211386219,17.8875788613781
1984,2.04910368160951,0.407541532937154,85.7006709689047,22.8739553975784,428.503354844524,209,24,0.496031735584525,81.9458018016999,18.0541981983001
1984,2.04907655374065,0.407562185395226,86.0108867610215,22.8990141792622,430.054433805107,210,24,0.495107167881514,81.7809014983675,18.2190985016325
1984,2.05061533865592,0.407785102135269,86.3212733744965,22.9240237948225,431.606366872482,211,24,0.504169050319614,81.6246825694057,18.3753174305943
1984,1.94265453237067,0.386166988459765,86.6301465420114,22.9488493215156,433.150732710057,212,24,0.516354802494522,80.9779873020324,19.0220126979676
1985,3.14719845658352,0.627664793654593,54.5,19.9420239553624,272.5,141,24,0.28221324045829,88.0839501968614,11.9160498031386
1985,3.14497091081299,0.627300234148715,55.0729704578592,20.0053243483897,275.364852289296,142,24,0.281856622520921,87.9489192394663,12.0510807605337
1985,3.14128808585367,0.626690187135436,55.6455650099485,20.0681263081073,278.227825049742,143,24,0.279974498164383,87.8153163176616,12.1846836823384
1985,3.13612843071209,0.625832348189844,56.2177976112617,20.1304401880766,281.088988056309,144,24,0.276523047830695,87.6827457050144,12.3172542949856
1985,3.12979979712266,0.62472145067377,56.7896866667944,20.1922765300486,283.948433333972,145,24,0.273719789323272,87.5507496949011,12.4492503050988
1985,3.12250601673073,0.623341865849947,57.3608686444875,20.2536047164007,286.804343222437,146,24,0.273377164201898,87.4197660663957,12.5802339336043
1985,3.11419101880495,0.621698994236655,57.930658287781,20.3143607844097,289.653291438905,147,24,0.274951145409556,87.2875517847801,12.7124482152199
1985,3.10467649425207,0.619773527623032,58.4984679303082,20.3744928006423,292.492339651541,148,24,0.277942355970684,87.1543960498292,12.8456039501708
1985,3.09380503102162,0.617550864325671,59.06377411825,20.4339569315902,295.31887059125,149,24,0.281837336706865,87.0198079581057,12.9801920418943
1985,3.08153909560267,0.615016216746913,59.6261246063216,20.4927178790012,298.130623031608,150,24,0.286938507658261,86.8831328820605,13.1168671179395
1985,3.2447059263742,0.647451242055788,60.1849991577166,20.5507341744955,300.924995788583,151,24,0.295050386088521,87.0904950399179,12.9095049600821
1985,3.22822438781909,0.64401964540415,60.7748820797476,20.6115635373258,303.874410398738,152,24,0.30231636678175,86.9423555244856,13.0576444755144
1985,3.20979586186362,0.640212552645555,61.3600125979955,20.6714976332319,306.800062989977,153,24,0.309312721711744,86.7901802562107,13.2098197437893
1985,3.18927040528109,0.636025330436048,61.9400551214972,20.7305186898458,309.700275607486,154,24,0.315075445489893,86.6344690607497,13.3655309392503
1985,3.16656398172027,0.631452773268793,62.5148368716118,20.7886256635465,312.574184358059,155,24,0.319074407525596,86.474079225292,13.525920774708
1985,3.14173996813562,0.626497626158311,63.0842742879293,20.8458263247991,315.421371439646,156,24,0.321584390051518,86.3075316904109,13.6924683095891
1985,3.11492327557633,0.621179773757565,63.648241528117,20.9021238937713,318.241207640585,157,24,0.322729437411646,86.1344408715987,13.8655591284013
1985,3.08633450770974,0.615537689214358,64.2066129227944,20.9575213790209,321.033064613972,158,24,0.322674596019011,85.9547409783734,14.0452590216267
1985,3.05631309249445,0.609634163008247,64.7592739139087,21.0120226572624,323.796369569543,159,24,0.321578425361207,85.7688280878758,14.2311719121242
1985,3.02542681726068,0.603562340342975,65.3061461171812,21.0656348957427,326.530730585906,160,24,0.320214370630717,85.5777258704034,14.4222741295967
1985,2.99447288154777,0.597451200721733,65.8471100168584,21.1183609435673,329.235550084292,161,24,0.319774974914533,85.3832808222714,14.6167191777286
1985,2.964377675941,0.59146921892707,66.3819670291303,21.1701957882994,331.909835145651,162,24,0.320947215735328,85.18833263554,14.81166736446
1985,2.93626322785218,0.585824640799051,66.9105664543743,21.2211389720221,334.552832271872,163,24,0.324444894857513,84.9967916216229,15.0032083783771
1985,2.91142553143932,0.580760864943502,67.4328392396987,21.2711976877163,337.164196198493,164,24,0.331054365857118,84.8136135432349,15.1863864567651
1985,2.89102175948284,0.576546405858589,67.948818261606,21.3203885009158,339.74409130803,165,24,0.339371268632183,84.6446128672216,15.3553871327784
1985,2.87625905395577,0.573460490185886,68.4590487038311,21.3687759249643,342.295243519156,166,24,0.34777553173387,84.4960308773065,15.5039691226935
1985,2.86856410986648,0.571776086824204,68.9646411889223,21.4164762062508,344.823205944612,167,24,0.35675853377057,84.3740181342282,15.6259818657718
1985,2.86371180489754,0.570640552924495,69.4668933929404,21.463620633746,347.334466964702,168,24,0.366825656593657,84.2747708394114,15.7252291605886
1985,2.85670624246036,0.569047888944868,69.9661568781429,21.5102496539871,349.830784390714,169,24,0.378577554906733,84.1901413813162,15.8098586186838
1985,2.84736284305771,0.567022417126117,70.4616638914527,21.5562991006922,352.308319457263,170,24,0.3890455950804,84.1194603173971,15.8805396826029
1985,2.83554123280052,0.564585513493418,70.9532034968766,21.6017573779832,354.766017484383,171,24,0.395513797497863,84.0619229825181,15.938077017482
1985,2.82145441054887,0.561756425968003,71.4410798809586,21.6466603481243,357.205399404793,172,24,0.398960100793716,84.0166015198462,15.9833984801538
1985,2.80530994157592,0.558552841721217,71.9254442382932,21.6910291535362,359.627221191466,173,24,0.400527066839235,83.9825652681829,16.0174347318172
1985,2.78730541524898,0.554991554905009,72.4062607615825,21.7348674788615,362.031303807913,174,24,0.401376853734661,83.9588885652448,16.0411114347552
1985,2.76759813459752,0.551089102653177,72.8833007293202,21.7781614224186,364.416503646601,175,24,0.402294878796146,83.9446533572552,16.0553466427448
1985,2.74627692702622,0.546862401118709,73.3562097992281,21.820885958319,366.781048996141,176,24,0.403323252763643,83.938939500016,16.061060499984
1985,2.72343009809241,0.542329399110367,73.8246429765269,21.8630172874678,369.123214882634,177,24,0.404443196788805,83.9408046973306,16.0591953026694
1985,2.69915319555886,0.537509685151627,74.2882766880507,21.9045338760284,371.441383440254,178,24,0.405624693353534,83.9492862898864,16.0507137101136
1985,2.67355283235446,0.532425077232503,74.7468124788304,21.9454167220586,373.734062394152,179,24,0.406835421358916,83.9634049733889,16.036595026611
1985,2.64679710309762,0.527100187628066,75.1999796861743,21.9856495260265,375.999898430871,180,24,0.408589116265987,83.9821690305674,16.0178309694325
1985,2.61909339807045,0.521562893993955,75.6474385249516,22.025210072098,378.237192624758,181,24,0.411700812654539,84.0045942831201,15.9954057168799
1985,2.59061321437294,0.515844748782792,76.0887276885643,22.0640657323837,380.443638442822,182,24,0.416403566285176,84.0297154972762,15.9702845027238
1985,2.56154857564597,0.509981373752096,76.5233735687063,22.1021832173826,382.616867843531,183,24,0.422969736026098,84.0565713495737,15.9434286504263
1985,2.53210951053418,0.504012669251578,76.9508865012323,22.1395282383769,384.754432506162,184,24,0.43167643918806,84.0842060481596,15.9157939518404
1985,2.50234545718041,0.497982850052495,77.370763416754,22.1760657316359,386.85381708377,185,24,0.440450516878486,84.1116673207355,15.8883326792645
1985,2.47238220617947,0.491940578232627,77.782925779062,22.2117977421768,388.91462889531,186,24,0.447677365004182,84.1379373986628,15.8620626013372
1985,2.4425668316427,0.485938565199914,78.1876431384526,22.2467561346626,390.938215692263,187,24,0.454356599122022,84.1619395212784,15.8380604787216
1985,2.41325680714472,0.480032568712962,78.5850545386928,22.2809609479607,392.925272693464,188,24,0.46154024678772,84.1825952293085,15.8174047706915
1985,2.38481791086288,0.474280413680581,78.9751601165617,22.3144199003933,394.875800582809,189,24,0.470369932247482,84.1988049807217,15.8011950192783
1985,2.35749576787135,0.468744575959206,79.357804845917,22.3471272220897,396.789024229585,190,24,0.479936460551873,84.2109867958507,15.7890132041493
1985,2.33142847338219,0.463482096453801,79.7330646740073,22.3790967221898,398.665323370036,191,24,0.487953775713138,84.2172338512649,15.7827661487351
1985,2.30685309166562,0.458548874692672,80.1015003836467,22.4103829922022,400.507501918233,192,24,0.493565926557944,84.2153335935247,15.7846664064753
1985,2.28401242551008,0.454000831120605,80.4638913564384,22.441058273978,402.319456782192,193,24,0.495975011828823,84.2037286410595,15.7962713589405
1985,2.26313386209141,0.449891661226189,80.8212251051803,22.4712113380988,404.106125525901,194,24,0.494340868003813,84.180744375693,15.819255624307
1985,2.24464489425958,0.446273208188474,81.1747026376008,22.5009477210675,405.873513188004,195,24,0.491335787004509,84.1446266688991,15.8553733311009
1985,2.11611540203744,0.42075877658345,81.5250759802144,22.5303340322351,407.625379901072,196,24,0.485982760966521,83.7065338986249,16.2934661013751
1985,2.10415540838689,0.418417956732453,81.850806523359,22.5575746662675,409.254032616795,197,24,0.48428762357595,83.6387520338585,16.3612479661416
1985,2.09518952633341,0.416682761096598,82.1744769727319,22.5845682780363,410.87238486366,198,24,0.481669163136659,83.5523450064678,16.4476549935322
1985,2.08811256313807,0.415346036593443,82.4968707204702,22.6113818489815,412.484353602351,199,24,0.477062975306773,83.4495725286883,16.5504274713117
1985,2.08136177662185,0.414069792643051,82.8187629835904,22.6380809475216,414.093814917952,200,24,0.472831426655777,83.3347255612313,16.6652744387687
1985,2.07526389148615,0.412882454016785,83.1401439387623,22.66466557977,415.700719693812,201,24,0.472091856139483,83.2084435549583,16.7915564450417
1985,2.06983223676801,0.411786697298875,83.4604456385578,22.6910897683148,417.302228192789,202,24,0.474854648705255,83.0719173877036,16.9280826122964
1985,2.06510000240123,0.410789127683721,83.7791007367001,22.7173080730212,418.895503683501,203,24,0.481206089264677,82.9265055787918,17.0734944212082
1985,2.06111535705464,0.409899138935939,84.0955312812822,22.743274658829,420.477656406411,204,24,0.491326813647129,82.7737001805686,17.2262998194314
1985,2.05784142484309,0.409127938696737,84.4091328416699,22.7689419946137,422.04566420835,205,24,0.503753228160141,82.6150968625697,17.3849031374303
1985,2.05521821639777,0.408488051376909,84.719586347291,22.794286288672,423.597931736455,206,24,0.516329501104149,82.4523248533664,17.5476751466336
1985,2.05326372835826,0.407992774721316,85.0269919062546,22.819318059306,425.134959531273,207,24,0.528096215005506,82.2870020477532,17.7129979522468
1985,2.05199697203586,0.407655441347301,85.3316451091994,22.8440635541145,426.658225545997,208,24,0.538024458260618,82.1207406893747,17.8792593106253
1985,1.98943311585443,0.395172890086303,85.6340511256256,22.8685656999737,428.170255628128,209,16,0.483015454262711,81.9551237902299,18.0448762097701
1985,2.05157731147341,0.407505714373623,85.9349379020326,22.8928849712493,429.674689510163,210,24,0.547738606453462,81.7916822776845,18.2083177223155
1985,2.05252753528716,0.407725319088245,86.2353005153917,22.9171027567983,431.176502576959,211,24,0.546159556132011,81.637068442833,18.362931557167
1985,1.94340834085468,0.386106858123185,86.5361604815339,22.9413017777956,432.680802407669,212,24,0.537356557023908,80.9920079407926,19.0079920592074
1986,3.14320216188654,0.627664793654593,54.5,19.9420239553624,272.5,141,24,0.25669262880008,88.0839501968614,11.9160498031386
1986,3.14144661443541,0.627300675734333,55.0772753212514,20.0057981981882,275.386376606257,142,24,0.259244044393965,87.9481345322355,12.0518654677645
1986,3.13856320866771,0.626691001525413,55.6536875164241,20.0690139347008,278.26843758212,143,24,0.262430744754907,87.8138367508898,12.1861632491102
1986,3.13454812550287,0.625833455885522,56.2288838666201,20.131643063187,281.144419333101,144,24,0.266327182652144,87.6807281838269,12.3192718161731
1986,3.12936350894203,0.624722749792575,56.8024959962764,20.1936565778692,284.012479981382,145,24,0.270894691092647,87.5484212941289,12.4515787058711
1986,3.12287385456767,0.623343259363827,57.3741556899535,20.2550262791581,286.870778449767,146,24,0.275793456177799,87.4173541855787,12.5826458144213
1986,3.11503766417675,0.621700407728102,57.943535592232,20.315729055283,289.71767796116,147,24,0.280583577778738,87.2852176560845,12.7147823439155
1986,3.10568836446473,0.619774912541549,58.5103880262631,20.3757507909323,292.551940131315,148,24,0.28477860233914,87.1522387009438,12.8477612990562
1986,3.09468657039275,0.617552198472884,59.0745292893196,20.4350844070677,295.372646446598,149,24,0.287885445602157,87.0178644602404,12.9821355397596
1986,3.0818465629406,0.615017512054614,59.6358464164864,20.4937303241408,298.179232082432,150,24,0.289073629359668,86.8813788140528,13.1186211859472
1986,3.2440241668894,0.647452439432861,60.194355392471,20.5517022355011,300.971776962355,151,24,0.290457040583243,87.0888504742299,12.91114952577
1986,3.22648862122545,0.64402105862776,60.7850205868033,20.6126054267617,303.925102934016,152,24,0.290417472926559,86.9405757294041,13.0594242705959
1986,3.2072993216107,0.640214398795757,61.3721836794207,20.6727400626105,306.860918397104,153,24,0.291850888366936,86.7880459987657,13.2119540012343
1986,3.18664156706378,0.63602782595057,61.9552191972122,20.7320565028774,309.776095986061,154,24,0.296243844451202,86.6318124289973,13.3681875710027
1986,3.16438281370464,0.631456044095714,62.5332414158862,20.7904800884622,312.666207079431,155,24,0.303035302259241,86.4708570328944,13.5291429671056
1986,3.14028071125886,0.626501665584942,63.1054503128822,20.8479465290816,315.527251564411,156,24,0.310557954791917,86.3038253972657,13.6961746027343
1986,3.11440544878303,0.621184466034677,63.6713308602066,20.9044213462846,318.356654301033,157,24,0.318661293649927,86.130399233444,13.869600766556
1986,3.08692218428299,0.615542796977177,64.2304121717609,20.9598750913351,321.152060858805,158,24,0.327187208075542,85.9505726571036,14.0494273428964
1986,3.05811732089649,0.609639327796061,64.7822880180395,21.0142851763207,323.911440090198,159,24,0.335945663987989,85.7647929726028,14.2352070273972
1986,3.02827205028306,0.6035670993795,65.3266474600874,21.0676386357133,326.633237300437,160,24,0.343377054121585,85.5741257492208,14.4258742507792
1986,2.99790569384001,0.597455102952477,65.8635477218241,21.119958340895,329.317738609121,161,24,0.348230524191786,85.3803885890587,14.6196114109413
1986,2.96790693288038,0.591471963765907,66.3934000632082,21.1713006203154,331.967000316041,162,24,0.350687688923191,85.1863164044115,14.8136835955885
1986,2.93936111440803,0.585826129298978,66.9167571557989,21.2217339294616,334.583785778995,163,24,0.350977642079914,84.9956973115655,15.0043026884346
1986,2.91353145285979,0.580761224673302,67.4343429186414,21.2713414213157,337.171714593207,164,24,0.349406505700786,84.8133471812222,15.1866528187778
1986,2.89187863140137,0.576545990858849,67.9470726841548,21.3202225260686,339.735363420774,165,24,0.346975115145547,84.6449225254367,15.3550774745633
1986,2.87596208948645,0.573459754610297,68.4559537467831,21.368483175362,342.279768733916,166,24,0.34512541234458,84.4965800590574,15.5034199409426
1986,2.86723082217279,0.57177545498146,68.9620168910533,21.4162292463277,344.810084455266,167,24,0.344604575100725,84.374483143807,15.625516856193
1986,2.86148946319109,0.570640439201306,69.4664332540651,21.4635775512263,347.332166270325,168,24,0.346166485737163,84.2748521334006,15.7251478665994
1986,2.85377564690762,0.569048714692885,69.9693841096056,21.5105503077376,349.846920548028,169,24,0.350612654112737,84.1895734852615,15.8104265147385
1986,2.84419233653574,0.567024614262031,70.4698979511955,21.5570624155134,352.349489755978,170,24,0.35790246632317,84.1180185495533,15.8819814504467
1986,2.83272030137058,0.564589385246059,70.9670319944621,21.6030330782302,354.835159972311,171,24,0.36703136900782,84.0595158834377,15.9404841165623
1986,2.81937193750921,0.561762024455213,71.4600405273712,21.6484011202686,357.300202636856,172,24,0.377338244588795,84.0133234093176,15.9866765906824
1986,2.80414823830743,0.558559991772651,71.9483125476829,21.6931187845778,359.741562738415,173,24,0.388043015327123,83.9786416504625,16.0213583495375
1986,2.78705050395426,0.554999902605408,72.4313932741057,21.7371533424981,362.156966370529,174,24,0.398304186556509,83.9546127727055,16.0453872272945
1986,2.76796645731373,0.551098191708874,72.9089964902464,21.7804878383969,364.544982451232,175,24,0.405931165727939,83.9403219396344,16.0596780603656
1986,2.7469118974165,0.546871851164479,73.3812516474939,21.8231429828392,366.90625823747,176,24,0.409937394958848,83.934760282002,16.065239717998
1986,2.72406969076159,0.542339011280702,73.8484886685989,21.8651570020946,369.242443342994,177,24,0.411167645258073,83.9368675446799,16.0631324553201
1986,2.69963158008452,0.537519435608272,74.3109050926871,21.9065555337722,371.554525463436,178,24,0.410577627684081,83.9455925653928,16.0544074346072
1986,2.67379439913739,0.532435090532853,74.7685456639263,21.9473500992647,373.842728319632,179,24,0.409112300782519,83.9599000568237,16.0400999431763
1986,2.64671794019233,0.527110692580503,75.2213055022106,21.9875386931586,376.106527511053,180,24,0.407162130917192,83.9787733988428,16.0212266011572
1986,2.61861815137455,0.521574261707677,75.6690335955496,22.0271151964171,378.345167977748,181,24,0.40558542795258,84.0012014736832,15.9987985263168
1986,2.58978044019673,0.515857520829801,76.1114504635598,22.0660622238445,380.557252317799,182,24,0.405860846747733,84.0261950341373,15.9738049658626
1986,2.56050771122809,0.509996160184665,76.54803798274,22.1043417029788,382.7401899137,183,24,0.409529039598658,84.0528051453364,15.9471948546636
1986,2.53111518549086,0.50403000084175,76.9780304908312,22.1418944909358,384.890152454156,184,24,0.418224798171762,84.0801230042109,15.9198769957891
1986,2.5015944219275,0.498002968148322,77.4003984273571,22.1786393301957,387.001992136786,185,24,0.429504497895526,84.1072779427004,15.8927220572996
1986,2.47195093883344,0.491963392167037,77.8145992904247,22.2145381808603,389.072996452123,186,24,0.440486312495121,84.1333196949787,15.8666803050213
1986,2.44251891272355,0.485963743430228,78.2206680625911,22.2496031679587,391.103340312955,187,24,0.452087624521234,84.1572015637024,15.8427984362976
1986,2.41364479154812,0.480059502824307,78.6185230917109,22.2838360450141,393.092615458554,188,24,0.465328350548369,84.1778708036476,15.8221291963524
1986,2.38568181554205,0.474308179003313,79.0079480406435,22.3172268346684,395.039740203217,189,24,0.481345534693754,84.1942508761436,15.8057491238564
1986,2.35860367802708,0.468771892596728,79.388569823011,22.3497521419444,396.942849115055,190,24,0.495112861708495,84.2067814431579,15.7932185568421
1986,2.33243871338629,0.463508015876896,79.7610153692041,22.3814737251533,398.805076846021,191,24,0.502080780993218,84.2134720825466,15.7865279174534
1986,2.3076489841564,0.458573295529888,80.1268271830296,22.4125299680118,400.634135915148,192,24,0.504596550473782,84.2119749135937,15.7880250864063
1986,2.23474000211834,0.44409899047183,80.4871707064437,22.4430255052992,402.435853532218,193,17,0.454989615714846,84.2006833419425,15.7993166580575
1986,2.21438876810424,0.440060378246025,80.8428465769158,22.473032849456,404.214232884579,194,17,0.45615745889093,84.177950148468,15.822049851532
1986,2.19645333843581,0.436490900917391,81.194211323531,22.5025862639512,405.971056617655,195,17,0.458157413561097,84.1421312362803,15.8578687637197
1986,2.06116427377838,0.40960406516593,81.5415816159071,22.5317162106127,407.707908079535,196,16,0.448866048952914,83.7043946456655,16.2956053543345
1986,2.04939328748445,0.407264852355888,81.8637449182474,22.5586551344453,409.318724591237,197,16,0.45029554056002,83.6370837071992,16.3629162928008
1986,2.04050888823961,0.405498808428545,82.1832610742273,22.5852998247647,410.916305371137,198,16,0.451755991372753,83.5512146666555,16.4487853333445
1986,2.03352040631647,0.404107018840096,82.5007011308658,22.6116999858263,412.503505654329,199,16,0.453423659643794,83.4490794075195,16.5509205924805
1986,2.02688097314905,0.402761743372173,82.8164027378181,22.6378854422506,414.08201368909,200,16,0.457025147405191,83.3350300550448,16.6649699449552
1986,2.02075251736302,0.401492017121775,83.1300488433705,22.6638316040478,415.650244216853,201,16,0.462896897615038,83.2097507416994,16.7902492583006
1986,2.01503493879315,0.400301716798822,83.4412875007467,22.6895112531747,417.206437503734,202,16,0.469051949228505,83.074411128494,16.925588871506
1986,2.00964868237964,0.399199002832242,83.7501441445937,22.7149284563749,418.750720722968,203,16,0.473364253918261,82.9303000397484,17.0696999602516
1986,2.00453221052846,0.398195163223243,84.0570535087974,22.7401207777034,420.285267543987,204,16,0.473665038715424,82.778783147436,17.221216852564
1986,1.999889098284,0.39730358243515,84.3628717646027,22.7651598496057,421.814358823014,205,16,0.472325303747406,82.621265531222,17.378734468778
1986,1.99594947227664,0.396538191484509,84.6680215769813,22.7900812164605,423.340107884906,206,16,0.472179931568033,82.4592738480756,17.5407261519244
1986,1.99270218601192,0.395912814789603,84.9724046482418,22.814877676887,424.862023241209,207,16,0.471801180515458,82.2944448535577,17.7055551464423
1986,2.05137379476289,0.407609421742236,85.2762060013144,22.8395650938689,426.381030006572,208,24,0.530110762745818,82.1283962321515,17.8716037678485
1986,2.05017254859801,0.407446443433727,85.5800716218738,22.8641964910823,427.900358109369,209,24,0.524286452517362,81.9626797639963,18.0373202360037
1986,2.04992608299535,0.407468466130421,85.8848535718592,22.8888410106532,429.424267859296,210,24,0.518975455164525,81.7987943637318,18.2012056362682
1986,2.05093318378084,0.407694258721196,86.1906399733294,22.9135055692848,430.953199866647,211,24,0.518007573324098,81.6435051513429,18.3564948486571
1986,1.94222400301478,0.386081682379517,86.4968127391285,22.9381402635446,432.484063695642,212,24,0.515697936196239,80.9978802096769,19.0021197903231
1987,3.14573817819781,0.627664793654593,54.5,19.9420239553624,272.5,141,24,0.27260620164129,88.0839501968614,11.9160498031386
1987,3.1443827971638,0.627300401320154,55.0745998099454,20.005503699314,275.372999049727,142,24,0.277951013171128,87.948622233398,12.051377766602
1987,3.14197420321392,0.626690417128866,55.6478578561542,20.0683768792298,278.239289280771,143,24,0.284576457767017,87.8148986565737,12.1851013434263
1987,3.13858123279795,0.62583249914069,56.2193072815794,20.1306039992632,281.096536407897,144,24,0.293137794636272,87.6824709643829,12.3175290356171
1987,3.13386122370854,0.624721316384148,56.7883639430134,20.1921340104601,283.941819715067,145,24,0.301534646060471,87.5509901376377,12.4490098623623
1987,3.12746090688465,0.623341228028065,57.354795239426,20.2529548547002,286.77397619713,146,24,0.307716888537126,87.4208685572434,12.5791314427566
1987,3.1195267003364,0.621697680372434,57.9187079388041,20.3130908170216,289.593539694021,147,24,0.312421955394028,87.2897179926076,12.7102820073924
1987,3.11007924598012,0.619771388571628,58.4800906030086,20.3725529947443,292.400453015043,148,24,0.316460397733135,87.1577222401079,12.8422777598921
1987,3.0991617371232,0.617547756937715,59.0387738093968,20.4313355708867,295.193869046984,149,24,0.320699242805603,87.0243259002216,12.9756740997784
1987,3.0866281776916,0.615011984027865,59.5944233665553,20.4894156608004,297.972116832777,150,24,0.324585392787414,86.8888530493985,13.1111469506015
1987,3.24944832653897,0.647446338606267,60.1467865023211,20.5467793385146,300.733932511605,151,24,0.329063513917255,87.0972123400782,12.9027876599218
1987,3.23214101978182,0.644013485925287,60.7308154618501,20.6070335982531,303.65407730925,152,24,0.331009990096643,86.9500920970916,13.0499079029084
1987,3.21288208275706,0.640205095938257,61.3109908033638,20.6664917269023,306.554954016819,153,24,0.332404585699743,86.798777427782,13.201222572218
1987,3.19169678970702,0.636016579895322,61.8870324567019,20.7251395133844,309.435162283509,154,24,0.333603260225748,86.6437594029283,13.3562405970717
1987,3.16867682440693,0.631442749801042,62.4585942136813,20.7829563460167,312.292971068407,155,24,0.335528543446801,86.4839273310726,13.5160726689274
1987,3.14388395803703,0.626486319538434,63.0251636966671,20.8399053770136,315.125818483336,156,24,0.338596536350982,86.3178789737219,13.6821210262781
1987,3.11735152227425,0.62116712337283,63.586157663245,20.8959434950379,317.930788316225,157,24,0.34232289828044,86.1453100155918,13.8546899844082
1987,3.08920797713707,0.615523592335934,64.1410964077399,20.9510387450525,320.7054820387,158,24,0.346207814716276,85.9662178542269,14.0337821457731
1987,3.05970533834157,0.609618494874998,64.6896258817358,21.0051721356776,323.448129408679,159,24,0.349723387615628,85.7810418555591,14.2189581444409
1987,3.02926618259239,0.603544984178431,65.2315480217423,21.0583401988128,326.157740108711,160,24,0.352456819165687,85.5908280899651,14.4091719100349
1987,2.9986034482425,0.597432102438851,65.7668318408023,21.1105556067561,328.834159204011,161,24,0.354943235030881,85.3974086303164,14.6025913696835
1987,2.96865579160137,0.59144841435901,66.2954819152912,21.16183399442,331.477409576456,162,24,0.358004088692848,85.2035874846176,14.7964125153824
1987,2.940556388271,0.58580222861822,66.8175262628923,21.2121927185075,334.087631314461,163,24,0.362477938609968,85.0132414576911,14.9867585423089
1987,2.91561432250048,0.580736950831645,67.3330518254524,21.2616542154011,336.665259127262,164,24,0.369279396034876,84.831293725579,15.168706274421
1987,2.8950089378386,0.576521021553039,67.8422244398131,21.3102477791666,339.211122199065,165,24,0.376940396113029,84.6635264558784,15.3364735441216
1987,2.87998038610604,0.573433516096493,68.3457394242816,21.358052068733,341.728697121408,166,24,0.383890938701036,84.5161417757123,15.4838582242877
1987,2.87197325800048,0.571747198948002,68.8448541225302,21.4051969470082,344.224270612651,167,24,0.390806444272556,84.3952491345489,15.6047508654511
1987,2.8667750926806,0.570609381600142,69.3409797012409,21.4518239851614,346.704898506204,168,24,0.398393559348084,84.2970225026826,15.7029774973174
1987,2.85940501172898,0.569014155938918,69.8345434915494,21.4979801088976,349.172717457747,169,24,0.407465399693101,84.2133082905136,15.7866917094865
1987,2.84975569293468,0.566985837264113,70.3248140197297,21.543603714235,351.624070098649,170,24,0.415629863690064,84.1434301551447,15.8565698448553
1987,2.83776555095749,0.5645457730666,70.8115167734282,21.588676564569,354.057583867141,171,24,0.420947262620735,84.0865946072068,15.9134053927932
1987,2.82366107325683,0.561713142277254,71.2947528626361,21.6332152581709,356.47376431318,172,24,0.424736103048626,84.0419093084016,15.9580906915984
1987,2.80766208141333,0.558505531739783,71.7744049914875,21.6772160408799,358.872024957437,173,24,0.428431822037949,84.0084897531891,15.9915102468109
1987,2.78998096619006,0.554939596508142,72.2501127414371,21.7206530282676,361.250563707186,174,24,0.433525511293694,83.985464721793,16.014535278207
1987,2.77075935376922,0.551031682105059,72.7212599573308,21.7634775595241,363.606299786654,175,24,0.44080461964095,83.9719792434963,16.0280207565036
1987,2.74996036700351,0.546798469307101,73.1871013268679,21.8056301180148,365.93550663434,176,24,0.448952782593779,83.9671741091565,16.0328258908435
1987,2.72751214337577,0.542257721175434,73.6471474453254,21.8470751538101,368.235737226627,177,24,0.456019013136949,83.9701240717209,16.0298759282791
1987,2.70335838299605,0.537428963932043,74.1012847409704,21.8878112674551,370.506423704852,178,24,0.459953282719061,83.9798240183792,16.0201759816208
1987,2.67746169656317,0.532334137080018,74.5497983917739,21.9278725121134,372.74899195887,179,24,0.458692421260224,83.9951930366962,16.0048069633038
1987,2.65012706057893,0.526998226100594,74.9933787306468,21.9673282292585,374.966893653234,180,24,0.454426983065563,84.015082155443,15.984917844557
1987,2.62177233609996,0.521449449548606,75.4323389676216,22.0062131942367,377.161694838108,181,24,0.450682041453572,84.0384066318383,15.9615933681618
1987,2.59255606833489,0.515719526041929,75.8663708675287,22.0445068279408,379.331854337644,182,24,0.44744231161739,84.0641845036855,15.9358154963145
1987,2.56265490989152,0.509844318382316,76.2952009674932,22.0821918537328,381.476004837466,183,24,0.444661461212118,84.091432753616,15.908567246384
1987,2.53227178232778,0.503864065237397,76.7186004080454,22.1192550806184,383.593002040227,184,24,0.442352262699354,84.119167492455,15.880832507545
1987,2.50185662981976,0.497823427136031,77.1363783658523,22.1556867436797,385.681891829262,185,24,0.443503188190257,84.1464040756709,15.8535959243291
1987,2.47176297738248,0.491770922994487,77.547836318235,22.1914331076986,387.739181591175,186,24,0.449759445979644,84.1722322100721,15.8277677899279
1987,2.44206437096968,0.485758584805767,77.9520174211731,22.226418803849,389.760087105865,187,24,0.458880246628403,84.1957647459687,15.8042352540313
1987,2.41286088423701,0.479841786875448,78.34842771891,22.2606092692692,391.74213859455,188,24,0.468541214100957,84.216018398773,15.783981601227
1987,2.38427287085113,0.474078416219887,78.7370581604282,22.2940118772249,393.685290802141,189,24,0.476218896478159,84.2318972066925,15.7681027933075
1987,2.35659570727304,0.468531649808819,79.1184284628181,22.3266789565557,395.59214231409,190,24,0.481380689593495,84.2437285470001,15.7562714529999
1987,2.33021351423084,0.463259298249562,79.4932239365794,22.3586761034573,397.466119682897,191,24,0.485304196788956,84.2495333982814,15.7504666017186
1987,2.30541396221154,0.458317503684364,79.8619511890319,22.3900527505112,399.309755945159,192,24,0.488000269320632,84.2471210447683,15.7528789552317
1987,2.28248142131553,0.453762268553176,80.2251721871016,22.4208622821155,401.125860935508,193,24,0.489452576783123,84.2349763249313,15.7650236750687
1987,2.26168887014417,0.4496471888802,80.583509031696,22.4511624024752,402.91754515848,194,24,0.489672367461312,84.2114844892165,15.7885155107835
1987,2.24331544767955,0.446023792743984,80.9376361615557,22.4810144391162,404.688180807778,195,24,0.488959027830015,84.1749695916271,15.8250304083729
1987,2.11488587997891,0.420514478535352,81.288223955598,22.5104785802201,406.44111977799,196,24,0.484842809849184,83.7372506845942,16.2627493154058
1987,2.10304759231819,0.418171309185683,81.6139416762117,22.5377733262485,408.069708381058,197,24,0.485456002117311,83.6693130972251,16.330686902775
1987,2.09439455922812,0.416435111297631,81.9371620798994,22.5647838514171,409.685810399497,198,24,0.488358698502824,83.5829014047273,16.4170985952727
1987,2.03153983085209,0.403884805245974,82.2580642325927,22.5915272823772,411.290321162964,199,16,0.43819533319914,83.4803348336045,16.5196651663954
1987,2.0252604144281,0.402543902197588,82.5764209204561,22.6179868225006,412.88210460228,200,16,0.447200994552729,83.3660090303137,16.6339909696863
1987,2.01945951894979,0.401278573650168,82.8917133195844,22.6441216988827,414.458566597922,201,16,0.458093665454576,83.2406319495947,16.7593680504053
1987,2.0140393471874,0.400092754633184,83.2036596647442,22.6699111207337,416.018298323721,202,16,0.46895471465976,83.1053630654738,16.8946369345262
1987,2.00892447198864,0.398994676213793,83.5123423662438,22.6953644777916,417.561711831219,203,16,0.477673857698926,82.961483706081,17.038516293919
1987,2.00405743215409,0.397995715328331,83.8182508062703,22.7205244656685,419.091254031351,204,16,0.482027164231876,82.8103531395798,17.1896468604202
1987,1.99943174986042,0.397109371216555,84.1223076510652,22.7454688256913,420.611538255326,205,16,0.480518493768288,82.6533690388742,17.3466309611258
1987,1.99522763649885,0.396350266623094,84.4257334778681,22.7702988527454,422.12866738934,206,16,0.475070227211689,82.4919523779421,17.5080476220579
1987,2.05206690387943,0.407734233882953,84.7294003992106,22.7950864159046,423.647001996053,207,24,0.528630979161436,82.3276062354462,17.6723937645538
1987,2.05003739051889,0.40740795821378,85.0337151431935,22.8198648213483,425.168575715968,208,24,0.522711829065262,82.1619109780802,17.8380890219198
1987,2.04911744148742,0.407256042205997,85.3387997766428,22.8446439523244,426.693998883214,209,24,0.521254450005837,81.9964825257439,18.0035174742561
1987,2.04939515926434,0.407289234136303,85.6439836946165,22.8693694528386,428.219918473082,210,24,0.524879115393815,81.8330287043862,18.1669712956138
1987,2.05087716083027,0.407525793181759,85.9484898734184,22.8939789161017,429.742449367092,211,24,0.532007039589065,81.6784359399534,18.3215640600466
1987,1.94259722303199,0.385924929533078,86.2518583895537,22.9184360823791,431.259291947768,212,24,0.538125296509692,81.0344699560255,18.9655300439744
1988,3.14628605554849,0.627664793654593,54.5,19.9420239553624,272.5,141,24,0.276171693698838,88.0839501968614,11.9160498031386
1988,3.14422630111817,0.627300339403739,55.0739962870041,20.0054372669599,275.36998143502,142,24,0.276920306067936,87.9487322462337,12.0512677537663
1988,3.14091612635101,0.62669037413473,55.6474291772841,20.0683300320879,278.23714588642,143,24,0.277512700718,87.8149767437467,12.1850232562533
1988,3.13635122061781,0.625832576364796,56.2200797401376,20.1306878159492,281.100398700688,144,24,0.277993676731626,87.6823303874169,12.3176696125831
1988,3.13051015896735,0.624721656978039,56.7917192200786,20.1924955271647,283.958596100393,145,24,0.278393616494367,87.5503802226815,12.4496197773185
1988,3.1235531671815,0.623341995991702,57.3621084974065,20.2537373762708,286.810542487033,146,24,0.280300487441065,87.4195410018293,12.5804589981707
1988,3.11560147705257,0.621699001334964,57.9307229014617,20.3143676504298,289.653614507309,147,24,0.284395969973926,87.2875400726879,12.7124599273121
1988,3.10634247754765,0.61977334829216,58.4969256704693,20.374330024814,292.484628352347,148,24,0.289290478324552,87.1546751813579,12.8453248186421
1988,3.09548776171557,0.617550432463725,59.0602954370202,20.4335922272874,295.301477185101,149,24,0.293506682825854,87.0204365846875,12.9795634153125
1988,3.08275317825073,0.61501548657518,59.6206486171995,20.492147549923,298.103243085997,150,24,0.295500932718018,86.8841209209676,13.1158790790324
1988,3.24503453471524,0.647450352361368,60.1780535251828,20.5500154632959,300.890267625914,151,24,0.297291429062035,87.0917159248718,12.9082840751282
1988,3.22752409710403,0.644018623021763,60.7675539935986,20.6108103869647,303.837769967993,152,24,0.297468772176777,86.9436419966115,13.0563580033885
1988,3.20817322861228,0.640211566072646,61.3535140095205,20.670834184104,306.767570047603,153,24,0.297868654852848,86.791319853862,13.208680146138
1988,3.18701365679308,0.63602458363242,61.9355208540652,20.7300588116151,309.677604270326,154,24,0.298873358761984,86.6352634591477,13.3647365408523
1988,3.164069980143,0.631452462883858,62.5130916969265,20.7884498016037,312.565458484633,155,24,0.300858867863231,86.4743847748259,13.5256152251741
1988,3.13937369298538,0.626497893231972,63.0856734309772,20.8459664263123,315.428367154886,156,24,0.303997129191475,86.3072867989571,13.6927132010429
1988,3.11301488142216,0.621180677268329,63.6526848598206,20.9025660627174,318.263424299103,157,24,0.308285313947594,86.1336630674882,13.8663369325118
1988,3.08518124628626,0.615539181626253,64.2135633721848,20.9582088315601,321.067816860924,158,24,0.313769208855973,85.9535236017542,14.0464763982458
1988,3.05618409312284,0.60963607147268,64.7677747424102,21.012858439888,323.838873712051,159,24,0.320525590727726,85.76733757584,14.23266242416
1988,3.02648605800393,0.603564357112457,65.3148316539709,21.0664838476611,326.574158269855,160,24,0.328643383045178,85.5762006180619,14.4237993819381
1988,2.99647402257292,0.597452913049002,65.8543215367058,21.1190617850153,329.271607683529,161,24,0.336081513504655,85.3820119232778,14.6179880767222
1988,2.96684573658772,0.591470263516143,66.3863174153059,21.1706162037897,331.931587076529,162,24,0.341489295908558,85.1875654278058,14.8124345721942
1988,2.93879208934515,0.585824817673189,66.9113020026347,21.2212096639054,334.556510013173,163,24,0.345974434442657,84.9966615996727,15.0033384003273
1988,2.91367588849356,0.580760131733672,67.4297746463596,21.2709047425816,337.148873231798,164,24,0.350732905497875,84.8141564112475,15.1858435887526
1988,2.89298157483859,0.576544848471025,67.9422680576478,21.3197656721258,339.711340288239,165,24,0.357031350254557,84.645774858357,15.354225141643
1988,2.87794370434826,0.573458186900345,68.4493585041054,21.3678593056644,342.246792520527,166,24,0.363390324881146,84.4977503704655,15.5022496295345
1988,2.86975475865135,0.571773082576413,68.9521650489018,21.415302078871,344.760825244509,167,24,0.368082634930561,84.3762288779771,15.6237711220229
1988,2.86422817648735,0.570636967916638,69.4523906802971,21.4622626580183,347.261953401486,168,24,0.371913275133388,84.2773331524096,15.7226668475905
1988,2.85640874812909,0.569043943335263,69.9507400581267,21.5088132663944,349.753700290633,169,24,0.375771225756032,84.1928543914126,15.8071456085873
1988,2.84650854905116,0.567018436205961,70.4467489948338,21.5549162997954,352.233744974169,170,24,0.380552161630494,84.122072020464,15.877927979536
1988,2.83465128785159,0.564581764214373,70.9398165848907,21.600522249604,354.699082924454,171,24,0.386474355859298,84.0642533561133,15.9357466438867
1988,2.82083646546993,0.561752953371066,71.4293230139482,21.6455807914021,357.146615069741,172,24,0.392609779063183,84.0186343057312,15.9813656942688
1988,2.80506028492706,0.558549523138701,71.9148339789527,21.6900594656018,359.574169894763,173,24,0.398000675191622,83.9843858529141,16.0156141470859
1988,2.78732000628941,0.554988180826862,72.3961059727546,21.7339437190586,361.980529863773,174,24,0.401671514486562,83.9606163341654,16.0393836658346
1988,2.76760989893408,0.551085489701913,72.8730900487378,21.7772368197672,364.365450243689,175,24,0.402574958644121,83.9463746626867,16.0536253373133
1988,2.74617648479309,0.54685852643912,73.3459455824735,21.8199606881763,366.729727912368,176,24,0.402390048549828,83.9406526231862,16.0593473768138
1988,2.72328191879888,0.542325327565193,73.8145454439247,21.8621110734648,369.072727219623,177,24,0.40298350156744,83.9424720229891,16.0575279770109
1988,2.69895357450059,0.537505446063762,74.2784415924094,21.903655059093,371.392207962047,178,24,0.403583431760112,83.9508918279644,16.0491081720356
1988,2.67323276722914,0.532420714445125,74.7373458457045,21.9445744508988,373.686729228523,179,24,0.403416966628979,83.9649317663103,16.0350682336896
1988,2.64617673395161,0.527095828661159,75.1911328643514,21.9848657125547,375.955664321757,180,24,0.4017029426453,83.9835777728621,16.0164222271379
1988,2.61814139063935,0.521558895798499,75.6398449924664,22.0245400780567,378.199224962332,181,24,0.400861680390246,84.0057873839736,15.9942126160264
1988,2.58947650128155,0.515841591437543,76.0831116945862,22.0635722301929,380.415558472931,182,24,0.403125755837958,84.030585644583,15.969414355417
1988,2.56024255185819,0.509979462311235,76.5201858806313,22.1019042141409,382.600929403157,183,24,0.407248363913837,84.0570581334814,15.9429418665186
1988,2.53052708653598,0.504012474743344,76.9505819332895,22.1395016846439,384.752909666447,184,24,0.411974897368619,84.084251864627,15.915748135373
1988,2.5004439954144,0.49798510380744,77.3740826773326,22.1763540209426,386.870413386663,185,24,0.415985847021647,84.1111756602799,15.8888243397201
1988,2.47025700336239,0.491946220352178,77.7907576257527,22.212475437416,388.953788128764,186,24,0.419466761408441,84.1367955258789,15.8632044741211
1988,2.44031839439781,0.485948515004543,78.2006919308237,22.2478811532466,391.003459654118,187,24,0.423521336120713,84.1600673757085,15.8399326242916
1988,2.41089958617787,0.480047672284754,78.6038204662995,22.2825731294033,393.019102331498,188,24,0.428078124018036,84.1799461382544,15.8200538617456
1988,2.38228090961573,0.474301573808116,79.000146685424,22.3165590437588,395.00073342712,189,24,0.433029110387239,84.1953343885641,15.8046656114359
1988,2.35476919904832,0.468772941793648,79.3897517161097,22.3498529689192,396.948758580549,190,24,0.438280053924274,84.2066198988827,15.7933801011173
1988,2.32864685743082,0.463518938389406,79.7727969056179,22.38247548505,398.86398452809,191,24,0.443780889805812,84.2118866024035,15.7881133975965
1988,2.30417578221351,0.458595160361818,80.1495100974291,22.4144524178288,400.747550487145,192,24,0.449289675014476,84.2089671907906,15.7910328092094
1988,2.2815983442524,0.454057018809453,80.5202199043049,22.4458176607304,402.601099521525,193,24,0.454260335136177,84.1963605756098,15.8036394243902
1988,2.26114783604075,0.449957550716678,80.8854126269144,22.4766178549814,404.427063134572,194,24,0.4581463376775,84.1724500180915,15.8275499819085
1988,2.24304804885137,0.446347797337937,81.245730526017,22.5069120651028,406.228652630085,195,24,0.460382717117429,84.1355423426866,15.8644576573134
1988,2.1147551357048,0.420837945465393,81.6019736047283,22.5367717613793,408.009868023642,196,24,0.457017115889571,83.6965688631817,16.3034311368183
1988,2.10285698050215,0.418503619881898,81.9332235547714,22.5644551684374,409.666117773857,197,24,0.45576154510641,83.6281266782092,16.3718733217908
1988,2.09403266472312,0.416774280096945,82.262337709812,22.5918829355585,411.31168854906,198,24,0.455023631004099,83.5410412872047,16.4589587127953
1988,2.08734198226359,0.415442512239896,82.5898272081715,22.6190994964436,412.949136040858,199,24,0.456483667797924,83.4376081240486,16.5623918759514
1988,2.08118578952457,0.414169614292192,82.9156790768907,22.6461054072675,414.578395384453,200,24,0.461882272580826,83.3222256256676,16.6777743743324
1988,2.07566517658111,0.41298332051371,83.2392123911111,22.6728460774471,416.196061955555,201,24,0.470743173322617,83.195619052538,16.8043809474619
1988,2.07065959768032,0.411886356550128,83.559861714716,22.6992770010896,417.79930857358,202,24,0.480946414196353,83.0589807976114,16.9410192023886
1988,2.06615563441131,0.410885809540423,83.8774615083858,22.7253869604311,419.387307541929,203,24,0.491699764619448,82.913620794377,17.086379205623
1988,2.0621550797718,0.409991717381306,84.1920020011501,22.751177588523,420.96001000575,204,24,0.502137108826807,82.7609609381949,17.2390390618051
1988,2.05866781191774,0.409216087690798,84.503647006119,22.776664655814,422.518235030595,205,24,0.511277539178232,82.6024988182992,17.3975011817008
1988,2.05561284621165,0.408572089890881,84.8127584914836,22.801879892735,424.063792457418,206,24,0.516251764593842,82.4397738848366,17.5602261151634
1988,2.05303210618345,0.408073694813551,85.1202560791859,22.8269000075322,425.60128039593,207,24,0.516381974847746,82.2742911828778,17.7257088171222
1988,2.05112608532601,0.407734728844975,85.4272033148223,22.8518125936861,427.136016574112,208,24,0.514105213576757,82.1075509843406,17.8924490156594
1988,2.05008955326544,0.407567972900653,85.7342164052414,22.8766681947373,428.671082026207,209,24,0.511888302147761,81.941109256995,18.058890743005
1988,2.05011051933657,0.40758491128119,86.0414571286127,22.9014801975763,430.207285643064,210,24,0.5121664909812,81.7765635023211,18.2234364976789
1988,2.05138662347073,0.40780412806117,86.3486378081796,22.9262256946918,431.743189040898,211,24,0.516888751232111,81.6207416246742,18.3792583753258
1988,1.94294386918976,0.386182965218523,86.6551205068011,22.9508538941414,433.275602534006,212,24,0.52064979324132,80.9742631297505,19.0257368702495
1989,3.14332823117993,0.627664793654593,54.5,19.9420239553624,272.5,141,24,0.257461312712966,88.0839501968614,11.9160498031386
1989,3.14185901853001,0.627300662555009,55.0771467983275,20.0057840516412,275.385733991638,142,24,0.261793660033929,87.9481579597166,12.0518420402834
1989,3.13926133969704,0.626690945815513,55.6531315515873,20.0689531818047,278.265657757936,143,24,0.26681884026894,87.8139380220706,12.1860619779294
1989,3.13548733616791,0.625833326695232,56.2275899106914,20.1315026755751,281.137949553457,144,24,0.272343510998313,87.6809636589279,12.3190363410721
1989,3.13035486145697,0.624722515757059,56.8001866212334,20.19340778712,284.000933106167,145,24,0.277369265201482,87.5488410700397,12.4511589299603
1989,3.12371037946015,0.623342902394809,57.3707496788936,20.2546618965818,286.853748394468,146,24,0.281357615673214,87.4179724377575,12.5820275622425
1989,3.11565667239464,0.621699930343285,57.939184067122,20.315266710096,289.69592033561,147,24,0.284773000591946,87.2860063973515,12.7139936026485
1989,3.10617393895868,0.619774324247117,58.505322435507,20.3752162143796,292.526612177535,148,24,0.288120347786964,87.1531554812601,12.8468445187399
1989,3.0952617920121,0.617551499443142,59.0688924854801,20.4344935130549,295.344462427401,149,24,0.291907964158626,87.0188830412648,12.9811169587352
1989,3.08281152799667,0.615016669309692,59.6295201778976,20.4930715124275,298.147600889488,150,24,0.295910737692537,86.882520225272,13.117479774728
1989,3.24560413207112,0.647451479628785,60.1868547542128,20.5509261757298,300.934273771064,151,24,0.301206378287072,87.0901688732634,12.9098311267366
1989,3.22854915706319,0.644019757532528,60.7756861100408,20.6116461683778,303.878430550204,152,24,0.304593700417722,86.9422143761401,13.0577856238599
1989,3.20954055645648,0.640212615402511,61.3604261113607,20.6715398476778,306.802130556804,153,24,0.307481284036716,86.7901077430969,13.209892256903
1989,3.1885503192003,0.636025450434489,61.9407838591315,20.7305925982898,309.703919295658,154,24,0.309808068765321,86.634341388003,13.365658611997
1989,3.16560865093231,0.631453064589381,62.5164750633402,20.788790741661,312.582375316701,155,24,0.311964131810544,86.4737924084107,13.5262075915893
1989,3.14078674648025,0.626498173808924,63.0871434591457,20.8461136234892,315.435717295728,156,24,0.314373063553266,86.3070295018998,13.6929704981002
1989,3.11416720601793,0.621180611687758,63.6523623028985,20.902533964858,318.261811514492,157,24,0.316918777824412,86.1337195305536,13.8662804694464
1989,3.08592830113929,0.615538791151307,64.2117445894521,20.9580289450642,321.05872294726,158,24,0.319497717246786,85.9538421598062,14.0461578401938
1989,3.05637011176959,0.609635439575719,64.7649596810192,21.012581677756,323.824798405096,159,24,0.321998650744779,85.7678311555067,14.2321688444933
1989,3.02590713587516,0.603563643789714,65.3117592037699,21.0661835456262,326.55879601885,160,24,0.324000459493356,85.5767401597799,14.4232598402201
1989,2.99523834250328,0.597452376573958,65.8520619089414,21.118842192013,329.260309544707,161,24,0.325904280365049,85.3824095108426,14.6175904891574
1989,2.96532725239657,0.591470150359218,66.3858461151285,21.1705706588996,331.929230575642,162,24,0.328686968884044,85.1876485427831,14.812351457217
1989,2.93733272991731,0.585825246997811,66.913087474709,21.221381259344,334.565437373545,163,24,0.333367825882181,84.9963459856667,15.0036540143333
1989,2.91258743124399,0.580761092292256,67.4337895537409,21.2712885265547,337.168947768705,164,24,0.341056461305441,84.8134452042017,15.1865547957983
1989,2.89223904466926,0.576546211450702,67.9480005284875,21.3203107487179,339.740002642437,165,24,0.35021299413534,84.6447579294014,15.3552420705986
1989,2.87745834572098,0.573459838354741,68.4563060898273,21.3685165036844,342.281530449137,166,24,0.358792236205515,84.4965175375021,15.5034824624979
1989,2.86964798033611,0.571774953727432,68.9599351173627,21.4160333360605,344.799675586813,167,24,0.367003977389499,84.3748520252212,15.6251479747788
1989,2.86456244991575,0.570638936845168,69.4603550512179,21.4630084341668,347.301775256089,168,24,0.375108335588725,84.2759260015235,15.7240739984765
1989,2.85718281063122,0.569045835387333,69.9581321936696,21.509502020379,349.790660968348,169,24,0.383395346086872,84.191553520445,15.808446479555
1989,2.84749959791068,0.567020043716113,70.4527710438249,21.5554746450022,352.263855219124,170,24,0.390527804184909,84.1210174966879,15.8789825033121
1989,2.83550241902288,0.564582947654587,70.9440416518754,21.600912088201,354.720208259377,171,24,0.395202754117457,84.0635178478554,15.9364821521447
1989,2.8213132164819,0.561753736044948,71.4319725815654,21.6458240947936,357.159862907827,172,24,0.397571938905525,84.0181761809253,15.9818238190747
1989,2.80504839909458,0.558550071306914,71.9165864349887,21.6902196321309,359.582932174943,173,24,0.39785316487119,83.9840851479712,16.0159148520288
1989,2.78681877779614,0.554988772161608,72.3978855332943,21.7341056084678,361.989427666472,174,24,0.396283469001272,83.9603135482921,16.0396864517079
1989,2.76688088197155,0.551086465275415,72.8758469512694,21.7774864730811,364.379234756347,175,24,0.394684128993055,83.9459098993519,16.0540901006481
1989,2.74545848521376,0.546860107937615,73.3501348132802,21.8203383382351,366.750674066401,176,24,0.394534129515604,83.9399534207456,16.0600465792544
1989,2.72259795804943,0.542327592456797,73.8201622048584,21.8626151664226,369.100811024292,177,24,0.395388801237211,83.9415445624398,16.0584554375602
1989,2.69835517702066,0.537508462750975,74.2854404268579,21.9042804496641,371.42720213429,178,24,0.396813272757911,83.9497492903888,16.0502507096112
1989,2.67279676815658,0.532424508782606,74.7455789368191,21.9453069748058,373.727894684095,179,24,0.398351741101809,83.9636039172506,16.0363960827494
1989,2.64613930195356,0.527100341343039,75.2002916847597,21.985677167401,376.001458423799,180,24,0.401060913524145,83.9821193498352,16.0178806501648
1989,2.61860285403028,0.52156378169058,75.6491245993255,22.0253588317819,378.245622996628,181,24,0.405932151587746,84.0043293715177,15.9956706284823
1989,2.59027955613616,0.515846290066623,76.0914693611253,22.0643066460368,380.457346805626,182,24,0.41233300603627,84.0292907079862,15.9707092920138
1989,2.56128094266288,0.509983465769022,76.5268625794629,22.1024885846867,382.634312897315,183,24,0.419564795396934,84.0560385594677,15.9439614405323
1989,2.53174361693118,0.504015298059291,76.9550029182685,22.1398871206989,384.775014591343,184,24,0.426888076839669,84.0835868175403,15.9164131824597
1989,2.50182232714335,0.497986245549034,77.3757642605303,22.1765000689927,386.878821302651,185,24,0.433417434679856,84.1109265811483,15.8890734188517
1989,2.47174838875626,0.491945118829883,77.7892285296399,22.2123431273827,388.946142648199,186,24,0.438898020672069,84.1370184628333,15.8629815371667
1989,2.44180191695557,0.485944613435749,78.1955748861972,22.2474399961923,390.977874430986,187,24,0.443456288341069,84.1608015185594,15.8391984814406
1989,2.41227881085148,0.480040584349704,78.5950132259239,22.2818165325101,392.97506612962,188,24,0.44723844040179,84.1811893831823,15.8188106168177
1989,2.3834816023925,0.474291104714928,78.9877833859053,22.3155006592564,394.938916929526,189,24,0.450346275387423,84.19705157954,15.80294842046
1989,2.35569502908081,0.468759104057219,79.3741653512253,22.3485232163401,396.870826756127,190,24,0.452284164824453,84.2087503562419,15.7912496437581
1989,2.32922789037156,0.463502063097786,79.754595180438,22.3809277862466,398.77297590219,191,24,0.453290216436943,84.2143361054832,15.7856638945168
1989,2.30443613650776,0.458575894515544,80.1295230673249,22.4127584727207,400.647615336625,192,24,0.454438277087992,84.2116174261871,15.7883825738129
1989,2.28167136001321,0.454036111580212,80.499255622289,22.4440465898603,402.496278111445,193,24,0.456824875906777,84.1991025811691,15.8008974188309
1989,2.26127085604505,0.449935525255291,80.8639504665851,22.4748104294465,404.319752332926,194,24,0.461604339496476,84.1752230897869,15.8247769102131
1989,2.24343124190869,0.446324565963191,81.2236018160095,22.5050542659965,406.118009080047,195,24,0.46802166873503,84.1383722268063,15.8616277731937
1989,2.11550817672426,0.420813677237761,81.5783942137727,22.5347981873376,407.891971068864,196,24,0.471276362231459,83.6996240800436,16.3003759199564
1989,2.10409305783002,0.418476313512437,81.9069434353021,22.5622617234066,409.534717176511,197,24,0.47845748070655,83.6315142921828,16.3684857078172
1989,2.09575399313616,0.416742445965132,82.2317662014297,22.5893383880585,411.158831007148,198,24,0.486509332968067,83.5449739046509,16.4550260953491
1989,2.03287882006675,0.404155105818887,82.5533035164261,22.6160678648578,412.76651758213,199,16,0.439129948481701,83.4423084143019,16.5576915856981
1989,2.02649472581244,0.40281188124943,82.87173433871,22.6424676808631,414.35867169355,200,16,0.446606399049845,83.3278927195732,16.6721072804268
1989,2.02033992532448,0.401543277784504,83.1873856477775,22.6685673727755,415.936928238888,201,16,0.451781698090682,83.2023272563777,16.7976727436223
1989,2.01447726022334,0.400353931783229,83.5007634576363,22.6944108889339,417.503817288182,202,16,0.455218815912975,83.0666701902921,16.9333298097079
1989,2.00898711129424,0.399252301903711,83.8122737458764,22.7200334851551,419.061368729382,203,16,0.457506487915969,82.9221593203292,17.0778406796708
1989,2.00396441193844,0.398249508474451,84.122220810111,22.74546171037,420.611104050555,204,16,0.459286750858165,82.7701750815481,17.2298249184519
1989,1.99953159981145,0.397358343017422,84.4307995201059,22.7707128902414,422.15399760053,205,16,0.461553157566428,82.612208270359,17.387791729641
1989,2.05569845249413,0.408504692118394,84.7380305177107,22.7957899651708,423.690152588554,206,24,0.523935487420026,82.4498397639836,17.5501602360164
1989,2.05323907512789,0.408007544514578,85.0440104437658,22.8207020203101,425.220052218829,207,24,0.526276389781394,82.2846821014047,17.7153178985953
1989,2.05148839936204,0.407669862927128,85.3490222275785,22.8454731552577,426.745111137893,208,24,0.526812148156854,82.1183416102394,17.8816583897606
1989,2.05044966617576,0.407504400390032,85.6535685201834,22.8701450043832,428.267842600917,209,24,0.524367649630106,81.9523923736552,18.0476076263448
1989,2.05028239167327,0.407523151851255,85.9583876289064,22.8947778086699,429.791938144532,210,24,0.520872544907665,81.7883531081491,18.2116468918509
1989,2.05122250600442,0.407745182507575,86.2638638120833,22.9194027094701,431.319319060416,211,24,0.518986409717309,81.6329526803902,18.3670473196097
1989,1.94238132086085,0.386128442511962,86.5698965855324,22.9440116101876,432.849482927662,212,24,0.51449503720575,80.9869743096408,19.0130256903592
