"year","assimilated_weight","ingested_weight","Weight","Length","Energy","JulianDay","feeding_hours","Metabolism","percentage_partic","percentage_filters"
2008,2.7889571579417,0.556438336843877,54.5,19.9420239553624,272.5,141,24,0.273754294999061,89.4732832690158,10.5267167309842
2008,2.80766530649821,0.56010559506448,55.0030139872227,19.9976203995828,275.015069936113,142,24,0.278148476322951,89.3580931770715,10.6419068229285
2008,2.82813093221955,0.564136124374377,55.5088892625527,20.053176835351,277.544446312764,143,24,0.282100583373638,89.2405647989764,10.7594352010236
2008,2.85063618531879,0.568412388165122,56.0180656568143,20.1087405991146,280.090328284072,144,24,0.292192093863802,89.1196972792174,10.8803027207826
2008,2.87270633226223,0.572832082571991,56.5297231299886,20.1642216536541,282.648615649943,145,24,0.293567689363436,88.9949322177084,11.0050677822916
2008,2.89428799946841,0.577301899883844,57.0455177576695,20.2197981885929,285.227588788347,146,24,0.289385602588798,88.8663520892176,11.1336479107824
2008,2.91751425583578,0.581764270092859,57.5664632840689,20.2755753591004,287.832316420344,147,24,0.297911209551004,88.731930832463,11.268069167537
2008,2.94051110432231,0.586153783652039,58.0903469830279,20.3313134575923,290.45173491514,148,24,0.307641471823313,88.5927368863289,11.4072631136711
2008,2.96105574324022,0.590423560596368,58.6168819397187,20.3869817339583,293.084409698594,149,24,0.303081159697595,88.4490645766595,11.5509354233405
2008,2.9829406119629,0.5945379321428,59.1484357212057,20.442828226381,295.742178606028,150,24,0.314964302376674,88.3008258037709,11.6991741962291
2008,3.17732694769086,0.633489677752972,59.681987561205,20.4985339701058,298.409937806025,151,24,0.311217323911857,88.4673646838707,11.5326353161293
2008,3.19932280086155,0.637425077908601,60.2551636633526,20.5579913270552,301.275818316763,152,24,0.330581254285537,88.308372116527,11.691627883473
2008,3.2191831331115,0.641129405272416,60.8288634490561,20.6171095695515,304.144317245281,153,24,0.343047167330133,88.1472001577566,11.8527998422434
2008,3.2372897401373,0.644598712879054,61.4040392837788,20.675991084069,307.020196418894,154,24,0.35116379693519,87.9855032089471,12.0144967910529
2008,3.25227156805625,0.647826200072789,61.981210134892,20.7346916751572,309.90605067446,155,24,0.343961480105307,87.8235342869316,12.1764657130684
2008,3.26501105065081,0.650805828641416,62.5628146824123,20.793459066995,312.814073412061,156,24,0.329387919975968,87.6608564000185,12.3391435999815
2008,3.2805379166875,0.653537220730371,63.1498785313606,20.8523931985757,315.749392656803,157,24,0.345934682060278,87.4980998497501,12.5019001502499
2008,3.29381534163611,0.656022644242527,63.7367349039355,20.9109260793922,318.683674519678,158,24,0.354899971151153,87.3370474122539,12.6629525877461
2008,3.30602224713825,0.658263889733572,64.3244500420902,20.9691693632367,321.622250210451,159,24,0.365311873372067,87.1783724313499,12.8216275686501
2008,3.31817667976561,0.660263171167029,64.9125203417532,21.0270777868445,324.562601708766,160,24,0.385940401001498,87.023024871754,12.976975128246
2008,3.32585965525862,0.662022732873889,65.4988918020852,21.084455997992,327.494459010426,161,24,0.378720590180762,86.8722267742586,13.1277732257414
2008,3.33017742383765,0.66354239552885,66.0882396262956,21.1417658368499,330.441198131478,162,24,0.354090962153915,86.7260600758422,13.2739399241578
2008,3.33602285513906,0.664821066583288,66.683372522603,21.1992779055477,333.416862613015,163,24,0.352100848586484,86.5849202239115,13.4150797760885
2008,3.34067280177213,0.665857790826984,67.2800678744306,21.2565829273231,336.400339372153,164,24,0.350266660942525,86.4503978212324,13.5496021787675
2008,3.34717422015664,0.666648547690329,67.8780551753135,21.3136577470386,339.390275876568,165,24,0.373290994099451,86.3234039522915,13.6765960477085
2008,3.34890030056415,0.667187863416973,68.4727327841521,21.3700701810338,342.36366392076,166,24,0.367757381303561,86.2055744302695,13.7944255697305
2008,3.34954780196818,0.667464493818904,69.0688570239136,21.4262781619862,345.344285119568,167,24,0.364242747088828,86.0969296949363,13.9030703050637
2008,3.35099811346972,0.667807656642773,69.6658081350947,21.482226301184,348.329040675473,168,24,0.364541682635967,85.9847112035789,14.0152887964211
2008,3.35594488568085,0.668551229966666,70.2629837140092,21.5378621487375,351.314918570046,169,24,0.377112463361877,85.8565236321258,14.1434763678742
2008,3.36209211081744,0.669708231816,70.8586284288007,21.5930280334508,354.293142144004,170,24,0.382549329001748,85.7144253577938,14.2855746422062
2008,3.37075368805558,0.671303414666922,71.4544089081578,21.6478841163465,357.272044540789,171,24,0.390751103019789,85.560217681956,14.439782318044
2008,3.38028817825258,0.67336091560065,72.0502747703813,21.7024301286478,360.251373851907,172,24,0.386501027929122,85.3960653257438,14.6039346742562
2008,3.39366874493504,0.675892747845339,72.6488906888407,21.7569122106139,363.244453444203,173,24,0.394873310298389,85.2235415087714,14.7764584912286
2008,3.40666325260438,0.678895215729501,73.2485010863427,21.8111720334713,366.242505431713,174,24,0.379765216149418,85.0447185837384,14.9552814162616
2008,3.42555082697981,0.682344706925529,73.8537245141315,21.8656267589687,369.268622570658,175,24,0.39568371476061,84.8602793824061,15.1397206175939
2008,3.44312325665152,0.686204328166526,74.4595338820498,21.9198236136894,372.297669410249,176,24,0.383012043617359,84.6722700426718,15.3277299573282
2008,3.46441901729006,0.690422253437567,75.0713838603714,21.974249824243,375.356919301857,177,24,0.386644952865553,84.4807088613752,15.5192911386248
2008,3.48702756512478,0.69494159894321,75.6867577743361,22.0286785462487,378.43378887168,178,24,0.388626964994017,84.2868196822652,15.7131803177348
2008,3.51288632824142,0.699701717931525,76.3062479520765,22.0831606954998,381.531239760382,179,24,0.407969190065721,84.091203903739,15.908796096261
2008,3.53856417290343,0.70464365086511,76.9270319581206,22.1374482599995,384.635159790603,180,24,0.418233562469865,83.8950258471827,16.1049741528173
2008,3.56478538578685,0.709710518433007,77.5508887694264,22.1916978019418,387.754443847132,181,24,0.427882207313631,83.6986741140842,16.3013258859158
2008,3.58988087300619,0.714850843137297,78.1780497501539,22.2459289447573,390.89024875077,182,24,0.424231112108932,83.5028523225347,16.4971476774653
2008,3.6155510357504,0.720018235968348,78.810949224981,22.3003497723624,394.054746124905,183,24,0.424538441555144,83.3079439606079,16.6920560393921
2008,3.6414502187036,0.725172758687111,79.4489099009535,22.35489840122,397.244549504768,184,24,0.427449469840671,83.1149376949585,16.8850623050415
2008,3.66740287189884,0.730279354446671,80.0914562855863,22.4095314138549,400.457281427931,185,24,0.432963846591798,82.9248452506836,17.0751547493164
2008,3.69281327435826,0.735306789203711,80.7380778297167,22.4642033895995,403.690389148584,186,24,0.437222817691667,82.7387264228707,17.2612735771293
2008,3.72054095733079,0.740226021339313,81.3889165751565,22.5189246256091,406.944582875783,187,24,0.467644128299763,82.5575472014013,17.4424527985987
2008,3.73987166127529,0.745009701562661,82.0392028918694,22.5732956598199,410.196014459347,188,24,0.428352387115879,82.3831213445758,17.6168786554242
2008,3.76378282438642,0.749625435162381,82.7011994552793,22.6283381315636,413.505997276396,189,24,0.437524549838575,82.2142622897616,17.7857377102384
2008,3.78622245737053,0.754047330791551,83.3661287367028,22.6833161833663,416.830643683514,190,24,0.442423961014672,82.0550881211434,17.9449118788566
2008,3.80799874851017,0.758234247579482,84.0345503026473,22.7382758065307,420.172751513236,191,24,0.451901912231757,81.9055948628404,18.0944051371596
2008,3.82847950951694,0.762137159559896,84.7054150574713,22.79313080735,423.527075287356,192,24,0.462676285180112,81.7657432004566,18.2342567995434
2008,3.84732237775157,0.765699882448512,85.3782038888938,22.8478398701333,426.891019444469,193,24,0.474265014222216,81.636094178076,18.363905821924
2008,3.86348601951957,0.76885500633872,86.0524256114279,22.9023648427722,430.26212805714,194,24,0.480141864573362,81.5170184114166,18.4829815885834
2008,3.87421636176864,0.771523064942237,86.7286860065186,22.956756399991,433.643430032593,195,24,0.458841437811063,81.4085093927509,18.5914906072491
2008,3.68077192695379,0.73249246670399,87.4113330765383,23.0113626630393,437.056665382692,196,24,0.482482698804512,80.8155167561944,19.1844832438056
2008,3.68714116598509,0.733866159108543,88.0505425735474,23.0622254662563,440.252712867737,197,24,0.48006484442803,80.7299053766673,19.2700946233326
2008,3.69190067862046,0.734492550575409,88.6914896325517,23.1129687811758,443.457448162759,198,24,0.498883203781859,80.6542209563678,19.3457790436322
2008,3.69395985364863,0.735012586166933,89.3296042891659,23.1632345957567,446.64802144583,199,24,0.496128232030119,80.609299965444,19.390700034556
2008,3.69968312851536,0.736147393710528,89.9686604946571,23.2133243870465,449.843302473286,200,24,0.499138585345461,80.6175747177704,19.3824252822297
2008,3.7093882680795,0.737952832289872,90.6082372135689,23.2632073084295,453.041186067845,201,24,0.508372393669974,80.6765638704076,19.3234361295924
2008,3.72219501200333,0.74049583001647,91.2478853285639,23.3128509481706,456.239426642819,202,24,0.511443151383202,80.7852044824657,19.2147955175343
2008,3.73919879971413,0.743859362320436,91.8894569651356,23.3624008263841,459.447284825678,203,24,0.515259018242133,80.9421536438365,19.0578463561635
2008,3.75986863623304,0.748143318389715,92.5336416106954,23.4119105065385,462.668208053477,204,24,0.509249353642383,81.1463297549619,18.8536702450381
2008,3.78373013590245,0.753465346442499,93.1831366242657,23.4615857147746,465.915683121328,205,24,0.483671267123202,81.3963472984028,18.6036527015972
2008,3.81886876611426,0.759961764787088,93.8424929199226,23.5117689091782,469.212464599613,206,24,0.510900936104491,81.6905106704698,18.3094893295302
2008,3.8585043738132,0.767787253564291,94.503403027249,23.5618243466852,472.517015136245,207,24,0.516817413925995,82.0289852827615,17.9710147172385
2008,3.90854238445041,0.777115801240847,95.1710279372773,23.6121412398378,475.855139686386,208,24,0.552057939248096,82.4096094289599,17.5903905710401
2008,3.96519581782054,0.788138609664374,95.8415820069776,23.6624318679844,479.207910034888,209,24,0.567949450772747,82.8312270920925,17.1687729079075
2008,4.03443435564842,0.801063342072088,96.5202569321196,23.7130824590862,482.601284660598,210,24,0.617578131665378,83.2909128002555,16.7090871997445
2008,4.11155292798863,0.816127326223735,97.2028208092306,23.763773543761,486.014104046153,211,24,0.635279934932852,83.7910823771044,16.2089176228956
2008,3.95992075010012,0.78628946965224,97.8972336769292,23.8150906507733,489.486168384646,212,24,0.61774105941419,83.864485652504,16.135514347496
2009,2.78642517687773,0.55642221992586,54.5,19.9420239553624,272.5,141,24,0.256376178117517,89.4745197182304,10.5254802817696
2009,2.80596236298001,0.560091393902105,55.0059832143862,19.9979475241397,275.029916071931,142,24,0.266352899025517,89.3588417178785,10.6411582821215
2009,2.82919314552522,0.564123445923624,55.5138770073801,20.05372284125,277.5693850369,143,24,0.290626345923622,89.2409752059793,10.7590247940207
2009,2.85101212755875,0.568400577294743,56.0215606758045,20.1091207735601,280.107803379023,144,24,0.295554671328113,89.1203396351368,10.8796603648632
2009,2.87288349242896,0.572821266318271,56.5326208102092,20.1645348620268,282.663104051046,145,24,0.295349159337761,88.9956591401627,11.0043408598373
2009,2.89443694192082,0.577298885526325,57.0480945657568,20.2200749570476,285.240472828784,146,24,0.290622370311103,88.8663080396052,11.1336919603948
2009,2.91590209134985,0.581755175257692,57.5688225176376,20.2758271583522,287.844112588188,147,24,0.286212967103649,88.7327390363628,11.2672609636372
2009,2.93830126573509,0.586145520609373,58.0947234231216,20.3317776062641,290.473617115608,148,24,0.291173038557286,88.593211457439,11.406788542561
2009,2.95886529094764,0.590416126327173,58.624110081149,20.3877435046524,293.120550405745,149,24,0.287092118873435,88.4490388861622,11.5509611138378
2009,2.97732212774233,0.594531126710273,59.1584235499338,20.4438742206572,295.792117749669,150,24,0.273898629636367,88.3003085287778,11.6996914712222
2009,3.17332711261153,0.633484348873726,59.699064783679,20.5003111832637,298.495323918395,151,24,0.283536894304072,88.4664690973947,11.5335309026053
2009,3.19345208477387,0.637419667314689,60.2769769261076,20.5602462843299,301.384884630538,152,24,0.288488713847179,88.3066295490128,11.6933704509872
2009,3.21672510465243,0.641123346575157,60.8579209713301,20.6200935119376,304.28960485665,153,24,0.324365275764292,88.1441844921646,11.8558155078354
2009,3.23353983133755,0.644588719547447,61.4363414315047,20.6792864773689,307.181707157524,154,24,0.322538252369221,87.9810637105849,12.0189362894151
2009,3.24947574070911,0.647815506162909,62.018487238291,20.738469786456,310.092436191455,155,24,0.323108973292577,87.8182108905564,12.1817891094436
2009,3.26388526984288,0.650794481113038,62.6037029143305,20.7975762101409,313.018514571652,156,24,0.321598100520656,87.6548697840367,12.3451302159633
2009,3.27805413701681,0.653525534084699,63.1920993326791,20.856616915052,315.960496663395,157,24,0.327515744341183,87.4918279172776,12.5081720827224
2009,3.28949491176868,0.656010198303289,63.7821424790364,20.915439336069,318.910712395182,158,24,0.322393940874081,87.33017504944,12.66982495056
2009,3.30104837852144,0.65825006918561,64.375494446879,20.974210393304,321.877472234395,159,24,0.327164083595989,87.1704816690716,12.8295183309284
2009,3.31156546646835,0.660247628033579,64.9701991889937,21.0327378157483,324.850995944969,160,24,0.333313413905445,87.0139420929152,12.9860579070848
2009,3.32018188200363,0.662004736230842,65.5657733998849,21.0909777858793,327.828866999425,161,24,0.334274735094867,86.8615119642668,13.1384880357332
2009,3.32696075453693,0.66352218146339,66.16287435015,21.1489980834088,330.81437175075,162,24,0.330483795948748,86.7139574283734,13.2860425716266
2009,3.33370815006522,0.664799515853676,66.762084773589,21.2068576286585,333.810423867945,163,24,0.335440448400005,86.5720569798126,13.4279430201874
2009,3.33884125661301,0.665835234184585,67.3616486333145,21.2643901650637,336.808243166573,164,24,0.337390031816736,86.4369841228395,13.5630158771605
2009,3.34199591811949,0.666625203792942,67.9618442671696,21.321626959576,339.809221335848,165,24,0.333725266004687,86.3095581031553,13.6904418968447
2009,3.34733469888266,0.667162521579764,68.563398627247,21.3786409099136,342.816993136235,166,24,0.356517077188526,86.1905084684043,13.8094915315957
2009,3.34963175005778,0.66743856036282,69.1614569778919,21.4349789482454,345.80728488946,167,24,0.366377531926435,86.0814947952413,13.9185052047587
2009,3.35206763096595,0.667781819400214,69.7579970370751,21.490836717274,348.789985185375,168,24,0.374813777513593,85.9693023384272,14.0306976615728
2009,3.35399747278305,0.668525889988523,70.3533311813449,21.5462506338658,351.766655906725,169,24,0.36250443076557,85.8413674719344,14.1586325280656
2009,3.35944169281287,0.669682179673889,70.9515070803293,21.6016008690057,354.757535401647,170,24,0.36209024239842,85.698765611964,14.301234388036
2009,3.37055962916651,0.671276363353973,71.5508482858967,21.6567336977007,357.754241429484,171,24,0.390667868831836,85.5438668060603,14.4561331939397
2009,3.37836184512712,0.673333875625924,72.1466908925244,21.7112265500172,360.733454462622,172,24,0.371896555316494,85.3796217102005,14.6203782897995
2009,3.39174561087909,0.675865013813785,72.7478413026259,21.7658878789558,363.739206513129,173,24,0.380072474559684,85.2065612017278,14.7934387982722
2009,3.40713305092139,0.678866795507011,73.3500260253848,21.8203285314327,366.750130126924,174,24,0.385326874100489,85.0271869083602,14.9728130916398
2009,3.42687112392601,0.682316643716365,73.954229782584,21.8746395347168,369.77114891292,175,24,0.408946856591048,84.8428055124979,15.1571944875021
2009,3.44600381647137,0.686177048993507,74.5576492424325,21.928572252375,372.788246212163,176,24,0.409356633602026,84.6550865953887,15.3449134046114
2009,3.46749068393413,0.690396454444629,75.1648050535773,21.9825327326549,375.824025267887,177,24,0.41468939800512,84.4642120977498,15.5357879022502
2009,3.49048744224811,0.694917415887847,75.7751830624146,22.0364742324809,378.875915312073,178,24,0.420009016407411,84.2710639581252,15.7289360418748
2009,3.51696335928611,0.699679368734591,76.389087475559,22.0904227675292,381.945437377795,179,24,0.446391646753302,84.0762942646489,15.9237057353511
2009,3.54462377172743,0.704623541555644,77.0030010996757,22.1440707675007,385.015005498379,180,24,0.476749457851855,83.8811884305716,16.1188115694285
2009,3.57042480187696,0.709693673162071,77.6163654140459,22.1973738816673,388.081827070229,181,24,0.482797586339152,83.6865417715551,16.3134582284449
2009,3.59683307389513,0.714837095162711,78.2336700923878,22.2507238252226,391.168350461939,182,24,0.491308952483814,83.4923212630881,16.5076787369119
2009,3.62481744880482,0.720008141831499,78.8545434585791,22.3040870600091,394.272717292895,183,24,0.514960293340588,83.2993971306909,16.7006028693091
2009,3.65147773218836,0.725167329855258,79.4762722471663,22.3572311718295,397.381361235831,184,24,0.525594131922187,83.1091124341581,16.8908875658419
2009,3.68120636823657,0.730278784056422,80.1011946800442,22.4103570745402,400.505973400221,185,24,0.573754133864358,82.9219886457522,17.0780113542478
2009,3.70275913964795,0.735312708723163,80.7224186727565,22.4628830172839,403.612093363782,186,24,0.534349269328406,82.7401944041537,17.2598055958463
2009,3.72597695448664,0.740236200519996,81.3558216239726,22.5161494419111,406.779108119863,187,24,0.520963223450877,82.561951359556,17.438048640444
2009,3.74603305382288,0.745022122892296,81.9965320310538,22.5697371371498,409.982660155269,188,24,0.483669781685361,82.3890882720921,17.6109117279079
2009,3.77048318838492,0.749639983137923,82.6486983458359,22.6239841007877,413.243491729179,189,24,0.498815956183729,82.2218290703595,17.7781709296405
2009,3.79357086703772,0.754059848529995,83.3027106368177,22.6780858260057,416.513553184089,190,24,0.510557928206174,82.0630789775828,17.9369210224173
2009,3.8125861412982,0.758248682941601,83.9589766212994,22.7320772232153,419.794883106497,191,24,0.493438465271943,81.9154759346512,18.0845240653488
2009,3.83110028493317,0.762152458526063,84.6224534398682,22.7863636797461,423.112267199341,192,24,0.485871628189988,81.7766737094054,18.2233262905946
2009,3.85043865333828,0.76571541944367,85.2911295215228,22.8407762240146,426.455647607614,193,24,0.50271817395993,81.6474956958258,18.3525043041742
2009,3.86776196651807,0.768870891711338,85.9602862281141,22.8949310458619,429.80143114057,194,24,0.520339680331206,81.5290423813509,18.4709576186491
2009,3.88130471272322,0.771539535459658,86.6293648458188,22.9487865710015,433.146824229094,195,24,0.524777440879233,81.4215037656093,18.5784962343907
2009,3.68416271463335,0.732507456583638,87.3002452933236,23.0024968332652,436.501226466618,196,24,0.515593271214597,80.8323275649596,19.1676724350404
2009,3.68621472705181,0.733881290268474,87.9335142123481,23.0529326442484,439.66757106174,197,24,0.469905699687018,80.7475465863186,19.2524534136814
2009,3.68778691370418,0.734507160640011,88.5763115011494,23.1038690929145,442.881557505747,198,24,0.457820196097463,80.6714356399362,19.3285643600638
2009,3.6964930142176,0.735026891151065,89.2218197682866,23.1547617568465,446.109098841433,199,24,0.520988280447854,80.6250323024918,19.3749676975082
2009,3.70269420306228,0.736162065525739,89.8564142433092,23.2045444196233,449.282071216546,200,24,0.529161871623659,80.6338196626298,19.3661803373702
2009,3.71173082373501,0.737967955451417,90.4905924523889,23.254050225087,452.452962261944,201,24,0.531608220323436,80.693433779008,19.306566220992
2009,3.72248719352224,0.740511434779071,91.1260661795798,23.3034151996739,455.630330897899,202,24,0.513101681077223,80.8024453899411,19.1975546100589
2009,3.74189931153078,0.743875517614943,91.7673691183788,23.3529903530671,458.836845591894,203,24,0.542416565119203,80.9590793421998,19.0409206578002
2009,3.76231589743556,0.748160136734668,92.4066670983934,23.4021707611931,462.033335491967,204,24,0.533181433423914,81.1636525906699,18.8363474093301
2009,3.79062200604821,0.753482890954736,93.0518702498971,23.4515655952262,465.259351249485,205,24,0.552642225414779,81.4139176648772,18.5860823351228
2009,3.82257223631823,0.759979700712317,93.6988161844219,23.5008547537403,468.494080922109,206,24,0.547705325526947,81.7095234869379,18.2904765130621
2009,3.86313489010209,0.767805678540037,94.353112287053,23.5504632413322,471.765561435265,207,24,0.563635742718913,82.0484530323951,17.9515469676049
2009,3.91029981419187,0.777134429423504,95.0123063217037,23.6002012125712,475.061531608519,208,24,0.569178548258527,82.4297182796424,17.5702817203576
2009,3.9633489457751,0.788157840476578,95.6797950622334,23.6503205728895,478.398975311167,209,24,0.546740408802042,82.8511178477064,17.1488821522936
2009,4.03281185660513,0.801084302706517,96.3623501270363,23.7013198352803,481.811750635182,210,24,0.597280302186892,83.3095788469029,16.6904211530971
2009,4.10720144820204,0.816138384409222,97.0486568539325,23.752346191267,485.243284269662,211,24,0.5854771938357,83.8056706828569,16.1943293171431
2009,3.95845642773096,0.78630374098294,97.7521678379659,23.804391299921,488.76083918983,212,24,0.599331333297615,83.8800249423222,16.1199750576778
2010,2.78692928933635,0.556438336843877,54.5,19.9420239553624,272.5,141,24,0.259297919865878,89.4732832690158,10.5267167309842
2010,2.80344524627164,0.560106083909242,55.0054996885282,19.9978942541532,275.027498442641,142,24,0.248628986006113,89.3576893109518,10.6423106890482
2010,2.82478395107912,0.564137377232172,55.5164348422651,20.054002832876,277.582174211325,143,24,0.258238056048366,89.2393345766537,10.7606654233463
2010,2.84742980630665,0.568413971159986,56.0297143215735,20.1100076308755,280.148571607867,144,24,0.268645008787336,89.1177912550711,10.8822087449289
2010,2.86920580331155,0.572833755026093,56.5454398968685,20.1659203345502,282.727199484342,145,24,0.268039977827503,88.9923508708834,11.0076491291166
2010,2.89159855851366,0.577303468030354,57.0656399058644,20.2219592261559,285.328199529322,146,24,0.270016129350507,88.8630344627269,11.1369655372731
2010,2.91309489421979,0.581765446838615,57.5899213647555,20.2780787029793,287.949606823777,147,24,0.26610120189145,88.728047412442,11.271952587558
2010,2.93465092950935,0.586154462131825,58.1192831026833,20.3343818609096,290.596415513417,148,24,0.265179197109583,88.5879263613968,11.4120736386032
2010,2.95729768873945,0.590423485074283,58.6531383628694,20.3908021235113,293.265691814347,149,24,0.275817901653439,88.4430109908624,11.5569890091376
2010,2.97963331414288,0.594536853101622,59.1893930323475,20.4471167760369,295.946965161737,150,24,0.290129136728194,88.2939572842499,11.7060427157501
2010,3.17378584843613,0.633486408093383,59.7272502654169,20.5032436494102,298.636251327085,151,24,0.28665008644953,88.4599337717477,11.5400662282523
2010,3.19292238681749,0.63742031847779,60.304631386568,20.5631042609812,301.52315693284,152,24,0.285025979685005,88.3002144102525,11.6997855897475
2010,3.21280325513616,0.641122609570437,60.8861619051959,20.6229926467707,304.430809525979,153,24,0.296268606050283,88.1377094338223,11.8622905661777
2010,3.22985760392704,0.644589599997748,61.4694171860405,20.6826595412144,307.347085930203,154,24,0.296340299774815,87.974628563227,12.025371436773
2010,3.24609909136292,0.647814328861024,62.0560659618104,20.7422768659141,310.280329809052,155,24,0.299170410462971,87.8110333554117,12.1889666445883
2010,3.26311811909366,0.650791276571302,62.6453938108651,20.8017722464275,313.226969054325,156,24,0.316288049266421,87.6470136778549,12.3529863221451
2010,3.27373482118808,0.653520910107871,63.2346985655071,20.8608764964388,316.173492827535,157,24,0.297142247610902,87.4838317572858,12.5161682427142
2010,3.28733453927894,0.656003362512217,63.8299522870354,20.9201889415376,319.149761435177,158,24,0.307392219550616,87.321316938272,12.6786830617279
2010,3.299228137858,0.658241587958226,64.425872217773,20.9791828573204,322.129361088865,159,24,0.314467806414141,87.1612091745454,12.8387908254546
2010,3.30983162045596,0.660237656363846,65.0227518285492,21.0378917612744,325.113759142746,160,24,0.321103154344999,87.0043258000101,12.9956741999899
2010,3.31881895735996,0.661993370527396,65.620420952314,21.0963031609378,328.10210476157,161,24,0.324816767415988,86.8515705168587,13.1484294831413
2010,3.32546044738514,0.663509622267712,66.2191405087106,21.1544466228067,331.095702543553,162,24,0.320213489582531,86.7037778381444,13.2962221618556
2010,3.3325420444078,0.664785818740771,66.8201044984522,21.2124407449508,334.100522492261,163,24,0.327524700228002,86.5616232271128,13.4383767728872
2010,3.3366409002849,0.665820595448628,67.421017819095,21.2700676244414,337.105089095475,164,24,0.321947289198496,86.4263727157116,13.5736272842885
2010,3.34161709094012,0.666609368334738,68.0238614299709,21.3275210267568,340.119307149854,165,24,0.33174278519683,86.2985562085288,13.7014437914712
2010,3.34543151699812,0.66714620769761,68.6257359746125,21.3845291374061,343.128679873063,166,24,0.342566887233391,86.1795218057044,13.8204781942957
2010,3.34762123744755,0.667421294402797,69.2262031533044,21.4410577429437,346.131015766522,167,24,0.351250806892765,86.0701775413977,13.9298224586023
2010,3.34895825501002,0.66776359419476,69.8253658329162,21.4971239286407,349.126829164581,168,24,0.350696556428626,85.957619363773,14.042380636227
2010,3.35351887553276,0.668506281040512,70.4249008706839,21.5528903319732,352.124504353419,169,24,0.359740391846666,85.8290427972054,14.1709572027946
2010,3.35602553865019,0.669662242137578,71.0235331093037,21.6082435939215,355.117665546518,170,24,0.336630439982769,85.6864272148342,14.3135727851658
2010,3.36697492289643,0.671255010985456,71.6272822586905,21.6637416164267,358.136411293452,171,24,0.361979992008125,85.5308373803483,14.4691626196517
2010,3.37778598516787,0.67331095090732,72.2281446298188,21.7186515118419,361.140723149094,172,24,0.368458883928952,85.3657908567442,14.6342091432558
2010,3.39012718076403,0.67584178614426,72.8298664363894,21.7733218131789,364.149332181947,173,24,0.368036294119685,85.1926818866075,14.8073181133925
2010,3.4058343023353,0.678842864873203,73.4341336957368,21.82790748442,367.170668478684,174,24,0.375839194578211,85.0129995785905,14.9870004214096
2010,3.42584400340429,0.682292165461469,74.0399741564798,21.8823218864413,370.199870782399,175,24,0.401329998508604,84.8283853060427,15.1716146939573
2010,3.44555053703469,0.686152148796778,74.6447104142599,21.9363285072676,373.2235520713,176,24,0.40683151813353,84.6404884298122,15.3595115701878
2010,3.46524583522436,0.690371427635903,75.2522793773626,21.9902818778247,376.261396886813,177,24,0.396534850957158,84.4495927536867,15.5504072463133
2010,3.48824641310049,0.69489153405918,75.8658380547821,22.0444599128235,379.32919027391,178,24,0.401821412082137,84.2559493048867,15.7440506951133
2010,3.5115318634104,0.699652691316408,76.4829304116903,22.0986428186224,382.414652058451,179,24,0.399200448322331,84.0606845298105,15.9393154701895
2010,3.5360928161845,0.704594721988375,77.105194498831,22.1529721602396,385.525972494155,180,24,0.399762812504874,83.8641924715874,16.1358075284126
2010,3.56202786811526,0.709661383999937,77.7322482767539,22.2074114321192,388.661241383769,181,24,0.406690954087306,83.6672340215843,16.3327659784157
2010,3.58680738270781,0.714801568121473,78.3630929192461,22.261871830632,391.815464596231,182,24,0.400742503674335,83.4707264314136,16.5292735685864
2010,3.61344469042453,0.719968937274017,79.0000721414957,22.3165526626255,395.000360707479,183,24,0.409317987814042,83.2750706221775,16.7249293778226
2010,3.64082723157671,0.725124051918779,79.6406521542396,22.3712335740015,398.203260771198,184,24,0.424963445323253,83.0815797755829,16.9184202244171
2010,3.66747533901158,0.730232033714812,80.2835674694236,22.4258064743054,401.417837347118,185,24,0.436549076082951,82.8914054784995,17.1085945215005
2010,3.69371448105083,0.735261319873519,80.9294826276702,22.4803281413653,404.647413138351,186,24,0.448189405430771,82.705404939897,17.2945950601031
2010,3.71894670052125,0.740182888880764,81.5783043231741,22.5347906628138,407.89152161587,187,24,0.455716857382456,82.5245862313746,17.4754137686254
2010,3.7453695531794,0.744968169346556,82.2306531523853,22.5892457336042,411.153265761926,188,24,0.480992762571458,82.3498258128936,17.6501741871064
2010,3.76681948330933,0.749588087323423,82.8832169186164,22.6434183335853,414.416084593082,189,24,0.467282219016996,82.1826459212104,17.8173540787896
2010,3.78862492745106,0.754013285599656,83.542797745562,22.6978722113111,417.71398872781,190,24,0.466277062595543,82.0244553541901,17.9755446458099
2010,3.8073242356437,0.758203288337808,84.2069248925008,22.7523995155114,421.034624462504,191,24,0.44805828016624,81.8757759672259,18.1242240327741
2010,3.83014535707458,0.762108435177285,84.8784191155621,22.807227794216,424.39209557781,192,24,0.480116572698923,81.7359001046395,18.2640998953605
2010,3.84887054920554,0.765674024978709,85.5480485131472,22.8616035688704,427.740242565736,193,24,0.490778719678713,81.606893025787,18.393106974213
2010,3.86444784525011,0.768831891685892,86.2192724896131,22.9158119273788,431.096362448066,194,24,0.491034575104836,81.4884406046264,18.5115593953736
2010,3.8807305512934,0.771502410222597,86.8935419713298,22.969970908601,434.467709856649,195,24,0.522138786463678,81.380390524255,18.619609475745
2010,3.68524286686327,0.732481922338636,87.5648275466724,23.0236000250551,437.824137733362,196,24,0.52968979976164,80.7888765173185,19.2111234826815
2010,3.6908999460913,0.733857721321134,88.1954851078288,23.0737229317498,440.977425539144,197,24,0.519229723856401,80.7048651514854,19.2951348485145
2010,3.69062898369885,0.734485726453584,88.8293463450611,23.1238493766105,444.146731725305,198,24,0.487131710065538,80.6305193173087,19.3694806826913
2010,3.69266152298417,0.735006766850224,89.4695524271556,23.1742251608027,447.347762135778,199,24,0.484144345046376,80.5853824133152,19.4146175866848
2010,3.69897012896922,0.7361427299961,90.1107409762362,23.2244270640762,450.553704881181,200,24,0.49284867462873,80.5934932601214,19.4065067398786
2010,3.70901775728347,0.737949511941497,90.7514280650989,23.2743416416468,453.757140325495,201,24,0.505395404277435,80.6525477835145,19.3474522164855
2010,3.72303773849732,0.740494039133516,91.3915922463248,23.3239707770955,456.957961231624,202,24,0.520932414021117,80.7614061671491,19.2385938328509
2010,3.73953289102991,0.743859309801376,92.0314291438984,23.3733330221839,460.157145719492,203,24,0.519360653240187,80.9189911297877,19.0810088702123
2010,3.76173734239542,0.748145213892066,92.6748547282219,23.4227315085228,463.37427364111,204,24,0.529088210708975,81.1236843184966,18.8763156815034
2010,3.78877035699136,0.753469380206346,93.3207499976471,23.4720797703467,466.603749988235,205,24,0.534735689734855,81.3747067323635,18.6252932676366
2010,3.82183173535881,0.759967895116044,93.9708956923261,23.5215129536573,469.85447846163,206,24,0.541699150070703,81.6707581702778,18.3292418297222
2010,3.85941007695509,0.767795758004782,94.6262331893547,23.5711002442044,473.131165946773,207,24,0.526086062813761,82.0105482543679,17.9894517456321
2010,3.90883796840559,0.7771272305727,95.2921800064254,23.6212457155752,476.460900032127,208,24,0.555148859776479,82.3919125167287,17.6080874832713
2010,3.96369005262659,0.788153524381192,95.9621693916535,23.6714497180689,479.810846958268,209,24,0.551799455984577,82.8141329340684,17.1858670659316
2010,4.02658036755983,0.801082843051201,96.6437673781144,23.7222735216672,483.218836890572,210,24,0.533284541544843,83.2739706085,16.7260293915
2010,4.10674727426115,0.81615473507132,97.3416130442629,23.7740506722725,486.708065221315,211,24,0.58116766033633,83.7727177819497,16.2272822180504
2010,3.95552279157106,0.786326892460093,98.0458801043488,23.8260426319884,490.229400521744,212,24,0.567051614171189,83.8450684901255,16.1549315098745
2011,2.78875766848095,0.556438336843877,54.5,19.9420239553624,272.5,141,24,0.272297129690908,89.4732832690158,10.5267167309842
2011,2.80709672283766,0.560105644537411,55.0032655223922,19.9976481120963,275.016327611961,142,24,0.273975817257405,89.3580523085737,10.6419476914263
2011,2.82750703600234,0.564136285879256,55.5098616120331,20.0532832806391,277.549308060165,143,24,0.277492022035887,89.2404062666852,10.7595937333148
2011,2.84819612311383,0.568412628748714,56.0198349362025,20.1089330564469,280.099174681012,144,24,0.274101577010216,89.1194077747694,10.8805922252306
2011,2.87021833853949,0.572832604343301,56.5346224943715,20.1647512162333,282.673112471858,145,24,0.275186709103568,88.9941275249183,11.0058724750817
2011,2.89239408931198,0.577302530130935,57.05359570216,20.2206657910732,285.2679785108,146,24,0.275600271313785,88.8650202184578,11.1349797815422
2011,2.91536535194359,0.581764795557576,57.5769194831058,20.276691286786,287.884597415529,147,24,0.281992927902948,88.7301998028934,11.2698001971065
2011,2.93594498829472,0.58615409473639,58.1035570174152,20.3327143896075,290.517785087076,148,24,0.27399391440672,88.5905407122032,11.4094592877968
2011,2.95847932001686,0.590423522933407,58.6359082092415,20.3889867636452,293.179541046208,149,24,0.28409217553896,88.4458877529423,11.5541122470577
2011,2.97718173751996,0.59453734672562,59.1707444228327,20.4451643778487,295.853722114164,150,24,0.272770398307986,88.2970845362747,11.7029154637253
2011,3.17205481718637,0.633487542442331,59.7115831705218,20.5016137369151,298.557915852609,151,24,0.275129463506747,88.4625057675346,11.5374942324654
2011,3.1919272461064,0.637421640001147,60.2909222823181,20.5616875946975,301.45461141159,152,24,0.278384733461486,88.302475048562,11.697524951438
2011,3.21107930314682,0.641124104229033,60.8735820884329,20.6217013539503,304.367910442165,153,24,0.284547029498758,88.1397929666689,11.8602070333311
2011,3.2260429792055,0.64459107727433,61.4588369580944,20.6815807077144,307.294184790472,154,24,0.271266536267272,87.9763882756131,12.0236117243869
2011,3.24244084269034,0.647815334183446,62.0497376179885,20.7416358574739,310.248688089942,155,24,0.274994093358826,87.8120900748224,12.1879099251776
2011,3.25864357162531,0.650791669254933,62.6431691160846,20.8015483881983,313.215845580423,156,24,0.285495065213479,87.6473865552271,12.3526134447729
2011,3.27183184201444,0.653520324835532,63.237737571074,20.8611802961675,316.18868785537,157,24,0.284566519046346,87.4833206197102,12.5166793802898
2011,3.2858248721963,0.656002290857511,63.8351258238268,20.920702751379,319.175629119134,158,24,0.297094861835295,87.3204440401107,12.6795559598893
2011,3.29817975108967,0.658240061851614,64.4328032594153,20.9798667635323,322.164016297076,159,24,0.307178741785487,87.160036468776,12.839963531224
2011,3.30508593369505,0.660235760803503,65.0309309590695,21.0386936443236,325.154654795347,160,24,0.288608751832551,87.0029386039884,12.9970613960116
2011,3.31573205189054,0.661990049440604,65.6341497682905,21.0976405409508,328.170748841452,161,24,0.303197297486036,86.8492375516028,13.1507624483972
2011,3.3240080668399,0.663505251914733,66.2365757362048,21.1561343100345,331.182878681024,162,24,0.310164403321544,86.70081069701,13.29918930299
2011,3.33283974267774,0.664780875610541,66.8392589323757,21.2142831940318,334.196294661878,163,24,0.329973839625072,86.5583604468191,13.4416395531809
2011,3.33961327265789,0.665815649535961,67.4397418099818,21.2718574719055,337.198709049909,164,24,0.344337487746801,86.4231820263927,13.5768179736073
2011,3.34262847491329,0.666605377157132,68.0387016974015,21.328930879877,340.193508487008,165,24,0.339531707265369,86.296027857468,13.703972142532
2011,3.34447030578853,0.667142533488322,68.6392206033639,21.3858023707251,343.196103016819,166,24,0.335487947040414,86.1772263412565,13.8227736587434
2011,3.34695306735665,0.667417253252873,69.2409112034389,21.4424380785881,346.204556017194,167,24,0.346269917654009,86.0676775736369,13.9323224263631
2011,3.34966989629211,0.667759291356492,69.8409362851673,21.4985764438274,349.204681425837,168,24,0.356539730151671,85.9549763685373,14.0450236314627
2011,3.35356558978584,0.668502241013197,70.4394448598556,21.5542390390134,352.197224299278,169,24,0.360336828841612,85.8265750885669,14.1734249114331
2011,3.36057848494483,0.669658214424078,71.037967001318,21.6095742197567,355.18983500659,170,24,0.372713997337266,85.6839773022776,14.3160226977224
2011,3.36714246353115,0.671252734146056,71.6354098705369,21.6644864973233,358.177049352684,171,24,0.363452503692103,85.5294564862145,14.4705435137855
2011,3.37840895507397,0.673308740168048,72.2360111547139,21.7193682803184,361.180055773569,172,24,0.373693273708471,85.364452344568,14.635547655432
2011,3.3904680179465,0.675839829968817,72.8368105837478,21.7739508929739,364.184052918739,173,24,0.370918251040655,85.1914981580116,14.8085018419884
2011,3.40577429897062,0.678841049302568,73.4405695330874,21.8284871693163,367.202847665437,174,24,0.375446290444438,85.0119002448083,14.9880997551917
2011,3.42264280974917,0.682290330674503,74.0464764908877,21.8829042165077,370.232382454439,175,24,0.374356527057783,84.8272721864402,15.1727278135598
2011,3.43910391715074,0.686148976256477,74.6559671167801,21.9373309032815,373.2798355839,176,24,0.353894202894492,84.6385571037908,15.3614428962092
2011,3.46416734349344,0.690365651672438,75.2728340613127,21.9921018580371,376.364170306563,177,24,0.387746444766804,84.4460583340518,15.5539416659482
2011,3.48536801904292,0.694885356212552,75.8879344218807,22.0464053448671,379.439672109403,178,24,0.378130854172004,84.2521415915602,15.7478584084398
2011,3.51059748675861,0.699645404899633,76.5091888760913,22.1009416362281,382.545944380457,179,24,0.391754603084691,84.0561503522419,15.9438496477581
2011,3.53487540772823,0.704587153372089,77.132754841919,22.1553713519684,385.663774209595,180,24,0.39003582291413,83.8594245032918,16.1405754967082
2011,3.56074738187908,0.709653457023256,77.7615100826164,22.2099443839442,388.807550413082,181,24,0.396362270227033,83.6621631325031,16.3378368674969
2011,3.59078996006878,0.714793295409257,78.3941638634747,22.2645462568541,391.970819317374,182,24,0.435914547779702,83.4653341686265,16.5346658313735
2011,3.61734358406962,0.7199624653322,79.024904638498,22.3186781498787,395.12452319249,183,24,0.444093372792051,83.2707558747262,16.7292441252737
2011,3.64289626706571,0.725119313680135,79.6593088923215,22.3728215409109,398.296544461607,184,24,0.443703915013375,83.0783352276927,16.9216647723073
2011,3.66812787618458,0.730228260457881,80.2988895605538,22.427103344851,401.494447802769,185,24,0.442634094493297,82.888739432201,17.111260567799
2011,3.69699492718661,0.735257939037314,80.9437179148578,22.4815263199586,404.718589574289,186,24,0.479201316235513,82.7029276460063,17.2970723539937
2011,3.72107327182303,0.740180910551131,81.5869930200323,22.5355179458216,407.934965100161,187,24,0.475766803997023,82.5230745928313,17.4769254071687
2011,3.74483760499094,0.744967062423114,82.2357569853987,22.5896705889757,411.178784926993,188,24,0.475983542657623,82.3489385088686,17.6510614911314
2011,3.76537291544476,0.749586856646522,82.889216090652,22.6439149737204,414.44608045326,189,24,0.454130886852153,82.1816042212531,17.8183957787469
2011,3.7873809285351,0.754011678764585,83.5511377295151,22.6985588247486,417.755688647576,190,24,0.455073420639826,82.0230097624226,17.9769902375774
2011,3.80837684779003,0.758201433032283,84.2172566013089,22.7532454155531,421.086283006545,191,24,0.457543715963448,81.8739892870513,18.1260107129487
2011,3.82930075230784,0.762107000016095,84.8870639971783,22.8079316844095,424.435319985892,192,24,0.472365685809884,81.7344093579226,18.2655906420774
2011,3.84638392111311,0.765672498701992,85.5580744228368,22.8624154429849,427.790372114184,193,24,0.467729297222499,81.6051698454089,18.3948301545911
2011,3.86417796845253,0.768829932959743,86.2334106829014,22.9169505663771,431.167053414507,194,24,0.48863295996976,81.4860197826086,18.5139802173914
2011,3.87811936060486,0.771500585265299,86.9081061088591,22.9711374990356,434.540530544296,195,24,0.496637343705569,81.3779071759177,18.6220928240823
2011,3.68266751839324,0.732480607201552,87.5839693028263,23.0251250547263,437.919846514131,196,24,0.502833776744401,80.7855553644644,19.2144446355356
2011,3.68943740165152,0.733856323873612,88.2194824094744,23.0756252300301,441.097412047372,197,24,0.504232609481265,80.7007206729044,19.2992793270956
2011,3.69447518052605,0.734484403912763,88.8560497951971,23.1259556348201,444.280248975986,198,24,0.526823830030457,80.6259295893243,19.3740704106757
2011,3.69543192277033,0.73500595396001,89.4890858103606,23.1757582253771,447.445429051803,199,24,0.512219078837894,80.5820450696052,19.4179549303948
2011,3.7000045762821,0.736142254265542,90.1252128242787,23.2255572611988,450.626064121393,200,24,0.503356427475432,80.5910410954132,19.4089589045868
2011,3.70754353926326,0.737949219431465,90.7640047393266,23.2753190022661,453.820023696633,201,24,0.490655327141437,80.6504389990948,19.3495610009052
2011,3.71964982855799,0.740493847824939,91.4068216311312,23.3251484900358,457.034108155656,202,24,0.486707188420671,80.7588848368867,19.2411151631133
2011,3.73772774038576,0.743859298930224,92.0528254137544,23.3749795665026,460.264127068772,203,24,0.501026725384286,80.9155013479099,19.0844986520901
2011,3.7603438853336,0.748145540937725,92.6995559130858,23.4246231513485,463.497779565429,204,24,0.514712572668264,81.1197242563154,18.8802757436846
2011,3.78824995253033,0.753470174040316,93.3480466148419,23.4741600608072,466.740233074209,205,24,0.529348140797036,81.3704153310737,18.6295846689263
2011,3.82378772581552,0.759969237085485,93.9991645908171,23.5236569365216,469.995822954086,206,24,0.56291884002876,81.6664105866921,18.3335894133079
2011,3.86059296054594,0.767797440858673,94.6506481185927,23.5729430127357,473.253240592964,207,24,0.538314509799856,82.0068843633768,17.9931156366232
2011,3.89616237378288,0.777129317314808,95.3143847248482,23.6229135064852,476.571923624241,208,24,0.435461245364647,82.3886697243932,17.6113302756068
2011,3.96203617269192,0.788158896452357,96.0057754807556,23.6747087546605,480.028877403778,209,24,0.534750827824256,82.807952899854,17.192047100146
2011,4.02934268061668,0.801090186202936,96.6904503163699,23.7257453129535,483.45225158185,210,24,0.561207396336842,83.2675685027752,16.7324314972248
2011,4.10510278353114,0.816162929698391,97.3832615468037,23.7771326206007,486.916307734019,211,24,0.563764098956823,83.7672082667173,16.2327917332827
2011,3.95183575456232,0.786338134099876,98.0906782713045,23.8293410047139,490.453391356523,212,24,0.528446755985362,83.8392181037293,16.1607818962707
2012,2.78246173205823,0.556438336843877,54.5,19.9420239553624,272.5,141,24,0.230086033191145,89.4732832690158,10.5267167309842
2012,2.8020525045006,0.560107056816943,55.0104485544076,19.9984394546982,275.052242772038,142,24,0.239579583684474,89.356885249485,10.643114750515
2012,2.82201043281314,0.564138452378394,55.5229150250959,20.0547121413648,277.61457512548,143,24,0.240000679938404,89.2382780779911,10.7617219220089
2012,2.8434721800815,0.568415270360566,56.0392872551853,20.1110487467733,280.196436275927,144,24,0.242185403718838,89.1162249253694,10.8837750746306
2012,2.86644405897123,0.572835249276966,56.5595131940925,20.1674411086813,282.797565970463,145,24,0.249476435463533,88.990039555974,11.0099604440261
2012,2.89093899323936,0.577304806295506,57.0828735131986,20.2238096239074,285.414367565993,146,24,0.265479509940303,88.8601932463972,11.1398067536029
2012,2.91406023671333,0.581766345062663,57.607930319466,20.2800000577517,288.03965159733,147,24,0.272791913177971,88.7250662717546,11.2749337282454
2012,2.93598307723911,0.586154852560145,58.1361469142328,20.3361696184468,290.680734571164,148,24,0.274353452694018,88.5851230140038,11.4148769859962
2012,2.95280631601769,0.590423448482223,58.6684336848276,20.3924133191415,293.342168424138,149,24,0.246338204923601,88.4404574001929,11.5595425998071
2012,2.97545961434537,0.594536311558167,59.2096859545397,20.4492408369145,296.048429772699,150,24,0.261427330855255,88.2905545004258,11.7094454995742
2012,3.171641177911,0.633484577880302,59.752448719164,20.5058645235336,298.76224359582,151,24,0.272710936926082,88.4557973171206,11.5442026828794
2012,3.19115605513977,0.637417656167918,60.3321886196206,20.5659512810743,301.660943098103,152,24,0.273691481111394,88.2956704998499,11.7043295001501
2012,3.20932579564812,0.641119102166212,60.9156326379577,20.6260170301415,304.578163189789,153,24,0.273502706513738,88.1328286631611,11.8671713368389
2012,3.22405051335099,0.644584940149076,61.5027454568454,20.6860570773804,307.513727284227,154,24,0.259397497017289,87.9690857604349,12.0309142395651
2012,3.23798825864648,0.647808037906997,62.0956211971761,20.7462824492811,310.478105985881,155,24,0.248602162766603,87.8044288237306,12.1955711762694
2012,3.25644614939674,0.650782787091912,62.6934403078322,20.8066055374071,313.467201539161,156,24,0.271948513851956,87.638961329896,12.3610386701039
2012,3.27294698120049,0.653510196585405,63.2902782936383,20.8664310172651,316.451391468191,157,24,0.292418223097267,87.4744844577098,12.5255155422902
2012,3.28584569527278,0.655991678034893,63.8863189102105,20.9257854292923,319.431594551052,158,24,0.297783867327499,87.3118073387366,12.6881926612634
2012,3.29616888131958,0.658228811445108,64.4838623793235,20.9849033371877,322.419311896618,159,24,0.294081236206162,87.1513982720838,12.8486017279162
2012,3.30571630055332,0.660223405784803,65.0842070613847,21.0439151211428,325.421035306923,160,24,0.293339917924385,86.9939037796553,13.0060962203447
2012,3.3146068015669,0.661977352487624,65.6866053340739,21.1027486568416,328.43302667037,161,24,0.296232598270185,86.8403246358623,13.1596753641377
2012,3.32269971593958,0.66349180310795,66.2901988034585,21.1613229515936,331.450994017293,162,24,0.301841869745145,86.6916861431469,13.3083138568531
2012,3.32818650311242,0.664766668084291,66.8942844207366,21.2195740038028,334.471422103683,163,24,0.297989769221182,86.5489885081008,13.4510114918992
2012,3.33441946506302,0.665799663212295,67.5002330185502,21.2776375290651,337.501165092751,164,24,0.307353858367167,86.4128752782222,13.5871247217778
2012,3.33999400470782,0.666587390835349,68.1055503576698,21.3352789716432,340.527751788349,165,24,0.321028354458904,86.2846403202741,13.7153596797259
2012,3.34304086311929,0.667123446720733,68.7092424480204,21.392411107912,343.546212240102,166,24,0.325915105891236,86.165308290308,13.834691709692
2012,3.34472425473214,0.667397559523973,69.3125610797902,21.4491594260717,346.562805398951,167,24,0.330475228410944,86.0555007830587,13.9444992169412
2012,3.34583450036101,0.667738734321301,69.9152986443487,21.5055103473464,349.576493221744,168,24,0.328352137911912,85.9423556571933,14.0576443428067
2012,3.34900002152602,0.66848022466263,70.5186769080437,21.5615830539497,352.593384540219,169,24,0.326595754094668,85.8131337074764,14.1868662925236
2012,3.35508413755029,0.669634469652542,71.1230333166735,21.6174124536809,355.615166583367,170,24,0.331050324247664,85.6695410941876,14.3304589058125
2012,3.36324305106468,0.671226870665298,71.7277091168722,21.6729414262449,358.638545584361,171,24,0.334645641338959,85.5137773171517,14.4862226828483
2012,3.37411700539946,0.673281394777641,72.3332908341588,21.7282275498787,361.666454170794,172,24,0.341260729750698,85.3479028300065,14.6520971699935
2012,3.38726343979467,0.675810834739673,72.9397172208481,21.7832684499465,364.698586104241,173,24,0.347138824931024,85.1739594934655,14.8260405065345
2012,3.40334721830219,0.678810852998777,73.5475898596567,21.8381214548557,367.737949298284,174,24,0.357585949290337,84.9936231296222,15.0063768703778
2012,3.421726318232,0.682259257216713,74.1565820824526,21.8927595444577,370.782910412263,175,24,0.368633145505825,84.8084271931089,15.1915728068911
2012,3.44245479193157,0.686117670496191,74.7670325997986,21.9472155102492,373.835162998993,176,24,0.382335391043505,84.6195054414192,15.3804945585809
2012,3.4640875312584,0.690335849994366,75.3788799199445,22.001486012402,376.894399599723,177,24,0.388768284049513,84.4278274940966,15.5721725059034
2012,3.48707533423732,0.694855768094038,75.993758397313,22.0557169436853,379.968791986565,178,24,0.393907107216937,84.2339097066524,15.7660902933476
2012,3.51058225159498,0.699616821131405,76.6121974506072,22.1099542956597,383.060987253036,179,24,0.393248693028594,84.0383673471885,15.9616326528115
2012,3.5353283986887,0.704558949387842,77.2354599164784,22.1643068083027,386.177299582392,180,24,0.395387828059376,83.8416604558811,16.1583395441189
2012,3.56228374434361,0.70962590197876,77.863233657447,22.2187445846859,389.316168287235,181,24,0.410965230896435,83.6445391193739,16.3554608806261
2012,3.58781866263512,0.714766909899595,78.4932723691981,22.2730720710538,392.466361845991,182,24,0.411305416261669,83.4481381526077,16.5518618473923
2012,3.61210608286715,0.719935510913182,79.1283389370392,22.3275263947129,395.641694685196,183,24,0.400047818321369,83.2527878279467,16.7472121720533
2012,3.63841420487801,0.725091077622847,79.7705028750511,22.3822804364168,398.852514375256,184,24,0.406331293484223,83.0590022209828,16.9409977790172
2012,3.66413076348731,0.730199262632853,80.4166595002305,22.4370657067789,402.083297501152,185,24,0.409689607624946,82.8682523167014,17.1317476832986
2012,3.690088293598,0.735228599720918,81.0672749546362,22.4919199036097,405.336374773181,186,24,0.418421143555601,82.6814309618455,17.3185690381546
2012,3.71149479149505,0.740150330890906,81.7213221754771,22.5467550378968,408.606610877385,187,24,0.394132606730633,82.4997103419222,17.5002896580778
2012,3.73916783245749,0.744934810719613,82.3844943529686,22.6020437827594,411.922471764843,188,24,0.426994362640319,82.323087613579,17.676912386421
2012,3.76221598103759,0.749554574645936,83.0466139634123,22.6569361802362,415.233069817061,189,24,0.428560671142643,82.1542816255291,17.8457183744709
2012,3.78275396972967,0.75398049679774,83.7130145426761,22.71187635277,418.565072713381,190,24,0.417277805130319,81.9949598596793,18.0050401403206
2012,3.80410680626802,0.758171179079941,84.3857631711293,22.7670315521255,421.928815855646,191,24,0.422682657915087,81.844858586092,18.155141413908
2012,3.82306726068835,0.762078014768425,85.0616844672148,22.8221390816458,425.308422336074,192,24,0.420096386382555,81.7043073152724,18.2956926847277
2012,3.84021588923932,0.765644516945761,85.7418974173476,22.8772892489921,428.709487086738,193,24,0.416723311813171,81.5735867544821,18.4264132455179
2012,3.85666235354859,0.768803224005082,86.4261961928378,22.9324638473384,432.130980964189,194,24,0.424316529957203,81.4530222709634,18.5469777290367
2012,3.87196664868141,0.771475002347064,87.1122462482574,22.987474845217,435.561231241287,195,24,0.442971447179499,81.3431126991036,18.6568873008964
2012,3.67719082353302,0.732465927146715,87.7976059894137,23.0421298127275,438.988029947068,196,24,0.451419815278992,80.7485046568875,19.2514953431125
2012,3.68375080658645,0.733843343068704,88.4422999280037,23.0932710761417,442.211499640019,197,24,0.450798321168954,80.6622561970588,19.3377438029412
2012,3.6869517525734,0.734472887388878,89.0884096957503,23.1442646322152,445.442048478752,198,24,0.453792117663041,80.5860110388672,19.4139889611328
2012,3.69002671482996,0.734995726571748,89.7345396354184,23.1950026563831,448.672698177092,199,24,0.460589474155864,80.5401286905235,19.4598713094765
2012,3.69689220893158,0.736133861700002,90.3799030690589,23.2454269464625,451.899515345294,200,24,0.474124239279268,80.5479063677639,19.4520936322361
2012,3.70581195978822,0.737943143818639,91.0239098589746,23.2954956955011,455.119549294873,201,24,0.475190563265965,80.6068807597361,19.3931192402639
2012,3.71717356241508,0.740490503889991,91.6694637855616,23.3454375499746,458.347318927808,202,24,0.464293208243792,80.7154238030601,19.2845761969399
2012,3.73469093051509,0.743859099766793,92.3194450672515,23.3954748759817,461.597225336257,203,24,0.472587070560172,80.8720366204572,19.1279633795428
2012,3.75725693377243,0.748149050725687,92.9712455826463,23.4454062874349,464.856227913232,204,24,0.485014850124328,81.0761890617242,18.9238109382758
2012,3.78644801926758,0.753478113386239,93.6250473106506,23.4952464960822,468.125236553253,205,24,0.511646076537613,81.3268887962447,18.6731112037553
2012,3.81780817144664,0.759982389056744,94.2793335744006,23.5448813839423,471.396667872003,206,24,0.501246503279727,81.6233435149277,18.3766564850723
2012,3.85535158544307,0.767817327107448,94.9419433770593,23.5949036264539,474.709716885296,207,24,0.486554782220444,81.9631916848412,18.0368083151588
2012,3.90332167317827,0.77715732303967,95.6149704452593,23.6454638270051,478.074852226297,208,24,0.499389663538103,82.3447930861586,17.6552069138414
2012,3.95906506687733,0.788194242537498,96.2949932744031,23.6962982734786,481.474966372016,209,24,0.505095403494492,82.7669832864251,17.2330167135749
2012,4.0248687431203,0.801136170432716,96.9849909245512,23.7476232837692,484.924954622756,210,24,0.515482914439994,83.2271940249378,16.7728059750622
2012,4.09937532505369,0.816222087072438,97.6860374535136,23.7995101718316,488.430187267568,211,24,0.506359288329734,83.727173222554,16.272826777446
2012,3.94856130194576,0.78641623175703,98.4037738861262,23.8523641611241,492.018869430631,212,24,0.494265461855672,83.7983482170876,16.2016517829124
2013,2.78403751489227,0.556438336843877,54.5,19.9420239553624,272.5,141,24,0.239993432846191,89.4732832690158,10.5267167309842
2013,2.80452287702858,0.560106729282993,55.0087822310434,19.9982558850609,275.043911155217,142,24,0.255843159641662,89.3571559821631,10.6428440178369
2013,2.82471179832012,0.564137718301906,55.5184900661507,20.0542278000222,277.592450330753,143,24,0.25774269405823,89.2389995003123,10.7610004996877
2013,2.84512501736311,0.568414261707252,56.0318541807136,20.110240364586,280.159270903568,144,24,0.252906493031712,89.1174411259237,10.8825588740763
2013,2.86546475629951,0.572834267849505,56.5502664941854,20.1664419310512,282.751332470927,145,24,0.243207175206338,88.9915581678854,11.0084418321146
2013,2.88730501454249,0.577304170957779,57.0746848373354,20.2229304423,285.373424186677,146,24,0.241724388097271,88.8615432524847,11.1384567475153
2013,2.91310928329048,0.581766137755082,57.6037659023931,20.2795557980726,288.018829511965,147,24,0.26622586465714,88.7257556202972,11.2742443797028
2013,2.93554588782685,0.586154782417682,58.1331055322378,20.3358472237722,290.665527661189,148,24,0.271315286050794,88.5856285857484,11.4143714142516
2013,2.95881126071428,0.590423454706869,58.6659125105535,20.3921477610357,293.329562552768,149,24,0.286597516359483,88.4408783078565,11.5591216921435
2013,2.97973227697445,0.594536562232214,59.2003139175664,20.4482599285391,296.001569587832,150,24,0.290901763988925,88.2921260073063,11.7078739926937
2013,3.17546284159614,0.63348562554691,59.7380363695173,20.5043655991181,298.690181847587,151,24,0.298242452725257,88.4581631383744,11.5418368616256
2013,3.19599743234764,0.637419468870659,60.3134343662104,20.564013821659,301.567171831052,152,24,0.306314660257546,88.2987628451919,11.7012371548081
2013,3.21514399133249,0.641121996031436,60.8913221151629,20.6235222781351,304.456610575814,153,24,0.312860400965646,88.1368547974801,11.8631452025199
2013,3.23310010380283,0.644589277335925,61.4717271580312,20.6828950647837,307.358635790156,154,24,0.319405535118304,87.9742443745448,12.0257556254552
2013,3.24955454264799,0.647814591739935,62.0544113743946,20.7421092744098,310.272056871973,155,24,0.32387856721838,87.8113096396566,12.1886903603433
2013,3.26451758330638,0.650792318812528,62.6394886916008,20.8011780361029,313.197443458004,156,24,0.326513611751126,87.6480034308254,12.3519965691746
2013,3.27853267160963,0.653522387036653,63.2270282611706,20.8601096752335,316.135141305853,157,24,0.33137091079325,87.485121866162,12.514878133838
2013,3.28834138518609,0.656006169852078,63.8163958672081,20.9188424479215,319.08197933604,158,24,0.314343044929901,87.3236042963398,12.6763957036602
2013,3.29965069692896,0.658244833739841,64.4111270891807,20.9777277416177,322.055635445904,159,24,0.3173128697508,87.1637040815691,12.8362959184309
2013,3.31085929278799,0.660241185023998,65.007522298358,21.0363984687588,325.03761149179,160,24,0.328438195342186,87.006908855554,12.993091144446
2013,3.32162350411369,0.661997358681652,65.6039300557199,21.0946964575397,328.019650278599,161,24,0.345737412871544,86.8543729863917,13.1456270136083
2013,3.33031431920688,0.663514662589193,66.1990265140063,21.1524992527066,330.995132570031,162,24,0.356766836199086,86.7072010648137,13.2927989351863
2013,3.33730831676356,0.664792643428032,66.7936507639814,21.2098955768715,333.968253819907,163,24,0.364021924079346,86.5661297135829,13.4338702864171
2013,3.34184803534131,0.665829256724705,67.3882181077685,21.2669314277688,336.941090538842,164,24,0.361207478518369,86.431962473593,13.568037526407
2013,3.34456039860521,0.666620018028013,67.9842513844288,21.3237569484738,339.921256922144,165,24,0.353694182571822,86.3053052177041,13.6946947822959
2013,3.34629749428272,0.667158032900299,68.5823246602449,21.3804290092267,342.911623301224,166,24,0.348612877304968,86.186912331177,13.813087668823
2013,3.34934812538871,0.667433503381994,69.1817562360816,21.4368852021214,345.908781180408,167,24,0.364358950193393,86.0777330441176,13.9222669558824
2013,3.35169095291929,0.667776502671397,69.7786430919615,21.4927639655775,348.893215459807,168,24,0.371988914387802,85.9655510976062,14.0344489023938
2013,3.35731101329794,0.66852028740916,70.3744666665669,21.5482119150542,351.872333332835,169,24,0.390602492826482,85.8376009919932,14.1623990080068
2013,3.36360608088611,0.669677822721272,70.9676854405349,21.603093355352,354.838427202675,170,24,0.397476516166237,85.6959075299914,14.3040924700086
2013,3.3711984366436,0.671273636250928,71.5607820927961,21.6576447827753,357.80391046398,171,24,0.396406197244223,85.5421372665981,14.4578627334019
2013,3.38212316458945,0.673331332992917,72.1556046824776,21.7120393762305,360.778023412388,172,24,0.404299757177544,85.3781353986372,14.6218646013628
2013,3.39665825578546,0.675863991600738,72.7510266106698,21.7661766722793,363.755133053349,173,24,0.423569525443528,85.2061231907275,14.7938768092725
2013,3.41122041484211,0.678867866392041,73.3454944129823,21.8199200153299,366.727472064912,174,24,0.421388731302836,85.0281428750947,14.9718571249053
2013,3.42668113941904,0.682319439769779,73.943303329682,21.8736601225225,369.71651664841,175,24,0.40708197566203,84.8449370588992,15.1550629411008
2013,3.444013930397,0.686179667876661,74.5470579148325,21.9276282434251,372.735289574163,176,24,0.391903383039614,84.6572459008365,15.3427540991635
2013,3.46837474826987,0.690398113475659,75.1573065462354,21.981868165041,375.786532731177,177,24,0.42256008882568,84.4659267629089,15.5340732370911
2013,3.49087487052298,0.694919365945616,75.7662873383956,22.035690261035,378.831436691978,178,24,0.423380054092156,84.2731077899081,15.7268922100919
2013,3.51390915088206,0.699681365417698,76.3795951637799,22.089590908821,381.8979758189,179,24,0.418174276698833,84.0785319468459,15.9214680531541
2013,3.54000571708033,0.704624011784449,76.9985415691764,22.1436821397823,384.992707845882,180,24,0.432388710084262,83.8826478628024,16.1173521371976
2013,3.56559305392426,0.709691833187104,77.6198544949886,22.1976762515955,388.099272474943,181,24,0.436361879670328,83.6867160068942,16.3132839931058
2013,3.59056789396806,0.714832885898972,78.2454799058054,22.2517416117327,391.227399529027,182,24,0.431451884484959,83.4911431456371,16.5088568543629
2013,3.61632711772991,0.720000998170749,78.8770714409274,22.3060177958306,394.385357204637,183,24,0.432469559480043,83.2964480940533,16.7035519059467
2013,3.6427676897902,0.725156323982677,79.5135998959887,22.360412629543,397.567999479944,184,24,0.440200584341165,83.1036808557766,16.8963191442234
2013,3.66999553487189,0.730263981430724,80.1538583163099,22.4148209000246,400.76929158155,185,24,0.457467870458585,82.9139807426864,17.0860192573137
2013,3.69432622204863,0.735293004388673,80.7960963480555,22.4690939269987,403.980481740277,186,24,0.451715782626191,82.7286236161522,17.2713763838478
2013,3.71911140221,0.740213397221628,81.4443378904353,22.5235702301591,407.221689452176,187,24,0.455219725240458,82.5478993718999,17.4521006281001
2013,3.74379754257863,0.744997199902585,82.0968219846193,22.5780987390188,410.484109923096,188,24,0.464152631305837,82.3730982631564,17.6269017368436
2013,3.76598121848073,0.749614919072813,82.7524423863741,22.6325859615062,413.762211931871,189,24,0.457756898910443,82.2053593066805,17.7946406933195
2013,3.78825926011911,0.754038149962914,83.4137636842836,22.687243014315,417.068818421418,190,24,0.461208670110967,82.0468267344064,17.9531732655936
2013,3.80888025191703,0.758226293020735,84.0788345159283,22.7419062100932,420.394172579642,191,24,0.460347078417938,81.8979324076657,18.1020675923343
2013,3.82918023130637,0.762130057678642,84.7481854234031,22.7966177550254,423.740927117016,192,24,0.469570381042233,81.7583635990271,18.2416364009729
2013,3.84677013564198,0.765693559526551,85.419734460422,22.8512071444287,427.09867230211,193,24,0.469673904922212,81.6289522275319,18.3710477724681
2013,3.86486422043681,0.76884914114653,86.0947628261797,22.9057787452404,430.473814130898,194,24,0.493604154118038,81.5097651941238,18.4902348058762
2013,3.8780434006087,0.771518063940507,86.7686052059497,22.9599578446163,433.843026029749,195,24,0.494429624629714,81.401698991573,18.598301008427
2013,3.68056913132371,0.732490161134994,87.4448988730112,23.0140399782354,437.224494365056,196,24,0.480758919961075,80.809689844867,19.190310155133
2013,3.68772379772979,0.733864187873757,88.084411541538,23.0649132789106,440.42205770769,197,24,0.486019478851369,80.7240529897686,19.2759470102314
2013,3.69003107322292,0.734490927794547,88.7242831279913,23.1155581362134,443.621415639957,198,24,0.480553896534228,80.6485817012771,19.3514182987229
2013,3.69320329772391,0.73501108651212,89.3656886494822,23.1660695610132,446.828443247411,199,24,0.488816437903629,80.6031318745789,19.3968681254211
2013,3.69897186463547,0.736146167493111,90.0060546768059,23.216247686403,450.03027338403,200,24,0.492235562034519,80.6112355179425,19.3887644820575
2013,3.70948843629437,0.737951938327555,90.6468684321696,23.2662124287268,453.234342160848,201,24,0.509620822676123,80.6700834029345,19.3299165970655
2013,3.72273125699054,0.740495354027755,91.2862854881251,23.3158234900846,456.431427440625,202,24,0.51718582798105,80.7788441202813,19.2211558797187
2013,3.73417401426264,0.743859351824758,91.9268143910275,23.3652785777609,459.634071955138,203,24,0.466116418399435,80.9360577462241,19.063942253776
2013,3.75565776285729,0.748143943115843,92.5798211424782,23.4154504577115,462.899105712391,204,24,0.468476391694517,81.1389230552832,18.8610769447168
2013,3.78528863613374,0.75346692067013,93.2366267098542,23.4656660188793,466.183133549271,205,24,0.498948167180653,81.3879344842341,18.6120655157659
2013,3.82035694209756,0.75996419430778,93.8932370913003,23.5156208195471,469.466185456501,206,24,0.526116242093195,81.6827036075666,18.3172963924334
2013,3.86349416379621,0.767790584301728,94.5513995792263,23.5654499535934,472.756997896131,207,24,0.569364618574987,82.021780080716,17.978219919284
2013,3.91299999805449,0.777119439704322,95.2095108598146,23.6150340739593,476.047554299073,208,24,0.60125517871427,82.4039874629124,17.5960125370877
2013,3.96797825837148,0.788142270465045,95.8711152238603,23.6646411725335,479.355576119302,209,24,0.598537101718852,82.8270399932592,17.1729600067408
2013,4.03093674265192,0.801067135101375,96.5442276934709,23.7148668904488,482.721138467354,210,24,0.578623152916662,83.2876242313456,16.7123757686544
2013,4.10698063175184,0.816133473654118,97.2338818567338,23.7660744045274,486.169409283669,211,24,0.584265781889851,83.7869718898876,16.2130281101124
2013,3.95611215410621,0.786299646009637,97.93758150401,23.8180645460016,489.68790752005,212,24,0.574396967081856,83.8592144302193,16.1407855697807
2014,2.78834823596326,0.556438336843877,54.5,19.9420239553624,272.5,141,24,0.26933069147964,89.4732832690158,10.5267167309842
2014,2.80665119007442,0.560105745118098,55.0037769235309,19.9977044546843,275.018884617654,142,24,0.270748963163374,89.3579692181172,10.6420307818828
2014,2.82462442438837,0.564136463196091,55.5109292758721,20.053400158708,277.554646379361,143,24,0.257164308491588,89.2402321948408,10.7597678051592
2014,2.84663330086426,0.56841324811523,56.0243916170055,20.1094287001131,280.121958085027,144,24,0.263104310596163,89.1186621793658,10.8813378206343
2014,2.8691048924463,0.572833289988557,56.5410660487179,20.1654476385488,282.70533024359,145,24,0.267337932115707,88.9930692261446,11.0069307738554
2014,2.89309968231526,0.577303137041748,57.0613863000531,20.22150245032,285.306931500266,146,24,0.280668797434926,88.8637357561261,11.1362642438739
2014,2.91562467300513,0.581765142379892,57.5838374657339,20.2774295241251,287.91918732867,147,24,0.283884548419984,88.7290545578729,11.2709454421271
2014,2.93888749099907,0.58615424911682,58.1101485135346,20.3334133386795,290.550742567673,148,24,0.295275154080857,88.5894449068436,11.4105550931564
2014,2.95937973179547,0.590423516760305,58.6388319314277,20.3892948316563,293.194159657139,149,24,0.290627268741128,88.4453995946896,11.5546004053103
2014,2.98045901407307,0.594537299334012,59.1725411964166,20.4453525079944,295.862705982083,150,24,0.296107134615605,88.2967832208826,11.7032167791174
2014,3.17658020183646,0.63348770260284,59.7093680442347,20.5013832641425,298.546840221174,151,24,0.30598601547981,88.462869424795,11.537130575205
2014,3.19576315301386,0.637422360366455,60.283440932782,20.5609143951059,301.41720466391,152,24,0.304419978940192,88.3037087675628,11.6962912324373
2014,3.21363816885652,0.641125519247663,60.8616609073783,20.6204774971098,304.308304536891,153,24,0.301869616057423,88.1417674886224,11.8582325113776
2014,3.23229936781683,0.644593152409637,61.4439630933678,20.6800638462783,307.219815466839,154,24,0.313299963472091,87.9788622084089,12.0211377915911
2014,3.24996417001091,0.647818831265076,62.0277084247032,20.7394041285175,310.138542123516,155,24,0.326670286037654,87.815768718477,12.184231281523
2014,3.26498981382999,0.650797112629559,62.6123094726603,20.7984425882569,313.061547363301,156,24,0.329764554656133,87.652559161163,12.347440838837
2014,3.27949792332233,0.653527724177642,63.1992934587144,20.8573364103395,315.996467293572,157,24,0.338413103775124,87.4897869933535,12.5102130066465
2014,3.28987421632256,0.656012161303693,63.7874458464285,20.9159663147895,318.937229232142,158,24,0.325130615771734,87.3284893324093,12.6715106675907
2014,3.30072492461453,0.658251609983769,64.3803263062186,20.9746874324582,321.901631531093,159,24,0.32474296170293,87.1689160238448,12.8310839761552
2014,3.3119309184744,0.660248612290255,64.9754505495077,21.0332529581186,324.877252747539,160,24,0.33605621231736,87.0123489107952,12.9876510892048
2014,3.32153862514234,0.662005427813203,65.5705492542285,21.0914433136946,327.852746271143,161,24,0.344624385356069,86.8600461953784,13.1399538046216
2014,3.32905370558587,0.663522972307104,66.1658515879618,21.1492864654487,330.829257939809,162,24,0.346354936234872,86.712847641602,13.287152358398
2014,3.33475176344132,0.664800726599067,66.7623063506592,21.2068789569861,333.811531753296,163,24,0.343326701500243,86.571469851914,13.428530148086
2014,3.34089922334903,0.665836572976004,67.360501680658,21.2642804479553,336.80250840329,164,24,0.353219552718635,86.4366864044982,13.5633135955018
2014,3.34578028888339,0.666627088862901,67.9579430133224,21.3212560618736,339.789715066612,165,24,0.363062069172249,86.3097882914855,13.6902117085145
2014,3.34915768856604,0.667165640484439,68.5543869211932,21.3777893783975,342.771934605966,166,24,0.371150161729883,86.1916691303202,13.8083308696798
2014,3.35124127512884,0.667442255515358,69.1498833355691,21.4338919211427,345.749416677846,167,24,0.37956182037079,86.083151780633,13.916848219367
2014,3.35260539102988,0.667786040727921,69.7441085529681,21.4895400445869,348.720542764841,168,24,0.379095025176552,85.9714145276655,14.0285854723345
2014,3.35548887631848,0.668530218937244,70.3386941385799,21.5448921392127,351.693470692899,169,24,0.374502342432552,85.8436721079614,14.1563278920386
2014,3.36226760514725,0.669687003307832,70.9347688885922,21.600056487407,354.673844442961,170,24,0.385286117193247,85.7014960391001,14.2985039608999
2014,3.36982852472735,0.671282245156657,71.530036283721,21.6548246265324,357.650181418605,171,24,0.384043871029811,85.54736252201,14.45263747799
2014,3.38102886916263,0.673339352100464,72.1270577050075,21.7094360018552,360.635288525037,172,24,0.394159524332103,85.3829942231884,14.6170057768116
2014,3.39406927281739,0.67587152066665,72.7242891581001,21.7637522696775,363.621445790501,173,24,0.399640216189628,85.2106824338534,14.7893175661466
2014,3.40996117330942,0.678874202822862,73.3230253548776,21.8178942132593,366.615126774388,174,24,0.409525303733654,85.0319822497225,14.9680177502775
2014,3.4279382161793,0.68232517976824,73.9229553968799,21.8718359302221,369.6147769844,175,24,0.418046209141033,84.8484216762058,15.1515783237942
2014,3.44886967420091,0.686185948342374,74.524768822325,21.9256413029588,372.623844111625,176,24,0.435039900398242,84.6610715610011,15.3389284389989
2014,3.46975348689627,0.690406526825265,75.1273616087933,21.9792137845831,375.636808043966,177,24,0.434775577951598,84.4710779808931,15.5289220191069
2014,3.49154944467429,0.694928343185841,75.7341754840867,22.0328597408762,378.670877420433,178,24,0.428982119250037,84.2786438223801,15.7213561776199
2014,3.51475268537017,0.699690549235983,76.3464982947755,22.086689901104,381.732491473877,179,24,0.425181778153432,84.0842495846829,15.9157504153171
2014,3.53929555235871,0.704633439734961,76.9642124254052,22.1406899863556,384.821062127026,180,24,0.425371488554385,83.8885896938626,16.1114103061374
2014,3.56624545165915,0.709700792125521,77.5867873224284,22.1948102112711,387.933936612142,181,24,0.441805940033346,83.6924492298926,16.3075507701074
2014,3.59205483590542,0.714841946857268,78.2114549618967,22.2488090034885,391.057274809483,182,24,0.444444537552005,83.497051193884,16.5029488061159
2014,3.61743568113184,0.720010467858624,78.8407459556036,22.3029043704312,394.203729778018,183,24,0.44189808724201,83.3027632314516,16.6972367685484
2014,3.6446070193546,0.725165974921635,79.4756110851969,22.3571748112159,397.378055425984,184,24,0.456510142843165,83.1102910526956,16.8897089473044
2014,3.67026061994607,0.730274052693068,80.1129761859483,22.4113558650089,400.564880929742,185,24,0.459284066153016,82.9210982537807,17.0789017462193
2014,3.69582520824617,0.735302791034824,80.7549048086186,22.4656220331475,403.774524043093,186,24,0.46498085949775,82.7357961122828,17.2642038877172
2014,3.72115730479806,0.740223315707172,81.4007939849922,22.5199204163808,407.003969924961,187,24,0.473661979004517,82.5554794012342,17.4445205987658
2014,3.74597981313926,0.745007358828059,82.0499997459106,22.5741958554729,410.249998729553,188,24,0.484124047711284,82.3812430281284,17.6187569718716
2014,3.77048210339337,0.749625257859914,82.7020633663623,22.6284097614688,413.510316831811,189,24,0.499796208862081,82.2141121795686,17.7858878204315
2014,3.79304667978165,0.754049306537844,83.3558781517078,22.6824709624555,416.779390758539,190,24,0.506083414343136,82.0568660787928,17.9431339212072
2014,3.81472101305672,0.758238130825237,84.0129329191659,22.736503137028,420.06466459583,191,24,0.515355427646651,81.9093357444207,18.0906642555793
2014,3.8343335381247,0.762142633219019,84.6724519669544,22.7904425818522,423.362259834772,192,24,0.518284091876468,81.771431433714,18.228568566286
2014,3.8520687472399,0.765706415965,85.3352909037301,22.844359311109,426.67645451865,193,24,0.519570333390358,81.6434749871594,18.3565250128406
2014,3.86773812064594,0.768862074747931,86.001402001328,22.8982489484598,430.00701000664,194,24,0.520737615075188,81.5257612564627,18.4742387435373
2014,3.88248967829812,0.771530366944697,86.6703951060098,22.9520797342465,433.351975530049,195,24,0.537587352333626,81.4184558506865,18.5815441493135
2014,3.6860486137773,0.732497438066479,87.3389493650448,23.0055866672469,436.694746825224,196,24,0.53647258606249,80.8280847856831,19.1719152143169
2014,3.69700855030779,0.733870937696129,87.9684184260576,23.0557051701067,439.842092130288,197,24,0.585725812172521,80.7440990424194,19.2559009575806
2014,3.69875324783563,0.734497560136415,88.5902093593779,23.1049675353845,442.951046796889,198,24,0.572398913857946,80.6716416546815,19.3283583453185
2014,3.70163005458116,0.735017345447026,89.2149946971247,23.1542250043642,446.074973485624,199,24,0.578635695708687,80.6288961685829,19.3711038314171
2014,3.70983127706582,0.736151635642292,89.8390873273825,23.2031884171662,449.195436636912,200,24,0.611870390863372,80.6395470611558,19.3604529388442
2014,3.71846576256932,0.73795629227867,90.4581518523207,23.2515236955608,452.290759261603,201,24,0.609511063469374,80.7017494767007,19.2982505232993
2014,3.73185672595139,0.740497896121504,91.07939317035,23.2997977179558,455.39696585175,202,24,0.620040521307637,80.81312260922,19.18687739078
2014,3.7452847352274,0.743859378554987,91.7011839913305,23.3478851870363,458.505919956652,203,24,0.581041564660807,80.9728875362645,19.0271124637355
2014,3.76706558636557,0.748140554703992,92.333436613739,23.3965492797518,461.667183068695,204,24,0.586801167395233,81.1784538207943,18.8215461792056
2014,3.79560813871338,0.7534589591998,92.9688686830256,23.4452246481078,464.844343415128,205,24,0.610866616247194,81.4300617672555,18.5699382327445
2014,3.82829352686555,0.759950282516196,93.6051703968368,23.4937348326619,468.025851984184,206,24,0.613940485271841,81.7270398775112,18.2729601224888
2014,3.86938617023829,0.767769320291276,94.24736772833,23.5424620067185,471.23683864165,207,24,0.637946374808044,82.0674391555631,17.9325608444369
2014,3.91394294812806,0.777089286179199,94.8929545667071,23.5912136707574,474.464772833535,208,24,0.612357764772896,82.4502523152845,17.5497476847154
2014,3.96253306171845,0.788102505157316,95.5525415461064,23.6407844016842,477.762707730532,209,24,0.540631238308178,82.8722247699328,17.1277752300672
2014,4.02848670695524,0.801018081624073,96.2361612848276,23.6919102505965,481.180806424138,210,24,0.55398311819589,83.3299045768286,16.6700954231714
2014,4.1071017211308,0.816073049477847,96.9302685945221,23.7435621090353,484.651342972611,211,24,0.587334540767581,83.827165068827,16.172834931173
2014,3.95619849763776,0.786222583555061,97.6333941619425,23.7956228884715,488.166970809713,212,24,0.578137906286929,83.8989681962812,16.1010318037188
2015,2.78221329782764,0.556438336843877,54.5,19.9420239553624,272.5,141,24,0.22856182056497,89.4732832690158,10.5267167309842
2015,2.80161197871054,0.560107106965903,55.0107037100867,19.9984675634473,275.053518550433,142,24,0.236790090059555,89.356843793679,10.643156206321
2015,2.82191515927322,0.564138572609933,55.5236399735603,20.0547914892565,277.618199867801,143,24,0.239396691510057,89.2381598870884,10.7618401129117
2015,2.84330847502989,0.568415382483079,56.040113944301,20.1111386485269,280.200569721505,144,24,0.241148513582055,89.1160896641062,10.8839103358938
2015,2.86368399701612,0.5728353554744,56.5605145174471,20.1675493026025,282.802572587235,145,24,0.23220855907033,88.9898751083726,11.0101248916274
2015,2.88725102471042,0.577305108760314,57.0867763959168,20.2242286280868,285.433881979584,146,24,0.241399014612825,88.8595498191573,11.1404501808427
2015,2.91135806631284,0.581766741710383,57.615911693161,20.2808514475022,288.079558465805,147,24,0.25458153789597,88.7237451157272,11.2762548842728
2015,2.93377133967979,0.586155107154603,58.147229898111,20.3373443450999,290.736149490555,148,24,0.259397591095668,88.5832807198857,11.4167192801143
2015,2.95512342326684,0.590423413506955,58.6820654487568,20.3938490303327,293.410327243784,149,24,0.261207642024847,88.4381816476856,11.5618183523144
2015,2.97467802485857,0.594536012832343,59.2208071948827,20.4504046823134,296.104035974413,150,24,0.256408233846786,88.2886897466644,11.7113102533356
2015,3.16971064799762,0.633483706084298,59.7644174118092,20.5071091093227,298.822087059046,151,24,0.260683301941002,88.4538327079701,11.5461672920299
2015,3.19002951070067,0.637416301787182,60.3461766778623,20.5673960823894,301.730883389311,152,24,0.266675679851214,88.2933641587365,11.7066358412635
2015,3.20875244070956,0.641117294030847,60.9307984795961,20.6275730011976,304.653992397981,153,24,0.269995635748805,88.1303171604069,11.8696828395931
2015,3.22653000742815,0.644582734335481,61.5184979643341,20.6876624661145,307.59248982167,154,24,0.274811261339745,87.9664661736903,12.0335338263097
2015,3.2428777029313,0.647805941276261,62.1087867663761,20.7476152736506,310.543933831881,155,24,0.278279136161713,87.8022307541877,12.1977692458123
2015,3.25949964353132,0.650781335130848,62.7016482973651,20.8074309710615,313.508241486826,156,24,0.291702025891556,87.6375858359949,12.3624141640051
2015,3.27404897074363,0.65350925727811,63.2951462313107,20.8669173467466,316.475731156553,157,24,0.299902240293389,87.4736658559381,12.5263341440619
2015,3.2865932995275,0.655990932896009,63.8899104123391,20.9261419030655,319.449552061695,158,24,0.302918342844232,87.3112014758093,12.6887985241907
2015,3.29680959760933,0.658228213024072,64.4865764839993,20.9851709840855,322.432882419996,159,24,0.298403953386011,87.1509391390568,12.8490608609432
2015,3.30729133486463,0.660222946882909,65.0861847475185,21.0441088925767,325.430923737592,160,24,0.303967967585003,86.9935684240326,13.0064315759674
2015,3.31469158048453,0.661977312029036,65.6867724031252,21.1027649214604,328.433862015626,161,24,0.296799872533766,86.8402962509934,13.1597037490066
2015,3.32243786712405,0.663491785401654,66.2902693722014,21.1613297779942,331.451346861007,162,24,0.300074556254848,86.6916741361573,13.3083258638427
2015,3.32928510673759,0.664766572085265,66.8946560818666,21.2196097294422,334.473280409333,163,24,0.305416561425737,86.5489252125597,13.4510747874403
2015,3.33399205220106,0.665799899553865,67.4993390389459,21.2775521337964,337.49669519473,164,24,0.304419293417952,86.4130275832924,13.5869724167076
2015,3.33863204740358,0.66658749649023,68.1051578160761,21.3352417077323,340.52578908038,165,24,0.311405678916842,86.2847071816259,13.7152928183741
2015,3.34121207201506,0.667123103256713,68.7105020535597,21.3925299478518,343.552510267799,166,24,0.31289899913198,86.1650939246886,13.8349060753114
2015,3.34514503576657,0.667396598008911,69.3160581367737,21.4494873547998,346.580290683869,167,24,0.333640933523043,86.0549065371173,13.9450934628827
2015,3.34641222665747,0.66773791910708,69.9182466826266,21.5057851306452,349.591233413133,168,24,0.332650197274895,85.9418553826962,14.0581446173038
2015,3.35026621106468,0.668479612074372,70.5208808498832,21.561787254989,352.604404249416,169,24,0.335967428485015,85.812759868418,14.187240131582
2015,3.35631532429049,0.669634306924756,71.1236161382735,21.6174661338527,355.618080691368,170,24,0.340245022225293,85.6694422002882,14.3305577997118
2015,3.36486085716082,0.67122715371937,71.7266992298053,21.6728489581525,358.633496149027,171,24,0.346856144138911,85.5139488438615,14.4860511561385
2015,3.37585924317452,0.673282274370608,72.3301624193514,21.7279427741213,361.650812096757,172,24,0.354616579891473,85.3484349617428,14.6515650382572
2015,3.38888994812943,0.675812370948236,72.9342661210314,21.782775116598,364.671330605157,173,24,0.359719390653289,85.17488838762,14.82511161238
2015,3.40434891555883,0.67881300952356,73.5399480163974,21.8374338376373,367.699740081987,174,24,0.365411240655618,84.9949279979227,15.0050720020773
2015,3.42201693593083,0.682261799295914,74.1475756197507,21.8919537774162,370.737878098754,175,24,0.37083890480363,84.8099684192911,15.1900315807089
2015,3.44080288987634,0.686120317299465,74.7576432307863,21.946380271261,373.788216153931,176,24,0.368731177698989,84.621115771242,15.378884228758
2015,3.46204920186369,0.690337816948901,75.3718811456615,22.0008669642451,376.859405728307,177,24,0.371942937451118,84.4290304816776,15.5709695183224
2015,3.48418970207848,0.694856898055592,75.9897171292923,22.0553615129184,379.948585646462,178,24,0.370231374304652,84.2346058342837,15.7653941657163
2015,3.50839374749477,0.699616788716774,76.6123142645533,22.1099645114142,383.061571322766,179,24,0.375357380201506,84.0383471844857,15.9616528155143
2015,3.53231458007599,0.704558054899997,77.2387172903096,22.1645900679412,386.193586451548,180,24,0.371042160248337,83.8410971590275,16.1589028409725
2015,3.5590194507986,0.70962386405966,77.8707573471166,22.219395147733,389.353786735583,181,24,0.383876414036501,83.6432358600573,16.3567641399427
2015,3.58457720286402,0.714763638618396,78.5055608336867,22.2741286639194,392.527804168433,182,24,0.384633757358132,83.4460064371618,16.5539935628382
2015,3.6115745727025,0.71993108798475,79.145313220623,22.3289776827412,395.726566103115,183,24,0.395924885737856,83.249839776178,16.750160223822
2015,3.6398299126946,0.725086585551998,79.7881951257814,22.3837846087103,398.940975628907,184,24,0.418583272167574,83.0559268211209,16.9440731788791
2015,3.66645793954735,0.730195440691143,80.4321841525434,22.438378205106,402.160920762717,185,24,0.429830627402573,82.8655523102119,17.1344476897881
2015,3.69194502491419,0.735225759872944,81.0792365238803,22.4929255211564,405.396182619402,186,24,0.434628115301105,82.6793503714244,17.3206496285756
2015,3.71670831762976,0.740148261686259,81.7304134446516,22.5475150883155,408.652067223258,187,24,0.437837168697524,82.4981294796096,17.5018705203904
2015,3.74036861715233,0.744934508757325,82.3858872157312,22.6021595788935,411.929436078656,188,24,0.437383916268424,82.3228455963772,17.6771544036228
2015,3.7621769757175,0.749554665879916,83.0461690406282,22.6568993969295,415.230845203141,189,24,0.428223061014586,82.1543588374876,17.8456411625124
2015,3.78378880565048,0.753980570981731,83.7126293514064,22.7118446845812,418.563146757032,190,24,0.42588669204553,81.9950265858601,18.0049734141399
2015,3.80454118529006,0.758171520148491,84.3838631791636,22.7668762138573,421.919315895818,191,24,0.426281142294393,81.8451869496191,18.1548130503809
2015,3.82455302230975,0.762078435124586,85.0591517029333,22.8219331572936,425.295758514667,192,24,0.432439622706003,81.7047437912763,18.2952562087237
2015,3.84300737971371,0.765645232965014,85.7371932257193,22.8769088924927,428.685966128596,193,24,0.43991652149675,81.5743947318634,18.4256052681366
2015,3.85900705950839,0.768804441011501,86.4174117879168,22.9317574987063,432.087058939584,194,24,0.443936578256528,81.4545253262931,18.5454746737069
2015,3.87347513404549,0.771476536318558,87.1000070283306,22.9864960921895,435.500035141653,195,24,0.455935871231016,81.3451980811431,18.6548019188569
2015,3.67857970896665,0.7324669256797,87.7830759488378,23.040974185194,438.915379744189,196,24,0.464235344957466,80.7510236562242,19.2489763437758
2015,3.68674989680142,0.733844322973604,88.4254850114287,23.0919405145615,442.127425057143,197,24,0.478955717023712,80.6651578186595,19.3348421813405
2015,3.69173122691123,0.734473970756868,89.0665636612125,23.1425446737001,445.332818306063,198,24,0.499799347644101,80.5897626585935,19.4102373414065
2015,3.69466342033132,0.734996981588871,89.704448780953,23.1926454037728,448.522243904765,199,24,0.505740870553932,80.5452653195033,19.4547346804967
2015,3.698368991771,0.736135122595323,90.3417103196094,23.2424498246414,451.708551598047,200,24,0.488269699783762,80.5543722239281,19.4456277760719
2015,3.70748161763046,0.737944099615614,90.9831847450063,23.2923368196082,454.915923725032,201,24,0.491245194384676,80.6137033321004,19.3862966678996
2015,3.72022235706143,0.740491064773,91.6258631903866,23.3420722188487,458.129315951933,202,24,0.493425352476604,80.7226358926247,19.2773641073753
2015,3.73725644536982,0.743859144955713,92.2706294792472,23.3917254627504,461.353147396236,203,24,0.49727201793077,80.8799916248014,19.1200083751986
2015,3.75919437222032,0.748148375497247,92.9180080514284,23.4413371743019,464.590040257142,204,24,0.503880599216594,81.0847166345799,18.9152833654201
2015,3.7868229724179,0.753476507621104,93.5684263103397,23.4909398111293,467.842131551699,205,24,0.515282530525608,81.3357827233636,18.6642172766364
2015,3.81885505203701,0.759979722332595,94.2220626871287,23.5405463556886,471.110313435643,206,24,0.511516306967302,81.6321439616558,18.3678560383442
2015,3.85856676462244,0.76781332005332,94.8828304301901,23.5904509307694,474.414152150951,207,24,0.517793950618019,81.9720551202385,18.0279448797615
2015,3.90449378597148,0.777151331481682,95.5502553969465,23.6406130004744,477.751276984732,208,24,0.510745621169276,82.3542362527827,17.6457637472173
2015,3.96020538045872,0.788186128646347,96.2282445116817,23.6913196301213,481.141222558408,209,24,0.516201509064284,82.776435679875,17.223564320125
2015,4.02407325772818,0.801125492124874,96.9162522640587,23.7425216410241,484.581261320294,210,24,0.50813569334212,83.2366135395716,16.7633864604284
2015,4.09934937471311,0.816208976420908,97.6186126160811,23.7945311276128,488.093063080406,211,24,0.506446277337698,83.7360858481366,16.2639141518634
2015,3.94989701640765,0.786399478051152,98.3363299914309,23.847409064414,491.681649957154,212,24,0.507452457516655,83.8071492426959,16.1928507573041
2016,2.7849863723322,0.556438336843877,54.5,19.9420239553624,272.5,141,24,0.246163796307802,89.4732832690158,10.5267167309842
2016,2.80198102040114,0.560106523987353,55.007737929839,19.9981408381923,275.038689649195,142,24,0.239132540074846,89.3573256536893,10.6426743463107
2016,2.82359484277316,0.564138015204887,55.520279520733,20.0544236710309,277.601397603665,143,24,0.250253097198299,89.2387077557586,10.7612922442414
2016,2.8450543593766,0.568414677595634,56.0349181578183,20.1105735957171,280.174590789092,144,24,0.252435969321306,89.1169397942605,10.8830602057395
2016,2.86820433022721,0.572834601693189,56.5534104341437,20.1667816709194,282.767052170719,145,24,0.261153958826975,88.9910418248111,11.0089581751888
2016,2.89060295203292,0.577304178915611,57.0747873242987,20.2229414464115,285.373936621494,146,24,0.263181014848551,88.8615263560105,11.1384736439895
2016,2.91394500898295,0.581765961878595,57.6002366511269,20.2791792803065,288.001183255634,147,24,0.271973591985585,88.7263398348935,11.2736601651065
2016,2.93615594639773,0.586154678147419,58.128593894249,20.3353689563521,290.642969471245,148,24,0.275538630438116,88.5863785683357,11.4136214316643
2016,2.95767969429334,0.59042346738671,58.6606782336041,20.3915964033907,293.30339116802,149,24,0.278516123370731,88.441752176069,11.558247823931
2016,2.97799206381719,0.594536664773162,59.1964696280312,20.4478575411836,295.982348140156,150,24,0.278480415275805,88.2927706327303,11.7072293672697
2016,3.17333163132083,0.633485749554673,59.7363283240768,20.5041879409409,298.681641620384,151,24,0.283662795756422,88.4584435250494,11.5415564749506
2016,3.19420214095813,0.637419393392029,60.3142160180033,20.564094580719,301.571080090016,152,24,0.293742381642454,88.2986339568408,11.7013660431592
2016,3.21290920978182,0.641121646709784,60.8942591606108,20.6238237153464,304.471295803054,153,24,0.297063024378757,88.1363683688273,11.8636316311727
2016,3.23090586967236,0.644588487999583,61.4773767075507,20.6834710639886,307.386883537753,154,24,0.303672488971394,87.9733047675729,12.0266952324271
2016,3.24708040605937,0.647813263722451,62.0627686561934,20.7429557432631,310.313843280967,155,24,0.306057370310531,87.8099141493036,12.1900858506965
2016,3.26306496843068,0.650790301804764,62.6509153387516,20.8023278220537,313.254576693758,156,24,0.315961179009781,87.6460882352221,12.3539117647779
2016,3.27704203581484,0.653519836151213,63.2402748049619,20.861433927582,316.20137402481,157,24,0.320454528632887,87.4828938801207,12.5171061198793
2016,3.28945291238835,0.656003036241361,63.8315274789802,20.9203453848095,319.157637394901,158,24,0.322548693942884,87.3210511645507,12.6789488354493
2016,3.30258141698433,0.658241815262746,64.4248397793312,20.9790809792024,322.124198896656,159,24,0.33923101050221,87.161383861439,12.838616138561
2016,3.31318352749892,0.660238887835218,65.0174374120684,21.0373706974922,325.087187060342,160,24,0.346241312793815,87.0052271548977,12.9947728451023
2016,3.322012090048,0.661995709657095,65.6107493230196,21.0953608909567,328.053746615098,161,24,0.348865643390483,86.8532140990781,13.1467859009218
2016,3.32956629370604,0.663513091253256,66.2052978021114,21.1531064622119,331.026489010557,162,24,0.3509177424195,86.7061337219859,13.2938662780141
2016,3.33590108973452,0.664790762586412,66.8009422173804,21.2105971726913,334.004711086902,163,24,0.352834834170008,86.5648875497746,13.4351124502254
2016,3.34106178979749,0.665826815163583,67.397465474954,21.2678157371929,336.98732737477,164,24,0.355049308788995,86.4303864673419,13.5696135326581
2016,3.34459521859296,0.666617243346524,67.9945730585257,21.3247379476213,339.972865292629,165,24,0.354122264756831,86.303546460812,13.696453539188
2016,3.34917725301441,0.66715524318283,68.5925675910262,21.3813966004248,342.962837955131,166,24,0.371910144275389,86.1851684358669,13.8148315641331
2016,3.3511397266531,0.667431811777847,69.1879155710185,21.4374635331674,345.939577855092,167,24,0.379312750959701,86.0766859565665,13.9233140434335
2016,3.35328143894323,0.667775528450548,69.7821699278597,21.4930931455562,348.910849639298,168,24,0.385472745905149,85.9649523331036,14.0350476668964
2016,3.35751702724116,0.668519968611164,70.3756147980302,21.5483184449079,351.878073990151,169,24,0.392417642987284,85.8374061493543,14.1625938506457
2016,3.36377212600677,0.669677592239539,70.9685117327559,21.60316957611,354.842558663779,170,24,0.398960359279219,85.6957672515284,14.3042327484716
2016,3.37144702312441,0.671273478673054,71.5613448164157,21.6576963906723,357.806724082079,171,24,0.398607088302836,85.5420416366054,14.4579583633946
2016,3.38258576485784,0.673331284601183,72.1557769387918,21.7120550831637,360.778884693959,172,24,0.408459031260659,85.3781060812409,14.6218939187591
2016,3.39311371691383,0.675864151294878,72.7504595301831,21.7661252590401,363.752297650915,173,24,0.391748573827889,85.206219884465,14.793780115535
2016,3.40715035400797,0.678866431415288,73.3505826220328,21.8203787063322,366.752913110164,174,24,0.385490672973359,85.0272734736221,14.9727265263779
2016,3.42603985619679,0.682316208618615,73.9547570729304,21.8746867967812,369.773785364652,175,24,0.401617862164665,84.8429756921842,15.1570243078158
2016,3.4450235836788,0.68617616865411,74.5594760710691,21.9287350688366,372.797380355345,176,24,0.400788811508979,84.6551145968445,15.3448854031555
2016,3.46767318432477,0.690395066983382,75.1681493746463,21.9828291137404,375.840746873231,177,24,0.416401342933303,84.4640616776032,15.5359383223968
2016,3.49057307362757,0.694916029572424,75.7782214461144,22.0367419875644,378.891107230572,178,24,0.42085580824505,84.2710505251874,15.7289494748126
2016,3.51367452822645,0.699677930602162,76.3919735813392,22.0906756771161,381.959867906696,179,24,0.416298782768086,84.0763936865214,15.9236063134786
2016,3.5392293207673,0.704620522202087,77.0112479667353,22.1447894029803,385.056239833676,180,24,0.425567855073633,83.8804487671865,16.1195512328135
2016,3.56475608974091,0.709688063223768,77.633769576754,22.1988820629842,388.16884788377,181,24,0.428999750905137,83.6843035935034,16.3156964064966
2016,3.58976113925103,0.71482883291537,78.2606997839829,22.253053124581,391.303498919914,182,24,0.424509660743073,83.4885006147594,16.5114993852406
2016,3.6152539554937,0.719996710861147,78.8935181437393,22.307427099612,394.467590718697,183,24,0.423238364460512,83.2935891240049,16.7064108759952
2016,3.64327962313549,0.725151731566918,79.5316779026839,22.36195305467,397.65838951342,184,24,0.445143322515699,83.1005355281134,16.8994644718866
2016,3.66977011705115,0.730259746591297,80.1710498158463,22.4162776271345,400.855249079231,185,24,0.455646588199108,82.9109880418042,17.0890119581958
2016,3.69683661940421,0.735288844416582,80.8136066779691,22.4705694390911,404.068033389846,186,24,0.475552223110035,82.7255749428137,17.2744250571863
2016,3.72164036596299,0.740210380522438,81.4575826488372,22.5246801249808,407.287913244186,187,24,0.479180544537506,82.5455939884805,17.4544060115195
2016,3.74689271567235,0.744995256413914,82.1057800864235,22.5788452678116,410.528900432118,188,24,0.493906207945752,82.3715401511721,17.6284598488279
2016,3.77170284363451,0.749614174946657,82.7560686066538,22.6328864909092,413.780343033269,189,24,0.512897307790151,82.2047293470951,17.7952706529048
2016,3.79340874737121,0.754039355960493,83.4075060632911,22.6867272507305,417.037530316456,190,24,0.510472138199094,82.0479119199347,17.9520880800653
2016,3.8144686701234,0.758229001746965,84.063754250423,22.7406700851325,420.318771252115,191,24,0.513520917007077,81.9005415936508,18.0994584063491
2016,3.832954876294,0.762134141881456,84.7235884537706,22.7946125831484,423.617942268853,192,24,0.505179780340338,81.7626074219992,18.2373925780008
2016,3.85095202669119,0.765698273593158,85.3887711841357,22.8486967684753,426.943855920679,193,24,0.50907303578805,81.6342768343047,18.3657231656953
2016,3.86527421595899,0.768854406301789,86.0567569448221,22.9027141577991,430.28378472411,194,24,0.49710651138388,81.5162763158911,18.4837236841089
2016,3.88048361917755,0.771522902596594,86.7299819274508,22.9568603465369,433.649909637254,195,24,0.517837726298633,81.4082882872314,18.5917117127686
2016,3.68416679861717,0.732493102036521,87.4020831532048,23.0106247336574,437.010415766024,196,24,0.51687003316907,80.8171226391516,19.1828773608484
2016,3.69221802157963,0.733867058124713,88.0350944398341,23.0609992761378,440.175472199171,197,24,0.532017217719597,80.7325749783573,19.2674250216427
2016,3.69584279063984,0.734493778689261,88.66666688359,23.1110083478278,443.33333441795,198,24,0.540190842355278,80.6584899916093,19.3415100083907
2016,3.69631287865289,0.735013927851922,89.2973092476842,23.1606966611636,446.486546238421,199,24,0.520123525591292,80.6148210155645,19.3851789844355
2016,3.70384008919194,0.736148593753459,89.9320380944928,23.2104606010201,449.660190472464,200,24,0.542669579491688,80.6237839117772,19.3762160882228
2016,3.71400887862912,0.737953860266936,90.563741292406,23.2597448664179,452.81870646203,201,24,0.557760138911796,80.6840292603847,19.3159707396153
2016,3.72682022628291,0.740496489388422,91.1944375972968,23.3087121277489,455.972187986484,202,24,0.560980016002526,80.7940586579148,19.2059413420852
2016,3.74339797078368,0.743859374513511,91.8270289133627,23.3575899912251,459.135144566813,203,24,0.56012608110027,80.9523422593667,19.0476577406332
2016,3.76477751373802,0.748142354662805,92.4630824088964,23.4064993218189,462.315412044482,204,24,0.561213592397346,81.1576489183025,18.8423510816975
2016,3.7907185561504,0.753462977918293,93.103169189398,23.4554826330397,465.51584594699,205,24,0.555033519835665,81.4089271760625,18.5910728239375
2016,3.8228364344312,0.759957296589328,93.7496540471181,23.5047178968874,468.74827023559,206,24,0.551997855221755,81.7047973378975,18.2952026621025
2016,3.86253214262302,0.767780264414777,94.4031423023,23.5542466189171,472.0157115115,207,24,0.558701144528647,82.0440397879909,17.9559602120092
2016,3.9093005320076,0.777105566419989,95.063200486773,23.6040313014085,475.316002433865,208,24,0.560176556887706,82.4253653658006,17.5746346341994
2016,3.96393818083458,0.788125016606087,95.7322874326986,23.6542516904064,478.661437163493,209,24,0.554824275466753,82.8467255112343,17.1532744887657
2016,4.03084658604373,0.801046375311636,96.4133410779665,23.705119666005,482.066705389832,210,24,0.57814572886055,83.305583306683,16.694416693317
2016,4.10758247572503,0.816107533261064,97.1030791586706,23.7563816705642,485.515395793353,211,24,0.591482479513506,83.8042840160174,16.1957159839826
2016,3.95745168572779,0.786266272025827,97.8054625218317,23.8083233418266,489.027312609158,212,24,0.590390334358387,83.8764770681559,16.1235229318441
2017,2.78673676893974,0.556438336843877,54.5,19.9420239553624,272.5,141,24,0.257965797386045,89.4732832690158,10.5267167309842
2017,2.80604439858362,0.560106128726811,55.0057276089449,19.9979193641592,275.028638044724,142,24,0.266411214854395,89.35765227957,10.64234772043
2017,2.82607175432914,0.564136910999429,55.5136261466765,20.0536953804725,277.568130733382,143,24,0.267170583541466,89.2397924997233,10.7602075002767
2017,2.84732616643823,0.568413381965183,56.0253766901425,20.1095358457421,280.126883450712,144,24,0.267921251293461,89.1185009963026,10.8814990036974
2017,2.86893133072446,0.572833307032559,56.5412263035241,20.1654649582569,282.706131517621,145,24,0.266134808745965,88.9930429059285,11.0069570940715
2017,2.89161264230858,0.577303165545062,57.0617524666259,20.2215417722555,285.308762333129,146,24,0.270110325638749,88.8636753857598,11.1363246142402
2017,2.91500096232709,0.58176525155597,57.5860179173179,20.2776621934203,287.930089586589,147,24,0.279394047489514,88.7286935977166,11.2713064022834
2017,2.93679351050619,0.586154318116161,58.1131023147763,20.3337265359292,290.565511573882,148,24,0.279990831019533,88.588953858526,11.411046141474
2017,2.95809614151317,0.590423504667858,58.6444237892854,20.3898840071125,293.222118946427,149,24,0.281393413875353,88.4444659645567,11.5555340354433
2017,2.97893406779601,0.594537109545921,59.1797230836239,20.4461044436074,295.89861541812,150,24,0.285047768061737,88.295578849585,11.704421150415
2017,3.17650821653946,0.633487045108734,59.7184567838282,20.5023288639489,298.592283919141,151,24,0.305529359641599,88.4613773423448,11.5386226576552
2017,3.19562833352902,0.637421477745041,60.2926065645567,20.5618616565214,301.463032822784,152,24,0.30353092074897,88.3021973043677,11.6978026956323
2017,3.21421333040624,0.641124413521881,60.8709773425467,20.6214339587968,304.354886712734,153,24,0.306004726112938,88.1402243880986,11.8597756119014
2017,3.23298098625158,0.644591952196881,61.4525674915609,20.6809413682988,307.262837457804,154,24,0.318350580539595,87.9774310462072,12.0225689537928
2017,3.25013925545478,0.647817604497778,62.035438977388,20.7401873566543,310.17719488694,155,24,0.32806613991624,87.8144777682213,12.1855222317787
2017,3.26532650827179,0.650795792735459,62.619795828543,20.799196133836,313.098979142715,156,24,0.332396069966235,87.651304272676,12.348695727324
2017,3.27932497587378,0.653526372351532,63.2063208066731,20.8580391707912,316.031604033365,157,24,0.337164398202591,87.4886049203901,12.51139507961
2017,3.29236908981232,0.656010662886943,63.7946883029907,20.9166859252989,318.973441514953,158,24,0.344159100881457,87.3272671951433,12.6727328048567
2017,3.3037586501308,0.658250744410036,64.3842619940248,20.9750759760706,321.921309970124,159,24,0.347856806869845,87.1682500190125,12.8317499809875
2017,3.31305983788166,0.660248630894509,64.9753701869655,21.0332450750182,324.876850934827,160,24,0.344718974689093,87.0123625427161,12.9876374572839
2017,3.32242398823624,0.662005811347158,65.568962123658,21.0912886102945,327.84481061829,161,24,0.351532496748585,86.8603159503725,13.1396840496275
2017,3.32969275434067,0.663523671369549,66.1630599193999,21.1490160583335,330.815299597,162,24,0.351317200355075,86.7133228288144,13.2866771711856
2017,3.33619003349024,0.664801669262246,66.7586500604916,21.2065270074236,333.793250302458,163,24,0.354511238537774,86.5720928088344,13.4279071911656
2017,3.34132742997542,0.66583805235072,67.3548961664919,21.2637442076078,336.774480832459,164,24,0.356534636729693,86.437641849291,13.562358150709
2017,3.3466454575948,0.666628750316651,67.9517601707935,21.3206682199218,339.758800853968,165,24,0.370049061021646,86.3108419342839,13.6891580657161
2017,3.35009887425515,0.667167657141952,68.5469797683354,21.3770894054383,342.734898841677,166,24,0.378908893465231,86.1929303775221,13.8070696224779
2017,3.35115765853227,0.667444663443946,69.1411127414389,21.4330680792816,345.705563707195,167,24,0.378714092589438,86.0846429762051,13.9153570237949
2017,3.35367503131611,0.667788420427015,69.7354908650472,21.4887353795776,348.677454325236,168,24,0.388101593046871,85.9728777819114,14.0271222180886
2017,3.35707566500875,0.668533051679679,70.3284891512355,21.5439448763472,351.642445756177,169,24,0.38780400700226,85.8454041737474,14.1545958262526
2017,3.36266113424517,0.669690502456977,70.9222210324096,21.5988985686342,354.611105162048,170,24,0.388464674251368,85.7036265506411,14.2963734493589
2017,3.37090970815357,0.671285914061783,71.5169315582837,21.6536223401136,357.584657791419,171,24,0.393145143747033,85.5495898347724,14.4504101652276
2017,3.38134040418234,0.673343483446471,72.1123491101309,21.7080943543215,360.561745550655,172,24,0.396637048383101,85.3854978734246,14.6145021265754
2017,3.39517592032873,0.675875784067136,72.70914753901,21.7623790368426,363.54573769505,173,24,0.409239909239652,85.2132645488281,14.7867354511719
2017,3.41029773113597,0.67887895151724,73.3061853128464,21.8163756375475,366.530926564232,174,24,0.412267341038185,85.0348599635665,14.9651400364335
2017,3.42638926973469,0.682330065623844,73.905634474587,21.8702828336669,369.528172372935,175,24,0.40386245114727,84.8513881025516,15.1486118974484
2017,3.44549876868531,0.686190116661769,74.5099750932786,21.9243223010224,372.549875466393,176,24,0.404112189511046,84.6636108910198,15.3363891089802
2017,3.46705136449081,0.690409134677952,75.1180794461726,21.9783908450061,375.590397230863,177,24,0.410011073268313,84.4726748338651,15.5273251661349
2017,3.48870239421793,0.694929704506089,75.7293059320392,22.032430438026,378.646529660196,178,24,0.403520508193269,84.2794833789791,15.7205166210209
2017,3.51341235592027,0.699690645402012,76.3461517280799,22.0866595191932,381.7307586404,179,24,0.413222232558643,84.0843094591651,15.9156905408349
2017,3.53855297586989,0.704632951630417,76.9659897073633,22.1408449183884,384.829948536817,180,24,0.418779566886732,83.8882820570265,16.1117179429735
2017,3.56588359180139,0.709699993647926,77.5897344444683,22.1950656825595,387.948672222341,181,24,0.438515385966458,83.6919382276016,16.3080617723984
2017,3.59182180773373,0.714841006040403,78.2149877728113,22.2491135376521,391.074938864056,182,24,0.442352495224643,83.496437728071,16.503562271929
2017,3.61770961464807,0.720009449955405,78.8446505070273,22.3032390740511,394.223252535136,183,24,0.444472689155671,83.302084391366,16.697915608634
2017,3.64565843507854,0.725165099867674,79.4790554312761,22.3574684201928,397.39527715638,184,24,0.466529126191553,83.1096916865781,16.8903083134219
2017,3.67289062103769,0.730273646011642,80.1146269527291,22.41149580245,400.573134763645,185,24,0.484608117647839,82.9208108378672,17.0791891621328
2017,3.69858840376525,0.735303477244224,80.7520167325285,22.4653785608004,403.760083662643,186,24,0.491686351071076,82.7362990396566,17.2637009603434
2017,3.72336690060586,0.740225064372499,81.3931175093564,22.5192768395223,406.965587546782,187,24,0.495060084791659,82.5568158287728,17.4431841712272
2017,3.74870211201308,0.745009857176103,82.0384857332037,22.5732358632639,410.192428666018,188,24,0.511002561621519,82.3832461104472,17.6167538895528
2017,3.77117921947051,0.749628612441405,82.6857183678764,22.6270544517647,413.428591839382,189,24,0.506513215463228,82.2169523092975,17.7830476907025
2017,3.79264334606625,0.754052689034617,83.33832955475,22.6810238094302,416.69164777375,190,24,0.50181594404673,82.0599100252751,17.9400899747249
2017,3.81283251650168,0.758241144367353,83.9961575732238,22.7351273053893,419.980787866119,191,24,0.496369595337759,81.9122389147046,18.0877610852953
2017,3.83175673861954,0.762144851007093,84.6590965091708,22.7893532020097,423.295482545854,192,24,0.492673337864534,81.7737362943232,18.2262637056768
2017,3.8502750953415,0.76570774791349,85.3265425852132,22.8436496083851,426.632712926066,193,24,0.501657309685579,81.6449797927782,18.3550202072218
2017,3.8670111047976,0.768862840016775,85.9958777943181,22.8978032281046,429.979388971591,194,24,0.513393909700203,81.5267079204957,18.4732920795043
2017,3.88053485850269,0.77153089313373,86.6661943925014,22.9517426272808,433.330971962507,195,24,0.517641241333136,81.4191727194017,18.5808272805983
2017,3.68366657104556,0.732497479431849,87.3383470326903,23.0055385889976,436.691735163451,196,24,0.511114896820732,80.8281893831137,19.1718106168863
2017,3.69184016707775,0.73387070540482,87.9724112413086,23.056022280176,439.862056206543,197,24,0.527457890846452,80.7434088577416,19.2565911422584
2017,3.69513643305039,0.734496837580731,88.6048219565496,23.1061223390262,443.024109782748,198,24,0.53204911338614,80.6691278179956,19.3308721820044
2017,3.69725243992021,0.735016434052854,89.2369534151141,23.1559518288145,446.184767075571,199,24,0.529694108095231,80.6251409843865,19.3748590156135
2017,3.70431758158564,0.736150626002317,89.8699580989713,23.2056042333219,449.349790494856,200,24,0.547519022863702,80.6343112235377,19.3656887764623
2017,3.7131226164501,0.737955311489986,90.500789080276,23.2548442255436,452.50394540138,201,24,0.547491072540911,80.6945932144464,19.3054067855536
2017,3.72530889366498,0.740497238324448,91.1333642268566,23.3039807321668,455.666821134283,202,24,0.543858539596044,80.8041781347842,19.1958218652158
2017,3.74245177867014,0.743859379803114,91.7690798609248,23.3531222765516,458.845399304624,203,24,0.549340957843094,80.9618018386298,19.0381981613702
2017,3.7650686088007,0.748141582129047,92.4071033895956,23.4022042434434,462.035516947978,204,24,0.564243396289668,81.1666310329326,18.8333689670674
2017,3.79210084981644,0.753461292793148,93.046644673328,23.4511665009403,465.23322336664,205,24,0.570218827283373,81.4178211843464,18.5821788156536
2017,3.82473692375589,0.759954427573615,93.6903712726753,23.5002128877413,468.451856363377,206,24,0.572806643385961,81.71392238449,18.28607761551
2017,3.86468561286692,0.767775846448564,94.3400804109827,23.5494775132482,471.700402054914,207,24,0.582462044677708,82.0535111466746,17.9464888533254
2017,3.9106615616284,0.777099140700276,94.995819907207,23.598960205137,474.979099536035,208,24,0.575002747646265,82.4352137068166,17.5647862931834
2017,3.96671758945338,0.788116264133584,95.6622169128994,23.6490038214188,478.311084564497,209,24,0.584873219468429,82.8566643512809,17.1433356487191
2017,4.03124446565196,0.801034342414571,96.3378199777263,23.6994913564779,481.689099888632,210,24,0.582724977303167,83.3159485586586,16.6840514413414
2017,4.10890788467563,0.816092327052433,97.0267254950363,23.7507195087769,485.133627475182,211,24,0.606419927066872,83.8143923815968,16.1856076184032
2017,3.95839661095254,0.78624622687444,97.7263903335564,23.8024889188004,488.631951667782,212,24,0.60180863849006,83.8868114028905,16.1131885971095
2018,2.78668014529367,0.556438336843877,54.5,19.9420239553624,272.5,141,24,0.257575300663736,89.4732832690158,10.5267167309842
2018,2.80490049953195,0.560106141856978,55.0057943835601,19.9979267207088,275.028971917801,142,24,0.258433119636594,89.3576414303658,10.6423585696342
2018,2.82504213776834,0.564137148991488,55.5150597603205,20.0538523115999,277.575298801602,143,24,0.260006291943231,89.2395587662631,10.7604412337369
2018,2.84764365401595,0.568413743393293,56.0280372341973,20.1098252244607,280.140186170986,144,24,0.270155567948985,89.1180656659399,10.8819343340601
2018,2.86978151467406,0.572833549178422,56.5435034728325,20.1657110620476,282.717517364163,145,24,0.272080433995178,88.9926689055144,11.0073310944856
2018,2.89151595771798,0.577303263461435,57.0630105396729,20.2216768729995,285.315052698364,146,24,0.269438979613332,88.8634679661153,11.1365320338847
2018,2.91495165204175,0.58176532026886,57.5873909180247,20.2778086989606,287.936954590123,147,24,0.279044492634028,88.7284663072679,11.2715336927321
2018,2.93930084736451,0.586154351550781,58.1145353591115,20.3338784803902,290.572676795557,148,24,0.298405147813031,88.5887156267896,11.4112843732105
2018,2.95901324144987,0.590423508489036,58.6426754318602,20.3896997989687,293.213377159301,149,24,0.287969186414322,88.4447578727892,11.5552421272108
2018,2.98064573790255,0.594537185723819,59.176842999048,20.4458029095904,295.88421499524,150,24,0.297516056590545,88.2960618239867,11.7039381760133
2018,3.17614581016108,0.633487409202386,59.7134253882701,20.5018054058872,298.56712694135,151,24,0.302905139981315,88.4622033325602,11.5377966674398
2018,3.19489707568892,0.637421918797637,60.2880275548691,20.5613884317282,301.440137774346,152,24,0.298357736037708,88.3029524029189,11.6970475970811
2018,3.21451139949773,0.641124851641339,60.8672867403929,20.6210550793434,304.336433701965,153,24,0.308099437196077,88.1408356648252,11.8591643351748
2018,3.23142925398857,0.64459251719235,61.4485175797402,20.6805283475471,307.242587898701,154,24,0.307107606965464,87.9781046597507,12.0218953402493
2018,3.24812415873999,0.647817939643044,62.033327335382,20.7399734204334,310.16663667691,155,24,0.313200197796783,87.8148303950819,12.1851696049181
2018,3.26175637648184,0.650795711878806,62.6202543673978,20.7992422864173,313.101271836989,156,24,0.306334004083746,87.6512274118036,12.3487725881964
2018,3.27754563165338,0.653525418609667,63.2112777296657,20.8585348484343,316.056388648329,157,24,0.32382709933064,87.4877711304403,12.5122288695597
2018,3.2916231162727,0.656009158769342,63.8019567865532,20.9174080646068,319.009783932766,158,24,0.338470698207558,87.3260406946018,12.6739593053982
2018,3.30293366586761,0.658248928196213,64.3925189167888,20.9758910719447,321.962594583944,159,24,0.34153199747747,87.1668527938954,12.8331472061046
2018,3.31373994321499,0.66024646453715,64.9847270193046,21.034162880472,324.923635096523,160,24,0.350171794730565,87.0107753645454,12.9892246354546
2018,3.32279814879357,0.662003780802748,65.5773643472902,21.0921075759868,327.886821736451,161,24,0.354620190336044,86.8588878910886,13.1411121089114
2018,3.33000820743235,0.663521703201937,66.1709193746379,21.1497773220175,330.854596873189,162,24,0.35392438751367,86.7119850333325,13.2880149666675
2018,3.3361207863041,0.664799761077438,66.7660511084671,21.2072394083992,333.830255542335,163,24,0.354069131750564,86.5708318296865,13.4291681703135
2018,3.34208616486356,0.665836079421655,67.3623717268696,21.2644593352827,336.811858634348,164,24,0.36274683229931,86.4363676640853,13.5636323359147
2018,3.34545273898793,0.666627034589542,67.9581449761987,21.3212752631332,339.790724880994,165,24,0.360419106454937,86.3097538745508,13.6902461254492
2018,3.3473730363476,0.667165459413782,68.5550519648598,21.3778522221771,342.775259824299,166,24,0.35667061883422,86.1915558920359,13.8084441079641
2018,3.34729114672388,0.667441375820275,69.1530873512698,21.4341928634651,345.765436756349,167,24,0.347598404456223,86.0826070376557,13.9173929623443
2018,3.34868257920392,0.667783608680978,69.7529151954813,21.4903622813876,348.764575977407,168,24,0.347480612702926,85.9699192325912,14.0300807674088
2018,3.35351121938062,0.668526236675779,70.3530390131868,21.5462235190528,351.765195065934,169,24,0.35858553967696,85.8412374887788,14.1587625112212
2018,3.35915065395788,0.66968222519595,70.951901442757,21.601637252555,354.759507213785,170,24,0.359755081117439,85.6985872307787,14.3014127692213
2018,3.3651806055713,0.671276193004046,71.5516514685177,21.6568073653536,357.758257342589,171,24,0.346747000122419,85.5436889619284,14.4563110380716
2018,3.37511365484241,0.673331445995586,72.1552024350542,21.7120026978018,360.776012175271,172,24,0.346251154238824,85.3782038597469,14.6217961402531
2018,3.38933411215355,0.675861230218353,72.7608321866438,21.7670656314105,363.804160933219,173,24,0.360613160821381,85.2044512564948,14.7955487435052
2018,3.4032308212085,0.678861963021332,73.3664263122716,21.821806838598,366.832131561358,174,24,0.353976181057277,85.0245664226905,14.9754335773096
2018,3.42074530785438,0.682310181908701,73.9761195515133,21.8766013600238,369.880597757566,175,24,0.358122230416274,84.8393177333508,15.1606822666492
2018,3.4408466409875,0.686167995941525,74.5884784805325,21.9313195419064,372.942392402663,176,24,0.36650597835625,84.6501373215654,15.3498626784346
2018,3.46248599352636,0.690385226275383,75.2031725581018,21.9859323933038,376.015862790509,177,24,0.372872498789715,84.4580377804553,15.5419622195447
2018,3.48502325548494,0.694904094372797,75.820912452086,22.0405033067009,379.10456226043,178,24,0.374328131694142,84.2636919172179,15.7363080827821
2018,3.51003019003621,0.699663810484787,76.4428595141205,22.0951337204165,382.214297570603,179,24,0.386025982226202,84.0676045644086,15.9323954355914
2018,3.53349114409082,0.704605085103762,77.067458791791,22.1496862098693,385.337293958955,180,24,0.377817731903101,83.8707215324828,16.1292784675172
2018,3.558476992512,0.709670558615906,77.698381870984,22.204479068474,388.49190935492,181,24,0.377002057366722,83.6731035092485,16.3268964907515
2018,3.58722297982642,0.714809193418567,78.3344546965561,22.2594061458832,391.672273482781,182,24,0.403785666069297,83.4756970265028,16.5243029734972
2018,3.61270893884754,0.719976538257353,78.9709089153007,22.3140559007491,394.854544576504,183,24,0.402700881276703,83.2801383362836,16.7198616637164
2018,3.63779716811126,0.725131159944671,79.6126657391143,22.3688510260629,398.063328695571,184,24,0.398928136692871,83.0864472289515,16.9135527710485
2018,3.66476937225267,0.730237792775816,80.2601826427426,22.4238268366248,401.300913213713,185,24,0.412779015281869,82.8954747235378,17.1045252764622
2018,3.69110142933684,0.735265873241913,80.9103110888485,22.4787142482407,404.551555444243,186,24,0.424816004108676,82.7087414642061,17.2912585357939
2018,3.71568645313502,0.740186308677401,81.5632852543872,22.5335333718734,407.816426271936,187,24,0.426582995399598,82.5271993242287,17.4728006757713
2018,3.74019055770608,0.744970304366939,82.2208091326082,22.5884262417398,411.104045663041,188,24,0.433568024681969,82.3515372469976,17.6484627530024
2018,3.7618681476138,0.749588373425934,82.8818222696517,22.6433028742888,414.409111348258,189,24,0.423501683184508,82.1828880921586,17.8171119078414
2018,3.78512407434389,0.754012058075829,83.5491689693829,22.6983967451515,417.745844846915,190,24,0.435216625191822,82.0233510089582,17.9766489910419
2018,3.80551688121654,0.758201154466727,84.2188078775356,22.753372418755,421.094039387678,191,24,0.432577210846549,81.8737210279553,18.1262789720447
2018,3.82753786799617,0.762106008507452,84.8930365416922,22.8084179563364,424.465182708461,192,24,0.456446486224777,81.7333794634688,18.2666205365312
2018,3.8470334090411,0.765671158503058,85.5668780725762,22.8631282867474,427.834390362881,193,24,0.473774459877186,81.6036567896755,18.3963432103245
2018,3.86159947211524,0.768828862825675,86.2411349558491,22.9175725964478,431.205674779246,194,24,0.464917679568936,81.4846972407585,18.5153027592415
2018,3.87573497360547,0.771499087670758,86.9200575180739,22.9720947076115,434.60028759037,195,24,0.474426598348531,81.3758694242561,18.6241305757439
2018,3.67837671564181,0.732479513640402,87.5998856291186,23.026392936523,437.999428145593,196,24,0.46095972330663,80.7827940120375,19.2172059879625
2018,3.68560712690836,0.733854959201175,88.242914895323,23.0774824066158,441.214574476615,197,24,0.466701056857974,80.6966740942369,19.3033259057631
2018,3.69132987770286,0.734482909332516,88.8862217881569,23.1283349466275,444.431108940784,198,24,0.494496276871147,80.6207442362113,19.3792557637887
2018,3.69464750226207,0.735004455088627,89.5250932549166,23.178583634572,447.625466274583,199,24,0.504384697853622,80.5758936996739,19.4241063003261
2018,3.70131036804253,0.736141023702756,90.1626290270132,23.2284787403275,450.813145135066,200,24,0.517061972265532,80.5847017459902,19.4152982540098
2018,3.70821945229552,0.737948406177102,90.7989396640078,23.2780333758481,453.994698320039,201,24,0.497585765078317,80.6445818078518,19.3554181921482
2018,3.7203384146895,0.740493423686592,91.4405043679677,23.3277527448755,457.202521839838,202,24,0.493658519998677,80.7533089049147,19.2466910950853
2018,3.7396313016432,0.743859280990286,92.0852543212885,23.3774746161169,460.426271606443,203,24,0.520629976098037,80.9102126072784,19.0897873927216
2018,3.76189186395497,0.748145921718214,92.7284436071194,23.4268349558491,463.642218035597,204,24,0.530925982915519,81.1150934365508,18.8849065634493
2018,3.78875961033761,0.753470926890855,93.3740000468891,23.4761375932179,466.870000234446,205,24,0.53478470082468,81.3663354537783,18.6336645462217
2018,3.82200514040783,0.759970420014544,94.0241315497744,23.525550118477,470.120657748872,206,24,0.543654218091384,81.6625711474621,18.3374288525379
2018,3.86199832096535,0.767799399526885,94.6791103976004,23.5750908453882,473.395551988002,207,24,0.553212409202929,82.0026134451041,17.9973865548958
2018,3.91044054617826,0.777131735302215,95.3401472141415,23.6248481813654,476.700736070707,208,24,0.572438825419222,82.3849076216942,17.6150923783058
2018,3.96592875221569,0.788159046761743,96.0069968882148,23.6748000254879,480.034984441074,209,24,0.575546771815774,82.8077798080762,17.1922201919237
2018,4.03099193832045,0.801089218215519,96.6842909920341,23.7252873133984,483.421454960171,210,24,0.578696629172852,83.2684131466329,16.7315868533671
2018,4.10649940717348,0.816161095752417,97.3739345348252,23.7764425107052,486.869672674126,211,24,0.578362954369534,83.7684420481442,16.2315579518558
2018,3.95770138896948,0.7863351327665,98.0787112947786,23.828460010089,490.393556473893,212,24,0.590623136510652,83.840780857628,16.159219142372
2019,2.78758434910047,0.556438336843877,54.5,19.9420239553624,272.5,141,24,0.263882266521078,89.4732832690158,10.5267167309842
2019,2.80497403476838,0.560105929373096,55.00471383115,19.9978076756425,275.02356915575,142,24,0.25894205254149,89.357816993368,10.642183006632
2019,2.82512647629103,0.564136955157986,55.5138921316856,20.0537244968481,277.569460658428,143,24,0.260587983693565,89.2397491339897,10.7602508660103
2019,2.84722659116711,0.568413571276491,56.0267701386608,20.1096874077972,280.133850693304,144,24,0.267222023690287,89.118272993453,10.881727006547
2019,2.86771869931368,0.572833467968403,56.5427396778316,20.1656285161029,282.713698389158,145,24,0.257878618611895,88.9927943502852,11.0072056497148
2019,2.89099625268453,0.577303392935821,57.0646745473605,20.2218555626754,285.323372736803,146,24,0.265853795246506,88.8631936208955,11.1368063791045
2019,2.9134459885776,0.581765434170399,57.589668015458,20.2780516704459,287.94834007729,147,24,0.268502187959031,88.7280893522046,11.2719106477954
2019,2.9348180354148,0.586154446699583,58.1186197760195,20.3343115332818,290.593098880097,148,24,0.266305164783664,88.5880366321895,11.4119633678105
2019,2.9551660027518,0.590423487037177,58.6522832665253,20.390712039779,293.261416332627,149,24,0.261381514860872,88.4431537548601,11.5568462451399
2019,2.9760238872795,0.594536810414279,59.1909988797716,20.4472848786345,295.954994398858,150,24,0.265064918934035,88.2936880025495,11.7063119974505
2019,3.17064182572389,0.633485980433973,59.7331470639377,20.5038570404948,298.665735319688,151,24,0.26626886900243,88.4589657533613,11.5410342466387
2019,3.18699159604255,0.637419416608489,60.3139755967964,20.5640697408477,301.569877983982,152,24,0.248215088034932,88.2986736004099,11.7013263995901
2019,3.2103368159594,0.641120763489118,60.9016820903081,20.6245855062741,304.508410451541,153,24,0.279894470835965,88.1351390153021,11.8648609846979
2019,3.22620069173313,0.644587042314717,61.4877188314283,20.6845253985246,307.438594157142,154,24,0.272485014478884,87.9715847566195,12.0284152433805
2019,3.24093586441409,0.647810777186774,62.0784071842009,20.7445394811099,310.392035921004,155,24,0.265882856721356,87.8073029431689,12.1926970568311
2019,3.25664507859408,0.650786337210349,62.6733597736544,20.8045858277853,313.366798868272,156,24,0.273008354255418,87.6423265750884,12.3576734249116
2019,3.27144438406299,0.653514102816994,63.2700256952007,20.8644074091318,316.350128476003,157,24,0.282380719517582,87.4778903107665,12.5221096892335
2019,3.28372052058993,0.655995524498576,63.8677734178049,20.9239444781172,319.338867089024,158,24,0.283573695937885,87.3149359536488,12.6850640463512
2019,3.29290317831606,0.658232366701775,64.4677340059563,20.9833127026183,322.338670029782,159,24,0.272979252739898,87.1541267205954,12.8458732794046
2019,3.3052841007496,0.660226319995186,65.0716460531569,21.0426843120534,325.358230265785,160,24,0.290354942271389,86.9960337962999,13.0039662037001
2019,3.31517548285844,0.661980270364426,65.6745549699662,21.1015754456306,328.372774849831,161,24,0.299902974673092,86.8423720218407,13.1576279781593
2019,3.32307703837357,0.663494981954518,66.2775281896693,21.1600971896395,331.387640948347,162,24,0.304253059525201,86.6938420424862,13.3061579575138
2019,3.3293503379228,0.664770045600052,66.8812071317908,21.2183168714093,334.406035658954,163,24,0.305694908597385,86.5512156777397,13.4487843222603
2019,3.33410785337951,0.665803465986041,67.485847574843,21.2762632981539,337.429237874215,164,24,0.305038049436792,86.4153261447899,13.58467385521
2019,3.33748163343872,0.666591154568325,68.0915658755345,21.333951334645,340.457829377673,165,24,0.303334479632724,86.2870223413544,13.7129776586456
2019,3.34130227771747,0.667126431818095,68.6982943907075,21.3913781281456,343.491471953538,166,24,0.313368423302039,86.1671715199625,13.8328284800375
2019,3.34249755884264,0.667399975197573,69.3037747434479,21.4483354560687,346.518873717239,167,24,0.314345367885168,86.0569938529766,13.9430061470234
2019,3.34367442782705,0.667740394983129,69.9092930260449,21.5049505455039,349.546465130224,168,24,0.312834713551439,85.9433748102033,14.0566251897967
2019,3.34813316612341,0.668481151358208,70.5153428208443,21.5612741335001,352.576714104221,169,24,0.320306197605086,85.8136992502722,14.1863007497278
2019,3.35708570825382,0.669635097726146,71.1207838048856,21.6172052618832,355.603919024428,170,24,0.346080951079014,85.6699227959578,14.3300772040422
2019,3.36470267895984,0.671228231508208,71.7228538186334,21.6724968532138,358.614269093167,171,24,0.345585215345021,85.5146019822905,14.4853980177095
2019,3.3750041985187,0.673283292954969,72.3265396024616,21.7276129828226,361.632698012308,172,24,0.347922023661512,85.3490511963853,14.6509488036147
2019,3.38768531477895,0.675813062760232,72.9318112498309,21.782552938392,364.659056249155,173,24,0.350263291188837,85.175306715268,14.824693284732
2019,3.40272445103565,0.678813236563438,73.5391434690506,21.8373614411313,367.695717345253,174,24,0.352610477115364,84.9950653788207,15.0049346211793
2019,3.42305343527089,0.682261395477315,74.1490063426671,21.8920817822118,370.745031713336,175,24,0.379344096794846,84.8097235844397,15.1902764155603
2019,3.44489488022436,0.686120335068477,74.7575801957956,21.9463746636848,373.787900978978,176,24,0.402965063105277,84.6211265822733,15.3788734177267
2019,3.46681274090184,0.690339528883308,75.3657897325482,22.0003281404255,376.828948662741,177,24,0.412078627678168,84.4300775305765,15.5699224694235
2019,3.48837813409013,0.694860579257945,75.9765513753939,22.0542034894278,379.88275687697,178,24,0.404773566953715,84.2368737653271,15.7631262346729
2019,3.51253277899173,0.699622126587908,76.5930779598007,22.1082820884898,382.965389799004,179,24,0.409599469369657,84.0416675822353,15.9583324177647
2019,3.53684086122259,0.704564990506528,77.213460680168,22.162393547412,386.06730340084,180,24,0.407872730530373,83.8454649460444,16.1545350539556
2019,3.56069648224999,0.709632455266104,77.8390402975612,22.2166523212881,389.195201487806,181,24,0.397132942843923,83.6487301449588,16.3512698550412
2019,3.58798390669563,0.714772698440375,78.4715284316133,22.2712021904799,392.357642158066,182,24,0.412382000941039,83.451910362623,16.548089637377
2019,3.61375118407252,0.71994122424679,79.1064131214871,22.3256514333624,395.532065607436,183,24,0.413553159736877,83.2565961120216,16.7434038879785
2019,3.63854552028076,0.725097247035594,79.7462054208664,22.380214319284,398.731027104332,184,24,0.407069765017856,83.063226102492,16.936773897508
2019,3.66402468092073,0.730205274376877,80.3922410869689,22.4350009471884,401.961205434845,185,24,0.408453500376946,82.8724994056695,17.1275005943305
2019,3.68820842901864,0.735234343498026,81.0430830401009,22.4898857561969,405.215415200504,186,24,0.402462443626432,82.6856391662858,17.3143608337142
2019,3.71410462055225,0.740155196262275,81.6999465370807,22.544967754557,408.499732685403,187,24,0.41508293846526,82.5034275119238,17.4965724880762
2019,3.73824528852179,0.7449402401117,82.3594510820777,22.5999615687979,411.797255410388,188,24,0.418863720884256,82.327439220538,17.672560779462
2019,3.76156039663153,0.749559414333612,83.0230128826699,22.6549848075669,415.115064413349,189,24,0.422716096520477,82.1583775315535,17.8416224684465
2019,3.78442689167061,0.753984842272465,83.6904518193685,22.710021205434,418.452259096842,190,24,0.431011794207334,81.9988685275793,18.0011314724207
2019,3.80692842409081,0.758175662354897,84.360788790668,22.764989518886,421.80394395334,191,24,0.446457658728976,81.8491749296478,18.1508250703522
2019,3.82649743377853,0.76208285521562,85.0325200505911,22.819767633569,425.162600252956,192,24,0.448873136095781,81.7093335158511,18.2906664841489
2019,3.84399632932516,0.765649727577696,85.7076644631302,22.8745210178664,428.538322315651,193,24,0.448136348569863,81.5794668144148,18.4205331855851
2019,3.86150660905793,0.768808732230187,86.3864376685049,22.9292664893009,431.932188342525,194,24,0.465622872150625,81.4598255321709,18.5401744678291
2019,3.8763757919697,0.771480899120223,87.0651964527563,22.9837118157914,435.325982263782,195,24,0.481824474822218,81.3511297905732,18.6488702094268
2019,3.68122065525916,0.732469633752871,87.743668826814,23.0378393206889,438.71834413407,196,24,0.489522932224067,80.7578561482148,19.2421438517852
2019,3.68771572943635,0.733846883117,88.3815497875409,23.0884630949777,441.907748937705,197,24,0.488110901605165,80.672740230752,19.327259769248
2019,3.69248007076712,0.734476230317442,89.0209919837697,23.1389558267208,445.104959918848,198,24,0.507118698064775,80.5975896490852,19.4024103509148
2019,3.69276299175414,0.734998936363909,89.6575645246869,23.1889714937619,448.287822623435,199,24,0.486343500828472,80.5532697706461,19.4467302293539
2019,3.6954402696135,0.736136553858727,90.2983270735561,23.2390670396935,451.491635367781,200,24,0.459946625452469,80.5617178880262,19.4382821119738
2019,3.70930301541759,0.737944997295122,90.9448819232925,23.2893649313164,454.724409616462,201,24,0.509412932598343,80.6201210077649,19.3798789922351
2019,3.72000245175929,0.740491597428712,91.5842925210005,23.3388625288821,457.921462605003,202,24,0.491043731131338,80.7295132343745,19.2704867656255
2019,3.7386784077735,0.743859180024549,92.2294927484533,23.3885647713487,461.147463742266,203,24,0.511441896307592,80.8866963184159,19.1133036815841
2019,3.76028869292241,0.74814781690343,92.8743233711547,23.4379970019324,464.371616855774,204,24,0.514807573932947,81.0917151768947,18.9082848231053
2019,3.78804221773521,0.753475206645181,93.5227768942169,23.4874663199119,467.613884471085,205,24,0.527707622449747,81.3429544577222,18.6570455422778
2019,3.82362541426618,0.759977483936469,94.1741740421087,23.5369200912013,470.870870210544,206,24,0.561513750830467,81.6395039347073,18.3604960652927
2019,3.86401010864042,0.76780944717766,94.8258984744878,23.5861606905907,474.129492372439,207,24,0.575369450517634,81.9805930665721,18.0194069334279
2019,3.91066276358312,0.777145073370783,95.482899599278,23.6355617995783,477.41449799639,208,24,0.574832816342288,82.3640666892608,17.6359333107392
2019,3.96794100241838,0.788176499530383,96.1493082390558,23.6854288399592,480.746541195279,209,24,0.597562901787475,82.7876162958038,17.2123837041961
2019,4.03516848483951,0.801110890623439,96.8225946791295,23.7355665061316,484.112973395647,210,24,0.624851335359168,83.2494506410377,16.7505493589623
2019,4.11257681951471,0.816186575285834,97.5038356649885,23.7860498106609,487.519178324942,211,24,0.645345451461412,83.7512613680246,16.2487386319754
2019,3.96186759785666,0.786364603057474,98.1964246775328,23.8371226760344,490.982123387664,212,24,0.637911721227364,83.8254108697726,16.1745891302274
2020,2.78288664026737,0.55642221992586,54.5,19.9420239553624,272.5,141,24,0.23321798603037,89.4745197182304,10.5254802817696
2020,2.80231521313117,0.560092166850092,55.0099071454815,19.9983798110936,275.049535727408,142,24,0.241733599187999,89.3582042585063,10.6417957414937
2020,2.82105283625874,0.564124796111864,55.521995356454,20.0546114796976,277.60997678227,143,24,0.234430005797649,89.2396517763073,10.7603482236927
2020,2.84379125184689,0.568402990867721,56.0392902050116,20.1110490675661,280.196451025058,144,24,0.244609987370599,89.1174390103789,10.8825609896211
2020,2.86544655368516,0.572824088708772,56.5590950415316,20.1673959265124,282.795475207658,145,24,0.243442866253711,88.9913115568647,11.0086884431353
2020,2.88705348622153,0.577301639946958,57.0834625748939,20.2238728654453,285.41731287447,146,24,0.240268689992178,88.8604771421863,11.1395228578137
2020,2.91067016474182,0.58175738587481,57.6127844415769,20.280517866859,288.063922207884,147,24,0.250427532743986,88.725462302666,11.274537697334
2020,2.93278918231603,0.586146699130108,58.1447958793109,20.3370863677745,290.723979396555,148,24,0.253268251243947,88.5848883267765,11.4151116732235
2020,2.95472917513291,0.590416011611319,58.6806608762873,20.3937011100791,293.403304381437,149,24,0.258859735179987,88.4395982664148,11.5604017335852
2020,2.97599100396945,0.594529511128837,59.219793360095,20.4502985901211,296.098966800475,150,24,0.265189515050818,88.2900184578621,11.7099815421379
2020,3.17254439447162,0.633479807881489,59.7619099210902,20.5068483778269,298.809549605451,151,24,0.278750415910968,88.4561538923598,11.5438461076402
2020,3.19300633633179,0.63741354066008,60.340622525259,20.5668224319244,301.703112626295,152,24,0.285944934742522,88.296136111869,11.703863888131
2020,3.21211335646029,0.641115743310134,60.9219858681376,20.6266688858595,304.609929340688,153,24,0.291927340074371,88.1335754117085,11.8664245882915
2020,3.22970862548636,0.644579007807118,61.5059712400987,20.6863858506654,307.529856200493,154,24,0.295823357846272,87.9694839401864,12.0305160598135
2020,3.24706203307529,0.647803730525081,62.0926934134489,20.7459860265537,310.463467067245,155,24,0.306380708115757,87.8058207712693,12.1941792287307
2020,3.26233702192056,0.650780892434715,62.6807715863321,20.8053313639152,313.403857931661,156,24,0.311195821730874,87.6419532006438,12.3580467993562
2020,3.27696340005631,0.65351036593538,63.2709383595231,20.8644986108445,316.354691797615,157,24,0.320349822700524,87.4785684126461,12.5214315873539
2020,3.287808862548,0.655993632623266,63.8621960590721,20.9233907588454,319.310980295361,158,24,0.311187085058091,87.3166684401538,12.6833315598462
2020,3.29539347545263,0.658232040111402,64.4574516737549,20.9822984795626,322.287258368775,159,24,0.288768448667605,87.1566149801735,12.8433850198265
2020,3.30683254942026,0.66022713250084,65.0587040106472,21.0414159935384,325.293520053236,160,24,0.300595777292387,86.9989316384354,13.0010683615646
2020,3.31717302991571,0.661981988650801,65.6598745417454,21.1001459713034,328.299372708727,161,24,0.313565067512993,86.8455211291749,13.1544788708251
2020,3.32473608840309,0.66349772218743,66.2605149610218,21.1584510638933,331.302574805109,162,24,0.315629621984533,86.6973406636661,13.3026593363339
2020,3.33135222932366,0.664773680980493,66.8622505325177,21.2164942510424,334.311252662589,163,24,0.319507996090495,86.5549943086206,13.4450056913794
2020,3.3385783841816,0.665808071690608,67.464528890044,21.2742263642649,337.32264445022,164,24,0.336845505197964,86.419452224938,13.580547775062
2020,3.3424770451851,0.66659753173449,68.0647799864866,21.3314078468996,340.323899932433,165,24,0.338785920848055,86.2920202920211,13.7079797079789
2020,3.34638673547526,0.667134734200064,68.6654175331345,21.3882754150917,343.327087665673,166,24,0.350558040964196,86.1731413458702,13.8268586541298
2020,3.34770131929823,0.667410264166752,69.2644771583131,21.4446492936754,346.322385791566,167,24,0.35246845675355,86.0639833220175,13.9360166779825
2020,3.35143912760963,0.667752696946612,69.8634119552386,21.5006727256114,349.317059776193,168,24,0.371252560060885,85.9514077051029,14.0485922948971
2020,3.35569864296871,0.668496453061363,70.4593315838657,21.556082879528,352.296657919329,169,24,0.378195841789333,85.8233808256373,14.1766191743627
2020,3.36034288185891,0.669653388292445,71.0547083244517,21.6111173261166,355.273541622259,170,24,0.371036392689794,85.6812474335799,14.3187525664201
2020,3.36955951713365,0.671247909181722,71.652439410576,21.6660470328224,358.26219705288,171,24,0.383745861862001,85.52660464966,14.47339535034
2020,3.38028449765914,0.673304997133401,72.2494652393517,21.7205940403674,361.247326196758,172,24,0.389735452590512,85.3621323367519,14.6378676632481
2020,3.3933807275861,0.675836962029699,72.8474311809904,21.7749129465353,364.237155904952,173,24,0.395667724730885,85.1895825536813,14.8104174463187
2020,3.40843648102356,0.678839490377377,73.446822645818,21.8290503620385,367.23411322909,174,24,0.39811345392199,85.0106503073265,14.9893496926735
2020,3.42536722715178,0.682289978830732,74.0487285265616,21.8831058939315,370.243642632808,175,24,0.397309801538246,84.8266259632686,15.1733740367314
2020,3.4446616567792,0.686149843811423,74.6541733507429,21.9371711775985,373.270866753714,176,24,0.399202001879623,84.6385230152397,15.3614769847603
2020,3.46536078800087,0.690368833116593,75.2630903085323,21.9912391568828,376.315451542661,177,24,0.397676971247784,84.4473085396044,15.5526914603956
2020,3.48839028819085,0.694889100469135,75.8764433948466,22.0453936888226,379.382216974233,178,24,0.403213197779304,84.2536109171739,15.7463890828261
2020,3.51281980140618,0.699650448672348,76.493286008683,22.0995494730635,382.466430043415,179,24,0.410435124318989,84.0582978007702,15.9417021992298
2020,3.53882810072109,0.704593171328231,77.1135605846317,22.1537005105649,385.567802923158,180,24,0.423653989828546,83.8620567897282,16.1379432102718
2020,3.56491474309945,0.709661149265416,77.736383046434,22.2077693851487,388.68191523217,181,24,0.432111103238262,83.6657374876471,16.3342625123529
2020,3.59107168781533,0.71480272038558,78.3627209633345,22.261839810114,391.813604816673,182,24,0.437907827318628,83.4699175586937,16.5300824413063
2020,3.61561112344923,0.71997200703557,78.9931199885008,22.3159575237496,394.965599942504,183,24,0.427905185429483,83.2753101687496,16.7246898312504
2020,3.64110912144325,0.725128158650354,79.6304159771638,22.3703622123795,398.152079885819,184,24,0.427206409771792,83.082295047883,16.917704952117
2020,3.66677509797511,0.73023646064151,80.2729392748326,22.4249067965108,401.364696374163,185,24,0.430122320889313,82.8920922433771,17.1079077566229
2020,3.69237053849117,0.735265746622268,80.9199999491737,22.4795299064816,404.599999745869,186,24,0.435922708827113,82.7057940287479,17.294205971252
2020,3.71760486204306,0.740187162021766,81.5710063934499,22.5341797515523,407.855031967249,187,24,0.443361296118266,82.5244955390299,17.4755044609701
2020,3.74109214479176,0.744972403591024,82.2255581257062,22.5888215929614,411.127790628531,188,24,0.441379874298975,82.3492516678405,17.6507483321595
2020,3.76349820017864,0.74959141877352,82.8851891030029,22.6435816031994,414.425945515014,189,24,0.437319754771132,82.1807439550077,17.8192560449923
2020,3.78589309132874,0.7540121496737,83.5500981198432,22.6984732384646,417.750490599216,190,24,0.441881188478229,82.0201748387813,17.9798251612187
2020,3.80695901514041,0.758202032638355,84.2185578960321,22.7533519528445,421.09278948016,191,24,0.444968035965861,81.870560434921,18.129439565079
2020,3.8271588016804,0.762107907448435,84.8905968283024,22.8082193229193,424.452984141512,192,24,0.452991514115398,81.7304071280078,18.2695928719922
2020,3.84445730547787,0.765673684722418,85.5650536048231,22.8629805612554,427.825268024115,193,24,0.450517776231337,81.6003878386514,18.3996121613486
2020,3.86057680408607,0.76883162902974,86.2434466542428,22.9177587482851,431.217233271214,194,24,0.455697306951345,81.4805292354852,18.5194707645148
2020,3.87500265018701,0.771502582814682,86.9240086913621,22.9724111435857,434.620043456811,195,24,0.467637077537091,81.3712336262842,18.6287663737158
2020,3.67816565410835,0.732486462150546,87.6050481246028,23.0268041422913,438.025240623014,196,24,0.458687081728609,80.7794141238766,19.2205858761234
2020,3.68603500579256,0.733862893570718,88.2484895476012,23.0779241833756,441.242447738006,197,24,0.470417441825965,80.6931192774579,19.3068807225421
2020,3.69087309733023,0.734491514813441,88.891138561013,23.1287226215919,444.455692805065,198,24,0.489536374955496,80.617296418652,19.382703581348
2020,3.69253778976777,0.735013975158828,89.530910489215,23.179040023284,447.654552446075,199,24,0.482848144244603,80.5721973622535,19.4278026377465
2020,3.69767625124964,0.736151627960767,90.1723314299593,23.2292361716893,450.861657149796,200,24,0.479953794232132,80.5802631462735,19.4197368537265
2020,3.70677282269418,0.737960352292022,90.8153365345412,23.2793071288153,454.076682672706,201,24,0.482764683831611,80.6389555421984,19.3610444578016
2020,3.71913638722895,0.740507199586171,91.4595755258797,23.3292269769318,457.297877629399,202,24,0.481287823434186,80.7472029126804,19.2527970873196
2020,3.7366741300169,0.743875305044845,92.1065584871434,23.3791134052894,460.532792435717,203,24,0.490018546539291,80.9037293142283,19.0962706857717
2020,3.75804837899065,0.748164720200878,92.7552777853559,23.4288891014118,463.77638892678,204,24,0.491031356943494,81.1077359494096,18.8922640505904
2020,3.78642364457396,0.753493224500448,93.4080433596387,23.4787309566686,467.040216798193,205,24,0.509689074541485,81.3578949808673,18.6421050191327
2020,3.82037099903307,0.759996961760483,94.0627253591518,23.528475901074,470.313626795759,206,24,0.525331751339748,81.653529293605,18.346470706395
2020,3.85911398933928,0.76783103207205,94.7210401886125,23.5782541495361,473.605200943063,207,24,0.521704971217596,81.9932128210302,18.0067871789698
2020,3.90667735053705,0.777169726529988,95.3877997345267,23.628425762685,476.938998672634,208,24,0.530899186638998,82.3748548984055,17.6251451015945
2020,3.96152300806828,0.788204997037783,96.0622024728908,23.6789244703478,480.311012364454,209,24,0.527535213078107,82.796894451218,17.2031055487821
2020,4.02516587894096,0.801145060477923,96.7482150735813,23.7300396378449,483.741075367907,210,24,0.516895284471129,83.2566353262233,16.7433646737767
2020,4.10097719757834,0.816217289407391,97.449050478657,23.7819990658654,487.245252393285,211,24,0.52059679443616,83.7526731277667,16.2473268722333
2020,3.95056293597843,0.786407266930651,98.164272142054,23.8347572520082,490.82136071027,212,24,0.512798765163132,83.8261801012095,16.1738198987905
2021,2.78178673302729,0.556438336843877,54.5,19.9420239553624,272.5,141,24,0.225968242836261,89.4732832690158,10.5267167309842
2021,2.80085312689304,0.560107192145138,55.0111371126724,19.9985153082258,275.055685563362,142,24,0.232060861952728,89.3567733777087,10.6432266222913
2021,2.82113851369404,0.564138776163475,55.5248674500759,20.0549258387792,277.62433725038,143,24,0.234538038237855,89.2379597678631,10.7620402321369
2021,2.84283627826675,0.568415659640998,56.0421578184161,20.1113609141689,280.21078909208,144,24,0.23818278352417,89.1157552508739,10.8842447491261
2021,2.86669993415045,0.572835625061124,56.5630570913514,20.1678240240828,282.815285456757,145,24,0.251140973294979,88.9894575430573,11.0105424569427
2021,2.88905011024465,0.577305059120593,57.0861356654537,20.2241598421624,285.430678327269,146,24,0.252861407488301,88.8596554491205,11.1403445508795
2021,2.90970758901715,0.581766613917738,57.6133383035912,20.2805769476582,288.066691517956,147,24,0.244048818657862,88.7241710850859,11.2758289149141
2021,2.93328849321767,0.586155088900597,58.1464329668604,20.3372598806021,290.732164834302,148,24,0.256233836590868,88.5834131894659,11.4165868105341
2021,2.95502883608873,0.590423414196836,58.6818047023344,20.393821570436,293.409023511672,149,24,0.260584494919512,88.4382251770406,11.5617748229594
2021,2.97479942594467,0.594536017006106,59.2206521615485,20.4503884590161,296.103260807742,150,24,0.257188190689303,88.2887157414265,11.7112842585735
2021,3.17061622177488,0.633483726989338,59.7641306680099,20.50707929379,298.820653340049,151,24,0.266288682733155,88.453879774876,11.546120225124
2021,3.19114439960987,0.637416420642155,60.3449499739883,20.5672693876959,301.724749869942,152,24,0.273702423574109,88.2935664127892,11.7064335872108
2021,3.20972996129469,0.641117581395333,60.9283894107231,20.6273258558021,304.641947053615,153,24,0.27617624653934,88.1307161005065,11.8692838994935
2021,3.22739254010029,0.644583217574913,61.5150482897078,20.6873109231749,307.575241448539,154,24,0.280312385604971,87.9670398313709,12.0329601686291
2021,3.24566239876058,0.647806638529913,62.1044093918882,20.7471721493471,310.522046959441,155,24,0.296628938449835,87.8029615725416,12.1970384274584
2021,3.26057028234407,0.650782660167434,62.6941579261465,20.8066777074516,313.470789630733,156,24,0.298860616232232,87.6388410700697,12.3611589299302
2021,3.27489853226646,0.653510937430445,63.2864383138462,20.8660473671346,316.432191569231,157,24,0.305670676098526,87.4751302051164,12.5248697948836
2021,3.28881642404299,0.655992943471334,63.8802187736986,20.925179929542,319.401093868493,158,24,0.318481636097262,87.3128364079526,12.6871635920474
2021,3.30008575279476,0.658230937819543,64.4742168742025,20.9839520982785,322.371084371013,159,24,0.321205805548057,87.1530299919837,12.8469700080163
2021,3.31004197803576,0.660226720368362,65.0699200819217,21.0425151772531,325.349600409608,160,24,0.323215402474414,86.9963264824325,13.0036735175675
2021,3.31910500520348,0.661982048929089,65.6672084943633,21.1008601266093,328.336042471816,161,24,0.32751635784376,86.843620245352,13.156379754648
2021,3.32686769378021,0.663498012837863,66.2654449963277,21.158928102902,331.327224981638,162,24,0.33110139689682,86.6958980759386,13.3041019240614
2021,3.33258148903147,0.664774356499768,66.8645124957239,21.2167117509666,334.322562478619,163,24,0.328410080995441,86.5540590504734,13.4459409495266
2021,3.33706949873063,0.665808908123255,67.465256269883,21.274295870533,337.326281349415,164,24,0.32564358488316,86.4188345141397,13.5811654858603
2021,3.34079866402097,0.666597644792443,68.0674459671362,21.3316610297002,340.337229835681,165,24,0.326328885996125,86.2911310200033,13.7088689799967
2021,3.34407951187316,0.667134079917282,68.6702392209173,21.3887305207351,343.351196104587,166,24,0.333009773421093,86.17194648501,13.82805351499
2021,3.34498251487786,0.667408614291004,69.2723470102837,21.4453876122871,346.361735051418,167,24,0.331820177088615,86.0623347500576,13.9376652499424
2021,3.34757309782882,0.667749912724269,69.8748676262417,21.5017410029968,349.374338131208,168,24,0.340745644791965,85.9492171880968,14.0507828119032
2021,3.35177560350892,0.668492052853606,70.476115316462,21.5576387372863,352.38057658231,169,24,0.346794184810238,85.8203536633456,14.1796463366544
2021,3.3571035536526,0.66964732407105,71.0769876039993,21.6131704923559,355.384938019997,170,24,0.345576621912211,85.6773547922151,14.3226452077849
2021,3.36589213662002,0.671240475688987,71.6791625342277,21.6684953379703,358.395812671139,171,24,0.354167761630206,85.5220234807526,14.4779765192474
2021,3.37663901638163,0.673295991256852,72.2813702012895,21.7235001669773,361.406851006447,172,24,0.360040944635738,85.3567350565467,14.6432649434533
2021,3.38991565501499,0.675826381500908,72.8845455679259,21.7782741394918,364.42272783963,173,24,0.367169959047444,85.1833617984246,14.8166382015755
2021,3.40440657060597,0.6788274017463,73.4889431103864,21.832843112489,367.444715551932,174,24,0.365092030084125,85.0036381047102,14.9963618952898
2021,3.42196722234323,0.682276172933845,74.0966467488516,21.8873961202324,370.483233744258,175,24,0.369651155270342,84.8186844816693,15.1813155183307
2021,3.44187123854013,0.686134608695133,74.7069426556217,21.9418688964111,373.534713278109,176,24,0.376586978378087,84.629812097744,15.370187902256
2021,3.46424903015975,0.690352446785833,75.3198237939874,21.9962611848868,376.599118969937,177,24,0.389180046757066,84.4379792905626,15.5620207094374
2021,3.48315087938125,0.694872294020185,75.9346530847269,22.0505173000326,379.673265423635,178,24,0.361274303058348,84.2440918452048,15.7559081547952
2021,3.5089428409265,0.699631628726574,76.5588347103483,22.1052864170441,382.794173551741,179,24,0.37895551410313,84.047578892236,15.952421107764
2021,3.53292059175843,0.704572908019144,77.184628778195,22.1598854781892,385.923143890975,180,24,0.375022020802664,83.8504515017163,16.1495484982837
2021,3.55622913339798,0.709638697733642,77.8159949604571,22.2146589183947,389.079974802285,181,24,0.36128240027772,83.652722628906,16.347277371094
2021,3.5852120792894,0.714777162519723,78.4547601299724,22.2697599455197,392.273800649862,182,24,0.389001115894478,83.4548195804317,16.5451804195683
2021,3.61219248416263,0.719944519638621,79.093766931887,22.3245698440385,395.468834659435,183,24,0.400248328863688,83.2587927569802,16.7412072430198
2021,3.63703888457688,0.725099861593459,79.7359086933398,22.3793386118487,398.679543466699,184,24,0.39452365405952,83.0650162009162,16.9349837990838
2021,3.66317538550271,0.730207265852644,80.3841524543654,22.4343168963895,401.920762271827,185,24,0.40132788922018,82.8739063413803,17.1260936586197
2021,3.69164899876923,0.735235965940379,81.0362498340505,22.4893111178113,405.181249170252,186,24,0.431398823575114,82.6868278745138,17.3131721254862
2021,3.71665819890023,0.740157912312906,81.6880143126457,22.5439699225629,408.440071563228,187,24,0.436787666273208,82.5055026202017,17.4944973797983
2021,3.74230054945301,0.744943657552685,82.343688888756,22.5986508004846,411.71844444378,188,24,0.453996220638262,82.3301783163207,17.6698216836793
2021,3.76668630981411,0.749563921315116,83.0010356002703,22.6531673453063,415.005178001351,189,24,0.4677074027599,82.162191945729,17.837808054271
2021,3.78890114338312,0.753990610844087,83.6605019785578,22.7075581375905,418.302509892789,190,24,0.470415287586556,82.0040574004125,17.9959425995875
2021,3.81078082812662,0.758182293166188,84.3238538387837,22.7619687556018,421.619269193919,191,24,0.481054293191132,81.855559144197,18.144440855803
2021,3.83065166969665,0.762090006137741,84.989437198062,22.816263397348,424.94718599031,192,24,0.486278193802149,81.7167593925515,18.2832406074485
2021,3.84814841366315,0.76565729761578,85.6579325927409,22.8704981011726,428.289662963705,193,24,0.485229131311994,81.5880103585387,18.4119896414613
2021,3.8650249354091,0.7688165347581,86.3301190340952,22.9247356207241,431.650595170476,194,24,0.497809998912431,81.4694641393779,18.5305358606221
2021,3.87889019558436,0.771488675562659,87.0031456774039,22.9787468444199,435.01572838702,195,24,0.505106922622773,81.3617050636175,18.6382949363825
2021,3.68273315849176,0.732474182984051,87.6774662961688,23.0325706527237,438.387331480844,196,24,0.504265703442564,80.7693367213524,19.2306632786476
2021,3.68753219332308,0.733850894180299,88.3127032574185,23.0830115517793,441.563516287092,197,24,0.485795238495158,80.6846243392729,19.3153756607271
2021,3.68953029586484,0.734479621631609,88.9525740922955,23.1335653965291,444.762870461477,198,24,0.477229048929097,80.6093429567764,19.3906570432236
2021,3.69176077424385,0.735001562924798,89.5945368866557,23.1840304572438,447.972684433278,199,24,0.476175235339196,80.5640325008365,19.4359674991635
2021,3.69728818932774,0.736138570837767,90.2371348190614,23.2342936808139,451.185674095307,200,24,0.4771034131641,80.5720809335453,19.4279190664547
2021,3.70647312700273,0.737946500332723,90.8806300807904,23.2843777175635,454.403150403952,201,24,0.480800342621431,80.6308884350808,19.3691115649192
2021,3.71984900496774,0.740492351018486,91.5251995949569,23.3342981895606,457.625997974785,202,24,0.489240913030253,80.7392911388189,19.2607088611811
2021,3.73753172602812,0.743859225307496,92.1707319584417,23.3840482518794,460.853659792208,203,24,0.499581130372181,80.8962751270719,19.1037248729281
2021,3.75838380350298,0.748147086856559,92.8177077254664,23.4336664860323,464.088538627332,204,24,0.4954533012297,81.1007868684375,18.8992131315625
2021,3.78816581183599,0.753473685479666,93.4696534453442,23.4834226370571,467.348267226721,205,24,0.528836627393128,81.3513017511786,18.6486982488214
2021,3.82015299165442,0.759974982374862,94.1208517633928,23.5328808639691,470.604258816964,206,24,0.524480458392565,81.6477003228133,18.3522996771867
2021,3.85896035764515,0.767806266605016,94.7792907081758,23.5826471171279,473.896453540879,207,24,0.521661579663596,81.9875838374712,18.0124161625288
2021,3.90744968207682,0.777141637797055,95.4460255709975,23.6327954603772,477.230127854988,208,24,0.54053017518544,82.369449211591,17.630550788409
2021,3.96377952035555,0.788172750244621,96.1186538527451,23.6831402813843,480.593269263726,209,24,0.552447454882333,82.7919588960863,17.2080411039137
2021,4.02905746080007,0.801107379749193,96.8001325736265,23.7338977436701,484.000662868132,210,24,0.557852939043581,83.2525298809736,16.7474701190264
2021,4.10476541291798,0.816184563129953,97.493552161904,23.7852895828923,487.46776080952,211,24,0.559704484520879,83.7526212486156,16.2473787513843
2021,3.95354592514084,0.786365922945445,98.2017076209115,23.8375112842968,491.008538104557,212,24,0.544886512489893,83.8247211770635,16.1752788229365
2022,2.78567292194165,0.556438336843877,54.5,19.9420239553624,272.5,141,24,0.250727075982208,89.4732832690158,10.5267167309842
2022,2.8053231346262,0.560106371551296,55.006962583826,19.998055420155,275.03481291913,142,24,0.261348839528188,89.3574516274077,10.6425483725923
2022,2.82581554758369,0.564137260134796,55.5157293400492,20.053925606462,277.578646700246,143,24,0.265365972586997,89.239449599693,10.760550400307
2022,2.84825476786658,0.568413709752101,56.0277895576132,20.1097982858889,280.138947788066,144,24,0.274514508687823,89.1181061917634,10.8818938082366
2022,2.87080403344238,0.572833443145548,56.5425062317022,20.1656032866242,282.712531158511,145,24,0.279407435561853,88.9928326912551,11.0071673087449
2022,2.89335678308251,0.577303087693121,57.0607524054872,20.2214343771662,285.303762027436,146,24,0.28253510701214,88.8638402673215,11.1361597326784
2022,2.91625000631369,0.581765094505142,57.5828817317372,20.2773275387485,287.914408658686,147,24,0.288461748468998,88.7292127744427,11.2707872255572
2022,2.9392871797762,0.586154208275706,58.108402409868,20.3332281907175,290.54201204934,148,24,0.298282300975501,88.5897351862085,11.4102648137915
2022,2.95951535973135,0.59042352155699,58.6365643431694,20.3890559003775,293.182821715847,149,24,0.291613792422424,88.4457782013811,11.5542217986189
2022,2.97770336864496,0.594537363623487,59.1701034385628,20.4450972629955,295.850517192814,150,24,0.276353575119053,88.2971920284877,11.7028079715123
2022,3.17439835357538,0.633487633065887,59.7103298799398,20.5014833390522,298.551649399699,151,24,0.2906986711833,88.4627115199313,11.5372884800687
2022,3.194277927471,0.637422015444813,60.2870238632587,20.561284700329,301.435119316293,152,24,0.294067289742884,88.3031179174534,11.6968820825465
2022,3.21271197464631,0.641124883620564,60.867017313254,20.621027419163,304.33508656627,153,24,0.295489362754616,88.140880290486,11.859119709514
2022,3.2292738969428,0.644592253162559,61.4504102838865,20.6807213728986,307.252051419432,154,24,0.292210725956372,87.977789849075,12.0222101509251
2022,3.24620785947993,0.647817234757181,62.0377683342494,20.7404233442748,310.188841671247,155,24,0.299748569631283,87.8140887875056,12.1859112124944
2022,3.2619700688375,0.650794521783846,62.6270024072699,20.7999214588946,313.135012036349,156,24,0.307903455444749,87.6500963096736,12.3499036903264
2022,3.27618070726752,0.65352417218062,63.2177545782773,20.8591824733215,316.088772891386,157,24,0.313983818439443,87.4866816980805,12.5133183019195
2022,3.28925458927597,0.65600746720359,63.8101292667781,20.9182199494312,319.05064633389,158,24,0.320852874139658,87.3246616859117,12.6753383140883
2022,3.2999765498001,0.658246459120505,64.4037412039721,20.9769987819252,322.018706019861,159,24,0.319571879328084,87.1649538338056,12.8350461661944
2022,3.31112726837889,0.660242985456271,64.9997498314824,21.0356362654829,324.998749157412,160,24,0.330329991028568,87.008227180209,12.991772819791
2022,3.31923165661739,0.661999316461789,65.5958328795534,21.0939074489114,327.979164397767,161,24,0.327527858727896,86.8557490790179,13.1442509209821
2022,3.32740835498231,0.663515898637544,66.1940929388351,21.1520215373803,330.970464694176,162,24,0.334181637272824,86.708040750814,13.291959249186
2022,3.33445832916796,0.664792900768962,66.7926530737804,21.209799573303,333.963265368902,163,24,0.341501746685269,86.5662996812815,13.4337003187185
2022,3.33907938134788,0.665828481475294,67.3911544635689,21.2672122354619,336.955772317845,164,24,0.339567092906128,86.4314620324254,13.5685379675746
2022,3.3435936477522,0.666618214093096,67.9909620618147,21.3243947607682,339.954810309073,165,24,0.346237201659971,86.3041617481144,13.6958382518856
2022,3.34673938851138,0.667155851720968,68.5903333245668,21.381185550615,342.951666622834,166,24,0.352186115916408,86.1855488226282,13.8144511773718
2022,3.34808550457564,0.667431475884987,69.1891385578832,21.4375783613072,345.945692789416,167,24,0.354351456793511,86.0764780512121,13.9235219487879
2022,3.35090769107198,0.667773980289049,69.7877743173967,21.4936162117715,348.938871586983,168,24,0.365691225033345,85.9640008686698,14.0359991313302
2022,3.35362372344774,0.668517445669289,70.3847006859972,21.54916144007,351.923503429986,169,24,0.35996760080754,85.8358642628286,14.1641357371714
2022,3.35941082658038,0.669673464595549,70.9833088734119,21.6045344234754,354.916544367059,170,24,0.362323596841015,85.6932552269213,14.3067447730787
2022,3.36770926986498,0.671267527154414,71.5825968883628,21.6596452305812,357.912984441814,171,24,0.36722819105401,85.5384301625831,14.461569837417
2022,3.3786852701845,0.673323760827478,72.182556998033,21.7144966648341,360.912784990165,172,24,0.375135022671191,85.373548418083,14.626451581917
2022,3.39179026696557,0.675854952141257,72.7831239750684,21.7690862616105,363.915619875342,173,24,0.381017554117664,85.2006505214793,14.7993494785207
2022,3.40668653488258,0.678856688233188,73.3851281778861,21.823492326962,366.92564088943,174,24,0.382143046861633,85.0213712105529,14.9786287894471
2022,3.42459002789186,0.682306299976019,73.9898789462346,21.8778343102611,369.949394731173,175,24,0.389683068711922,84.8369618129107,15.1630381870893
2022,3.44426376719798,0.686165680639469,74.5966944673036,21.9320515605395,372.983472336518,176,24,0.394844504076078,84.6487274169581,15.3512725830419
2022,3.46594750883747,0.690384318249571,75.2064041503532,21.9862186824218,376.032020751766,177,24,0.401822475095887,84.4574819914206,15.5425180085794
2022,3.48679743132556,0.694904616102345,75.8190463051919,22.0403389194576,379.09523152596,178,24,0.388799961492695,84.2640135605124,15.7359864394876
2022,3.51243139252083,0.699665032993612,76.4384538646617,22.0947478296103,382.192269323309,179,24,0.406189049503409,84.0683654557804,15.9316345442196
2022,3.53711230224828,0.704607270565369,77.0595008387582,22.1489931039635,385.297504193791,180,24,0.407729906268426,83.8720985334069,16.1279014665931
2022,3.56280990414245,0.709674138991876,77.6851658451767,22.2033345012713,388.425829225883,181,24,0.412662167819327,83.6753942072667,16.3246057927333
2022,3.58871305727237,0.714814380713687,78.3149734565389,22.2577284970911,391.574867282694,182,24,0.416203818561759,83.4790785761999,16.5209214238001
2022,3.6149011072365,0.719982185568742,78.9492424063712,22.3122005419508,394.746212031856,183,24,0.421034462204625,83.2839036797358,16.7160963202642
2022,3.64175745119768,0.725137482989219,79.5877713482841,22.3667312186564,397.938856741421,184,24,0.432327070870392,83.0907773187982,16.9092226812018
2022,3.6661536017171,0.730245373940008,80.2294010007231,22.421220410118,401.147005003616,185,24,0.424133244213129,82.9008316231958,17.0991683768042
2022,3.69192496909587,0.73527365802431,80.8775360633231,22.4759545727874,404.387680316616,186,24,0.431476602002959,82.7144460067446,17.2855539932554
2022,3.7167143193648,0.740194037596241,81.5293435001718,22.5306914121302,407.646717500859,187,24,0.435008084343368,82.5331052009557,17.4668947990443
2022,3.74179923009811,0.744977986982579,82.1853886696951,22.5854770043531,410.926943348476,188,24,0.447232019171505,82.3576957817572,17.6423042182428
2022,3.76316016815727,0.749596134515362,82.8439915412126,22.6401704517435,414.219957706063,189,24,0.434013696398467,82.189457596842,17.810542403158
2022,3.78519558791834,0.754019702200864,83.5094951299616,22.695130000264,417.547475649808,190,24,0.435335093868125,82.0302282207591,17.9697717792409
2022,3.80440942133058,0.758208280546031,84.1791256153529,22.7501231136574,420.895628076765,191,24,0.422815167604948,81.8805836758604,18.1194163241396
2022,3.82492253748414,0.762112308827004,84.8550862034765,22.8053277144556,424.275431017382,192,24,0.433289616958732,81.7399239278025,18.2600760721975
2022,3.84380103321006,0.765676310243635,85.5330370440501,22.8603878521266,427.665185220251,193,24,0.444550319773069,81.6094732046021,18.3905267953979
2022,3.85742553771502,0.768832830895651,86.2124932091609,22.9152659024682,431.062466045804,194,24,0.428541347506355,81.4896014354737,18.5103985645263
2022,3.87155287126891,0.771501869523461,86.8978570682185,22.9703165629623,434.489285341092,195,24,0.437437466313708,81.3796547383982,18.6203452616018
2022,3.67690902248496,0.732480588105314,87.5842472436916,23.0251471966505,437.921236218458,196,24,0.447299765093102,80.7855071426069,19.2144928573931
2022,3.68449967147114,0.733855727931095,88.2297154449252,23.0764363067869,441.148577224626,197,24,0.456242880614532,80.6989534772287,19.3010465227713
2022,3.68768688033324,0.734483470543911,88.8748929036483,23.1274416361622,444.374464518241,198,24,0.459225981988946,80.6226911490218,19.3773088509782
2022,3.68983419920228,0.735004663380334,89.5200902050079,23.1781911058273,447.60045102504,199,24,0.457503316134994,80.576748352754,19.423251647246
2022,3.69606885480347,0.736140911486932,90.166039764428,23.2287450106853,450.83019882214,200,24,0.465078438621096,80.5841239144132,19.4158760855868
2022,3.705900905403,0.737948108890887,90.8116986843639,23.2790245446742,454.05849342182,201,24,0.474915927551906,80.6424428116983,19.3575571883017
2022,3.71927244094741,0.740493211250124,91.4573331773181,23.3290536507938,457.286665886591,202,24,0.483273425705061,80.7505232649458,19.2494767350542
2022,3.73534285427555,0.743859269851291,92.1039463142569,23.3789124822442,460.519731571285,203,24,0.477889051134359,80.9071644503763,19.0928355496237
2022,3.7575716054597,0.748146267874999,92.7548253593508,23.4288544718158,463.774126796754,204,24,0.487285461945853,81.1108647237033,18.8891352762967
2022,3.78569422512422,0.753471917394751,93.4082447763793,23.4787462983034,467.041223881896,205,24,0.503455362759287,81.3609527175677,18.6390472824323
2022,3.8174170656751,0.759972305829467,94.0640276258584,23.5285746108441,470.320138129292,206,24,0.497001839741477,81.6564365315974,18.3435634684026
2022,3.85681954117763,0.767802716082481,94.7274175941044,23.5787351938528,473.637087970522,207,24,0.500404742148617,81.995365549851,18.004634450149
2022,3.90239709239193,0.777137150998958,95.3979780080906,23.6291897497183,476.989890040453,208,24,0.490679120611555,82.3764636284293,17.6235363715707
2022,3.95992522070525,0.788167961711539,96.0795682322271,23.6802215358631,480.397841161135,209,24,0.513724113698829,82.7974964452171,17.2025035547829
2022,4.02552711668442,0.801102354866062,96.7680226551373,23.7315117538426,483.840113275686,210,24,0.522535940433878,83.2569320298372,16.7430679701628
2022,4.10289613526646,0.816179520781677,97.4678011845537,23.7833856470705,487.339005922768,211,24,0.541078165690329,83.7560266931514,16.2439733068486
2022,3.95129899773416,0.786360325373404,98.1793093887808,23.8358635916797,490.896546943904,212,24,0.522377596674938,83.8276453488507,16.1723546511493
