"year","assimilated_weight","ingested_weight","Weight","Length","Energy","JulianDay","location"
141,0.153041057304403,0.163341769034659,0.18,3.53112813245625,0.9,141,1
141,0.168682511080474,0.180039628574668,0.206741917191794,3.68249849630137,1.03370958595897,142,1
141,0.185105078454744,0.19714175881432,0.236235745157495,3.8343628322554,1.18117872578748,143,1
141,0.201483763119476,0.214445395702788,0.268473194600649,3.98591608469486,1.34236597300325,144,1
141,0.217735275268843,0.231802329213693,0.303507348990639,4.13685267337341,1.51753674495319,145,1
141,0.234216673088056,0.249020858775614,0.341357719853429,4.28683608767369,1.70678859926715,146,1
141,0.250434739472626,0.266016945058901,0.381918278275153,4.43519636102714,1.90959139137577,147,1
141,0.265780779339516,0.28263208855139,0.425137012892072,4.58164547210947,2.12568506446036,148,1
141,0.281403452318196,0.298788650360291,0.471020839021758,4.72617419231439,2.35510419510879,149,1
141,0.295997349138657,0.314357183725054,0.519335960461751,4.86811373744397,2.59667980230875,150,1
141,0.325922750780284,0.346920036588031,0.570050163234631,5.00752055083597,2.85025081617316,151,1
141,0.341957239030186,0.363005596234644,0.626420462356144,5.15267437928363,3.13210231178072,152,1
141,0.357451811122113,0.378236842913821,0.68504761446353,5.29427976525231,3.42523807231765,153,1
141,0.37141650204948,0.392589008086801,0.745677038321084,5.43209675125898,3.72838519160542,154,1
141,0.384908811224569,0.406105240950543,0.808271995721902,5.56641531468994,4.04135997860951,155,1
141,0.397790746677672,0.418785110908337,0.872576131218304,5.6970507757836,4.36288065609152,156,1
141,0.410417842236105,0.4306483087978,0.938354028457864,5.82391134126052,4.69177014228932,157,1
141,0.421286686896313,0.44170484188915,1.00525284320677,5.94672647593456,5.02626421603386,158,1
141,0.431482732354565,0.452047499934437,1.07340730690604,6.06612095212271,5.3670365345302,159,1
141,0.443209722815761,0.461717490702398,1.14266931900433,6.18215888095018,5.71334659502163,160,1
141,0.453725117039793,0.470648826110518,1.21203239062964,6.29355188031845,6.0601619531482,161,1
141,0.46384416726252,0.478913783020866,1.28142298107916,6.40062773116352,6.4071149053958,162,1
141,0.471760423847425,0.486543124822755,1.35046183119839,6.50322186172135,6.75230915599197,163,1
141,0.478790116449784,0.493671849947179,1.41980342890221,6.60264943498722,7.09901714451106,164,1
141,0.485638786363198,0.500359471551311,1.48957329852916,6.69933150899353,7.44786649264578,165,1
141,0.492223607051217,0.506625852837859,1.55953940663017,6.79316586571074,7.79769703315086,166,1
141,0.497323335228087,0.512495734323496,1.62952274316617,6.88413234010246,8.14761371583085,167,1
141,0.502499106558229,0.518055780313218,1.70015133346925,6.97321726389398,8.50075666734627,168,1
141,0.507403259223744,0.523308869909399,1.77113538986048,7.06018826055098,8.85567694930241,169,1
141,0.512519888557375,0.52827725153245,1.84240952504679,7.14510354622976,9.21204762523397,170,1
141,0.516722194212071,0.532960719697481,1.91359917008617,7.22766244467357,9.56799585043087,171,1
141,0.519932001350925,0.537409003092672,1.98509255098881,7.30844645035314,9.92546275494403,172,1
141,0.524376349992353,0.541670585209392,2.05738222998902,7.388093959494,10.2869111499451,173,1
141,0.529146851186706,0.545702347053383,2.1294674852369,7.46559695481841,10.6473374261845,174,1
141,0.531750526987258,0.549500100190165,2.20090034938519,7.54061507773867,11.004501746926,175,1
141,0.53507805946361,0.553156162132279,2.27306140073356,7.61469417030131,11.3653070036678,176,1
141,0.538308068013603,0.556648161748589,2.3453011120775,7.68722994548078,11.7265055603875,177,1
141,0.544041967242287,0.559985881336529,2.41755297416028,7.75823661069747,12.0877648708014,178,1
141,0.545959364101986,0.563083969745101,2.4876948491005,7.82576842871721,12.4384742455025,179,1
141,0.549422813674235,0.566088998035246,2.55855577613608,7.89265810119726,12.7927788806804,180,1
141,0.55354686403623,0.568948541353645,2.62877286492289,7.95767820959171,13.1438643246145,181,1
141,0.556090663336473,0.571642713213052,2.69759697163843,8.02024409317681,13.4879848581921,182,1
141,0.558138316080356,0.574233276174927,2.7662435920199,8.08154998651369,13.8312179600995,183,1
141,0.559876091161191,0.576741129647667,2.83506351885914,8.14195533928958,14.1753175942957,184,1
141,0.561974929761059,0.579179370962805,2.90425905355422,8.20166862490142,14.5212952677711,185,1
141,0.564073269300703,0.581537735321838,2.97343559605179,8.26038240571634,14.8671779802589,186,1
141,0.566054041651424,0.583818621279531,3.04251700828613,8.3180729001291,15.2125850414307,187,1
141,0.569195052033753,0.586028125729468,3.11153696968303,8.37480740751167,15.5576848484152,188,1
141,0.571369860439169,0.58813016786208,3.17932154344557,8.42967899443843,15.8966077172279,189,1
141,0.574101757551284,0.590159000352543,3.24667150178516,8.48339703764393,16.2333575089258,190,1
141,0.576719041630393,0.592097264709254,3.31293942548063,8.53549924860819,16.5646971274031,191,1
141,0.579087791658901,0.593949341410627,3.37811220064864,8.58603667114254,16.8905610032432,192,1
141,0.580623352600042,0.595724339204677,3.44233148888178,8.63517430769171,17.2116574444089,193,1
141,0.583112150727899,0.597451713879059,3.50641294769697,8.68357368620395,17.5320647384849,194,1
141,0.584372775629942,0.599099092545196,3.56923321631656,8.73042573985536,17.8461660815828,195,1
141,0.553295867482057,0.567277721397522,3.6320847845575,8.77672944947578,18.1604239227875,196,1
141,0.554219063789088,0.568593456179547,3.68866258420154,8.81793593335084,18.4433129210077,197,1
141,0.556456753013084,0.569888153708548,3.74533661713159,8.85877320559427,18.7266830856579,198,1
141,0.557787311763549,0.571148874413507,3.80045184177477,8.89807622741116,19.0022592088738,199,1
141,0.558820976381677,0.572339351946304,3.85509485536519,8.93665227188002,19.2754742768259,200,1
141,0.560771881758256,0.573501718027119,3.90955110664576,8.97471916654747,19.5477555332288,201,1
141,0.562280890348027,0.574603686796064,3.96258010443789,9.01143483410224,19.8129005221894,202,1
141,0.563048929768444,0.575659752623485,4.01466547026744,9.04716528554283,20.0733273513372,203,1
141,0.56355168312661,0.576695794882408,4.06675046124105,9.08257384105097,20.3337523062052,204,1
141,0.564952024519196,0.577720897552344,4.11916950959753,9.11789179924759,20.5958475479876,205,1
141,0.56603822344205,0.578703308774209,4.17068183264821,9.1522949736312,20.8534091632411,206,1
141,0.566531917449923,0.579653372533689,4.22165666045948,9.18604886101725,21.1082833022974,207,1
141,0.56766508159518,0.580591508819113,4.2728775417907,9.21968075736496,21.3643877089535,208,1
141,0.56937030246264,0.581494930794846,4.32343264586872,9.25260108009812,21.6171632293436,209,1
141,0.570955181509871,0.582342317305012,4.37244183412447,9.28425960453709,21.8622091706223,210,1
141,0.571214651810565,0.583138418277751,4.41996340462742,9.31472186667412,22.0998170231371,211,1
141,0.537741674774927,0.549412615175657,4.46789605515373,9.34521726939431,22.3394802757686,212,1
141,0.0763512065819982,0.0820342565700862,0.18,3.53112813245625,0.9,141,2
141,0.080479656055028,0.0863473155776637,0.19174498409425,3.59941660087239,0.958724920471252,142,2
141,0.0845321655175339,0.0908302510458086,0.204089463700433,3.66811715398884,1.02044731850217,143,2
141,0.0889840266696519,0.0955219830389792,0.217163435143629,3.73778871882028,1.08581717571814,144,2
141,0.0936614941336945,0.100395758303128,0.230910585518014,3.80796256276882,1.15455292759007,145,2
141,0.0986181295973113,0.105422026549203,0.245335446389202,3.87853177880914,1.22667723194601,146,2
141,0.10339568949265,0.110629555562481,0.260399260365795,3.94920438538568,1.30199630182898,147,2
141,0.108325797921887,0.116049109270399,0.276288319186014,4.02072519950299,1.38144159593007,148,2
141,0.1137036424917,0.121683340945573,0.293053609470431,4.09314647098714,1.46526804735215,149,2
141,0.119180684043972,0.127498223113429,0.310621003119415,4.16599770364813,1.55310501559707,150,2
141,0.130760153197466,0.140122890542135,0.329048724572822,4.23939312356482,1.64524362286411,151,2
141,0.137505613271987,0.147038645946783,0.349679489576752,4.31823929943553,1.74839744788376,152,2
141,0.144484408955333,0.154133373323174,0.371254202309949,4.39729763976489,1.85627101154974,153,2
141,0.151527157151682,0.161390746651377,0.393770177541646,4.47646079090445,1.96885088770823,154,2
141,0.158520714752974,0.168810930220002,0.417285666542844,4.55583843234353,2.08642833271422,155,2
141,0.166337958938027,0.176405685381614,0.441909836149898,4.63568405949999,2.20954918074949,156,2
141,0.173855578773764,0.184081536039875,0.467377224031705,4.71506551264017,2.33688612015852,157,2
141,0.181224063864606,0.191866193953872,0.493859089568449,4.79447341879932,2.46929544784224,158,2
141,0.188570502140154,0.199771232314253,0.521486303420789,4.87421304413927,2.60743151710395,159,2
141,0.196967980205436,0.207790132430322,0.55033634804157,4.95439877326958,2.75168174020785,160,2
141,0.205009062066017,0.215787182638904,0.579971636180173,5.03377213713921,2.89985818090086,161,2
141,0.213564641714718,0.223774095283321,0.610532383626844,5.11271658694211,3.05266191813422,162,2
141,0.220853693113285,0.23165399794541,0.641711860784249,5.19046990515076,3.20855930392124,163,2
141,0.229131778585623,0.239544202178827,0.674125108525285,5.26855669842297,3.37062554262642,164,2
141,0.236989515995562,0.247286182608783,0.707205353081977,5.34559699977426,3.53602676540988,165,2
141,0.244033941378253,0.254879688557506,0.741067838131466,5.4218998989863,3.70533919065733,166,2
141,0.250779911595716,0.262374318338237,0.776086465218513,5.49829329262384,3.88043232609256,167,2
141,0.257837323337641,0.269635104132171,0.812352791593,5.57491663543094,4.061763957965,168,2
141,0.26396649550604,0.276505994688821,0.849494300821069,5.65095632805595,4.24747150410535,169,2
141,0.2710542468529,0.283083325059178,0.88776013138033,5.72691169510164,4.43880065690165,170,2
141,0.27669316314288,0.28921230106309,0.926345410162815,5.80122451473576,4.63172705081407,171,2
141,0.281878214081951,0.294996732175655,0.965782622851156,5.87498106740614,4.82891311425578,172,2
141,0.287402777425329,0.300440002427998,1.00607869337879,5.94820648945076,5.03039346689396,173,2
141,0.293342238664458,0.30546658234586,1.04675243360531,6.02007362116908,5.23376216802653,174,2
141,0.297342100535174,0.309989063666821,1.08716882303496,6.08958312457053,5.43584411517481,175,2
141,0.301937099903647,0.314170491907648,1.12820711930431,6.158343086793,5.64103559652153,176,2
141,0.305916877040803,0.317918079966728,1.16915523525218,6.22523574128684,5.84577617626092,177,2
141,0.309923391474023,0.321265097233744,1.21005768063581,6.29044290186822,6.05028840317903,178,2
141,0.312896248354347,0.324181101905998,1.25050229245023,6.35342662178375,6.25251146225113,179,2
141,0.315435547681698,0.32675409777907,1.29088266190848,6.41490938703035,6.45441330954239,180,2
141,0.317656797698055,0.329016880912203,1.33121827852414,6.47499995805283,6.6560913926207,181,2
141,0.320210922490021,0.330995568582879,1.37146828366111,6.53371099400108,6.85734141830556,182,2
141,0.322617004091852,0.332650824678875,1.41104425511951,6.59027927902964,7.05522127559757,183,2
141,0.323167644645014,0.333994374824261,1.44969785381431,6.64447151334817,7.24848926907153,184,2
141,0.324723975713464,0.335234233668095,1.48884021181267,6.69833223289762,7.44420105906336,185,2
141,0.326329083394364,0.336280811561711,1.52740237908071,6.75043793938657,7.63701189540357,186,2
141,0.327175497696568,0.337146065404341,1.56509942529053,6.80049578775714,7.82549712645265,187,2
141,0.328301232070901,0.337934752222501,1.60248524476919,6.84931713353165,8.01242622384593,188,2
141,0.329467449065456,0.338649076279998,1.6391747123249,6.89646328610938,8.19587356162448,189,2
141,0.330308352184232,0.339320256494281,1.67501918964925,6.94181857629041,8.37509594824623,190,2
141,0.331613198865815,0.34002496237484,1.71032247977868,6.98583258385457,8.55161239889341,191,2
141,0.332909868651861,0.340760515876865,1.74457863977603,7.02793985558833,8.72289319888017,192,2
141,0.333858245446974,0.341578292871324,1.77781374467468,7.06824483155674,8.88906872337338,193,2
141,0.334935353278214,0.3425758165769,1.81057532081273,7.1074647864816,9.05287660406365,194,2
141,0.336089220805652,0.343806404379415,1.84296241249495,7.14575322658609,9.21481206247474,195,2
141,0.320394574241371,0.327714900966184,1.87522349514214,7.1834292630797,9.3761174757107,196,2
141,0.321892072454987,0.329231229658542,1.90416641759156,7.21684763553987,9.5208320879578,197,2
141,0.323198780710294,0.331128717020768,1.93300758030769,7.24979818101029,9.66503790153843,198,2
141,0.325315585634566,0.333432371064537,1.96261033257736,7.28326439102595,9.81305166288682,199,2
141,0.327510613624991,0.335889675672621,1.99247065325236,7.31666723637677,9.96235326626181,200,2
141,0.330345535261341,0.338553105457456,2.02271495666778,7.35014583238749,10.1135747833389,201,2
141,0.333373042471312,0.341375947334272,2.05277888285138,7.38308074669172,10.2638944142569,202,2
141,0.336692545655276,0.344352428882634,2.08263975297749,7.41546208896231,10.4131987648875,203,2
141,0.339425469705284,0.347464930793391,2.11212183596764,7.44711674564241,10.5606091798382,204,2
141,0.342597842418111,0.350782295597347,2.14228189161481,7.47918226236259,10.7114094580741,205,2
141,0.34607408514672,0.354273190563847,2.17281098633552,7.51132128318373,10.8640549316776,206,2
141,0.349795974510068,0.357916522790089,2.20354987907108,7.54336473860919,11.0177493953554,207,2
141,0.353378875447768,0.361693815644526,2.23438925904241,7.57520138461487,11.1719462952121,208,2
141,0.357274669609471,0.365620382321022,2.2657393878327,7.60725291888218,11.3286969391635,209,2
141,0.361354267749472,0.369667389214554,2.2973871140933,7.63929671507888,11.4869355704665,210,2
141,0.365347098871267,0.373815078320145,2.32925960971649,7.67125864348318,11.6462980485824,211,2
141,0.348382095597007,0.35722624414591,2.36163899300693,7.70341825911851,11.8081949650346,212,2
141,0.0600507004827816,0.0646841508092953,0.18,3.53112813245625,0.9,141,3
141,0.0625711398085365,0.067352547913061,0.188606795637136,3.58146239557668,0.943033978185679,142,3
141,0.0651635401045651,0.070099363741489,0.197575424829947,3.63223726725801,0.987877124149736,143,3
141,0.0677310967816991,0.0729250058142249,0.206918322179798,3.68345037556542,1.03459161089899,144,3
141,0.0705601380278736,0.0758453352573003,0.216703859729003,3.73538993315003,1.08351929864502,145,3
141,0.0734049799241462,0.0788138991999456,0.226846465301799,3.78752713626802,1.134232326509,146,3
141,0.0762494069711824,0.0818714943216892,0.237369022898684,3.83992757812057,1.18684511449342,147,3
141,0.0790702803226428,0.0850147775261147,0.248334008202965,3.89283602987915,1.24167004101483,148,3
141,0.0821558741201235,0.0882563616005467,0.259812334734947,3.94650490345647,1.29906167367474,149,3
141,0.0853861189800899,0.0915693583459344,0.271719957304835,4.00046203676393,1.35859978652418,150,3
141,0.0927655378669756,0.0995896371557448,0.284022507159818,4.05450458229339,1.42011253579909,151,3
141,0.0966533261606535,0.103460504666065,0.297704286779334,4.11272253875064,1.48852143389667,152,3
141,0.100499976449392,0.107382244223084,0.311797525439616,4.17077301887929,1.55898762719808,153,3
141,0.104416461326512,0.111364451040013,0.326354514824412,4.22884429760683,1.63177257412206,154,3
141,0.108291224844417,0.115402233297654,0.341373936777127,4.28689780036588,1.70686968388564,155,3
141,0.11217161056304,0.119506309924355,0.356916812809793,4.34512945177462,1.78458406404897,156,3
141,0.116492696460931,0.123681756595484,0.373025128178049,4.40364335146233,1.86512564089025,157,3
141,0.120660508645518,0.127870714308266,0.389482007890452,4.46163201834022,1.94741003945226,158,3
141,0.124703467150001,0.132093213742863,0.406383964697968,4.5194376944858,2.03191982348984,159,3
141,0.128767965053173,0.13636903620486,0.423833308526403,4.57738338414313,2.11916654263202,160,3
141,0.132829374549703,0.140698596082916,0.441854634881959,4.63550857685137,2.2092731744098,161,3
141,0.136998115929673,0.145085525336767,0.460488413867183,4.69389681390653,2.30244206933592,162,3
141,0.141028316711985,0.149517905563222,0.479706759709953,4.75241641147292,2.39853379854976,163,3
141,0.145414460711485,0.154015958029022,0.49962881357984,4.81137856148625,2.4981440678992,164,3
141,0.149812238603111,0.158535415878389,0.520076005723659,4.87021481033526,2.6003800286183,165,3
141,0.154195040823201,0.163073054838139,0.54105345035247,4.9289244740659,2.70526725176235,166,3
141,0.158126117395714,0.167628716505475,0.562581226726551,4.98754734857082,2.81290613363276,167,3
141,0.162276634977693,0.172257009180527,0.584958121777425,5.04684800576798,2.92479060888712,168,3
141,0.166566076726822,0.176931854201202,0.608090320103689,5.10651086453194,3.04045160051844,169,3
141,0.171251665806264,0.181636052466841,0.631921525466568,5.16634458097948,3.15960762733284,170,3
141,0.17575996372016,0.186323012955474,0.656229760900089,5.22577703555202,3.28114880450044,171,3
141,0.180359397214984,0.191006488513357,0.681106167455579,5.28503064091963,3.4055308372779,172,3
141,0.185221212938831,0.195671567262295,0.706486862500837,5.34395068969959,3.53243431250418,173,3
141,0.190444772397962,0.200282592864567,0.732180555662513,5.40211325392587,3.66090277831256,174,3
141,0.194963422075346,0.204785911972681,0.757870497030393,5.45886195584601,3.78935248515196,175,3
141,0.200083288179465,0.209249044734365,0.783946837840206,5.51510919484686,3.91973418920103,176,3
141,0.204977524639903,0.213588589845766,0.809898475678524,5.56980725764035,4.04949237839262,177,3
141,0.208654037512708,0.217811872656779,0.835744111665171,5.62308089647013,4.17872055832586,178,3
141,0.212898075254729,0.222062135291286,0.862387390130971,5.67680992898348,4.31193695065485,179,3
141,0.216905967097815,0.226265159344704,0.889370745197065,5.73005819663517,4.44685372598532,180,3
141,0.221090896802273,0.230442547017612,0.91684393524001,5.78312852200037,4.58421967620005,181,3
141,0.225296105931081,0.234566449790621,0.944626751502452,5.83568146770922,4.72313375751226,182,3
141,0.229838680435111,0.238625940510405,0.972641977886644,5.88759424448357,4.86320988943322,183,3
141,0.233755186312458,0.242568838024351,1.00050622263795,5.93820354089792,5.00253111318974,184,3
141,0.237960647383504,0.246459040683532,1.02866230640791,5.98835466101201,5.14331153203955,185,3
141,0.242497337720418,0.2502516402144,1.0567696237239,6.03747352534003,5.28384811861948,186,3
141,0.246172001899076,0.253888684267651,1.08435749513053,6.08480695321838,5.42178747565263,187,3
141,0.250065377426572,0.257464238397056,1.11211598547202,6.13159341420021,5.56057992736008,188,3
141,0.254014340739956,0.260939889301112,1.13972878067246,6.1773336026769,5.6986439033623,189,3
141,0.257262949053455,0.264293962619419,1.16699062388593,6.22174087932764,5.83495311942963,190,3
141,0.260545878620692,0.267606747119617,1.19453596753374,6.26588156372354,5.97267983766872,191,3
141,0.263428160853087,0.270866936364487,1.22226959498932,6.30961296684034,6.11134797494663,192,3
141,0.26707761981952,0.2741201004896,1.25058307371127,6.35355099029578,6.25291536855637,193,3
141,0.270108106716272,0.277262603224261,1.2785747016999,6.39631318220838,6.39287350849948,194,3
141,0.272970117895097,0.280362252020154,1.30682244160191,6.4388101793343,6.53411220800957,195,3
141,0.262154852239294,0.269187479681203,1.33546696509012,6.48125526786526,6.67733482545058,196,3
141,0.264499177825778,0.271788285654202,1.36166630030954,6.51952502897296,6.80833150154772,197,3
141,0.266406650916918,0.274376025152463,1.38825250487341,6.55783881127669,6.94126252436704,198,3
141,0.268645766536201,0.277040421894573,1.41573490828935,6.59691029558691,7.07867454144675,199,3
141,0.269586329249697,0.279659896037084,1.44379675271451,6.63626385806346,7.21898376357256,200,3
141,0.271899912846788,0.282404961919664,1.47381890685076,6.67778064686317,7.3690945342538,201,3
141,0.274467198615408,0.28513639810559,1.50438166249718,6.71944391272546,7.52190831248589,202,3
141,0.278062064988802,0.287826865680508,1.53519515759042,6.76085598505474,7.67597578795209,203,3
141,0.280693654035464,0.290372706441225,1.56508339976166,6.80047468697154,7.82541699880829,204,3
141,0.283014245170954,0.292855760739415,1.5949202725444,6.83950276360743,7.97460136272201,205,3
141,0.285847671481933,0.295301147369512,1.6249818025233,6.8783134135057,8.12490901261649,206,3
141,0.288458622956939,0.297654675300593,1.65461849356467,6.91608876169505,8.27309246782336,207,3
141,0.290698615245156,0.299930210115109,1.68396145157401,6.95302793148778,8.41980725787003,208,3
141,0.292984154275442,0.30215793731039,1.71335425558278,6.98958279067129,8.56677127791392,209,3
141,0.295601830952205,0.304328923248297,1.74267437078164,7.0256143514814,8.7133718539082,210,3
141,0.297639299634507,0.306405438921243,1.77141811623799,7.06052976215813,8.85709058118995,211,3
141,0.282284014983205,0.291677619081866,1.80019087662427,7.09508715859071,9.00095438312134,212,3
141,0.108301922962182,0.116782643816816,0.18,3.53112813245625,0.9,141,4
141,0.117343905980336,0.126270926792983,0.198306889074563,3.63630695368507,0.991534445372817,142,4
141,0.126756798217038,0.136203496488354,0.218092550721346,3.74262751592837,1.09046275360673,143,4
141,0.136482716647436,0.146567429400121,0.239438145064935,3.85004002850866,1.19719072532467,144,4
141,0.146294115994368,0.157349710082636,0.262433601983607,3.95852835909951,1.31216800991804,145,4
141,0.156948288977836,0.168515333734403,0.287214919243469,4.06826071520141,1.43607459621735,146,4
141,0.167674322199103,0.180055820692661,0.313729551386115,4.17858763009106,1.56864775693058,147,4
141,0.178510513936518,0.191930813571316,0.342099044377675,4.28965507537213,1.71049522188838,148,4
141,0.190454071919945,0.204112423080716,0.3724176986342,4.40146913576438,1.862088493171,149,4
141,0.201812950851442,0.216486978496928,0.404545221887386,4.51323127841654,2.02272610943693,150,4
141,0.225050171438737,0.240612956304293,0.438681122638656,4.62539431298969,2.19340561319328,151,4
141,0.238710912609605,0.254749529861918,0.476762337466747,4.74355799715994,2.38381168733373,152,4
141,0.252460589357975,0.268977594067046,0.516980934458126,4.86141363240015,2.58490467229063,153,4
141,0.266730509510168,0.283240062831596,0.559336228351529,4.97881205945891,2.79668114175764,154,4
141,0.27998838925863,0.297441616785499,0.603687821116182,5.09527929804097,3.01843910558091,155,4
141,0.293329915506943,0.311607860316281,0.650263926658268,5.21133484711504,3.25131963329134,156,4
141,0.307066208177403,0.325677707179923,0.69901336039914,5.32675671706599,3.4950668019957,157,4
141,0.321204935277272,0.339567397617048,0.7497693214541,5.44111328590298,3.7488466072705,158,4
141,0.334183750330358,0.353191719358356,0.802304650141647,5.55392981514457,4.01152325070823,159,4
141,0.34588775314847,0.366584716152792,0.856830850753569,5.66570105531314,4.28415425376785,160,4
141,0.357678630963312,0.379787305925093,0.91362478178141,5.77696786129578,4.56812390890705,161,4
141,0.368889861310963,0.392743025452382,0.97255085430944,5.88742709083415,4.8627542715472,162,4
141,0.379721121353496,0.405440721469371,1.03364882202124,5.99713650389418,5.16824411010618,163,4
141,0.391794956653791,0.417857714011374,1.09688958384196,6.10603170310625,5.4844479192098,164,4
141,0.403113955994228,0.42989618877696,1.16180158590961,6.21334450882702,5.80900792954807,165,4
141,0.413995232802981,0.441564968131327,1.22841643305061,6.31921169998455,6.14208216525305,166,4
141,0.424568407545076,0.452859925291582,1.29668562658657,6.423634289707,6.48342813293283,167,4
141,0.434847686840179,0.463773817323297,1.36652233466919,6.5265618109811,6.83261167334593,168,4
141,0.444496005042265,0.474301872823716,1.43783197850987,6.62794384669167,7.18915989254936,169,4
141,0.45420425754162,0.484456423547407,1.51062095448193,6.72787667774101,7.55310477240963,170,4
141,0.464921730263542,0.494223043428453,1.58468984456157,6.82617864024381,7.92344922280785,171,4
141,0.473798856567905,0.503550867726897,1.65949895694127,6.92226414486242,8.29749478470634,172,4
141,0.48379680010844,0.512509855883247,1.7354325828533,7.01675442997472,8.6771629142665,173,4
141,0.4939271251572,0.521047076713606,1.81186337494576,7.10899661678997,9.0593168747288,174,4
141,0.503411550385678,0.52914963879328,1.88842153493876,7.19871238283294,9.44210767469378,175,4
141,0.511327117181349,0.536839779120042,1.96503294697206,7.28598756645937,9.82516473486032,176,4
141,0.519593449755521,0.544187427203059,2.04213303470045,7.37145694324446,10.2106651735023,177,4
141,0.525700535802541,0.551172730698243,2.119286070147,7.45476235937235,10.596430350735,178,4
141,0.532337164696767,0.557896412107438,2.19736930236126,7.53694699672152,10.9868465118063,179,4
141,0.539554465415929,0.564331461211845,2.27591751989526,7.61759227191361,11.3795875994763,180,4
141,0.546840952367963,0.570450688717313,2.35438673714678,7.69624206027129,11.7719336857339,181,4
141,0.553352621803291,0.576249819484549,2.4324514938632,7.77269386289907,12.162257469316,182,4
141,0.559075953365072,0.581764257870499,2.51029327598475,7.84724298436033,12.5514663799238,183,4
141,0.563491322791438,0.587030995418723,2.58817300368761,7.92023305636361,12.9408650184381,184,4
141,0.570319722699929,0.592110452567777,2.66675949938694,7.99234993625291,13.3337974969347,185,4
141,0.576474632052262,0.59689174117143,2.7442306075945,8.06200761079675,13.7211530379725,186,4
141,0.580797788016164,0.601404122170043,2.8207132318778,8.12944468116154,14.103566159389,187,4
141,0.585365974086314,0.605734633687184,2.8973321033061,8.19573587138234,14.4866605165305,188,4
141,0.590424667203794,0.609871495507077,2.97372258366588,8.26062399419766,14.8686129183294,189,4
141,0.594408421705952,0.613791854393215,3.0492801457203,8.32367160856845,15.2464007286015,190,4
141,0.598710665435424,0.617546069073941,3.12467188411943,8.38550473625748,15.6233594205972,191,4
141,0.600568888985168,0.62111885719818,3.19944606475388,8.44581264258946,15.9972303237694,192,4
141,0.604729305157446,0.624622070834763,3.27555414657666,8.50619587763058,16.3777707328833,193,4
141,0.60834613677936,0.627951975091205,3.35091935326677,8.56503366035466,16.7545967663338,194,4
141,0.61181945340593,0.631132673457619,3.42582894309664,8.62260873348746,17.1291447154832,195,4
141,0.582288532656175,0.599792546816509,3.50024810520592,8.67894444563766,17.5012405260296,196,4
141,0.58451135581719,0.602232392471264,3.56749165171601,8.72913463948291,17.8374582585801,197,4
141,0.585638771905109,0.60459127356171,3.6346866185839,8.77863418199794,18.1734330929195,198,4
141,0.587692102443489,0.606962321934389,3.70285946757719,8.82820652503733,18.5142973378859,199,4
141,0.589459003683191,0.609207036904766,3.77108277246146,8.87718277309704,18.8554138623073,200,4
141,0.58659023649923,0.61138398746329,3.83950336785072,8.92568429638312,19.1975168392536,201,4
141,0.587894785122477,0.613661131421321,3.91241567883115,8.97671134823345,19.5620783941558,202,4
141,0.592450755214561,0.615883200697487,3.98593230318637,9.02749462465036,19.9296615159318,203,4
141,0.595521634586232,0.61794231918174,4.05707200483835,9.0760182161996,20.2853600241918,204,4
141,0.597310494220083,0.619887176102967,4.12694368073206,9.12310302037262,20.6347184036603,205,4
141,0.600054343873733,0.621762588219527,4.19666281426524,9.16953444962903,20.9833140713262,206,4
141,0.602234672821338,0.623535141218716,4.26518379461909,9.21464700192444,21.3259189730954,207,4
141,0.603618697630396,0.625224330574733,4.3329456146552,9.25876567510678,21.664728073276,208,4
141,0.605278183890512,0.626858172720545,4.40068816847486,9.30239371062075,22.0034408423743,209,4
141,0.607377844867936,0.628426860449214,4.46805503955368,9.34531803713676,22.3402751977684,210,4
141,0.608999628334139,0.629916504674293,4.534487030323,9.38720719729725,22.672435151615,211,4
141,0.572916126819797,0.594596776688426,4.60040553162907,9.42835189871396,23.0020276581454,212,4
141,0.0158529198354352,0.0170127047471815,0.18,3.53112813245625,0.9,141,5
141,0.015948783842017,0.0171139400990544,0.179586666136105,3.52866903428906,0.897933330680525,142,5
141,0.016063667129445,0.0172157406182331,0.179193273140505,3.5263249062254,0.895966365702523,143,5
141,0.0161787743120951,0.0173135701076814,0.178765676020478,3.52377289290851,0.893828380102392,144,5
141,0.0162930983902179,0.0174063248905334,0.178291720251603,3.52093922258412,0.891458601258014,145,5
141,0.0163651677373335,0.0174882762969935,0.177758632617419,3.51774573619087,0.888793163087096,146,5
141,0.0164743499106438,0.0175768456170093,0.17726250136319,3.51476763628175,0.88631250681595,147,5
141,0.0165684288107313,0.0176598128003525,0.176710536011234,3.51144754930792,0.883552680056168,148,5
141,0.0166520944776434,0.0177391488405437,0.176132277537339,3.5079615467887,0.880661387686694,149,5
141,0.0167542355619499,0.0178166920553716,0.175549109596182,3.50443785979471,0.877745547980908,150,5
141,0.017645057511046,0.0187360062448324,0.174898137432972,3.50049482830712,0.874490687164858,151,5
141,0.0177401038971144,0.0188173677811348,0.174333257506945,3.49706497231698,0.871666287534724,152,5
141,0.0178197548702237,0.0188942227208332,0.173736320146584,3.49343204092865,0.86868160073292,153,5
141,0.0179379762211695,0.0189697588168645,0.173141358974455,3.48980246953878,0.865706794872275,154,5
141,0.0180036442146276,0.0190320005967626,0.172423797789541,3.4854133918175,0.862118988947706,155,5
141,0.018076750555503,0.0190927741979565,0.1717084534304,3.48102518364675,0.858542267152002,156,5
141,0.0181480630775247,0.0191493275287613,0.17096706361877,3.47646373556957,0.854835318093848,157,5
141,0.0182385926834691,0.0192008746682563,0.170192183150124,3.47168147547947,0.850960915750619,158,5
141,0.0182771515423756,0.0192395133753248,0.169304645869086,3.4661852594473,0.846523229345431,159,5
141,0.0182859987875622,0.0192779397486424,0.168434254070842,3.46077568156721,0.842171270354212,160,5
141,0.0182713845774637,0.0193257815210203,0.167676606561083,3.45605093767845,0.838383032805415,161,5
141,0.0182414508905991,0.0193930154166448,0.167128191807578,3.45262169292409,0.835640959037888,162,5
141,0.0182960696430665,0.0194886395390516,0.166873476594545,3.45102628765118,0.834367382972724,163,5
141,0.0183645464637171,0.0195953178420845,0.166737498108866,3.45017389326995,0.83368749054433,164,5
141,0.0184556828424313,0.0197119478430164,0.166707479587496,3.44998565396541,0.833537397937482,165,5
141,0.018578879914518,0.0198349019338145,0.166746591243547,3.45023090958352,0.833732956217737,166,5
141,0.0186934285103034,0.0199572938651129,0.166787550245205,3.45048770628882,0.833937751226025,167,5
141,0.0188278273098653,0.0200812819072734,0.166851066175569,3.45088583908313,0.834255330877843,168,5
141,0.0189664154633357,0.0202019796974815,0.166890411423297,3.45113241137105,0.834452057116483,169,5
141,0.0190891915883705,0.0203173054441792,0.166886402085213,3.45110728714962,0.834432010426064,170,5
141,0.0192399261392898,0.0204300859128893,0.166866439774447,3.45098218853924,0.834332198872236,171,5
141,0.0193413371374277,0.0205316405952701,0.166749675109262,3.45025024572953,0.83374837554631,172,5
141,0.0194645176626381,0.0206327877343046,0.166638438022593,3.44955262038114,0.833192190112967,173,5
141,0.0196285330859522,0.0207270455721334,0.166472746812288,3.44851288299137,0.832363734061439,174,5
141,0.0197075644459591,0.0207996680673689,0.166117810887935,3.44628317660723,0.830589054439673,175,5
141,0.0197640720120831,0.0208699378589663,0.165753325758943,3.44399002381939,0.828766628794714,176,5
141,0.0198554300079078,0.0209441964143249,0.165437282752607,3.44199879731479,0.827186413763033,177,5
141,0.0199515015637336,0.0210127041974009,0.165080768406886,3.43974939665943,0.825403842034431,178,5
141,0.0200228959978989,0.021072009025364,0.164653395541472,3.43704845292795,0.823266977707362,179,5
141,0.0201042423007641,0.0211270622462623,0.164200750275336,3.43418245736247,0.821003751376681,180,5
141,0.0201787907858614,0.0211730818820284,0.163680664375089,3.43088264435025,0.818403321875446,181,5
141,0.0202442611493731,0.0212091482095306,0.163086111818357,3.42710139495137,0.815430559091787,182,5
141,0.0202875692642623,0.0212347750721347,0.162414043253415,3.42281557117131,0.812070216267075,183,5
141,0.0203202962154721,0.0212539915119989,0.161701114095654,3.418255644662,0.80850557047827,184,5
141,0.020402622588301,0.0212682502640301,0.160960718012105,3.41350518184134,0.804803590060525,185,5
141,0.0203690909465065,0.0212570965794566,0.16001566762934,3.40741945673829,0.800078338146701,186,5
141,0.0203572910653651,0.0212545485689353,0.159163178711465,3.40190826049637,0.795815893557326,187,5
141,0.020393542051848,0.0212555104227084,0.158358064644003,3.39668441220673,0.791790323220017,188,5
141,0.0203961297278053,0.0212430726657739,0.157455047050221,3.39080326237207,0.787275235251104,189,5
141,0.0203839166134736,0.0212249095772528,0.156520909269409,3.38469464413085,0.782604546347044,190,5
141,0.0204085446049653,0.0212045412634023,0.155586012453839,3.37855556862604,0.777930062269193,191,5
141,0.0203797937278579,0.021166347763073,0.154518906952206,3.37151683141734,0.77259453476103,192,5
141,0.020332895931623,0.021124556461813,0.15344087130136,3.36437151154113,0.767204356506801,193,5
141,0.0202852870912437,0.0210851119442518,0.152401676664871,3.35745043621679,0.762008383324354,194,5
141,0.0202774432032962,0.0210492100853982,0.151410716546794,3.35081989918019,0.75705358273397,195,5
141,0.0193108108528173,0.0200543426590285,0.150344481747463,3.34365183135673,0.751722408737316,196,5
141,0.019237491002273,0.0199951631433442,0.149161187726125,3.3356551987763,0.745805938630625,197,5
141,0.0191833434794403,0.0199427194418302,0.148050570893084,3.32810938980697,0.740252854465422,198,5
141,0.0191261004793355,0.0198967803823853,0.146967493759493,3.32071259936429,0.734837468797465,199,5
141,0.0190570235838324,0.01985061909811,0.145944718836273,3.31369267791107,0.729723594181367,200,5
141,0.0190028653719264,0.0198139276906054,0.145019356385419,3.30731175099707,0.725096781927093,201,5
141,0.0189677802013845,0.0197843042425643,0.144169947062922,3.30142953804223,0.720849735314608,202,5
141,0.0189784725650416,0.0197569026698258,0.14335500631309,3.29576327428769,0.71677503156545,203,5
141,0.0189639315730892,0.0197144206504012,0.142430024260613,3.28930462764814,0.712150121303064,204,5
141,0.0189396087689556,0.01966070569513,0.141428420466279,3.28227792126027,0.707142102331395,205,5
141,0.0189053947187543,0.0195949675838265,0.14034474555089,3.27463627562957,0.70172372775445,206,5
141,0.0188236502826755,0.0195160804353482,0.139170896748763,3.26631221658313,0.695854483743815,207,5
141,0.0187514509336388,0.0194388969453726,0.138029649007736,3.25817229271766,0.690148245038681,208,5
141,0.0186739093613124,0.0193599738100431,0.13689256900538,3.25001530975705,0.684462845026899,209,5
141,0.0186214726022082,0.019280866581515,0.13577227032241,3.24193239536083,0.678861351612051,210,5
141,0.0185479031995849,0.01919042467754,0.13457834881579,3.23326696422656,0.672891744078952,211,5
141,0.0175448345142398,0.0181811700852234,0.133346200621219,3.22426772028809,0.666731003106097,212,5
141,0.0823222242366085,0.0883826924575067,0.18,3.53112813245625,0.9,141,6
141,0.0863453135412543,0.0926932538807598,0.192902230153026,3.60598574220279,0.96451115076513,142,6
141,0.0903913476266456,0.0969423749457657,0.206434477167729,3.68083819963292,1.03217238583864,143,6
141,0.0942951989665416,0.101095345214785,0.22054834032803,3.7553483697594,1.10274170164015,144,6
141,0.0983771979829516,0.105138965295647,0.235243145280771,3.82947355313138,1.17621572640386,145,6
141,0.102029238229688,0.108988264075406,0.250373956198334,3.90249867031005,1.25186978099167,146,6
141,0.10564541604925,0.112714087249712,0.266007382930603,3.97478677448428,1.33003691465301,147,6
141,0.108864580098899,0.116271664100802,0.282080005333865,4.04608151241632,1.41040002666932,148,6
141,0.112072957729034,0.119685152095825,0.298669207369206,4.11675743189229,1.49334603684603,149,6
141,0.115195622848866,0.122932563260029,0.315687705893182,4.18647377542347,1.57843852946591,150,6
141,0.123926782321915,0.132206088344436,0.333068916474302,4.25502229765412,1.66534458237151,151,6
141,0.127227767530747,0.13560157101896,0.351929235985583,4.32663940805653,1.75964617992791,152,6
141,0.130362451214122,0.138821631396617,0.37114376796367,4.39690122508016,1.85571883981835,153,6
141,0.133456944602201,0.141879657498525,0.390677062991064,4.46577598754807,1.95338531495532,154,6
141,0.13633479990846,0.144778565480959,0.410437104303434,4.53304969187138,2.05218552151717,155,6
141,0.139123354589584,0.147550321122699,0.430423966343779,4.59883686627299,2.15211983171889,156,6
141,0.141909329968706,0.150218216080129,0.450592477845675,4.66309772367174,2.25296238922837,157,6
141,0.144489234316083,0.152800506438584,0.47086108223795,4.72568838247083,2.35430541118975,158,6
141,0.146796974124629,0.155350180570401,0.491283520048651,4.7868826089912,2.45641760024325,159,6
141,0.149189166474745,0.157939797570372,0.512004421102698,4.84718504897678,2.56002210551349,160,6
141,0.151633018874765,0.160603820977967,0.533002599405764,4.90658334714705,2.66501299702882,161,6
141,0.153646249083492,0.16338820691,0.554304517856809,4.96519696099317,2.77152258928404,162,6
141,0.156338893337691,0.166406188835872,0.576269840794963,5.02401429736543,2.88134920397482,163,6
141,0.159034214402657,0.169645744010325,0.598654054034378,5.08236707958143,2.99327027017189,164,6
141,0.162159169539656,0.173178406069163,0.621617159636424,5.14066952835693,3.10808579818212,165,6
141,0.166175314123518,0.177036381668731,0.645118967582165,5.19880549872154,3.22559483791082,166,6
141,0.170184403841844,0.181209790313913,0.668877896978629,5.25609585543865,3.34438948489315,167,6
141,0.174628423117975,0.185578448071151,0.693127392819993,5.31312470641317,3.46563696409997,168,6
141,0.179025474462793,0.189932641506006,0.717745495360414,5.36961520874068,3.58872747680207,169,6
141,0.183430727057721,0.194279998630554,0.742742226435369,5.42560921744273,3.71371113217685,170,6
141,0.187836151513478,0.198616218456108,0.768099137826448,5.48108375253896,3.84049568913224,171,6
141,0.191895547310566,0.202937390188186,0.793799139781124,5.53602133721852,3.96899569890562,172,6
141,0.195889284275717,0.207278358983029,0.820063779574332,5.59089964291536,4.10031889787166,173,6
141,0.200188360976345,0.211645080386526,0.846951350774487,5.6458248916421,4.23475675387243,174,6
141,0.204067055171408,0.216003844525501,0.874269678036788,5.70039916945361,4.37134839018394,175,6
141,0.20844908133907,0.220395322585741,0.90229961380109,5.75517330594044,4.51149806900545,176,6
141,0.212666254803459,0.224766589041005,0.930717594700793,5.80950809830944,4.65358797350397,177,6
141,0.217052162658123,0.229129646329106,0.959617719472636,5.86359148172437,4.79808859736318,178,6
141,0.221411093102618,0.233463201339522,0.98886937385634,5.91718874905906,4.9443468692817,179,6
141,0.225605125298029,0.237764054847462,1.0184605768411,5.97029534180083,5.0923028842055,180,6
141,0.229717775771946,0.242042827002057,1.04847994688531,6.02308257598374,5.24239973442653,181,6
141,0.233953598318149,0.246302290786984,1.07896575685214,6.07562271411511,5.3948287842607,182,6
141,0.238230750054189,0.250524796883453,1.10980423953704,6.12772828260841,5.54902119768518,183,6
141,0.242529720250347,0.254699451731587,1.14092475557276,6.1792971841106,5.70462377786381,184,6
141,0.247001353060857,0.258816300389436,1.17225858743688,6.23023838347681,5.86129293718439,185,6
141,0.250492067650317,0.262848881501867,1.20359771739593,6.28024758057408,6.01798858697965,186,6
141,0.254400396077216,0.2668856437647,1.23567090355087,6.33049711020831,6.17835451775433,187,6
141,0.258528810802569,0.270880633079515,1.26813133054366,6.38043610561282,6.34065665271829,188,6
141,0.262435161357972,0.274805049230191,1.30075023013332,6.42972932937059,6.50375115066658,189,6
141,0.2662629908058,0.278671102167624,1.33364110590232,6.47856877093091,6.6682055295116,190,6
141,0.270103371486792,0.282477744508283,1.36680977938111,6.52697779464161,6.83404889690555,191,6
141,0.274082648474872,0.286215031854767,1.40018098735915,6.57486304047287,7.00090493679575,192,6
141,0.277812491326403,0.289860145169611,1.43355125205752,6.62195800357483,7.16775626028761,193,6
141,0.281632505423753,0.293425945209493,1.46704395703936,6.66846362453618,7.3352197851968,194,6
141,0.284912146091466,0.296893458019846,1.50048073782865,6.71415919531851,7.50240368914324,195,6
141,0.273801871553751,0.285201640856083,1.53426817046588,6.75961864445688,7.67134085232942,196,6
141,0.276626316892819,0.288109554344054,1.56552810405362,6.80106017244723,7.82764052026808,197,6
141,0.27896255601496,0.290959826691679,1.59698121906289,6.84217972966673,7.98490609531444,198,6
141,0.281654849473778,0.29379957196522,1.62906037348686,6.88354035995927,8.14530186743429,199,6
141,0.284063795615937,0.296471087086813,1.66138502077253,6.92464724174961,8.30692510386263,200,6
141,0.286520529885415,0.299032357464798,1.69404657460702,6.96562022425052,8.47023287303511,201,6
141,0.288940019796502,0.301473386797561,1.72686707838639,7.0062416888215,8.63433539193197,202,6
141,0.291399141193454,0.303791755484026,1.75974352384937,7.046396447753,8.79871761924686,203,6
141,0.293965872090421,0.305979144941861,1.79248766225453,7.0858732068786,8.96243831127263,204,6
141,0.296014092909044,0.308021420821368,1.82481882795356,7.12436196375284,9.1240941397678,205,6
141,0.298045351689604,0.309956882941381,1.85711632523817,7.16233898221197,9.28558162619087,206,6
141,0.299408150159677,0.311784361551121,1.88926420429287,7.19968564897411,9.44632102146435,207,6
141,0.301320245640544,0.313556872565707,1.92187262412909,7.2371175543315,9.60936312064546,208,6
141,0.303092847815092,0.315230818389704,1.95425954758603,7.27385957302394,9.77129773793014,209,6
141,0.304721867080828,0.31681697924342,1.98645480637866,7.30996589566315,9.93227403189328,210,6
141,0.30638515981131,0.318327991848534,2.01850910409875,7.34551118897898,10.0925455204937,211,6
141,0.290630950089586,0.302315081198485,2.05028308828853,7.3803594591338,10.2514154414426,212,6
141,0.0514419261918966,0.0556455595475815,0.18,3.53112813245625,0.9,141,7
141,0.0533429120596228,0.0576658491935216,0.18707726181669,3.57263607957918,0.93538630908345,142,7
141,0.0553391356607462,0.0597511087757282,0.194421912243032,3.61457067553576,0.972109561215161,143,7
141,0.057400679639274,0.0618969624981754,0.202020926258939,3.65681107200809,1.0101046312947,144,7
141,0.0595899010029823,0.0641034376725639,0.209877560862003,3.69933472709509,1.04938780431001,145,7
141,0.0616072826791683,0.066341849796366,0.217952216098347,3.74189758111665,1.08976108049174,146,7
141,0.0637783425119092,0.068683795750987,0.226387100265122,3.78520132510197,1.13193550132561,147,7
141,0.0659378811245461,0.0711064035854681,0.235158736043148,3.82905711312176,1.17579368021574,148,7
141,0.068258405075277,0.0736243928923833,0.244335222726561,3.87373324837169,1.2216761136328,149,7
141,0.0707250017706534,0.0762274710720168,0.253882938581523,3.91899211267526,1.26941469290761,150,7
141,0.0768130517929996,0.082656586623104,0.263772458648645,3.96463727132492,1.31886229324323,151,7
141,0.0796857018328063,0.0857235156012435,0.274648787462522,4.01348004007045,1.37324393731261,152,7
141,0.0825795379242786,0.0888899192470794,0.285957221336281,4.06285406776885,1.42978610668141,153,7
141,0.0857047968194306,0.0921694155744337,0.297755562411851,4.11293718106576,1.48877781205926,154,7
141,0.0889607599007101,0.0955444570531589,0.309986064785996,4.16341535172646,1.54993032392998,155,7
141,0.0922361419721955,0.0990104288152027,0.322638624051069,4.21419516118937,1.61319312025534,156,7
141,0.0957059062725049,0.102579425400856,0.335766511493,4.26543608343766,1.678832557465,157,7
141,0.0991201929147237,0.106237935398392,0.349326291416186,4.31691710913266,1.74663145708093,158,7
141,0.102641661273813,0.110009435221109,0.363416189265611,4.36895577049019,1.81708094632805,159,7
141,0.106313248363578,0.113895539093083,0.378052217048173,4.42154313345151,1.89026108524087,160,7
141,0.110154247066248,0.117891507675527,0.393226060653719,4.4745854532543,1.96613030326859,161,7
141,0.113944625366736,0.121988914410098,0.40891471339233,4.527947952217,2.04457356696165,162,7
141,0.117818820446314,0.126211086629584,0.425220648198598,4.58191858267755,2.12610324099299,163,7
141,0.121979536473805,0.130564240289429,0.44218100131023,4.63654586103842,2.21090500655115,164,7
141,0.126096867297924,0.135026246618844,0.459719850833757,4.6915214336346,2.29859925416879,165,7
141,0.130432206411803,0.139618967986655,0.477937736139324,4.74709879203144,2.38968868069662,166,7
141,0.134912007244017,0.144330256010889,0.49679912605315,4.80310474937833,2.48399563026575,167,7
141,0.140060876814767,0.149156559929724,0.516302890692806,4.85948063872867,2.58151445346403,168,7
141,0.144814162291785,0.154018694473409,0.536132901288794,4.91529770377941,2.68066450644397,169,7
141,0.149617976415656,0.158976588490629,0.556546612866732,4.97127434850744,2.78273306433366,170,7
141,0.154993802175435,0.164036405089804,0.577582434784984,5.02747924781904,2.88791217392492,171,7
141,0.159999855737298,0.169125345754966,0.598942852969273,5.08310992551714,2.99471426484637,172,7
141,0.164771703584082,0.17430262373063,0.620888674014772,5.13884319024744,3.10444337007386,173,7
141,0.169710090105525,0.179617985262614,0.643648546820478,5.19521184096955,3.21824273410239,174,7
141,0.174647455802151,0.185065730852208,0.667216147995852,5.25213540777242,3.33608073997926,175,7
141,0.179883666356292,0.190664014276508,0.691690435120312,5.30978444076878,3.45845217560156,176,7
141,0.185204931691285,0.196389707138642,0.716989717543465,5.36790120280918,3.58494858771732,177,7
141,0.191005329284705,0.202247283956858,0.743153598415436,5.42651964911403,3.71576799207718,178,7
141,0.196441025875972,0.208187230830172,0.769977502002565,5.48514206294326,3.84988751001283,179,7
141,0.202187385378829,0.21426963398798,0.797752284645317,5.54436129174867,3.98876142322659,180,7
141,0.207952061473402,0.22046976691988,0.826386661443005,5.6039274642794,4.13193330721503,181,7
141,0.213821338087275,0.226798879383532,0.855954147634203,5.66394373030401,4.27977073817102,182,7
141,0.220144029140647,0.233257871351046,0.886482103211141,5.72441210189067,4.4324105160557,183,7
141,0.226543323156101,0.239803490640645,0.917787745548742,5.78493188215831,4.58893872774371,184,7
141,0.232757679875573,0.246434773867379,0.949884817244371,5.84550579470566,4.74942408622186,185,7
141,0.238880285953424,0.253183849146467,0.982948955065267,5.90643095497706,4.91474477532634,186,7
141,0.245689992390413,0.260073827081787,1.01711852576287,5.96791024377803,5.08559262881435,187,7
141,0.252775788267988,0.267035380777981,1.05207671986555,6.02933630830088,5.26038359932773,188,7
141,0.259556279749859,0.274040152431762,1.08769925255042,6.09048330691071,5.43849626275209,189,7
141,0.266412536060508,0.281128452213088,1.12420543107566,6.1517157061735,5.62102715537828,190,7
141,0.273397443831782,0.288298444452871,1.16160767916749,6.21303024260785,5.80803839583745,191,7
141,0.280821063657398,0.295541381513849,1.19988281201177,6.27436731530098,5.99941406005886,192,7
141,0.288154499607687,0.302808337269745,1.23879460998298,6.33534228057833,6.19397304991492,193,7
141,0.295056721709035,0.310109727091406,1.2784119100764,6.39606638457095,6.39205955038199,194,7
141,0.301768696854939,0.317501737543156,1.31905265815364,6.45701129486458,6.5952632907682,195,7
141,0.294383706294147,0.309898134631626,1.36091324651944,6.51843222807251,6.80456623259718,196,7
141,0.300964420771967,0.316698199249001,1.4011813999046,6.57628621977747,7.00590699952302,197,7
141,0.307281418614591,0.323555920516649,1.44227782753041,6.63414745045822,7.21138913765205,198,7
141,0.313548319905408,0.330579725202739,1.48442986616818,6.69231320817668,7.42214933084092,199,7
141,0.320167853896975,0.337637793870446,1.52780066595904,6.75097130017505,7.63900332979521,200,7
141,0.326964090811431,0.344763243286042,1.57217027905654,6.80979131470897,7.8608513952827,201,7
141,0.334059576271472,0.351940794309854,1.61747035908172,6.86866304763497,8.08735179540861,202,7
141,0.340960294444157,0.359140311601658,1.66353766826466,6.92736487184847,8.31768834132332,203,7
141,0.348088246670079,0.366382383486662,1.71051755031492,6.98607401908703,8.55258775157459,204,7
141,0.355653212919994,0.373643739874379,1.75828531052504,7.04462654145875,8.79142655262518,205,7
141,0.36270616878476,0.380875038495043,1.80654430882682,7.10266595483616,9.03272154413411,206,7
141,0.369116227518642,0.388126109002994,1.85562350834482,7.16059384306791,9.27811754172409,207,7
141,0.37669838806209,0.395466045437099,1.90599221664063,7.21894385433022,9.52996108320315,208,7
141,0.383805960074873,0.402773816868149,1.95688801634987,7.2768228217017,9.78444008174935,209,7
141,0.391121547534495,0.410093917483311,2.00861667590524,7.33458362328001,10.0430833795262,210,7
141,0.397928380013498,0.41740226506369,2.06103174594566,7.39206286238783,10.3051587297283,211,7
141,0.382670768296711,0.403557571914876,2.11449242990562,7.44964862281905,10.5724621495281,212,7
141,0.125933151596766,0.137276879406769,0.18,3.53112813245625,0.9,141,8
141,0.13741724626183,0.149765560183538,0.202297306200462,3.65832634821958,1.01148653100231,142,8
141,0.149628290700605,0.162721395566239,0.226646799803678,3.7865166135552,1.13323399901839,143,8
141,0.162212416642489,0.176060368810021,0.253087601501825,3.91526774230183,1.26543800750912,144,8
141,0.175073327240079,0.18970978648152,0.281673593439541,4.04431412006658,1.40836796719771,145,8
141,0.187656266410851,0.203555627276811,0.31244904156306,4.1734120173272,1.5622452078153,146,8
141,0.200510846494773,0.217628332532189,0.34549753877872,4.30252409447015,1.7274876938936,147,8
141,0.213353717860594,0.231818872626248,0.380840141336437,4.43139857836825,1.90420070668218,148,8
141,0.226120209832044,0.246059435516822,0.418501592142015,4.5598571491911,2.09250796071007,149,8
141,0.239439388143558,0.260290768900831,0.458493972992629,4.6877269061965,2.29246986496314,150,8
141,0.265781592987157,0.28866921591855,0.500738231931956,4.81461351236665,2.50369115965978,151,8
141,0.280298540853193,0.30430709481338,0.547792706601361,4.94744844214077,2.73896353300681,152,8
141,0.294692012992277,0.319751403069204,0.597326742765428,5.07894976632947,2.98663371382714,153,8
141,0.308626802418553,0.334958656214313,0.649287246863862,5.20896169798598,3.24643623431931,154,8
141,0.322680932158115,0.349904899342073,0.703650984338691,5.33744129742001,3.51825492169345,155,8
141,0.33607693540957,0.364554353488124,0.760314100656338,5.46418961662341,3.80157050328169,156,8
141,0.349270134970184,0.378904448867067,0.819264878349818,5.58924859107788,4.09632439174909,157,8
141,0.362212546998415,0.392943947568974,0.880431190859708,5.7125433881111,4.40215595429854,158,8
141,0.375060548788297,0.406668991731917,0.943744187663267,5.83402872602459,4.71872093831633,159,8
141,0.387391903355881,0.420075946732148,1.00911008620606,5.95363182852669,5.0455504310303,160,8
141,0.39947743680242,0.433178002974934,1.07649797351691,6.07140844092291,5.38248986758456,161,8
141,0.411365424617112,0.445983384928445,1.14584097837812,6.18735372564687,5.72920489189062,162,8
141,0.423170131911299,0.458501531561305,1.21706681773349,6.30146212803644,6.08533408866747,163,8
141,0.434827163693916,0.470740567641104,1.29008538151904,6.4137085214489,6.45042690759518,164,8
141,0.44640692589335,0.482711806060753,1.36481749006261,6.52409334305587,6.82408745031304,165,8
141,0.457534358484774,0.494425266369499,1.44117139396391,6.63260481349286,7.20585696981955,166,8
141,0.468837668784013,0.505902584882175,1.51913247740456,6.73934143803166,7.5956623870228,167,8
141,0.479802109200624,0.51714673839462,1.59856336950514,6.84423315362538,7.99281684752571,168,8
141,0.490663813429089,0.52817605106117,1.67943442527979,6.94735838659951,8.39717212639893,169,8
141,0.501087081384319,0.539001376832142,1.76167006420418,7.04873321926674,8.80835032102089,170,8
141,0.51236151791754,0.549644069474539,1.84528335511115,7.14847901095159,9.22641677555577,171,8
141,0.522823862979696,0.560082150026778,1.92995111323726,7.24632251852971,9.64975556618628,172,8
141,0.532366167286078,0.57034784490609,2.01578235920678,7.34250285231835,10.0789117960339,173,8
141,0.543428623395391,0.580478834593665,2.10296250740985,7.43731561165108,10.5148125370493,174,8
141,0.552544979771564,0.590425215658327,2.19093788313155,7.53025541534232,10.9546894156578,175,8
141,0.561000041425963,0.600261382780536,2.28023642003727,7.62196984534864,11.4011821001863,176,8
141,0.570564323059853,0.610015505360202,2.37102370814725,7.71268179181797,11.8551185407362,177,8
141,0.580349427445384,0.619651705687287,2.46288516970124,7.8020354427858,12.3144258485062,178,8
141,0.588564564058893,0.629164374791205,2.55567160617532,7.88996094565883,12.7783580308766,179,8
141,0.59687662643126,0.638613203112684,2.64987459647304,7.97698127952117,13.2493729823652,180,8
141,0.604576290517573,0.647997071901927,2.7454252082493,8.06307093460292,13.7271260412465,181,8
141,0.6128746175597,0.657339184829368,2.84250429866676,8.14842488266888,14.2125214933338,182,8
141,0.622475596947322,0.666620922228735,2.94087849715737,8.23286942473328,14.7043924857869,183,8
141,0.631517809009351,0.675799703834263,3.04005147569283,8.31602970803927,15.2002573784641,184,8
141,0.639575942886461,0.684894250493792,3.14015807032786,8.39807680351767,15.7007903516393,185,8
141,0.646415408755363,0.693938885809245,3.24151965202701,8.47931552638529,16.2075982601351,186,8
141,0.655682752012496,0.702974734918267,3.34455910519539,8.56010404891176,16.722795525977,187,8
141,0.666153092959043,0.711921716821959,3.44837048311754,8.63976210018811,17.2418524155877,188,8
141,0.676077521100132,0.720735236318286,3.55240271013745,8.71793009384193,17.7620135506872,189,8
141,0.684812282375875,0.729428547880065,3.65673925476479,8.7947402850605,18.2836962738239,190,8
141,0.693433325347748,0.738041500276181,3.76179698273338,8.87055317763331,18.8089849136669,191,8
141,0.70178321593791,0.746575454290411,3.86756659416774,8.94540339624791,19.3378329708387,192,8
141,0.710973085170386,0.755038175651508,3.97411547880195,9.0193761700661,19.8705773940097,193,8
141,0.718831726618057,0.763393039127156,4.08098003996823,9.09219241487161,20.4049001998411,194,8
141,0.726002295774162,0.771689255219066,4.18873155491416,9.1642796318614,20.9436577745708,195,8
141,0.695349741989556,0.739688041002231,4.29767247808386,9.23586037474051,21.4883623904193,196,8
141,0.702453072679614,0.746995436522346,4.40058964473138,9.30233059970614,22.0029482236569,197,8
141,0.70820387889289,0.754252281479265,4.50412004648401,9.36811252685747,22.52060023242,198,8
141,0.714015820277764,0.761609303960304,4.60894177618671,9.43364989869241,23.0447088809335,199,8
141,0.720712874999003,0.768854193108856,4.71507707991481,9.49895848331299,23.575385399574,200,8
141,0.727417209580104,0.776049790198858,4.82198714423377,9.56371601666668,24.1099357211688,201,8
141,0.735326648877622,0.783192877216606,4.92963021245449,9.62791429276551,24.6481510622724,202,8
141,0.742555998016696,0.790234753893775,5.03732310138004,9.69117187558763,25.1866155069002,203,8
141,0.749216366816467,0.797195816312097,5.14533954967281,9.75367964816138,25.726697748364,204,8
141,0.756965233530336,0.80409371413271,5.25392710165045,9.81560273872722,26.2696355082523,205,8
141,0.763638882149189,0.810881397869199,5.36240466312945,9.87657875524411,26.8120233156473,206,8
141,0.769975045152483,0.817595722995177,5.47129661997424,9.93692908670509,27.3564830998712,207,8
141,0.776800490806513,0.824245831790494,5.58073937578125,9.99674697515113,27.9036968789063,208,8
141,0.783546391456847,0.830807615429687,5.69037806838681,10.0558576837348,28.451890341934,209,8
141,0.791653153577199,0.837278896532852,5.80017656638809,10.1142642933065,29.0008828319404,210,8
141,0.797196491126305,0.843599289287933,5.90916182944081,10.1714811296011,29.545809147204,211,8
141,0.756635300929835,0.803563176962818,6.01886147623315,10.2283350195069,30.0943073811658,212,8
141,0.0915360397845229,0.100456212193964,0.18,3.53112813245625,0.9,141,9
141,0.0982286991527838,0.107863345770321,0.195671012535018,3.62159209585812,0.978355062675089,142,9
141,0.105395030376672,0.115692574018702,0.212550093070541,3.7135465233342,1.06275046535271,143,9
141,0.113116454770749,0.123945195534923,0.230690247489554,3.80686110255049,1.15345123744777,144,9
141,0.121376290996395,0.132615429804456,0.250131205515677,3.90135171386882,1.25065602757838,145,9
141,0.129593011842981,0.141662092585993,0.270912162705024,3.99685437279778,1.35456081352512,146,9
141,0.138288190607941,0.151185404111468,0.293167515720597,4.09362851313089,1.46583757860299,147,9
141,0.147403880323906,0.161157999943164,0.316967610790898,4.19160997433464,1.58483805395449,148,9
141,0.156874061569394,0.171577182101485,0.342384098097412,4.29073789773723,1.71192049048706,149,9
141,0.166872665051334,0.18244668209515,0.369498958315806,4.39098726853767,1.84749479157903,150,9
141,0.185909762499224,0.203213847234467,0.398365588279136,4.49222761173923,1.99182794139568,151,9
141,0.198057854770583,0.216236354927587,0.430762624530906,4.5999330419379,2.15381312265453,152,9
141,0.210536990401811,0.229760022640612,0.465245689065825,4.70853886491755,2.32622844532913,153,9
141,0.223276829135531,0.243786362087231,0.501915916697359,4.81804205990271,2.5095795834868,154,9
141,0.236613823691087,0.258318804340081,0.540884759013016,4.92845873997148,2.70442379506508,155,9
141,0.25025735791994,0.27334114184126,0.582213787378344,5.03966129969429,2.91106893689172,156,9
141,0.264495286254287,0.288850163137366,0.626002036306351,5.15163116708562,3.13001018153175,157,9
141,0.278655198843225,0.304827162894257,0.672306108650023,5.26424469901581,3.36153054325012,158,9
141,0.29420011241363,0.321282100104135,0.721268874594123,5.37758921583255,3.60634437297062,159,9
141,0.309541560007242,0.338160322323487,0.772838878527275,5.49131098531101,3.86419439263638,160,9
141,0.325122449721481,0.355472786335371,0.827162289537037,5.60552079819657,4.13581144768519,161,9
141,0.341877673572864,0.373210415716833,0.88432742705263,5.72019225014084,4.42163713526315,162,9
141,0.359025005245457,0.391326509349304,0.944297150489442,5.83506436315602,4.72148575244721,163,9
141,0.375951782700854,0.40980262557066,1.00712085430358,5.95007294744816,5.0356042715179,164,9
141,0.393783323104775,0.428643916783321,1.0729300627831,6.06530354114119,5.3646503139155,165,9
141,0.411823836224844,0.447810470587664,1.14169848299534,6.18056674495625,5.70849241497671,166,9
141,0.430026273498225,0.467287821240498,1.21348544131208,6.29583730576012,6.06742720656042,167,9
141,0.448201345879438,0.487062594853284,1.28835416861291,6.41109918243123,6.44177084306457,168,9
141,0.467159539738475,0.507127971456976,1.36639407883814,6.52637618228868,6.83197039419069,169,9
141,0.486165807489926,0.527444618822796,1.44756588575644,6.64150891755191,7.23782942878222,170,9
141,0.505643581449149,0.548000136698618,1.53193208681393,6.75649813181583,7.65966043406964,171,9
141,0.525369448496144,0.56876480987609,1.61948212133874,6.87125072692691,8.0974106066937,172,9
141,0.544647281186955,0.589716178130167,1.71023056668321,6.98571881804653,8.55115283341604,173,9
141,0.565743662748065,0.610858244897109,1.80430742217235,7.09999976972503,9.02153711086173,174,9
141,0.585418060589214,0.632105116811333,1.90143617937435,7.21371040553176,9.50718089687177,175,9
141,0.606214599334814,0.653496816104511,2.00190279228205,7.32714581790897,10.0095139614103,176,9
141,0.626173637168897,0.67497232685606,2.10552783959206,7.44006369448155,10.5276391979603,177,9
141,0.645921780573675,0.696548148952029,2.2124950276179,7.55263095501852,11.0624751380895,178,9
141,0.665578718207564,0.718215341166659,2.32287292758355,7.66487857241844,11.6143646379177,179,9
141,0.685810195988348,0.739959154011658,2.43670201931739,7.77680717603258,12.1835100965869,180,9
141,0.705721693891151,0.761739228604257,2.55388381008194,7.88828800802637,12.7694190504097,181,9
141,0.725761347410805,0.783547867227538,2.67448523981942,7.99935930414284,13.3724261990971,182,9
141,0.749403584891711,0.805360570076357,2.79848004329233,8.10997376563939,13.9924002164616,183,9
141,0.769715157804065,0.827023807869864,2.92508043949103,8.21944243604132,14.6254021974552,184,9
141,0.790032191624874,0.848638266246,3.05493425405352,8.32834559416905,15.2746712702676,185,9
141,0.808424216373447,0.870183089430974,3.18800832218463,8.43665181243009,15.9400416109232,186,9
141,0.827457088993616,0.891708738206072,3.32471215326269,8.54467922423813,16.6235607663135,187,9
141,0.848889748452799,0.913169692227305,3.46487182349172,8.65226959339317,17.3243591174586,188,9
141,0.86930460608769,0.934462604090214,3.6079032800098,8.75898116565475,18.039516400049,189,9
141,0.88915333316066,0.955601571834017,3.75395378912324,8.86494463336709,18.7697689456162,190,9
141,0.9091641275609,0.976585530328777,3.90308237800571,8.97021670986251,19.5154118900286,191,9
141,0.927958933826597,0.99738826410339,4.05516988703591,9.07472855069616,20.2758494351796,192,9
141,0.947584626809858,1.01803139580048,4.21043248884934,9.17864106522682,21.0521624442467,193,9
141,0.965870448940784,1.03846725572266,4.36857895369422,9.28177330004885,21.8428947684711,194,9
141,0.985553344094374,1.05872082442333,4.52984964259508,9.3842969992175,22.6492482129754,195,9
141,0.953062826018971,1.02496742857778,4.69379057829978,9.485942948689,23.4689528914989,196,9
141,0.969348906360855,1.04265910626833,4.85122296960917,9.58125024284305,24.2561148480459,197,9
141,0.987115568961893,1.06016381470185,5.01114699502378,9.67588370030888,25.0557349751189,198,9
141,1.00171116023597,1.07758957641807,5.17303546491066,9.76955938468498,25.8651773245533,199,9
141,1.01795260817539,1.09467091713535,5.33774876805649,9.86279552826422,26.6887438402825,200,9
141,1.03222597607798,1.1115095668323,5.50463278931962,9.95523720637292,27.5231639465981,201,9
141,1.04923416883646,1.12815024441436,5.67412311907361,10.0471443873336,28.3706155953681,202,9
141,1.06727017151101,1.14449984772421,5.84530759683401,10.1380480444318,29.22653798417,203,9
141,1.08122173231032,1.16051245127071,6.01766838298265,10.227720577289,30.0883419149132,204,9
141,1.0960661896438,1.17629804217396,6.19228965287111,10.316761802505,30.9614482643555,205,9
141,1.11082096665438,1.19181682999255,6.36873992722986,10.4049753455557,31.8436996361493,206,9
141,1.12813747139983,1.2070589013157,6.54687657736382,10.4923205980749,32.7343828868191,207,9
141,1.14112553952956,1.22193437709118,6.72563324079474,10.5783202789016,33.6281662039737,208,9
141,1.15369739208481,1.23656093362687,6.90626280110803,10.6636176881675,34.5313140055401,209,9
141,1.17008641019263,1.2509376819964,7.08872820873874,10.7482176609096,35.4436410436937,210,9
141,1.18261493414612,1.26494277900086,7.27147213481158,10.8314389299248,36.3573606740579,211,9
141,1.12048798636523,1.20953524351812,7.45563188058571,10.9138430670853,37.2781594029285,212,9
141,0.0153802965177214,0.0170127047471815,0.18,3.53112813245625,0.9,141,10
141,0.0155493229521454,0.0172069890915745,0.180706058628329,3.53531968628466,0.903530293141647,142,10
141,0.015691976188653,0.0174049877453598,0.181453240343257,3.53974295683259,0.907266201716285,143,10
141,0.0159296282539902,0.0176112400466166,0.182294763802164,3.54470955089677,0.91147381901082,144,10
141,0.0161613366659882,0.0178125912145096,0.18307374025057,3.54929277617653,0.91536870125285,145,10
141,0.0163145049699077,0.018004241228671,0.18379001905587,3.55349513078139,0.918950095279348,146,10
141,0.0164531533521703,0.0182066652281465,0.184573158675996,3.55807671043325,0.92286579337998,147,10
141,0.0166611701952909,0.0184193948953451,0.185466333669811,3.56328551882532,0.927331668349053,148,10
141,0.016871423352717,0.0186327582345378,0.186362454626642,3.56849396706591,0.931812273133212,149,10
141,0.0170832544218136,0.0188465048286421,0.18725878851759,3.57368622042542,0.936293942587952,150,10
141,0.0180986210981048,0.0199660208356228,0.188153305613402,3.57885070876124,0.940766528067009,151,10
141,0.0183302394451142,0.0202089132574049,0.189230479447104,3.58504710344544,0.946152397235522,152,10
141,0.0185535628593157,0.0204536782737205,0.190322571351985,3.59130426754005,0.951612856759923,153,10
141,0.018783768175692,0.0207019460703322,0.191446857833602,3.59771980401223,0.957234289168009,154,10
141,0.0190104904395206,0.0209531953194749,0.192597543621747,3.6042588498402,0.962987718108734,155,10
141,0.019262329154963,0.0212084548619824,0.193785345491909,3.61098031811765,0.968926727459547,156,10
141,0.01957139980794,0.0214644024053857,0.194975086723176,3.61768403720952,0.97487543361588,157,10
141,0.0198301486713103,0.0217117134846064,0.196069728696419,3.62382677303186,0.980348643482095,158,10
141,0.0200551540619131,0.0219570548993025,0.197140195232285,3.62981077200422,0.985700976161426,159,10
141,0.0202991259671208,0.0222058591568303,0.19824319138197,3.63595297173712,0.991215956909852,160,10
141,0.0205401827922979,0.0224554632537773,0.199351122158606,3.64209871875226,0.996755610793031,161,10
141,0.0207652107596939,0.022706508983962,0.200470732763672,3.64828511821275,1.00235366381836,162,10
141,0.0209858967372565,0.0229620411694789,0.201633087005169,3.6546822725142,1.00816543502584,163,10
141,0.0212814322612602,0.0232235659714523,0.20285309449108,3.66136914145232,1.0142654724554,164,10
141,0.021616997186443,0.0234791309297207,0.204009787594979,3.66768314785732,1.02004893797489,165,10
141,0.0218749646003125,0.0237198420730306,0.205015127585453,3.67315073162712,1.02507563792726,166,10
141,0.0221647604810459,0.0239569914324903,0.205984227079219,3.67840355970309,1.02992113539609,167,10
141,0.0224719171940358,0.0241833585881234,0.206846113238883,3.68306080536118,1.03423056619441,168,10
141,0.0225824947824141,0.0243923474406572,0.20753731559738,3.68678598926188,1.0376865779869,169,10
141,0.022728955340658,0.0246216777495181,0.208431716880813,3.69159348678576,1.04215858440407,170,10
141,0.0229761137757611,0.0248672531384634,0.209486686091022,3.69724560707555,1.04743343045511,171,10
141,0.0232344398605206,0.0251122249505795,0.21053600880842,3.70284783020516,1.0526800440421,172,10
141,0.023477689987197,0.0253542127800897,0.211556920761112,3.70827972473129,1.05778460380556,173,10
141,0.0237594540751717,0.0255955900660491,0.212573047403541,3.71366804730835,1.0628652370177,174,10
141,0.0239886659786411,0.0258282287108762,0.213506406529896,3.7186016746127,1.06753203264948,175,10
141,0.0241958085101818,0.0260611506201155,0.214444915936315,3.72354739220807,1.07222457968157,176,10
141,0.0245534988238898,0.0262990480231265,0.215433681056307,3.72874165313103,1.07716840528154,177,10
141,0.0247750762920126,0.0265102699620348,0.21617098819674,3.73260413021995,1.0808549409837,178,10
141,0.0249833559598639,0.0267185569603797,0.216885326775044,3.7363375361631,1.08442663387522,179,10
141,0.0253008904152633,0.0269262612228361,0.21759947913924,3.74006141179032,1.0879973956962,180,10
141,0.0254764296352614,0.0271069227525097,0.218064787966701,3.74248313705241,1.0903239398335,181,10
141,0.0256789929316962,0.0272882259868032,0.218543936929498,3.74497313311112,1.09271968464749,182,10
141,0.0258498639403021,0.0274635153720941,0.218974915911456,3.74720955567647,1.09487457955728,183,10
141,0.0260955010839998,0.0276392568018548,0.21941866893056,3.74950906161558,1.0970933446528,184,10
141,0.0262480272950667,0.0277960939855957,0.219696111844559,3.75094511060546,1.09848055922279,185,10
141,0.0263504510658396,0.0279533908867438,0.219988043121327,3.75245478755021,1.09994021560664,186,10
141,0.0264630324587271,0.0281244099670965,0.220416386727798,3.75466737414994,1.10208193363899,187,10
141,0.0266893777404247,0.0283096080024629,0.220984088400182,3.75759519442465,1.10492044200091,188,10
141,0.0268393015389961,0.0284834890940797,0.221457412012899,3.76003227184198,1.1072870600645,189,10
141,0.0269178770394828,0.0286627372466788,0.221989218015856,3.762766139894,1.10994609007928,190,10
141,0.0271340654520421,0.0288662945230572,0.222750897476302,3.76667378449812,1.11375448738151,191,10
141,0.0274008450517167,0.0290658490958723,0.223484945193029,3.770430867612,1.11742472596515,192,10
141,0.0276165280447483,0.0292475411702298,0.224067209136994,3.7734049620655,1.12033604568497,193,10
141,0.0277086367499875,0.0294194317796264,0.224571853803105,3.77597823764902,1.12285926901553,194,10
141,0.0278932723612968,0.0296108832350343,0.225262695884712,3.77949444101441,1.12631347942356,195,10
141,0.0267087341336161,0.0284511150081593,0.225969832230977,3.78308580265671,1.12984916115488,196,10
141,0.0269008063347139,0.0286360383651617,0.22668091800133,3.78668933236434,1.13340459000665,197,10
141,0.0270338148576742,0.0288189212479331,0.227375821801174,3.7902032538909,1.13687910900587,198,10
141,0.0271820905398359,0.0290204025335453,0.228180796791227,3.79426442794024,1.14090398395613,199,10
141,0.0274264869903257,0.0292258411714249,0.229099820513909,3.79888879909533,1.14549910256955,200,10
141,0.0275896158224995,0.0294210913659934,0.229933954902052,3.80307484191394,1.14966977451026,201,10
141,0.0277323791704178,0.0296226912782938,0.230836488618744,3.80759223737503,1.15418244309372,202,10
141,0.0281480708119722,0.0298365637096502,0.231861773867774,3.81270912280397,1.15930886933887,203,10
141,0.0283153833246932,0.0300007767345073,0.232441988430589,3.81559781219687,1.16220994215295,204,10
141,0.0285057911670342,0.0301629428222591,0.233015951544765,3.81845043730698,1.16507975772383,205,10
141,0.0286965554570534,0.0303165391753251,0.23352468192264,3.82097476130531,1.1676234096132,206,10
141,0.0288775576317197,0.030459042385597,0.233946155223176,3.82306321354628,1.16973077611588,207,10
141,0.0289985908000501,0.0305898503374988,0.234275996716122,3.82469579045777,1.17137998358061,208,10
141,0.0290396602094231,0.030721946423828,0.234632775399052,3.82645989255274,1.17316387699526,209,10
141,0.0292450132150375,0.030876730544718,0.235209894862606,3.82930952185596,1.17604947431303,210,10
141,0.029383780678708,0.0310166858528573,0.235668113394704,3.83156858816683,1.17834056697352,211,10
141,0.0278628502750914,0.0296558877098423,0.236130899705945,3.83384706896239,1.18065449852972,212,10
141,0.0154439203897303,0.0170127047471815,0.18,3.53112813245625,0.9,141,11
141,0.0155919249496134,0.0171967723771698,0.180583094580937,3.5345905256738,0.902915472904686,142,11
141,0.0157584024242653,0.017386436166535,0.181231494257582,3.53843156020864,0.906157471287911,143,11
141,0.015967827939016,0.0175795769143054,0.181918835483877,3.54249283559481,0.909594177419388,144,11
141,0.0162109141823498,0.0177697781671239,0.18256881773829,3.5463235421382,0.912844088691449,145,11
141,0.0163514240606037,0.0179459187197907,0.183106585620566,3.54948572797831,0.915532928102828,146,11
141,0.016500209896798,0.0181327020839433,0.183712084047651,3.55303844589931,0.918560420238254,147,11
141,0.0166624820332065,0.0183261715298364,0.184387935395462,3.55699432900418,0.921939676977309,148,11
141,0.0168779085316585,0.0185245942102703,0.185119036237652,3.56126223514052,0.925595181188258,149,11
141,0.0170539887685443,0.0187198550910656,0.185811849499952,3.56529580461158,0.929059247499758,150,11
141,0.0180855647855236,0.0198168400630685,0.186537029586911,3.5695066018384,0.932685147934553,151,11
141,0.0182956306916453,0.0200374091424569,0.187383349759807,3.57440640290735,0.936916748799033,152,11
141,0.0184772067328676,0.0202596541983697,0.188245058624411,3.5793794757395,0.941225293122055,153,11
141,0.0186737690619546,0.0204888497049372,0.189178099863987,3.58474636166153,0.945890499319933,154,11
141,0.0189077034873939,0.0207235537370479,0.190166231322875,3.59041005137679,0.950831156614375,155,11
141,0.019196438667721,0.0209583237413886,0.191151560179352,3.59603728982557,0.955757800896758,156,11
141,0.0194402587224634,0.0211834039421603,0.192032319829032,3.6010502438191,0.960161599145161,157,11
141,0.0197100901914678,0.0214048146838008,0.19287306883062,3.60582054491543,0.964365344153098,158,11
141,0.0199222547096355,0.0216166724925693,0.193613813240679,3.610011437988,0.968069066203396,159,11
141,0.0201106591858794,0.0218281484188567,0.194350732690803,3.61416961656123,0.971753663454015,160,11
141,0.0203039691850296,0.0220438664239585,0.195131397355361,3.61856266471855,0.975656986776803,161,11
141,0.0205113089555531,0.0222636834502763,0.195953861089024,3.62317769869428,0.979769305445119,162,11
141,0.0206944546920106,0.0224856553279947,0.196798000337332,3.62790034137778,0.98399000168666,163,11
141,0.0209003377513694,0.0227148908372406,0.197715186414507,3.63301567676631,0.988575932072536,164,11
141,0.0211649427412419,0.0229483611622908,0.198674201106299,3.63834664208015,0.993371005531495,165,11
141,0.0214055593312336,0.0231755308035178,0.19956954065731,3.64330748620181,0.997847703286549,166,11
141,0.0216681369496229,0.0233997174426144,0.200435315283368,3.64808978852525,1.00217657641684,167,11
141,0.0219446229876739,0.0236156909470722,0.201220488621612,3.65241443804,1.00610244310806,168,11
141,0.0221714959603045,0.0238183061270692,0.201875827941646,3.6560149798736,1.00937913970823,169,11
141,0.022338644982361,0.0240150780955084,0.202476987759495,3.65931069365954,1.01238493879748,170,11
141,0.0225529465027274,0.0242180017987653,0.20314183253773,3.66294761261317,1.01570916268865,171,11
141,0.0227521494863018,0.0244179121848362,0.203780805333268,3.66643519364146,1.01890402666634,172,11
141,0.0229467727549193,0.0246174977628849,0.20442044923803,3.66991881218011,1.02210224619015,173,11
141,0.023178312546293,0.0248177148774276,0.205070181496512,3.67344960446158,1.02535090748256,174,11
141,0.023357350218032,0.0250101900007298,0.205649975282827,3.67659375812437,1.02824987641413,175,11
141,0.0235945754017566,0.0252052721494531,0.206259593977953,3.67989299274468,1.03129796988976,176,11
141,0.0237720818676788,0.0253898035468297,0.206774070825495,3.68267203911019,1.03387035412747,177,11
141,0.0240090026101084,0.0255754629317881,0.207305189267521,3.68553592727511,1.03652594633761,178,11
141,0.0242557097836383,0.0257479120966377,0.207718125776175,3.68775902515246,1.03859062888087,179,11
141,0.0245132222287463,0.0259006334094828,0.207953611327697,3.68902541367111,1.03976805663848,180,11
141,0.0245663833339467,0.0260240869316323,0.207925282223216,3.68887311900078,1.03962641111608,181,11
141,0.024715421019533,0.0261665046093505,0.208084410792445,3.68972839216206,1.04042205396222,182,11
141,0.0249031946349171,0.0263065081789222,0.208231224351769,3.69051707125661,1.04115612175885,183,11
141,0.0250566250399647,0.02643257757041,0.208260111269716,3.69067220548846,1.04130055634858,184,11
141,0.0252395746970586,0.0265502184277914,0.208223231457146,3.69047414358601,1.04111615728573,185,11
141,0.0253761590924361,0.0266479864710478,0.208017269525215,3.68936758156301,1.04008634762608,186,11
141,0.0254443306754938,0.0267333617467968,0.207712546574867,3.68772900932666,1.03856273287433,187,11
141,0.0255263292496512,0.0268235349507597,0.207465924393645,3.68640163246388,1.03732962196823,188,11
141,0.0256870790410418,0.0269156673039823,0.207251284109084,3.68524549410144,1.03625642054542,189,11
141,0.0257146907441346,0.0269857616858527,0.206853243523977,3.68309927775965,1.03426621761989,190,11
141,0.025811170476641,0.0270687854306887,0.206586410588373,3.68165891490576,1.03293205294187,191,11
141,0.0259140574000023,0.0271469967370978,0.206291709669403,3.68006661316556,1.03145854834701,192,11
141,0.0260055941538244,0.0272167643922987,0.205937543260516,3.67815091386669,1.02968771630258,193,11
141,0.0260524989710933,0.0272789168679244,0.205532141156743,3.67595525817529,1.02766070578372,194,11
141,0.0261216601421179,0.0273454427177821,0.205181574808619,3.67405415770456,1.0259078740431,195,11
141,0.0249417319051728,0.0261689204866959,0.204834199243937,3.67216812629842,1.02417099621969,196,11
141,0.0249919348503921,0.0262280560719312,0.204456237571186,3.67011349747777,1.02228118785593,197,11
141,0.0249955890261242,0.0262900544820164,0.204113686381464,3.66824907468125,1.02056843190732,198,11
141,0.0250725205781161,0.0263764352894583,0.203942714962438,3.66731770289209,1.01971357481219,199,11
141,0.025147224085282,0.0264582299365041,0.203805174699929,3.66656805324231,1.01902587349964,200,11
141,0.0253107990170433,0.0265413959721412,0.203693735049615,3.66596040378191,1.01846867524808,201,11
141,0.0253154806104663,0.0265990541080074,0.203367381582837,3.66417955508653,1.01683690791419,202,11
141,0.0253300895860973,0.0266724656598622,0.203197203149301,3.66325013357611,1.0159860157465,203,11
141,0.0254531733946384,0.0267627414671976,0.203191746802187,3.6632203250184,1.01595873401094,204,11
141,0.0255838744787111,0.0268422630151575,0.203104527147719,3.66274375976592,1.0155226357386,205,11
141,0.0256535479893223,0.0269051315532431,0.202884403163315,3.66154037514899,1.01442201581658,206,11
141,0.0257215273862362,0.026964990049226,0.202653250089392,3.66027571623813,1.01326625044696,207,11
141,0.0258077376262583,0.0270213842127099,0.202407447970214,3.65892980764203,1.01203723985107,208,11
141,0.025859964730237,0.0270673341820773,0.202086237274395,3.65716927543769,1.01043118637198,209,11
141,0.0260342576938477,0.0271103413688912,0.201756143585744,3.6553580230314,1.00878071792872,210,11
141,0.0260554988166549,0.0271082227868983,0.201049878648217,3.65147573831335,1.00524939324109,211,11
141,0.0247634422439419,0.0257964548248543,0.200285911187462,3.64726555042761,1.00142955593731,212,11
141,0.34221380375387,0.397826698657486,0.18,3.53112813245625,0.9,141,12
141,0.395112597647766,0.460896752190959,0.2472089411614,3.88748322691956,1.236044705807,142,12
141,0.441269636331024,0.513247434984611,0.324769123991421,4.2226085132153,1.62384561995711,143,12
141,0.477065163730129,0.555252607128109,0.411198158807528,4.53559514589396,2.05599079403764,144,12
141,0.507242485549001,0.588085904791499,0.50448795142987,4.82551047591186,2.52243975714935,145,12
141,0.532020939815637,0.613463656391242,0.603371891368695,5.09447111193299,3.01685945684348,146,12
141,0.55280774519972,0.633062532136606,0.706668150323747,5.34436619274715,3.53334075161874,147,12
141,0.566951405230317,0.648159537492027,0.813444419318897,5.57718572191917,4.06722209659449,148,12
141,0.576197817256032,0.65975371637323,0.922573193134437,5.79405571026544,4.61286596567218,149,12
141,0.584288144360485,0.668688940116244,1.0332592355754,5.99645146083556,5.16629617787698,150,12
141,0.625491909912262,0.715335203095611,1.14516243479302,6.18624318604877,5.72581217396512,151,12
141,0.63360026965888,0.722039344363602,1.26485228799995,6.37543217847991,6.32426143999975,152,12
141,0.643415445559913,0.727561892833764,1.38550323474967,6.55390063004356,6.92751617374834,153,12
141,0.645723800874652,0.73232822352306,1.5070287250488,6.72302454273876,7.53514362524402,154,12
141,0.651855504732158,0.736638856050026,1.62887305981318,6.88330050559343,8.14436529906589,155,12
141,0.659379553510509,0.740796317139652,1.75116534340377,7.03596995835746,8.75582671701883,156,12
141,0.667333445289901,0.745037004902496,1.87386081629055,7.18184703761545,9.36930408145276,157,12
141,0.669730385876426,0.749560577706358,1.99686335728637,7.32155157761404,9.98431678643184,158,12
141,0.679009442534067,0.754549425249324,2.12022218366352,7.45576004095923,10.6011109183176,159,12
141,0.689912525926415,0.760154499226244,2.24387997865055,7.58493734434226,11.2193998932527,160,12
141,0.696745301661102,0.766499586944013,2.36768828467068,7.70939236991744,11.8384414233534,161,12
141,0.712876481164975,0.773730343081536,2.4920064859178,7.82987610287938,12.460032429589,162,12
141,0.726403545948777,0.781867037227408,2.61585310702878,7.94580634311491,13.0792655351439,163,12
141,0.730978620577666,0.791001945252069,2.73939501190865,8.05770010857639,13.6969750595432,164,12
141,0.742343014202786,0.801369491922083,2.86472364554965,8.16767398369104,14.3236182277483,165,12
141,0.756586157822081,0.812939024930655,2.99092722555201,8.27507740882876,14.95463612776,166,12
141,0.76932064284382,0.825710156681394,3.11775661532192,8.37987672250565,15.5887830766096,167,12
141,0.782493852158377,0.840008326999388,3.24600917306703,8.48287256605412,16.2300458653351,168,12
141,0.797236639251224,0.85597487242048,3.37621759095328,8.58457715338019,16.8810879547664,169,12
141,0.811333640659147,0.873411779704737,3.50868477203123,8.6852781909209,17.5434238601561,170,12
141,0.822995314276022,0.89220874994241,3.64420816449766,8.78559655751169,18.2210408224883,171,12
141,0.841863977155753,0.912279133138297,3.78385177961431,8.88628065941445,18.9192588980716,172,12
141,0.862707144185818,0.933340358173196,3.9264298813045,8.98644297313271,19.6321494065225,173,12
141,0.889706550360821,0.955212551725127,4.07187143555416,9.08603809392487,20.3593571777708,174,12
141,0.910127046751712,0.977617950255212,4.21889016315014,9.18422428754264,21.0944508157507,175,12
141,0.93181279516585,1.00056474031956,4.36938981864166,9.28229533221664,21.8469490932083,176,12
141,0.956019852351582,1.0238922982749,4.52324118330588,9.38014626280323,22.6162059165294,177,12
141,0.978661395372195,1.04741264206519,4.6798637409499,9.47740516911913,23.3993187047495,178,12
141,0.999258639314706,1.07104094231857,4.83977399311048,9.5743925002646,24.1988699655524,179,12
141,1.02451408041672,1.09471037340788,5.00361723097087,9.6714756304302,25.0180861548544,180,12
141,1.05451263526593,1.11819678678618,5.16996420549123,9.76780137218732,25.8498210274562,181,12
141,1.07705664140476,1.14125912711301,5.33691603434767,9.86232923652844,26.6845801717383,182,12
141,1.09650469536,1.16399836748377,5.50680407441739,9.95642698587704,27.534020372087,183,12
141,1.1172346925181,1.18640874370325,5.68059960979101,10.0506181250709,28.4029980489551,184,12
141,1.13976924847848,1.20836559463693,5.85759706217143,10.1445023287168,29.2879853108572,185,12
141,1.15745376519818,1.22973878974554,6.03682666950951,10.2375768359835,30.1841333475475,186,12
141,1.1791871876621,1.2505800802138,6.21977547755056,10.3306171160721,31.0988773877528,187,12
141,1.20015122959234,1.27071372479511,6.40456153444882,10.4226751831541,32.0228076722441,188,12
141,1.21766405442647,1.29009364508358,6.59100635517918,10.5137020762702,32.9550317758959,189,12
141,1.23992254155456,1.3087506125866,6.7800143178956,10.604166528216,33.900071589478,190,12
141,1.25828067370274,1.32650379841504,6.96909771602587,10.6929250320635,34.8454885801293,191,12
141,1.27071622531108,1.34340056659259,7.15927143082016,10.7805181581743,35.7963571541008,192,12
141,1.27813671316422,1.35954617290333,7.35259847906938,10.8679168928958,36.7629923953469,193,12
141,1.29802478650192,1.37500057120185,7.55051921323793,10.9557485561779,37.7525960661897,194,12
141,1.31814698954644,1.38943292631078,7.74742153318603,11.0415500900542,38.7371076659301,195,12
141,1.26136493787512,1.32754422366847,7.94222592223774,11.1249545158669,39.7111296111887,196,12
141,1.26577011349305,1.33857105194772,8.12310790179631,11.2011309885684,40.6155395089816,197,12
141,1.27963155996322,1.34889603322663,8.30723263873515,11.277468393719,41.5361631936757,198,12
141,1.2966766660433,1.35751659935409,8.48921186645981,11.3517661700559,42.4460593322991,199,12
141,1.30425983851401,1.36323883092219,8.66564846317279,11.4227485546825,43.328242315864,200,12
141,1.30910637315619,1.36644977565891,8.83958210661458,11.4917447364002,44.1979105330729,201,12
141,1.30809840637227,1.36724252072461,9.01060197583818,11.5586685554293,45.0530098791909,202,12
141,1.30826707740937,1.36580409384684,9.18049154927585,11.6242791695219,45.9024577463792,203,12
141,1.30715299824478,1.36212564833016,9.34653085012714,11.6875901426752,46.7326542506357,204,12
141,1.30587451446108,1.3562737659435,9.50755266693442,11.748243570998,47.5377633346721,205,12
141,1.29640784954388,1.34828769089396,9.66149183442009,11.805563324906,48.3074591721004,206,12
141,1.28118575275101,1.3384567838413,9.81259879963593,11.8612127104534,49.0629939981797,207,12
141,1.2626267538566,1.32700100396433,9.96351474480327,11.9161987539074,49.8175737240163,208,12
141,1.2510247268536,1.31406477058806,10.1149075043555,11.9707783415262,50.5745375217775,209,12
141,1.23570545311829,1.29956404061319,10.260526631767,12.0227418299143,51.3026331588351,210,12
141,1.22270562903291,1.28371721241893,10.4016451994325,12.0726111763986,52.0082259971624,211,12
141,1.13935846172029,1.19371576259471,10.5353934882338,12.1194425766002,52.6769674411688,212,12
141,0.251431412637032,0.294360949560699,0.18,3.53112813245625,0.9,141,13
141,0.288177727468641,0.337566101899334,0.229158516100957,3.79918370574956,1.14579258050478,142,13
141,0.32333912588717,0.379288618049389,0.285476438177825,4.06078287707027,1.42738219088913,143,13
141,0.357336054337985,0.418989656656212,0.348643127621698,4.31435705266334,1.74321563810849,144,13
141,0.390562614447439,0.456502938024427,0.4183824555534,4.55946375455688,2.091912277767,145,13
141,0.421217390404316,0.491796868930606,0.494459324625231,4.79623848672753,2.47229662312616,146,13
141,0.452383018164663,0.525019952204914,0.576390324286282,5.02433257559929,2.88195162143141,147,13
141,0.479629471762039,0.556329968498938,0.664094618266984,5.24467723808972,3.32047309133492,148,13
141,0.505395584710829,0.585735455566147,0.756944545275613,5.45684002392217,3.78472272637806,149,13
141,0.52758793576913,0.613369717834508,0.854623724118005,5.66127453849411,4.27311862059002,150,13
141,0.580194767985571,0.674825895324832,0.956591316601663,5.85798156850652,4.78295658300831,151,13
141,0.605536872015771,0.702123561993751,1.06878839747584,6.05819914311683,5.34394198737922,152,13
141,0.629099547116543,0.727788317027486,1.1855798937964,6.25160825266614,5.92789946898199,153,13
141,0.651071042573612,0.751904673516241,1.30662506059678,6.43851546360529,6.53312530298389,154,13
141,0.671611329599478,0.774557865632465,1.4316161920986,6.61924807350861,7.15808096049302,155,13
141,0.693007067078386,0.795832932883288,1.56027295452887,6.79413396350208,7.80136477264435,156,13
141,0.711030349218506,0.815844580967817,1.69251764166765,6.96371456351569,8.46258820833825,157,13
141,0.726112810199473,0.834643893033739,1.82792168636407,7.12803070490167,9.13960843182033,158,13
141,0.73819118891852,0.852299742862414,1.96613057600232,7.28722060233963,9.83065288001159,159,13
141,0.760442730482397,0.868885044984554,2.10679843640807,7.44142394274309,10.5339921820403,160,13
141,0.776030812063588,0.884587639067617,2.25051130632063,7.59172300550149,11.2525565316032,161,13
141,0.797827000256011,0.899434312204725,2.39666659706392,7.7378639298871,11.9833329853196,162,13
141,0.813307929211793,0.91353124403662,2.54529219552751,7.88023696243387,12.7264609776375,163,13
141,0.830105830998381,0.926934078772576,2.69597101817878,8.0187788964672,13.4798550908939,164,13
141,0.834876268021424,0.939723650791397,2.84849652084465,8.15362637209089,14.2424826042233,165,13
141,0.845192346625413,0.951996723059164,3.00284558223316,8.2850559375291,15.0142279111658,166,13
141,0.855900018294738,0.963837504021971,3.15889221772467,8.4132280199918,15.7944610886234,167,13
141,0.866050840966989,0.97533719994166,3.31655844202288,8.53832365252224,16.5827922101144,168,13
141,0.87493745583642,0.986334516325432,3.47578431979404,8.6605181312096,17.3789215989702,169,13
141,0.888271274579954,0.996610777318566,3.63649302636351,8.77995604556306,18.1824651318176,170,13
141,0.89828767729761,1.00610892086827,3.79843238127146,8.89664317277148,18.9921619063573,171,13
141,0.907206815289047,1.01480678349851,3.96148768033437,9.01068193816445,19.8074384016719,172,13
141,0.916283265981774,1.02270013003103,4.1255096646805,9.12214227853026,20.6275483234025,173,13
141,0.927209679995394,1.02979726413825,4.29027653422696,9.23104107057196,21.4513826711348,174,13
141,0.929221975735133,1.03611125058333,4.45538245632973,9.33727802849796,22.2769122816486,175,13
141,0.935240912008741,1.04171048142851,4.62135993184584,9.44134500002949,23.1067996592292,176,13
141,0.942560355883225,1.04661597200475,4.7876768067678,9.54304358502645,23.938384033839,177,13
141,0.942457104281497,1.0508653984775,4.9539795612303,9.6423004622686,24.7698978061515,178,13
141,0.946569766976056,1.05453509630555,5.12085889848999,9.7395937387138,25.60429449245,179,13
141,0.951797218002185,1.05765489998246,5.2877077170798,9.83468438763682,26.438538585399,180,13
141,0.956521425961843,1.06026874249891,5.45420342601113,9.9275113918145,27.2710171300556,181,13
141,0.962978316278646,1.06242622886254,5.62019130530918,10.0181095851666,28.1009565265459,182,13
141,0.965918402504367,1.06416619403234,5.78515144826707,10.1063175444192,28.9257572413353,183,13
141,0.963132731188602,1.06554918374365,5.94944737372023,10.1924446667093,29.7472368686012,184,13
141,0.965956194774403,1.06664102368434,6.11399704552246,10.2770589201292,30.5699852276123,185,13
141,0.971101086781646,1.06745685401088,6.27765371822299,10.3596539792027,31.3882685911149,186,13
141,0.971055081987152,1.06802509538139,6.43973929927822,10.4399898685211,32.1986964963911,187,13
141,0.970148875926644,1.06840220297985,6.60122461449585,10.5186387272406,33.0061230724793,188,13
141,0.972430021214978,1.06862251047977,6.76221396838076,10.5957223328869,33.8110698419038,189,13
141,0.975556591876178,1.06870895189039,6.92185611821375,10.6709079751363,34.6092805910687,190,13
141,0.980120830526791,1.06868547531734,7.07977190617329,10.7441007235719,35.3988595308665,191,13
141,0.979811597937725,1.06857153084304,7.23531991470302,10.8150919033798,36.1765995735151,192,13
141,0.98026901033243,1.06841238934042,7.38987352319665,10.8845833749055,36.9493676159833,193,13
141,0.978734841382433,1.06823038813495,7.54311910972412,10.952493657446,37.7155955486206,194,13
141,0.978129800317173,1.06805868340839,7.69567938881286,11.0191517015212,38.4783969440643,195,13
141,0.922211873267315,1.00670059978324,7.84720879302049,11.0844537596833,39.2360439651025,196,13
141,0.922330535126846,1.00651178754218,7.98671853121235,11.143803326597,39.9335926560618,197,13
141,0.926134560420949,1.00643513175064,8.12493830176191,11.2018957704896,40.6246915088095,198,13
141,0.931090926425683,1.00671037078361,8.26036363600297,11.2581494760373,41.3018181800149,199,13
141,0.933112563737467,1.00745482219241,8.39243646106936,11.3123948317424,41.9621823053468,200,13
141,0.934153090294291,1.00867339022551,8.52268580618978,11.3653116095985,42.6134290309489,201,13
141,0.938255331387171,1.01034428313628,8.65186227340915,11.417238691852,43.2593113670457,202,13
141,0.938230482871221,1.01242773559081,8.77860663116909,11.4676655227257,43.8930331558455,203,13
141,0.93882044091106,1.01491253458136,8.90536158505331,11.5175915945342,44.5268079252666,204,13
141,0.941097464960704,1.01776806025896,9.03200190586228,11.5669803214889,45.1600095293114,205,13
141,0.944099997116143,1.02096392744532,9.15783886001681,11.6155799612988,45.789194300084,206,13
141,0.952088523341223,1.02446881711004,9.28267198353893,11.6633341743946,46.4133599176946,207,13
141,0.953880141574673,1.02823629917339,9.40390018564321,11.7092828457745,47.0195009282161,208,13
141,0.956892091680286,1.03225927641616,9.52514425202197,11.7548264429615,47.6257212601098,209,13
141,0.961321953614189,1.03650151897869,9.64582346772522,11.7997583825915,48.2291173386261,210,13
141,0.965572469932821,1.04094378216657,9.76523602940251,11.843834698413,48.8261801470126,211,13
141,0.906862768848749,0.981764860660377,9.88357822705866,11.8871468555315,49.4178911352933,212,13
141,0.295919897562348,0.341044368417081,0.18,3.53112813245625,0.9,141,14
141,0.340264800002531,0.393059996164412,0.237804614297474,3.84206154078122,1.18902307148737,142,14
141,0.381170328810763,0.441203281393607,0.304242651888432,4.13988717145013,1.52121325944216,143,14
141,0.419132600961324,0.485272011891902,0.378618418678701,4.4235487722334,1.89309209339351,144,14
141,0.454842578918172,0.525469470367442,0.460297203685925,4.69330610331525,2.30148601842962,145,14
141,0.486910340048539,0.562064266876617,0.548743428238773,4.95004885305986,2.74371714119387,146,14
141,0.517147768984571,0.595456013011197,0.64325288235763,5.19424387379283,3.21626441178815,147,14
141,0.545548642154792,0.625901960372172,0.743374038979207,5.42700737463355,3.71687019489604,148,14
141,0.57017951560812,0.653657222787073,0.848656917686446,5.64926775056341,4.24328458843223,149,14
141,0.590987915735426,0.678889583607288,0.958459964661298,5.86144685960226,4.79229982330649,150,14
141,0.644765634691037,0.740664867456872,1.07217516114471,6.0640100481846,5.36087580572357,151,14
141,0.667055955284361,0.764288190465611,1.19625012745068,6.26860491264769,5.9812506372534,152,14
141,0.687076717556648,0.785747352772609,1.32421905368127,6.46466463915841,6.62109526840637,153,14
141,0.707439648043843,0.805231312055033,1.4556498447801,6.65272639580612,7.2782492239005,154,14
141,0.72229160969254,0.822963952517365,1.59034093437747,6.83354601381573,7.95170467188733,155,14
141,0.737394668523414,0.839074775814214,1.72766462569039,7.00722207872627,8.63832312845194,156,14
141,0.751096536855884,0.853780904754799,1.86745397846397,7.17439720073605,9.33726989231985,157,14
141,0.764861535774358,0.867273509107139,2.00944269653277,7.33549751159492,10.0472134826639,158,14
141,0.772781889641121,0.879757058191498,2.15346409127437,7.49099097153183,10.7673204563719,159,14
141,0.7846170813882,0.891397891509282,2.29910194732363,7.64102419979463,11.4955097366182,160,14
141,0.79883873912712,0.902437332627499,2.44643177433807,7.78620405200452,12.2321588716904,161,14
141,0.806641118931373,0.913095396465093,2.59540304125531,7.92693111511722,12.9770152062766,162,14
141,0.817439289750701,0.923567819384726,2.74576886982408,8.06337677084987,13.7288443491204,163,14
141,0.829842161068681,0.934087819650419,2.89755925842087,8.19593058054543,14.4877962921043,164,14
141,0.84222783817683,0.944879691856463,3.05075991005829,8.32489544336575,15.2537995502915,165,14
141,0.850122437463645,0.956161976819093,3.20536244035516,8.45054229019991,16.0268122017758,166,14
141,0.859832035824116,0.968158030087537,3.36151764540903,8.5732335680245,16.8075882270452,167,14
141,0.867981938403959,0.98104708862559,3.51933915467378,8.69326171623067,17.5966957733689,168,14
141,0.880346303889068,0.99489217241184,3.67902240340408,8.81094612629905,18.3951120170204,169,14
141,0.897479611204666,1.00962142993295,3.84069398661754,8.92652294170103,19.2034699330877,170,14
141,0.915233219302902,1.02511444427845,4.00440608718638,9.04015303193288,20.0220304359319,171,14
141,0.931410534646199,1.04126981348609,4.17020750023417,9.15197953925182,20.8510375011708,172,14
141,0.948211813012743,1.05800831450514,4.3382625412711,9.26220704183861,21.6913127063555,173,14
141,0.967701789756647,1.07524756001802,4.50863713587238,9.37095852862413,22.5431856793619,174,14
141,0.982462747943281,1.09289168075587,4.68120078904171,9.47822560773467,23.4060039452086,175,14
141,1.00401543391075,1.11088763034974,4.85641625107645,9.58435721184382,24.2820812553822,176,14
141,1.02233832283444,1.12910216089187,5.0337017880771,9.68906015001049,25.1685089403855,177,14
141,1.03412959640362,1.14746403436805,5.21337322923484,9.79258179812199,26.0668661461742,178,14
141,1.05267703299833,1.16592149042162,5.39619906588799,9.89539904630891,26.98099532944,179,14
141,1.07023631519263,1.18432478799289,5.58142788040569,9.9971206907363,27.9071394020284,180,14
141,1.08709591152665,1.20257753116409,5.76911408441175,10.0978195340165,28.8455704220587,181,14
141,1.10654828900653,1.22058197046596,5.95926195036177,10.1975369183748,29.7963097518089,182,14
141,1.12967331586512,1.23822157388257,6.15140572955974,10.2960731313216,30.7570286477987,183,14
141,1.14116600032279,1.25537346927812,6.3447144077581,10.3930651698445,31.7235720387905,184,14
141,1.15872656217181,1.2720348803036,6.54086279393956,10.4893990683196,32.7043139696978,185,14
141,1.18012957381135,1.28807672847259,6.73861706038291,10.5845044302926,33.6930853019146,186,14
141,1.19546977678191,1.30339430139832,6.93689368259557,10.6779275991778,34.6844684129778,187,14
141,1.20908898963699,1.31796561726436,7.13648915506905,10.7701109034689,35.6824457753452,188,14
141,1.22503728644756,1.33174181731989,7.33741242302607,10.8611099930893,36.6870621151304,189,14
141,1.23745349974615,1.344654038924,7.53871316726825,10.9505546684399,37.6935658363413,190,14
141,1.25352568878021,1.35668016831352,7.74077497152014,11.0386787419775,38.7038748576007,191,14
141,1.26530703848163,1.36774621008481,7.94212813844384,11.1249130098734,39.7106406922192,192,14
141,1.28079795546249,1.37784926570775,8.14336037099544,11.2095862439545,40.7168018549772,193,14
141,1.29208017363348,1.38692432120931,8.34268014640557,11.2920290948527,41.7134007320279,194,14
141,1.29592450550315,1.39497777221994,8.54071054482458,11.3725900794679,42.7035527241229,195,14
141,1.22808629155825,1.32338597730729,8.73941747433649,11.4521281272031,43.6970873716824,196,14
141,1.2343522515917,1.32874765917602,8.92379013666982,11.5248088893136,44.6189506833491,197,14
141,1.24320786490309,1.33314963111959,9.10651823185884,11.5958159119052,45.5325911592942,198,14
141,1.24999424137454,1.33662134675546,9.28587399826915,11.6645531833654,46.4293699913458,199,14
141,1.25166325963779,1.33909841495793,9.46192225029681,11.7311287473682,47.309611251484,200,14
141,1.25207992878921,1.34077276914411,9.63621409278043,11.796194972246,48.1810704639022,201,14
141,1.25439443758384,1.34173936877855,9.80872807670076,11.8597946886546,49.0436403835038,202,14
141,1.25448225001231,1.34206816225333,9.97804738131129,11.9214629858724,49.8902369065564,203,14
141,1.25722920075739,1.341867411192,10.1447205072555,11.9814592130332,50.7236025362776,204,14
141,1.25437902315648,1.34119925873814,10.3069889438821,12.0392134618628,51.5349447194107,205,14
141,1.25113764375772,1.34020254509609,10.4672831719251,12.0956461493271,52.3364158596254,206,14
141,1.2549510406736,1.33896266548126,10.6254860347589,12.150755016054,53.1274301737944,207,14
141,1.25922169082781,1.33748981476041,10.7777362613116,12.2032529172784,53.888681306558,208,14
141,1.26101678916722,1.33584674291643,10.9232915955226,12.2529612303317,54.6164579776132,209,14
141,1.25907658618642,1.33412337552429,11.0632582301284,12.3003274248199,55.3162911506418,210,14
141,1.25617265276197,1.33244358916801,11.1998874571077,12.3461630523507,55.9994372855384,211,14
141,1.17289129626582,1.25192406717022,11.3338126639401,12.3907148677405,56.6690633197004,212,14
141,0.305845454053871,0.353892663885518,0.18,3.53112813245625,0.9,141,15
141,0.345843883725514,0.400697281027902,0.23985878427151,3.85208836837894,1.19929392135755,142,15
141,0.381571919678598,0.441152141481965,0.307464205154622,4.15312216788966,1.53732102577311,143,15
141,0.410724984851926,0.476544906127895,0.381878381858854,4.43505595745214,1.90939190929427,144,15
141,0.438015586875675,0.508111140920743,0.461920684353541,4.69831613719479,2.30960342176771,145,15
141,0.463633540311669,0.537099149221794,0.547124988536035,4.94562022075779,2.73562494268017,146,15
141,0.487467607412478,0.564594529372744,0.637112367024985,5.17916802930671,3.18556183512493,147,15
141,0.511836155166684,0.591236232497871,0.7315584425791,5.40072192592667,3.6577922128955,148,15
141,0.535040320195083,0.617569023715798,0.830458642167361,5.61228073715998,4.15229321083681,149,15
141,0.559060665362165,0.643920088517103,0.933647338974514,5.81504365609148,4.66823669487257,150,15
141,0.615872246882116,0.707910281674001,1.04120447077139,6.01038680072792,5.20602235385694,151,15
141,0.641353799193726,0.737992291252993,1.15963495641163,6.20983095485648,5.79817478205813,152,15
141,0.669319707450571,0.768573672555598,1.28286514644122,6.40280976221298,6.4143257322061,153,15
141,0.699904040911458,0.799752724347668,1.41117542457389,6.59046491746019,7.05587712286944,154,15
141,0.729851959943519,0.831566139461061,1.54483083143273,6.77368693026339,7.72415415716364,155,15
141,0.759295827436715,0.863948336044566,1.68380561046043,6.9528329362801,8.41902805230214,156,15
141,0.790639579643547,0.89681680160964,1.82810382871679,7.12824593048746,9.14051914358394,157,15
141,0.821047980973866,0.930101073728586,1.97789017146138,7.30040089052014,9.88945085730689,158,15
141,0.846814659868244,0.963677877419452,2.13313357840822,7.46948940178868,10.6656678920411,159,15
141,0.872199367145005,0.997380365941529,2.29359075350454,7.63546914660318,11.4679537675227,160,15
141,0.904252255242361,1.03107792529507,2.45923164139305,7.79852641398343,12.2961582069652,161,15
141,0.933211328293878,1.06470790638803,2.63048772676609,7.9592509237758,13.1524386338304,162,15
141,0.96312637745613,1.09809797897195,2.80714177162027,8.11757212769676,14.0357088581013,163,15
141,0.987497426873003,1.13111521464951,2.9892138819868,8.27364065139123,14.946069409934,164,15
141,1.01679490369086,1.16357401085168,3.17632111300955,8.42726748432059,15.8816055650477,165,15
141,1.04697326263303,1.19537755580022,3.3686900216881,8.57877262375511,16.8434501084405,166,15
141,1.07875215255658,1.22639323319325,3.56627139493395,8.7282297463525,17.8313569746698,167,15
141,1.1029439863423,1.25657321019093,3.76899992252228,8.87569671171641,18.8449996126114,168,15
141,1.12713175288258,1.28590800242902,3.97639617363951,9.0209443735774,19.8819808681976,169,15
141,1.1551324218125,1.31438773216175,4.18833480214229,9.16401658315553,20.9416740107115,170,15
141,1.18019487950672,1.34197231305331,4.40484386657905,9.30505481129096,22.0242193328952,171,15
141,1.20597831420686,1.3686143023503,4.62565149297072,9.44400098089767,23.1282574648536,172,15
141,1.23331604175628,1.39429781301424,4.85061030212378,9.58088355124884,24.2530515106189,173,15
141,1.25905049900481,1.4190188276424,5.07954618638381,9.71571602976029,25.3977309319191,174,15
141,1.28107135836299,1.44277678712591,5.31219030651978,9.84846082495642,26.5609515325989,175,15
141,1.30268682039608,1.4655816963155,5.54829864854405,9.9791018243433,27.7414932427202,176,15
141,1.32671314172109,1.48745066708424,5.78765254547595,10.1076413658845,28.9382627273797,177,15
141,1.34264719180182,1.50839949983547,6.02997164294376,10.2340526760926,30.1498582147188,178,15
141,1.36050701303918,1.52845635838015,6.27515073645137,10.3584021300678,31.3757536822568,179,15
141,1.38225066085159,1.54763781226212,6.52291833107429,10.4806704049449,32.6145916553714,180,15
141,1.39595844095449,1.56595417244355,6.77290208192836,10.6007944551862,33.8645104096418,181,15
141,1.4109231338496,1.58343345436766,7.02507795201634,10.718880499702,35.1253897600817,182,15
141,1.43557496503992,1.60008467814509,7.27913119147544,10.8348948668503,36.3956559573772,183,15
141,1.45155485893035,1.61589325294946,7.53428301354256,10.9486042279072,37.6714150677128,184,15
141,1.47688334035238,1.63088380664917,7.79057986648355,11.0601530617122,38.9528993324178,185,15
141,1.51066886685096,1.64501986519946,8.04677217883781,11.169128699789,40.2338608941891,186,15
141,1.51623854891129,1.65822717443022,8.30057179609866,11.2747275020684,41.5028589804933,187,15
141,1.53139883388822,1.67067562329688,8.55561496346491,11.3786004680451,42.7780748173245,188,15
141,1.54880713628786,1.68229027715631,8.8098401224821,11.4800141390719,44.0492006124105,189,15
141,1.55920964703317,1.69304812588395,9.06219462228874,11.5786839077327,45.3109731114437,190,15
141,1.56494209259494,1.70298444023854,9.31347057505836,11.6750470933993,46.5673528752918,191,15
141,1.56849546397661,1.71211417587464,9.56411514632121,11.7693794544623,47.8205757316061,192,15
141,1.58585136086199,1.72043142524499,9.81400851648208,11.86172905698,49.0700425824104,193,15
141,1.60170854659586,1.72782291555234,10.0596404796851,11.9509200752693,50.2982023984254,194,15
141,1.60632742225609,1.73427320143401,10.3003239942813,12.0368538143869,51.5016199714066,195,15
141,1.51142753624797,1.64330616526546,10.5383559018953,12.1204751503851,52.6917795094765,196,15
141,1.5099293073217,1.64732902089831,10.7589001849188,12.1967861199822,53.794500924594,197,15
141,1.51875087835098,1.65056852710771,10.9772087735729,12.271257188081,54.8860438678645,198,15
141,1.52198082915574,1.65227665844783,11.1900778629157,12.3428852100558,55.9503893145786,199,15
141,1.52996090534632,1.65158595798202,11.3981183281247,12.4119766086942,56.9905916406237,200,15
141,1.52756400644561,1.64863256971506,11.5984887331595,12.4776947110478,57.9924436657975,201,15
141,1.51992772891603,1.64357565108192,11.7932704831572,12.5408256394137,58.9663524157859,202,15
141,1.51338600058158,1.63653909604688,11.9831375724224,12.6016680258871,59.9156878621121,203,15
141,1.51047239081579,1.62760161634877,12.1666574154482,12.659841168575,60.833287077241,204,15
141,1.50272733394132,1.61682871195139,12.3414601648741,12.714685152676,61.7073008243703,205,15
141,1.48940470670033,1.60436077705765,12.5083245581515,12.7665356902144,62.5416227907575,206,15
141,1.47413141387251,1.59035393187453,12.6686244455915,12.8158943435222,63.3431222279575,207,15
141,1.46201659371978,1.57494121240859,12.8223707328421,12.862827752085,64.1118536642103,208,15
141,1.44965457567695,1.55822435642543,12.9675359027901,12.9067830007366,64.8376795139504,209,15
141,1.43789225770526,1.54034466617712,13.1035176756424,12.9476475516393,65.5175883782119,210,15
141,1.42332890606018,1.52146946061512,13.2293134080496,12.9851886895842,66.1465670402482,211,15
141,1.31467032404194,1.41283959455373,13.3457314182014,13.01971021033,66.7286570910072,212,15
141,0.0441072628124775,0.0490022135052231,0.18,3.53112813245625,0.9,141,16
141,0.045997829502306,0.0510591203792294,0.186586575837645,3.56979387813553,0.932932879188225,142,16
141,0.048105489965364,0.0532817356434934,0.193470341465645,3.60920059464918,0.967351707328227,143,16
141,0.0502679623876819,0.0556782911641496,0.200647628029109,3.64926034711237,1.00323814014554,144,16
141,0.0524402733457192,0.058276321905747,0.208197624023303,3.69033660526522,1.04098812011652,145,16
141,0.0550147340301004,0.0610947885514522,0.216230186867205,3.73291385153604,1.08115093433602,146,16
141,0.0577455280850665,0.0641586013504445,0.224690666258672,3.77658349787571,1.12345333129336,147,16
141,0.0608184625373433,0.067476232206509,0.23364768262894,3.82158451627147,1.1682384131447,148,16
141,0.0641554085096424,0.0710489768174854,0.243098573274705,3.8677815101076,1.21549286637353,149,16
141,0.0676388337091003,0.0748856347717068,0.253074376467735,3.91520574377572,1.26537188233867,150,16
141,0.0748816112300809,0.0828156999156649,0.263657244948318,3.96411242723054,1.31828622474159,151,16
141,0.0792825289046412,0.0876200609913809,0.275547209528534,4.01745392648365,1.37773604764267,152,16
141,0.0838498603051892,0.0927498166737497,0.288193015541078,4.07245400371259,1.44096507770539,153,16
141,0.0891542572744358,0.0982185109963314,0.301692507252653,4.12934106798454,1.50846253626326,154,16
141,0.0943884702663696,0.103987466881619,0.315960454539164,4.18756951829529,1.57980227269582,155,16
141,0.100252398431545,0.110078821861065,0.331163141622143,4.24762976401233,1.65581570811072,156,16
141,0.106212032286937,0.116451418291177,0.347243853965404,4.30910254450629,1.73621926982702,157,16
141,0.112348230370526,0.123100189785675,0.364304173846316,4.37218794956122,1.82152086923158,158,16
141,0.118233397287654,0.13000662035299,0.38241549982145,4.43694532744964,1.91207749910725,159,16
141,0.124866622343894,0.137177135674985,0.401768336421151,4.50382091906553,2.00884168210576,160,16
141,0.131676773400363,0.144532910026373,0.422246922973815,4.57218480908541,2.11123461486907,161,16
141,0.138081612236215,0.152026866091911,0.443877756559515,4.6419300446955,2.21938878279757,162,16
141,0.14489637764191,0.159641098861326,0.466824062506732,4.71337375783585,2.33412031253366,163,16
141,0.151920435789246,0.167293797537803,0.491015475538435,4.78609102655449,2.45507737769218,164,16
141,0.15894362781421,0.174907406024947,0.516409291173262,4.85978408636698,2.58204645586631,165,16
141,0.166039220812085,0.182408018710851,0.542984807096558,4.93424949183975,2.71492403548279,166,16
141,0.173114988641096,0.189709984769658,0.570673185293032,5.0091783572338,2.85336592646516,167,16
141,0.179291671011946,0.196745449197115,0.599390343304005,5.08426046305437,2.99695171652002,168,16
141,0.185688865249179,0.203528376690199,0.629252576423548,5.15972261669644,3.14626288211774,169,16
141,0.191728873709907,0.210010698091945,0.660092618162356,5.23507956035574,3.30046309081178,170,16
141,0.197233106975561,0.21617965378998,0.691872488840705,5.31020789932151,3.45936244420353,171,16
141,0.202451835869492,0.222036559857889,0.724597458910154,5.38509746836996,3.62298729455077,172,16
141,0.207628719409185,0.227574027402841,0.758207462677285,5.45959733534634,3.79103731338643,173,16
141,0.213295115138421,0.232777436852348,0.792575650241944,5.53343427506713,3.96287825120972,174,16
141,0.218049811926138,0.237608195969513,0.827409017958627,5.6060274217116,4.13704508979313,175,16
141,0.221578969880045,0.242105284753903,0.862790899282215,5.6776146968061,4.31395449641108,176,16
141,0.225404282617433,0.24633297628107,0.898943660819981,5.74867839371683,4.49471830409991,177,16
141,0.229225015751814,0.250279204262392,0.935649680021318,5.81881998590279,4.67824840010659,178,16
141,0.231870092755711,0.253952905326452,0.97277751888317,5.88784285557952,4.86388759441585,179,16
141,0.2356316108255,0.257426583988985,1.01056708324796,5.9562354015465,5.05283541623981,180,16
141,0.238634875051036,0.260663957120455,1.04857429201267,6.02324680527022,5.24287146006337,181,16
141,0.241294292026719,0.26372351710073,1.08692522589228,6.08916961769253,5.4346261294614,182,16
141,0.244390224095659,0.266647914485988,1.12564883855608,6.15410809282138,5.62824419278038,183,16
141,0.246888665818646,0.269444196544698,1.164526027451,6.21775617296734,5.82263013725502,184,16
141,0.250654547212677,0.272173151897394,1.20370146993639,6.28041162714749,6.01850734968196,185,16
141,0.252287864514998,0.274801323899606,1.2426455307823,6.34130372532488,6.21322765391148,186,16
141,0.256212074258995,0.277475977819841,1.28214402196771,6.40171889728249,6.41072010983856,187,16
141,0.259623268120423,0.280110808755577,1.32126878118604,6.46029674768038,6.60634390593021,188,16
141,0.262458927520707,0.282764774409155,1.36016006736238,6.51733882360376,6.80080033681192,189,16
141,0.265018627572861,0.285509813624777,1.39908757077141,6.57330674348924,6.99543785385705,190,16
141,0.268275573297196,0.288404699207531,1.43824997786786,6.62852767932131,7.19124988933928,191,16
141,0.271910006346491,0.291448143844821,1.47737442797688,6.68265831872485,7.38687213988439,192,16
141,0.27487110550327,0.294656990850877,1.51633180922273,6.7355739771678,7.58165904611363,193,16
141,0.279179620462038,0.298121671505064,1.5556253526086,6.78799493220446,7.77812676304299,194,16
141,0.283552885059098,0.301796876489288,1.59461724023999,6.83910895128865,7.97308620119995,195,16
141,0.272991060841945,0.290767638751978,1.63338490949005,6.8890725732275,8.16692454745026,196,16
141,0.275184675234405,0.2945761487633,1.67007173210436,6.93559888040808,8.35035866052178,197,16
141,0.278607100772647,0.29885777675746,1.70814569364163,6.98313711256283,8.54072846820816,198,16
141,0.283111269992159,0.303407214494997,1.74712461514292,7.03104625289849,8.73562307571462,199,16
141,0.288638037584317,0.307837098572875,1.78651858237662,7.07871448816908,8.93259291188309,200,16
141,0.292597469941432,0.312121826167648,1.82552892475811,7.12520194764354,9.12764462379053,201,16
141,0.29598256307069,0.316357974044832,1.86509998498847,7.17165551486298,9.32549992494236,202,16
141,0.298375602907335,0.320579483816195,1.90558594750527,7.21847753363085,9.52792973752636,203,16
141,0.302921804527323,0.324842709640131,1.94759260611415,7.26633100504921,9.73796303057077,204,16
141,0.307608445911908,0.329014256870459,1.98975599124981,7.31364499250183,9.94877995624907,205,16
141,0.311806507623174,0.333078856562745,2.03189307108758,7.36023639270386,10.1594653554379,206,16
141,0.315883189575576,0.337060160080157,2.07423107994732,7.40637657259287,10.3711553997366,207,16
141,0.319158080664999,0.340960873844506,2.11677771321394,7.45208751309218,10.5838885660697,208,16
141,0.323243031162075,0.344827465059856,2.16002934710742,7.49790416161566,10.8001467355371,209,16
141,0.326599306974387,0.34860713368332,2.20338096384721,7.54318950852207,11.016904819236,210,16
141,0.330652043027191,0.35234202932104,2.24727715282519,7.58841532571313,11.236385764126,211,16
141,0.315203643881456,0.337185549370403,2.29117190544576,7.63302811095035,11.4558595272288,212,16
141,0.299370354328053,0.332618316568496,0.18,3.53112813245625,0.9,141,17
141,0.341955887450366,0.379890465777635,0.23764141722649,3.84126235757269,1.18820708613245,142,17
141,0.380234359460439,0.421104200822647,0.303336635145437,4.1361474271101,1.51668317572719,143,17
141,0.411290397926097,0.456177143690419,0.376069001798654,4.41450149759589,1.88034500899327,144,17
141,0.438411543872537,0.485487592480327,0.454569174780838,4.67553049745778,2.27284587390419,145,17
141,0.460967991518031,0.509710090257636,0.537885273576667,4.92016060847217,2.68942636788334,146,17
141,0.479815493799809,0.529655509266108,0.625084070503772,5.14934080767957,3.12542035251886,147,17
141,0.495406016917105,0.545880378727759,0.715385843449778,5.36425964869382,3.57692921724889,148,17
141,0.507802667844739,0.558878987887516,0.808105551756322,5.56606793585268,4.04052775878161,149,17
141,0.516214673695718,0.569051006940765,0.90263916529227,5.75582951525599,4.51319582646135,150,17
141,0.552908066396204,0.609017307625318,0.99846363663136,5.93452724106899,4.9923181831568,151,17
141,0.559205184541526,0.615911973235884,1.10095002878496,6.1128723377031,5.50475014392481,152,17
141,0.56367115061786,0.620532075482409,1.20412245727365,6.28107716304675,6.02061228636827,153,17
141,0.566664480048292,0.623110550021685,1.30757329058461,6.43993101194308,6.53786645292306,154,17
141,0.567872560144336,0.623859063098698,1.41092265693074,6.59010717565216,7.05461328465369,155,17
141,0.568649651650802,0.622986894972131,1.51383871711346,6.73221618551752,7.56919358556731,156,17
141,0.567333870652911,0.620700733229209,1.61594707486757,6.86670219269103,8.07973537433785,157,17
141,0.565613705869276,0.617243225290281,1.71702471645385,6.9941168457833,8.58512358226927,158,17
141,0.560645653969052,0.612868440440745,1.81676599875826,7.11482017483195,9.08382999379131,159,17
141,0.556884373866321,0.60791404755773,1.91529593184263,7.22960386541682,9.57647965921314,160,17
141,0.550556719666338,0.602696444938414,2.01229297924809,7.33864898315359,10.0614648962405,161,17
141,0.546261299450531,0.597644929337987,2.10807667646951,7.44279179673506,10.5403833823476,162,17
141,0.541990309918554,0.593161944971802,2.20240826952312,7.54218026797324,11.0120413476156,163,17
141,0.53924633348479,0.589731091387608,2.29548671430755,7.6373812445959,11.4774335715378,164,17
141,0.537025966988134,0.587845824711918,2.38740754524001,7.72879300400413,11.9370377262001,165,17
141,0.538059581683942,0.588039731831356,2.47864231985358,7.81712795802603,12.3932115992679,166,17
141,0.542149702649549,0.590789954036549,2.56928663195356,7.90267458062127,12.8464331597678,167,17
141,0.546954908664776,0.595332037068266,2.65960936878063,7.98585018272214,13.2980468439032,168,17
141,0.552171885673208,0.600147043090373,2.75014738523409,8.06727102891887,13.7507369261705,169,17
141,0.556865165837412,0.604726504861998,2.8408930211616,8.14702492549785,14.204465105808,170,17
141,0.56156100191661,0.609093773709209,2.93187935969299,8.2252271127053,14.659396798465,171,17
141,0.565151719916864,0.613259914648907,3.02299693431511,8.30186485383813,15.1149846715756,172,17
141,0.567504351752016,0.617263411378894,3.1144970183655,8.37722087167145,15.5724850918275,173,17
141,0.571078440258556,0.621145217070905,3.20670190926435,8.45161223876138,16.0335095463217,174,17
141,0.574170200561344,0.624888495421136,3.29917016764478,8.52473355358722,16.4958508382239,175,17
141,0.577203866860449,0.628516564169758,3.39199327911636,8.5967126336693,16.9599663955818,176,17
141,0.581138341201343,0.632043133614873,3.4851388032147,8.66757464239425,17.4256940160735,177,17
141,0.585107834411537,0.635460554628219,3.57825714141374,8.73710856007685,17.8912857070687,178,17
141,0.586867621715111,0.638780270682097,3.67126536642,8.80531245631521,18.3563268321,179,17
141,0.590022494850529,0.642065903167558,3.76490171137446,8.87277106858277,18.8245085568723,180,17
141,0.594004287289018,0.645298582594256,3.85865430194065,8.93915186109673,19.2932715097032,181,17
141,0.597418934124863,0.648472415589428,3.9521835888973,9.00426370985222,19.7609179444865,182,17
141,0.600763372815122,0.651613053254547,4.04565737804605,9.06827258702802,20.2282868902302,183,17
141,0.603411679226614,0.65473505015862,4.13907671161273,9.1312224395549,20.6953835580636,184,17
141,0.606924874913842,0.657868008868233,4.23271293413915,9.19333243814443,21.1635646706958,185,17
141,0.609174319771033,0.66100461436329,4.3262095663704,9.25440155662543,21.631047831852,186,17
141,0.611438093415305,0.664188138654863,4.42010451906099,9.31481198308429,22.1005225953049,187,17
141,0.616272758406256,0.667431382258317,4.51441949067404,9.37459881478638,22.5720974533702,188,17
141,0.619944840059715,0.670687535310109,4.60806505414209,9.43310607852272,23.0403252707104,189,17
141,0.624078150623108,0.673997441625405,4.70153715201228,9.49068430835119,23.5076857600614,190,17
141,0.627630981192021,0.677362597136824,4.79462846840246,9.54724037407719,23.9731423420123,191,17
141,0.631573760275964,0.680810977926452,4.88764255180172,9.60299022075185,24.4382127590086,192,17
141,0.635903027759238,0.684346711379192,4.98042182244492,9.65786746377491,24.9021091122246,193,17
141,0.639710866638506,0.687973816309577,5.07279733373404,9.71180251395459,25.3639866686702,194,17
141,0.64391518521441,0.691721391747668,5.16509940015799,9.76501523001243,25.82549700079,195,17
141,0.613578985199492,0.658863649947781,5.25717618637053,9.81744175874087,26.2858809318526,196,17
141,0.617143651350918,0.662411472557673,5.34288487777573,9.86567038813286,26.7144243888787,197,17
141,0.621140476520521,0.666130010161848,5.42860919582741,9.91337141494502,27.1430459791371,198,17
141,0.625342319544403,0.670055326935388,5.5141976526951,9.96047592764183,27.5709882634755,199,17
141,0.631322091433213,0.673997517842335,5.5996678848016,10.0070095604513,27.998339424008,200,17
141,0.637213241148402,0.677985129897577,5.68378386657222,10.0523250244376,28.4189193328611,201,17
141,0.641444035867723,0.682027995107012,5.76653239709249,10.0964499902413,28.8326619854625,202,17
141,0.643735487521674,0.686192691808918,5.84917198121606,10.1400785927292,29.2458599060803,203,17
141,0.646971671042706,0.690559100584991,5.93328972103013,10.1840485681484,29.6664486051507,204,17
141,0.652022167040045,0.695110326349544,6.01832083216968,10.2280565986985,30.0916041608484,205,17
141,0.656709426412103,0.69979999896332,6.1030745746427,10.2714919211697,30.5153728732135,206,17
141,0.660724081561489,0.70464831824356,6.18793273706931,10.3145615937719,30.9396636853465,207,17
141,0.664795106708734,0.709683645527107,6.27353972564397,10.3575962099871,31.3676986282198,208,17
141,0.669294571824743,0.714907111958512,6.36000473871071,10.4006486775161,31.8000236935535,209,17
141,0.674245328510364,0.720303815713031,6.44715993708914,10.4436339222094,32.2357996854457,210,17
141,0.679577720800705,0.72585708947126,6.53481186924792,10.4864576050029,32.6740593462396,211,17
141,0.642608548620808,0.690931426047755,6.62280457542843,10.5290469748424,33.1140228771421,212,17
141,0.286612422278,0.319981754941635,0.18,3.53112813245625,0.9,141,18
141,0.327178204817722,0.365064714437698,0.235229090333968,3.82940421910746,1.17614545166984,142,18
141,0.363668686977333,0.405240000829587,0.298139124468049,4.11454197409856,1.49069562234024,143,18
141,0.395133783559236,0.440341808868382,0.367855688856013,4.38506049881322,1.83927844428007,144,18
141,0.422645844034313,0.470722715832142,0.443408134461597,4.6404412665584,2.21704067230798,145,18
141,0.446287911324666,0.496960827803171,0.523961874610105,4.88121317172282,2.61980937305053,146,18
141,0.467171055034896,0.519810754400655,0.608754514181266,5.10820041819861,3.04377257090633,147,18
141,0.486142192524897,0.539835977031738,0.697190975754766,5.32254461908464,3.48595487877383,148,18
141,0.502507164848002,0.557547319834493,0.788786709193476,5.52540488036005,3.94393354596738,149,18
141,0.516404208573398,0.573355199003044,0.883089953468203,5.71776546444261,4.41544976734102,150,18
141,0.56033131205701,0.621709123345994,0.979733537270756,5.90056939313374,4.89866768635378,151,18
141,0.574333381421076,0.636299239289405,1.08455467889502,6.0851422304124,5.42277339447509,152,18
141,0.586211284549115,0.64959702020571,1.19149223673438,6.26103915694424,5.95746118367192,153,18
141,0.599234047624704,0.661810177702395,1.30029586790194,6.42904865415656,6.50147933950972,154,18
141,0.607963865974029,0.673104510690275,1.41076359748631,6.58988203607093,7.05381798743156,155,18
141,0.618195510083847,0.683616001731493,1.52275340993969,6.74420515060225,7.61376704969847,156,18
141,0.627870194076509,0.693452099791402,1.63610088085817,6.89254179431367,8.18050440429085,157,18
141,0.637345054083784,0.702703607961578,1.75067200221416,7.03536923723684,8.7533600110708,158,18
141,0.645682968002251,0.711446715576278,1.86633363131171,7.17309263790044,9.33166815655855,159,18
141,0.6552126122489,0.719751855994869,1.98301621150754,7.30612912454535,9.91508105753769,160,18
141,0.663464359794977,0.727671147002538,2.10051719247602,7.43469392003351,10.5025859623801,161,18
141,0.670077558278454,0.735263883737089,2.21880594704336,7.55915269441964,11.0940297352168,162,18
141,0.676691745301684,0.742590567449397,2.33794491007662,7.67991541831048,11.6897245503831,163,18
141,0.68266661471345,0.749698552348839,2.45786763270337,7.79721542129919,12.2893381635169,164,18
141,0.688585685995319,0.756637898430669,2.57858967242558,7.91133472808105,12.8929483621279,165,18
141,0.695626020786671,0.763452818243616,2.70007818247255,8.02247880277712,13.5003909123628,166,18
141,0.70260491943839,0.770176300625149,2.82216027086966,8.13070822586932,14.1108013543483,167,18
141,0.711094827949181,0.776643974303166,2.94480222726518,8.23619646083091,14.7240111363259,168,18
141,0.717050948640423,0.782435286930667,3.06765543508958,8.33883959673348,15.3382771754479,169,18
141,0.721736896259955,0.787355558885746,3.19087765754381,8.43895209866746,15.954388287719,170,18
141,0.726070074513692,0.791418142975449,3.31439090348279,8.5366322896856,16.571954517414,171,18
141,0.730288620281884,0.794625182789816,3.43794912953136,8.6318415385162,17.1897456476568,172,18
141,0.731018993680588,0.796974978238494,3.56123624952883,8.72449360193536,17.8061812476442,173,18
141,0.730397746427942,0.798510303047523,3.68469687998968,8.81506206302673,18.4234843999484,174,18
141,0.731440620145777,0.799247928849065,3.80832755564991,8.90365994569276,19.0416377782495,175,18
141,0.73061522943428,0.799169683699815,3.93146274798142,8.98993194579756,19.6573137399071,176,18
141,0.731174545319277,0.798304073878697,4.05421616127521,9.07408175106886,20.2710808063761,177,18
141,0.730695634295339,0.7966415805082,4.17593937197476,9.15578960079087,20.8796968598738,178,18
141,0.728774905100993,0.794207370342028,4.29653321511824,9.23511839130916,21.4826660755912,179,18
141,0.726263160469845,0.79103896904724,4.41604341161234,9.3122177368347,22.0802170580617,180,18
141,0.723660391432785,0.787168889399941,4.53430692741244,9.38709421223154,22.6715346370622,181,18
141,0.72071366306971,0.782629670197245,4.65101039838765,9.45966025926385,23.2550519919383,182,18
141,0.715079241409883,0.777466540734246,4.7659091070327,9.52987466941319,23.8295455351635,183,18
141,0.708903005010676,0.771776771037896,4.87962129855997,9.59821180565434,24.3981064927999,184,18
141,0.701664427058029,0.765635456439348,4.99208958069617,9.66471815448996,24.9604479034808,185,18
141,0.695237989052698,0.759141915443683,5.10348212686457,9.72956682140439,25.5174106343228,186,18
141,0.689424145737156,0.752381962968575,5.21334621122084,9.79256641945626,26.0667310561042,187,18
141,0.684269820559183,0.745464116604658,5.32132417845221,9.85358915142464,26.606620892261,188,18
141,0.678863089413889,0.738516202054152,5.42705352901735,9.9125104631782,27.1352676450868,189,18
141,0.673624025341905,0.731706052004799,5.53058111055919,9.96943452967534,27.652905552796,190,18
141,0.66727069479776,0.725215928582215,5.63187759202873,10.0244174566269,28.1593879601437,191,18
141,0.662114355308535,0.719279103788361,5.7316448044192,10.0779006340533,28.658224022096,192,18
141,0.657333131001781,0.714105922023931,5.82965961597107,10.1298162044464,29.1482980798553,193,18
141,0.653410908464104,0.709943138035621,5.92622210685251,10.1803709709227,29.6311105342626,194,18
141,0.651783683892544,0.707042131716961,6.02155646034758,10.2297226221301,30.1077823017379,195,18
141,0.616002194061225,0.668295797179816,6.11528850033062,10.2777166944725,30.5764425016531,196,18
141,0.617455050233945,0.668443219960927,6.20183040445432,10.3215760425929,31.0091520222716,197,18
141,0.62013175740973,0.670445129603228,6.28712475975898,10.3643877093538,31.4356237987949,198,18
141,0.625148323904347,0.67520647678877,6.37177927756124,10.4064798107691,31.8588963878062,199,18
141,0.634183462292415,0.683158738664864,6.45642067642227,10.4481774966263,32.2821033821113,200,18
141,0.644896735994298,0.694166785684795,6.54091027362589,10.4894221415484,32.7045513681295,201,18
141,0.658710941183375,0.708039565082188,6.62657566679017,10.530863385658,33.1328783339509,202,18
141,0.674198237268518,0.724511228352612,6.71363278212376,10.5725970954301,33.5681639106188,203,18
141,0.692683667363704,0.743330974631558,6.803065225719,10.6150785734643,34.015326128595,204,18
141,0.712013099855992,0.764189077850581,6.89473427357765,10.6582204178417,34.4736713678883,205,18
141,0.733754144184456,0.786829492202035,6.98972171201313,10.702504281425,34.9486085600657,206,18
141,0.754068247476481,0.810941835227211,7.08782588917573,10.7478030565863,35.4391294458787,207,18
141,0.777129500629036,0.836333259415013,7.19107528032709,10.7950080585132,35.9553764016354,208,18
141,0.801083980774324,0.862685132835035,7.29861688184721,10.8436758328755,36.493084409236,209,18
141,0.826282448359427,0.889738242145999,7.41055623580923,10.8938058022501,37.0527811790461,210,18
141,0.851442238558626,0.917235563665013,7.52662321886942,10.9452300036505,37.6331160943471,211,18
141,0.823763983678997,0.892996273983243,7.64708644114146,10.9980207763919,38.2354322057073,212,18
141,0.318313500859264,0.357428130252851,0.18,3.53112813245625,0.9,141,19
141,0.366071733226004,0.410431009973981,0.241723846983185,3.86114041681962,1.20861923491592,142,19
141,0.407006832175903,0.455645710214217,0.312525375822398,4.17372096195671,1.56262687911199,143,19
141,0.440277080166791,0.493125025659,0.390999163099806,4.46689138901916,1.95499581549903,144,19
141,0.46847496388697,0.523726941741799,0.475668460357125,4.74025730953179,2.37834230178562,145,19
141,0.489720592691608,0.548602424919622,0.565397404420879,4.99509986685189,2.8269870221044,146,19
141,0.50769500642872,0.568927677243915,0.659000002101772,5.2324521813448,3.29500001050886,147,19
141,0.522252514558815,0.58564195306162,0.755739883905378,5.45420691263293,3.77869941952689,148,19
141,0.534211449610221,0.599513325628377,0.854967170986464,5.6619638635762,4.27483585493232,149,19
141,0.545410363313508,0.611146661498357,0.956182593678204,5.85722298866285,4.78091296839102,150,19
141,0.587323224329781,0.657712294097862,1.05906333206285,6.04144151888979,5.29531666031423,151,19
141,0.596952527565115,0.667397707757101,1.16977109141611,6.22622924448878,5.84885545708056,152,19
141,0.604240847868861,0.675725432961415,1.2817631379308,6.40114255088227,6.40881568965401,153,19
141,0.612832964371027,0.682956982235935,1.39475617754763,6.56713338088327,6.97378088773815,154,19
141,0.617622806776498,0.689299162527256,1.50859754438405,6.72514458575711,7.54298772192024,155,19
141,0.621885773630714,0.694907604968598,1.62308455058494,6.87587884887473,8.11542275292471,156,19
141,0.627000344772212,0.699909330856218,1.73810511347964,7.02002711608596,8.69052556739821,157,19
141,0.631357634282459,0.704405238670442,1.85355591659829,7.15817516129536,9.26777958299145,158,19
141,0.635455096092167,0.70847796303868,1.96934735107755,7.29083144744267,9.84673675538774,159,19
141,0.63911435721332,0.712196297833003,2.08540025548279,7.41843921876053,10.427001277414,160,19
141,0.643080139258656,0.715619363807099,2.20165398107151,7.54139742539575,11.0082699053575,161,19
141,0.647753001645114,0.718797924437349,2.31802523327953,7.66002772942182,11.5901261663977,162,19
141,0.651286192166622,0.721776368366036,2.43439175567629,7.77457211155536,12.1719587783815,163,19
141,0.654402041237938,0.724600089974591,2.55075995325504,7.88536288581499,12.7537997662752,164,19
141,0.656865685736733,0.727311474754383,2.66711648295837,7.99267413002797,13.3355824147919,165,19
141,0.660684523408166,0.72995333091268,2.78349457454802,8.09678920193709,13.9174728727401,166,19
141,0.661589809163382,0.732562444505715,2.8997164689884,8.19777913352317,14.498582344942,167,19
141,0.665631210623512,0.735101839405648,3.01612637397899,8.29614268789112,15.0806318698949,168,19
141,0.668243156619703,0.737497078398496,3.13230224743695,8.3917046670064,15.6615112371848,169,19
141,0.670830962265668,0.739770704864945,3.24837942432306,8.4847491291196,16.2418971216153,170,19
141,0.673807529059896,0.741940400838957,3.36431685319772,8.57539630881439,16.8215842659886,171,19
141,0.677433582953844,0.744019928642633,3.48000173945545,8.66370115865547,17.4000086972772,172,19
141,0.679154067534561,0.746019422325917,3.59525017805185,8.74966122217615,17.9762508902592,173,19
141,0.680548240317807,0.747960923102907,3.71040022781045,8.83365065498081,18.5520011390523,174,19
141,0.682262002432547,0.749857376519159,3.82550509142113,8.91581060233737,19.1275254571057,175,19
141,0.684649840744751,0.751716871625857,3.94048296766109,8.9961773202754,19.7024148383054,176,19
141,0.687308030478295,0.753543956087039,4.05516244109219,9.07472350140195,20.275812205461,177,19
141,0.69026004305292,0.755343930826368,4.16944824622326,9.15147457796117,20.8472412311163,178,19
141,0.691902290785047,0.757120433323043,4.28322547481659,9.22644110345955,21.4161273740829,179,19
141,0.694670325668237,0.75888753546003,4.39682874078986,9.2999207576071,21.9841437039493,180,19
141,0.696935650892847,0.760640981501085,4.50991887090232,9.37176572652853,22.5495943545116,181,19
141,0.699300269626223,0.762387428897734,4.6226203608186,9.44212523827971,23.113101804093,182,19
141,0.701805827887922,0.764128083668714,4.73488230434539,9.51103157095926,23.674411521727,183,19
141,0.701653547630339,0.765862733452071,4.84663439979905,9.57850312332324,24.2331719989953,184,19
141,0.702004168352965,0.76761607954664,4.95879437574784,9.64513932918543,24.7939718787392,185,19
141,0.703029149606775,0.769383921683502,5.07119445042413,9.71087250286971,25.3559722521206,186,19
141,0.704331909139796,0.771159849038521,5.18361494680237,9.77560959831365,25.9180747340119,187,19
141,0.706703409842558,0.772940049862263,5.29596654006241,9.83933661534732,26.479832700312,188,19
141,0.708784386898633,0.774712436525025,5.40787643070775,9.90188313617465,27.0393821535387,189,19
141,0.710692983903268,0.776478127667455,5.51942798554919,9.96333792776741,27.5971399277459,190,19
141,0.71347992807171,0.778234047998456,5.63066989759419,10.0237660059806,28.1533494879709,191,19
141,0.71554394828453,0.77996535007688,5.74124096175695,10.0830106352395,28.7062048087848,192,19
141,0.717117264362864,0.781673854292567,5.85139083111806,10.1412440692035,29.2569541555903,193,19
141,0.718158980053085,0.783359010368293,5.96129787761143,10.1985925184848,29.8064893880572,194,19
141,0.719360883263643,0.785020496950804,6.07116572181329,10.2551886403802,30.3558286090665,195,19
141,0.680175425570447,0.743081676349344,6.18090795036615,10.311011855926,30.9045397518308,196,19
141,0.681946450631034,0.7444511767769,6.28313579898724,10.3623945893648,31.4156789949362,197,19
141,0.684681259837161,0.745772152829819,6.38484507979478,10.4129416354081,31.9242253989739,198,19
141,0.68559595665427,0.747082310470345,6.48552304124716,10.4624264207757,32.4276152062358,199,19
141,0.685559049434202,0.748303849661676,6.58602223976099,10.5112922120823,32.9301111988049,200,19
141,0.687706389441879,0.749497449269307,6.68674276490789,10.5597469402435,33.4337138245394,201,19
141,0.689348560826041,0.75063404451844,6.78658457274471,10.6072794456138,33.9329228637235,202,19
141,0.689999551389523,0.751717588790134,6.88573576164849,10.6540032435821,34.4286788082424,203,19
141,0.691827459892349,0.752758992746518,6.98465967412225,10.7001549374179,34.9232983706112,204,19
141,0.693771440684031,0.75374005672635,7.08269412697454,10.7454443775263,35.4134706348727,205,19
141,0.695241942178918,0.754655926963397,7.17969992409207,10.7898305626732,35.8984996204603,206,19
141,0.694878594061055,0.755510084519637,7.27586555893628,10.8334216508074,36.3793277946814,207,19
141,0.695761290599197,0.756326644637645,7.37218363598956,10.876681165055,36.8609181799478,208,19
141,0.697476637822089,0.75708464481079,7.46790102106727,10.9192823863525,37.3395051053364,209,19
141,0.698756186404336,0.757768292005688,7.56246860679797,10.960999746938,37.8123430339898,210,19
141,0.69928737606584,0.758386158267914,7.65605923607866,11.001929678894,38.2802961803933,211,19
141,0.656944060418299,0.715001147408339,7.74906349956974,11.0422591633164,38.7453174978487,212,19
141,0.316238392988995,0.355661741574967,0.18,3.53112813245625,0.9,141,20
141,0.358582976044731,0.402341232401255,0.241348859431737,3.85932434117461,1.20674429715869,142,20
141,0.393645293425053,0.441475012377845,0.310678972839609,4.16623328842841,1.55339486419805,143,20
141,0.422473922315522,0.474224306670631,0.386559881809,4.45146180207201,1.932799409045,144,20
141,0.448182672916335,0.502022828979212,0.467790271566448,4.71632784168578,2.33895135783224,145,20
141,0.469266157629157,0.526150379189231,0.553605122643344,4.96329768607559,2.76802561321672,146,20
141,0.488623805629923,0.547674569415762,0.643226876290045,5.19418023712057,3.21613438145023,147,20
141,0.505849574243615,0.567323403434354,0.736242919983688,5.41117835251216,3.68121459991844,148,20
141,0.522546315222975,0.585632513672523,0.832288984540577,5.61602620862797,4.16144492270288,149,20
141,0.537474174713493,0.60300051421256,0.931171688831562,5.81036687363834,4.65585844415781,150,20
141,0.584012178449961,0.655197121280958,1.03267319156249,5.99542063052678,5.16336595781244,151,20
141,0.601400312482926,0.673391256217006,1.14299014316517,6.18268481372358,5.71495071582586,152,20
141,0.617507691412806,0.691201105613561,1.25612996708176,6.3620774693708,6.28064983540881,153,20
141,0.634861836086196,0.708735144372432,1.37197470201432,6.53444198793333,6.85987351007159,154,20
141,0.650596811417137,0.726076474652117,1.490511761751,6.70061023524351,7.45255880875501,155,20
141,0.665722558548951,0.743266708214565,1.61165752802862,6.8611735220411,8.05828764014312,156,20
141,0.680571956859837,0.760335697399699,1.73537788977954,7.01668741811174,8.6768894488977,157,20
141,0.696134941404183,0.777300392055845,1.86165274950656,7.16763617949702,9.30826374753281,158,20
141,0.7123455902542,0.794169023680936,1.99046878517432,7.31443882686596,9.95234392587158,159,20
141,0.726318251898572,0.810940847248159,2.12179833542819,7.45743916262323,10.608991677141,160,20
141,0.741316274184314,0.827613944062994,2.25563726885888,7.59695872333117,11.2781863442944,161,20
141,0.756384574886364,0.844180650284031,2.39195865469387,7.73325470190113,11.9597932734693,162,20
141,0.771911400781953,0.860632404305801,2.53073806264193,7.86655522125268,12.6536903132097,163,20
141,0.787563132292584,0.876958531505382,2.6719358711919,7.99704788867723,13.3596793559595,164,20
141,0.802574867967485,0.893148645251202,2.81550973509824,8.12489728606232,14.0775486754912,165,20
141,0.81734826169621,0.909196364479873,2.96144295174881,8.25027233927134,14.8072147587441,166,20
141,0.831921518017384,0.925095232665804,3.10970788501249,8.37331527044052,15.5485394250625,167,20
141,0.846828136654298,0.940921934201855,3.26027506262666,8.49415269625638,16.3013753131333,168,20
141,0.86106376261655,0.956735845320698,3.41310163654,8.61288890386665,17.0655081827,169,20
141,0.8764232066155,0.972495893610334,3.56821834574675,8.72967342393327,17.8410917287338,170,20
141,0.891191505935682,0.988158915655723,3.72552691201796,8.84454831453991,18.6276345600898,171,20
141,0.906267889607486,1.0037003378739,3.88503146959161,8.95762509159754,19.4251573479581,172,20
141,0.920796563332783,1.01909544999903,4.04666045033404,9.06895385227964,20.2333022516702,173,20
141,0.937903949992049,1.03433154799265,4.2104084540999,9.17862518787011,21.0520422704995,174,20
141,0.951756221619614,1.04937300346406,4.37593538188792,9.28650687371023,21.8796769094396,175,20
141,0.968157105582393,1.06424045280466,4.54351439055491,9.39286638379588,22.7175719527745,176,20
141,0.982302047963571,1.07890275291384,4.71274538008561,9.49753477588339,23.5637269004281,177,20
141,0.995932694737471,1.0933797361697,4.88383002288133,9.60071970590153,24.4191501144066,178,20
141,1.00822040265403,1.1076758846026,5.05676491137253,9.70249108250166,25.2838245568627,179,20
141,1.02124195203432,1.12180573928647,5.2316812934512,9.8029900099092,26.158406467256,180,20
141,1.03383989973636,1.13576183586938,5.40839615434536,9.90217149617811,27.0419807717268,181,20
141,1.04625706009959,1.14954881451761,5.58689941446235,10.0000894602141,27.9344970723118,182,20
141,1.06014545591719,1.1631673889964,5.7671422599133,10.0967735512458,28.8357112995665,183,20
141,1.07245047509153,1.1765989754415,5.94878785659914,10.1921022691602,29.7439392829957,184,20
141,1.0830365380565,1.18985330545322,6.1320109209952,10.2862251646539,30.660054604976,185,20
141,1.09551075022655,1.20293576803944,6.31702721731697,10.379300744206,31.5851360865848,186,20
141,1.10490705661493,1.21580884151664,6.50339911163602,10.4711567138429,32.5169955581801,187,20
141,1.11799029728679,1.22847593762989,6.69157153055763,10.5620571521697,33.4578576527882,188,20
141,1.12972632803675,1.24086667857898,6.88075154217575,10.6516657239269,34.4037577108787,189,20
141,1.14033292345783,1.25295230161457,7.07102770376107,10.7400777786784,35.3551385188054,190,20
141,1.15258836629484,1.26468506036297,7.26244827759333,10.8273639075657,36.3122413879667,191,20
141,1.16407782412362,1.27597958072107,7.45448064379027,10.9133323653414,37.2724032189513,192,20
141,1.1741159264537,1.28676473289451,7.64702758782212,10.9979951270207,38.2351379391106,193,20
141,1.18259188147371,1.29696781087836,7.84012218452918,11.0814194471405,39.2006109226459,194,20
141,1.19181262116299,1.30651234697667,8.03380115806706,11.1636698402503,40.1690057903353,195,20
141,1.13222779807745,1.24373221644371,8.22754397012321,11.2445760239643,41.137719850616,196,20
141,1.14026945604783,1.25080375490744,8.40925178740209,11.3192584773477,42.0462589370104,197,20
141,1.14678045486508,1.25706435116605,8.5902114369145,11.3925238417268,42.9510571845725,198,20
141,1.15120257337639,1.26291324821407,8.77036072510743,11.4644002753792,43.8518036255371,199,20
141,1.15564923944292,1.26848512831326,8.94997302831369,11.5350452247064,44.7498651415684,200,20
141,1.16077694797269,1.27387896710765,9.1288188407064,11.6044135955824,45.644094203532,201,20
141,1.166205530552,1.27908893980551,9.30652939778635,11.6724096744732,46.5326469889317,202,20
141,1.17185813559246,1.28411283550965,9.48282491925901,11.738975937508,47.414124596295,203,20
141,1.17606686285109,1.28894912852909,9.65743490545234,11.8040609111575,48.2871745272617,204,20
141,1.18052218159683,1.29361118592191,9.83057595062102,11.8677934530687,49.1528797531051,205,20
141,1.18570866635644,1.29809734601997,10.0019793514693,11.9301203533137,50.0098967573464,206,20
141,1.18995972618259,1.30240151968546,10.1712209546026,11.9909349707217,50.8561047730128,207,20
141,1.19428621064192,1.30653278631389,10.3383891452073,12.0503160511404,51.6919457260363,208,20
141,1.19826293414172,1.31049108719746,10.5032650334276,12.1082309177815,52.5163251671379,209,20
141,1.20372514304642,1.3142803116073,10.6657719695372,12.1646968850861,53.3288598476861,210,20
141,1.20635670688804,1.31790212417102,10.8252128506007,12.2195176935831,54.1260642530036,211,20
141,1.13652091047534,1.24442439637621,10.9823931894269,12.2730131357105,54.9119659471345,212,20
141,0.504906918633041,0.564891573960673,0.18,3.53112813245625,0.9,141,21
141,0.59001414486751,0.660398983685462,0.278946397559709,4.03240795054183,1.39473198779854,142,21
141,0.649330122429596,0.724914972179973,0.394231114100494,4.47804802907692,1.97115557050247,143,21
141,0.68717143296639,0.767185176165159,0.520541126824724,4.87153427600955,2.60270563412362,144,21
141,0.711901783708435,0.794688182120284,0.653681208301471,5.21961870099693,3.26840604150736,145,21
141,0.728080019957886,0.81262412667722,0.791035870094962,5.53017445929831,3.95517935047481,146,21
141,0.739325713669288,0.824422831975896,0.930913029969212,5.80987773805256,4.65456514984606,147,21
141,0.748633323120619,0.832181100116187,1.07228124671246,6.06419185977316,5.36140623356232,148,21
141,0.753866879421552,0.83727402910408,1.21453865676036,6.29749265980893,6.07269328380178,149,21
141,0.757938565884568,0.840597258698904,1.35707655913342,6.51285803084172,6.7853827956671,150,21
141,0.80674259119574,0.894096763252231,1.49959935342031,6.71296382751514,7.49799676710155,151,21
141,0.809143678883986,0.896034604695352,1.65106026671976,6.91157843380332,8.25530133359882,152,21
141,0.810323045988867,0.897433405106547,1.80219933612249,7.09748499492149,9.01099668061247,153,21
141,0.810687602229184,0.898566170084124,1.95291467562757,7.27234233454497,9.76457337813784,154,21
141,0.811010336532174,0.8996326992906,2.10317588033839,7.43754427402319,10.5158794016919,155,21
141,0.812320603574999,0.900782002491242,2.25299853182707,7.59426452347892,11.2649926591353,156,21
141,0.813391104616247,0.902128151008242,2.40240977840814,7.74347815372047,12.0120488920407,157,21
141,0.816223966045588,0.903759642019559,2.55146245480191,7.88602091288825,12.7573122740095,158,21
141,0.818262384839576,0.9057435433582,2.70016670878317,8.02255850780203,13.5008335439158,159,21
141,0.820528299636188,0.908133769531439,2.84862129914558,8.15373460357447,14.2431064957279,160,21
141,0.823507971396105,0.91097041290026,2.99691199428318,8.2800915557033,14.9845599714159,161,21
141,0.826755325049471,0.914280935440204,3.14510378834839,8.40208275350764,15.7255189417419,162,21
141,0.830895806484224,0.918082724096538,3.29329383182592,8.52012951959711,16.4664691591296,163,21
141,0.838429271314519,0.922380739757155,3.44153181102283,8.63456637609999,17.2076590551141,164,21
141,0.842975533872089,0.927159259559357,3.5895780237208,8.74547583979208,17.947890118604,165,21
141,0.846963808770774,0.932414491003789,3.73785891313759,8.85340981459403,18.689294565688,166,21
141,0.852581589290821,0.938124632576405,3.88659046517281,8.95871419361478,19.432952325864,167,21
141,0.8603053011411,0.943444154192636,4.03570009869185,9.06150342247375,20.1785004934592,168,21
141,0.861419046137625,0.947649662188942,4.18472905891415,9.16162516418726,20.9236452945707,169,21
141,0.865159268772554,0.950895463691105,4.33433542957839,9.25966551314338,21.6716771478919,170,21
141,0.867929009387811,0.953159768497703,4.48379558038256,9.35528238408924,22.4189779019128,171,21
141,0.870376739319941,0.954444977290372,4.63292824154489,9.44850052595691,23.1646412077244,172,21
141,0.87255482440865,0.954756075035611,4.78142969102249,9.53926851271207,23.9071484551124,173,21
141,0.875273055431358,0.954103981540723,4.92895713926019,9.62751592252028,24.6447856963009,174,21
141,0.875627436897366,0.952500382853192,5.07493098602405,9.71304016550649,25.3746549301203,175,21
141,0.872373675604293,0.949984474870543,5.21944755957542,9.79603790049832,26.0972377978771,176,21
141,0.872833965015612,0.946613955047665,5.36306716474402,9.87694849934275,26.8153358237201,177,21
141,0.868644143363005,0.942398683610465,5.50430950600959,9.95506003176,27.521547530048,178,21
141,0.864797221588095,0.937421560143742,5.64415104607161,10.0310324475928,28.2207552303581,179,21
141,0.86254895124977,0.931733864387027,5.78210190077659,10.104702890453,28.910509503883,180,21
141,0.856436911045979,0.925384919713363,5.9171667275215,10.1756545801176,29.5858336376075,181,21
141,0.850121626343978,0.918477989486172,6.05039302365668,10.2445430668657,30.2519651182834,182,21
141,0.844815837835875,0.911093335793134,6.18155295487416,10.3113379042917,30.9077647743708,183,21
141,0.838703508525187,0.903310098348281,6.30992612132788,10.3757637284358,31.5496306066394,184,21
141,0.830548451970138,0.895230929701253,6.43557364894536,10.4379429592728,32.1778682447268,185,21
141,0.822008371066094,0.886975852575004,6.55925031417944,10.4983259505013,32.7962515708972,186,21
141,0.812357867529659,0.878657717809216,6.68104119381105,10.5570176571268,33.4052059690552,187,21
141,0.804925768359141,0.870400862347767,6.80145158283959,10.6143155323036,34.007257914198,188,21
141,0.79790902557281,0.862313148414025,6.91946325342128,10.6697899917404,34.5973162671064,189,21
141,0.788854802092847,0.854524678453819,7.03496403721529,10.7234492332092,35.1748201860764,190,21
141,0.781908963322884,0.847181625835728,7.14918883522553,10.7759151422586,35.7459441761277,191,21
141,0.777098309720118,0.8404079111728,7.26135975803397,10.8268721119373,36.3067987901698,192,21
141,0.77219548372091,0.83433378238525,7.37071074128433,10.8760226158131,36.8535537064217,193,21
141,0.767633548430379,0.829105020630244,7.4777272706032,10.923634200665,37.388636353016,194,21
141,0.764359780846047,0.824866647533693,7.58279562076217,10.9699192335593,37.9139781038108,195,21
141,0.715861981296157,0.77459915334902,7.68585663911152,11.0148877367607,38.4292831955576,196,21
141,0.714532758612438,0.772816598143169,7.7805850427527,11.0558512953803,38.9029252137635,197,21
141,0.715193169205503,0.772394080472507,7.87400659098832,11.0959106857571,39.3700329549416,198,21
141,0.715377556339534,0.772532568065383,7.96586876874739,11.1349796876298,39.8293438437369,199,21
141,0.716648005916237,0.772299148776308,8.05691630126266,11.1733935858505,40.2845815063133,200,21
141,0.717349431767749,0.771726908022355,8.1460650846627,11.2107143320686,40.7303254233135,201,21
141,0.716143302016878,0.770835963470611,8.23337499060291,11.2469903519498,41.1668749530146,202,21
141,0.715657324327814,0.769653817133147,8.31995575495663,11.2826996156306,41.5997787747832,203,21
141,0.714804537631951,0.76819278627344,8.40499545146056,11.3175220396813,42.0249772573028,204,21
141,0.712603112235284,0.766471334184549,8.48850195948611,11.3514784989629,42.4425097974306,205,21
141,0.710914805715183,0.764514494686614,8.57128065384795,11.3849099876684,42.8564032692397,206,21
141,0.707581026470395,0.762336814402571,8.65270356161701,11.4175751008698,43.263517808085,207,21
141,0.70620242738264,0.759966668779765,8.73385662724102,11.4499194764363,43.6692831362051,208,21
141,0.705097872315422,0.757411266687229,8.8130105996898,11.4812659266373,44.065052998449,209,21
141,0.705119363027312,0.754689298216246,8.88973023244044,11.511461621391,44.4486511622022,210,21
141,0.702697911444597,0.751822032014662,8.96279475367369,11.5400503322089,44.8139737683685,211,21
141,0.657043976989742,0.703341586382846,9.03418111582903,11.5678259597028,45.1709055791452,212,21
141,0.0154011202640076,0.0170127047471815,0.18,3.53112813245625,0.9,141,22
141,0.0155329182590178,0.0172037142124732,0.18066664207956,3.53508598900944,0.9033332103978,142,22
141,0.0157328018553885,0.0174037308119985,0.181438214874643,3.53965413215973,0.907191074373217,143,22
141,0.0159359136162671,0.0176036048929421,0.182204101834475,3.54417524133518,0.911020509172376,144,22
141,0.0161630173924535,0.0178027917044839,0.182958147734333,3.54861353011143,0.914790738671663,145,22
141,0.0163437184772068,0.0179925938989201,0.18365349966317,3.55269506322137,0.918267498315851,146,22
141,0.0165031291349297,0.0181884308339206,0.184360812251751,3.55683576703878,0.921804061258757,147,22
141,0.0166431210787794,0.0183904966635221,0.185131928638254,3.56133739088577,0.925659643191271,148,22
141,0.0168547220244396,0.0186022332115575,0.186011406205439,3.56645568198267,0.930057031027197,149,22
141,0.0170730433974706,0.0188138716608926,0.186885780806729,3.57152758259855,0.934428904033645,150,22
141,0.0181318991097768,0.0199281462555768,0.187742734829385,3.57648241066844,0.938713674146926,151,22
141,0.0183653072507231,0.0201595752702649,0.188698783333686,3.58199162631761,0.94349391666843,152,22
141,0.0185879660522311,0.0203906049440402,0.18964678392391,3.58743528998962,0.948233919619549,153,22
141,0.0187627310552191,0.0206229858371848,0.190605652636958,3.59292210224456,0.95302826318479,154,22
141,0.0190304248392876,0.0208650028056735,0.191663177695356,3.59895117982422,0.95831588847678,155,22
141,0.0193158454640865,0.0211026897839658,0.192670911385634,3.60467485520185,0.963354556928172,156,22
141,0.0195232574641943,0.0213319037244782,0.193586510095013,3.60985716413389,0.967932550475063,157,22
141,0.0197425458042899,0.0215648742921961,0.194539093348759,3.61523070597674,0.972695466743793,158,22
141,0.019953548351515,0.0218001563103367,0.195513313504188,3.62070736711033,0.977566567520941,159,22
141,0.0201679677390857,0.0220396505601908,0.196528650237857,3.62639496492325,0.982643251189284,160,22
141,0.0203839192613362,0.0222834934040518,0.197586105166448,3.63229676549547,0.987930525832242,161,22
141,0.0206543108314589,0.0225321722156013,0.198690264556529,3.63843578261887,0.993451322782643,162,22
141,0.0208949041592065,0.0227769037904471,0.199751507459235,3.64431381950275,0.998757537296176,163,22
141,0.0211692199466391,0.0230222593705032,0.200816914581035,3.65019306797217,1.00408457290517,164,22
141,0.0214251951695626,0.0232620970634675,0.201824918030123,3.65573556455075,1.00912459015061,165,22
141,0.0216218616186428,0.0234986504688922,0.202798954141226,3.66107299304929,1.01399477070613,166,22
141,0.0218243828366195,0.0237425720722541,0.203845887181651,3.66678998934203,1.01922943590825,167,22
141,0.0220653374290775,0.0239940462595522,0.204966814642019,3.67288840760129,1.0248340732101,168,22
141,0.0223729351643815,0.0242473034319956,0.206104061425693,3.67905190259333,1.03052030712846,169,22
141,0.0226088369030341,0.0244899925092361,0.207136272618317,3.68462565282705,1.03568136309159,170,22
141,0.0228737444181521,0.0247337291353018,0.208178814859093,3.69023557315043,1.04089407429546,171,22
141,0.0231555694029192,0.0249729583016138,0.20917769839636,3.69559222784263,1.0458884919818,172,22
141,0.0234089448289682,0.0252031133447359,0.210089448225903,3.70046607455243,1.05044724112952,173,22
141,0.0237688270940741,0.0254279573369983,0.21095182713067,3.70506245663503,1.05475913565335,174,22
141,0.0240611331464227,0.0256221074191415,0.211521503002437,3.70809158621138,1.05760751501218,175,22
141,0.0242588290762435,0.0257918943286113,0.211863233960309,3.70990593991763,1.05931616980154,176,22
141,0.0244220758028669,0.0259540365582679,0.212139719851945,3.7113723955547,1.06069859925972,177,22
141,0.0246449299977087,0.0261153273641146,0.212416523686294,3.7128392037477,1.06208261843147,178,22
141,0.0248698784944696,0.0262598135154089,0.212543135669021,3.71350968791204,1.06271567834511,179,22
141,0.0250499664801687,0.0263814898528379,0.212465338728606,3.71309774080247,1.06232669364303,180,22
141,0.0250689166793674,0.0264857410864665,0.21223655571393,3.71188568904052,1.06118277856965,181,22
141,0.0252366230257463,0.0266140719856466,0.212245658585451,3.7119339318272,1.06122829292726,182,22
141,0.0254007119713162,0.0267306184896172,0.212157017753347,3.71146409773877,1.06078508876674,183,22
141,0.0255618536989319,0.0268326725983634,0.211947134418556,3.71035108109412,1.05973567209278,184,22
141,0.0257013924417011,0.0269162724008001,0.211581425268833,3.7084098794034,1.05790712634416,185,22
141,0.025766625592421,0.0269817997644201,0.211065695131927,3.70566838087048,1.05532847565964,186,22
141,0.0257268191916492,0.0270470323166012,0.210564010521289,3.70299706153505,1.05282005260644,187,22
141,0.0257862963722576,0.0271445921315861,0.210371969206984,3.70197332539696,1.05185984603492,188,22
141,0.0259527805221069,0.0272529767426151,0.210291696168005,3.7015452118839,1.05145848084003,189,22
141,0.0259814116910038,0.0273431817288672,0.210061185369964,3.70031521436162,1.05030592684982,190,22
141,0.0260229143735073,0.0274514170095549,0.210006709717192,3.70002439677553,1.05003354858596,191,22
141,0.0261463235217429,0.0275784387100286,0.210133219745625,3.70069968827094,1.05066609872813,192,22
141,0.0262857639675878,0.0277056999703883,0.210274121358739,3.70145146641972,1.0513706067937,193,22
141,0.0264884661325928,0.0278286188753086,0.21038895821434,3.70206391685627,1.0519447910717,194,22
141,0.0266040213606489,0.0279269911425027,0.210300010894378,3.70158956140886,1.05150005447189,195,22
141,0.0253880288308612,0.0267497087577264,0.210172416707012,3.70090885825381,1.05086208353506,196,22
141,0.025425731507014,0.0268451146429765,0.210106342911968,3.70055624748681,1.05053171455984,197,22
141,0.0254789101980901,0.0269569076846798,0.21019741815207,3.70104226132883,1.05098709076035,198,22
141,0.0256089237229493,0.0270913609200774,0.210440971173874,3.70234123685091,1.05220485586937,199,22
141,0.0257404278604301,0.0272192214162637,0.210698910489273,3.70371579885168,1.05349455244637,200,22
141,0.0258988796289673,0.0273451269886354,0.210950725384276,3.70505659281369,1.05475362692138,201,22
141,0.0260085023969402,0.0274610304738354,0.211124083371058,3.70597899304549,1.05562041685529,202,22
141,0.026109293215617,0.0275777019571545,0.21131700357961,3.70700485922649,1.05658501789805,203,22
141,0.0262374745060969,0.0276977672129031,0.211553198748074,3.70825995449489,1.05776599374037,204,22
141,0.0263088054577002,0.0278144801934864,0.211772215855819,3.70942289648889,1.05886107927909,205,22
141,0.0264206621903888,0.0279426245700436,0.21210654236083,3.71119649556466,1.06053271180415,206,22
141,0.0265670747604271,0.0280739927937671,0.212482514147524,3.71318869640516,1.06241257073762,207,22
141,0.0267661473887123,0.0281999766148975,0.212823720950633,3.71499455893228,1.06411860475316,208,22
141,0.0268990188488337,0.0283041250575409,0.212985056030476,3.71584773432788,1.06492528015238,209,22
141,0.0270785735371245,0.0283986839492681,0.213076533741089,3.71633128849689,1.06538266870545,210,22
141,0.027198376836602,0.0284665147722401,0.212947741007151,3.71565044432825,1.06473870503576,211,22
141,0.0258889804878987,0.0271467925154855,0.212683065280824,3.71425037291874,1.06341532640412,212,22
141,0.0130794341562555,0.0170127047471815,0.18,3.53112813245625,0.9,141,23
141,0.0132745393076904,0.0173392722292147,0.182299397641639,3.54473685510951,0.911496988208194,142,23
141,0.0135460081803295,0.0176720270961762,0.184650078166694,3.55852597913129,0.923250390833472,143,23
141,0.0138672935282995,0.0180106693063494,0.187048068193729,3.57246712675761,0.935240340968643,144,23
141,0.014286552493999,0.0183550396904138,0.189491176358346,3.58654305431734,0.947455881791728,145,23
141,0.0144533403183138,0.0186995948223985,0.191970872705974,3.6007010304186,0.95985436352987,146,23
141,0.0146871103860022,0.0190560815467677,0.194510151096451,3.6150677125718,0.972550755482257,147,23
141,0.0149876255190899,0.0194197341159082,0.197104444265114,3.62961128706797,0.985522221325569,148,23
141,0.0152675648568113,0.0197897418648142,0.19975035574821,3.64430745219033,0.998751778741049,149,23
141,0.0155988983064054,0.0201663563401576,0.202450583651582,3.65916608279917,1.01225291825791,150,23
141,0.0166572775132467,0.0215266726781366,0.205202976706508,3.67417028378215,1.02601488353254,151,23
141,0.0170547314027784,0.0219503912241283,0.208160417865463,3.69013674882642,1.04080208932732,152,23
141,0.0173621848692429,0.0223814802454335,0.211175474209079,3.70625233110054,1.05587737104539,153,23
141,0.0178875297679756,0.0228206245678607,0.214255404583352,3.72254993053297,1.07127702291676,154,23
141,0.0183450775998656,0.0232665051315695,0.217385802851963,3.73894811246834,1.08692901425982,155,23
141,0.0186307170324722,0.0237195121040748,0.220570993110451,3.75546524930289,1.10285496555225,156,23
141,0.0188899837404717,0.0241814106786079,0.223829992539604,3.77219395539094,1.11914996269802,157,23
141,0.0195723936571405,0.0246524486342764,0.22716533097008,3.78913965563061,1.1358266548504,158,23
141,0.0199983356481038,0.0251290970433595,0.230539215674419,3.80610567745399,1.15269607837209,159,23
141,0.020183978067471,0.0256137360439014,0.233977292496383,3.82321739852384,1.16988646248192,160,23
141,0.0205969922747204,0.0261091414337348,0.237509116127184,3.8406141924986,1.18754558063592,161,23
141,0.0208572136053155,0.0266131607351359,0.241111782145219,3.85817515402911,1.20555891072609,162,23
141,0.0214414675892569,0.0271271589771281,0.244799825365553,3.87596385915425,1.22399912682776,163,23
141,0.021886141518894,0.0276487898492825,0.248548607666096,3.89385512298262,1.24274303833048,164,23
141,0.0222945558089304,0.0281792667601622,0.252371169992349,3.91190587759111,1.26185584996174,165,23
141,0.0232744921839523,0.0287190956357462,0.25627305699156,3.93013574492471,1.2813652849578,166,23
141,0.0237745302514577,0.0292609869063871,0.260178345281722,3.9481888156875,1.30089172640861,167,23
141,0.0242940158893564,0.0298111046188311,0.264152111862126,3.96636561235817,1.32076055931063,168,23
141,0.0247629606247751,0.0303692439490016,0.26819262385553,3.98465334481714,1.34096311927765,169,23
141,0.0251836877706702,0.0309365998778259,0.272312744380158,4.00310471025086,1.36156372190079,170,23
141,0.0253380472195831,0.0315143555745862,0.27652516442982,4.02176934952036,1.3826258221491,171,23
141,0.0261574246561819,0.0321068624417237,0.280875332672712,4.0408374860296,1.40437666336356,172,23
141,0.0266336166221373,0.0327037904400119,0.28525677152507,4.05983575450626,1.42628385762535,173,23
141,0.0271259841283907,0.0333107745817803,0.28972844376027,4.07901672043458,1.44864221880135,174,23
141,0.0276461069598102,0.0339277504346138,0.2942902901841,4.09837303457167,1.4714514509205,175,23
141,0.0282614952185223,0.0345544457157378,0.298940174593497,4.11788886893348,1.49470087296749,176,23
141,0.0287856294014195,0.0351892948454382,0.303662733079961,4.13749434964929,1.5183136653998,177,23
141,0.0293497478435101,0.0358341899044279,0.308478241198081,4.15726808957069,1.5423912059904,178,23
141,0.0301425437110221,0.0364885823145528,0.313381905947199,4.17718396189197,1.566909529736,179,23
141,0.0309104234692308,0.0371477166351938,0.318325856253645,4.19704476542467,1.59162928126822,180,23
141,0.031421982100598,0.0378113990168334,0.323309160625057,4.21684727730892,1.61654580312528,181,23
141,0.0320751108197852,0.0384863073170084,0.32840133536139,4.23686386638472,1.64200667680695,182,23
141,0.0325317223090846,0.0391689497591453,0.333567651791051,4.25695203156449,1.66783825895526,183,23
141,0.0331457927886056,0.0398647439374517,0.338864734800123,4.27732475544635,1.69432367400061,184,23
141,0.0336361766124893,0.0405699055833587,0.344255009497782,4.29782930521039,1.72127504748891,185,23
141,0.0339948589282671,0.0412877142305867,0.349773331976861,4.31859044007937,1.74886665988431,186,23
141,0.0345689478726318,0.0420210083232139,0.355450136260114,4.33971095217053,1.77725068130057,187,23
141,0.0353739338983753,0.0427653362252867,0.361241291093484,4.36101603134974,1.80620645546742,188,23
141,0.0361666314182312,0.0435162099606502,0.367102322723024,4.38233716757146,1.83551161361512,189,23
141,0.0368863324925617,0.0442736076799821,0.373034358856478,4.40367637244451,1.86517179428239,190,23
141,0.0375414880443984,0.0450391362286872,0.379055564785137,4.42509583201477,1.89527782392568,191,23
141,0.0381152885299076,0.0458144836440066,0.385185077489638,4.44665836804342,1.92592538744819,192,23
141,0.0387654783900723,0.0466017851279328,0.39144667794226,4.46844002706992,1.9572333897113,193,23
141,0.039452499356894,0.0473993965485482,0.397825420005508,4.49038089452846,1.98912710002754,194,23
141,0.0405571467183641,0.0482066133806217,0.404316069295937,4.51245642938601,2.02158034647968,195,23
141,0.0393099139177011,0.0467637233551884,0.410809779589494,4.5342965675297,2.05404889794747,196,23
141,0.0398155013489748,0.0475118114530877,0.417062620130149,4.55510036317642,2.08531310065074,197,23
141,0.0407704877845713,0.0482731823285372,0.423461582950256,4.5761664600445,2.11730791475128,198,23
141,0.0413552615121011,0.0490468071322659,0.429873015138049,4.59705225110958,2.14936507569024,199,23
141,0.0420736529400728,0.0498195126862891,0.436419812436322,4.61815616015243,2.18209906218161,200,23
141,0.0430577979141711,0.0505987989306534,0.443057339186129,4.6393284714929,2.21528669593065,201,23
141,0.0438981913982905,0.0513759644692269,0.449692618834845,4.66027379585845,2.24846309417423,202,23
141,0.0445362665705364,0.0521548723082668,0.456369602684124,4.68113444675057,2.28184801342062,203,23
141,0.0453416800980313,0.052942762768558,0.463169615462522,4.7021619717598,2.31584807731261,204,23
141,0.0460766886684397,0.0537335767564484,0.470028545221239,4.72315483131673,2.3501427261062,205,23
141,0.0466987778992373,0.0545298351494114,0.476976300723736,4.74420299702757,2.38488150361868,206,23
141,0.0472440489660189,0.0553358959238458,0.484063375663841,4.76545421273611,2.4203168783192,207,23
141,0.0478340478137517,0.0561545843838145,0.491323860295413,4.78700171475126,2.45661930147706,208,23
141,0.0485260828664206,0.0569842804057522,0.498743014225734,4.80879206447901,2.49371507112867,209,23
141,0.0493600028431999,0.0578216369318238,0.506286887694942,4.83071828885781,2.53143443847471,210,23
141,0.0502385706333976,0.0586620458525495,0.513906337152555,4.85263423851891,2.56953168576278,211,23
141,0.0478255542867734,0.0565867551834218,0.521583489644275,4.87448829213454,2.60791744822137,212,23
141,0.0328443251147917,0.0399499993954173,0.18,3.53112813245625,0.9,141,24
141,0.0338097310944993,0.0411906112350768,0.185868780474254,3.56562679125848,0.929343902371269,142,24
141,0.0347173880439357,0.0424661956063863,0.191929341541845,3.60046495833483,0.959646707709223,143,24
141,0.0357691070942978,0.0437780530120572,0.198190305473282,3.63565901299065,0.990951527366412,144,24
141,0.0369346340641737,0.0451257808924562,0.204651620913203,3.67117594661805,1.02325810456602,145,24
141,0.0380139760975865,0.0464973751517586,0.211315743683943,3.70699816176452,1.05657871841971,146,24
141,0.0393961511195761,0.0479181016656027,0.218190137263991,3.74313490844553,1.09095068631995,147,24
141,0.0406329355491824,0.0493761997135948,0.225272280200508,3.77954316975303,1.12636140100254,148,24
141,0.0418818832130555,0.0508723019538448,0.232575057045318,3.81625960658834,1.16287528522659,149,24
141,0.0431499613501579,0.0524072108387294,0.240105332291614,3.85328779225425,1.20052666145807,150,24
141,0.0464282382507248,0.05654891977697,0.247869763349308,3.89062931507544,1.23934881674654,151,24
141,0.0477761853054758,0.058328584098767,0.256297137996016,3.93024765032341,1.28148568998008,152,24
141,0.0493108139195461,0.0601559005495409,0.264999483426371,3.97021696878865,1.32499741713186,153,24
141,0.0506679082829447,0.0620309801055406,0.273981054464308,4.01052066081665,1.36990527232154,154,24
141,0.052408300179554,0.0639550243968652,0.283252026570425,4.05116844589803,1.41626013285213,155,24
141,0.0542708514379433,0.0659279143489221,0.292816070053741,4.09214080289509,1.4640803502687,156,24
141,0.0562063640422306,0.0679497694825396,0.302678181778687,4.13342465663609,1.51339090889343,157,24
141,0.0583025756472463,0.0700205629846747,0.312842784000956,4.17500503180687,1.56421392000478,158,24
141,0.0601163375057165,0.0721391802733463,0.323308769609676,4.21684573187676,1.61654384804838,159,24
141,0.0618843041930986,0.074308841337592,0.334097964549429,4.25900174195473,1.67048982274714,160,24
141,0.0639239590179572,0.0765309401356655,0.345223061204312,4.30148801861584,1.72611530602156,161,24
141,0.0663034119442274,0.0788036593370389,0.35667999718509,4.34425561046664,1.78339998592545,162,24
141,0.0681669422007335,0.0811231637616267,0.368453889752626,4.38722015826419,1.84226944876313,163,24
141,0.0697559262267498,0.0834971272701694,0.380591688063357,4.43052232915921,1.90295844031678,164,24
141,0.0722050291181706,0.0859293848123226,0.393120697643663,4.47422210314123,1.96560348821832,165,24
141,0.074176096484369,0.0884109384926953,0.405998915696766,4.51813963870817,2.02999457848383,166,24
141,0.0769401984116894,0.0909480277182606,0.419267117058202,4.56238308826165,2.09633558529101,167,24
141,0.0793646611660464,0.0935307420998999,0.432877888096489,4.60676621292074,2.16438944048245,168,24
141,0.0812661745161611,0.0961637641935917,0.446863889957773,4.65137097929672,2.23431944978887,169,24
141,0.0836648903666983,0.0988565907955809,0.461285688426434,4.69635801409947,2.30642844213217,170,24
141,0.0857552295291996,0.101602160115115,0.476112156971621,4.74159676603356,2.3805607848581,171,24
141,0.0881852452408244,0.104405592274568,0.491380601330914,4.78716923278529,2.45690300665457,172,24
141,0.0908302441131031,0.107262750222831,0.507076494086247,4.83300007980518,2.53538247043123,173,24
141,0.0938401497349967,0.110171146622576,0.523194472197217,4.87904567176767,2.61597236098609,174,24
141,0.0965805194029614,0.113124954711643,0.539709685359267,4.92521170768012,2.69854842679633,175,24
141,0.0993687674605369,0.116128448378959,0.556655675424482,4.97156953621621,2.78327837712241,176,24
141,0.102870365486401,0.119181007164033,0.57403819424985,5.01811060890821,2.87019097124925,177,24
141,0.105257436745248,0.122266171706367,0.591769107362116,5.06458325338988,2.95884553681058,178,24
141,0.107699738342449,0.125410237122139,0.610013550517132,5.11139958803578,3.05006775258566,179,24
141,0.110285888616251,0.128612015541425,0.628776071055085,5.15853829454751,3.14388035527543,180,24
141,0.112946511843614,0.131868570113739,0.648050771066137,5.20595372174281,3.24025385533069,181,24
141,0.116068027073443,0.135178568026454,0.667841439217024,5.25362647070563,3.33920719608512,182,24
141,0.118927278860188,0.138533332297815,0.688106553267974,5.30143243800238,3.44053276633987,183,24
141,0.12150785635843,0.141937985412209,0.708889329198181,5.34945100784775,3.5444466459909,184,24
141,0.125127244580615,0.145397628234033,0.730234355563323,5.39775791705746,3.65117177781661,185,24
141,0.128744267975871,0.148892886958807,0.752032259636751,5.44608450156972,3.76016129818375,186,24
141,0.13172105685226,0.152421733938087,0.774280940183114,5.49441393528737,3.87140470091557,187,24
141,0.1349111567987,0.155997886449003,0.797080066919471,5.54294514891809,3.98540033459736,188,24
141,0.138377510411077,0.159616427763129,0.820411246645816,5.59161738707111,4.10205623322908,189,24
141,0.142496648397244,0.163270739884895,0.844243648841427,5.64034918326399,4.22121824420713,190,24
141,0.145577390576949,0.166942553941387,0.868468347253289,5.68891021707521,4.34234173626645,191,24
141,0.14914114980256,0.17065836902249,0.893273025444233,5.73766527327548,4.46636512722117,192,24
141,0.152525341150423,0.174404578240847,0.91858024394023,5.78644512909684,4.59290121970115,193,24
141,0.155688115620534,0.178185585413858,0.944432828654195,5.83531840850481,4.72216414327097,194,24
141,0.159179929548902,0.182007176081015,0.970884766791036,5.88436895664494,4.85442383395518,195,24
141,0.154920836315549,0.177213753800577,0.997884904696787,5.93348467130541,4.98942452348393,196,24
141,0.158373923370906,0.180728502496181,1.02400355024762,5.98012319139739,5.12001775123808,197,24
141,0.161426329895162,0.184264275010093,1.05056782563664,6.02671460139751,5.25283912818322,198,24
141,0.16507585208625,0.187873503033508,1.0776709535807,6.07341239647779,5.38835476790349,199,24
141,0.169651176195772,0.191452276891711,1.10520447904452,6.12002097500132,5.5260223952226,200,24
141,0.172602302768887,0.195007088293488,1.13290051055449,6.16609518533028,5.66450255277243,201,24
141,0.175945624689407,0.198591133261406,1.16117500431253,6.21232887114546,5.80587502156266,202,24
141,0.17965825787899,0.202189935668688,1.18992903738708,6.25854884191317,5.94964518693541,203,24
141,0.181776650331103,0.205788872279112,1.21905848764946,6.30458520597065,6.0952924382473,204,24
141,0.185590862259163,0.209443459270461,1.24901663088534,6.35113834073534,6.24508315442671,205,24
141,0.189855268153432,0.213095191341726,1.27935270186143,6.39749235456667,6.39676350930714,206,24
141,0.193399172694417,0.216724362001134,1.3099145099755,6.44342299841118,6.54957254987748,207,24
141,0.196293463897175,0.220354535317635,1.34090077967095,6.48923525204388,6.70450389835475,208,24
141,0.200033996125675,0.224009556146626,1.37252067258024,6.53522986321541,6.86260336290119,209,24
141,0.204603938132873,0.227656090377113,1.40451035564004,6.58101687382137,7.02255177820021,210,24
141,0.207927869571795,0.231256378678717,1.43655437658745,6.62615864691107,7.18277188293724,211,24
141,0.200764380502644,0.223134727191272,1.46907201732739,6.67125578563906,7.34536008663696,212,24
141,0.220317819079025,0.277070288223495,0.18,3.53112813245625,0.9,141,25
141,0.252284230656925,0.317240384469416,0.223594889772643,3.77099285704806,1.11797444886321,142,25
141,0.283302931159451,0.357097452245476,0.273508780265947,4.0084245146572,1.36754390132973,143,25
141,0.312625585329891,0.395737981262606,0.329564670272139,4.24140636738119,1.64782335136069,144,25
141,0.343058029073448,0.432461105293436,0.391437383139049,4.46840787468631,1.95718691569524,145,25
141,0.370545532919437,0.467021522934147,0.459279119338431,4.69015802593248,2.29639559669216,146,25
141,0.398017253212892,0.499135106207589,0.532528099358356,4.90525928931653,2.66264049679178,147,25
141,0.423064808134728,0.528724826943521,0.611122030925054,5.11421239295617,3.05561015462527,148,25
141,0.44574061521902,0.555664016902726,0.694579789323691,5.31649595928366,3.47289894661845,149,25
141,0.466004001634328,0.579942049416259,0.782428654790882,5.51187049264311,3.91214327395441,150,25
141,0.509417592193109,0.634003034562372,0.874190956784075,5.70024362607201,4.37095478392037,151,25
141,0.526477817572235,0.655932856454005,0.974512365958856,5.89102280508271,4.87256182979428,152,25
141,0.5430930083579,0.675174419205853,1.07814555254618,6.07422278410474,5.3907277627309,153,25
141,0.55827940922314,0.691996428086784,1.18493489375387,6.25057741782548,5.92467446876933,154,25
141,0.57078659129699,0.706610614649919,1.29456709634063,6.42045218646399,6.47283548170315,155,25
141,0.580772293950547,0.719185556158909,1.40653985582884,6.58389708708958,7.03269927914418,156,25
141,0.591020134146766,0.729912021051955,1.5203883050152,6.74102920633299,7.60194152507599,157,25
141,0.60161522393167,0.739077261093779,1.63607784360463,6.89251238477426,8.18038921802313,158,25
141,0.608788276779781,0.746965362966271,1.75357966888661,7.03890808258832,8.76789834443304,159,25
141,0.612479466045522,0.753774258388707,1.87233118436179,7.18007000497912,9.36165592180893,160,25
141,0.619822237875514,0.759740397693161,1.99179303845382,7.31591311406563,9.95896519226912,161,25
141,0.623455963142307,0.765291848794302,2.11243000816078,7.44744599627945,10.5621500408039,162,25
141,0.628208429252578,0.770717717354077,2.23371285999615,7.5745064079613,11.1685642999808,163,25
141,0.63586617079433,0.776442662841238,2.35578630503253,7.69762814889299,11.7789315251627,164,25
141,0.644227640329174,0.782942274010019,2.47903570908053,7.8175038974437,12.3951785454026,165,25
141,0.644183836963446,0.790661397984413,2.60357090718957,7.93448237176169,13.0178545359479,166,25
141,0.660133969984098,0.799907351917871,2.72844942776248,8.04793027628551,13.6422471388124,167,25
141,0.670190421401725,0.810483229311275,2.85569017675833,8.15986069081496,14.2784508837916,168,25
141,0.678100448712901,0.82156193678047,2.98466071594376,8.26981971438011,14.9233035797188,169,25
141,0.689668639885715,0.833094068268427,3.1151653981114,8.37776561122594,15.575826990557,170,25
141,0.699666093456151,0.845096899308832,3.24762541806247,8.4841522747193,16.2381270903124,171,25
141,0.712308155701319,0.857518651703294,3.38190873622079,8.58895962652491,16.909543681104,172,25
141,0.724654711743803,0.87034835942971,3.51830633778298,8.69248854542803,17.5915316889149,173,25
141,0.740991300946354,0.883536801572096,3.65680929502078,8.79479133084834,18.2840464751039,174,25
141,0.753447662644015,0.897064911593396,3.7977697227501,8.89617281965641,18.9888486137505,175,25
141,0.769575999524854,0.910843256473355,3.94087223914321,8.99644661773139,19.7043611957161,176,25
141,0.784115283538511,0.924834624101382,4.08638411169798,9.09583920695736,20.4319205584899,177,25
141,0.791046177100275,0.93896140015522,4.23418085514551,9.19429846770298,21.1709042757276,178,25
141,0.801673353756832,0.953117034000419,4.38380781530336,9.29156633710229,21.9190390765168,179,25
141,0.813598821583196,0.967252587889767,4.53548641839949,9.38783409273669,22.6774320919974,180,25
141,0.824945494533397,0.981303840923247,4.68929409156626,9.48318833175091,23.4464704578313,181,25
141,0.837625704171522,0.995194537701053,4.8451737256022,9.5776282555484,24.225868628011,182,25
141,0.856566620804072,1.00885692602714,5.00318247104151,9.67122097239573,25.0159123552076,183,25
141,0.865186814101161,1.0222388610325,5.1636032315059,9.76415798553221,25.8180161575295,184,25
141,0.875299832817155,1.03522442255445,5.32584132950589,9.85612309521059,26.6292066475294,185,25
141,0.893062190119268,1.04774342249335,5.4899009179294,9.94715606501733,27.449504589647,186,25
141,0.904482288996962,1.05974121121305,5.65602244007917,10.0374212097943,28.2801122003958,187,25
141,0.91460971658426,1.07112138719909,5.82382880157138,10.1267448843611,29.1191440078569,188,25
141,0.922751578272652,1.08180369230198,5.99316411566088,10.2150820737416,29.9658205783044,189,25
141,0.940148929143442,1.0917094915068,6.16384657889607,10.3023787469265,30.8192328944804,190,25
141,0.95231331729818,1.10076561965377,6.3358520372374,10.3886638893015,31.679260186187,191,25
141,0.96325865784514,1.1088785557182,6.50883692586672,10.473809108677,32.5441846293336,192,25
141,0.97220937466752,1.11596075026998,6.68253584694772,10.5577332890757,33.4126792347386,193,25
141,0.977026204907061,1.12192504784439,6.85670566951861,10.6403719814759,34.283528347593,194,25
141,0.979663884153505,1.12668871466822,7.0312128913991,10.7217162141404,35.1560644569955,195,25
141,0.931199279368539,1.06986674738437,7.20584936462539,10.8017239717897,36.029246823127,196,25
141,0.93320447124893,1.07134098621625,7.36997562527723,10.8756939021404,36.8498781263862,197,25
141,0.938051814328608,1.07144434153941,7.53349999177089,10.9482594079014,37.6674999588544,198,25
141,0.93804076352235,1.07042237453917,7.69580585727519,11.0192065755703,38.4790292863759,199,25
141,0.940055844594262,1.06831302376307,7.85690995282351,11.0886044639914,39.2845497641175,200,25
141,0.936910853433194,1.06525706173928,8.01622627735497,11.1562636353945,40.0811313867749,201,25
141,0.933849114145075,1.06132376329848,8.17398943100267,11.2223458495343,40.8699471550133,202,25
141,0.930657983258709,1.05656221734322,8.32988390446359,11.2867777906777,41.6494195223179,203,25
141,0.926407639781037,1.05102627460834,8.48361854767741,11.3494991704777,42.4180927383871,204,25
141,0.920052552494378,1.04477883622491,8.63503891864845,11.4105066833183,43.1751945932422,205,25
141,0.919167136543911,1.03789359417293,8.7841807414306,11.4698715707831,43.920903707153,206,25
141,0.915431964204252,1.03040523386446,8.92986468995159,11.5271856299667,44.649323449758,207,25
141,0.912662248072298,1.02239998825722,9.07221135393668,11.5825606836422,45.3610567696834,208,25
141,0.90591522309656,1.01394455350234,9.21064645705579,11.6358362378272,46.053232285279,209,25
141,0.900366848464456,1.00514773992678,9.34582246854805,11.6873217075646,46.7291123427403,210,25
141,0.892781425778746,0.996095007548853,9.47720190519825,11.7368661560393,47.3860095259913,211,25
141,0.832216569520632,0.92999941041466,9.60517595830525,11.7846682648534,48.0258797915262,212,25
141,0.319754982279161,0.40530711219828,0.18,3.53112813245625,0.9,141,26
141,0.368372000472186,0.46636289754666,0.243523925080963,3.86983101630443,1.21761962540482,142,26
141,0.412683308486301,0.522168599138131,0.316667265540987,4.19040600266375,1.58333632770493,143,26
141,0.452753111615408,0.573481343366729,0.398565529774062,4.49291072542477,1.99282764887031,144,26
141,0.490686404911565,0.621097394408784,0.488379339400384,4.77828996123382,2.44189669700192,145,26
141,0.525832656481239,0.665713764470881,0.585663679479596,5.04869188123514,2.92831839739798,146,26
141,0.558886902938148,0.707949065156035,0.689867005409389,5.30553883568641,3.44933502704695,147,26
141,0.593972129746537,0.748089375142919,0.800574000014869,5.55029666656689,4.00287000007434,148,26
141,0.62492654758251,0.786577832525842,0.91810019518241,5.78552860210876,4.59050097591205,149,26
141,0.653231516821799,0.823423251408312,1.04168165268673,6.01122137902208,5.20840826343365,150,26
141,0.720850252272658,0.906975062947845,1.17082310297697,6.22792551352176,5.85411551488485,151,26
141,0.751042039540743,0.944759499884312,1.31331296252138,6.44848414256841,6.56656481260692,152,26
141,0.779450947812462,0.981016747965947,1.46169708223264,6.66108931904417,7.30848541116319,153,26
141,0.80993737007956,1.01582902041595,1.61563414823133,6.86629921687657,8.07817074115667,154,26
141,0.837517525271357,1.04938915117773,1.77543851411685,7.06538184396553,8.87719257058425,155,26
141,0.865497282288789,1.08169670580899,1.94058252545296,7.25839555340469,9.7029126272648,156,26
141,0.890509370483055,1.11284675643475,2.11109336867493,7.44601769058269,10.5554668433747,157,26
141,0.917560486053766,1.14282760111464,2.28644500210642,7.62825265922,11.4322250105321,158,26
141,0.939116225745874,1.1717425450207,2.46692869369758,7.80591481565228,12.3346434684879,159,26
141,0.960956453487701,1.19950498645475,2.65162168512389,7.97857464167059,13.2581084256194,160,26
141,0.986456358916152,1.22615438420821,2.84053292768474,8.14671198291414,14.2026646384237,161,26
141,1.00826153491951,1.25176844102719,3.03419894884827,8.31117507788015,15.1709947442414,162,26
141,1.03034590174979,1.27626752340271,3.23199230537507,8.47175563589131,16.1599615268753,163,26
141,1.05773479676606,1.29963508280342,3.43390560947231,8.62876382805822,17.1695280473615,164,26
141,1.07663853302611,1.32190662555648,3.64066022164435,8.78300370293895,18.2033011082217,165,26
141,1.09932135940104,1.34291198178995,3.85093212667946,8.93372699183503,19.2546606333973,166,26
141,1.13223640407766,1.36264523213935,4.06518070284829,9.08151131713473,20.3259035142414,167,26
141,1.14043383117439,1.38140370104377,4.28460639215566,9.22734240109587,21.4230319607783,168,26
141,1.15420706806664,1.39895421637654,4.50591179270889,9.36924165830705,22.5295589635444,169,26
141,1.1752859322691,1.41519081425201,4.72972358544511,9.50789025716201,23.6486179272255,170,26
141,1.17672520804079,1.4302427181513,4.95684274153293,9.64398885609969,24.7842137076646,171,26
141,1.18837026068681,1.44403518008032,5.18475247667166,9.77625961839782,25.9237623833583,172,26
141,1.20424780055179,1.45672556033438,5.41461743958112,9.905621774328,27.0730871979056,173,26
141,1.21780604557764,1.46841292236908,5.64684569186818,10.0324834312209,28.2342284593409,174,26
141,1.22972141073719,1.47914993807452,5.88102242387451,10.1567789628406,29.4051121193725,175,26
141,1.23358561451272,1.48899622149711,6.11682557313402,10.2784994428091,30.5841278656701,176,26
141,1.24239499390258,1.49798399986531,6.35325025430316,10.3973002411493,31.7662512715158,177,26
141,1.2490636121912,1.50620845920833,6.5907187925546,10.5135630717132,32.953593962773,178,26
141,1.25242468436592,1.51372854408565,6.82886990442042,10.6272636953743,34.1443495221021,179,26
141,1.25830974660049,1.52059913741122,7.06722159980139,10.7383256214465,35.3361079990069,180,26
141,1.26707598863097,1.52689591508198,7.3059041056209,10.846955524985,36.5295205281045,181,26
141,1.2687366283178,1.53269067101561,7.54505685682684,10.953346180881,37.7252842841342,182,26
141,1.27829166291151,1.53802156069123,7.78380656406918,11.0572382567036,38.9190328203459,183,26
141,1.28702410859944,1.54297061643894,8.02275639226128,11.1590168016387,40.1137819613064,184,26
141,1.2897250552709,1.54758670721946,8.26160786272635,11.2586633192616,41.3080393136317,185,26
141,1.29982341397029,1.55191421491034,8.49963460931936,11.3559877830806,42.4981730465968,186,26
141,1.30700672634676,1.55601926640702,8.73723519850442,11.4512614902345,43.6861759925221,187,26
141,1.30801929018827,1.55994584961151,8.97392702081423,11.5443918945763,44.8696351040711,188,26
141,1.31359060621074,1.56373077742762,9.20905726754238,11.6352278292149,46.0452863377119,189,26
141,1.31644026290711,1.56743570281149,9.44271834702339,11.7239086440878,47.213591735117,190,26
141,1.32625298618675,1.57109857032397,9.67450616348299,11.8103799917517,48.372530817415,191,26
141,1.33201851809613,1.57476726288175,9.90458720467837,11.8947981156023,49.5229360233919,192,26
141,1.34989963424014,1.57847645866595,10.1324729538258,11.9770740289122,50.6623647691288,193,26
141,1.35545098284632,1.58227258527122,10.3582717531629,12.0573340634607,51.7913587658144,194,26
141,1.3490944856956,1.58618352727249,10.5813110818251,12.1354248502631,52.9065554091256,195,26
141,1.27336183629719,1.50017210779296,10.8011740471719,12.2112885829625,54.0058702358594,196,26
141,1.27821832077709,1.50390621114489,11.002773495736,12.2799102961249,55.0138674786801,197,26
141,1.28524574863628,1.50786968202572,11.2012844796011,12.3466296998376,56.0064223980054,198,26
141,1.29466972876224,1.51190480700237,11.3965891697791,12.4114719861929,56.9829458488954,199,26
141,1.29847432366176,1.51569737714169,11.5884984878817,12.4744369024479,57.9424924394085,200,26
141,1.30686503192089,1.51936628050638,11.7768201293298,12.5355221171106,58.8841006466488,201,26
141,1.31088929391594,1.52299050531663,11.9613253288327,12.5947126665831,59.8066266441634,202,26
141,1.3117870164161,1.52665785387895,12.1419603340744,12.6520483219312,60.7098016703719,203,26
141,1.31283596516888,1.53045319245354,12.3187271862419,12.7075834833343,61.5936359312097,204,26
141,1.31687776545683,1.53444857539893,12.4915721971365,12.7613520027618,62.4578609856823,205,26
141,1.32429903728206,1.53869732465083,12.6604115611494,12.8133760904731,63.3020578057472,206,26
141,1.3314929728345,1.54323058095856,12.8251503432472,12.8636726520806,64.1257517162359,207,26
141,1.33910811812359,1.548057183222,12.9857923118578,12.9122866279983,64.9289615592889,208,26
141,1.3492133015666,1.55316355493008,13.1423367339904,12.9592589944396,65.7116836699522,209,26
141,1.3593386165115,1.55851527130529,13.2946523545447,13.0045896443228,66.4732617727235,210,26
141,1.36630209185718,1.56408473175437,13.4427240129291,13.0483115754923,67.2136200646456,211,26
141,1.28190847747563,1.47419793885644,13.586855463514,13.0905488529662,67.9342773175702,212,26
141,0.201970606369566,0.241032438859214,0.18,3.53112813245625,0.9,141,27
141,0.233274565271224,0.278179901836316,0.219508265857679,3.74997295503996,1.0975413292884,142,27
141,0.266227330162859,0.317152172081664,0.265141153970132,3.97086003240964,1.32570576985066,143,27
141,0.300144623481496,0.357332785466231,0.31721086541172,4.19258450839825,1.5860543270586,144,27
141,0.333126409559369,0.398075759480433,0.375902097529489,4.41390770494634,1.87951048764744,145,27
141,0.367120740180353,0.438580394504534,0.44109471313927,4.63309126116496,2.20547356569635,146,27
141,0.400389567568123,0.47858244105075,0.512916562678433,4.84980018790399,2.56458281339216,147,27
141,0.433712008268285,0.517565385857422,0.591230875389873,5.06318693428755,2.95615437694937,148,27
141,0.467041191485998,0.555244220920831,0.675990274449195,5.27296972354251,3.37995137224598,149,27
141,0.496448435613058,0.591426197814298,0.767120759837515,5.47896717214648,3.83560379918758,150,27
141,0.555327299517875,0.659658211845394,0.86399008988144,5.68000484262099,4.3199504494072,151,27
141,0.5852719504788,0.696074143583989,0.972313759137346,5.8869921212469,4.86156879568673,152,27
141,0.612723471736341,0.730322905484395,1.08643866065585,6.08834347835446,5.43219330327923,153,27
141,0.641447663253525,0.762417037922846,1.20590594364232,6.28389486655095,6.02952971821162,154,27
141,0.666135154588629,0.792526089769745,1.33076932449456,6.4743381539126,6.6538466224728,155,27
141,0.688795332433569,0.820663473495505,1.46037188831681,6.65925873096163,7.30185944158405,156,27
141,0.712745700080418,0.8469311177199,1.59433331115492,6.83873991764615,7.97166655577459,157,27
141,0.735365691583463,0.871504440316363,1.73270791235606,7.01341427712432,8.66353956178032,158,27
141,0.753720536625635,0.894482982156744,1.87520757824963,7.1834107863795,9.37603789124813,159,27
141,0.773209141859057,0.915917118447585,2.02120048673283,7.34847773525264,10.1060024336641,160,27
141,0.793294484653926,0.935944944745947,2.17071689035381,7.50912684702428,10.8535844517691,161,27
141,0.809354244650022,0.954672443164243,2.32370706175706,7.66571253672078,11.6185353087853,162,27
141,0.82409760903587,0.972138834125825,2.47961270439358,7.81805522340963,12.3980635219679,163,27
141,0.843603366065396,0.988414345429866,2.63819238321203,7.96630812458169,13.1909619160601,164,27
141,0.863136871949107,1.00361005460906,2.79980725251777,8.11113910099635,13.9990362625889,165,27
141,0.87341589469486,1.01777065816835,2.96426381579638,8.25265295348675,14.8213190789819,166,27
141,0.889986724642898,1.03088545975605,3.13066769292338,8.39037742232985,15.6533384646169,167,27
141,0.896210921370016,1.04343773437688,3.29936772284422,8.52488823622136,16.4968386142211,168,27
141,0.906314904349947,1.0559310418654,3.46956463582672,8.65581901218509,17.3478231791336,169,27
141,0.919938615858818,1.06853608366334,3.64152471034487,8.78363563787301,18.2076235517243,170,27
141,0.92688579426138,1.0813044603122,3.81548818880261,8.90872970564389,19.0774409440131,171,27
141,0.940712502823049,1.09424100066851,3.99104251115631,9.03100027032736,19.9552125557816,172,27
141,0.954392015264766,1.10738641706439,4.16863768790929,9.15093542469641,20.8431884395465,173,27
141,0.972286628049499,1.12074708812461,4.34825736233891,9.26866821486285,21.7412868116946,174,27
141,0.984911195409516,1.13432953686598,4.53006206439616,9.3844303501347,22.6503103219808,175,27
141,0.990682873787302,1.14811695650561,4.71382836995387,9.4981960973099,23.5691418497694,176,27
141,1.00198685051915,1.16208860805108,4.89934465781013,9.60995159725378,24.4967232890506,177,27
141,1.01519636899551,1.17623417981625,5.0868219661875,9.71993104205705,25.4341098309375,178,27
141,1.02279892105558,1.19053140805929,5.27633991565658,9.82827256989731,26.3816995782829,179,27
141,1.03811655353026,1.20494254498921,5.4676905505993,9.93494398919957,27.3384527529965,180,27
141,1.04984747191072,1.21944075915107,5.66116277326703,10.0401846550048,28.3058138663351,181,27
141,1.06310768705716,1.23397905456336,5.85660583239048,10.1439820964722,29.2830291619524,182,27
141,1.07640500099403,1.24851059921497,6.05404287187387,10.2464153804754,30.2702143593694,183,27
141,1.08952347025807,1.26298110791395,6.25343205522615,10.3475250420932,31.2671602761308,184,27
141,1.09920468537512,1.27733037523022,6.45471224609518,10.4473396353749,32.2735612304759,185,27
141,1.10824560285969,1.29149062680642,6.65773450817607,10.5458440765918,33.2886725408803,186,27
141,1.12588472250776,1.3053900262377,6.86239188627433,10.6430451436418,34.3119594313716,187,27
141,1.13742225178944,1.31895648530686,7.0687940424947,10.7390495822872,35.3439702124735,188,27
141,1.14981032189494,1.3321034795409,7.2766694415658,10.8337843469734,36.383347207829,189,27
141,1.15982104817464,1.34474604921568,7.48587895588573,10.9272413662283,37.4293947794287,190,27
141,1.17459762105264,1.35678877444352,7.69622121161439,11.0193867913708,38.4811060580719,191,27
141,1.18693307357047,1.36813183606542,7.90751752582927,11.1101995182061,39.5375876291463,192,27
141,1.20455660673813,1.37867105021766,8.11949427081425,11.1996207802648,40.5974713540713,193,27
141,1.22019713150091,1.38829582642954,8.33171727850571,11.2875305131067,41.6585863925285,194,27
141,1.22298176655936,1.39689289783291,8.54373877973113,11.3738118435385,42.7186938986556,195,27
141,1.1555490381239,1.32469447580378,8.75577609642928,11.4586197519768,43.7788804821464,196,27
141,1.16010159837218,1.33032025742715,8.95384020863112,11.5365553489313,44.7692010431556,197,27
141,1.16725953852289,1.33467762843443,9.15104100752375,11.6129664879605,45.7552050376187,198,27
141,1.1724564170574,1.33755650906353,9.34681064401838,11.687696164259,46.7340532200919,199,27
141,1.17530798074105,1.33873264892411,9.54074322309097,11.7606565829004,47.7037161154548,200,27
141,1.17877731663269,1.33833589960542,9.73242884598696,11.8317628513021,48.6621442299348,201,27
141,1.1777856486612,1.33644291828691,9.92123626255249,11.900853506491,49.6061813127625,202,27
141,1.16922890358869,1.33313617346967,10.1070378464161,11.96795528109,50.5351892320803,203,27
141,1.16496887651132,1.32850227620008,10.2900960046262,12.0332306438051,51.4504800231311,204,27
141,1.16184216802772,1.32261375023885,10.4695217713636,12.0964299852907,52.347608856818,205,27
141,1.15976393850659,1.31554885873844,10.644752203175,12.1574271022389,53.2237610158752,206,27
141,1.15292655049503,1.30738762178017,10.8151891992313,12.216087885474,54.0759459961565,207,27
141,1.14264267614704,1.29822116892885,10.9809957032633,12.2725398678127,54.9049785163167,208,27
141,1.13440392462889,1.28814260835725,11.1422772117813,12.3268840658773,55.7113860589064,209,27
141,1.12632874522792,1.27724116637317,11.298433577579,12.3789814099195,56.4921678878951,210,27
141,1.11580608718269,1.2656263546428,11.4491397084748,12.4287866882831,57.2456985423742,211,27
141,1.03474604293972,1.17752765757081,11.594524852782,12.476402327916,57.9726242639102,212,27
141,0.240985218420935,0.280488535982042,0.18,3.53112813245625,0.9,141,28
141,0.277062549295662,0.322378491717934,0.226982159646982,3.78821354221308,1.13491079823491,142,28
141,0.312355507054602,0.363218345615585,0.280968807936565,4.04124495091069,1.40484403968283,143,28
141,0.345422908212295,0.402371918115053,0.341780088563346,4.2884427247124,1.70890044281673,144,28
141,0.377202495172071,0.439550253217031,0.409011444536712,4.52827250495425,2.04505722268356,145,28
141,0.407493048698148,0.474826558793411,0.482368400169097,4.7603915122954,2.41184200084548,146,28
141,0.437305548020739,0.508676344356011,0.561534923684387,4.98473462518133,2.80767461842194,147,28
141,0.466196061164288,0.541516201439982,0.646351179488449,5.2018125882495,3.23175589744224,148,28
141,0.492768283902827,0.573792260293281,0.736625753518104,5.41203084010964,3.68312876759052,149,28
141,0.52052145255951,0.605861057318082,0.832037929940334,5.61551280979092,4.16018964970167,150,28
141,0.578577390448446,0.672722752453359,0.932709250709559,5.81327251971121,4.6635462535478,151,28
141,0.609548257442657,0.709159866640837,1.04463420072817,6.016379389764,5.22317100364086,152,28
141,0.640596347975661,0.746270671492445,1.16247627772222,6.21443770247392,5.8123813886111,153,28
141,0.6749568807179,0.7841558965009,1.28628940106724,6.40798390192208,6.43144700533621,154,28
141,0.707255557568753,0.822910957549097,1.41649741910741,6.59798678363097,7.08248709553703,155,28
141,0.740766974956826,0.86237701200898,1.55293085265622,6.78442990326049,7.76465426328109,156,28
141,0.774394684275023,0.902421999857884,1.69577236842375,6.96776981257729,8.47886184211873,157,28
141,0.811159434575135,0.942824258556077,1.84507440204975,7.14823370814388,9.22537201024873,158,28
141,0.844214703657495,0.983388445846996,2.00119153992126,7.32635685713935,10.0059576996063,159,28
141,0.881758807839474,1.02372795346705,2.1637396616669,7.50180463421095,10.8186983083345,160,28
141,0.91442297053637,1.06361979327328,2.33315372281705,7.67514274429875,11.6657686140852,161,28
141,0.949191407470244,1.10263900854884,2.5088934692406,7.84591671666369,12.544467346203,162,28
141,0.983574013685374,1.14050252505732,2.69108514994897,8.01437238093946,13.4554257497448,163,28
141,1.02017224717389,1.17688408760073,2.87957332066177,8.18048063967948,14.3978666033088,164,28
141,1.05194723006073,1.21150352917299,3.07438517161191,8.34437885267815,15.3719258580595,165,28
141,1.07897828596285,1.24399843103815,3.27489689790176,8.50567863210106,16.3744844895088,166,28
141,1.11024589241309,1.2740447680012,3.48049835500006,8.66407579402365,17.4024917750003,167,28
141,1.13046339681323,1.30098564784675,3.69122457225953,8.81979141250946,18.4561228612976,168,28
141,1.15171386005932,1.32425628615352,3.90592366757647,8.97219498472787,19.5296183378823,169,28
141,1.17537980952465,1.34397475038723,4.12424316258123,9.12129357174489,20.6212158129062,170,28
141,1.18550529513455,1.36024253154103,4.34585934441579,9.26711895573576,21.729296722079,171,28
141,1.19763050097266,1.37310867770075,4.5695521050891,9.40914546079619,22.8477605254455,172,28
141,1.20624739520121,1.38274790872927,4.7949872121598,9.54745683623647,23.974936060799,173,28
141,1.21472895737302,1.38931580081674,5.02154639577195,9.6819641268677,25.1077319788597,174,28
141,1.22047456617004,1.39298397996085,5.24877085601789,9.81268261551221,26.2438542800894,175,28
141,1.21803269784677,1.39390866290752,5.47608722392187,9.9395648462502,27.3804361196093,176,28
141,1.21589693200771,1.39223232232037,5.70282454243577,10.0625177667572,28.5141227121788,177,28
141,1.21212071032341,1.38811089538531,5.92857956873987,10.1815980038698,29.6428978436993,178,28
141,1.20293749359406,1.38169078158034,6.15290662289853,10.2968343268223,30.7645331144926,179,28
141,1.19907977911482,1.37311422861564,6.37531278301281,10.4082282519935,31.8765639150641,180,28
141,1.1894310817352,1.36253920060449,6.59549097204498,10.5158693431395,32.9774548602249,181,28
141,1.17678421355647,1.35012513244522,6.81298581092828,10.6197669378336,34.0649290546414,182,28
141,1.16394558398578,1.33605439056301,7.02743263835332,10.7199690955758,35.1371631917666,183,28
141,1.14794198934959,1.32053468366932,7.23849362364794,10.8165292425366,36.1924681182397,184,28
141,1.13284419327056,1.30380594988045,7.44588195372594,10.9095161488835,37.2294097686297,185,28
141,1.11535371404502,1.28614283386724,7.64931801266669,10.9989932352737,38.2465900633334,186,28
141,1.09955136734767,1.26786035523274,7.84860672356325,11.0850520938214,39.2430336178162,187,28
141,1.08663601134743,1.2493093969567,8.04354266132635,11.1677701297138,40.2177133066317,188,28
141,1.07277099971559,1.23087222310494,8.23389490001636,11.2472055620308,41.1694745000818,189,28
141,1.05571864560368,1.21296414896608,8.41959037104478,11.3234737119265,42.0979518552239,190,28
141,1.04302683755594,1.19600951121336,8.60083231120426,11.3967903774844,43.0041615560213,191,28
141,1.0299717163411,1.18041126495971,8.77749476143854,11.4672253647601,43.8874738071927,192,28
141,1.02153959704753,1.16655292398054,8.94982791307774,11.5349885487181,44.7491395653887,193,28
141,1.01926017161435,1.15475984234425,9.11775184488476,11.6001487041375,45.5887592244238,194,28
141,1.00997633608334,1.14529283282586,9.28086313196498,11.662645413945,46.4043156598249,195,28
141,0.94459007359552,1.07431784270072,9.44063032801318,11.7231229936313,47.2031516400659,196,28
141,0.941824587915063,1.07015047099786,9.58683149077271,11.7778434249192,47.9341574538636,197,28
141,0.941848650250653,1.06882906882554,9.73035297052946,11.8309980513407,48.6517648526473,198,28
141,0.94276519913148,1.06864146292017,9.87157180737742,11.8827691459873,49.3578590368871,199,28
141,0.941520285798281,1.06761383188791,10.0106266481264,11.9332449537374,50.053133240632,200,28
141,0.943055830058434,1.06583928724829,10.1475651542934,11.9824771986477,50.7378257714671,201,28
141,0.945191687599732,1.06334475052182,10.2815001802962,12.0301837110248,51.4075009014811,202,28
141,0.934558120077797,1.06015834771713,10.4118768205973,12.0762085113348,52.0593841029867,203,28
141,0.928683143058543,1.05634571957948,10.5412713058118,12.1214911410378,52.7063565290589,204,28
141,0.925194214012986,1.05191818191248,10.6682858586751,12.1655656564766,53.3414292933756,205,28
141,0.924527298366025,1.04689539350314,10.7921942399286,12.2082112855598,53.9609711996428,206,28
141,0.92039183106125,1.04129544321548,10.9121291752089,12.2491655757433,54.5606458760442,207,28
141,0.913748228792504,1.03515403724129,11.028586889182,12.2886333677947,55.1429344459101,208,28
141,0.905897604836687,1.02850655851485,11.1419428706,12.326771977695,55.7097143530001,209,28
141,0.899385200335521,1.02138704965004,11.2522795679031,12.3636358971481,56.2613978395157,210,28
141,0.894540994268139,1.01384103360993,11.3591032464568,12.3990868404699,56.7955162322842,211,28
141,0.829860114651415,0.945655263265192,11.46184687492,12.432965210892,57.3092343745998,212,28
141,0.317588217260025,0.366372132504606,0.18,3.53112813245625,0.9,141,29
141,0.379291311060996,0.436959322904803,0.242155427284483,3.86322814400065,1.21077713642242,142,29
141,0.438505310169697,0.505313303126682,0.316320835690404,4.18901630624488,1.58160417845202,143,29
141,0.492878672544664,0.569666517713737,0.402001210663352,4.50461182569994,2.01000605331676,144,29
141,0.54445836077619,0.629218385570961,0.498289435589863,4.80746639422323,2.49144717794931,145,29
141,0.59186175657602,0.683916213354671,0.604530515520781,5.09743357036439,3.02265257760391,146,29
141,0.635565958096364,0.73411022890491,0.719873914349604,5.37443543686572,3.59936957174802,147,29
141,0.676939332916045,0.780111397430261,0.843555329768925,5.63895526443383,4.21777664884462,148,29
141,0.713646107991545,0.822330091487555,0.975002415675302,5.89192034435514,4.87501207837651,149,29
141,0.746802130411465,0.861098489105659,1.11337237718535,6.13369169441502,5.56686188592673,150,29
141,0.823744178917541,0.949367798106524,1.25799581865504,6.36493968832157,6.28997909327518,151,29
141,0.856009567141796,0.985564909654149,1.41751829996202,6.59942739795367,7.08759149981012,152,29
141,0.884531265194476,1.01890505942498,1.58296710789745,6.82392905253354,7.91483553948726,153,29
141,0.914009623927547,1.04968303589989,1.75369905386585,7.03905329550126,8.76849526932924,154,29
141,0.937763998902411,1.07821020529548,1.92960324122481,7.24592669265251,9.64801620612406,155,29
141,0.958684738296646,1.10468745264068,2.1098895041165,7.44473072587897,10.5494475205825,156,29
141,0.979036712219267,1.12932947427081,2.29410503643175,7.63598791562245,11.4705251821588,157,29
141,1.00090619299587,1.1523473185456,2.4820408056491,7.82037432402095,12.4102040282455,158,29
141,1.01632712568267,1.17394241929467,2.67369027979096,7.99863870898059,13.3684513989548,159,29
141,1.03657327226339,1.19423684157736,2.86833226833805,8.17079037982806,14.3416613416903,160,29
141,1.05333092130781,1.21341279560771,3.0662715080538,8.33769943467286,15.331357540269,161,29
141,1.06936889674163,1.23157497291672,3.26708725683356,8.49952700896174,16.3354362841678,162,29
141,1.08889034245428,1.24882634981957,3.47061301727562,8.65661150046165,17.3530650863781,163,29
141,1.10802173447789,1.26526588412284,3.67697599926201,8.80946069769884,18.3848799963101,164,29
141,1.12413082990326,1.28094570477663,3.88597987470345,8.95828767620793,19.4298993735172,165,29
141,1.13767465830827,1.29588535688688,4.09730938986099,9.10320158205846,20.4865469493049,166,29
141,1.14866283494976,1.31008264755086,4.31072653487944,9.24435250096788,21.5536326743972,167,29
141,1.16220750314939,1.32344506321587,4.52601983812166,9.38189203500645,22.6300991906083,168,29
141,1.17353054252985,1.33584722775924,4.74314990739781,9.51606101555368,23.715749536989,169,29
141,1.18574927364575,1.34732023965617,4.96187979997288,9.64695751893488,24.8093989998644,170,29
141,1.19278317219199,1.35793996629394,5.18205696546401,9.77471915778138,25.91028482732,171,29
141,1.20517694005236,1.36776785856495,5.4034268568615,9.89941357333268,27.0171342843075,172,29
141,1.21197366334418,1.37686602417013,5.62590301896487,10.0211937204357,28.1295150948244,173,29
141,1.22302021281965,1.38528339508663,5.84927432136095,10.1401323548472,29.2463716068048,174,29
141,1.228135814891,1.39306514933645,6.07337433715607,10.256319015685,30.3668716857804,175,29
141,1.23046851270464,1.40025275458942,6.29807153578265,10.3698528397789,31.4903576789132,176,29
141,1.23706602822555,1.40688311190805,6.52323819454017,10.4808261414413,32.6161909727009,177,29
141,1.24255339508678,1.41298660762586,6.74869016479411,10.5892964990895,33.7434508239705,178,29
141,1.24374304094215,1.418591651117,6.97427224895773,10.6953303076478,34.8713612447886,179,29
141,1.24962169782382,1.42372633167543,7.19988332893072,10.7990131239,35.9994166446536,180,29
141,1.25365997586795,1.42841124180689,7.4252895051458,10.9003644355224,37.126447525729,181,29
141,1.25900692228148,1.43266950606168,7.65033809900512,10.9994376956278,38.2516904950256,182,29
141,1.2599419162243,1.43652116431989,7.87480224885153,11.0962504395431,39.3740112442576,183,29
141,1.26045410824785,1.43999386172035,8.09861603085579,11.1908861638091,40.4930801542789,184,29
141,1.2624752656501,1.44311276324838,8.3215969683222,11.2833740089539,41.607984841611,185,29
141,1.26554634199932,1.44590423522291,8.54350336604775,11.373716874944,42.7175168302388,186,29
141,1.26659141095567,1.44839927637981,8.76409339556213,11.4619170813357,43.8204669778107,187,29
141,1.27064547391152,1.45063924205903,8.9832253044947,11.5480153308537,44.9161265224735,188,29
141,1.27561820785738,1.45266487358475,9.20056516587792,11.6319754545038,46.0028258293896,189,29
141,1.27824210848843,1.45453224751238,9.41581968895451,11.7137783123093,47.0790984447726,190,29
141,1.27886429844862,1.45630543618033,9.628888567646,11.7934768097712,48.14444283823,191,29
141,1.28041898574038,1.45805732621371,9.83970333989459,11.8711314288506,49.198516699473,192,29
141,1.28309982753477,1.4598632102564,10.0480234425178,11.9467362342271,50.240117212589,193,29
141,1.28946430348493,1.46180218330691,10.2536012750986,12.0202822312281,51.2680063754931,194,29
141,1.29301507348634,1.46394466863328,10.4559585530196,12.0916790911746,52.2797927650979,195,29
141,1.22293314138037,1.38726126370069,10.6551906765793,12.1610385456319,53.2759533828964,196,29
141,1.22835096332562,1.38951282345789,10.8380739248289,12.2239151465244,54.1903696241443,197,29
141,1.23040313445534,1.39216299369625,11.0175506531597,12.2849056565191,55.0877532657984,198,29
141,1.23432366736709,1.39532977435421,11.1940171001911,12.3442017332413,55.9700855009555,199,29
141,1.2381063797062,1.39870035701758,11.3672617971901,12.4017848039205,56.8363089859505,200,29
141,1.24210170572888,1.40240510035959,11.5372527386717,12.457694872411,57.6862636933586,201,29
141,1.24637150780456,1.40644273030445,11.703961953288,12.5119706848711,58.5198097664398,202,29
141,1.24979099654124,1.41080833526855,11.8673635430111,12.5646492149064,59.3368177150557,203,29
141,1.25360136354791,1.4154999110312,12.02761691284,12.6158240383261,60.1380845642,204,29
141,1.25939350798525,1.42050627412204,12.1847001884677,12.6655273670364,60.9235009423384,205,29
141,1.2674942042292,1.42580539797858,12.3383448694702,12.713712489294,61.691724347351,206,29
141,1.27255274533201,1.43137025372039,12.488198264111,12.7603074196855,62.440991320555,207,29
141,1.27663870311692,1.43720304124945,12.6348438641809,12.8055291690582,63.1742193209044,208,29
141,1.28069371372653,1.4432925063839,12.7785249825528,12.8494833258578,63.8926249127642,209,29
141,1.28544950100305,1.44961965711259,12.9193125631552,12.8922194413197,64.5965628157758,210,29
141,1.29301799450183,1.45617374665564,13.0571505977828,12.9337469039013,65.2857529889139,211,29
141,1.21909188259191,1.37973254474497,13.1916225378824,12.9739668293887,65.958112689412,212,29
141,0.279560453559261,0.320869572096444,0.18,3.53112813245625,0.9,141,30
141,0.337126167568955,0.386545030141788,0.234457626037907,3.82559409547622,1.17228813018953,142,30
141,0.396041667713558,0.453924203794352,0.300121832666058,4.12281460239172,1.50060916333029,143,30
141,0.452391288717463,0.519782640813736,0.377239322396591,4.41865997771363,1.88619661198296,144,30
141,0.506891871655781,0.581442622923541,0.465352897455001,4.70886762854282,2.32676448727501,145,30
141,0.556058787857511,0.637295139161104,0.563945222032728,4.99120863865083,2.81972611016364,146,30
141,0.599575087331304,0.686689084828003,0.671945713571527,5.2633894057163,3.35972856785764,147,30
141,0.637376952885617,0.729548261532647,0.788207984930213,5.52417610259068,3.94103992465106,148,30
141,0.66983614219783,0.766285768377657,0.911576764898693,5.77304058702968,4.55788382449346,149,30
141,0.697423071571482,0.797536574174393,1.04097364530162,6.00998299754231,5.20486822650812,150,30
141,0.767161223137973,0.873945183382241,1.17542485780341,6.23533294658334,5.87712428901707,151,30
141,0.78937904737311,0.898371905738207,1.32305988597175,6.46294929594201,6.61529942985877,152,30
141,0.808213632473115,0.918811879675605,1.47456007698277,6.6787981034795,7.37280038491386,153,30
141,0.824579786804358,0.935916492593845,1.62922853086111,6.88375566839175,8.14614265430557,154,30
141,0.835294317798313,0.950227153035415,1.78650779711274,7.07870153832297,8.93253898556368,155,30
141,0.842694210113166,0.962185717548596,1.9456583980891,7.26414346171589,9.7282919904455,156,30
141,0.851076928005059,0.972160179658234,2.10619464728926,7.44077762246629,10.5309732364463,157,30
141,0.858483146336104,0.980452853574809,2.26799286287363,7.60954487472456,11.3399643143681,158,30
141,0.862787144335538,0.987308854109281,2.43080013229271,7.77109445814846,12.1540006614635,159,30
141,0.868234770182901,0.992928706625967,2.59425590241914,7.92586925032221,12.9712795120957,160,30
141,0.872281916438823,0.997477077821874,2.75829232458109,8.07450366948689,13.7914616229054,161,30
141,0.878176643076454,1.00108782119882,2.92269685585133,8.21741221012322,14.6134842792566,162,30
141,0.883734871533682,1.00386917392684,3.08741875862778,8.3550828305072,15.4370937931389,163,30
141,0.888969174215753,1.00590685924842,3.25227548621577,8.48783162657347,16.2613774310789,164,30
141,0.892137958278321,1.00726636815978,3.41707857140033,8.61592879405505,17.0853928570017,165,30
141,0.895342292567632,1.00799414412381,3.5816426488912,8.73961272474179,17.908213244456,166,30
141,0.894020712812567,1.00811795717101,3.74581021538336,8.85911264303231,18.7290510769168,167,30
141,0.891048071718657,1.00759857485981,3.9095328722277,8.9747064820681,19.5476643611385,168,30
141,0.88982668215529,1.00640082110042,4.07273635281741,9.08662289609656,20.3636817640871,169,30
141,0.887421325683812,1.00456772928699,4.235262426188,9.19501009344474,21.17631213094,170,30
141,0.884789317031126,1.00213733204558,4.39702161856784,9.30004438118633,21.9851080928392,171,30
141,0.883425039155668,0.999134361805359,4.55790633738981,9.40187240651781,22.7895316869491,172,30
141,0.881214537175928,0.995572690526396,4.71774179836772,9.50058492714088,23.5887089918386,173,30
141,0.87837483918041,0.991458516075289,4.87642398676619,9.59630557937131,24.382119933831,174,30
141,0.8732913252789,0.986791889869585,5.0338452107323,9.68914380535178,25.1692260536615,175,30
141,0.86816509660142,0.981569649131965,5.19002291423744,9.77927001452439,25.9501145711872,176,30
141,0.861590424863392,0.975784616445046,5.34482984961448,9.86675855394289,26.7241492480724,177,30
141,0.855490582409106,0.969429433913007,5.49824415952793,9.95173458839948,27.4912207976396,178,30
141,0.847043648080117,0.962495475274913,5.6500899174652,10.0342297065018,28.250449587326,179,30
141,0.841556946095731,0.954978992354339,5.80042082373088,10.1143933618469,29.0021041186544,180,30
141,0.836771897015477,0.946874721445968,5.94883374838191,10.1921260953783,29.7441687419095,181,30
141,0.830176760983278,0.938184947703739,6.09505550767963,10.2674003160547,30.4752775383981,182,30
141,0.820827859668519,0.928924740763328,6.23907457559119,10.3403201063676,31.1953728779559,183,30
141,0.811210209860036,0.919124890289331,6.38106109370287,10.4110711756144,31.9053054685143,184,30
141,0.802228067146007,0.908828303742628,6.52089186770068,10.4796836280658,32.6044593385034,185,30
141,0.792500736266967,0.898095911998528,6.65832567311502,10.5461278267839,33.2916283655751,186,30
141,0.783183439955695,0.887016307311345,6.79332467488868,10.6104706530335,33.9666233744434,187,30
141,0.774135046232077,0.875704022057485,6.92570096391139,10.6727037824415,34.628504819557,188,30
141,0.764224275317521,0.864306499063609,7.05530364184195,10.7328348778775,35.2765182092097,189,30
141,0.754108239653993,0.853015477312678,7.18223136607741,10.7909832433588,35.911156830387,190,30
141,0.74461127525334,0.842053486690438,7.30654501811295,10.847243865329,36.5327250905648,191,30
141,0.736175780743689,0.831677412845294,7.42822055224283,10.9016681327788,37.1411027612141,192,30
141,0.727851262439817,0.822178086302007,7.54721887240123,10.9542971924773,37.7360943620062,193,30
141,0.721846501003286,0.8138788039927,7.66382156033473,11.0053086776791,38.3191078016737,194,30
141,0.713647712064789,0.807108115330281,7.77790293535756,11.0546962625283,38.8895146767878,195,30
141,0.669579257223379,0.758113433737353,7.89061887125208,11.1029993343776,39.4530943562604,196,30
141,0.670972507735982,0.755501578684227,7.99445223117303,11.1470721536513,39.9722611558652,197,30
141,0.671450128806583,0.755198526593531,8.0960254924992,11.1898012926251,40.480127462496,198,30
141,0.671701185700107,0.756279252569816,8.19656611550216,11.2317296385528,40.9828305775108,199,30
141,0.67120862166223,0.757464736817903,8.2967667705739,11.2731610717936,41.4838338528695,200,30
141,0.674279287100235,0.758811213479858,8.39688283909436,11.3142106767187,41.9844141954718,201,30
141,0.677353255709804,0.760287818042503,8.49582137827758,11.3544436961365,42.4791068913879,202,30
141,0.677241395345258,0.761891327117592,8.59357414951809,11.3938750822718,42.9678707475904,203,30
141,0.681118243175113,0.763646790527904,8.69128438367095,11.4329781231547,43.4564219183547,204,30
141,0.684253273085144,0.765523578206099,8.78758496245855,11.4712183687705,43.9379248122927,205,30
141,0.685909610781665,0.767529734119489,8.8827395994829,11.5087177516004,44.4136979974145,206,30
141,0.687817369598274,0.769681842767043,8.97735551827786,11.5457282457751,44.8867775913893,207,30
141,0.69002616567291,0.771982230429168,9.07138392643011,11.5822405574248,45.3569196321505,208,30
141,0.692490551625372,0.774433156597474,9.16475661785387,11.6182381452124,45.8237830892693,209,30
141,0.695022698066912,0.777037147177892,9.25742326086869,11.6537116885228,46.2871163043435,210,30
141,0.697816763672338,0.77980710370215,9.34941042692818,11.6886811876002,46.7470521346409,211,30
141,0.656271871638251,0.737375566426679,9.44067219725277,11.7231387487904,47.2033609862639,212,30
141,0.420155461567397,0.480062525864837,0.18,3.53112813245625,0.9,141,31
141,0.483236535847562,0.552480845275652,0.262488092908066,3.95877741287691,1.31244046454033,142,31
141,0.53275841235824,0.60949704448628,0.357161734207572,4.34603277811815,1.78580867103786,143,31
141,0.572510590849688,0.65546884250504,0.461302927311749,4.69641119807534,2.30651463655874,144,31
141,0.606640224671648,0.693643796656337,0.572964856742829,5.01526546001759,2.86482428371414,145,31
141,0.634899503404682,0.726074844201021,0.690944278621833,5.30804806211705,3.45472139310917,146,31
141,0.658491647521062,0.754081814724764,0.81412604869771,5.57860149876339,4.07063024348855,147,31
141,0.679102183276981,0.77840308644932,0.941648319133537,5.83009955647324,4.70824159566768,148,31
141,0.697314555356737,0.799568505353325,1.07290784425012,6.06526547965863,5.36453922125061,149,31
141,0.713119763008028,0.817960277151288,1.20740339858578,6.28625843103041,6.03701699292891,150,31
141,0.772867776595534,0.883516504568093,1.34465985079074,6.49474256382154,6.7232992539537,151,31
141,0.789114887240582,0.898919716334653,1.49314276338132,6.70419218229204,7.4657138169066,152,31
141,0.802345513737294,0.912047452752115,1.64410502656336,6.90274252726306,8.2205251328168,153,31
141,0.815473041204815,0.923121497868695,1.7970274607108,7.09130667227506,8.985137303554,154,31
141,0.822107205650811,0.932364521932335,1.95163833374212,7.27090173569032,9.75819166871062,155,31
141,0.82667793752925,0.939961804590862,2.10728543983039,7.44194515683815,10.5364271991519,156,31
141,0.829799106031796,0.946119540774352,2.26366497421602,7.60514167730322,11.3183248710801,157,31
141,0.834517770001904,0.951040702027975,2.42053675046759,7.7611369755972,12.102683752338,158,31
141,0.837944365039782,0.954930824274851,2.57784866934925,7.91064573146548,12.8892433467463,159,31
141,0.841986531277765,0.957982092684099,2.73540317512917,8.05414022381112,13.6770158756459,160,31
141,0.843635501859441,0.960386775883878,2.89310644729839,8.19211185015468,14.465532236492,161,31
141,0.849527775399361,0.962330190649047,3.05077946683141,8.32491161496775,15.2538973341571,162,31
141,0.850549190576073,0.964001732081793,3.20843210169559,8.4529938307276,16.042160508478,163,31
141,0.853223620009323,0.965585168023345,3.36592143511445,8.57663548509866,16.8296071755722,164,31
141,0.854542898206998,0.967271344668084,3.52323736758512,8.69617850973066,17.6161868379256,165,31
141,0.85757252932105,0.969258915470414,3.68039871290684,8.81194482773097,18.4019935645342,166,31
141,0.860705791488283,0.971759248197607,3.83743605106637,8.92422769383292,19.1871802553319,167,31
141,0.863696609806003,0.974623339703518,3.99443149401682,9.03332341610424,19.9721574700841,168,31
141,0.865576564425115,0.97741882152282,4.1514542509648,9.1394884084722,20.757271254824,169,31
141,0.867506832962639,0.9800047531069,4.30853195264038,9.24292610202066,21.5426597632019,170,31
141,0.867381752379813,0.982427841690637,4.46562079292502,9.34377488522637,22.3281039646251,171,31
141,0.870690982975094,0.984731538803127,4.62278413923389,9.44222661048428,23.1139206961694,172,31
141,0.873991043355302,0.986949076756031,4.77983419170808,9.538303816685,23.8991709585404,173,31
141,0.876354875347984,0.989112806132857,4.9367261360963,9.6321118355984,24.6836306804815,174,31
141,0.875942320245247,0.991253149168191,5.09348869500968,9.72378953088033,25.4674434750484,175,31
141,0.879546889699612,0.993400925134415,5.25031015274785,9.81355457070043,26.2515507637392,176,31
141,0.880892488257532,0.995573716475893,5.40689229992243,9.90133705468148,27.0344614996122,177,31
141,0.88201767363406,0.997796737711701,5.56340209129933,9.98732580516265,27.8170104564966,178,31
141,0.883673162601125,1.00008987025836,5.71986333397008,10.0716187820022,28.5993166698504,179,31
141,0.885466021937589,1.00246947459771,5.87623782527027,10.1542742502226,29.3811891263514,180,31
141,0.889780605413067,1.00495053138035,6.03252149428227,10.235363877213,30.1626074714113,181,31
141,0.893309352299435,1.00754023769135,6.18846780903177,10.3148318591146,30.9423390451589,182,31
141,0.89622569753933,1.01025048008649,6.34414018684619,10.3927801268743,31.7207009342309,183,31
141,0.898095492331744,1.01309098400008,6.49960909327028,10.4693071477851,32.4980454663514,184,31
141,0.900661354473428,1.01607070455717,6.65501636227884,10.5445391818037,33.2750818113942,185,31
141,0.904829900309208,1.019190526676,6.81028691807729,10.6184919408203,34.0514345903865,186,31
141,0.906396383523506,1.02244447745336,6.96520852958595,10.6911164039829,34.8260426479297,187,31
141,0.908444512571821,1.02583757838175,7.12014968194672,10.7626325412042,35.6007484097336,188,31
141,0.910710310898783,1.02936013263367,7.27504881208608,10.8330531219511,36.3752440604304,189,31
141,0.913410093109162,1.03300541409097,7.42987553459582,10.9024040922156,37.1493776729791,190,31
141,0.916513146897638,1.03675101377234,7.58456331447987,10.9706941089706,37.9228165723994,191,31
141,0.921053182173452,1.04056824787041,7.73903834183093,11.0379282260897,38.6951917091546,192,31
141,0.924661154865408,1.04442131204292,7.89305553115021,11.1040382098494,39.4652776557511,193,31
141,0.928765101447485,1.04827760448729,8.04670626339913,11.1691009747583,40.2335313169957,194,31
141,0.932090047137285,1.05209172790164,8.1998494344784,11.2330928185859,40.999247172392,195,31
141,0.883285869845455,0.997819855557768,8.35253554745825,11.2960697152563,41.7626777372913,196,31
141,0.888430411297633,1.00101012929348,8.49488765375273,11.3540655305993,42.4744382687636,197,31
141,0.893161893304458,1.00399778486208,8.63616924171521,11.4109592780256,43.1808462085761,198,31
141,0.894958082124073,1.00668714149749,8.77628944287935,11.4667481691317,43.8814472143967,199,31
141,0.896218277162279,1.00882140746965,8.91570163731937,11.5216424174992,44.5785081865968,200,31
141,0.900500625276191,1.01049679135761,9.05425569341329,11.5756091817662,45.2712784670664,201,31
141,0.901560307035978,1.01171269777309,9.19102161534646,11.628317889447,45.9551080767323,202,31
141,0.901983456957361,1.01250427998272,9.32650306791185,11.6799953132375,46.6325153395593,203,31
141,0.902485110341003,1.01289153345402,9.46062799042867,11.7306424648308,47.3031399521434,204,31
141,0.904577733882231,1.01289017229149,9.59315562967226,11.7801972724643,47.9657781483613,205,31
141,0.9053272964003,1.01250655243241,9.72344436653891,11.8284519444451,48.6172218326946,206,31
141,0.905272107365935,1.01176593122585,9.85161535696367,11.8754845258319,49.2580767848183,207,31
141,0.905954107565796,1.01069266255536,9.97768059257555,11.9213301878505,49.8884029628778,208,31
141,0.905560104661024,1.00930100388286,10.1012076531791,11.9658628440578,50.5060382658955,209,31
141,0.905296594124996,1.00762060263099,10.2223215983742,12.0091585431638,51.1116079918712,210,31
141,0.903559343293237,1.00569332226299,10.3407882361184,12.0511633628541,51.703941180592,211,31
141,0.843134374318366,0.945381865525156,10.4569438054089,12.0920243478274,52.2847190270444,212,31
141,0.491481510108231,0.566281135910708,0.18,3.53112813245625,0.9,141,32
141,0.535659644501595,0.617268518203463,0.276911848138477,4.02347273490218,1.38455924069238,142,32
141,0.564586796229782,0.650104353422006,0.382195928289301,4.436173184695,1.9109796414465,143,32
141,0.58632846927727,0.674780976403724,0.492791615078066,4.79133067601372,2.46395807539033,144,32
141,0.604870506736022,0.695423589712315,0.607278361995478,5.10444368572539,3.03639180997739,145,32
141,0.620338054802286,0.713733469410085,0.725005703347015,5.38601668494486,3.62502851673508,146,32
141,0.63460784310791,0.730511894002128,0.845442518959286,5.64277513181401,4.22721259479643,147,32
141,0.648700299457646,0.746080410520917,0.968354814151485,5.87971818044727,4.84177407075743,148,32
141,0.661430260914579,0.760621920113588,1.09364270544067,6.10054897461535,5.46821352720333,149,32
141,0.674646966315133,0.774227922940456,1.2210784444915,6.30774900955121,6.10539222245751,150,32
141,0.727695319870344,0.833458241471097,1.35063209022052,6.50347030278019,6.75316045110261,151,32
141,0.742391236882502,0.846954054374135,1.49020914007018,6.70019795191032,7.45104570035088,152,32
141,0.754150251044915,0.85962346726449,1.63196713179961,6.88725999052421,8.15983565899807,153,32
141,0.765253177451959,0.871516043864542,1.77555519514773,7.06552254794248,8.87777597573863,154,32
141,0.774286125520195,0.882705325874652,1.92083534481013,7.23593368299032,9.60417672405064,155,32
141,0.781985914874233,0.893260228730649,2.06759051005649,7.39918332187168,10.3379525502825,156,32
141,0.790703188828064,0.903261067473048,2.21567420576753,7.55591795375709,11.0783710288377,157,32
141,0.799432831518484,0.912802806909793,2.36509174353585,7.70682940337687,11.8254587176793,158,32
141,0.808143782310138,0.921975446065089,2.51578758148294,7.85244366917553,12.5789379074147,159,32
141,0.816575042852655,0.930869731998948,2.66770922708477,7.9932123623944,13.3385461354238,160,32
141,0.825078453582612,0.939576449721648,2.82080119548327,8.1295215032849,14.1040059774164,161,32
141,0.83656403919946,0.948188214775187,2.97503241853714,8.26172641743881,14.8751620926857,162,32
141,0.844322878997309,0.95680112271851,3.13043151970142,8.3901856117061,15.6521575985071,163,32
141,0.853100846775969,0.965502528267828,3.28690795734623,8.51511977202827,16.4345397867312,164,32
141,0.859568767056125,0.974385826796887,3.44447714358537,8.63680499240348,17.2223857179268,165,32
141,0.867266998032699,0.983543398911576,3.60316952975984,8.75549708033637,18.0158476487992,166,32
141,0.87588069572038,0.993065989247481,3.76303658135309,8.87143884904991,18.8151829067654,167,32
141,0.887033282581419,1.00290610397638,3.92413846103548,8.98485344166335,19.6206923051774,168,32
141,0.89556626993574,1.01277570881633,4.08648459698117,9.09590698490075,20.4324229849058,169,32
141,0.904439763202678,1.02249220328547,4.25011523544896,9.20476979456603,21.2505761772448,170,32
141,0.911886734070131,1.03206329768917,4.41498546045318,9.31154164182877,22.0749273022659,171,32
141,0.919665249432404,1.04149908601436,4.58110476567299,9.4163476142932,22.9055238283649,172,32
141,0.928979000930374,1.05080637446832,4.74843152590894,9.51927079360739,23.7421576295447,173,32
141,0.938189840960578,1.05998891994181,4.91687338580249,9.62035748050338,24.5843669290124,174,32
141,0.94668050763102,1.06905215661468,5.08638456070592,9.71967776261456,25.4319228035296,175,32
141,0.955765499000425,1.0780021940756,5.25695313193695,9.81731553264696,26.2847656596848,176,32
141,0.964527198405269,1.08684085166133,5.42849692060868,9.91330928429463,27.1424846030434,177,32
141,0.971823464911444,1.0955710309185,5.60098125654985,10.0077207416734,28.0049062827492,178,32
141,0.979942720005006,1.10419807896211,5.77446018789126,10.1006541987548,28.8723009394563,179,32
141,0.988121508081453,1.11271876060473,5.94882531423016,10.1921217165225,29.7441265711508,180,32
141,0.996024329777781,1.12113044225212,6.12401473902867,10.2821586785588,30.6200736951434,181,32
141,1.00417921686128,1.12942976649764,6.29999014934526,10.3708100172648,31.4999507467263,182,32
141,1.01432663281976,1.13760948521597,6.47666084455675,10.4580920927867,32.3833042227837,183,32
141,1.02220075911387,1.1456528017189,6.65373342871305,10.5439231574477,33.2686671435653,184,32
141,1.02743877694912,1.15355810647899,6.83135422178796,10.6284351101628,34.1567711089398,185,32
141,1.03450978498964,1.16132397738401,7.00974966447278,10.7117878503707,35.0487483223639,186,32
141,1.04049286012024,1.16892693946266,7.18861635159654,10.7938893604266,35.9430817579827,187,32
141,1.04623329268388,1.17635379894711,7.36798389826979,10.8748031688133,36.8399194913489,188,32
141,1.05189441243906,1.18358516643664,7.54777292289104,10.9545408735891,37.7388646144552,189,32
141,1.05677310237871,1.1906045187345,7.72787297788064,11.0331001068702,38.6393648894032,190,32
141,1.06259304492128,1.19738766916637,7.90824813483565,11.1105105743571,39.5412406741783,191,32
141,1.06890113596707,1.20389825964369,8.08864088173486,11.1867074211246,40.4432044086743,192,32
141,1.07466466924616,1.2101001092982,8.26882697107272,11.2616436171327,41.3441348553636,193,32
141,1.0800920979343,1.21597607773919,8.44869319920366,11.3353201432615,42.2434659960183,194,32
141,1.08693445363168,1.22149570940573,8.62809099918159,11.4077237469269,43.140454995908,195,32
141,1.03158846324757,1.15926158399723,8.80660347674938,11.4787359025182,44.0330173837469,196,32
141,1.03686356209266,1.16337676887985,8.97273175651041,11.5439259237825,44.8636587825521,197,32
141,1.04336529597074,1.16707970458627,9.13763257957279,11.6078075717118,45.6881628978639,198,32
141,1.0452946556783,1.16989098044017,9.30080291339091,11.6702327665604,46.5040145669546,199,32
141,1.04642337311806,1.1711690420118,9.46271281305721,11.7314257567681,47.3135640652861,200,32
141,1.04663975776332,1.17105507652682,9.62287936699477,11.7912459979511,48.1143968349739,201,32
141,1.04490506863549,1.16960945181652,9.78089211521037,11.8495856055424,48.9044605760518,202,32
141,1.04318749655271,1.16691928408674,9.93658825389619,11.9064308712297,49.6829412694809,203,32
141,1.04024401733606,1.16305254347358,10.0894151826615,11.9616279909918,50.4470759133075,204,32
141,1.03653209080865,1.1580940173769,10.2391193638703,12.0151351140597,51.1955968193516,205,32
141,1.03330497768645,1.15213089788047,10.385380901648,12.0668877335938,51.9269045082398,206,32
141,1.02727725698368,1.14524782354222,10.5275910724311,12.1167220113113,52.6379553621554,207,32
141,1.02048761274124,1.13755115386315,10.6660386297566,12.16478904658,53.330193148783,208,32
141,1.01434882202021,1.12913894019253,10.8005470510925,12.2110737750862,54.0027352554626,209,32
141,1.01050269565983,1.12010398940227,10.9305786655095,12.2554376577,54.6528933275476,210,32
141,1.00241206013767,1.11055121720015,11.0550449774401,12.2975595448234,55.2752248872007,211,32
141,0.934127795632361,1.03581538748377,11.1750404026871,12.3378566039182,55.8752020134354,212,32
141,0.344013946503189,0.399247750789126,0.18,3.53112813245625,0.9,141,33
141,0.394507059640404,0.458134164312572,0.247541900582021,3.88906913490404,1.2377095029101,142,33
141,0.437743648383612,0.506792836442658,0.324893021579917,4.22309660024842,1.62446510789959,143,33
141,0.472383355316485,0.54651911199166,0.410504033740849,4.53327367866946,2.05252016870425,144,33
141,0.501051280731467,0.578992261866144,0.50268956776645,4.82029130958017,2.51344783883225,145,33
141,0.524111219357308,0.605830396179013,0.600229146515084,5.08641548904956,3.00114573257542,146,33
141,0.54373707155515,0.628401126580468,0.702049282581723,5.33375671450396,3.51024641290862,147,33
141,0.560552796494881,0.647689233405233,0.807446774336721,5.56469253719887,4.03723387168361,148,33
141,0.573410162240894,0.664436358396354,0.915859109498282,5.78124541275888,4.57929554749141,149,33
141,0.58706294961548,0.679178147423389,1.02665315931332,5.98480792953485,5.13326579656662,150,33
141,0.635186970614225,0.734647869349735,1.13977233197329,6.1774051314785,5.69886165986645,151,33
141,0.650423754730713,0.74755183737826,1.26214260579178,6.37129028680192,6.31071302895892,152,33
141,0.660049349473844,0.759244451729946,1.38679303520698,6.55574887723662,6.93396517603488,153,33
141,0.669050746083697,0.769903519086148,1.51306161866418,6.73116877180987,7.56530809332088,154,33
141,0.677278226573319,0.779670273278261,1.64080097634927,6.8985359467637,8.20400488174634,155,33
141,0.687291315921797,0.78864567329713,1.76986275932168,7.05865059565619,8.8493137966084,156,33
141,0.69447447223812,0.796910243953979,1.90028968838871,7.21239207311369,9.50144844194353,157,33
141,0.700784361251081,0.804516359491088,2.03179478251357,7.36012850117947,10.1589739125678,158,33
141,0.708799929219275,0.811509145620202,2.16424983166386,7.5023405863854,10.8212491583193,159,33
141,0.71724811415027,0.817929604929704,2.29766653902557,7.63957826279287,11.4883326951278,160,33
141,0.72290778144986,0.823810717905604,2.43194939921277,7.77220764575179,12.1597469960639,161,33
141,0.732084418011866,0.829179945144214,2.56689915207328,7.90044856601936,12.8344957603664,162,33
141,0.734745809422776,0.834067042795023,2.70247101497386,8.02463255887953,13.5123550748693,163,33
141,0.737674479920673,0.838497530558142,2.83849542011491,8.14494074697521,14.1924771005745,164,33
141,0.7408032874631,0.842498665961085,2.97490756874155,8.26162135212691,14.8745378437077,165,33
141,0.743961152276312,0.846096348119262,3.11164224715125,8.37489327252363,15.5582112357562,166,33
141,0.746545792019497,0.849314775964477,3.24863242389787,8.48494937625832,16.2431621194893,167,33
141,0.749162042369616,0.851932951293268,3.38581675670463,8.59196602649888,16.9290837835232,168,33
141,0.750904294888489,0.853836341880019,3.5230843091416,8.69606402792511,17.615421545708,169,33
141,0.753414739406307,0.855160157884217,3.66031340960366,8.79734428264894,18.3015670480183,170,33
141,0.755484977770301,0.855936151349199,3.79735986293367,8.89588187370478,18.9867993146684,171,33
141,0.754978818529453,0.856193252208116,3.93410295454591,8.99176099166078,19.6705147727295,172,33
141,0.755851289254613,0.855960068173337,4.07054556046707,9.08514145321406,20.3527278023354,173,33
141,0.757307953935489,0.855259575228968,4.20650298521654,9.17604439539633,21.0325149260827,174,33
141,0.756861637180314,0.854113468024555,4.34179799973032,9.26449373110727,21.7089899986516,175,33
141,0.754164057142115,0.852545701991529,4.47644270315923,9.35063077920707,22.3822135157961,176,33
141,0.752500604835816,0.850580806860043,4.61052855456678,9.43463397498452,23.0526427728339,177,33
141,0.752846923593468,0.848238319846742,4.7438653952096,9.51649598208259,23.719326976048,178,33
141,0.751253055511129,0.845536067617714,4.87612714178551,9.5961285572286,24.3806357089276,179,33
141,0.748433140105478,0.842499639917374,5.00739628983665,9.67368854224518,25.0369814491833,180,33
141,0.746085724236238,0.839155560331906,5.13772370259194,9.74930258447778,25.6886185129597,181,33
141,0.742818184914832,0.835529148106082,5.2669464693245,9.82296708513338,26.3347323466225,182,33
141,0.740423303823601,0.831651998775677,5.39510361475669,9.89479027364268,26.9755180737835,183,33
141,0.740640273104815,0.827555316687624,5.52196686055448,9.96472650028338,27.6098343027724,184,33
141,0.736482368250848,0.823269061286158,5.6469260023827,10.0325266685489,28.2346300119135,185,33
141,0.732860110857477,0.818850109535466,5.7707176100256,10.0986699636353,28.853588050128,186,33
141,0.726822888300537,0.81434767590339,5.89317438661644,10.1631340744705,29.4658719330822,187,33
141,0.724252879437032,0.809829004330782,6.01479132661685,10.2262385458875,30.0739566330843,188,33
141,0.721201649503085,0.805349675951931,6.13479242494108,10.2876388417087,30.6739621247054,189,33
141,0.716580492449716,0.800992653201101,6.25326636400587,10.3474419599642,31.2663318200294,190,33
141,0.712493945266715,0.796848876331705,6.37064084917646,10.4059163522612,31.8532042458823,191,33
141,0.709433394491164,0.7930107483546,6.48686389435044,10.4630818463516,32.4343194717522,192,33
141,0.706928274530726,0.789580314861379,6.6017841893161,10.5189089154691,33.0089209465805,193,33
141,0.704619871543143,0.786669690896353,6.71540312108423,10.5734418424769,33.5770156054212,194,33
141,0.702973733365084,0.784399080767491,6.8278699896958,10.6267921279424,34.139349948479,195,33
141,0.661914514000067,0.738899545834935,6.93925448092063,10.6790286703247,34.6962724046031,196,33
141,0.66170817897177,0.738230289237561,7.04234577452947,10.7268576957453,35.2117288726473,197,33
141,0.662125278161765,0.738504508817975,7.14464060484296,10.7738372538646,35.7232030242148,198,33
141,0.662731304985575,0.739162120995503,7.24636582454786,10.8200925839618,36.2318291227393,199,33
141,0.663056808367753,0.73946876776609,7.3476275673055,10.8656898431357,36.7381378365275,200,33
141,0.663253998234672,0.739472903060643,7.44833393212735,10.9106046834152,37.2416696606367,201,33
141,0.662812481377366,0.739183125091749,7.54836079091602,10.9547994146139,37.7418039545801,202,33
141,0.66273619532051,0.738609508645358,7.64777676572629,10.9983216224151,38.2388838286315,203,33
141,0.661618455860031,0.737755524759733,7.74627958882686,11.0410568865275,38.7313979441343,204,33
141,0.660301390637731,0.736631910236127,7.84410336125221,11.0831243248874,39.220516806261,205,33
141,0.660453573285067,0.735244329195243,7.94116779941671,11.1245053587216,39.7058389970835,206,33
141,0.659371420926146,0.733588332438205,8.03672623257486,11.1649013952236,40.1836311628743,207,33
141,0.657959150568574,0.731675826318216,8.13110131279121,11.204469931423,40.655506563956,208,33
141,0.656634814036605,0.72950981933254,8.2242672660984,11.2432187846474,41.121336330492,209,33
141,0.65791233581838,0.727100512783629,8.31601661028247,11.2810805976592,41.5800830514123,210,33
141,0.655895236365122,0.724447765041848,8.4049110907403,11.3174876172355,42.0245554537015,211,33
141,0.614849011808231,0.67905738085339,8.4923438852056,11.3530351379895,42.461719426028,212,33
141,0.0129687762621984,0.0170127047471815,0.18,3.53112813245625,0.9,141,34
141,0.013262342793847,0.0173398593786808,0.182306474913831,3.54477855595406,0.911532374569155,142,34
141,0.013583617205942,0.0176726873237315,0.184657993427188,3.55857220290834,0.923289967135941,143,34
141,0.0138878219941544,0.0180111344812718,0.187053615721341,3.57249923348629,0.935268078606703,144,34
141,0.014129012070257,0.0183553846606568,0.189495269275032,3.58656652916337,0.94747634637516,145,34
141,0.0144099102650294,0.0187011145590874,0.191988818006632,3.60080302436023,0.95994409003316,146,34
141,0.0146120211053381,0.01905791089401,0.194531647017512,3.6151887722622,0.972658235087559,147,34
141,0.0149127356690713,0.0194219879484014,0.19713080187436,3.62975836094396,0.985654009371799,148,34
141,0.0151507764658266,0.0197924400143694,0.199781763128041,3.64448108085275,0.998908815640206,149,34
141,0.0154519547906753,0.0201696555716495,0.202488814791659,3.65937546406437,1.01244407395829,150,34
141,0.0164771886647013,0.0215309592782269,0.205250158362776,3.67442626026717,1.02625079181388,151,34
141,0.016860283816398,0.0219554692500055,0.208216075349312,3.69043570909602,1.04108037674656,152,34
141,0.0171976339531877,0.0223875754669158,0.211242008322754,3.70660614449001,1.05621004161377,153,34
141,0.0175596293073178,0.022827553406705,0.214330740202196,3.72294652071452,1.07165370101098,154,34
141,0.0178581640382485,0.0232754629090365,0.217482827218241,3.73945372473122,1.0874141360912,155,34
141,0.0181746015759325,0.0237316146944462,0.220701596978808,3.75613895133365,1.10350798489404,156,34
141,0.0185710705523314,0.024196063787361,0.22398755910612,3.77299844299241,1.1199377955306,157,34
141,0.0189844172006458,0.0246687816104252,0.227340362137216,3.79002412629464,1.13670181068608,158,34
141,0.0194901422747606,0.0251498507493715,0.230760888975405,3.80721431609022,1.15380444487702,159,34
141,0.0198728855886355,0.0256390666785692,0.234246996285554,3.82455231476013,1.17123498142777,160,34
141,0.0202739459405534,0.0261369760172818,0.237804584004332,3.84206139246985,1.18902292002166,161,34
141,0.0203223569202412,0.0266436478443417,0.241434470380448,3.8597391306423,1.20717235190224,162,34
141,0.0209884548292653,0.027159846638513,0.245144851737128,3.87761846203001,1.22572425868564,163,34
141,0.0213134300865881,0.0276847504476176,0.248927181598986,3.89565140631069,1.24463590799493,164,34
141,0.0217521127010264,0.0282189605106571,0.252787999070601,3.91386266171524,1.263939995353,165,34
141,0.0226254942091653,0.0287623724310342,0.256726434572087,3.93224138016243,1.28363217286043,166,34
141,0.0232997789843832,0.0293132678312157,0.260724804317283,3.95069985102958,1.30362402158642,167,34
141,0.0239899624228642,0.0298716147163257,0.264783218658461,3.96923484868974,1.32391609329231,168,34
141,0.0244140490742556,0.0304366236375363,0.268893940061257,3.98780797381891,1.34446970030629,169,34
141,0.02493583541429,0.0310116388608924,0.273092284936272,4.00657384358597,1.36546142468136,170,34
141,0.0251444868059511,0.0315955721445344,0.277367374000486,4.02547725224289,1.38683687000243,171,34
141,0.0260358846726033,0.0321923023349137,0.281759899950666,4.04468959590779,1.40879949975333,172,34
141,0.026533967646108,0.0327938064683736,0.286187286158597,4.06384431744383,1.43093643079299,173,34
141,0.026970058759744,0.0334050721554525,0.290701849669512,4.08316469974075,1.45350924834756,174,34
141,0.0274174492242847,0.034027220916235,0.295315791600254,4.10269549681807,1.47657895800127,175,34
141,0.0278678563071138,0.0346602331308673,0.300029562071962,4.12243046009509,1.50014781035981,176,34
141,0.0284442002123669,0.0353041970810222,0.304844789564989,4.14236830972859,1.52422394782494,177,34
141,0.029120468820649,0.0359577153995552,0.30974788964259,4.16244572096824,1.54873944821295,178,34
141,0.0296233602228884,0.0366195380827294,0.314726902823943,4.18260857231817,1.57363451411971,179,34
141,0.0304649327338184,0.0372921897411264,0.319808723593212,4.20295978671437,1.59904361796606,180,34
141,0.0310270529112331,0.0379705951301626,0.324942237442776,4.22329044715343,1.62471118721388,181,34
141,0.0320801490072641,0.0386592558764168,0.330174743847639,4.24378407007861,1.6508737192382,182,34
141,0.0327877311955351,0.0393479856538978,0.33540286269781,4.26403566359543,1.67701431348905,183,34
141,0.0332739149590822,0.0400434653969399,0.340696344682585,4.28431751465069,1.70348172341292,184,34
141,0.033516370605677,0.0407516169311795,0.346117133468419,4.30486078327232,1.7305856673421,185,34
141,0.0339158720252177,0.0414777743270917,0.351721208941418,4.32586424923319,1.75860604470709,186,34
141,0.0342447943022524,0.0422179679799935,0.357469263493789,4.3471664055462,1.78734631746894,187,34
141,0.0348186639143212,0.0429727826221642,0.363368811104314,4.36878316390051,1.81684405552157,188,34
141,0.0353475707871612,0.0437386849880066,0.369385203046528,4.39057758063361,1.84692601523264,189,34
141,0.0357774764165627,0.044516283451071,0.375526175446301,4.41256961961472,1.8776308772315,190,34
141,0.0366169477354098,0.045306491610082,0.381802980280063,4.43479057609245,1.90901490140032,191,34
141,0.0374157486118264,0.0461052664951137,0.388175995971012,4.45709314873282,1.94087997985506,192,34
141,0.0381288274777142,0.0469128183455816,0.394649269112434,4.47948683015244,1.97324634556217,193,34
141,0.0390616814822636,0.0477301247210346,0.401234856889946,4.50200786692961,2.00617428444973,194,34
141,0.0400199396360329,0.0485541350311745,0.407903324837519,4.52455132820534,2.03951662418759,195,34
141,0.0389425577897517,0.0471172562992467,0.414645344391448,4.54708380180097,2.07322672195724,196,34
141,0.0394930073249916,0.0478854368740489,0.421121208582105,4.56848758758006,2.10560604291052,197,34
141,0.0405383811170235,0.0486653718257133,0.427727654537742,4.59008787187037,2.13863827268871,198,34
141,0.0411413638522848,0.0494586722428471,0.43435850523017,4.61153538104088,2.17179252615085,199,34
141,0.0418787081892275,0.0502504365641794,0.441120196398876,4.6331723705853,2.20560098199438,200,34
141,0.0424911487985355,0.0510492462127692,0.447978912011452,4.65488494860703,2.23989456005726,201,34
141,0.0434984865730088,0.0518579203084734,0.454967766110419,4.67677247046617,2.27483883055209,202,34
141,0.0441919648442903,0.0526672917357938,0.461988518529219,4.69852520502587,2.30994259264609,203,34
141,0.0449618766944216,0.0534846513105334,0.469123393334111,4.7203967495264,2.34561696667056,204,34
141,0.0461582373246152,0.0543080703874871,0.476353644813154,4.74232541764361,2.38176822406577,205,34
141,0.0469280898260109,0.0551248065144345,0.483540861584189,4.76389484131865,2.41770430792094,206,34
141,0.0475840866481565,0.0559467531919082,0.490818469850978,4.7855090421718,2.45409234925489,207,34
141,0.048445189332371,0.0567776302010216,0.498230379831466,4.80729373060938,2.49115189915733,208,34
141,0.0490432828716331,0.0576107464215604,0.505705065591575,4.82903536172938,2.52852532795788,209,34
141,0.0496309295292297,0.0584546947844412,0.513341048646899,4.85101609756882,2.5667052432345,210,34
141,0.0503174782730694,0.0593097711018597,0.521144189490764,4.8732438344825,2.60572094745382,211,34
141,0.0474692570317736,0.0572219429701956,0.529083854886516,4.89562364377625,2.64541927443258,212,34
141,0.115387053944068,0.151701250973853,0.18,3.53112813245625,0.9,141,35
141,0.125502137709579,0.164918566251488,0.202797233053483,3.66106357777378,1.01398616526742,142,35
141,0.135886969879691,0.178477891209296,0.227592386118258,3.79129682513997,1.13796193059129,143,35
141,0.146268896622638,0.19231761963299,0.254438014580161,3.9215865833856,1.2721900729008,144,35
141,0.156894334077105,0.206362238801091,0.283338390159792,4.05154270974723,1.41669195079896,145,35
141,0.167509729759381,0.220525959946042,0.314338765544618,4.18104480724354,1.57169382772309,146,35
141,0.178380732247019,0.234838676357901,0.347438869773322,4.30983574569415,1.73719434886661,147,35
141,0.189325116776987,0.249240089202341,0.38268501782775,4.43789268910171,1.91342508913875,148,35
141,0.20028167343377,0.263696732718476,0.420090794763381,4.56509732183849,2.10045397381691,149,35
141,0.211436726071387,0.278184587495658,0.459658563002203,4.69133189360627,2.29829281501102,150,35
141,0.233873547588026,0.307964518849813,0.501422303288569,4.81660570577647,2.50711151644284,151,35
141,0.245897926724894,0.324066726961839,0.547643525322689,4.94704011651413,2.73821762661344,152,35
141,0.258055085299196,0.34016428443916,0.596240748206517,5.07614981151257,2.98120374103259,153,35
141,0.270343032504,0.356264363302261,0.647236088745922,5.20396965637341,3.23618044372961,154,35
141,0.282629581307993,0.372376609152648,0.700651407431076,5.33053622690523,3.50325703715538,155,35
141,0.295298348890941,0.388506034444755,0.756485868946615,5.45583780804915,3.78242934473307,156,35
141,0.307092169104301,0.404677516962381,0.814804692701723,5.58001025433626,4.07402346350862,157,35
141,0.319344610506897,0.420858505961363,0.875457623440964,5.70274521725934,4.37728811720482,158,35
141,0.331949532618117,0.437079742563614,0.938523012822491,5.82422914087223,4.69261506411245,159,35
141,0.345504008739861,0.453364428251843,1.00406136835336,5.94458972915089,5.02030684176678,160,35
141,0.35781536289472,0.469757090166782,1.07223455679159,6.06411184318848,5.36117278395796,161,35
141,0.371467119567645,0.486212168945966,1.14283249356965,6.18242638878678,5.71416246784827,162,35
141,0.382781390779181,0.502785836198093,1.21608211983697,6.29991673672179,6.08041059918483,163,35
141,0.396275589222878,0.519393886888535,1.29159131890346,6.41597633399117,6.45795659451729,164,35
141,0.408953389784695,0.536119690127612,1.36972773106391,6.5311971429973,6.84863865531956,165,35
141,0.422138535689587,0.552933925252832,1.45035578542516,6.64538516593166,7.25177892712579,166,35
141,0.435008813651202,0.569853327284954,1.53356189666373,6.75867556179901,7.66780948331866,167,35
141,0.454316997791436,0.586864876431312,1.61929517436309,6.87101035617977,8.09647587181545,168,35
141,0.471583265537457,0.604167179956605,1.708611863002,6.98371456224352,8.54305931501,169,35
141,0.486038654948984,0.621676748271963,1.80116193237363,7.0962467040552,9.00580966186817,170,35
141,0.494314429865819,0.639298693394591,1.89650165668626,7.20803232792366,9.48250828343129,171,35
141,0.510899864977339,0.656850454432618,1.99366039730873,7.31799087863584,9.96830198654363,172,35
141,0.525037904572272,0.674563502481203,2.09395050968475,7.4276430506527,10.4697525484238,173,35
141,0.539291694760544,0.692357355956553,2.19698597234801,7.53654854317544,10.98492986174,174,35
141,0.553985905293043,0.710224880179643,2.30278615792973,7.64473255633333,11.5139307896486,175,35
141,0.571540826922566,0.72816644118917,2.41142032809169,7.752267559777,12.0571016404584,176,35
141,0.586492823078902,0.746240184289354,2.52332472650418,7.85956515972986,12.6166236325209,177,35
141,0.598909547517707,0.764366818245944,2.63810196003484,7.96622538341348,13.1905098001742,178,35
141,0.61262254431444,0.782474931915436,2.75537121797557,8.07191146440777,13.7768560898779,179,35
141,0.624950653966331,0.800584681329852,2.87532566545048,8.17682208647466,14.3766283272524,180,35
141,0.639033014673951,0.818653797170076,2.99775340008948,8.28079594091125,14.9887670004474,181,35
141,0.655506650883824,0.836711521499945,3.12291824739274,8.38407835560832,15.6145912369637,182,35
141,0.670926860993883,0.854797302356728,3.25117880409569,8.48696421084209,16.2558940204784,183,35
141,0.685443213110587,0.872874067479197,3.38237142789971,8.58931569680159,16.9118571394986,184,35
141,0.703475815467042,0.89091044202788,3.51635764060068,8.69102931210734,17.5817882030034,185,35
141,0.717783396718924,0.908962533172308,3.65364407979164,8.79248382092181,18.2682203989582,186,35
141,0.726994271854296,0.926944216974128,3.79368348245142,8.89327115342631,18.9684174122571,187,35
141,0.741215370165882,0.944750766889119,3.93572873628013,8.99288685272372,19.6786436814007,188,35
141,0.757020602240101,0.962467955517226,4.08049843170418,9.09186725121449,20.4024921585209,189,35
141,0.772676255883221,0.980114559102067,4.22821389941148,9.19037019645486,21.1410694970574,190,35
141,0.785194530126778,0.997675520131323,4.37883993979236,9.28837431584285,21.8941996989618,191,35
141,0.799969246533247,1.01508702318908,4.53191490974752,9.3855933163641,22.6595745487376,192,35
141,0.816154019395221,1.0323782788801,4.68774716061311,9.48224023244731,23.4387358030655,193,35
141,0.824853963380824,1.04956153627157,4.84651750903466,9.57843311860795,24.2325875451733,194,35
141,0.842234419337147,1.06651183442911,5.00715204369709,9.67354555368668,25.0357602184854,195,35
141,0.814961565165443,1.02867611173795,5.1708563968901,9.76831214439648,25.8542819844505,196,35
141,0.828707599355127,1.04370036483994,5.32879995238969,9.85778195435134,26.6439997619484,197,35
141,0.849182788679029,1.0586023401832,5.4891713280853,9.94675545723675,27.4458566404265,198,35
141,0.865771158304521,1.07361209127757,5.6527894956483,10.035682280785,28.2639474782415,199,35
141,0.878653060177589,1.08833395301921,5.81910540991735,10.1242553158965,29.0955270495867,200,35
141,0.889612208848005,1.10288200379801,5.98762599898717,10.2122207054822,29.9381299949358,201,35
141,0.902295884842251,1.11723122408233,6.15808905804637,10.2994616645675,30.7904452902318,202,35
141,0.914037430015635,1.13139442562547,6.33064799058057,10.3860774263606,31.6532399529029,203,35
141,0.929330086980585,1.14535734815267,6.50514550738191,10.4720087192278,32.5257275369095,204,35
141,0.943493055438258,1.15914726596037,6.68191536172787,10.5574362176068,33.4095768086394,205,35
141,0.955805362616012,1.17274638608257,6.86075762624971,10.6422770155428,34.3037881312485,206,35
141,0.965402484678574,1.18613327260525,7.04140560983897,10.7264237200807,35.2070280491949,207,35
141,0.975941130780458,1.19928206006791,7.2235093414375,10.8097391563395,36.1175467071875,208,35
141,0.987927475931325,1.21219651507541,7.40708250462768,10.8922581191312,37.0354125231384,209,35
141,0.997652822388381,1.2248832814474,7.59218012960321,10.9740315305565,37.9609006480161,210,35
141,1.0103865151417,1.2373268397708,7.77848029552564,11.0549449225345,38.8924014776282,211,35
141,0.950457170319317,1.1815634841857,7.96616850820892,11.1351066516221,39.8308425410446,212,35
141,0.248495889913298,0.32143945553631,0.18,3.53112813245625,0.9,141,36
141,0.282234843633861,0.364778703706769,0.229361931193712,3.80020532538002,1.14680965596856,142,36
141,0.313004001721838,0.405095515229252,0.285408069199262,4.06048814940726,1.42704034599631,143,36
141,0.34176387664348,0.442067318217763,0.347551495632594,4.31025905463261,1.73775747816297,144,36
141,0.368067500542863,0.475891658809708,0.415378268798499,4.5495178774833,2.07689134399249,145,36
141,0.391539216860924,0.506830863201519,0.488395283463645,4.77833723229431,2.44197641731822,146,36
141,0.412304742666601,0.53536088598738,0.566046100198574,4.99683584371228,2.83023050099287,147,36
141,0.434200336407005,0.561784984345251,0.64780582045572,5.20535735547356,3.2390291022786,148,36
141,0.452814994846526,0.586597145845509,0.733844839611757,5.40583130429612,3.66922419805878,149,36
141,0.472813609765585,0.609978522928142,0.823547789482773,5.59808680750836,4.11773894741387,150,36
141,0.518395404458139,0.66791912634919,0.917134324820785,5.78368351382807,4.58567162410393,151,36
141,0.536771450677283,0.691745705363162,1.0197389319269,5.9725652029103,5.09869465963448,152,36
141,0.554013720308032,0.714577940445338,1.12594001321045,6.15459044325845,5.62970006605226,153,36
141,0.572050433505902,0.736545994950558,1.23551987798539,6.33026263872893,6.17759938992693,154,36
141,0.590008601119687,0.757805306383917,1.34859899185087,6.50050218929074,6.74299495925437,155,36
141,0.606069034816187,0.778444900068291,1.46514546752962,6.66584741288625,7.32572733764811,156,36
141,0.620399337297735,0.79848020403982,1.58481784070902,6.82634571241214,7.9240892035451,157,36
141,0.63602380196448,0.817924253983308,1.70730750600722,6.98209856295049,8.53653753003609,158,36
141,0.652710015208133,0.836859612146955,1.83282121620486,7.13381495690939,9.1641060810243,159,36
141,0.668547293002316,0.855344889675344,1.96152279592293,7.2820411674558,9.80761397961464,160,36
141,0.682901151768301,0.873383072931859,2.09325356622312,7.42689381471626,10.4662678311156,161,36
141,0.695670915598915,0.890962154193589,2.22775317676402,7.56837669059835,11.1387658838201,162,36
141,0.708802697204236,0.908069684520417,2.36474792335019,7.7064898819503,11.8237396167509,163,36
141,0.720917317767477,0.924732410305863,2.50428430579994,7.84154604802225,12.5214215289997,164,36
141,0.736663037592705,0.940947578326629,2.64618319636888,7.97361227668024,13.2309159818444,165,36
141,0.748013214402046,0.95679407142179,2.79101915327338,8.1034156684477,13.9550957663669,166,36
141,0.763584810541911,0.972205134787283,2.93806841835391,8.23048478172409,14.6903420917695,167,36
141,0.792089189203708,0.987261316974779,3.08798748109684,8.35554918245102,15.4399374054842,168,36
141,0.806978811084086,1.00214897943326,3.24267800098323,8.4802336127427,16.2133900049161,169,36
141,0.81889014474503,1.01666152374055,3.40003649547397,8.60288475842252,17.0001824773699,170,36
141,0.819480286158909,1.03076908290158,3.55961640086902,8.72329087012763,17.7980820043451,171,36
141,0.834588157413823,1.04434812949792,3.71978254994851,8.84041356394412,18.5989127497425,172,36
141,0.847273213370234,1.05759279861534,3.88259659429951,8.95592349738551,19.4129829714976,173,36
141,0.862611357060348,1.07048061714528,4.04767735369517,9.06964439116844,20.2383867684758,174,36
141,0.874128309578827,1.08304611865945,4.21535234541639,9.18188979370771,21.076761727082,175,36
141,0.883436243356325,1.09525659257119,4.38506558531479,9.29237409516803,21.9253279265739,176,36
141,0.894274986011054,1.10710142311089,4.55649671524542,9.40099118611756,22.7824835762271,177,36
141,0.894676534206195,1.11860517535726,4.72981540196532,9.50794618813201,23.6490770098266,178,36
141,0.90320552511194,1.12968998696995,4.90361932116032,9.61249162922369,24.5180966058016,179,36
141,0.913046397086565,1.14044062009034,5.07895322977287,9.71537233212609,25.3947661488643,180,36
141,0.922388310643467,1.15087787098141,5.25596057578699,9.81675380167952,26.279802878935,181,36
141,0.93714359786858,1.16100660281857,5.43453774417367,9.91665087249268,27.1726887208684,182,36
141,0.942093479120865,1.17087299492386,5.61532708085649,10.0154813430032,28.0766354042825,183,36
141,0.949791251698895,1.18041580618966,5.79704821816537,10.1126109011285,28.9852410908269,184,36
141,0.958110521720787,1.18966386478513,5.97999939794054,10.208277263243,29.8999969897027,185,36
141,0.967166986277996,1.1986297463181,6.16420849098591,10.3025620484002,30.8210424549296,186,36
141,0.974760642181099,1.20732548866767,6.34970850251741,10.3955434780796,31.7485425125871,187,36
141,0.981482157232712,1.21574999349396,6.53626373355972,10.4871635553959,32.6813186677986,188,36
141,0.989818146799648,1.22390626937562,6.72370910514679,10.5774031115641,33.618545525734,189,36
141,0.996415603762484,1.23181323839657,6.91216186558174,10.6663770041662,34.5608093279087,190,36
141,0.999683456920906,1.23946776547634,7.10134815855532,10.754012515809,35.5067407927766,191,36
141,1.00801380327652,1.24686000917495,7.29081480387082,10.8401618943624,36.4540740193541,192,36
141,1.01739372985734,1.25402017983527,7.48104717812561,10.9251036086387,37.4052358906281,193,36
141,1.02263766590732,1.26095733292459,7.67205212418695,11.0088889002294,38.3602606209347,194,36
141,1.02172322884883,1.2676597659941,7.86328394943439,11.0913296758094,39.316419747172,195,36
141,0.974348294512077,1.20430098193013,8.05397957580829,11.172159285576,40.2698978790415,196,36
141,0.976001538548686,1.2098147781497,8.23391516291284,11.2472139494148,41.1695758145642,197,36
141,0.992540648342257,1.2151432497134,8.41339241567382,11.3209471225789,42.0669620783691,198,36
141,0.995975686300539,1.22041803741174,8.59372135361738,11.3939342249513,42.9686067680869,199,36
141,0.999774310155052,1.22542324795401,8.77355048021938,11.4656636212084,43.8677524010969,200,36
141,1.0067366013103,1.23025148193195,8.95277913412872,11.5361410472564,44.7638956706436,201,36
141,1.00947291962414,1.23491362476506,9.13153640436108,11.6054603127504,45.6576820218054,202,36
141,1.01009648693182,1.23940295590481,9.30934209608382,11.6734785724213,46.5467104804191,203,36
141,1.0186945359456,1.24371837593159,9.48588904038035,11.7401252432377,47.4294452019017,204,36
141,1.0278472636114,1.2478800492504,9.66167075409601,11.8056295746011,48.30835377048,205,36
141,1.0351232924758,1.25188969467385,9.83652445028903,11.8699691227547,49.1826222514452,206,36
141,1.03855614737158,1.25574525765677,10.010130086048,11.933065577707,50.0506504302399,207,36
141,1.0436700026933,1.25944352169048,10.1821064702338,11.9948223160196,50.9105323511692,208,36
141,1.04884760248685,1.26298934103235,10.3523920189877,12.055259657875,51.7619600949384,209,36
141,1.05272544893197,1.26638512185917,10.5208313427716,12.1143638759685,52.6041567138578,210,36
141,1.05561278147663,1.26964585526461,10.6872166543411,12.172103344862,53.4360832717055,211,36
141,0.979771297164768,1.19798657038188,10.851371430758,12.2284580014753,54.2568571537901,212,36
141,0.116028581022843,0.146087824104227,0.18,3.53112813245625,0.9,141,37
141,0.12817806108229,0.160770194180632,0.202743563722216,3.66076994971997,1.01371781861108,142,37
141,0.140551725551351,0.176383472738684,0.227855365973229,3.79262380338124,1.13927682986615,143,37
141,0.153671995730456,0.192851503883849,0.255402593663507,3.92608573686014,1.27701296831754,144,37
141,0.167249734893243,0.210139182057493,0.285528935138148,4.0610091496291,1.42764467569074,145,37
141,0.181476141149181,0.228128379731062,0.318332400015134,4.19707091003034,1.59166200007567,146,37
141,0.195266615190176,0.246863033520993,0.353935948390825,4.33410055332301,1.76967974195413,147,37
141,0.211403971560445,0.266157209631576,0.392294359861864,4.47137007577882,1.96147179930932,148,37
141,0.226999484564762,0.286074149326034,0.433792628080833,4.60971399206576,2.16896314040417,149,37
141,0.243415340639496,0.306458109073373,0.478364434778596,4.74838268610306,2.39182217389298,150,37
141,0.273483570696948,0.34376347036949,0.52615205487875,4.88738711185778,2.63076027439375,151,37
141,0.291890386194203,0.367163746447923,0.579869272835135,5.03350289437468,2.89934636417568,152,37
141,0.310843663103356,0.390829839572854,0.637209420422436,5.17940709525186,3.18604710211218,153,37
141,0.330453644658733,0.414680686112956,0.698265146067027,5.32502828810658,3.49132573033513,154,37
141,0.350694220977842,0.438644775299182,0.76314326204347,5.47034300258077,3.81571631021735,155,37
141,0.369694817276721,0.462651519483491,0.831942205739463,5.61531702835037,4.15971102869731,156,37
141,0.388788192987049,0.486542457925331,0.904468127271275,5.75936116859672,4.52234063635637,157,37
141,0.408144538654619,0.510245251702557,0.980728885917367,5.90238529987912,4.90364442958684,158,37
141,0.426523365290782,0.533703651205981,1.06075565006447,6.04436530089934,5.30377825032235,159,37
141,0.44441762001374,0.556817388688648,1.14438706998219,6.18497362221518,5.72193534991095,160,37
141,0.4638000906459,0.579522771533123,1.23153417843485,6.32406749401316,6.15767089217427,161,37
141,0.480193057267279,0.601839037172727,1.32240708052374,6.4619828095006,6.61203540261869,162,37
141,0.498847075221693,0.623627501282914,1.416533655274,6.59803793062207,7.08266827637002,163,37
141,0.518188790375334,0.644946956441131,1.51423572312059,6.73275114624065,7.57117861560297,164,37
141,0.538712152676311,0.665795600176225,1.61559043204217,6.86624291638939,8.07795216021087,165,37
141,0.554049674017923,0.686183600558959,1.72073410746656,6.99869213264364,8.60367053733282,166,37
141,0.576226884627361,0.705958853704214,1.82889565945789,7.12918141088605,9.14447829728946,167,37
141,0.591885137358254,0.725369629084564,1.94099060633139,7.25885805048729,9.70495303165694,168,37
141,0.606998268138866,0.74453258390434,2.05609544398213,7.38669339053457,10.2804772199107,169,37
141,0.623274004188914,0.763626469352735,2.17412309976371,7.5126955164515,10.8706154988186,170,37
141,0.634310511623307,0.782678593854703,2.29522179080165,7.63711413240576,11.4761089540082,171,37
141,0.653370708842633,0.801594390627184,2.41869252832554,7.75934460296224,12.0934626416277,172,37
141,0.669438984632497,0.820518909483077,2.54559462327602,7.88052068334504,12.7279731163801,173,37
141,0.689515665556429,0.839387608979814,2.67552454583481,8.00030116271788,13.377622729174,174,37
141,0.705897179201397,0.85824531849453,2.80897188807609,8.11917547627631,14.0448594403805,175,37
141,0.717171956119005,0.877016895896071,2.94546517359765,8.2367582856603,14.7273258679883,176,37
141,0.731174109234082,0.895618361731742,3.08437959677032,8.35258970496381,15.4218979838516,177,37
141,0.745422497672689,0.914067007605364,3.22603225129679,8.46701846931233,16.1301612564839,178,37
141,0.760762553800844,0.932341006172706,3.37044207425947,8.58012444292899,16.8522103712974,179,37
141,0.776765112888403,0.950423101421806,3.51773081931454,8.69205764139425,17.5886540965727,180,37
141,0.792359870610796,0.968285130399784,3.66796174414155,8.80291062956341,18.3398087207077,181,37
141,0.807358453776346,0.985883781922759,3.82106361795544,8.91267254426801,19.1053180897772,182,37
141,0.822714130393925,1.00317230041343,3.97694113688508,9.02131899696766,19.8847056844254,183,37
141,0.837644203079939,1.02011095117055,4.13560651709127,9.12890188247203,20.6780325854563,184,37
141,0.850340727574277,1.03665133680398,4.29697628950396,9.2354069747394,21.4848814475198,185,37
141,0.8656259871347,1.05273133875846,4.46076258015384,9.34069334502831,22.3038129007692,186,37
141,0.879339816248992,1.06832537336109,4.62720956160871,9.44496482055039,23.1360478080436,187,37
141,0.889221147889681,1.08337616254807,4.79609347874213,9.54812427463713,23.9804673937106,188,37
141,0.902894366218763,1.09781536584058,4.96695055356686,9.64994391971178,24.8347527678343,189,37
141,0.910970576784086,1.11162583020873,5.14012720251926,9.7506844385721,25.7006360125963,190,37
141,0.92393284453962,1.12473288710504,5.31496368877161,9.85001862435161,26.574818443858,191,37
141,0.936313078969366,1.13712411239959,5.49190820700955,9.94825804848407,27.4595410350477,192,37
141,0.94749982326859,1.14875603425614,5.67081116904291,10.0453669181349,28.3540558452145,193,37
141,0.958165382411373,1.15958480570601,5.85145680874887,10.1412787199981,29.2572840437443,194,37
141,0.964149725492581,1.1695723476619,6.03369039176752,10.2359648261482,30.1684519588376,195,37
141,0.918970204142188,1.11392406320519,6.21696698533559,10.3292033446679,31.0848349266779,196,37
141,0.924526587626363,1.12118686063547,6.39080599117867,10.4158866032116,31.9540299558934,197,37
141,0.934996983790912,1.12759444123962,6.56536920016751,10.5012927154293,32.8268460008375,198,37
141,0.940081552626072,1.13342639108793,6.74093240521163,10.5856063488531,33.7046620260582,199,37
141,0.944664451610398,1.13875094962342,6.91695063196855,10.6686157661185,34.5847531598428,200,37
141,0.951011237726989,1.14367631515294,7.09328545882722,10.7503110973341,35.4664272941361,201,37
141,0.95409974162003,1.14823706611569,7.26996129193634,10.830756904412,36.3498064596817,202,37
141,0.956624489250592,1.15245482924191,7.44665577494564,10.9098597070764,37.2332788747282,203,37
141,0.961546863032214,1.1563548531557,7.62323382966308,10.9876140729184,38.1161691483154,204,37
141,0.966982245806449,1.15996509086939,7.79974683733901,11.064095140155,38.9987341866951,205,37
141,0.969406103301405,1.16330729233909,7.97610474449923,11.1393135709293,39.8805237224962,206,37
141,0.971787270556332,1.16639634766764,8.15202349980743,11.2131985606852,40.7601174990371,207,37
141,0.975709099120446,1.1692505116566,8.32738924945717,11.2857533827962,41.6369462472858,208,37
141,0.980625556108,1.17188782848498,8.5021615309363,11.3570107403712,42.5108076546815,209,37
141,0.984350540739308,1.17432353749762,8.67624988867082,11.4269814235153,43.3812494433541,210,37
141,0.98676484154951,1.1765764051277,8.84946517466425,11.4956366478042,44.2473258733213,211,37
141,0.913922499332397,1.10870998115556,9.0216306215257,11.5629538146397,45.1081531076285,212,37
141,0.172693235473044,0.215638235571621,0.18,3.53112813245625,0.9,141,38
141,0.198120943293922,0.246602028954755,0.214028714854887,3.72135597860007,1.07014357427444,142,38
141,0.224719419094013,0.279952248542503,0.25305773723453,3.91512773638824,1.26528868617265,143,38
141,0.253765090363542,0.315342783945777,0.297342190068064,4.11120605021472,1.48671095034032,144,38
141,0.282577775381581,0.352550505953707,0.347337431582344,4.30945440420108,1.73668715791172,145,38
141,0.313584744489606,0.390956134398852,0.403050378913895,4.50817114233569,2.01525189456948,146,38
141,0.344464973164976,0.430444600847646,0.464871938219916,4.70739231315548,2.32435969109958,147,38
141,0.37725578080983,0.470476615922007,0.532805093737768,4.90603232181296,2.66402546868884,148,38
141,0.4090616733529,0.510792283664198,0.607177563076661,5.10418692554838,3.03588781538331,149,38
141,0.443947827676041,0.550945739795888,0.687828454822269,5.30078308128922,3.43914227411135,150,38
141,0.501822509323978,0.622225708556869,0.775256429007361,5.49651065599477,3.87628214503681,151,38
141,0.536671821315274,0.665667046191948,0.874117493154036,5.70009846229107,4.37058746577018,152,38
141,0.56929260906187,0.708021929013112,0.979825757689464,5.90073769341901,4.89912878844732,153,38
141,0.602812946641057,0.749027377639701,1.09198055707001,6.09773785412314,5.45990278535007,154,38
141,0.636354516718457,0.788645617987603,1.21068675931241,6.29143370532275,6.05343379656204,155,38
141,0.667608853092762,0.82681602297664,1.33590038939953,6.48189261522432,6.67950194699768,156,38
141,0.697500796447485,0.863417956411497,1.4672013273785,6.66868038265159,7.33600663689249,157,38
141,0.72525479551792,0.898408180303981,1.60431713429213,6.85168886568444,8.02158567146065,158,38
141,0.753686618080558,0.931743339288773,1.74685192197201,7.03071368523591,8.73425960986003,159,38
141,0.776431518074367,0.963477007677184,1.89485310836943,7.20613307483054,9.47426554184713,160,38
141,0.801962041174742,0.993498958435659,2.04737066883062,7.37718098432412,10.2368533441531,161,38
141,0.826559019601958,1.0219258275241,2.2047802633554,7.54464083820146,11.023901316777,162,38
141,0.849478542733948,1.04876622007596,2.3668727065366,7.70858754873578,11.834363532683,163,38
141,0.879615932095195,1.07401335304286,2.53332438621163,7.86899051699264,12.6666219310581,164,38
141,0.899369903173957,1.0978019385323,2.70511406810411,8.02700999087681,13.5255703405205,165,38
141,0.913539515589197,1.11996669040655,2.88063978227616,8.18139860426202,14.4031989113808,166,38
141,0.937599785767017,1.14045487694085,3.05903182455634,8.33172909644701,15.2951591227817,167,38
141,0.950758701928581,1.16000150724721,3.24159076711194,8.47937189749835,16.2079538355597,168,38
141,0.964346391443352,1.17977035755497,3.42675405077426,8.6233142553662,17.1337702538713,169,38
141,0.984311278115386,1.20040437374417,3.61459077540196,8.76389780029633,18.0729538770098,170,38
141,0.999202507877593,1.22181052507087,3.80600838140469,8.90201653580177,19.0300419070234,171,38
141,1.01623551084329,1.24376040466189,4.00035964491608,9.03738385903409,20.0017982245804,172,38
141,1.03540872506963,1.26608100633495,4.19795534336665,9.17039015250736,20.9897767168333,173,38
141,1.05938641659515,1.28859001072867,4.39909188507292,9.30137106518408,21.9954594253646,174,38
141,1.08288338514418,1.31112069880428,4.60438124595386,9.43082026807844,23.0219062297693,175,38
141,1.09469848876154,1.33347663848597,4.81371371415582,9.55874056934191,24.0685685707791,176,38
141,1.11618865535774,1.35542368144269,5.02562285994266,9.68434520067211,25.1281142997133,177,38
141,1.1342477643764,1.37686569820759,5.24125451783793,9.80842232356381,26.2062725891897,178,38
141,1.14827003845985,1.39765450619553,5.46012479305197,9.9307761638823,27.3006239652599,179,38
141,1.16884707853518,1.41766546167612,5.68167586384082,10.0511951183831,28.4083793192041,180,38
141,1.18444647666993,1.43683649779316,5.90660250882523,10.1701459655541,29.5330125441261,181,38
141,1.19900605353203,1.45507761099762,6.13421134473848,10.2873435492799,30.6710567236924,182,38
141,1.21541466924837,1.47233234776351,6.36426703967086,10.4027603752736,31.8213351983543,183,38
141,1.22863511829506,1.4885663627232,6.59684738582864,10.5165246507066,32.9842369291432,184,38
141,1.24341243829728,1.50374223116187,6.83144754976587,10.6284791107395,34.1572377488294,185,38
141,1.25276215916449,1.51784418446918,7.06807426588203,10.7387182073015,35.3403713294102,186,38
141,1.26654411142227,1.53084733537873,7.3059675335555,10.8469840613866,36.5298376677775,187,38
141,1.27680741144732,1.54275221802028,7.54540617788853,10.9534998505379,37.7270308894427,188,38
141,1.28851832552966,1.55354489378367,7.78580934237126,11.0581003110254,38.9290467118563,189,38
141,1.29014877223162,1.56322460240404,8.02708950358018,11.1608428257515,40.1354475179009,190,38
141,1.30530134948441,1.57176721655686,8.26800825616185,11.2613057144645,41.3400412808093,191,38
141,1.31232302547522,1.57917848855052,8.50962985906504,11.3600328571313,42.5481492953252,192,38
141,1.31700187891739,1.58543069898278,8.75087683052901,11.4566764538381,43.754384152645,193,38
141,1.33728825614048,1.59049951816808,8.99124143575809,11.5511370292053,44.9562071787905,194,38
141,1.33129611319735,1.59436868135175,9.23160558878828,11.6438534384377,46.1580279439414,195,38
141,1.25284993690783,1.50501796640218,9.46962612957481,11.7340223092139,47.3481306478741,196,38
141,1.25364865063282,1.50607150553699,9.69010626185347,11.8161477171188,48.4505313092673,197,38
141,1.2577094482116,1.50586975548102,9.90820017890255,11.8961127845928,49.5410008945127,198,38
141,1.25466164846137,1.50408833872382,10.1237897837409,11.9739628184561,50.6189489187046,199,38
141,1.24411523866067,1.50042730332842,10.3360292569299,12.0494824513148,51.6801462846497,200,38
141,1.24498171052087,1.49503388636242,10.5440290096519,12.1224519944836,52.7201450482597,201,38
141,1.24222753761257,1.48803261808043,10.7481940105169,12.1931069609078,53.7409700525847,202,38
141,1.23102942462377,1.47954016365648,10.9479050523058,12.261321214949,54.7395252615288,203,38
141,1.22434116671525,1.46967224706786,11.1423629588308,12.3269128122752,55.7118147941539,204,38
141,1.22001839840941,1.45854947156896,11.3315385440352,12.3899614252259,56.6576927201762,205,38
141,1.20914511608038,1.44629128539651,11.5152593199213,12.4504937066119,57.5762965996065,206,38
141,1.19698287302482,1.43301518070074,11.6929886146165,12.5084147024167,58.4649430730824,207,38
141,1.18223204913237,1.41884059994742,11.8644911665553,12.5637275773262,59.3224558327765,208,38
141,1.17158002339021,1.4038872231151,12.0295249642332,12.6164304787693,60.1476248211659,209,38
141,1.15975719245473,1.38827648237566,12.1881377019074,12.6666100372849,60.940688509537,210,38
141,1.14587990590574,1.37214377957658,12.3402004238991,12.7142918545931,61.7010021194954,211,38
141,1.05150828899373,1.27223408310028,12.4856160497256,12.7595078229629,62.4280802486279,212,38
141,0.231536552258995,0.279648657695327,0.18,3.53112813245625,0.9,141,39
141,0.274328153144805,0.331463850185388,0.225543854953228,3.78092331451539,1.12771927476614,142,39
141,0.320504348529654,0.386991096706335,0.279525204052047,4.03494161662007,1.39762602026023,143,39
141,0.368284992904692,0.445041772965542,0.342595325375209,4.29153987326443,1.71297662687604,144,39
141,0.417754100670651,0.504176714710589,0.415081167446288,4.5485315512751,2.07540583723144,145,39
141,0.46623887228297,0.563010005293224,0.497276857799381,4.80450390465749,2.4863842889969,146,39
141,0.511309676601088,0.620402012968737,0.589003020975715,5.05739783685153,2.94501510487857,147,39
141,0.558657154421439,0.675142402697488,0.689654977497475,5.30504465047946,3.44827488748738,148,39
141,0.600406587898747,0.72683301406815,0.799502651828936,5.54804484458626,3.99751325914468,149,39
141,0.639647202218164,0.774841483270984,0.917542679791594,5.78446375363589,4.58771339895797,150,39
141,0.715003642864575,0.864880382022921,1.04324624370667,6.01395593876605,5.21623121853337,151,39
141,0.75668367736854,0.909788468787568,1.18375381482607,6.24868881105362,5.91876907413034,152,39
141,0.788766126510399,0.95055997782427,1.33215892348589,6.4763860606589,6.66079461742943,153,39
141,0.818469544747694,0.987232229889505,1.4868197960477,6.69557641260625,7.43409898023851,154,39
141,0.84699277963938,1.02016645487104,1.647212020078,6.90669285135123,8.23606010039001,155,39
141,0.87092759208945,1.04973885406052,1.81300050143324,7.11034832432991,9.06500250716619,156,39
141,0.893347331527215,1.07623757873596,1.98335892897607,7.30651173534604,9.91679464488035,157,39
141,0.915222144538639,1.09999038607799,2.15792758211496,7.49569260650494,10.7896379105748,158,39
141,0.931458153734388,1.12129862241846,2.33649109817238,7.67846794495347,11.6824554908619,159,39
141,0.947509963533106,1.14036952317442,2.51813551142143,7.85466370947855,12.5906775571072,160,39
141,0.961772424557443,1.15745112318845,2.70272279869893,8.02485910870166,13.5136139934947,161,39
141,0.974008485129939,1.17274067021918,2.88990292906346,8.18936197880162,14.4495146453173,162,39
141,0.98959807410863,1.18640811764667,3.07930670925462,8.34842442979182,15.3965335462731,163,39
141,1.00238286018986,1.19863416631686,3.27126599775692,8.50281985974691,16.3563299887846,164,39
141,1.01262691940189,1.20953183735616,3.4653094945293,8.65260076845186,17.3265474726465,165,39
141,1.02191927698773,1.21920319089561,3.66102721822961,8.79786412499672,18.3051360911481,166,39
141,1.02831485991062,1.22774388382763,3.85821229860602,8.93884155565865,19.2910614930301,167,39
141,1.03410181220819,1.23535991047961,4.05644916165516,9.07559596523057,20.2822458082758,168,39
141,1.03892268723538,1.24219911906191,4.25559957172967,9.20836751295484,21.2779978586484,169,39
141,1.0470080433782,1.24830303488833,4.45549590377211,9.33735007488653,22.2774795188606,170,39
141,1.05238865657577,1.25380332310502,4.65641225994981,9.46298824947869,23.282061299749,171,39
141,1.05744874432902,1.25880813294315,4.8579982336339,9.58530319966287,24.2899911681695,172,39
141,1.05873486933787,1.26342746541536,5.06016159468996,9.70446554992829,25.3008079734498,173,39
141,1.06449443928894,1.26775983208217,5.26249815630734,9.82045234537316,26.3124907815367,174,39
141,1.07569466280717,1.27191467772749,5.46538003602619,9.93367159924034,27.326900180131,175,39
141,1.07939047220067,1.27599397689015,5.6691812216331,10.0444918864557,28.3459061081655,176,39
141,1.08344394401559,1.28007529982469,5.87323524108687,10.1527016869611,29.3661762054343,177,39
141,1.08650494143349,1.28424296411554,6.07753431508845,10.2584473258596,30.3876715754423,178,39
141,1.08913357238187,1.28857293794632,6.28198330462875,10.3618185710259,31.4099165231438,179,39
141,1.09282702262391,1.29313411632324,6.48653379805895,10.462920499965,32.4326689902948,180,39
141,1.09484072783741,1.29798765090843,6.69123671264315,10.5618970037313,33.4561835632157,181,39
141,1.10115862971052,1.30318167436492,6.89596931630675,10.6587989241507,34.4798465815337,182,39
141,1.10603666356722,1.30875699474331,7.10097739775906,10.7538423714714,35.5048869887953,183,39
141,1.11177077633647,1.31473557303724,7.30614664895379,10.8470646449628,36.530733244769,184,39
141,1.11520811256274,1.32112525771704,7.51149492326369,10.9385587843498,37.5574746163185,185,39
141,1.11888164913814,1.32791409282845,7.71686973845029,11.0283373345812,38.5843486922514,186,39
141,1.12458007960553,1.33507199508902,7.9222422573558,11.1164646977758,39.611211286779,187,39
141,1.13297522235947,1.34254835829017,8.12766636204594,11.2030353920821,40.6383318102297,188,39
141,1.14372641110448,1.35026988668851,8.33320384552421,11.2881407633547,41.666019227621,189,39
141,1.14418888144978,1.35814322319548,8.53884329076498,11.371836571332,42.6942164538249,190,39
141,1.15639852836825,1.36603952410554,8.74404063823957,11.4539636045044,43.7202031911978,191,39
141,1.16512061973829,1.37381582609887,8.94914856811893,11.5347232162552,44.7457428405946,192,39
141,1.17448449254621,1.38130312110951,9.15383240868762,11.6140398218114,45.7691620434381,193,39
141,1.19070927089719,1.38831594215787,9.35788949846867,11.6918924695648,46.7894474923434,194,39
141,1.18744640361467,1.39465537067573,9.5610918927879,11.7682519526597,47.8054594639395,195,39
141,1.12156051336178,1.31964654285967,9.7629909480952,11.8430094921322,48.814954740476,196,39
141,1.12348140035373,1.32364802729897,9.94986274348717,11.9112486417821,49.7493137174358,197,39
141,1.12565565177016,1.32644926642425,10.1349412891639,11.9779581029491,50.6747064458193,198,39
141,1.12557431465546,1.32779072551253,10.3178904404422,12.0430707179973,51.5894522022108,199,39
141,1.11928688663349,1.32747895053892,10.4983161675453,12.1065018204605,52.4915808377265,200,39
141,1.12387864335886,1.32562476744091,10.6757461443999,12.1681430063513,53.3787307219997,201,39
141,1.12548541856184,1.32232038658989,10.8499380212396,12.2279684894059,54.249690106198,202,39
141,1.10785794754165,1.31766610825508,11.0204385562736,12.2858813553456,55.1021927813682,203,39
141,1.11024129688377,1.31177105779432,11.1869122307596,12.3418269974999,55.9345611537978,204,39
141,1.10707603991581,1.30475159856336,11.3491747230599,12.3958017396082,56.7458736152994,205,39
141,1.10260152330543,1.29672764627034,11.5068802281826,12.4477476719568,57.5344011409132,206,39
141,1.09526666527449,1.28782288025406,11.6597831802862,12.4976400756784,58.2989159014312,207,39
141,1.08488140959864,1.27816322985551,11.8077341806258,12.5454844143857,59.0386709031291,208,39
141,1.07723849593241,1.26787542994065,11.9506558074664,12.5913072126787,59.7532790373322,209,39
141,1.06662156661742,1.25708495053701,12.0883607361775,12.6350975734242,60.4418036808874,210,39
141,1.05816407918897,1.24593068514847,12.2208590716485,12.6769052350885,61.1042953582423,211,39
141,0.978182392982385,1.15885479826871,12.3480430664283,12.7167399158566,61.7402153321417,212,39
141,0.220633368002228,0.261792627759513,0.18,3.53112813245625,0.9,141,40
141,0.261797056526714,0.310707384080374,0.223174750858131,3.76884424802677,1.11587375429065,142,40
141,0.306699909361587,0.364325430145309,0.274437230408878,4.01254296668115,1.37218615204439,143,40
141,0.355027637825823,0.42169958411844,0.334530175794515,4.26067060392881,1.67265087897258,144,40
141,0.405842673535757,0.481660744872695,0.404108564632949,4.51175451583124,2.02054282316475,145,40
141,0.457535318697968,0.542789853629677,0.483638099546742,4.76418512355775,2.41819049773371,146,40
141,0.51019225098758,0.603874765275653,0.573283860201894,5.01611144596365,2.86641930100947,147,40
141,0.559777615551862,0.66366708100284,0.673171406953972,5.26629692995948,3.36585703476986,148,40
141,0.608714640729417,0.720998845464276,0.782776226044883,5.51261234409256,3.91388113022442,149,40
141,0.656044859213199,0.775207531961657,0.901881250416964,5.75436454988019,4.50940625208482,150,40
141,0.73993318126625,0.87190117792798,1.03009432161991,5.99087964020759,5.15047160809956,151,40
141,0.783921838813843,0.923771906024118,1.17465583517146,6.23409646115804,5.87327917585731,152,40
141,0.822583142039943,0.971060138220914,1.32769106216791,6.46979628406169,6.63845531083953,153,40
141,0.859804691303754,1.0138515937402,1.488216814324,6.69748220518752,7.44108407161999,154,40
141,0.892466168164319,1.05244346865634,1.65579481683841,6.91757835553556,8.27897408419205,155,40
141,0.918234281506843,1.08709830116228,1.82957079122912,7.1299787984947,9.14785395614559,156,40
141,0.945431185918426,1.11807917756656,2.00840371501421,7.33434796627024,10.042018575071,157,40
141,0.971080902906106,1.14578815371792,2.19227949654048,7.53165242831593,10.9613974827024,158,40
141,0.991182110665512,1.17053733478169,2.38079154467296,7.72229639736075,11.9039577233648,159,40
141,1.00879875088324,1.19257217343352,2.57304806303175,7.90617870302398,12.8652403151587,160,40
141,1.02440754061371,1.2121546178628,2.76857032451933,8.0836092385394,13.8428516225967,161,40
141,1.04159804711694,1.22952122949822,2.96695586726029,8.25492338679627,14.8347793363015,162,40
141,1.05736523982202,1.24490142701618,3.16823741451144,8.42076253226238,15.8411870725572,163,40
141,1.06955526585151,1.25847015809545,3.37208446997356,8.58139121023716,16.8604223498678,164,40
141,1.081014444996,1.27036882642102,3.57795048250138,8.73688165155476,17.8897524125069,165,40
141,1.09349218759947,1.28073231536855,3.78561413773658,8.88753465398739,18.9280706886829,166,40
141,1.10127569362855,1.28967782257569,3.99501926096308,9.03372619020156,19.9750963048154,167,40
141,1.10869613012912,1.29745670937352,4.20557436317214,9.17543050227452,21.0278718158607,168,40
141,1.11122050853163,1.30431526183534,4.41712697821288,9.31291008464996,22.0856348910644,169,40
141,1.11574171002269,1.31032314326859,4.62916422079549,9.44617367596303,23.1458211039774,170,40
141,1.11904419635748,1.31557994995369,4.84177014782705,9.57558897626941,24.2088507391353,171,40
141,1.12791954759462,1.32016480270024,5.05476002847446,9.70132522472547,25.2738001423723,172,40
141,1.13091064589803,1.32415746644314,5.2684723366963,9.8238293541682,26.3423616834815,173,40
141,1.13884664687214,1.32760887879892,5.48236953011723,9.94301889629262,27.4118476505862,174,40
141,1.14508294585685,1.33057815727185,5.69666827395904,10.0592248275764,28.4833413697952,175,40
141,1.14735436353749,1.33310793683064,5.9111208356997,10.1725028452145,29.5556041784985,176,40
141,1.1486845498743,1.33523443347015,6.12542297570655,10.2828751105773,30.6271148785327,177,40
141,1.14809985485396,1.33699161590485,6.33944186670707,10.3904472073954,31.6972093335354,178,40
141,1.14848255089039,1.33840799981928,6.55301059971534,10.4952986143289,32.7650529985767,179,40
141,1.14715808101891,1.33950931815253,6.76607628852403,10.5975558694144,33.8303814426202,180,40
141,1.14774116687067,1.34031581320102,6.97847840917187,10.6972845387552,34.8923920458594,181,40
141,1.1483429366142,1.34084604727238,7.19018808745824,10.7946044578129,35.9509404372912,182,40
141,1.14813145564056,1.34111455279201,7.40109408299149,10.8895888548787,37.0054704149575,183,40
141,1.14884034414622,1.34113318144729,7.61105389696518,10.9822913107003,38.0552694848259,184,40
141,1.14464123717484,1.34091250142074,7.81996772031161,11.0727793359301,39.099838601558,185,40
141,1.14654431170602,1.34046025990471,8.02758421259312,11.1610512582537,40.1379210629656,186,40
141,1.14569790330644,1.339786323756,8.23392215344536,11.24721684299,41.1696107672268,187,40
141,1.14769777944484,1.33889822392657,8.43877055197313,11.3312842869763,42.1938527598657,188,40
141,1.14881967937888,1.33780476873203,8.6420113603432,11.4132978734144,43.210056801716,189,40
141,1.14927271716951,1.33651982059501,8.84345206097294,11.4932690695428,44.2172603048647,190,40
141,1.15073710749448,1.33505252044492,9.04291254058974,11.5712127469149,45.2145627029487,191,40
141,1.14709510261973,1.33341338987869,9.24019453011111,11.6471351803756,46.2009726505555,192,40
141,1.14679062925237,1.33161861249142,9.43520620455594,11.7210815145678,47.1760310227797,193,40
141,1.1506990263534,1.32968599618717,9.6277250393418,11.7930449457759,48.138625196709,194,40
141,1.1431260032851,1.32763560133194,9.81742614822503,11.8629806415399,49.0871307411251,195,40
141,1.07249311946704,1.24905274195541,10.0045383998655,11.9310452318743,50.0226919993274,196,40
141,1.07298382772974,1.24686918575542,10.1759601549032,11.9926277509517,50.8798007745158,197,40
141,1.0691554415432,1.24465874148428,10.3444202401275,12.0524458545413,51.7221012006377,198,40
141,1.06494131356297,1.24208052887688,10.5099920540039,12.1105803789913,52.5499602700196,199,40
141,1.05756183701925,1.23874725392007,10.6725176323837,12.1670277869693,53.3625881619184,200,40
141,1.06167908370523,1.23475062325906,10.8318645973674,12.2217925103107,54.1593229868371,201,40
141,1.05868663069477,1.23015130377019,10.9873357681628,12.2746866359052,54.9366788408139,202,40
141,1.04770474633334,1.22501070582891,11.1390216605546,12.3257925396614,55.6951083027732,203,40
141,1.04225714205097,1.21938814063214,11.2872020320873,12.3752511184919,56.4360101604365,204,40
141,1.03782619724827,1.21333736355435,11.4314194510254,12.4229543010416,57.157097255127,205,40
141,1.03907985347526,1.2069116712481,11.5714949001783,12.4688875462543,57.8574745008917,206,40
141,1.03118156878913,1.20016168506943,11.7069114786837,12.512926101685,58.5345573934187,207,40
141,1.02675573034993,1.19314123603415,11.8382245920091,12.5552923994724,59.1911229600454,208,40
141,1.02099904047686,1.18590001871176,11.9650884866493,12.5959132707449,59.8254424332467,209,40
141,1.01349998307055,1.17848913599754,12.0875661491426,12.6348458934438,60.4378307457129,210,40
141,1.00816609607473,1.17097521967436,12.2057998404719,12.6721695048666,61.0289992023596,211,40
141,0.934804685166052,1.09181771873765,12.3195886212913,12.7078527577854,61.5979431064567,212,40
141,0.552321528961817,0.648851789988494,0.18,3.53112813245625,0.9,141,41
141,0.681129243304119,0.800625422462789,0.289384831124574,4.07755016287241,1.44692415562287,142,41
141,0.778748109801911,0.915197863374548,0.424134644341884,4.57836932631854,2.12067322170942,143,41
141,0.8493866637023,0.998445553488597,0.577967163492462,5.02849380417998,2.88983581746231,144,41
141,0.903106195354811,1.05955590121689,0.745484639159183,5.43167198988547,3.72742319579591,145,41
141,0.944402206204363,1.10601120254564,0.923228107802327,5.79530178820108,4.61614053901164,146,41
141,0.976079113625398,1.14295067163382,1.10869846260122,6.1258774908285,5.54349231300608,147,41
141,1.00338293188529,1.17352610191107,1.30003883261951,6.42866351892308,6.50019416309753,148,41
141,1.02569324775814,1.19979584455623,1.49632296617166,6.70851596558186,7.48161483085828,149,41
141,1.04807866254876,1.22303247182321,1.69662808380315,6.96883509627713,8.48314041901575,150,41
141,1.13542060131517,1.31977958581593,1.90080425660932,7.21298383577559,9.50402128304661,151,41
141,1.15437227427009,1.34104986974753,2.12164339068005,7.45727413388181,10.6082169534003,152,41
141,1.1695438593746,1.3606971726453,2.34572193066052,7.68764789620149,11.7286096533026,153,41
141,1.18786272301523,1.37897697428158,2.57247298961363,7.90564320002198,12.8623649480681,154,41
141,1.20062044348672,1.39606532848941,2.80218550858254,8.11322632890448,14.0109275429127,155,41
141,1.20828290084322,1.4120237377743,3.03412760825249,8.31111586110838,15.1706380412625,156,41
141,1.21795654438155,1.42687465054429,3.26765583234077,8.49997521932641,16.3382791617038,157,41
141,1.23327013775387,1.44063574886273,3.5029351601704,8.68096287957896,17.514675800852,158,41
141,1.24533651134135,1.45331191700263,3.74051388756354,8.85531495327908,18.7025694378177,159,41
141,1.25809832893202,1.46486080718191,3.97993153631643,9.0233740468613,19.8996576815822,160,41
141,1.26362653050236,1.47524279068973,4.22113911876364,9.1857075928341,21.1056955938182,161,41
141,1.27031139655504,1.48439007098443,4.46332612800964,9.34231968201175,22.3166306400482,162,41
141,1.27958442873144,1.49225285547255,4.7064910690484,9.49371354387361,23.532455345242,163,41
141,1.28923910335032,1.49877908725153,4.95073232213815,9.64038476885591,24.7536616106908,164,41
141,1.29357049628935,1.50390621788794,5.19589547170236,9.78262182400551,25.9794773585118,165,41
141,1.30055608487965,1.50755762744159,5.44136954980216,9.92042688837653,27.2068477490108,166,41
141,1.29955745740301,1.50966868919002,5.68713692235882,10.0541216871045,28.4356846117941,167,41
141,1.30088489328482,1.51076704688664,5.93244329459662,10.1836082954291,29.6622164729831,168,41
141,1.29948779762901,1.51032104099198,6.17728305853034,10.3091790397819,30.8864152926517,169,41
141,1.2965196137982,1.50738753939353,6.42125706187566,10.4309010538258,32.1062853093783,170,41
141,1.29165451206849,1.50226063936029,6.66391582454021,10.5488101468971,33.3195791227011,171,41
141,1.28842636427589,1.49524295524841,6.9048176675955,10.6629414694775,34.5240883379775,172,41
141,1.281278883478,1.48664125528922,7.14370671325861,10.7734104853915,35.7185335662931,173,41
141,1.27619277607453,1.47675047665838,7.38010064472965,10.8802193862215,36.9005032236483,174,41
141,1.26595035833116,1.46585771395092,7.61376812449924,10.9834779712631,38.0688406224962,175,41
141,1.25589626201688,1.45422840270427,7.84430743562593,11.0832117003508,39.2215371781297,176,41
141,1.24528742015384,1.44210996594006,8.07150543444077,11.179520727755,40.3575271722039,177,41
141,1.23331212778339,1.42972583954184,8.29516330587629,11.2725008170272,41.4758165293814,178,41
141,1.21922811321306,1.41727422536711,8.5151115394485,11.3622498853423,42.5755576972425,179,41
141,1.21022567767774,1.40492716448134,8.73121340249711,11.4488692998438,43.6560670124856,180,41
141,1.19974004566841,1.39283207667749,8.94339590191971,11.5324758285212,44.7169795095986,181,41
141,1.1894623958559,1.38111031125551,9.15156265523148,11.6131670863341,45.7578132761574,182,41
141,1.18188357264497,1.36986019674161,9.35564939176388,11.6910442702865,46.7782469588194,183,41
141,1.17064976936852,1.35915723980247,9.55556735877265,11.7661909732796,47.7778367938633,184,41
141,1.16264248105126,1.34905961906029,9.75135780146317,11.8387314715143,48.7567890073158,185,41
141,1.15726488755979,1.33960514912026,9.94294269701405,11.9087376773571,49.7147134850702,186,41
141,1.14964656723145,1.33081590775925,10.1302253209185,11.9762688724226,50.6511266045923,187,41
141,1.145025009519,1.32270446362319,10.3132943293195,12.0414448310914,51.5664716465976,188,41
141,1.14161854788798,1.31526828060783,10.4920285806644,12.1043041642892,52.4601429033218,189,41
141,1.13051375531027,1.30850509278577,10.6663602811889,12.1649002116679,53.3318014059446,190,41
141,1.12810846237017,1.30240867330507,10.8368528409565,12.223497790367,54.1842642047827,191,41
141,1.1265566318571,1.29694601346242,11.0030049287213,12.2799885671741,55.0150246436065,192,41
141,1.12018272435683,1.29209568054586,11.1647749559167,12.3344210750023,55.8238747795834,193,41
141,1.11788226359997,1.28784732756108,11.3226425725885,12.3870130729946,56.6132128629427,194,41
141,1.11122595810653,1.28417809711456,11.4763442976028,12.4377284857743,57.381721488014,195,41
141,1.046245400619,1.21007658164511,11.6263674453752,12.4867755982428,58.1318372268762,196,41
141,1.04394343724394,1.20751347599875,11.7606205090713,12.5302943819869,58.8031025453563,197,41
141,1.04227013713504,1.20550128768793,11.8913031154639,12.5723244822185,59.4565155773197,198,41
141,1.04022520925618,1.2037315764674,12.0184829218438,12.6129200314289,60.0924146092191,199,41
141,1.0356886304495,1.20165381301998,12.1422571188513,12.6521420341053,60.7112855942563,200,41
141,1.03902348773376,1.1993491895272,12.2627992820889,12.6900729215041,61.3139964104446,201,41
141,1.03868634812758,1.19680203550014,12.379217685213,12.7264602937119,61.8960884260648,202,41
141,1.03406390078308,1.19401889395362,12.4918382689991,12.7614343713026,62.4591913449956,203,41
141,1.0321610819866,1.1910093728368,12.6011716747418,12.7951780137121,63.0058583737089,204,41
141,1.02490346117028,1.18776701872862,12.7068374569717,12.827596362782,63.5341872848587,205,41
141,1.02871960456405,1.18430364810612,12.8094818729065,12.8589083404407,64.0474093645323,206,41
141,1.02322985844815,1.18059414538529,12.9076618247256,12.8886952106349,64.538309123628,207,41
141,1.02151346426193,1.1766610084683,13.0026251705819,12.917356331516,65.0131258529096,208,41
141,1.01850910953951,1.17249498673089,13.0938160200378,12.9447418770856,65.469080100189,209,41
141,1.01511495577889,1.16809994517158,13.1814169706604,12.9709244393037,65.9070848533018,210,41
141,1.0121083015291,1.16349986560146,13.2654878558849,12.9959381219725,66.3274392794245,211,41
141,0.945481473003265,1.0908516191229,13.3459727766725,13.0197815621091,66.7298638833627,212,41
141,0.357820712063338,0.417177298451986,0.18,3.53112813245625,0.9,141,42
141,0.439627922494192,0.513094499348605,0.250375113071779,3.90250413448789,1.2518755653589,142,42
141,0.519340692278024,0.607307905777283,0.336835526083494,4.26954677128775,1.68417763041747,143,42
141,0.594513218808992,0.695884109620575,0.438956987347141,4.62627553811377,2.1947849367357,144,42
141,0.662861782213933,0.776877723657149,0.5557946897649,4.96923810244013,2.7789734488245,145,42
141,0.726641815288609,0.849624067351189,0.685981183694992,5.29646507286422,3.42990591847496,146,42
141,0.7827704217845,0.914699864454756,0.828470967129985,5.60820678991323,4.14235483564993,147,42
141,0.83286212132049,0.972567477782462,0.98176949934402,5.90428241442879,4.9088474967201,148,42
141,0.876459482387619,1.02394935932442,1.14465113160392,6.18540605771273,5.72325565801961,149,42
141,0.917717542615285,1.06952866122349,1.31586402146026,6.45227731162867,6.5793201073013,150,42
141,1.01015905272939,1.17472937527532,1.49477301946834,6.70640946892986,7.47386509734171,151,42
141,1.0487299069303,1.21471367431916,1.69155777649651,6.96251757522727,8.45778888248253,152,42
141,1.08111904973123,1.25007913733574,1.89528202319928,7.20662732815232,9.47641011599639,153,42
141,1.10885089887682,1.28130115837484,2.10483880406346,7.43932580235624,10.5241940203173,154,42
141,1.13187585562761,1.30882046364652,2.31937050886534,7.66137458704752,11.5968525443267,155,42
141,1.15110106347774,1.33302215004957,2.53806309409915,7.87344801671642,12.6903154704958,156,42
141,1.16579827383423,1.35425615018664,2.76024793750568,8.07623802143029,13.8012396875284,157,42
141,1.18387984661027,1.37282554021477,2.9852105925453,8.27028137676578,14.9260529627265,158,42
141,1.20012727905351,1.38905587057296,3.21311594245776,8.45673136398259,16.0655797122888,159,42
141,1.21449655451924,1.40318910772143,3.44355748106709,8.63610614112127,17.2177874053355,160,42
141,1.22209866479838,1.41544087019653,3.67614217844374,8.80885528483485,18.3807108922187,161,42
141,1.22718443957513,1.42598395782997,3.91007016957368,8.97508022702528,19.5503508478684,162,42
141,1.23331149076153,1.43499642936884,4.14496341510796,9.13515584343192,20.7248170755398,163,42
141,1.24067919571009,1.4426509754792,4.38077917955855,9.28962064051571,21.9038958977927,164,42
141,1.2486296709679,1.44910003133005,4.61749081643833,9.43894899034842,23.0874540821916,165,42
141,1.25441815750604,1.45447557135495,4.85499842120028,9.5835092008908,24.2749921060014,166,42
141,1.25761342311468,1.4588878927007,5.0929868236401,9.72349918638437,25.4649341182005,167,42
141,1.26059698874137,1.46222915740077,5.33114027830825,9.85909368823324,26.6557013915412,168,42
141,1.26277741582653,1.46426046957805,5.56929942869495,9.99053274225348,27.8464971434748,169,42
141,1.26313028277892,1.46495573403529,5.80722601139735,10.1179877835116,29.0361300569868,170,42
141,1.26461400595864,1.46440105800358,6.04461158919742,10.2415756719784,30.2230579459871,171,42
141,1.26394463028895,1.46268675528979,6.28130868097486,10.3614813589768,31.4065434048743,172,42
141,1.26299608540518,1.45989852996037,6.5169949577832,10.4777854451271,32.584974788916,173,42
141,1.26042032002222,1.45612395386262,6.75144099825595,10.590604283926,33.7572049912797,174,42
141,1.2538868198021,1.45144897866596,6.9843701776182,10.7000205432345,34.921850888091,175,42
141,1.24783573210487,1.44595818012287,7.21546205735098,10.8060884992003,36.0773102867549,176,42
141,1.24249714373457,1.43973797936626,7.44453840185975,10.9089195847347,37.2226920092988,177,42
141,1.23500387435495,1.43287362613047,7.67142215745277,11.0086149648988,38.3571107872638,178,42
141,1.22895466349264,1.42544831305634,7.8958736769298,11.1052394539712,39.479368384649,179,42
141,1.2219272304316,1.4175452985104,8.11773079584106,11.1988836188884,40.5886539792053,180,42
141,1.21495861986132,1.40924639204296,8.33678848998764,11.289611982833,41.6839424499382,181,42
141,1.20812032680564,1.40063292533173,8.55286251544049,11.3774910595177,42.7643125772025,182,42
141,1.20081514302405,1.39178492631458,8.76577111134686,11.4625819345093,43.8288555567343,183,42
141,1.19155913762215,1.38278214913499,8.97534031673651,11.5449428086412,44.8767015836826,184,42
141,1.18369948061143,1.37370360158729,9.18142890221077,11.6246388143736,45.9071445110539,185,42
141,1.17911731937883,1.36462785290121,9.38388237322269,11.70172414081,46.9194118661134,186,42
141,1.17317497380514,1.35563221084723,9.58249370729079,11.7762282740138,47.9124685364539,187,42
141,1.16876329603011,1.34679450641873,9.77714237124079,11.8482088069915,48.885711856204,188,42
141,1.16160327635062,1.33819157945747,9.96763344647542,11.9176912356049,49.8381672323771,189,42
141,1.14955741662228,1.32991171639671,10.1540038943912,11.9847806323225,50.770019471956,190,42
141,1.1432971318195,1.32203097179483,10.3364770021647,12.0496406216883,51.6823850108236,191,42
141,1.14116153769203,1.31462076438563,10.5147343358934,12.1122360258795,52.5736716794671,192,42
141,1.13328215994174,1.30775851570225,10.6885022619737,12.1725470324857,53.4425113098686,193,42
141,1.12781417964734,1.30152704719842,10.8581902847312,12.2307860361123,54.2909514236562,194,42
141,1.12109111527042,1.2960071413868,11.0236925367776,12.2869805225552,55.1184626838882,195,42
141,1.05348299089353,1.21697157983535,11.185200096557,12.3412545755862,55.9260004827849,196,42
141,1.05111956008587,1.21327236290159,11.3300641708856,12.3894728918493,56.6503208544279,197,42
141,1.04888707246064,1.21049924142835,11.4711695995675,12.4360287679491,57.3558479978373,198,42
141,1.04395872889153,1.20825442864759,11.6087047293918,12.4810241148832,58.0435236469589,199,42
141,1.04230015794211,1.20599260662469,11.7430506122013,12.5246187719759,58.7152530610065,200,42
141,1.0443604827391,1.20373005755034,11.8738523765874,12.5667306653848,59.3692618829372,201,42
141,1.04253369883923,1.20145235350354,12.0006812149852,12.6072558390104,60.0034060749258,202,42
141,1.04053828074526,1.19914720814677,12.1239543712588,12.6463598055992,60.6197718562938,203,42
141,1.03710379357094,1.19679867093006,12.2436886646127,12.6840767881758,61.2184433230634,204,42
141,1.03250689092461,1.19438992662022,12.360064131816,12.7204901587083,61.8003206590801,205,42
141,1.03563190000519,1.19190242495388,12.4732161086117,12.7556665073209,62.3660805430586,206,42
141,1.03248464512187,1.18931051413377,12.5821748551412,12.789329700053,62.9108742757058,207,42
141,1.03234522736914,1.18659625737793,12.6877666695033,12.821759361695,63.4388333475166,208,42
141,1.03155685109057,1.18373423488798,12.7895591273251,12.8528445620851,63.9477956366256,209,42
141,1.03125895163687,1.18070098831809,12.8876330339151,12.8826315183996,64.4381651695754,210,42
141,1.03014604314664,1.17750044798492,12.9818845360173,12.9111090329844,64.9094226800865,211,42
141,0.962800130733016,1.10273889962667,13.0724408875889,12.9383346626692,65.3622044379443,212,42
141,0.579330395124762,0.684756992693778,0.18,3.53112813245625,0.9,141,43
141,0.662786098735771,0.783338239228437,0.294866647422982,4.10080365524514,1.47433323711491,142,43
141,0.714635402661727,0.84471477160263,0.426028298226727,4.584554034303,2.13014149113363,143,43
141,0.751443404739572,0.886542704519638,0.567166853190262,4.99983182999214,2.83583426595131,144,43
141,0.777898975457392,0.917684294655994,0.715229550290447,5.36390448501376,3.57614775145224,145,43
141,0.798952971917268,0.942132419273677,0.868198102795546,5.68837372286216,4.34099051397773,146,43
141,0.816830942268361,0.961982356484812,1.02499026053897,5.98186876677801,5.12495130269484,147,43
141,0.830785730795594,0.978242304126618,1.18494001778241,6.25058560855522,5.92470008891206,148,43
141,0.841960402256921,0.991487629610636,1.34731226418577,6.49862208806553,6.73656132092886,149,43
141,0.852105918349724,1.00211215923083,1.51157193134225,6.72915984501529,7.55785965671125,150,43
141,0.908723176193415,1.07036281251574,1.67744166365859,6.94485932059379,8.38720831829294,151,43
141,0.919246128224433,1.07796700090969,1.85434730529508,7.15910115476845,9.27173652647542,152,43
141,0.927071575909097,1.08351540843898,2.03270543433914,7.36112798589623,10.1635271716957,153,43
141,0.930460864155191,1.08723101119379,2.21200824746355,7.55212737535186,11.0600412373177,154,43
141,0.929929333623184,1.08931731084664,2.39159490950121,7.73289832053805,11.9579745475061,155,43
141,0.929683670386755,1.08998852074514,2.57091998128995,7.90419663613524,12.8545999064498,156,43
141,0.931934478094641,1.08949479895802,2.74992265523432,8.06707125897028,13.7496132761716,157,43
141,0.931217443462001,1.08809468577227,2.92876398483593,8.22257764239566,14.6438199241797,158,43
141,0.930036389280072,1.08601074524693,3.10706084676494,8.3711547767824,15.5353042338247,159,43
141,0.930576140876849,1.08348549083292,3.28470628676894,8.51339097893391,16.4235314338447,160,43
141,0.928956985599978,1.08077252013006,3.46178612539306,8.64993389268435,17.3089306269653,161,43
141,0.927249487705452,1.07811218298354,3.63809512203838,8.78112801807487,18.1904756101919,162,43
141,0.921518321500569,1.07575699406756,3.81362823170497,8.90741348576113,19.0681411585248,163,43
141,0.918369753136153,1.07395170710665,3.98816751266572,9.0290283823607,19.9408375633286,164,43
141,0.915732970101243,1.07296031126179,4.16195694938514,9.14648886041228,20.8097847469257,165,43
141,0.916495703912059,1.07303912240387,4.33513214442171,9.26018125684406,21.6756607221085,166,43
141,0.918508413234382,1.07444708106752,4.50803220698891,9.37057750717835,22.5401610349445,167,43
141,0.920542559186294,1.07691603454531,4.68087890503855,9.47802810840168,23.4043945251928,168,43
141,0.922761527027438,1.07974831659247,4.85379662430275,9.58279026514563,24.2689831215137,169,43
141,0.924334728208757,1.08268011857459,5.02683337825016,9.68505200847969,25.1341668912508,170,43
141,0.930861161219745,1.08573338065356,5.19996473536183,9.78494284066143,25.9998236768092,171,43
141,0.933701133077282,1.08893134987321,5.37338602756755,9.88270338202562,26.8669301378377,172,43
141,0.936719482465377,1.09228216533995,5.54695224038772,9.97836793404137,27.7347612019386,173,43
141,0.939519538423352,1.09579327686146,5.72067237813761,10.0720504506556,28.6033618906881,174,43
141,0.943694524428013,1.09946659974977,5.89454489051224,10.1638502335521,29.4727244525612,175,43
141,0.944398967131024,1.10329973110537,6.06859719009726,10.2538736983754,30.3429859504863,176,43
141,0.947302239873005,1.10728341340855,6.24276801397724,10.3421746674933,31.2138400698862,177,43
141,0.950801048170842,1.11140651119035,6.41709416310423,10.4288513938448,32.0854708155211,178,43
141,0.955539366072409,1.11565320037248,6.59157537363363,10.5139771209712,32.9578768681681,179,43
141,0.961610243910873,1.12000433178409,6.76620662391679,10.5976177300437,33.831033119584,180,43
141,0.964895629194583,1.12443755636904,6.94095565107528,10.6798219305044,34.7047782553764,181,43
141,0.970118202975948,1.12892828280715,7.11577912463436,10.7606301672327,35.5788956231718,182,43
141,0.975334139709914,1.13345031043026,7.29062675061269,10.8400771656654,36.4531337530635,183,43
141,0.978887777344916,1.13797623444122,7.46543591823976,10.9181900242902,37.3271795911988,184,43
141,0.981764404412332,1.14247853215309,7.64016738291917,10.9950043789305,38.2008369145959,185,43
141,0.986647233410198,1.14692919812133,7.81476554118113,11.0705466699503,39.0738277059056,186,43
141,0.991916849923992,1.15129936369774,7.98911212167683,11.1448152685785,39.9455606083842,187,43
141,0.996393682925689,1.15555800211489,8.16309526161101,11.2178113268756,40.815476308055,188,43
141,1.00030853399455,1.15968141954936,8.33662624631868,11.2895454038746,41.6831312315934,189,43
141,1.00232119418119,1.16365081078326,8.5096085911663,11.3600242535367,42.5480429558315,190,43
141,1.00819554041907,1.16743823407256,8.68199683970362,11.4292745225147,43.4099841985181,191,43
141,1.01323075850733,1.17101405247273,8.85349473396348,11.4972226022664,44.2674736698174,192,43
141,1.01625393964061,1.17435217103993,9.02397226271309,11.5638632061155,45.1198613135654,193,43
141,1.01825574447716,1.17742805939633,9.19338278856961,11.6292230552567,45.966913942848,194,43
141,1.02091098932364,1.1802236429706,9.3616287026264,11.6933079754304,46.808143513132,195,43
141,0.964226440228419,1.11561208072465,9.52850141494782,11.7560817495369,47.6425070747391,196,43
141,0.967996245396067,1.11750748863268,9.6826118075969,11.8133776484639,48.4130590379845,197,43
141,0.96863398445055,1.11908665658146,9.83496725980535,11.869399667408,49.1748362990267,198,43
141,0.968675551042483,1.12020985100676,9.98566888526454,11.9242216267371,49.9283444263227,199,43
141,0.968329593927463,1.12065514628103,10.1345707368539,11.977825393248,50.6728536842695,200,43
141,0.96930596949554,1.12050504448282,10.2814556198038,12.0301679111927,51.4072780990189,201,43
141,0.968379734966832,1.11979395284101,10.4259721922467,12.0811602691294,52.1298609612336,202,43
141,0.966252527492505,1.11855549627599,10.5680830243177,12.1308256011702,52.8404151215885,203,43
141,0.963693576798196,1.11681987982293,10.7077040430344,12.1791695098516,53.5385202151718,204,43
141,0.96213058009881,1.11461459109574,10.8446888321365,12.2261754965187,54.2234441606827,205,43
141,0.965278270146228,1.11196463511374,10.9787641455874,12.2717840490569,54.8938207279372,206,43
141,0.963477869565131,1.10889056631085,11.1092078017279,12.3157861465706,55.5460390086397,207,43
141,0.959386896784744,1.1054225954221,11.2364185970829,12.3583522358529,56.1820929854147,208,43
141,0.95731029208396,1.10158953857234,11.3605620345188,12.3995693484273,56.8028101725939,209,43
141,0.957309121220162,1.09741683695705,11.4812302302548,12.4393328634738,57.406151151274,210,43
141,0.955330092640979,1.09295932833841,11.5979594813641,12.4775221716583,57.9897974068207,211,43
141,0.893593873493423,1.02261641639636,11.7109323935281,12.5142282951343,58.5546619676403,212,43
141,0.74406391622717,0.874568390603016,0.18,3.53112813245625,0.9,141,44
141,0.863151098433402,1.01543712121822,0.32774030776307,4.23427773773733,1.63870153881535,142,44
141,0.926155637421495,1.08767869099498,0.498781293653177,4.80890390496623,2.49390646826588,143,44
141,0.963258532941355,1.12975614143234,0.681851722246426,5.28678303883222,3.40925861123213,144,44
141,0.99148193902294,1.15826604806992,0.871782876653668,5.69548083584739,4.35891438326834,145,44
141,1.01247889858395,1.18008227026719,1.06669255074949,6.0545967226416,5.33346275374746,146,44
141,1.02943166757731,1.1982256113102,1.26518040293659,6.37593329950473,6.32590201468294,147,44
141,1.04285548263472,1.21406315545547,1.46647796915308,6.66768391247194,7.3323898457654,148,44
141,1.05485714265326,1.22828589164738,1.66997606598908,6.93547848727646,8.34988032994539,149,44
141,1.06509307728816,1.24127518702349,1.87540802287008,7.18364345919297,9.37704011435039,150,44
141,1.14066145769792,1.32964051140239,2.08248476644823,7.41529485851892,10.4124238322412,151,44
141,1.1592242506926,1.34197402018865,2.30418208796775,7.64613655493993,11.5209104398387,152,44
141,1.17047105179001,1.35345030427264,2.52847480680653,7.86442270424333,12.6423740340327,153,44
141,1.18489002597477,1.36411352010275,2.75438237708383,8.07103352797488,13.7719118854192,154,44
141,1.19321184394408,1.37403923834477,2.98215025019154,8.26771123782983,14.9107512509577,155,44
141,1.20758572313272,1.3832511303149,3.21107266854256,8.45510137354822,16.0553633427128,156,44
141,1.21542596596326,1.39181268556642,3.44160851097136,8.63462468925023,17.2080425548568,157,44
141,1.21994161395403,1.39974148376938,3.67309657632612,8.80664314881139,18.3654828816306,158,44
141,1.23326099933305,1.40706560427076,3.90522214816724,8.97170663844432,19.5261107408362,159,44
141,1.25161618332429,1.41383472175157,4.13851430749351,9.13084644585726,20.6925715374676,160,44
141,1.25698385629865,1.42007614104936,4.37294128595506,9.28458095994823,21.8647064297753,161,44
141,1.26042052142838,1.42579692874472,4.60777954739241,9.43292896654447,23.038897736962,162,44
141,1.25265088214135,1.43101927726422,4.84289463897091,9.57626283410208,24.2144731948545,163,44
141,1.25433664473877,1.43575645146433,5.07785191574424,9.71473389918474,25.3892595787212,164,44
141,1.25372728109842,1.44003534275039,5.31290154159479,9.84886037731686,26.5645077079739,165,44
141,1.25390444156585,1.44387066411403,5.54787557032333,9.97887122933887,27.7393778516167,166,44
141,1.25479189094329,1.44727776134964,5.78272970963495,10.1050353469883,28.9136485481748,167,44
141,1.25917344476836,1.44983923059105,6.01741328345016,10.2275891901845,30.0870664172508,168,44
141,1.25976893401176,1.45087333640044,6.25190988877984,10.3467617283215,31.2595494438992,169,44
141,1.26113337525917,1.45017455798709,6.48580692160736,10.4625651928862,32.4290346080368,170,44
141,1.25952624053869,1.44784932377112,6.71880470370503,10.5750645293783,33.5940235185251,171,44
141,1.25334643677662,1.44399326419545,6.95050564723643,10.684272605452,34.7525282361821,172,44
141,1.25010860942703,1.4386950866153,7.18052138427483,10.7902046419018,35.9026069213741,173,44
141,1.24695929270921,1.43203990459407,7.40859085933901,10.8929302122821,37.0429542966951,174,44
141,1.23797167529159,1.42410814203475,7.63437222123427,10.9924764842155,38.1718611061713,175,44
141,1.22291730782758,1.41497861411558,7.85754086979102,11.0888742821854,39.2877043489551,176,44
141,1.21509930210794,1.40472477062135,8.07779335019493,11.182159145448,40.3889667509747,177,44
141,1.20709505748213,1.39343046061183,8.29486209822692,11.2723767795605,41.4743104911346,178,44
141,1.19970275892192,1.38118815337415,8.50843384191049,11.3595490038854,42.5421692095525,179,44
141,1.19544067077564,1.36807455083116,8.71816948628158,11.4436835891051,43.5908474314079,180,44
141,1.18130752144212,1.35418952515546,8.92356735596708,11.524721702302,44.6178367798354,181,44
141,1.1690646154175,1.33963141812843,9.12472018733067,11.6028345167026,45.6236009366533,182,44
141,1.15900119109562,1.32451876253392,9.32127660954693,11.6780114934545,46.6063830477347,183,44
141,1.14775762982797,1.3089688227579,9.51283450789088,11.7502209573026,47.5641725394544,184,44
141,1.13501145272107,1.29311659759537,9.699209998317,11.8195105940558,48.496049991585,185,44
141,1.12261143386214,1.2771067645351,9.88032764514663,11.8859620136955,49.4016382257332,186,44
141,1.11169245246602,1.26110862026874,10.055993767911,11.9496070857685,50.279968839555,187,44
141,1.10094308139567,1.2452921946536,10.2259009579096,12.0104326370632,51.129504789548,188,44
141,1.08864969892804,1.22984674802267,10.3899235964163,12.0684869464432,51.9496179820813,189,44
141,1.07519206849733,1.21498721371869,10.5483079065984,12.123942523243,52.7415395329919,190,44
141,1.06132246378418,1.20092709710382,10.7013928777014,12.176993774052,53.5069643885071,191,44
141,1.05247117147954,1.18788875382633,10.8494951340538,12.2278172334772,54.2474756702688,192,44
141,1.04216683511184,1.17609846849246,10.9919851706598,12.2762603911453,54.9599258532992,193,44
141,1.03241397435744,1.16579815993071,11.1295541895069,12.3226170074117,55.6477709475343,194,44
141,1.02593411179857,1.15722807779912,11.2626214306504,12.367078218994,56.3131071532519,195,44
141,0.962180374621971,1.08512923911619,11.3911022448159,12.4096609115127,56.9555112240796,196,44
141,0.95916625234967,1.08089248183553,11.5044288312193,12.4469440253187,57.5221441560965,197,44
141,0.956373254100296,1.07892898716883,11.6142496975603,12.4828303708614,58.0712484878017,198,44
141,0.954050365982455,1.07836619626602,11.7214496455543,12.5176328871003,58.6072482277716,199,44
141,0.952911208618281,1.07807448914976,11.8264715681257,12.5515138401109,59.1323578406284,200,44
141,0.95255217857461,1.07807420389604,11.9291098665151,12.5844238023148,59.6455493325753,201,44
141,0.953419931887435,1.0783483805669,12.0292850691253,12.61635423603,60.1464253456266,202,44
141,0.953224177806511,1.07887907398464,12.1268011192683,12.6472595533991,60.6340055963415,203,44
141,0.953210789507173,1.07965250449216,12.2220505795402,12.6772797591599,61.110252897701,204,44
141,0.952926727496201,1.08065203654588,12.3150948199484,12.706447904046,61.575474099742,205,44
141,0.958831298549245,1.08186138165713,12.4061041677554,12.7348299196365,62.030520838777,206,44
141,0.96295237366739,1.08325044253995,12.4935407949149,12.7619613976221,62.4677039745746,207,44
141,0.963348461234181,1.08480394167497,12.5779255035108,12.788020663067,62.8896275175538,208,44
141,0.967810525921875,1.08651142500936,12.6604795663787,12.8133969470632,63.3023978318935,209,44
141,0.974908108258624,1.08834270150799,12.7400351779418,12.8377426497963,63.7001758897088,210,44
141,0.979876119700237,1.0902943403499,12.8157043882599,12.8608009065929,64.0785219412997,211,44
141,0.922819908213045,1.02660885948234,12.888243989918,12.8828165816754,64.44121994959,212,44
141,0.0128728788473148,0.0170127047471815,0.18,3.53112813245625,0.9,141,45
141,0.0131226756890501,0.0173401865606485,0.182310418658083,3.54480179287315,0.911552093290413,142,45
141,0.0133958024306811,0.0176735272925839,0.184668063630739,3.55863100919084,0.923340318153693,143,45
141,0.0136520062955586,0.018012780524619,0.187073246129336,3.57261284060374,0.935366230646681,144,45
141,0.0139101030466633,0.018358100241492,0.189527488939327,3.58675131209744,0.947637444696637,145,45
141,0.0141658564459357,0.018704749179818,0.192031737360984,3.60104693392973,0.960158686804918,146,45
141,0.0144378794714064,0.0190625541031371,0.194586209320904,3.6154960117464,0.972931046604518,147,45
141,0.0147115528731835,0.0194272522838171,0.197192368403266,3.63010184508776,0.985961842016332,148,45
141,0.0149927563080362,0.0197984123073071,0.199851285713837,3.64486535323748,0.999256428569186,149,45
141,0.0152729206655012,0.0201761304529402,0.202563848712164,3.65978632377729,1.01281924356082,150,45
141,0.0163052494839878,0.021538311360349,0.205331085556605,3.67486522225398,1.02665542778302,151,45
141,0.016624074266955,0.0219631802071129,0.208300596030621,3.69088959951094,1.04150298015311,152,45
141,0.016948745693862,0.0223957820529625,0.211331595586739,3.70708242664788,1.05665797793369,153,45
141,0.017281858468458,0.0228362402915444,0.214425197430389,3.72344363575577,1.07212598715194,154,45
141,0.0176200416209327,0.0232846687219009,0.217582546398519,3.73997321638146,1.0879127319926,155,45
141,0.0179664605934663,0.0237411767233684,0.220804794756019,3.75667108633151,1.10402397378009,156,45
141,0.0183192387804902,0.0242058806701137,0.2240931327698,3.77353724978311,1.120465663849,157,45
141,0.01868514332527,0.0246788953717545,0.227448758291325,3.79057163775348,1.13724379145662,158,45
141,0.0190516252742432,0.0251603421621967,0.23087296471005,3.8077745498614,1.15436482355025,159,45
141,0.0194246750610475,0.0256503288514346,0.234366927640269,3.82514557863437,1.17183463820134,160,45
141,0.0198072172666597,0.0261489676181951,0.237931898492617,3.84268459177132,1.18965949246308,161,45
141,0.0201816404016529,0.0266563735603002,0.241569189730405,3.86039164531882,1.20784594865202,162,45
141,0.0205755046055122,0.0271726325065825,0.24527983598828,3.87826534861034,1.2263991799414,163,45
141,0.0209722002961616,0.0276978714345406,0.249065341098726,3.89630648066433,1.24532670549363,164,45
141,0.0213866032679421,0.0282321884992821,0.252926938812505,3.91451440792157,1.26463469406252,165,45
141,0.0218008363094012,0.0287757094614632,0.256866189421837,3.93288992522438,1.28433094710918,166,45
141,0.0222259138159502,0.0293285221824305,0.260884292989838,3.95143202625872,1.30442146494919,167,45
141,0.0226940683848629,0.0298907348170245,0.264982702503322,3.97014078181827,1.32491351251661,168,45
141,0.023155227468022,0.0304625257014479,0.269163642633818,3.98901961110929,1.34581821316909,169,45
141,0.0236039966503129,0.0310439595146252,0.273428193825298,4.00806658715603,1.36714096912649,170,45
141,0.0240028737606901,0.0316350897439681,0.277777368355364,4.02727944963024,1.38888684177682,171,45
141,0.0245153906621867,0.0322358670756111,0.282211163374713,4.04665150991242,1.41105581687356,172,45
141,0.0249838085977243,0.0328466330130951,0.286733676394554,4.06619387983914,1.43366838197277,173,45
141,0.0254710021400291,0.0334673446020968,0.291345068632573,4.08590034273132,1.45672534316286,174,45
141,0.0259660297585779,0.0340981073827968,0.296047093601233,4.10577153000571,1.48023546800616,175,45
141,0.0264640857567746,0.0347389967899212,0.300841248041802,4.12580686389734,1.50420624020901,176,45
141,0.0269420131704406,0.0353900714335543,0.305728912385801,4.14600519964346,1.52864456192901,177,45
141,0.0274716713881383,0.0360513206272096,0.310710813406284,4.16636267316984,1.55355406703142,178,45
141,0.0280750708874602,0.0367229230010148,0.315789687974222,4.1868835563599,1.57894843987111,179,45
141,0.028552561065349,0.0374050982287973,0.320968754850089,4.20757373252208,1.60484377425044,180,45
141,0.0290998608135493,0.0380975644876651,0.32624614322993,4.22841871501361,1.63123071614965,181,45
141,0.0296944889573584,0.0388005174485063,0.331624959837697,4.249423881336,1.65812479918848,182,45
141,0.0303281818607006,0.0395140960637128,0.337107796751106,4.2705922820436,1.68553898375553,183,45
141,0.0308490443808722,0.040238388756592,0.342696799233923,4.29192502080841,1.71348399616962,184,45
141,0.0315020353824527,0.0409731576003883,0.348390835883734,4.31341074226119,1.74195417941867,185,45
141,0.0320762541294286,0.0417186839004012,0.354194185052684,4.33505855854223,1.77097092526342,186,45
141,0.0326382385200902,0.0424747995287518,0.360106587839871,4.3568604227479,1.80053293919935,187,45
141,0.0331695284061006,0.043241460792543,0.366129143413415,4.37881346525536,1.83064571706707,188,45
141,0.0338401518577043,0.0440185530723056,0.372262302848159,4.40091251960886,1.8613115142408,189,45
141,0.0344583283378421,0.0448064056777182,0.378510975564575,4.42316834054633,1.89255487782287,190,45
141,0.0351433370547023,0.0456048390331595,0.384875189616608,4.4455739999012,1.92437594808304,191,45
141,0.0358384844667346,0.0464139456375421,0.391357890140801,4.46813287247602,1.95678945070401,192,45
141,0.0365934347733798,0.0472336751667113,0.397960548752456,4.49084303399727,1.98980274376228,193,45
141,0.0372488981211476,0.048064035082666,0.404685330110879,4.51370488506551,2.02342665055439,194,45
141,0.0381994876735766,0.0489048041062883,0.411532130360051,4.5367111242558,2.05766065180025,195,45
141,0.0371424462349796,0.0474719685795905,0.418504009463972,4.55986513049423,2.09252004731986,196,45
141,0.0377688788881587,0.0482642058726453,0.425247339520408,4.58200573514042,2.12623669760204,197,45
141,0.0385817767864159,0.0490667841828335,0.432107072032543,4.60427886078671,2.16053536016271,198,45
141,0.0393412080917196,0.0498909619554257,0.439081327143481,4.62667260427321,2.19540663571741,199,45
141,0.040031272228906,0.0507122209304738,0.446174003218218,4.64919375401506,2.23087001609109,200,45
141,0.0409221090278867,0.0515424289495931,0.45338636658637,4.6718405047766,2.26693183293185,201,45
141,0.0415579806833871,0.0523807535265911,0.460711710995261,4.69458643518433,2.3035585549763,202,45
141,0.0425125958388252,0.0532280633921558,0.468162122822571,4.71746360502229,2.34081061411286,203,45
141,0.0431370154667342,0.0540827480513434,0.475722467618764,4.74042039625067,2.37861233809382,204,45
141,0.0436991161344181,0.0549463510321039,0.483412514875523,4.76351162856152,2.41706257437762,205,45
141,0.0442652300907995,0.0558190089233792,0.491236684446799,4.78674431695367,2.456183422234,206,45
141,0.0448836319171488,0.0567004567766421,0.499195067440291,4.8101124406147,2.49597533720145,207,45
141,0.0456502878683243,0.0575902840255898,0.507286231790452,4.83360575990387,2.53643115895226,208,45
141,0.0463589713045673,0.0584878676816111,0.51550645286367,4.85720786164207,2.57753226431835,209,45
141,0.0470201956792507,0.0593932061864312,0.523859055575707,4.88092289155223,2.61929527787854,210,45
141,0.0476706512854067,0.0603063192721556,0.532346824700378,4.90475323851155,2.66173412350189,211,45
141,0.0455922970546366,0.0582222854077514,0.54097101568482,4.9286968956845,2.7048550784241,212,45
141,0.132306282217496,0.174744738860236,0.18,3.53112813245625,0.9,141,46
141,0.145559063126518,0.19224715739452,0.206195235742407,3.67954500940658,1.03097617871203,142,46
141,0.159208610452168,0.210267719142971,0.235015545251962,3.82835043108265,1.17507772625981,143,46
141,0.173159793211432,0.228698606101902,0.26653878467041,3.97719128716926,1.33269392335205,144,46
141,0.187348852314959,0.247438148297446,0.300824127276746,4.12573571153017,1.50412063638373,145,46
141,0.201663339945809,0.266346545366948,0.337917744088794,4.27369897884634,1.68958872044397,146,46
141,0.216122022277216,0.285443558666317,0.377843515822586,4.42080332940334,1.88921757911293,147,46
141,0.230646287144851,0.304626314411764,0.420629049892358,4.56686901004295,2.10314524946179,148,46
141,0.245194742807196,0.323840662531073,0.466286295067367,4.71172774342674,2.33143147533683,149,46
141,0.259739416936999,0.343050703977646,0.51481898278125,4.8552440746317,2.57409491390625,150,46
141,0.28862169521728,0.381197494403861,0.566225319369225,4.9973152082366,2.83112659684612,151,46
141,0.304706464426113,0.402439951505358,0.623368294144712,5.14505358724061,3.11684147072356,152,46
141,0.320749248036137,0.423629131470676,0.683688661364089,5.29109500225159,3.41844330682044,153,46
141,0.336755517183244,0.444763492735946,0.747177022322292,5.43540566321343,3.73588511161146,154,46
141,0.352726697632645,0.465847292572757,0.813824960737165,5.57797622656552,4.06912480368583,155,46
141,0.368656954985338,0.486888243897771,0.883624421235219,5.71881388950926,4.41812210617609,156,46
141,0.384557819750774,0.507895646496586,0.956566493230068,5.85793550337424,4.78283246615034,157,46
141,0.400458490005853,0.528879805259004,1.03264449994024,5.99537015252849,5.16322249970121,158,46
141,0.416368642699498,0.549851733232548,1.11185710365982,6.13116085445604,5.55928551829912,159,46
141,0.432331843936177,0.570821378813055,1.19420487126342,6.26535522508444,5.97102435631712,160,46
141,0.448298650431271,0.591798564118008,1.2796961641804,6.398012762629,6.398480820902,161,46
141,0.464811801972926,0.612788700495377,1.36833087276466,6.52917807306392,6.84165436382329,162,46
141,0.480646130347192,0.633816146131308,1.46020328129417,6.65902573863495,7.30101640647087,163,46
141,0.496557650285939,0.654854265539604,1.5551952027935,6.78742610003274,7.77597601396748,164,46
141,0.512692575794669,0.675905265016294,1.65331946589309,6.91444292779615,8.26659732946544,165,46
141,0.528668543958796,0.696974165834608,1.75461412506917,7.04016610591087,8.77307062534583,166,46
141,0.544750771787462,0.71805018086331,1.85905121428041,7.16459946013723,9.29525607140205,167,46
141,0.563003496542349,0.739130417823549,1.96664832518815,7.28780205611448,9.83324162594075,168,46
141,0.579853019565977,0.760276451127,2.07777576666134,7.41020970751998,10.3888788333067,169,46
141,0.595822679901711,0.78142948819837,2.19219234254765,7.53156169355208,10.9609617127382,170,46
141,0.610737558558874,0.802551138931159,2.30974759373253,7.65172834345967,11.5487379686626,171,46
141,0.626794100140394,0.823600097460934,2.4302610957965,7.7705722174285,12.1513054789825,172,46
141,0.642719677139239,0.84460028931497,2.55392395437916,7.88832558217633,12.7696197718958,173,46
141,0.658717571595366,0.865536356419518,2.68071166872371,8.00499812203378,13.4035583436186,174,46
141,0.675304172317364,0.88639854178187,2.81063367475262,8.12063072207024,14.0531683737631,175,46
141,0.691628970695432,0.907190221517974,2.94378580183616,8.23533490308455,14.7189290091808,176,46
141,0.707773491135378,0.927891493516877,3.08012006712063,8.34909258803634,15.4006003356031,177,46
141,0.724085038959379,0.948485361137415,3.21960175111325,8.46190053707453,16.0980087555662,178,46
141,0.740273723973986,0.968963815997687,3.36225343935858,8.57380218315021,16.8112671967929,179,46
141,0.755294984070413,0.98931196139232,3.50804860289838,8.68480096340351,17.5402430144919,180,46
141,0.770647687578277,1.00949211122862,3.65678702346256,8.79477509926774,18.2839351173128,181,46
141,0.787866816684393,1.02950255246289,3.8085159353655,8.90379340442051,19.0425796768275,182,46
141,0.801472909190988,1.04937357612292,3.96353412098704,9.01209222157892,19.8176706049352,183,46
141,0.817622963538849,1.06901887396485,4.12123766522903,9.11927880440054,20.6061883261452,184,46
141,0.834359867670087,1.08848378567192,4.28203296307802,9.22566261148278,21.4101648153901,185,46
141,0.850004367218494,1.10777020230483,4.44600193123897,9.33131636553355,22.2300096561948,186,46
141,0.863135979002324,1.12684778045434,4.61295152029469,9.43613617634649,23.0647576014734,187,46
141,0.878018137706518,1.14566333002684,4.78245882075681,9.53989064238235,23.9122941037841,188,46
141,0.896184902534488,1.16424428052705,4.95478845004988,9.64277752625461,24.7739422502494,189,46
141,0.909615816388597,1.18264202600312,5.13044492954645,9.74511501932522,25.6522246477322,190,46
141,0.928116628345576,1.20076783829875,5.30864684154481,9.8464696477076,26.5432342077241,191,46
141,0.942590896094772,1.21869845776161,5.49016687434305,9.94730208880922,27.4508343717152,192,46
141,0.958197871340552,1.23636218276895,5.67433817776723,10.0472597807989,28.3716908888361,193,46
141,0.972253890844152,1.25377166651206,5.86129963681075,10.1464450276133,29.3064981840538,194,46
141,0.989282998594906,1.27089945819458,6.05077028990438,10.2447366348742,30.2538514495219,195,46
141,0.951912544408429,1.22149941376356,6.24315504147976,10.3423689587139,31.2157752073988,196,46
141,0.96439132225296,1.23636947864376,6.42770403624133,10.4340734826079,32.1385201812066,197,46
141,0.98045388560938,1.25100094714601,6.61431991602645,10.5249575560716,33.0715995801322,198,46
141,0.996016714605995,1.26559370998255,6.80346038393346,10.6152654121751,34.0173019196673,199,46
141,1.00961946508742,1.27979096774023,6.99497912936005,10.7049430480118,34.9748956468002,200,46
141,1.02346715563968,1.29373435515771,7.18850898968357,10.7938405096787,35.9425449484178,201,46
141,1.03448050552761,1.30742269439007,7.38399285662022,10.8819578998574,36.9199642831011,202,46
141,1.04763842259412,1.32082517865807,7.58095185337422,10.9691108768042,37.9047592668711,203,46
141,1.06078225740305,1.33396026685039,7.77956810651277,11.0554133907865,38.8978405325638,204,46
141,1.06692026908596,1.34682438125902,7.97971967161355,11.1408431946361,39.8985983580678,205,46
141,1.0830110004723,1.35935438097857,8.18037300666446,11.2250009532382,40.9018650333223,206,46
141,1.08773264325165,1.37163469252159,8.38268280967661,11.3084092129782,41.913414048383,207,46
141,1.0994873958745,1.38356860060535,8.58504711172625,11.3904479402302,42.9252355586312,208,46
141,1.11108671527389,1.3952132960342,8.78821454210736,11.471467406936,43.9410727105368,209,46
141,1.11664890474288,1.40656471435612,8.99199479287057,11.5514303071125,44.9599739643528,210,46
141,1.1237220710219,1.41758251173195,9.19545651120025,11.6300178920254,45.9772825560013,211,46
141,1.05750989518884,1.34891673055836,9.3986097904313,11.7072862891839,46.9930489521565,212,46
141,0.116653095912685,0.153041195831698,0.18,3.53112813245625,0.9,141,47
141,0.128293298719978,0.168064841615558,0.203043617399842,3.66241086636352,1.01521808699921,142,47
141,0.140441892518931,0.183912704297465,0.228385806820462,3.79529712690291,1.14192903410231,143,47
141,0.15304827968446,0.200538945516939,0.256130208513228,3.92947177155794,1.28065104256614,144,47
141,0.166473390422546,0.217891868547705,0.286370710998407,4.06463342092212,1.43185355499204,145,47
141,0.180204463936385,0.235902430311356,0.319262371077105,4.20078266523218,1.59631185538553,146,47
141,0.194515396689531,0.254604324686713,0.354870303449385,4.33756451585483,1.77435151724692,147,47
141,0.209206958533309,0.273914980679114,0.393307618310925,4.47486666271564,1.96653809155462,148,47
141,0.224110306485584,0.293773853599086,0.434651281977163,4.61247709253226,2.17325640988582,149,47
141,0.240162865593887,0.314116679502549,0.478947753075951,4.75013654248151,2.39473876537975,150,47
141,0.269449316445899,0.351908770459778,0.526404510469469,4.88809761158786,2.63202255234735,151,47
141,0.287197766157313,0.375439929185642,0.579666300690956,5.03296892578722,2.89833150345478,152,47
141,0.305405733032693,0.399381714376071,0.636442129305388,5.17751637873911,3.18221064652694,153,47
141,0.324499769202563,0.423689626975431,0.696818520779526,5.32168281556662,3.48409260389763,154,47
141,0.343524375834273,0.448348806102267,0.760955097867086,5.46558517293229,3.80477548933543,155,47
141,0.362948736056928,0.47328247511177,0.828845294181081,5.60897453249417,4.14422647090541,156,47
141,0.382589858096342,0.498448960303565,0.90056231365072,5.75181314426848,4.5028115682536,157,47
141,0.401616966437392,0.523797961717275,0.976146759887075,5.89401501797272,4.88073379943537,158,47
141,0.421611708356706,0.549237816702804,1.05549525394674,6.03526633881398,5.27747626973372,159,47
141,0.441656229562348,0.574768081301384,1.13877489665023,6.175766462362,5.69387448325115,160,47
141,0.461308805370733,0.600338718472248,1.22599441120566,6.31543354268676,6.12997205602829,161,47
141,0.479513176764267,0.625882632671774,1.31708600009887,6.45409245607229,6.58543000049434,162,47
141,0.499588191555876,0.651292188882342,1.411799735245,6.59134831243009,7.05899867622499,163,47
141,0.518886397157201,0.676615744230107,1.51045220881172,6.72764892787885,7.5522610440586,164,47
141,0.539790570237958,0.701782133962389,1.61290706727307,6.86278507394802,8.06453533636536,165,47
141,0.558043017245241,0.726821615962624,1.71943285646975,6.9970879096324,8.59716428234877,166,47
141,0.577222858271065,0.751597689431269,1.82957416700176,7.12998278505182,9.14787083500882,167,47
141,0.599007636828937,0.776121222221742,1.9434813618386,7.26167947162085,9.71740680919298,168,47
141,0.619867618062669,0.800456145327409,2.06158545806002,7.39266460449144,10.3079272903001,169,47
141,0.639431944481153,0.824538639444184,2.18371974176036,7.52272896252725,10.9185987088018,170,47
141,0.656407006667383,0.848302453507983,2.30965851507397,7.65163891812274,11.5482925753698,171,47
141,0.675561345697413,0.871653387909042,2.43896400839038,7.77899410676636,12.1948200419519,172,47
141,0.691058265697165,0.894645284032555,2.5719834743753,7.90518730225643,12.8599173718765,173,47
141,0.710057813908712,0.9171670048124,2.70810285970185,8.02969646567255,13.5405142985092,174,47
141,0.730239295326727,0.939308920673125,2.84788520971323,8.15309607901067,14.2394260485661,175,47
141,0.742390182890948,0.961089540810128,2.99150647430455,8.27556301933901,14.9575323715228,176,47
141,0.762448388761943,0.982310364565712,3.13764604048453,8.39604041661176,15.6882302024227,177,47
141,0.779134434827434,1.00316102484619,3.28757427185687,8.51564281560333,16.4378713592843,178,47
141,0.796706046336192,1.02356063331646,3.44072667943002,8.63395419899612,17.2036333971501,179,47
141,0.811695466816143,1.04352864554131,3.59722682701502,8.75111867511328,17.9861341350751,180,47
141,0.826602763731244,1.06301539645127,3.75664438283354,8.86686955407272,18.7832219141677,181,47
141,0.843152210498295,1.08202648895097,3.9189470672183,8.98124983787994,19.5947353360915,182,47
141,0.855402453718653,1.10059834579475,4.08437363221037,9.09448288194946,20.4218681610519,183,47
141,0.870636313170223,1.11866263772909,4.25222521559076,9.20615432189657,21.2611260779538,184,47
141,0.88618514999972,1.13628095181452,4.4229484171901,9.31662768394293,22.1147420859505,185,47
141,0.901121597430044,1.15346514170906,4.59656598075929,9.42596665638325,22.9828299037964,186,47
141,0.914360131587805,1.17021266550988,4.77295383853139,9.53414113608581,23.864769192657,187,47
141,0.925934164295465,1.18650750443317,4.95182137821177,9.64102734993599,24.7591068910588,188,47
141,0.939729212371653,1.20233795284298,5.13288326442656,9.74651828348903,25.6644163221328,189,47
141,0.956693595950078,1.21774699615797,5.316444826977,9.85085034258664,26.582224134885,190,47
141,0.968571874340874,1.23278152476292,5.50293909538999,9.95430890108758,27.5146954769499,191,47
141,0.980284061828434,1.24738570251803,5.69156352032206,10.0564924538617,28.4578176016103,192,47
141,0.992005855022124,1.26156897591815,5.88224868940777,10.1574206778435,29.4112434470388,193,47
141,0.998262915071608,1.27534241201681,6.07494641922065,10.2571234370052,30.3747320961032,194,47
141,1.00982760153248,1.2886604625275,6.26880414340034,10.3552263644305,31.3440207170017,195,47
141,0.970293473490951,1.23263111472796,6.46454228346513,10.4521584443078,32.3227114173257,196,47
141,0.979986616574949,1.24382468523939,6.65175682908528,10.5429738944143,33.2587841454264,197,47
141,0.993333747791099,1.25470930157868,6.840404657965,10.6327000969175,34.202023289825,198,47
141,1.00528183773787,1.26544479992318,7.03091130342964,10.7215768533421,35.1545565171482,199,47
141,1.01959969256349,1.27575719635121,7.22299898250255,10.8095077157902,36.1149949125128,200,47
141,1.03198659613424,1.28579708526393,7.41685799000334,10.8966121900501,37.0842899500167,201,47
141,1.04047625495681,1.29555345128433,7.61211880727473,10.9827569247529,38.0605940363736,202,47
141,1.05082019569856,1.30500641214538,7.8081949013549,11.0677252084495,39.0409745067745,203,47
141,1.0588587855971,1.31417285064089,8.00518722944144,11.1516058979136,40.0259361472072,204,47
141,1.06510176377244,1.32304486015959,8.20270087955969,11.2342763830549,41.0135043977984,205,47
141,1.07639963126648,1.33161895576856,8.40040072673597,11.315646863074,42.0020036336798,206,47
141,1.07442438275486,1.33992653613592,8.59870995905948,11.3959380962342,42.9935497952974,207,47
141,1.08468238934568,1.34790715117947,8.79599806244566,11.4745452498682,43.9799903122283,208,47
141,1.09634491699367,1.35562807252612,8.99349477179398,11.5520141899202,44.9674738589699,209,47
141,1.09911308959242,1.36309789368388,9.19116247514607,11.6283718931966,45.9558123757304,210,47
141,1.10167239911845,1.37028826220245,9.38787311335455,11.7032319363568,46.9393655667728,211,47
141,1.03066255051108,1.29818133483715,9.5834276296803,11.7765760581517,47.9171381484015,212,47
141,0.0223950763037173,0.0288572351819017,0.18,3.53112813245625,0.9,141,48
141,0.0229815697389769,0.02949589204242,0.184126424835287,3.55546485982891,0.920632124176437,142,48
141,0.0234560629999537,0.0301475126235559,0.188347935798078,3.5799721370128,0.941739678990391,143,48
141,0.0239054544710355,0.0308120617438712,0.192664778920049,3.60464008750339,0.963323894600244,144,48
141,0.024504010410607,0.0314896122707803,0.197077974989635,3.62946357630571,0.985389874948174,145,48
141,0.025027304972511,0.0321722024940351,0.201592139219515,3.65445734890357,1.00796069609758,146,48
141,0.0255667595170616,0.0328768713188629,0.206206451995082,3.67960566084503,1.03103225997541,147,48
141,0.0261908938627483,0.0335962575262287,0.21092421655073,3.70491549849699,1.05462108275365,148,48
141,0.0267231641914299,0.0343298261295026,0.215749054722396,3.73039490396853,1.07874527361198,149,48
141,0.0273773244368839,0.0350775086090717,0.22068114916091,3.75603349243645,1.10340574580455,150,48
141,0.029305538008872,0.0375304291370338,0.2257247229787,3.78184184462903,1.1286236148935,151,48
141,0.0299604823504503,0.0383857718107603,0.231142856144062,3.80912288069432,1.15571428072031,152,48
141,0.0305675712736918,0.039258205696208,0.236687079924714,3.83658125092247,1.18343539962357,153,48
141,0.0313459464685026,0.0401477065382842,0.242358061370948,3.86420747185958,1.21179030685474,154,48
141,0.0321971852235003,0.0410551980364669,0.248163047595585,3.89202373027103,1.24081523797793,155,48
141,0.0329557794769103,0.041981065709974,0.254105745967332,3.92003400716592,1.27052872983666,156,48
141,0.0336506651491175,0.0429251725704743,0.260186302966756,3.94822540842865,1.30093151483378,157,48
141,0.0343733898564313,0.0438875228311075,0.266405862141117,3.97659014635784,1.33202931070559,158,48
141,0.0351815516664869,0.0448683664949606,0.272767290093138,4.00512838237065,1.36383645046569,159,48
141,0.0358717524418715,0.0458681898447515,0.279275130602985,4.03384739479638,1.39637565301493,160,48
141,0.0366799343449218,0.0468866936250367,0.285928605072762,4.06273085824264,1.42964302536381,161,48
141,0.0374170403688842,0.0479245111864667,0.292733385028011,4.09179060677645,1.46366692514005,162,48
141,0.0383103809578745,0.0489814385158697,0.29968945144682,4.12101379501316,1.4984472572341,163,48
141,0.0391572470200366,0.0500583836549546,0.306804516363399,4.15041988815221,1.53402258181699,164,48
141,0.040421951041238,0.0511552496512959,0.314079435848144,4.17999924452214,1.57039717924072,165,48
141,0.0411939801993583,0.0522736978383518,0.321527340356309,4.20979132373647,1.60763670178154,166,48
141,0.0420676580151145,0.0534122584312037,0.329139711508083,4.23974831847311,1.64569855754042,167,48
141,0.0429938308191651,0.0545713181189214,0.336920962041269,4.26987490605933,1.68460481020635,168,48
141,0.0439846506310024,0.0557511799126112,0.344875009733438,4.30017339600664,1.72437504866719,169,48
141,0.0450396435604792,0.0569521844813078,0.353006125903102,4.33064706159369,1.76503062951551,170,48
141,0.0458553015154105,0.0581746264022816,0.361318352618413,4.36129792265035,1.80659176309207,171,48
141,0.0470505571323652,0.0594178954956141,0.369809433033377,4.39210499139714,1.84904716516688,172,48
141,0.0479511225484159,0.0606832627289949,0.378490469395783,4.42309572430284,1.89245234697891,173,48
141,0.0491017112598189,0.0619699577014193,0.387358234026655,4.45424570540332,1.93679117013327,174,48
141,0.0502012854124625,0.0632787740751193,0.396420669257444,4.48557016285389,1.98210334628722,175,48
141,0.051057299795729,0.0646096283957873,0.405679596062332,4.51706251513882,2.02839798031166,176,48
141,0.052321939280781,0.0659619013602013,0.41513306960055,4.54870389310618,2.07566534800275,177,48
141,0.0536123542437832,0.06733684727204,0.424792670785834,4.58052063048993,2.12396335392917,178,48
141,0.0549276261883005,0.0687344119540112,0.434660739379799,4.61250750473685,2.173303696899,179,48
141,0.0559471975281702,0.0701545091389929,0.444739477091213,4.64465898552758,2.22369738545607,180,48
141,0.0571239053742643,0.0715969064495317,0.455030117157864,4.67696668185182,2.27515058578932,181,48
141,0.0582853040882198,0.0730617793250502,0.465536953549618,4.70943192909081,2.32768476774809,182,48
141,0.0594476504120887,0.0745491210006017,0.476263073564982,4.74205216331499,2.38131536782491,183,48
141,0.0607740142484941,0.076058920662816,0.487211648719497,4.7748250565719,2.43605824359749,184,48
141,0.0616351899553578,0.077591392007766,0.498387626085819,4.80775344602035,2.49193813042909,185,48
141,0.0628619212868126,0.0791455902448878,0.50978751318729,4.84081553904188,2.54893756593645,186,48
141,0.0645166278092305,0.0807221670138553,0.521419716381919,4.87402443762475,2.6070985819096,187,48
141,0.0655993205292782,0.0823220215219162,0.533294699406819,4.90739802244608,2.6664734970341,188,48
141,0.0670136816547454,0.0839438499562268,0.545406646425384,4.94090821494695,2.72703323212692,189,48
141,0.0687754454664988,0.0855882137363334,0.557763500493912,4.97456568352168,2.78881750246956,190,48
141,0.070163139524766,0.0872552122556275,0.570370298433516,5.00837255982773,2.85185149216758,191,48
141,0.0714707090141309,0.0889442937373006,0.583227336731486,5.04231826898399,2.91613668365743,192,48
141,0.0727551480784574,0.0906553050876381,0.596337907005794,5.07640045493749,2.98168953502897,193,48
141,0.0739938917402607,0.0923880275992195,0.609704943276482,5.11061585328496,3.04852471638241,194,48
141,0.0753105945263623,0.0941421341130927,0.623330686543525,5.14495952484902,3.11665343271762,195,48
141,0.0736419876122014,0.0915773720849956,0.6372183762519,5.17942915434263,3.1860918812595,196,48
141,0.0749033164335199,0.0932145640943337,0.650685859377837,5.2123592962603,3.25342929688918,197,48
141,0.0767487302914519,0.0948725195164382,0.664398692612691,5.24540482581144,3.32199346306346,198,48
141,0.0782669099536814,0.0965742054921355,0.678354574064851,5.27855153021261,3.39177287032425,199,48
141,0.079855134687616,0.0982697888908239,0.692562948606777,5.31181320936315,3.46281474303388,200,48
141,0.0817188291059865,0.099982661900172,0.707020030000931,5.34517247219311,3.53510015000466,201,48
141,0.0832159034664386,0.101711120465553,0.721716558340571,5.37860045505246,3.60858279170286,202,48
141,0.084585097442268,0.103456472880852,0.736668393444669,5.41212577090337,3.68334196722335,203,48
141,0.0857365193014862,0.105219173100061,0.751884606564811,5.4457604559397,3.75942303282406,204,48
141,0.0869367140920674,0.10699989506065,0.767376402472287,5.47952039979741,3.83688201236143,205,48
141,0.0882346508591124,0.108797806480619,0.783142517642191,5.51339390357226,3.91571258821096,206,48
141,0.0892758745473449,0.110612066524241,0.799181697795512,5.54736983534596,3.99590848897756,207,48
141,0.0911040821383221,0.11244248042901,0.815498320004957,5.58144926801218,4.07749160002479,208,48
141,0.0934749131702095,0.11428745843446,0.832084936543907,5.61560894504536,4.16042468271953,209,48
141,0.0947873041596033,0.11614410306877,0.84892272486915,5.6498038747235,4.24461362434575,210,48
141,0.0961601255217429,0.118015856742673,0.866046386079919,5.68409793749768,4.33023193039959,211,48
141,0.091931921063929,0.114123243399593,0.883455242214308,5.71848207161786,4.41727621107154,212,48
141,0.0131278873076007,0.0170127047471815,0.18,3.53112813245625,0.9,141,49
141,0.0133708244821378,0.0173389389983261,0.182295381025668,3.54471318782277,0.91147690512834,142,49
141,0.0136125338745988,0.0176711057270506,0.184639032255935,3.55846147057996,0.923195161279674,143,49
141,0.01385065255768,0.0180093391415719,0.18703220522483,3.5723753149829,0.935161026124152,144,49
141,0.0141623004508428,0.0183537808519387,0.189476240932621,3.58645738946859,0.947381204663103,145,49
141,0.0144133164350494,0.0186992698355924,0.191967035245312,3.60067921895815,0.959835176226558,146,49
141,0.0146466490099227,0.0190560061782384,0.194509265480012,3.6150627247999,0.972546327400062,147,49
141,0.0150141452504341,0.0194198781511101,0.197106128677119,3.62962068639575,0.985530643385597,148,49
141,0.0152900509066214,0.0197897243050071,0.199750151348895,3.6443063221522,0.998750756744474,149,49
141,0.0156268703454537,0.0201662064125704,0.202448846336977,3.65915656735823,1.01224423168488,150,49
141,0.0166738037250924,0.0215263239800693,0.205199138748427,3.67414945975402,1.02599569374213,151,49
141,0.0169861084512758,0.0219499443644712,0.208155520206331,3.69011043872718,1.04077760103166,152,49
141,0.0173645760652249,0.0223814159175339,0.211174772039799,3.70624859670863,1.055873860199,153,49
141,0.0176888888702379,0.0228205453883916,0.214254543711582,3.72254539807401,1.07127271855791,154,49
141,0.0181112561134755,0.0232677734079201,0.217399539450076,3.73901970602696,1.08699769725038,155,49
141,0.0184948056061266,0.0237227043677576,0.220605440708666,3.75564296947348,1.10302720354333,156,49
141,0.0189082617664509,0.0241856966359735,0.223876077788528,3.77242929367027,1.11938038894264,157,49
141,0.019287566479892,0.0246567032751684,0.227210923072976,3.78937008820515,1.13605461536488,158,49
141,0.0196812264290486,0.0251361101483452,0.230614119108031,3.80648036965284,1.15307059554015,159,49
141,0.0200596098655427,0.0256239810406757,0.234086367218549,3.82375739996347,1.17043183609275,160,49
141,0.0204435477453848,0.0261205836200911,0.237630567837861,3.84120921408258,1.1881528391893,161,49
141,0.0208827568790403,0.0266260390854939,0.241248081613699,3.85883593601285,1.20624040806849,162,49
141,0.021325989424782,0.027140142050953,0.244936853381391,3.87662118293859,1.22468426690695,163,49
141,0.0215946888865539,0.0276630109372191,0.248698305855455,3.89456564890945,1.24349152927728,164,49
141,0.022010389231182,0.0281958948759982,0.252545766966732,3.91272578866717,1.26272883483366,165,49
141,0.0223581722172957,0.0287380418751101,0.256471521922817,3.9310578008635,1.28235760961409,166,49
141,0.0229139220424727,0.0292898768567084,0.260480284109984,3.94957670948476,1.30240142054992,167,49
141,0.0234219605471625,0.0298506258291855,0.26456427358591,3.9682399868799,1.32282136792955,168,49
141,0.0238831591589013,0.030420574071741,0.268726854302995,3.98705691701893,1.34363427151498,169,49
141,0.0242893572623862,0.0310001122883416,0.272972510500285,4.00604126916473,1.36486255250143,170,49
141,0.0247760620405683,0.0315896721893541,0.277306173301711,4.02520807531024,1.38653086650856,171,49
141,0.025365002408828,0.0321889651334706,0.281725338202371,4.04453924490049,1.40862669101186,172,49
141,0.0259448514900098,0.0327975397693531,0.286225892507821,4.06401043330637,1.43112946253911,173,49
141,0.0263960230783669,0.033415476217608,0.290809292294471,4.08362195198387,1.45404646147235,174,49
141,0.0269585571099818,0.0340437772858488,0.295486559266819,4.10341426165383,1.47743279633409,175,49
141,0.0270735093941408,0.0346818145355534,0.300251915930672,4.12335602715638,1.50125957965336,176,49
141,0.0277635255258058,0.0353320130667725,0.305131105471675,4.14354689056981,1.52565552735838,177,49
141,0.0282836867031655,0.0359918695754775,0.310099155331747,4.16387557091452,1.55049577665873,178,49
141,0.0289136555405959,0.036662106460691,0.315164398522777,4.18436958683338,1.57582199261388,179,49
141,0.0296151724431357,0.0373423053575517,0.320323491954668,4.20500868020053,1.60161745977334,180,49
141,0.0300606288635602,0.0380320408350653,0.325573093871204,4.22577339599767,1.62786546935602,181,49
141,0.0305824244184934,0.0387329257122912,0.33093085776186,4.24672670539386,1.6546542888093,182,49
141,0.0312480052557193,0.0394445601346492,0.336393830102413,4.26784941913615,1.68196915051207,183,49
141,0.0318683457356649,0.0401662626559212,0.341956244654571,4.28911239124126,1.70978122327285,184,49
141,0.0325246943365579,0.0408983256296118,0.347622404811085,4.31052552066133,1.73811202405542,185,49
141,0.0329808348937155,0.0416405806866061,0.353391958247661,4.3320808659424,1.7669597912383,186,49
141,0.0336236180565749,0.0423942876435285,0.359279297321193,4.35382489160297,1.79639648660596,187,49
141,0.034314977699589,0.043158434418284,0.365275568625532,4.37571745104902,1.82637784312766,188,49
141,0.0350078894568914,0.0439327767416323,0.371379878118588,4.39774866517162,1.85689939059294,189,49
141,0.0356684219542068,0.044717324840393,0.377593832892648,4.41991787914432,1.88796916446324,190,49
141,0.0364368760911971,0.0455122967026864,0.383921529732569,4.4422331045232,1.91960764866285,191,49
141,0.0371686202646511,0.0463169361563363,0.390357141238318,4.46466749487867,1.95178570619159,192,49
141,0.0377534236989766,0.0471314590049562,0.39690483475748,4.48722958357193,1.9845241737874,193,49
141,0.0384445012888146,0.0479570295717624,0.403578684282193,4.50996098092888,2.01789342141096,194,49
141,0.0390998028382853,0.0487928403368911,0.410372513447332,4.53283350725591,2.05186256723666,195,49
141,0.0379862895877058,0.0473605853496652,0.417291237235954,4.55585686246171,2.08645618617977,196,49
141,0.0386833217714614,0.0481472678717225,0.423972217406996,4.5778379414884,2.11986108703498,197,49
141,0.0392679362736393,0.0489437674639859,0.43076355571077,4.59993605517152,2.15381777855385,198,49
141,0.0400049379821519,0.0497626130439166,0.437677504765209,4.62218508314872,2.18838752382604,199,49
141,0.0408994869192029,0.0505782131781593,0.444705618612793,4.64455183034714,2.22352809306396,200,49
141,0.0416617608753157,0.0514007053146958,0.451830420397791,4.6669762056447,2.25915210198896,201,49
141,0.0423056103034696,0.0522311420104092,0.459065774958323,4.68949771519802,2.29532887479162,202,49
141,0.0428960912994746,0.0530707081623271,0.466427193653797,4.71215913782972,2.33213596826898,203,49
141,0.0435798677689483,0.0539198565900852,0.473922324149686,4.73497750174082,2.36961162074843,204,49
141,0.0443120484893208,0.0547776122949861,0.48154317261422,4.75792216203654,2.4077158630711,205,49
141,0.0448949079941792,0.0556434487104964,0.489286739954596,4.78097851871121,2.44643369977298,206,49
141,0.0455446893529217,0.0565186001933352,0.497169688555006,4.80419011462055,2.48584844277503,207,49
141,0.0460251214505724,0.0574023262850631,0.50518692316387,4.82753549239129,2.52593461581935,208,49
141,0.0469296769420094,0.0582956070636519,0.513352658989353,4.85104934471625,2.56676329494677,209,49
141,0.0475391134687084,0.059195391766592,0.521636133690034,4.87463737414444,2.60818066845017,210,49
141,0.0482262449829357,0.0601035809339744,0.530061162162417,4.89836219802642,2.65030581081208,211,49
141,0.0462825833150591,0.0580253152110344,0.538623125179186,4.9222048735618,2.69311562589593,212,49
141,0.310001181651974,0.39264430489939,0.18,3.53112813245625,0.9,141,50
141,0.38286589491038,0.484220780944645,0.241569446757914,3.860392889992,1.20784723378957,142,50
141,0.459080013044015,0.580512269805144,0.317608295319751,4.19417558412878,1.58804147659875,143,50
141,0.535653709934548,0.677407717952074,0.408780189465698,4.52749650801478,2.04390094732849,144,50
141,0.61051506334784,0.771316438923005,0.515147573326209,4.85618293512272,2.57573786663104,145,50
141,0.679668455235221,0.859553330712891,0.636346760512385,5.17728126522777,3.18173380256192,146,50
141,0.742685003025419,0.940635156926735,0.77124887069811,5.48788501162418,3.85624435349055,147,50
141,0.801741094071922,1.01380241925618,0.918629477014649,5.78653910784242,4.59314738507325,148,50
141,0.854041748786924,1.07924167667607,1.07764895109405,6.07337482074055,5.38824475547024,149,50
141,0.901869626142509,1.1373145407692,1.24696287471996,6.34797192956752,6.23481437359979,150,50
141,0.997728427297566,1.25636691659327,1.42564289645184,6.61086671081571,7.12821448225918,151,50
141,1.03931555002598,1.3072009227144,1.62328259027383,6.87613306722856,8.11641295136914,152,50
141,1.0747886937557,1.35186124490834,1.8290299406302,7.1293400246274,9.14514970315098,153,50
141,1.10441079002363,1.39112793693983,2.04168842868255,7.3709705767462,10.2084421434128,154,50
141,1.13405854591725,1.42570756091722,2.2601284332638,7.6015392394137,11.300642166319,155,50
141,1.15828372653475,1.45633123885523,2.48425510629673,7.82248784371495,12.4212755314836,156,50
141,1.17955050897538,1.48349689413424,2.71304353580871,8.03413286365689,13.5652176790435,157,50
141,1.19973192180492,1.5076749242872,2.94590783036677,8.23713337338882,14.7295391518339,158,50
141,1.21774382286886,1.52928352265369,3.18258917280343,8.43230345437303,15.9129458640171,159,50
141,1.23351900933168,1.54865607312995,3.42265254627523,8.62018528275576,17.1132627313761,160,50
141,1.24813459367878,1.56607304513003,3.66566049790004,8.80123666745364,18.3283024895002,161,50
141,1.26211394836414,1.58178127439956,3.91136011488081,8.97597736909454,19.556800574404,162,50
141,1.27913875114032,1.59599228677049,4.15958637085548,9.14490985559236,20.7979318542774,163,50
141,1.28666867932943,1.60890760303881,4.41075778764921,9.30883877456185,22.0537889382461,164,50
141,1.29605032969636,1.62062058274796,4.66330565814505,9.46723124311163,23.3165282907253,165,50
141,1.29928905036444,1.63128297831545,4.91746564945598,9.62070862437823,24.5873282472799,166,50
141,1.31098829084413,1.64098430709366,5.17222072664661,9.76909309314863,25.861103633233,167,50
141,1.31674233130354,1.64986791820578,5.4288297458477,9.91349345989487,27.1441487292385,168,50
141,1.32659579038158,1.65799426658287,5.68630414880356,10.0536755322718,28.4315207440178,169,50
141,1.33426804162133,1.66545467659192,5.94519374289547,10.190235869596,29.7259687144774,170,50
141,1.34521560073019,1.67230596392987,6.20508028073708,10.3232147436273,31.0254014036854,171,50
141,1.35356632881742,1.67861394700365,6.46634110679951,10.453039697429,32.3317055339975,172,50
141,1.35421109157771,1.68441995814418,6.72847787025343,10.5796758780682,33.6423893512671,173,50
141,1.3616193711481,1.6897513135841,6.99028598225208,10.7027660915951,34.9514299112604,174,50
141,1.36917984088249,1.69466440623367,7.25259237654102,10.8229091140754,36.2629618827051,175,50
141,1.36884785284509,1.69919388052581,7.51526137537686,10.9402205752021,37.5763068768843,176,50
141,1.37589948562742,1.70335776677132,7.77706533265196,11.0543354972553,38.8853266632598,177,50
141,1.37917675595605,1.70719747324228,8.03882814006608,11.1657861762422,40.1941407003304,178,50
141,1.38563714111544,1.71073246162428,8.29985324684186,11.274431732321,41.4992662342093,179,50
141,1.3943937907835,1.7139898520308,8.56034155860757,11.3805050009843,42.8017077930379,180,50
141,1.39837649686231,1.71699200232007,8.82032875882634,11.4841541299359,44.1016437941317,181,50
141,1.40093893480509,1.71975181306409,9.07897003385241,11.5851748104269,45.3948501692621,182,50
141,1.40455228590693,1.72228526819778,9.33584014343144,11.6835374824615,46.6792007171572,183,50
141,1.41014761308455,1.72460917513981,9.59079275778476,11.7793179369985,47.9539637889238,184,50
141,1.4087187451704,1.72673928104378,9.84376254252461,11.8726152258035,49.218812712623,185,50
141,1.40133382799344,1.72868388201564,10.0936880686796,11.9631628467986,50.4684403433979,186,50
141,1.40461025147013,1.73045217626162,10.3396201507882,12.050750835211,51.6981007539412,187,50
141,1.40739261749107,1.73206299642668,10.5824990096712,12.1358376834815,52.9124950483558,188,50
141,1.40861988950284,1.73352623816478,10.8219849816745,12.2184134504563,54.1099249083726,189,50
141,1.40824593285813,1.73485704869702,11.0576361636435,12.2984329336519,55.2881808182174,190,50
141,1.4123985617328,1.73606128865847,11.2890279903813,12.3758577432816,56.4451399519063,191,50
141,1.41843386340721,1.73714608516648,11.5164095590574,12.4508705595744,57.5820477952869,192,50
141,1.4214032807504,1.73811943518413,11.7397269306486,12.5235444563559,58.6986346532429,193,50
141,1.42204389541665,1.73898691686844,11.958448888567,12.5937947847386,59.7922444428349,194,50
141,1.41880915324444,1.73975422201259,12.1721735814652,12.6615802173421,60.8608679073258,195,50
141,1.33488488012851,1.63916428789706,12.3803921830856,12.7268261734528,61.901960915428,196,50
141,1.33801645750116,1.63964440334223,12.5668516998684,12.7846078658633,62.8342584993421,197,50
141,1.34215399078528,1.64005529733827,12.7486440175549,12.8403707775565,63.7432200877743,198,50
141,1.34265387601576,1.64043264645233,12.9257876911056,12.8941771445594,64.628938455528,199,50
141,1.3464610457613,1.64075666980992,13.0979411906261,12.945977561185,65.4897059531306,200,50
141,1.35102671456153,1.64104871314406,13.2653581140126,12.995899605003,66.326790570063,201,50
141,1.35089400869163,1.64131116049752,13.4280782011858,13.0440020296578,67.1403910059291,202,50
141,1.34265883791154,1.64154550130984,13.5857821811266,13.0902354876554,67.928910905633,203,50
141,1.34522883549055,1.64175275914858,13.7379287972857,13.13448654427,68.6896439864286,204,50
141,1.34830838870197,1.641936413316,13.8854025854888,13.1770537225577,69.4270129274442,205,50
141,1.34833714056909,1.64209818732843,14.0282958561387,13.2179992469657,70.1414792806937,206,50
141,1.34666012633431,1.64223927285456,14.1664659392307,13.2573158460517,70.8323296961535,207,50
141,1.34898538872835,1.64236095519589,14.299888721314,13.2950287487234,71.4994436065702,208,50
141,1.35009239892996,1.64246498701333,14.4289427641775,13.3312741768621,72.1447138208876,209,50
141,1.34658523612572,1.64255241791338,14.5536411293154,13.3660822844093,72.768205646577,210,50
141,1.3456902964192,1.64264711452921,14.6737893563048,13.3994241946347,73.3689467815238,211,50
141,1.25873264344215,1.54094416167211,14.7896839728019,13.4314058930282,73.9484198640096,212,50
141,0.217307211652643,0.271073867899094,0.18,3.53112813245625,0.9,141,51
141,0.265985763255585,0.331326465614738,0.222945369769819,3.76766999302975,1.1147268488491,142,51
141,0.322729205158584,0.401748418641411,0.275536341413865,4.01740590880851,1.37768170706932,143,51
141,0.386787222716491,0.481801994662021,0.33937745586984,4.27928488247544,1.6968872793492,144,51
141,0.456611640532679,0.569947007526562,0.415929755831843,4.55134741844433,2.07964877915921,145,51
141,0.527938378675086,0.663611170577381,0.506350229792449,4.83090142522646,2.53175114896225,146,51
141,0.607671868125913,0.759734135530395,0.610989354709837,5.11387591019865,3.05494677354918,147,51
141,0.68519054602438,0.855848994764772,0.731374373120339,5.40031010475523,3.6568718656017,148,51
141,0.759893083274566,0.948820929154536,0.86709812572762,5.68618882658592,4.3354906286381,149,51
141,0.832955034678458,1.03637861765629,1.01759335318912,5.9687543593926,5.0879667659456,150,51
141,0.951391652876512,1.17995717000981,1.18245692427538,6.24661350203948,5.91228462137691,151,51
141,1.01688404385608,1.260821442119,1.37072919166978,6.53264380759099,6.85364595834888,152,51
141,1.07437401686544,1.33268168997831,1.57187549519913,6.80940436692983,7.85937747599566,153,51
141,1.12427765013377,1.39586175676655,1.78430921660226,7.07606056835176,8.92154608301131,154,51
141,1.16853526601,1.45099962499378,2.00652641565925,7.33226984157701,10.0326320782963,155,51
141,1.20846527832983,1.49890492644608,2.23737272413765,7.57826504338185,11.1868636206883,156,51
141,1.24523908729542,1.54041239845522,2.4759344786574,7.81453910126291,12.379672393287,157,51
141,1.27364015993057,1.57631311444866,2.72150765320229,8.04172000887016,13.6075382660114,158,51
141,1.3006076200287,1.60724793825434,2.9725384741528,8.259627096467,14.862692370764,159,51
141,1.32293841665944,1.6338804594564,3.22864528925618,8.46909611282745,16.1432264462809,160,51
141,1.34010025064885,1.65674355542882,3.48893491338206,8.67043445515457,17.4446745669103,161,51
141,1.35913792635319,1.67629459274056,3.75245153921885,8.86386946637004,18.7622576960943,162,51
141,1.37537033067561,1.69297086240186,4.0193759055609,9.05038066899012,20.0968795278045,163,51
141,1.38585247872861,1.70710277181767,4.28914377259777,9.23030243545657,21.4457188629888,164,51
141,1.38968691827043,1.71895467900301,4.56075505659793,9.40365269381165,22.8037752829896,165,51
141,1.39809761599288,1.72874738448817,4.83309305704026,9.57038550752862,24.1654652852013,166,51
141,1.39865066305262,1.73670442119857,5.10676290292823,9.73146174754527,25.5338145146412,167,51
141,1.40553656128866,1.74314360516573,5.38047291234496,9.88665131387419,26.9023645617248,168,51
141,1.4141425405941,1.74853308427095,5.65509230688729,10.0369209828069,28.2754615344364,169,51
141,1.4176750150177,1.75308936589613,5.93077475368083,10.1827402677319,29.6538737684042,170,51
141,1.42646633521805,1.75688992732556,6.20667133334863,10.3240167897711,31.0333566667432,171,51
141,1.42927074441966,1.76001881169612,6.483422163365,10.4613992957494,32.417110816825,172,51
141,1.43208855727797,1.76252247228782,6.76005114296855,10.5946952686752,33.8002557148427,173,51
141,1.43792704722067,1.76444932448713,7.03642803758612,10.7241254226309,35.1821401879306,174,51
141,1.4414601344757,1.76584213335259,7.31280421171016,10.850058889816,36.5640210585508,175,51
141,1.44213442713674,1.76672823951138,7.58869261758036,10.9725037147194,37.9434630879018,176,51
141,1.44461171576904,1.767129831256,7.86353822345293,11.0914383591073,39.3176911172647,177,51
141,1.44527502364459,1.76706999657302,8.1373652176882,11.2070848405623,40.686826088441,178,51
141,1.4503476771592,1.76656488296825,8.40972401892585,11.3194510937014,42.0486200946293,179,51
141,1.45162872619866,1.76563350916225,8.68088862752443,11.4288324155679,43.4044431376222,180,51
141,1.45015365205633,1.76428693028163,8.95013660714193,11.5351091110395,44.7506830357097,181,51
141,1.4455646756953,1.76253773502042,9.21688261359306,11.6382229943249,46.0844130679653,182,51
141,1.44116780943707,1.76039999479804,9.48050443942321,11.7381053881946,47.402522197116,183,51
141,1.4408985211925,1.75789199225478,9.74073877032395,11.8348232793085,48.7036938516198,184,51
141,1.4348149616471,1.75503721652435,9.99774334925703,11.9285890359135,49.9887167462851,185,51
141,1.43150622415326,1.75185867255866,10.2505922950636,12.0192132058285,51.2529614753182,186,51
141,1.42953491025868,1.74838979024696,10.499297225422,12.1068446400025,52.4964861271099,187,51
141,1.42753490628836,1.74467056705065,10.7437140452222,12.1915666702234,53.7185702261108,188,51
141,1.42675900359353,1.74074920848646,10.9835603505295,12.2734083703433,54.9178017526475,189,51
141,1.42270633491429,1.73669342414657,11.2186930784456,12.3524412956485,56.0934653922281,190,51
141,1.42197242548023,1.73256825911407,11.4485510686139,12.4285930463592,57.2427553430697,191,51
141,1.42247762080922,1.72845192575312,11.6732425711523,12.5020100046577,58.3662128557613,192,51
141,1.41787748191792,1.72443790507392,11.8926797244584,12.5727655093166,59.4633986222922,193,51
141,1.41483501700804,1.72062899049687,12.1062627965611,12.6407648742252,60.5313139828054,194,51
141,1.40779048765315,1.7171386769246,12.3140268917384,12.706113995416,61.5701344586918,195,51
141,1.32390350590959,1.6144593392634,12.5155710436478,12.7687764729528,62.5778552182392,196,51
141,1.32053810510012,1.61205096809509,12.69515198479,12.8240205121665,63.4757599239499,197,51
141,1.3271724985853,1.61027889164357,12.8692922741749,12.8770731118449,64.3464613708745,198,51
141,1.32497611000704,1.60812229050537,13.0387955229248,12.9282346268757,65.193977614624,199,51
141,1.32547399264019,1.6044783176776,13.2029613107111,12.9773451171339,66.0148065535553,200,51
141,1.32412125127302,1.59942289740136,13.3618274448499,13.0244666416674,66.8091372242494,201,51
141,1.31653772171936,1.59299182213515,13.5151433779367,13.0695730895785,67.5757168896836,202,51
141,1.30712318315112,1.58520328582884,13.662459089135,13.1125795002331,68.3122954456749,203,51
141,1.30013059842128,1.57606024026302,13.803611417555,13.1534844671765,69.0180570877751,204,51
141,1.29499343893475,1.56555112296894,13.9387066479387,13.1923619916941,69.6935332396934,205,51
141,1.28496779210309,1.5536495367949,14.0678030339777,13.2292685515587,70.3390151698883,206,51
141,1.26821067004144,1.54031356823798,14.1906105467278,13.2641587826844,70.9530527336389,207,51
141,1.2633131886732,1.52548617861728,14.3067785955301,13.296969550004,71.5338929776507,208,51
141,1.24963883214706,1.50909753116654,14.416882992384,13.3278967275821,72.0844149619198,209,51
141,1.23340612952758,1.491060479397,14.5204765283478,13.3568451237809,72.6023826417389,210,51
141,1.21385528943243,1.47129658782633,14.6174395541834,13.3838105469002,73.0871977709171,211,51
141,1.12282299917183,1.36039511971975,14.7076261921194,13.4087797803532,73.5381309605971,212,51
141,0.225428521797984,0.28100512113613,0.18,3.53112813245625,0.9,141,52
141,0.28963908699115,0.360485743070543,0.224565234005178,3.77594450818714,1.12282617002589,142,52
141,0.369899482466165,0.459817201469007,0.281877714939882,4.04520201977349,1.40938857469941,143,52
141,0.464753258293691,0.577804784974844,0.355129737592106,4.33852519611837,1.77564868796053,144,52
141,0.570885621271958,0.710043615616485,0.447230713659038,4.65252769057198,2.23615356829519,145,52
141,0.682491474832328,0.849664171517479,0.560419062629667,4.98173088452634,2.80209531314833,146,52
141,0.79570399715271,0.989448773174716,0.695777479683669,5.31927230258104,3.47888739841835,147,52
141,0.903920973005206,1.12318188835282,0.853578185245042,5.6591748698675,4.26789092622521,148,52
141,1.00268544857512,1.24663545574084,1.03280691214948,5.99565587611803,5.16403456074738,149,52
141,1.09424047489927,1.3576831406584,1.23158297343691,6.32414342262002,6.15791486718456,150,52
141,1.24404723359681,1.54140236290172,1.44839298663992,6.64265862279,7.24196493319958,151,52
141,1.31835351492233,1.63549910287683,1.69486454166142,6.96663924553472,8.47432270830708,152,52
141,1.39121539895072,1.71677819531665,1.95596464908315,7.27578216427479,9.77982324541577,153,52
141,1.44896646544027,1.78689607821111,2.23117817548535,7.57190080177,11.1558908774268,154,52
141,1.49513280430196,1.85007466758283,2.5176207355724,7.85417709652738,12.588103677862,155,52
141,1.5378846149127,1.90212354446664,2.81267157307479,8.12241451477794,14.0633578653739,156,52
141,1.57991460038519,1.94678152250674,3.11592115220738,8.37838146407041,15.5796057610369,157,52
141,1.61415870846246,1.98506177476497,3.42702723988158,8.62352257425595,17.1351361994079,158,52
141,1.64528200148713,2.01775443725691,3.74450004540453,8.85817354463127,18.7225002270227,159,52
141,1.66863439548516,2.04555921133627,4.06762954882917,9.0831687450776,20.3381477441459,160,52
141,1.68620930288914,2.06903918260254,4.39499668273113,9.29874632510124,21.9749834136557,161,52
141,1.70388730826054,2.08867833245503,4.72552844121283,9.50533393466162,23.6276422060642,162,52
141,1.71810519864212,2.10489523637429,5.05906319180649,9.70382715736967,25.2953159590324,163,52
141,1.73263472817815,2.11801683514258,5.39489463343852,9.89467412712575,26.9744731671926,164,52
141,1.73749815304617,2.12831077092391,5.73286931704324,10.0785530248101,28.6643465852162,165,52
141,1.74574562425966,2.13596249806239,6.0713841485105,10.2553004445239,30.3569207425525,166,52
141,1.74635081471729,2.14112273700152,6.41071262526302,10.4257075566992,32.0535631263151,167,52
141,1.75175114561389,2.14420968312398,6.74954322600883,10.5897020961006,33.7477161300441,168,52
141,1.75276847135201,2.14589043351571,7.08830232397743,10.7480219768808,35.4415116198871,169,52
141,1.75340724436098,2.14647954537436,7.42613940375474,10.9007424979193,37.1306970187737,170,52
141,1.75553113996441,2.14607714816601,7.76274305589667,11.0481625305532,38.8137152794833,171,52
141,1.75520148880211,2.14476122456754,8.09801075158034,11.190632705318,40.4900537579017,172,52
141,1.75410887454321,2.14258862413718,8.4312918128448,11.3282402594491,42.156459064224,173,52
141,1.75215679884423,2.13960200570909,8.76212824471365,11.4611382092176,43.8106412235682,174,52
141,1.75207589620777,2.13583033717413,9.09002075995316,11.5894460974607,45.4501037997658,175,52
141,1.75307112167958,2.13129290094837,9.41476523188721,11.7133807815127,47.073826159436,176,52
141,1.74829968740042,2.12599881621836,9.73601161210028,11.8330825568152,48.6800580605014,177,52
141,1.74799583217458,2.11994805082788,10.052627098692,11.948394630251,50.26313549346,178,52
141,1.74838947552795,2.11313872381561,10.3646063005438,12.0595680117189,51.8230315027191,179,52
141,1.74708132066957,2.10556336592131,10.6714868953696,12.1666716917294,53.3574344768481,180,52
141,1.73541876401296,2.09721279540694,10.9725662453531,12.2696842857181,54.8628312267655,181,52
141,1.7253592577958,2.08807747737894,11.2664138769552,12.3683399947146,56.332069384776,182,52
141,1.71444037701835,2.07815340592942,11.5527604255153,12.4627667065593,57.7638021275763,183,52
141,1.70835106007098,2.06744399400433,11.8311466289569,12.5530171704614,59.1557331447844,184,52
141,1.69613533178499,2.0559635055012,12.1016640252794,12.6393095873036,60.5083201263969,185,52
141,1.68296280397175,2.04374025087346,12.3634758150232,12.7215540471965,61.8173790751159,186,52
141,1.67373298980647,2.03082402883257,12.6162730801715,12.7998227123692,63.0813654008576,187,52
141,1.66661279271796,2.01729184044616,12.8602214995277,12.8743220545319,64.3011074976387,188,52
141,1.64593248816279,1.99184029542266,13.0953500401763,12.945201420505,65.4767502008817,189,52
141,1.63132858392915,1.98886525216599,13.321271640548,13.0124746014403,66.6063582027402,190,52
141,1.61416821319565,1.96335623627458,13.5369788320081,13.0759681502521,67.6848941600404,191,52
141,1.60509862380024,1.94909413048109,13.7438599936356,13.1362046697158,68.7192999681781,192,52
141,1.59202423521223,1.93517965097599,13.9419849884165,13.1933021578319,69.7099249420824,193,52
141,1.58635433769698,1.92194453257364,14.1311762118366,13.247299580616,70.6558810591828,194,52
141,1.57625176390356,1.90976352113577,14.3122761386329,13.2985176798159,71.5613806931645,195,52
141,1.47891645471195,1.78837709005379,14.4851935841238,13.3470017948233,72.425967920619,196,52
141,1.47010922823996,1.7800178836694,14.6325386830225,13.3879983876226,73.1626934151125,197,52
141,1.4738473787537,1.77380023474613,14.7732310242727,13.4268762829581,73.8661551213636,198,52
141,1.46566601446546,1.76801102480942,14.9084611993516,13.4640023320217,74.5423059967579,199,52
141,1.46426381566918,1.76065203150856,15.0377339527812,13.4992740425849,75.1886697639058,200,52
141,1.45580406787547,1.75174456001006,15.1614030616769,13.5328195717168,75.8070153083846,201,52
141,1.44978552325187,1.74127740872326,15.279084175274,13.564564222759,76.3954208763698,202,52
141,1.4379374518363,1.72922798749529,15.3908872467762,13.5945657957102,76.9544362338811,203,52
141,1.42638143835481,1.71556237559053,15.4965420827284,13.6227782557495,77.4827104136421,204,52
141,1.4121538492206,1.70023773658172,15.5960644321086,13.6492308352921,77.9803221605429,205,52
141,1.40206330295176,1.68320327364936,15.6893402944373,13.6739165353854,78.4467014721866,206,52
141,1.37885285074161,1.66440290814226,15.77652068687,13.6968967442353,78.8826034343499,207,52
141,1.36714723095001,1.64377601845893,15.8570912268015,13.7180560740221,79.2854561340073,208,52
141,1.35305903960392,1.62126396014401,15.9314804595061,13.7375256500499,79.6574022975304,209,52
141,1.33507091609533,1.59681147132591,15.9995065927622,13.7552744532116,79.997532963811,210,52
141,1.31082391984477,1.57039545498161,16.0609850844782,13.7712697116127,80.3049254223909,211,52
141,1.20198424154554,1.44692157599693,16.1157542392608,13.7854834557644,80.5787711963041,212,52
141,0.181233306801652,0.225289467424784,0.18,3.53112813245625,0.9,141,53
141,0.210480699226259,0.261176654082396,0.215708637269731,3.73018312186363,1.07854318634866,142,53
141,0.242402767718989,0.300712758965372,0.257183843650179,3.93436311426185,1.2859192182509,143,53
141,0.277627773115025,0.343730742166212,0.304963214786122,4.14285588471075,1.52481607393061,144,53
141,0.315707031714207,0.39005365331672,0.359683129233466,4.35530725752702,1.79841564616733,145,53
141,0.354894823758335,0.439284367396779,0.421900522029988,4.57104784535863,2.10950261014994,146,53
141,0.397159481696288,0.491028790227032,0.491872599264814,4.78862120610593,2.45936299632407,147,53
141,0.441386189545969,0.544837080411744,0.570171174665563,5.0078426502964,2.85085587332781,148,53
141,0.485231782331834,0.600172846357537,0.657170723743952,5.22804656905215,3.28585361871976,149,53
141,0.532819259420313,0.656328230586272,0.752843218594936,5.44786347599809,3.76421609297468,150,53
141,0.610283299862992,0.751113806217734,0.857822635473174,5.66768754781628,4.28911317736587,151,53
141,0.660463205778781,0.813210866965417,0.978116562444264,5.89761665310697,4.89058281222132,152,53
141,0.711832326777343,0.874333856819547,1.1082892087017,6.12519217679941,5.54144604350852,153,53
141,0.763511771215689,0.934026868769015,1.24850004512614,6.35034222822805,6.24250022563068,154,53
141,0.80813575621834,0.991852871376082,1.39874347684879,6.57281680756087,6.99371738424394,155,53
141,0.850944712791691,1.04715468617733,1.55781331945827,6.79088661430694,7.78906659729134,156,53
141,0.897584956159673,1.09966451295777,1.72533246701357,7.00435437022363,8.62666233506785,157,53
141,0.940151227902858,1.1493818608414,1.90182396308691,7.21415618669331,9.50911981543457,158,53
141,0.980362486998886,1.19606411202302,2.08653068465297,7.41965756440279,10.4326534232649,159,53
141,1.01870887709325,1.23960617436914,2.27896521755212,7.62068197384745,11.3948260877606,160,53
141,1.05133951545649,1.27996620927178,2.47870974092091,7.81719239140804,12.3935487046045,161,53
141,1.08030086478426,1.31705854801119,2.68476112449734,8.00866051857056,13.4238056224867,162,53
141,1.10962576275928,1.3508902481272,2.89643228083249,8.19496447147948,14.4821614041625,163,53
141,1.13403675521134,1.38155740724389,3.11364059779646,8.37652275691614,15.5682029889823,164,53
141,1.15712336429674,1.40906588048577,3.33551705942081,8.55308460794275,16.677585297104,165,53
141,1.17659836812448,1.43348587639574,3.56172536657836,8.72485669463707,17.8086268328918,166,53
141,1.19348040999677,1.45485025925206,3.79159640253442,8.89178826368957,18.9579820126721,167,53
141,1.21067718056561,1.47335587806884,4.02461132417583,9.05395133032962,20.1230566208792,168,53
141,1.22586220485079,1.4893917564772,4.260668183468,9.21168964429159,21.30334091734,169,53
141,1.23745264520133,1.50319902511354,4.49934247776353,9.36510024404065,22.4967123888177,170,53
141,1.24624151726959,1.51488970104952,4.74000703483706,9.51414982712243,23.7000351741853,171,53
141,1.2538894728373,1.52458960816345,4.98215401208312,9.65888522049752,24.9107700604156,172,53
141,1.26209366513172,1.53243813545413,5.22550204464121,9.79947992305562,26.1275102232061,173,53
141,1.26513238388889,1.53858166432154,5.46998852826471,9.9362091034914,27.3499426413236,174,53
141,1.27157280833029,1.54312886672043,5.71481540180513,10.068924476678,28.5740770090257,175,53
141,1.27174988407214,1.54623425358344,5.96027597675784,10.1980627084444,29.8013798837892,176,53
141,1.27424407484611,1.54799742895201,6.20545325971177,10.3234027743741,31.0272662985589,177,53
141,1.27759509322094,1.54855680908605,6.4504924198534,10.4452694538678,32.252462099267,178,53
141,1.27939626295199,1.54803613655172,6.69533949153737,10.5638590395471,33.4766974576869,179,53
141,1.27884502466451,1.54654515265608,6.9396477700111,10.6792120741207,34.6982388500555,180,53
141,1.27733446857991,1.54418886201853,7.18298989941414,10.7913285829544,35.9149494970707,181,53
141,1.2739798755974,1.54107427834883,7.42509778721773,10.9002791490166,37.1254889360886,182,53
141,1.27136154238987,1.53730320266382,7.6656119977337,11.0060877301163,38.3280599886685,183,53
141,1.27057114112105,1.5329808455106,7.90443973364423,11.1088889308804,39.5221986682212,184,53
141,1.26582587851887,1.52821040251176,8.14157868564961,11.2088429919105,40.7078934282481,185,53
141,1.26243542665943,1.52308067402349,8.37646457755032,11.305866579433,41.8823228877516,186,53
141,1.26000688455323,1.51768870354635,8.60904351312179,11.4000864020274,43.045217565609,187,53
141,1.25377340881078,1.51212750822251,8.83921017159299,11.4915982107226,44.1960508579649,188,53
141,1.2492235649978,1.50648126910626,9.06645485670398,11.5803331111795,45.3322742835199,189,53
141,1.23402774920108,1.50084567131558,9.29074393552588,11.6664066099638,46.4537196776294,190,53
141,1.23229828333184,1.49529271727182,9.51100148661761,11.7495348076908,47.555007433088,191,53
141,1.23463734228937,1.48992228536664,9.72824036593115,11.8302196027601,48.6412018296557,192,53
141,1.23187667319707,1.48482164033472,9.94258947543089,11.9086094769331,49.7129473771544,193,53
141,1.22626219680444,1.48006912449653,10.153463709672,11.984587422514,50.7673185483601,194,53
141,1.22280621530848,1.47574776585646,10.3605222090118,12.0581278206494,51.8026110450592,195,53
141,1.15246275730832,1.38772719961765,10.5637973346884,12.1293346538326,52.818986673442,196,53
141,1.1501017865382,1.38456662923985,10.7495836028066,12.1935846361983,53.7479180140328,197,53
141,1.15272096163138,1.38209496496621,10.931704160325,12.2558200416427,54.6585208016249,198,53
141,1.14815775867851,1.37957386275658,11.1103556855126,12.3161717557754,55.5517784275632,199,53
141,1.14442509818836,1.37610367674224,11.2850817378517,12.3745466227919,56.4254086892583,200,53
141,1.14196010240991,1.37175318920511,11.4557004968628,12.4309444886514,57.2785024843142,201,53
141,1.13706506894355,1.36654622604329,11.6220678684777,12.4853760946404,58.1103393423887,202,53
141,1.13294518641123,1.3605009046761,11.7839025478716,12.5378060904933,58.9195127393582,203,53
141,1.125173035275,1.35363345342498,11.9410706825685,12.5882460645609,59.7053534128426,204,53
141,1.11444024326799,1.34595716268488,12.0932995362038,12.6366616458768,60.466497681019,205,53
141,1.11710819905888,1.33748533786973,12.2403560164934,12.683030471119,61.2017800824671,206,53
141,1.10668503621882,1.32823722180411,12.3825747979397,12.7275060376906,61.9128739896986,207,53
141,1.10173443267416,1.31822810482703,12.519473243704,12.7699827498877,62.5973662185198,208,53
141,1.09588529402094,1.30748221292484,12.6510823677802,12.8105141706692,63.2554118389008,209,53
141,1.08834139111973,1.29602910937641,12.7772859463202,12.8491057626382,63.8864297316011,210,53
141,1.07965665867351,1.28392254038716,12.8979985944963,12.8857704986905,64.4899929724813,211,53
141,0.999796050220359,1.19425154855878,13.0131775170784,12.9205321444585,65.0658875853922,212,53
141,0.345816215939219,0.42272625207949,0.18,3.53112813245625,0.9,141,54
141,0.408093048490519,0.498737620221742,0.248504212326917,3.89364434806531,1.24252106163458,142,54
141,0.466853467528956,0.570556675280343,0.329301561918065,4.24037998119688,1.64650780959033,143,54
141,0.522900467153657,0.637715560148495,0.421678997032619,4.57032041070399,2.10839498516309,144,54
141,0.575703108220672,0.700190698699669,0.525054055511544,4.88429418456632,2.62527027755772,145,54
141,0.622807714743411,0.757892752777356,0.638748093412784,5.18319383223603,3.19374046706392,146,54
141,0.666989313306126,0.810907698631368,0.761666929266224,5.4671339871035,3.80833464633112,147,54
141,0.706709637264512,0.859365369241711,0.893190667624731,5.73750496503661,4.46595333812366,148,54
141,0.741926554642097,0.903415978158411,1.03244685011749,5.99502239493293,5.16223425058747,149,54
141,0.775573971563293,0.943284088215888,1.17856562952988,6.24037704131016,5.89282814764942,150,54
141,0.852595384027288,1.03504609869365,1.33116128572738,6.47491595346472,6.6558064286369,151,54
141,0.882594786479961,1.07157131377591,1.49885482345923,6.71195368544917,7.49427411729616,152,54
141,0.912343492629378,1.10431901720983,1.67230861106777,6.9384125609294,8.36154305533886,153,54
141,0.939800325732971,1.13372580067068,1.85134237294244,7.15558365896228,9.2567118647122,154,54
141,0.959241562443973,1.16012402425835,2.03545748915388,7.36414660464243,10.1772874457694,155,54
141,0.976962793391349,1.18371882265576,2.22332259038912,7.5638122856526,11.1166129519456,156,54
141,0.999471947265999,1.20483388145873,2.41457005028999,7.75533457947969,12.07285025145,157,54
141,1.01826338356063,1.22384037877181,2.60978502264104,7.94021631882502,13.0489251132052,158,54
141,1.03333592879437,1.24093368293216,2.808306550318,8.11859266409997,14.04153275159,159,54
141,1.05198835309278,1.25629969269715,3.00951011241867,8.29062372231838,15.0475505620933,160,54
141,1.06310943432308,1.27017588591802,3.21375224351075,8.45723881586892,16.0687612175538,161,54
141,1.07040267544565,1.2826730320531,3.41995385984959,8.61812507204405,17.0997692992479,162,54
141,1.07742530246267,1.29393175045881,3.62755310006611,8.77340965359679,18.1377655003305,163,54
141,1.08387673840588,1.30410307003007,3.83644379195095,8.92352836765373,19.1822189597547,164,54
141,1.09141594054785,1.31331715208447,4.04648937506304,9.06883766993886,20.2324468753152,165,54
141,1.09675170730687,1.32169720489723,4.25776241721526,9.20978544865924,21.2888120860763,166,54
141,1.10405686716327,1.32933501303554,4.46993553307181,9.34650974494651,22.349677665359,167,54
141,1.11067794694118,1.33618331864672,4.68318839554441,9.47944493979202,23.4159419777221,168,54
141,1.11776212283836,1.34218384799277,4.89736842510075,9.60877678516001,24.4868421255037,169,54
141,1.12288618304932,1.34739744003094,5.11244269250971,9.73474030227394,25.5622134625486,170,54
141,1.1281007384354,1.35186184196454,5.32810766969716,9.857393858511,26.6405383484858,171,54
141,1.13058886104102,1.35562152540348,5.5442844533762,9.97691342942619,27.721422266881,172,54
141,1.13339305318161,1.35871307244418,5.7606048745,10.0933039166791,28.8030243725,173,54
141,1.13393641080953,1.36118111626966,5.97701422234232,10.2067327813355,29.8850711117116,174,54
141,1.13664652915858,1.36306397397711,6.19320241658536,10.3172226044041,30.9660120829268,175,54
141,1.13589915706078,1.36440849531317,6.40928557152292,10.4250042264262,32.0464278576146,176,54
141,1.13708213629086,1.36525032242339,6.62484275575824,10.5300287888369,33.1242137787912,177,54
141,1.13804683113146,1.36563428148643,6.83995394131513,10.6324877913396,34.1997697065756,178,54
141,1.1397878029691,1.36560069700343,7.0544908658062,10.7324601869956,35.272454329031,179,54
141,1.14230245420917,1.36519068904854,7.26840174411238,10.8300527888612,36.3420087205619,180,54
141,1.14352065038079,1.36444460234676,7.48161398590914,10.9253544352264,37.4080699295457,181,54
141,1.14298126353963,1.3634005045583,7.69388775968005,11.018374254848,38.4694387984002,182,54
141,1.14195617668312,1.3620965780909,7.90496530591949,11.1091127555628,39.5248265295975,183,54
141,1.14131567942472,1.36057216205149,8.11468261519961,11.1976091662959,40.5734130759981,184,54
141,1.14035354696628,1.35886707967604,8.32292775614203,11.2839207768183,41.6146387807101,185,54
141,1.13784327684098,1.35702055934015,8.52954069060886,11.3680809055824,42.6477034530443,186,54
141,1.13998527877947,1.35507099228945,8.7342956706082,11.4500938907996,43.671478353041,187,54
141,1.13805081403633,1.35305924901902,8.9372869644919,11.530088153368,44.6864348224595,188,54
141,1.13046688954743,1.35102237600425,9.13816381069313,11.6080120641622,45.6908190534656,189,54
141,1.12615470024532,1.34900617565305,9.3365296468724,11.6837989587249,46.682648234362,190,54
141,1.12650128815581,1.3470471857445,9.53240318630789,11.7575403082226,47.6620159315394,191,54
141,1.13334064214577,1.34518075095512,9.725887218225,11.8293523805847,48.629436091125,192,54
141,1.13149609138175,1.34344579012972,9.91705867627523,11.8993347521108,49.5852933813762,193,54
141,1.13069245322014,1.34187838914502,10.1054582098983,11.9673884378831,50.5272910494913,194,54
141,1.12830069432061,1.34051670987592,10.2909989564795,12.0335506071205,51.4549947823975,195,54
141,1.06562732457292,1.26189960271721,10.4735404194458,12.0978368046113,52.3677020972292,196,54
141,1.06140960132895,1.26103741568933,10.6402362699103,12.1558639405194,53.2011813495514,197,54
141,1.06458792173964,1.26048702672505,10.8039878964649,12.2122524963246,54.0199394823244,198,54
141,1.0654912314792,1.26023657225096,10.964790023591,12.2670486392166,54.8239501179549,199,54
141,1.06157713193873,1.26018117480226,11.1225772453489,12.3202756301926,55.6128862267444,200,54
141,1.06404082499148,1.26033381147904,11.2773157835987,12.3719654941318,56.3865789179936,201,54
141,1.06445932479222,1.2606860025637,11.4289504356189,12.4221411573854,57.1447521780943,202,54
141,1.06627142988399,1.26122925553751,11.5774506855438,12.4708319455607,57.8872534277188,203,54
141,1.06702228521601,1.26195456232022,11.7227740953367,12.5180614803637,58.6138704766836,204,54
141,1.06007779820049,1.26285248019666,11.8649140363508,12.5638632701015,59.3245701817539,205,54
141,1.06687138158303,1.2639129729715,12.0039263862939,12.6082888321393,60.0196319314694,206,54
141,1.06778269024423,1.26512465438045,12.1397051927635,12.6513361908116,60.6985259638176,207,54
141,1.07294754708083,1.2664753771465,12.2722919997337,12.6930489288545,61.3614599986684,208,54
141,1.07651928469709,1.26795132761487,12.4015997371947,12.7334285953767,62.0079986859733,209,54
141,1.08127843042807,1.26953744026023,12.5276551002655,12.7725111353966,62.6382755013273,210,54
141,1.08594817208705,1.27124544929179,12.6504077029725,12.8103071464926,63.2520385148623,211,54
141,1.0177425223779,1.19476193531494,12.7698587755885,12.8468419955012,63.8492938779423,212,54
141,0.327142139755564,0.395677851401334,0.18,3.53112813245625,0.9,141,55
141,0.386351997755745,0.467217071055911,0.244678076441543,3.87537961403667,1.22339038220772,142,55
141,0.442546968396407,0.534400692966523,0.321023966245911,4.20779304216756,1.60511983122955,143,55
141,0.495055748658231,0.596452885519538,0.408402667480245,4.52622904173327,2.04201333740123,144,55
141,0.542949786082194,0.653391135437649,0.50604486746772,4.83001840638541,2.5302243373386,145,55
141,0.586239076679172,0.705446106069111,0.613027932579939,5.11904037830774,3.0651396628997,146,55
141,0.626254329492404,0.753211621066386,0.728443006554396,5.39374196024912,3.64221503277198,147,55
141,0.66265380910528,0.797104705110618,0.851618468088735,5.65523449949635,4.25809234044368,148,55
141,0.6962809486449,0.837509563097992,0.981843180285324,5.90441668704609,4.90921590142662,149,55
141,0.72783628345864,0.874789240106123,1.11855455093581,6.14232896206368,5.59277275467905,150,55
141,0.800972802619092,0.96120589608684,1.26131090860575,6.37001775099006,6.30655454302873,151,55
141,0.834003288383079,0.996867517012246,1.41836799645856,6.6006258944536,7.09183998229281,152,55
141,0.862399355198885,1.0298951090578,1.58159177734386,6.82213189022661,7.90795888671932,153,55
141,0.890591161506119,1.06047159838301,1.75016971328231,7.03475749959409,8.75084856641157,154,55
141,0.914788182668554,1.08886600008926,1.92394478818667,7.23948123123502,9.61972394093334,155,55
141,0.936542764718493,1.11524319890382,2.10223888498016,7.43654001692697,10.5111944249008,156,55
141,0.961931031345293,1.13979042968785,2.28461071017808,7.62639767474599,11.4230535508904,157,55
141,0.984407393823757,1.16275989747654,2.47142490874948,7.81022330181124,12.3571245437474,158,55
141,1.00511012854995,1.18428158412794,2.66217753374617,7.98818614699013,13.3108876687308,159,55
141,1.02540101268152,1.20449455454209,2.85653290629189,8.1605903184476,14.2826645314595,160,55
141,1.04082053438962,1.22354027312746,3.05432481122237,8.32784208649034,15.2716240561119,161,55
141,1.05287319890369,1.24151375289992,3.25491351115126,8.48991732572639,16.2745675557563,162,55
141,1.0629504248292,1.25852133447732,3.4578547322325,8.64695594512673,17.2892736611625,163,55
141,1.07240725965355,1.2746720721821,3.66286125718039,8.79919946882735,18.314306285902,164,55
141,1.08417858226341,1.29007404621845,3.86979939281906,8.94696802172292,19.3489969640953,165,55
141,1.09864461726524,1.30484123223414,4.07887357920625,9.09077001496195,20.3943678960313,166,55
141,1.11143547882469,1.31907496113955,4.29032501354583,9.23107267924445,21.4516250677292,167,55
141,1.12320067953888,1.33265635330705,4.50391387426938,9.36798258015433,22.5195693713469,168,55
141,1.13345898292516,1.34545884050133,4.71946597225483,9.50163695683007,23.5973298612741,169,55
141,1.14553639388325,1.35753334181363,4.93674985988616,9.63212586218129,24.6837492994308,170,55
141,1.15676134032875,1.36893772610711,5.15586062271061,9.75971901379969,25.7793031135531,171,55
141,1.16601398811488,1.37971453480545,5.37662381629373,9.88450752566975,26.8831190814687,172,55
141,1.17490297478514,1.38989986486863,5.5987708783309,10.0065237711721,27.9938543916545,173,55
141,1.18068968316614,1.39953121421714,5.82218108487203,10.125876578571,29.1109054243602,174,55
141,1.18881432946174,1.40863644214595,6.04650192220314,10.242546127045,30.2325096110157,175,55
141,1.19525483384594,1.41725270763375,6.27183905995892,10.3567452828688,31.3591952997946,176,55
141,1.20369691284156,1.42540473505275,6.49795454746317,10.4684994775289,32.4897727373158,177,55
141,1.2093050786937,1.43312129263837,6.72490038544135,10.5779709742671,33.6245019272067,178,55
141,1.21743328512875,1.44041972350319,6.95234255310604,10.6851281872329,34.7617127655302,179,55
141,1.22879336803886,1.447323502511,7.1803430201932,10.7901234204173,35.901715100966,180,55
141,1.23387376857298,1.45385275358156,7.40895425200718,10.8930921186414,37.0447712600359,181,55
141,1.24120265528033,1.46001428506813,7.63762130479701,10.99389392445,38.1881065239851,182,55
141,1.24589113107246,1.46582299860056,7.86631248882736,11.0926239928265,39.3315624441368,183,55
141,1.25209707926272,1.47128701800477,8.09471533650461,11.1892525305759,40.473576682523,184,55
141,1.25909591060348,1.4764162633215,8.32272320148778,11.2838367373979,41.6136160074389,185,55
141,1.2623635972067,1.48121784947482,8.5501638470869,11.3764030859411,42.7508192354345,186,55
141,1.27177085659222,1.48569463822113,8.77668256480068,11.4669038143846,43.8834128240034,187,55
141,1.27701073075665,1.48985275146081,9.00225371760139,11.5554223484272,45.0112685880069,188,55
141,1.27738932111359,1.49369210625533,9.22650094017144,11.6419019988711,46.1325047008572,189,55
141,1.28052920701444,1.49721966236776,9.44909329473775,11.7263065709247,47.2454664736887,190,55
141,1.27829513008689,1.50043303641968,9.66985181601414,11.8086579140129,48.3492590800707,191,55
141,1.28570322610407,1.50332594541801,9.88842630213369,11.8889134814487,49.4421315106685,192,55
141,1.28848602776798,1.50589799212979,10.1047634592233,11.9671391111653,50.5238172961166,193,55
141,1.29131566110885,1.5081448505589,10.3185171086408,12.0432923644827,51.5925855432042,194,55
141,1.29406670268771,1.51006255381024,10.5294344795666,12.1173649017434,52.647172397833,195,55
141,1.2208056069919,1.42486951766627,10.7372628913427,12.1893478636876,53.6863144567136,196,55
141,1.22094435533615,1.42589691271272,10.9271830198261,12.2542838295753,54.6359150991304,197,55
141,1.22372034021228,1.42661583622638,11.1137965039649,12.3173274653939,55.5689825198247,198,55
141,1.22285456149017,1.42681462509436,11.2968709105567,12.3784625619582,56.4843545527837,199,55
141,1.22456505709882,1.42620884901074,11.4762523115892,12.4376982760631,57.3812615579459,200,55
141,1.22388046005998,1.42487805125444,11.6516196665559,12.4949878729445,58.2580983327797,201,55
141,1.22195705851582,1.42286624587844,11.8227977188849,12.5503321725088,59.1139885944246,202,55
141,1.22214395958457,1.42021708246982,11.9896188180014,12.6037330265107,59.9480940900069,203,55
141,1.21927328910034,1.41697347247413,12.1518142935756,12.6551589356165,60.7590714678781,204,55
141,1.2120577221209,1.41318009611279,12.3093461744951,12.7046502395341,61.5467308724757,205,55
141,1.21156379110896,1.40888281231267,12.4622748570252,12.7522748608567,62.311374285126,206,55
141,1.20497910895598,1.40412549625898,12.6101979505619,12.7979546672025,63.0509897528096,207,55
141,1.20420011701013,1.39895707775205,12.7533213762061,12.8417981745683,63.7666068810303,208,55
141,1.20487960874264,1.39342442760157,12.8912851515265,12.8837376819784,64.4564257576326,209,55
141,1.20165781201067,1.38757701947887,13.0238849618426,12.9237528013518,65.1194248092129,210,55
141,1.20215099423336,1.38149233177814,13.1513525221899,12.9619523490887,65.7567626109493,211,55
141,1.11840708951471,1.29130649079273,13.2732985686756,12.9982564348406,66.3664928433779,212,55
